2025-09-24 10:31:12,768 - logging_config - INFO - setup_connector_logging:106 - [2m2025-09-24T05:01:12.768403Z[0m [[32m[1minfo     [0m] [1mSAP OData Connector logging configured[0m [[0m[1m[34mlogging_config[0m][0m [36mlog_file[0m=[35mlogs\sap_odata_connector_20250924_103112.log[0m [36mlog_level[0m=[35mINFO[0m [36mlog_to_file[0m=[35mTrue[0m
2025-09-24 10:31:13,637 - asyncio - DEBUG - __init__:634 - Using proactor: IocpProactor
2025-09-24 10:31:13,656 - connector - INFO - initialize:99 - [2m2025-09-24T05:01:13.656304Z[0m [[32m[1minfo     [0m] [1m🚀 Initializing SAP OData Connector[0m [[0m[1m[34mconnector[0m][0m
2025-09-24 10:31:13,668 - connector - INFO - initialize:110 - [2m2025-09-24T05:01:13.668114Z[0m [[32m[1minfo     [0m] [1m🔍 Step 1: Testing connection to OData service[0m [[0m[1m[34mconnector[0m][0m
2025-09-24 10:31:13,668 - connector - INFO - _test_connection:145 - [2m2025-09-24T05:01:13.668114Z[0m [[32m[1minfo     [0m] [1mTesting connection to OData service...[0m [[0m[1m[34mconnector[0m][0m
2025-09-24 10:31:13,968 - services.metadata - INFO - test_connection:64 - [2m2025-09-24T05:01:13.968074Z[0m [[32m[1minfo     [0m] [1mTesting connection to OData service[0m [[0m[1m[34mservices.metadata[0m][0m [36murl[0m=[35mhttps://services.odata.org/V4/Northwind/Northwind.svc/$metadata[0m
2025-09-24 10:31:13,968 - httpcore.connection - DEBUG - atrace:87 - connect_tcp.started host='services.odata.org' port=443 local_address=None timeout=10.0 socket_options=None
2025-09-24 10:31:14,354 - httpcore.connection - DEBUG - atrace:87 - connect_tcp.complete return_value=<httpcore._backends.anyio.AnyIOStream object at 0x00000211988EABA0>
2025-09-24 10:31:14,354 - httpcore.connection - DEBUG - atrace:87 - start_tls.started ssl_context=<ssl.SSLContext object at 0x000002119A2E46D0> server_hostname='services.odata.org' timeout=10.0
2025-09-24 10:31:14,853 - httpcore.connection - DEBUG - atrace:87 - start_tls.complete return_value=<httpcore._backends.anyio.AnyIOStream object at 0x0000021198722E40>
2025-09-24 10:31:14,853 - httpcore.http11 - DEBUG - atrace:87 - send_request_headers.started request=<Request [b'GET']>
2025-09-24 10:31:14,853 - httpcore.http11 - DEBUG - atrace:87 - send_request_headers.complete
2025-09-24 10:31:14,853 - httpcore.http11 - DEBUG - atrace:87 - send_request_body.started request=<Request [b'GET']>
2025-09-24 10:31:14,858 - httpcore.http11 - DEBUG - atrace:87 - send_request_body.complete
2025-09-24 10:31:14,858 - httpcore.http11 - DEBUG - atrace:87 - receive_response_headers.started request=<Request [b'GET']>
2025-09-24 10:31:16,055 - httpcore.http11 - DEBUG - atrace:87 - receive_response_headers.complete return_value=(b'HTTP/1.1', 200, b'OK', [(b'Content-Length', b'19406'), (b'Content-Type', b'application/xml;charset=utf-8'), (b'Date', b'Wed, 24 Sep 2025 05:01:15 GMT'), (b'Server', b'Microsoft-IIS/10.0'), (b'Access-Control-Allow-Headers', b'Accept, Origin, Content-Type, MaxDataServiceVersion'), (b'Access-Control-Allow-Methods', b'GET'), (b'Access-Control-Allow-Origin', b'*'), (b'Access-Control-Expose-Headers', b'DataServiceVersion'), (b'Cache-Control', b'private'), (b'Expires', b'Wed, 24 Sep 2025 05:02:15 GMT'), (b'Vary', b'*'), (b'X-Content-Type-Options', b'nosniff'), (b'OData-Version', b'4.0;'), (b'X-AspNet-Version', b'4.0.30319'), (b'X-Powered-By', b'ASP.NET')])
2025-09-24 10:31:16,056 - httpx - INFO - _send_single_request:1740 - HTTP Request: GET https://services.odata.org/V4/Northwind/Northwind.svc/$metadata "HTTP/1.1 200 OK"
2025-09-24 10:31:16,057 - httpcore.http11 - DEBUG - atrace:87 - receive_response_body.started request=<Request [b'GET']>
2025-09-24 10:31:16,287 - httpcore.http11 - DEBUG - atrace:87 - receive_response_body.complete
2025-09-24 10:31:16,287 - httpcore.http11 - DEBUG - atrace:87 - response_closed.started
2025-09-24 10:31:16,287 - httpcore.http11 - DEBUG - atrace:87 - response_closed.complete
2025-09-24 10:31:16,287 - services.metadata - INFO - test_connection:80 - [2m2025-09-24T05:01:16.287564Z[0m [[32m[1minfo     [0m] [1m✅ Connection test successful  [0m [[0m[1m[34mservices.metadata[0m][0m [36mcontent_type[0m=[35m'application/xml;charset=utf-8'[0m [36mstatus_code[0m=[35m200[0m
2025-09-24 10:31:16,291 - connector - INFO - _test_connection:156 - [2m2025-09-24T05:01:16.287564Z[0m [[32m[1minfo     [0m] [1m✅ Connection test successful  [0m [[0m[1m[34mconnector[0m][0m
2025-09-24 10:31:16,291 - httpcore.connection - DEBUG - atrace:87 - close.started
2025-09-24 10:31:16,291 - httpcore.connection - DEBUG - atrace:87 - close.complete
2025-09-24 10:31:16,291 - connector - INFO - initialize:114 - [2m2025-09-24T05:01:16.291924Z[0m [[32m[1minfo     [0m] [1m📋 Step 2: Fetching metadata and creating Entity Relationship file[0m [[0m[1m[34mconnector[0m][0m
2025-09-24 10:31:16,291 - connector - INFO - _fetch_and_save_metadata:160 - [2m2025-09-24T05:01:16.291924Z[0m [[32m[1minfo     [0m] [1mFetching metadata from OData service...[0m [[0m[1m[34mconnector[0m][0m
2025-09-24 10:31:16,516 - services.metadata - INFO - fetch_metadata:116 - [2m2025-09-24T05:01:16.516365Z[0m [[32m[1minfo     [0m] [1mFetching metadata from OData service[0m [[0m[1m[34mservices.metadata[0m][0m [36murl[0m=[35mhttps://services.odata.org/V4/Northwind/Northwind.svc/$metadata[0m
2025-09-24 10:31:16,516 - httpcore.connection - DEBUG - atrace:87 - connect_tcp.started host='services.odata.org' port=443 local_address=None timeout=30 socket_options=None
2025-09-24 10:31:16,768 - httpcore.connection - DEBUG - atrace:87 - connect_tcp.complete return_value=<httpcore._backends.anyio.AnyIOStream object at 0x000002119A364EC0>
2025-09-24 10:31:16,768 - httpcore.connection - DEBUG - atrace:87 - start_tls.started ssl_context=<ssl.SSLContext object at 0x000002119A3492D0> server_hostname='services.odata.org' timeout=30
2025-09-24 10:31:17,328 - httpcore.connection - DEBUG - atrace:87 - start_tls.complete return_value=<httpcore._backends.anyio.AnyIOStream object at 0x0000021198A7F5F0>
2025-09-24 10:31:17,330 - httpcore.http11 - DEBUG - atrace:87 - send_request_headers.started request=<Request [b'GET']>
2025-09-24 10:31:17,330 - httpcore.http11 - DEBUG - atrace:87 - send_request_headers.complete
2025-09-24 10:31:17,330 - httpcore.http11 - DEBUG - atrace:87 - send_request_body.started request=<Request [b'GET']>
2025-09-24 10:31:17,330 - httpcore.http11 - DEBUG - atrace:87 - send_request_body.complete
2025-09-24 10:31:17,330 - httpcore.http11 - DEBUG - atrace:87 - receive_response_headers.started request=<Request [b'GET']>
2025-09-24 10:31:17,588 - httpcore.http11 - DEBUG - atrace:87 - receive_response_headers.complete return_value=(b'HTTP/1.1', 200, b'OK', [(b'Content-Length', b'19406'), (b'Content-Type', b'application/xml;charset=utf-8'), (b'Date', b'Wed, 24 Sep 2025 05:01:17 GMT'), (b'Server', b'Microsoft-IIS/10.0'), (b'Access-Control-Allow-Headers', b'Accept, Origin, Content-Type, MaxDataServiceVersion'), (b'Access-Control-Allow-Methods', b'GET'), (b'Access-Control-Allow-Origin', b'*'), (b'Access-Control-Expose-Headers', b'DataServiceVersion'), (b'Cache-Control', b'private'), (b'Expires', b'Wed, 24 Sep 2025 05:02:15 GMT'), (b'Vary', b'*'), (b'X-Content-Type-Options', b'nosniff'), (b'OData-Version', b'4.0;'), (b'X-AspNet-Version', b'4.0.30319'), (b'X-Powered-By', b'ASP.NET')])
2025-09-24 10:31:17,588 - httpx - INFO - _send_single_request:1740 - HTTP Request: GET https://services.odata.org/V4/Northwind/Northwind.svc/$metadata "HTTP/1.1 200 OK"
2025-09-24 10:31:17,588 - httpcore.http11 - DEBUG - atrace:87 - receive_response_body.started request=<Request [b'GET']>
2025-09-24 10:31:17,819 - httpcore.http11 - DEBUG - atrace:87 - receive_response_body.complete
2025-09-24 10:31:17,831 - httpcore.http11 - DEBUG - atrace:87 - response_closed.started
2025-09-24 10:31:17,831 - httpcore.http11 - DEBUG - atrace:87 - response_closed.complete
2025-09-24 10:31:17,831 - services.metadata - INFO - fetch_metadata:134 - [2m2025-09-24T05:01:17.831212Z[0m [[32m[1minfo     [0m] [1mSuccessfully parsed metadata  [0m [[0m[1m[34mservices.metadata[0m][0m [36mentity_count[0m=[35m26[0m
2025-09-24 10:31:17,834 - services.metadata - INFO - save_entity_relationship_file:298 - [2m2025-09-24T05:01:17.834241Z[0m [[32m[1minfo     [0m] [1mSaving Entity Relationship file[0m [[0m[1m[34mservices.metadata[0m][0m [36moutput_dir[0m=[35m./test_output[0m
2025-09-24 10:31:17,837 - services.metadata - INFO - save_entity_relationship_file:339 - [2m2025-09-24T05:01:17.837800Z[0m [[32m[1minfo     [0m] [1m✅ Entity Relationship file saved successfully[0m [[0m[1m[34mservices.metadata[0m][0m [36mentities[0m=[35m26[0m [36mfile_path[0m=[35mtest_output\entity_relationships.json[0m [36mfile_size_kb[0m=[35m31.35[0m
2025-09-24 10:31:17,837 - connector - INFO - _fetch_and_save_metadata:171 - [2m2025-09-24T05:01:17.837800Z[0m [[32m[1minfo     [0m] [1m✅ Metadata fetched and Entity Relationship file saved[0m [[0m[1m[34mconnector[0m][0m [36mentities_count[0m=[35m26[0m [36mer_file[0m=[35mtest_output\entity_relationships.json[0m
2025-09-24 10:31:17,837 - httpcore.connection - DEBUG - atrace:87 - close.started
2025-09-24 10:31:17,837 - httpcore.connection - DEBUG - atrace:87 - close.complete
2025-09-24 10:31:17,837 - connector - INFO - initialize:124 - [2m2025-09-24T05:01:17.837800Z[0m [[32m[1minfo     [0m] [1m🔗 Step 3: Validating connection pool[0m [[0m[1m[34mconnector[0m][0m
2025-09-24 10:31:17,841 - workers.resilience - INFO - validate_connection:248 - [2m2025-09-24T05:01:17.841759Z[0m [[32m[1minfo     [0m] [1mValidating connection pool connectivity[0m [[0m[1m[34mworkers.resilience[0m][0m
2025-09-24 10:31:17,841 - workers.resilience - WARNING - get_client:307 - [2m2025-09-24T05:01:17.841759Z[0m [[33m[1mwarning  [0m] [1mHTTP/2 not available, falling back to HTTP/1.1[0m [[0m[1m[34mworkers.resilience[0m][0m [36merror[0m=[35m"Using http2=True, but the 'h2' package is not installed. Make sure to install httpx using `pip install httpx[http2]`."[0m
2025-09-24 10:31:18,066 - workers.resilience - INFO - get_client:320 - [2m2025-09-24T05:01:18.066522Z[0m [[32m[1minfo     [0m] [1m✅ HTTP connection pool created with HTTP/1.1[0m [[0m[1m[34mworkers.resilience[0m][0m [36mmax_connections[0m=[35m100[0m
2025-09-24 10:31:18,067 - httpcore.connection - DEBUG - atrace:87 - connect_tcp.started host='services.odata.org' port=443 local_address=None timeout=10.0 socket_options=None
2025-09-24 10:31:18,312 - httpcore.connection - DEBUG - atrace:87 - connect_tcp.complete return_value=<httpcore._backends.anyio.AnyIOStream object at 0x000002119A3672F0>
2025-09-24 10:31:18,312 - httpcore.connection - DEBUG - atrace:87 - start_tls.started ssl_context=<ssl.SSLContext object at 0x000002119A349B50> server_hostname='services.odata.org' timeout=10.0
2025-09-24 10:31:18,829 - httpcore.connection - DEBUG - atrace:87 - start_tls.complete return_value=<httpcore._backends.anyio.AnyIOStream object at 0x000002119A3679E0>
2025-09-24 10:31:18,829 - httpcore.http11 - DEBUG - atrace:87 - send_request_headers.started request=<Request [b'GET']>
2025-09-24 10:31:18,829 - httpcore.http11 - DEBUG - atrace:87 - send_request_headers.complete
2025-09-24 10:31:18,829 - httpcore.http11 - DEBUG - atrace:87 - send_request_body.started request=<Request [b'GET']>
2025-09-24 10:31:18,829 - httpcore.http11 - DEBUG - atrace:87 - send_request_body.complete
2025-09-24 10:31:18,829 - httpcore.http11 - DEBUG - atrace:87 - receive_response_headers.started request=<Request [b'GET']>
2025-09-24 10:31:19,067 - httpcore.http11 - DEBUG - atrace:87 - receive_response_headers.complete return_value=(b'HTTP/1.1', 307, b'Temporary Redirect', [(b'Content-Length', b'1951'), (b'Content-Type', b'text/html; charset=UTF-8'), (b'Date', b'Wed, 24 Sep 2025 05:01:18 GMT'), (b'Server', b'Microsoft-IIS/10.0'), (b'Access-Control-Allow-Headers', b'Accept, Origin, Content-Type, MaxDataServiceVersion'), (b'Access-Control-Allow-Methods', b'GET'), (b'Access-Control-Allow-Origin', b'*'), (b'Access-Control-Expose-Headers', b'DataServiceVersion'), (b'Cache-Control', b'private'), (b'Location', b'https://services.odata.org/V4/Northwind/Northwind.svc/'), (b'X-AspNet-Version', b'4.0.30319'), (b'X-Powered-By', b'ASP.NET')])
2025-09-24 10:31:19,067 - httpx - INFO - _send_single_request:1740 - HTTP Request: GET https://services.odata.org/V4/Northwind/Northwind.svc "HTTP/1.1 307 Temporary Redirect"
2025-09-24 10:31:19,067 - httpcore.http11 - DEBUG - atrace:87 - receive_response_body.started request=<Request [b'GET']>
2025-09-24 10:31:19,067 - httpcore.http11 - DEBUG - atrace:87 - receive_response_body.complete
2025-09-24 10:31:19,067 - httpcore.http11 - DEBUG - atrace:87 - response_closed.started
2025-09-24 10:31:19,067 - httpcore.http11 - DEBUG - atrace:87 - response_closed.complete
2025-09-24 10:31:19,067 - workers.resilience - INFO - validate_connection:266 - [2m2025-09-24T05:01:19.067849Z[0m [[32m[1minfo     [0m] [1m✅ Connection pool validation successful[0m [[0m[1m[34mworkers.resilience[0m][0m [36mstatus_code[0m=[35m307[0m
2025-09-24 10:31:19,067 - connector - INFO - _validate_connection_pool:186 - [2m2025-09-24T05:01:19.067849Z[0m [[32m[1minfo     [0m] [1m✅ Connection pool validation successful[0m [[0m[1m[34mconnector[0m][0m
2025-09-24 10:31:19,067 - connector - INFO - initialize:137 - [2m2025-09-24T05:01:19.067849Z[0m [[32m[1minfo     [0m] [1m✅ Connector initialization completed successfully[0m [[0m[1m[34mconnector[0m][0m
2025-09-24 10:31:19,067 - connector - INFO - run:210 - [2m2025-09-24T05:01:19.067849Z[0m [[32m[1minfo     [0m] [1mStarting SAP OData connector execution[0m [[0m[1m[34mconnector[0m][0m
2025-09-24 10:31:19,067 - connector - INFO - _discovery_phase:266 - [2m2025-09-24T05:01:19.067849Z[0m [[32m[1minfo     [0m] [1mStarting discovery phase      [0m [[0m[1m[34mconnector[0m][0m
2025-09-24 10:31:19,454 - services.metadata - INFO - fetch_metadata:116 - [2m2025-09-24T05:01:19.454216Z[0m [[32m[1minfo     [0m] [1mFetching metadata from OData service[0m [[0m[1m[34mservices.metadata[0m][0m [36murl[0m=[35mhttps://services.odata.org/V4/Northwind/Northwind.svc/$metadata[0m
2025-09-24 10:31:19,454 - httpcore.connection - DEBUG - atrace:87 - connect_tcp.started host='services.odata.org' port=443 local_address=None timeout=30 socket_options=None
2025-09-24 10:31:19,701 - httpcore.connection - DEBUG - atrace:87 - connect_tcp.complete return_value=<httpcore._backends.anyio.AnyIOStream object at 0x000002119A39C350>
2025-09-24 10:31:19,702 - httpcore.connection - DEBUG - atrace:87 - start_tls.started ssl_context=<ssl.SSLContext object at 0x000002119A3493D0> server_hostname='services.odata.org' timeout=30
2025-09-24 10:31:20,204 - httpcore.connection - DEBUG - atrace:87 - start_tls.complete return_value=<httpcore._backends.anyio.AnyIOStream object at 0x000002119A365CA0>
2025-09-24 10:31:20,204 - httpcore.http11 - DEBUG - atrace:87 - send_request_headers.started request=<Request [b'GET']>
2025-09-24 10:31:20,204 - httpcore.http11 - DEBUG - atrace:87 - send_request_headers.complete
2025-09-24 10:31:20,204 - httpcore.http11 - DEBUG - atrace:87 - send_request_body.started request=<Request [b'GET']>
2025-09-24 10:31:20,204 - httpcore.http11 - DEBUG - atrace:87 - send_request_body.complete
2025-09-24 10:31:20,204 - httpcore.http11 - DEBUG - atrace:87 - receive_response_headers.started request=<Request [b'GET']>
2025-09-24 10:31:20,453 - httpcore.http11 - DEBUG - atrace:87 - receive_response_headers.complete return_value=(b'HTTP/1.1', 200, b'OK', [(b'Content-Length', b'19406'), (b'Content-Type', b'application/xml;charset=utf-8'), (b'Date', b'Wed, 24 Sep 2025 05:01:20 GMT'), (b'Server', b'Microsoft-IIS/10.0'), (b'Access-Control-Allow-Headers', b'Accept, Origin, Content-Type, MaxDataServiceVersion'), (b'Access-Control-Allow-Methods', b'GET'), (b'Access-Control-Allow-Origin', b'*'), (b'Access-Control-Expose-Headers', b'DataServiceVersion'), (b'Cache-Control', b'private'), (b'Expires', b'Wed, 24 Sep 2025 05:02:15 GMT'), (b'Vary', b'*'), (b'X-Content-Type-Options', b'nosniff'), (b'OData-Version', b'4.0;'), (b'X-AspNet-Version', b'4.0.30319'), (b'X-Powered-By', b'ASP.NET')])
2025-09-24 10:31:20,453 - httpx - INFO - _send_single_request:1740 - HTTP Request: GET https://services.odata.org/V4/Northwind/Northwind.svc/$metadata "HTTP/1.1 200 OK"
2025-09-24 10:31:20,455 - httpcore.http11 - DEBUG - atrace:87 - receive_response_body.started request=<Request [b'GET']>
2025-09-24 10:31:20,703 - httpcore.http11 - DEBUG - atrace:87 - receive_response_body.complete
2025-09-24 10:31:20,703 - httpcore.http11 - DEBUG - atrace:87 - response_closed.started
2025-09-24 10:31:20,703 - httpcore.http11 - DEBUG - atrace:87 - response_closed.complete
2025-09-24 10:31:20,710 - services.metadata - INFO - fetch_metadata:134 - [2m2025-09-24T05:01:20.709178Z[0m [[32m[1minfo     [0m] [1mSuccessfully parsed metadata  [0m [[0m[1m[34mservices.metadata[0m][0m [36mentity_count[0m=[35m26[0m
2025-09-24 10:31:20,710 - httpcore.connection - DEBUG - atrace:87 - close.started
2025-09-24 10:31:20,711 - httpcore.connection - DEBUG - atrace:87 - close.complete
2025-09-24 10:31:20,711 - connector - INFO - _discovery_phase:287 - [2m2025-09-24T05:01:20.711176Z[0m [[32m[1minfo     [0m] [1mEntity selection determined   [0m [[0m[1m[34mconnector[0m][0m [36mconfig_selected_modules[0m=[35m[][0m [36mentities[0m=[35m['Categories', 'CustomerDemographics', 'Customers', 'Employees', 'Order_Details'][0m [36mfinal_entity_count[0m=[35m26[0m [36mselected_entities_param[0m=[35mNone[0m
2025-09-24 10:31:21,118 - services.count - INFO - get_entity_counts:34 - [2m2025-09-24T05:01:21.118903Z[0m [[32m[1minfo     [0m] [1mFetching entity counts        [0m [[0m[1m[34mservices.count[0m][0m [36mentity_count[0m=[35m26[0m
2025-09-24 10:31:21,124 - httpcore.connection - DEBUG - atrace:87 - connect_tcp.started host='services.odata.org' port=443 local_address=None timeout=30 socket_options=None
2025-09-24 10:31:21,124 - httpcore.connection - DEBUG - atrace:87 - connect_tcp.started host='services.odata.org' port=443 local_address=None timeout=30 socket_options=None
2025-09-24 10:31:21,124 - httpcore.connection - DEBUG - atrace:87 - connect_tcp.started host='services.odata.org' port=443 local_address=None timeout=30 socket_options=None
2025-09-24 10:31:21,124 - httpcore.connection - DEBUG - atrace:87 - connect_tcp.started host='services.odata.org' port=443 local_address=None timeout=30 socket_options=None
2025-09-24 10:31:21,127 - httpcore.connection - DEBUG - atrace:87 - connect_tcp.started host='services.odata.org' port=443 local_address=None timeout=30 socket_options=None
2025-09-24 10:31:21,127 - httpcore.connection - DEBUG - atrace:87 - connect_tcp.started host='services.odata.org' port=443 local_address=None timeout=30 socket_options=None
2025-09-24 10:31:21,127 - httpcore.connection - DEBUG - atrace:87 - connect_tcp.started host='services.odata.org' port=443 local_address=None timeout=30 socket_options=None
2025-09-24 10:31:21,127 - httpcore.connection - DEBUG - atrace:87 - connect_tcp.started host='services.odata.org' port=443 local_address=None timeout=30 socket_options=None
2025-09-24 10:31:21,127 - httpcore.connection - DEBUG - atrace:87 - connect_tcp.started host='services.odata.org' port=443 local_address=None timeout=30 socket_options=None
2025-09-24 10:31:21,127 - httpcore.connection - DEBUG - atrace:87 - connect_tcp.started host='services.odata.org' port=443 local_address=None timeout=30 socket_options=None
2025-09-24 10:31:21,127 - httpcore.connection - DEBUG - atrace:87 - connect_tcp.started host='services.odata.org' port=443 local_address=None timeout=30 socket_options=None
2025-09-24 10:31:21,127 - httpcore.connection - DEBUG - atrace:87 - connect_tcp.started host='services.odata.org' port=443 local_address=None timeout=30 socket_options=None
2025-09-24 10:31:21,129 - httpcore.connection - DEBUG - atrace:87 - connect_tcp.started host='services.odata.org' port=443 local_address=None timeout=30 socket_options=None
2025-09-24 10:31:21,129 - httpcore.connection - DEBUG - atrace:87 - connect_tcp.started host='services.odata.org' port=443 local_address=None timeout=30 socket_options=None
2025-09-24 10:31:21,129 - httpcore.connection - DEBUG - atrace:87 - connect_tcp.started host='services.odata.org' port=443 local_address=None timeout=30 socket_options=None
2025-09-24 10:31:21,129 - httpcore.connection - DEBUG - atrace:87 - connect_tcp.started host='services.odata.org' port=443 local_address=None timeout=30 socket_options=None
2025-09-24 10:31:21,129 - httpcore.connection - DEBUG - atrace:87 - connect_tcp.started host='services.odata.org' port=443 local_address=None timeout=30 socket_options=None
2025-09-24 10:31:21,129 - httpcore.connection - DEBUG - atrace:87 - connect_tcp.started host='services.odata.org' port=443 local_address=None timeout=30 socket_options=None
2025-09-24 10:31:21,129 - httpcore.connection - DEBUG - atrace:87 - connect_tcp.started host='services.odata.org' port=443 local_address=None timeout=30 socket_options=None
2025-09-24 10:31:21,131 - httpcore.connection - DEBUG - atrace:87 - connect_tcp.started host='services.odata.org' port=443 local_address=None timeout=30 socket_options=None
2025-09-24 10:31:21,131 - httpcore.connection - DEBUG - atrace:87 - connect_tcp.started host='services.odata.org' port=443 local_address=None timeout=30 socket_options=None
2025-09-24 10:31:21,131 - httpcore.connection - DEBUG - atrace:87 - connect_tcp.started host='services.odata.org' port=443 local_address=None timeout=30 socket_options=None
2025-09-24 10:31:21,131 - httpcore.connection - DEBUG - atrace:87 - connect_tcp.started host='services.odata.org' port=443 local_address=None timeout=30 socket_options=None
2025-09-24 10:31:21,131 - httpcore.connection - DEBUG - atrace:87 - connect_tcp.started host='services.odata.org' port=443 local_address=None timeout=30 socket_options=None
2025-09-24 10:31:21,131 - httpcore.connection - DEBUG - atrace:87 - connect_tcp.started host='services.odata.org' port=443 local_address=None timeout=30 socket_options=None
2025-09-24 10:31:21,131 - httpcore.connection - DEBUG - atrace:87 - connect_tcp.started host='services.odata.org' port=443 local_address=None timeout=30 socket_options=None
2025-09-24 10:31:21,368 - httpcore.connection - DEBUG - atrace:87 - connect_tcp.complete return_value=<httpcore._backends.anyio.AnyIOStream object at 0x000002119A39EE10>
2025-09-24 10:31:21,368 - httpcore.connection - DEBUG - atrace:87 - start_tls.started ssl_context=<ssl.SSLContext object at 0x0000021199FBECD0> server_hostname='services.odata.org' timeout=30
2025-09-24 10:31:21,368 - httpcore.connection - DEBUG - atrace:87 - connect_tcp.complete return_value=<httpcore._backends.anyio.AnyIOStream object at 0x000002119A365A60>
2025-09-24 10:31:21,368 - httpcore.connection - DEBUG - atrace:87 - start_tls.started ssl_context=<ssl.SSLContext object at 0x0000021199FBECD0> server_hostname='services.odata.org' timeout=30
2025-09-24 10:31:21,368 - httpcore.connection - DEBUG - atrace:87 - connect_tcp.complete return_value=<httpcore._backends.anyio.AnyIOStream object at 0x000002119A365F40>
2025-09-24 10:31:21,368 - httpcore.connection - DEBUG - atrace:87 - start_tls.started ssl_context=<ssl.SSLContext object at 0x0000021199FBECD0> server_hostname='services.odata.org' timeout=30
2025-09-24 10:31:21,407 - httpcore.connection - DEBUG - atrace:87 - connect_tcp.complete return_value=<httpcore._backends.anyio.AnyIOStream object at 0x000002119A364E00>
2025-09-24 10:31:21,407 - httpcore.connection - DEBUG - atrace:87 - start_tls.started ssl_context=<ssl.SSLContext object at 0x0000021199FBECD0> server_hostname='services.odata.org' timeout=30
2025-09-24 10:31:21,407 - httpcore.connection - DEBUG - atrace:87 - connect_tcp.complete return_value=<httpcore._backends.anyio.AnyIOStream object at 0x000002119A3C6FC0>
2025-09-24 10:31:21,407 - httpcore.connection - DEBUG - atrace:87 - start_tls.started ssl_context=<ssl.SSLContext object at 0x0000021199FBECD0> server_hostname='services.odata.org' timeout=30
2025-09-24 10:31:21,407 - httpcore.connection - DEBUG - atrace:87 - connect_tcp.complete return_value=<httpcore._backends.anyio.AnyIOStream object at 0x000002119A3C54F0>
2025-09-24 10:31:21,407 - httpcore.connection - DEBUG - atrace:87 - start_tls.started ssl_context=<ssl.SSLContext object at 0x0000021199FBECD0> server_hostname='services.odata.org' timeout=30
2025-09-24 10:31:21,408 - httpcore.connection - DEBUG - atrace:87 - connect_tcp.complete return_value=<httpcore._backends.anyio.AnyIOStream object at 0x000002119A3C7680>
2025-09-24 10:31:21,408 - httpcore.connection - DEBUG - atrace:87 - start_tls.started ssl_context=<ssl.SSLContext object at 0x0000021199FBECD0> server_hostname='services.odata.org' timeout=30
2025-09-24 10:31:21,408 - httpcore.connection - DEBUG - atrace:87 - connect_tcp.complete return_value=<httpcore._backends.anyio.AnyIOStream object at 0x000002119A39D3A0>
2025-09-24 10:31:21,408 - httpcore.connection - DEBUG - atrace:87 - start_tls.started ssl_context=<ssl.SSLContext object at 0x0000021199FBECD0> server_hostname='services.odata.org' timeout=30
2025-09-24 10:31:21,408 - httpcore.connection - DEBUG - atrace:87 - connect_tcp.complete return_value=<httpcore._backends.anyio.AnyIOStream object at 0x000002119A3C4830>
2025-09-24 10:31:21,408 - httpcore.connection - DEBUG - atrace:87 - start_tls.started ssl_context=<ssl.SSLContext object at 0x0000021199FBECD0> server_hostname='services.odata.org' timeout=30
2025-09-24 10:31:21,408 - httpcore.connection - DEBUG - atrace:87 - connect_tcp.complete return_value=<httpcore._backends.anyio.AnyIOStream object at 0x000002119A365880>
2025-09-24 10:31:21,409 - httpcore.connection - DEBUG - atrace:87 - start_tls.started ssl_context=<ssl.SSLContext object at 0x0000021199FBECD0> server_hostname='services.odata.org' timeout=30
2025-09-24 10:31:21,409 - httpcore.connection - DEBUG - atrace:87 - connect_tcp.complete return_value=<httpcore._backends.anyio.AnyIOStream object at 0x000002119A39EBD0>
2025-09-24 10:31:21,409 - httpcore.connection - DEBUG - atrace:87 - start_tls.started ssl_context=<ssl.SSLContext object at 0x0000021199FBECD0> server_hostname='services.odata.org' timeout=30
2025-09-24 10:31:21,409 - httpcore.connection - DEBUG - atrace:87 - connect_tcp.complete return_value=<httpcore._backends.anyio.AnyIOStream object at 0x000002119A3E3E90>
2025-09-24 10:31:21,409 - httpcore.connection - DEBUG - atrace:87 - start_tls.started ssl_context=<ssl.SSLContext object at 0x0000021199FBECD0> server_hostname='services.odata.org' timeout=30
2025-09-24 10:31:21,409 - httpcore.connection - DEBUG - atrace:87 - connect_tcp.complete return_value=<httpcore._backends.anyio.AnyIOStream object at 0x000002119A39DFA0>
2025-09-24 10:31:21,409 - httpcore.connection - DEBUG - atrace:87 - start_tls.started ssl_context=<ssl.SSLContext object at 0x0000021199FBECD0> server_hostname='services.odata.org' timeout=30
2025-09-24 10:31:21,409 - httpcore.connection - DEBUG - atrace:87 - connect_tcp.complete return_value=<httpcore._backends.anyio.AnyIOStream object at 0x000002119A3E33E0>
2025-09-24 10:31:21,409 - httpcore.connection - DEBUG - atrace:87 - start_tls.started ssl_context=<ssl.SSLContext object at 0x0000021199FBECD0> server_hostname='services.odata.org' timeout=30
2025-09-24 10:31:21,409 - httpcore.connection - DEBUG - atrace:87 - connect_tcp.complete return_value=<httpcore._backends.anyio.AnyIOStream object at 0x000002119A3C6900>
2025-09-24 10:31:21,409 - httpcore.connection - DEBUG - atrace:87 - start_tls.started ssl_context=<ssl.SSLContext object at 0x0000021199FBECD0> server_hostname='services.odata.org' timeout=30
2025-09-24 10:31:21,410 - httpcore.connection - DEBUG - atrace:87 - connect_tcp.complete return_value=<httpcore._backends.anyio.AnyIOStream object at 0x000002119A3C7D10>
2025-09-24 10:31:21,410 - httpcore.connection - DEBUG - atrace:87 - start_tls.started ssl_context=<ssl.SSLContext object at 0x0000021199FBECD0> server_hostname='services.odata.org' timeout=30
2025-09-24 10:31:21,411 - httpcore.connection - DEBUG - atrace:87 - connect_tcp.complete return_value=<httpcore._backends.anyio.AnyIOStream object at 0x000002119A39F500>
2025-09-24 10:31:21,411 - httpcore.connection - DEBUG - atrace:87 - start_tls.started ssl_context=<ssl.SSLContext object at 0x0000021199FBECD0> server_hostname='services.odata.org' timeout=30
2025-09-24 10:31:21,411 - httpcore.connection - DEBUG - atrace:87 - connect_tcp.complete return_value=<httpcore._backends.anyio.AnyIOStream object at 0x000002119A39EB70>
2025-09-24 10:31:21,411 - httpcore.connection - DEBUG - atrace:87 - start_tls.started ssl_context=<ssl.SSLContext object at 0x0000021199FBECD0> server_hostname='services.odata.org' timeout=30
2025-09-24 10:31:21,412 - httpcore.connection - DEBUG - atrace:87 - connect_tcp.complete return_value=<httpcore._backends.anyio.AnyIOStream object at 0x000002119A3C5B50>
2025-09-24 10:31:21,412 - httpcore.connection - DEBUG - atrace:87 - start_tls.started ssl_context=<ssl.SSLContext object at 0x0000021199FBECD0> server_hostname='services.odata.org' timeout=30
2025-09-24 10:31:21,412 - httpcore.connection - DEBUG - atrace:87 - connect_tcp.complete return_value=<httpcore._backends.anyio.AnyIOStream object at 0x000002119A3C4EC0>
2025-09-24 10:31:21,412 - httpcore.connection - DEBUG - atrace:87 - start_tls.started ssl_context=<ssl.SSLContext object at 0x0000021199FBECD0> server_hostname='services.odata.org' timeout=30
2025-09-24 10:31:21,412 - httpcore.connection - DEBUG - atrace:87 - connect_tcp.complete return_value=<httpcore._backends.anyio.AnyIOStream object at 0x000002119A3E30B0>
2025-09-24 10:31:21,412 - httpcore.connection - DEBUG - atrace:87 - start_tls.started ssl_context=<ssl.SSLContext object at 0x0000021199FBECD0> server_hostname='services.odata.org' timeout=30
2025-09-24 10:31:21,412 - httpcore.connection - DEBUG - atrace:87 - connect_tcp.complete return_value=<httpcore._backends.anyio.AnyIOStream object at 0x000002119A3E36E0>
2025-09-24 10:31:21,412 - httpcore.connection - DEBUG - atrace:87 - start_tls.started ssl_context=<ssl.SSLContext object at 0x0000021199FBECD0> server_hostname='services.odata.org' timeout=30
2025-09-24 10:31:21,412 - httpcore.connection - DEBUG - atrace:87 - connect_tcp.complete return_value=<httpcore._backends.anyio.AnyIOStream object at 0x000002119A3C61E0>
2025-09-24 10:31:21,412 - httpcore.connection - DEBUG - atrace:87 - start_tls.started ssl_context=<ssl.SSLContext object at 0x0000021199FBECD0> server_hostname='services.odata.org' timeout=30
2025-09-24 10:31:21,412 - httpcore.connection - DEBUG - atrace:87 - connect_tcp.complete return_value=<httpcore._backends.anyio.AnyIOStream object at 0x000002119A3C41A0>
2025-09-24 10:31:21,412 - httpcore.connection - DEBUG - atrace:87 - start_tls.started ssl_context=<ssl.SSLContext object at 0x0000021199FBECD0> server_hostname='services.odata.org' timeout=30
2025-09-24 10:31:21,412 - httpcore.connection - DEBUG - atrace:87 - connect_tcp.complete return_value=<httpcore._backends.anyio.AnyIOStream object at 0x000002119A3E3B30>
2025-09-24 10:31:21,412 - httpcore.connection - DEBUG - atrace:87 - start_tls.started ssl_context=<ssl.SSLContext object at 0x0000021199FBECD0> server_hostname='services.odata.org' timeout=30
2025-09-24 10:31:21,412 - httpcore.connection - DEBUG - atrace:87 - connect_tcp.complete return_value=<httpcore._backends.anyio.AnyIOStream object at 0x000002119A39FB90>
2025-09-24 10:31:21,412 - httpcore.connection - DEBUG - atrace:87 - start_tls.started ssl_context=<ssl.SSLContext object at 0x0000021199FBECD0> server_hostname='services.odata.org' timeout=30
2025-09-24 10:31:21,876 - httpcore.connection - DEBUG - atrace:87 - start_tls.complete return_value=<httpcore._backends.anyio.AnyIOStream object at 0x000002119A365F70>
2025-09-24 10:31:21,876 - httpcore.connection - DEBUG - atrace:87 - start_tls.complete return_value=<httpcore._backends.anyio.AnyIOStream object at 0x000002119A364D10>
2025-09-24 10:31:21,876 - httpcore.connection - DEBUG - atrace:87 - start_tls.complete return_value=<httpcore._backends.anyio.AnyIOStream object at 0x000002119A364530>
2025-09-24 10:31:21,876 - httpcore.http11 - DEBUG - atrace:87 - send_request_headers.started request=<Request [b'GET']>
2025-09-24 10:31:21,876 - httpcore.http11 - DEBUG - atrace:87 - send_request_headers.started request=<Request [b'GET']>
2025-09-24 10:31:21,876 - httpcore.http11 - DEBUG - atrace:87 - send_request_headers.started request=<Request [b'GET']>
2025-09-24 10:31:21,876 - httpcore.http11 - DEBUG - atrace:87 - send_request_headers.complete
2025-09-24 10:31:21,876 - httpcore.http11 - DEBUG - atrace:87 - send_request_body.started request=<Request [b'GET']>
2025-09-24 10:31:21,876 - httpcore.http11 - DEBUG - atrace:87 - send_request_body.complete
2025-09-24 10:31:21,876 - httpcore.http11 - DEBUG - atrace:87 - receive_response_headers.started request=<Request [b'GET']>
2025-09-24 10:31:21,876 - httpcore.http11 - DEBUG - atrace:87 - send_request_headers.complete
2025-09-24 10:31:21,876 - httpcore.http11 - DEBUG - atrace:87 - send_request_body.started request=<Request [b'GET']>
2025-09-24 10:31:21,876 - httpcore.http11 - DEBUG - atrace:87 - send_request_body.complete
2025-09-24 10:31:21,876 - httpcore.http11 - DEBUG - atrace:87 - receive_response_headers.started request=<Request [b'GET']>
2025-09-24 10:31:21,876 - httpcore.http11 - DEBUG - atrace:87 - send_request_headers.complete
2025-09-24 10:31:21,876 - httpcore.http11 - DEBUG - atrace:87 - send_request_body.started request=<Request [b'GET']>
2025-09-24 10:31:21,876 - httpcore.http11 - DEBUG - atrace:87 - send_request_body.complete
2025-09-24 10:31:21,876 - httpcore.http11 - DEBUG - atrace:87 - receive_response_headers.started request=<Request [b'GET']>
2025-09-24 10:31:21,897 - httpcore.connection - DEBUG - atrace:87 - start_tls.complete return_value=<httpcore._backends.anyio.AnyIOStream object at 0x000002119A3E3EF0>
2025-09-24 10:31:21,898 - httpcore.connection - DEBUG - atrace:87 - start_tls.complete return_value=<httpcore._backends.anyio.AnyIOStream object at 0x000002119A3C75F0>
2025-09-24 10:31:21,898 - httpcore.http11 - DEBUG - atrace:87 - send_request_headers.started request=<Request [b'GET']>
2025-09-24 10:31:21,898 - httpcore.http11 - DEBUG - atrace:87 - send_request_headers.started request=<Request [b'GET']>
2025-09-24 10:31:21,898 - httpcore.http11 - DEBUG - atrace:87 - send_request_headers.complete
2025-09-24 10:31:21,898 - httpcore.http11 - DEBUG - atrace:87 - send_request_body.started request=<Request [b'GET']>
2025-09-24 10:31:21,898 - httpcore.http11 - DEBUG - atrace:87 - send_request_body.complete
2025-09-24 10:31:21,898 - httpcore.http11 - DEBUG - atrace:87 - receive_response_headers.started request=<Request [b'GET']>
2025-09-24 10:31:21,898 - httpcore.http11 - DEBUG - atrace:87 - send_request_headers.complete
2025-09-24 10:31:21,898 - httpcore.http11 - DEBUG - atrace:87 - send_request_body.started request=<Request [b'GET']>
2025-09-24 10:31:21,898 - httpcore.http11 - DEBUG - atrace:87 - send_request_body.complete
2025-09-24 10:31:21,898 - httpcore.http11 - DEBUG - atrace:87 - receive_response_headers.started request=<Request [b'GET']>
2025-09-24 10:31:21,907 - httpcore.connection - DEBUG - atrace:87 - start_tls.complete return_value=<httpcore._backends.anyio.AnyIOStream object at 0x000002119A3C5B20>
2025-09-24 10:31:21,907 - httpcore.http11 - DEBUG - atrace:87 - send_request_headers.started request=<Request [b'GET']>
2025-09-24 10:31:21,907 - httpcore.http11 - DEBUG - atrace:87 - send_request_headers.complete
2025-09-24 10:31:21,907 - httpcore.http11 - DEBUG - atrace:87 - send_request_body.started request=<Request [b'GET']>
2025-09-24 10:31:21,907 - httpcore.http11 - DEBUG - atrace:87 - send_request_body.complete
2025-09-24 10:31:21,908 - httpcore.http11 - DEBUG - atrace:87 - receive_response_headers.started request=<Request [b'GET']>
2025-09-24 10:31:21,911 - httpcore.connection - DEBUG - atrace:87 - start_tls.complete return_value=<httpcore._backends.anyio.AnyIOStream object at 0x000002119A3E34D0>
2025-09-24 10:31:21,911 - httpcore.http11 - DEBUG - atrace:87 - send_request_headers.started request=<Request [b'GET']>
2025-09-24 10:31:21,911 - httpcore.http11 - DEBUG - atrace:87 - send_request_headers.complete
2025-09-24 10:31:21,911 - httpcore.http11 - DEBUG - atrace:87 - send_request_body.started request=<Request [b'GET']>
2025-09-24 10:31:21,911 - httpcore.http11 - DEBUG - atrace:87 - send_request_body.complete
2025-09-24 10:31:21,911 - httpcore.http11 - DEBUG - atrace:87 - receive_response_headers.started request=<Request [b'GET']>
2025-09-24 10:31:21,935 - httpcore.connection - DEBUG - atrace:87 - start_tls.complete return_value=<httpcore._backends.anyio.AnyIOStream object at 0x000002119A3C7C80>
2025-09-24 10:31:21,935 - httpcore.connection - DEBUG - atrace:87 - start_tls.complete return_value=<httpcore._backends.anyio.AnyIOStream object at 0x000002119A3E2D20>
2025-09-24 10:31:21,937 - httpcore.connection - DEBUG - atrace:87 - start_tls.complete return_value=<httpcore._backends.anyio.AnyIOStream object at 0x000002119A365580>
2025-09-24 10:31:21,937 - httpcore.connection - DEBUG - atrace:87 - start_tls.complete return_value=<httpcore._backends.anyio.AnyIOStream object at 0x000002119A3C4E90>
2025-09-24 10:31:21,937 - httpcore.connection - DEBUG - atrace:87 - start_tls.complete return_value=<httpcore._backends.anyio.AnyIOStream object at 0x000002119A39CCE0>
2025-09-24 10:31:21,937 - httpcore.connection - DEBUG - atrace:87 - start_tls.complete return_value=<httpcore._backends.anyio.AnyIOStream object at 0x000002119A3C6F30>
2025-09-24 10:31:21,937 - httpcore.http11 - DEBUG - atrace:87 - send_request_headers.started request=<Request [b'GET']>
2025-09-24 10:31:21,937 - httpcore.http11 - DEBUG - atrace:87 - send_request_headers.started request=<Request [b'GET']>
2025-09-24 10:31:21,937 - httpcore.http11 - DEBUG - atrace:87 - send_request_headers.started request=<Request [b'GET']>
2025-09-24 10:31:21,937 - httpcore.http11 - DEBUG - atrace:87 - send_request_headers.started request=<Request [b'GET']>
2025-09-24 10:31:21,937 - httpcore.http11 - DEBUG - atrace:87 - send_request_headers.started request=<Request [b'GET']>
2025-09-24 10:31:21,937 - httpcore.http11 - DEBUG - atrace:87 - send_request_headers.started request=<Request [b'GET']>
2025-09-24 10:31:21,942 - httpcore.http11 - DEBUG - atrace:87 - send_request_headers.complete
2025-09-24 10:31:21,942 - httpcore.http11 - DEBUG - atrace:87 - send_request_body.started request=<Request [b'GET']>
2025-09-24 10:31:21,942 - httpcore.http11 - DEBUG - atrace:87 - send_request_body.complete
2025-09-24 10:31:21,942 - httpcore.http11 - DEBUG - atrace:87 - receive_response_headers.started request=<Request [b'GET']>
2025-09-24 10:31:21,942 - httpcore.http11 - DEBUG - atrace:87 - send_request_headers.complete
2025-09-24 10:31:21,942 - httpcore.http11 - DEBUG - atrace:87 - send_request_body.started request=<Request [b'GET']>
2025-09-24 10:31:21,942 - httpcore.http11 - DEBUG - atrace:87 - send_request_body.complete
2025-09-24 10:31:21,942 - httpcore.http11 - DEBUG - atrace:87 - receive_response_headers.started request=<Request [b'GET']>
2025-09-24 10:31:21,944 - httpcore.http11 - DEBUG - atrace:87 - send_request_headers.complete
2025-09-24 10:31:21,944 - httpcore.http11 - DEBUG - atrace:87 - send_request_body.started request=<Request [b'GET']>
2025-09-24 10:31:21,944 - httpcore.http11 - DEBUG - atrace:87 - send_request_body.complete
2025-09-24 10:31:21,944 - httpcore.http11 - DEBUG - atrace:87 - receive_response_headers.started request=<Request [b'GET']>
2025-09-24 10:31:21,944 - httpcore.http11 - DEBUG - atrace:87 - send_request_headers.complete
2025-09-24 10:31:21,944 - httpcore.http11 - DEBUG - atrace:87 - send_request_body.started request=<Request [b'GET']>
2025-09-24 10:31:21,944 - httpcore.http11 - DEBUG - atrace:87 - send_request_body.complete
2025-09-24 10:31:21,944 - httpcore.http11 - DEBUG - atrace:87 - receive_response_headers.started request=<Request [b'GET']>
2025-09-24 10:31:21,944 - httpcore.http11 - DEBUG - atrace:87 - send_request_headers.complete
2025-09-24 10:31:21,944 - httpcore.http11 - DEBUG - atrace:87 - send_request_body.started request=<Request [b'GET']>
2025-09-24 10:31:21,944 - httpcore.http11 - DEBUG - atrace:87 - send_request_body.complete
2025-09-24 10:31:21,944 - httpcore.http11 - DEBUG - atrace:87 - receive_response_headers.started request=<Request [b'GET']>
2025-09-24 10:31:21,944 - httpcore.http11 - DEBUG - atrace:87 - send_request_headers.complete
2025-09-24 10:31:21,944 - httpcore.http11 - DEBUG - atrace:87 - send_request_body.started request=<Request [b'GET']>
2025-09-24 10:31:21,944 - httpcore.http11 - DEBUG - atrace:87 - send_request_body.complete
2025-09-24 10:31:21,944 - httpcore.http11 - DEBUG - atrace:87 - receive_response_headers.started request=<Request [b'GET']>
2025-09-24 10:31:21,944 - httpcore.connection - DEBUG - atrace:87 - start_tls.complete return_value=<httpcore._backends.anyio.AnyIOStream object at 0x000002119A3E31D0>
2025-09-24 10:31:21,951 - httpcore.http11 - DEBUG - atrace:87 - send_request_headers.started request=<Request [b'GET']>
2025-09-24 10:31:21,951 - httpcore.connection - DEBUG - atrace:87 - start_tls.complete return_value=<httpcore._backends.anyio.AnyIOStream object at 0x000002119A39F4D0>
2025-09-24 10:31:21,951 - httpcore.connection - DEBUG - atrace:87 - start_tls.complete return_value=<httpcore._backends.anyio.AnyIOStream object at 0x000002119A3C61B0>
2025-09-24 10:31:21,951 - httpcore.http11 - DEBUG - atrace:87 - send_request_headers.complete
2025-09-24 10:31:21,951 - httpcore.http11 - DEBUG - atrace:87 - send_request_body.started request=<Request [b'GET']>
2025-09-24 10:31:21,951 - httpcore.http11 - DEBUG - atrace:87 - send_request_body.complete
2025-09-24 10:31:21,951 - httpcore.http11 - DEBUG - atrace:87 - receive_response_headers.started request=<Request [b'GET']>
2025-09-24 10:31:21,951 - httpcore.http11 - DEBUG - atrace:87 - send_request_headers.started request=<Request [b'GET']>
2025-09-24 10:31:21,951 - httpcore.http11 - DEBUG - atrace:87 - send_request_headers.started request=<Request [b'GET']>
2025-09-24 10:31:21,951 - httpcore.http11 - DEBUG - atrace:87 - send_request_headers.complete
2025-09-24 10:31:21,951 - httpcore.http11 - DEBUG - atrace:87 - send_request_body.started request=<Request [b'GET']>
2025-09-24 10:31:21,951 - httpcore.http11 - DEBUG - atrace:87 - send_request_body.complete
2025-09-24 10:31:21,951 - httpcore.http11 - DEBUG - atrace:87 - receive_response_headers.started request=<Request [b'GET']>
2025-09-24 10:31:21,951 - httpcore.http11 - DEBUG - atrace:87 - send_request_headers.complete
2025-09-24 10:31:21,951 - httpcore.http11 - DEBUG - atrace:87 - send_request_body.started request=<Request [b'GET']>
2025-09-24 10:31:21,951 - httpcore.http11 - DEBUG - atrace:87 - send_request_body.complete
2025-09-24 10:31:21,951 - httpcore.http11 - DEBUG - atrace:87 - receive_response_headers.started request=<Request [b'GET']>
2025-09-24 10:31:22,144 - httpcore.http11 - DEBUG - atrace:87 - receive_response_headers.complete return_value=(b'HTTP/1.1', 200, b'OK', [(b'Content-Length', b'7679'), (b'Content-Type', b'application/json;odata.metadata=minimal;odata.streaming=true;IEEE754Compatible=false;charset=utf-8'), (b'Date', b'Wed, 24 Sep 2025 05:01:21 GMT'), (b'Server', b'Microsoft-IIS/10.0'), (b'Access-Control-Allow-Headers', b'Accept, Origin, Content-Type, MaxDataServiceVersion'), (b'Access-Control-Allow-Methods', b'GET'), (b'Access-Control-Allow-Origin', b'*'), (b'Access-Control-Expose-Headers', b'DataServiceVersion'), (b'Cache-Control', b'private'), (b'Content-Encoding', b'gzip'), (b'Expires', b'Wed, 24 Sep 2025 05:02:22 GMT'), (b'Vary', b'*'), (b'X-Content-Type-Options', b'nosniff'), (b'OData-Version', b'4.0;'), (b'X-AspNet-Version', b'4.0.30319'), (b'X-Powered-By', b'ASP.NET')])
2025-09-24 10:31:22,151 - httpx - INFO - _send_single_request:1740 - HTTP Request: GET https://services.odata.org/V4/Northwind/Northwind.svc/Categories?%24count=true&%24top=1 "HTTP/1.1 200 OK"
2025-09-24 10:31:22,152 - httpcore.http11 - DEBUG - atrace:87 - receive_response_body.started request=<Request [b'GET']>
2025-09-24 10:31:22,152 - httpcore.http11 - DEBUG - atrace:87 - receive_response_body.complete
2025-09-24 10:31:22,152 - httpcore.http11 - DEBUG - atrace:87 - response_closed.started
2025-09-24 10:31:22,152 - httpcore.http11 - DEBUG - atrace:87 - response_closed.complete
2025-09-24 10:31:22,152 - httpcore.connection - DEBUG - atrace:87 - close.started
2025-09-24 10:31:22,152 - httpcore.connection - DEBUG - atrace:87 - close.complete
2025-09-24 10:31:22,185 - httpcore.http11 - DEBUG - atrace:87 - receive_response_headers.complete return_value=(b'HTTP/1.1', 200, b'OK', [(b'Content-Length', b'452'), (b'Content-Type', b'application/json;odata.metadata=minimal;odata.streaming=true;IEEE754Compatible=false;charset=utf-8'), (b'Date', b'Wed, 24 Sep 2025 05:01:21 GMT'), (b'Server', b'Microsoft-IIS/10.0'), (b'Access-Control-Allow-Headers', b'Accept, Origin, Content-Type, MaxDataServiceVersion'), (b'Access-Control-Allow-Methods', b'GET'), (b'Access-Control-Allow-Origin', b'*'), (b'Access-Control-Expose-Headers', b'DataServiceVersion'), (b'Cache-Control', b'private'), (b'Content-Encoding', b'gzip'), (b'Expires', b'Wed, 24 Sep 2025 05:02:22 GMT'), (b'Vary', b'*'), (b'X-Content-Type-Options', b'nosniff'), (b'OData-Version', b'4.0;'), (b'X-AspNet-Version', b'4.0.30319'), (b'X-Powered-By', b'ASP.NET')])
2025-09-24 10:31:22,185 - httpx - INFO - _send_single_request:1740 - HTTP Request: GET https://services.odata.org/V4/Northwind/Northwind.svc/Orders_Qries?%24count=true&%24top=1 "HTTP/1.1 200 OK"
2025-09-24 10:31:22,185 - httpcore.http11 - DEBUG - atrace:87 - receive_response_body.started request=<Request [b'GET']>
2025-09-24 10:31:22,185 - httpcore.http11 - DEBUG - atrace:87 - receive_response_body.complete
2025-09-24 10:31:22,185 - httpcore.http11 - DEBUG - atrace:87 - response_closed.started
2025-09-24 10:31:22,185 - httpcore.http11 - DEBUG - atrace:87 - response_closed.complete
2025-09-24 10:31:22,185 - httpcore.connection - DEBUG - atrace:87 - close.started
2025-09-24 10:31:22,185 - httpcore.connection - DEBUG - atrace:87 - close.complete
2025-09-24 10:31:22,210 - httpcore.http11 - DEBUG - atrace:87 - receive_response_headers.complete return_value=(b'HTTP/1.1', 200, b'OK', [(b'Content-Length', b'277'), (b'Content-Type', b'application/json;odata.metadata=minimal;odata.streaming=true;IEEE754Compatible=false;charset=utf-8'), (b'Date', b'Wed, 24 Sep 2025 05:01:21 GMT'), (b'Server', b'Microsoft-IIS/10.0'), (b'Access-Control-Allow-Headers', b'Accept, Origin, Content-Type, MaxDataServiceVersion'), (b'Access-Control-Allow-Methods', b'GET'), (b'Access-Control-Allow-Origin', b'*'), (b'Access-Control-Expose-Headers', b'DataServiceVersion'), (b'Cache-Control', b'private'), (b'Content-Encoding', b'gzip'), (b'Expires', b'Wed, 24 Sep 2025 05:02:22 GMT'), (b'Vary', b'*'), (b'X-Content-Type-Options', b'nosniff'), (b'OData-Version', b'4.0;'), (b'X-AspNet-Version', b'4.0.30319'), (b'X-Powered-By', b'ASP.NET')])
2025-09-24 10:31:22,210 - httpx - INFO - _send_single_request:1740 - HTTP Request: GET https://services.odata.org/V4/Northwind/Northwind.svc/Sales_by_Categories?%24count=true&%24top=1 "HTTP/1.1 200 OK"
2025-09-24 10:31:22,210 - httpcore.http11 - DEBUG - atrace:87 - receive_response_body.started request=<Request [b'GET']>
2025-09-24 10:31:22,210 - httpcore.http11 - DEBUG - atrace:87 - receive_response_body.complete
2025-09-24 10:31:22,210 - httpcore.http11 - DEBUG - atrace:87 - response_closed.started
2025-09-24 10:31:22,210 - httpcore.http11 - DEBUG - atrace:87 - response_closed.complete
2025-09-24 10:31:22,210 - httpcore.connection - DEBUG - atrace:87 - close.started
2025-09-24 10:31:22,210 - httpcore.connection - DEBUG - atrace:87 - close.complete
2025-09-24 10:31:22,360 - httpcore.http11 - DEBUG - atrace:87 - receive_response_headers.complete return_value=(b'HTTP/1.1', 200, b'OK', [(b'Content-Length', b'542'), (b'Content-Type', b'application/json;odata.metadata=minimal;odata.streaming=true;IEEE754Compatible=false;charset=utf-8'), (b'Date', b'Wed, 24 Sep 2025 05:01:21 GMT'), (b'Server', b'Microsoft-IIS/10.0'), (b'Access-Control-Allow-Headers', b'Accept, Origin, Content-Type, MaxDataServiceVersion'), (b'Access-Control-Allow-Methods', b'GET'), (b'Access-Control-Allow-Origin', b'*'), (b'Access-Control-Expose-Headers', b'DataServiceVersion'), (b'Cache-Control', b'private'), (b'Content-Encoding', b'gzip'), (b'Expires', b'Wed, 24 Sep 2025 05:02:22 GMT'), (b'Vary', b'*'), (b'X-Content-Type-Options', b'nosniff'), (b'OData-Version', b'4.0;'), (b'X-AspNet-Version', b'4.0.30319'), (b'X-Powered-By', b'ASP.NET')])
2025-09-24 10:31:22,363 - httpx - INFO - _send_single_request:1740 - HTTP Request: GET https://services.odata.org/V4/Northwind/Northwind.svc/Invoices?%24count=true&%24top=1 "HTTP/1.1 200 OK"
2025-09-24 10:31:22,363 - httpcore.http11 - DEBUG - atrace:87 - receive_response_body.started request=<Request [b'GET']>
2025-09-24 10:31:22,363 - httpcore.http11 - DEBUG - atrace:87 - receive_response_body.complete
2025-09-24 10:31:22,363 - httpcore.http11 - DEBUG - atrace:87 - response_closed.started
2025-09-24 10:31:22,363 - httpcore.http11 - DEBUG - atrace:87 - response_closed.complete
2025-09-24 10:31:22,363 - httpcore.connection - DEBUG - atrace:87 - close.started
2025-09-24 10:31:22,363 - httpcore.connection - DEBUG - atrace:87 - close.complete
2025-09-24 10:31:22,635 - httpcore.connection - DEBUG - atrace:87 - start_tls.complete return_value=<httpcore._backends.anyio.AnyIOStream object at 0x000002119A3E3C80>
2025-09-24 10:31:22,635 - httpcore.http11 - DEBUG - atrace:87 - send_request_headers.started request=<Request [b'GET']>
2025-09-24 10:31:22,635 - httpcore.http11 - DEBUG - atrace:87 - send_request_headers.complete
2025-09-24 10:31:22,635 - httpcore.http11 - DEBUG - atrace:87 - send_request_body.started request=<Request [b'GET']>
2025-09-24 10:31:22,635 - httpcore.http11 - DEBUG - atrace:87 - send_request_body.complete
2025-09-24 10:31:22,635 - httpcore.http11 - DEBUG - atrace:87 - receive_response_headers.started request=<Request [b'GET']>
2025-09-24 10:31:22,656 - httpcore.http11 - DEBUG - atrace:87 - receive_response_headers.complete return_value=(b'HTTP/1.1', 200, b'OK', [(b'Content-Length', b'222'), (b'Content-Type', b'application/json;odata.metadata=minimal;odata.streaming=true;IEEE754Compatible=false;charset=utf-8'), (b'Date', b'Wed, 24 Sep 2025 05:01:22 GMT'), (b'Server', b'Microsoft-IIS/10.0'), (b'Access-Control-Allow-Headers', b'Accept, Origin, Content-Type, MaxDataServiceVersion'), (b'Access-Control-Allow-Methods', b'GET'), (b'Access-Control-Allow-Origin', b'*'), (b'Access-Control-Expose-Headers', b'DataServiceVersion'), (b'Cache-Control', b'private'), (b'Content-Encoding', b'gzip'), (b'Expires', b'Wed, 24 Sep 2025 05:02:22 GMT'), (b'Vary', b'*'), (b'X-Content-Type-Options', b'nosniff'), (b'OData-Version', b'4.0;'), (b'X-AspNet-Version', b'4.0.30319'), (b'X-Powered-By', b'ASP.NET')])
2025-09-24 10:31:22,656 - httpx - INFO - _send_single_request:1740 - HTTP Request: GET https://services.odata.org/V4/Northwind/Northwind.svc/CustomerDemographics?%24count=true&%24top=1 "HTTP/1.1 200 OK"
2025-09-24 10:31:22,656 - httpcore.http11 - DEBUG - atrace:87 - receive_response_body.started request=<Request [b'GET']>
2025-09-24 10:31:22,656 - httpcore.http11 - DEBUG - atrace:87 - receive_response_body.complete
2025-09-24 10:31:22,656 - httpcore.http11 - DEBUG - atrace:87 - response_closed.started
2025-09-24 10:31:22,656 - httpcore.http11 - DEBUG - atrace:87 - response_closed.complete
2025-09-24 10:31:22,660 - httpcore.connection - DEBUG - atrace:87 - close.started
2025-09-24 10:31:22,660 - httpcore.connection - DEBUG - atrace:87 - close.complete
2025-09-24 10:31:22,671 - httpcore.connection - DEBUG - atrace:87 - start_tls.complete return_value=<httpcore._backends.anyio.AnyIOStream object at 0x000002119A3C54C0>
2025-09-24 10:31:22,671 - httpcore.http11 - DEBUG - atrace:87 - send_request_headers.started request=<Request [b'GET']>
2025-09-24 10:31:22,671 - httpcore.http11 - DEBUG - atrace:87 - send_request_headers.complete
2025-09-24 10:31:22,671 - httpcore.http11 - DEBUG - atrace:87 - send_request_body.started request=<Request [b'GET']>
2025-09-24 10:31:22,671 - httpcore.http11 - DEBUG - atrace:87 - send_request_body.complete
2025-09-24 10:31:22,671 - httpcore.http11 - DEBUG - atrace:87 - receive_response_headers.started request=<Request [b'GET']>
2025-09-24 10:31:22,734 - httpcore.http11 - DEBUG - atrace:87 - receive_response_headers.complete return_value=(b'HTTP/1.1', 200, b'OK', [(b'Content-Length', b'314'), (b'Content-Type', b'application/json;odata.metadata=minimal;odata.streaming=true;IEEE754Compatible=false;charset=utf-8'), (b'Date', b'Wed, 24 Sep 2025 05:01:22 GMT'), (b'Server', b'Microsoft-IIS/10.0'), (b'Access-Control-Allow-Headers', b'Accept, Origin, Content-Type, MaxDataServiceVersion'), (b'Access-Control-Allow-Methods', b'GET'), (b'Access-Control-Allow-Origin', b'*'), (b'Access-Control-Expose-Headers', b'DataServiceVersion'), (b'Cache-Control', b'private'), (b'Content-Encoding', b'gzip'), (b'Expires', b'Wed, 24 Sep 2025 05:02:22 GMT'), (b'Vary', b'*'), (b'X-Content-Type-Options', b'nosniff'), (b'OData-Version', b'4.0;'), (b'X-AspNet-Version', b'4.0.30319'), (b'X-Powered-By', b'ASP.NET')])
2025-09-24 10:31:22,734 - httpx - INFO - _send_single_request:1740 - HTTP Request: GET https://services.odata.org/V4/Northwind/Northwind.svc/Customer_and_Suppliers_by_Cities?%24count=true&%24top=1 "HTTP/1.1 200 OK"
2025-09-24 10:31:22,735 - httpcore.http11 - DEBUG - atrace:87 - receive_response_body.started request=<Request [b'GET']>
2025-09-24 10:31:22,735 - httpcore.http11 - DEBUG - atrace:87 - receive_response_body.complete
2025-09-24 10:31:22,735 - httpcore.http11 - DEBUG - atrace:87 - response_closed.started
2025-09-24 10:31:22,735 - httpcore.http11 - DEBUG - atrace:87 - response_closed.complete
2025-09-24 10:31:22,737 - httpcore.connection - DEBUG - atrace:87 - close.started
2025-09-24 10:31:22,738 - httpcore.connection - DEBUG - atrace:87 - close.complete
2025-09-24 10:31:22,773 - httpcore.http11 - DEBUG - atrace:87 - receive_response_headers.complete return_value=(b'HTTP/1.1', 200, b'OK', [(b'Content-Length', b'272'), (b'Content-Type', b'application/json;odata.metadata=minimal;odata.streaming=true;IEEE754Compatible=false;charset=utf-8'), (b'Date', b'Wed, 24 Sep 2025 05:01:22 GMT'), (b'Server', b'Microsoft-IIS/10.0'), (b'Access-Control-Allow-Headers', b'Accept, Origin, Content-Type, MaxDataServiceVersion'), (b'Access-Control-Allow-Methods', b'GET'), (b'Access-Control-Allow-Origin', b'*'), (b'Access-Control-Expose-Headers', b'DataServiceVersion'), (b'Cache-Control', b'private'), (b'Content-Encoding', b'gzip'), (b'Expires', b'Wed, 24 Sep 2025 05:02:22 GMT'), (b'Vary', b'*'), (b'X-Content-Type-Options', b'nosniff'), (b'OData-Version', b'4.0;'), (b'X-AspNet-Version', b'4.0.30319'), (b'X-Powered-By', b'ASP.NET')])
2025-09-24 10:31:22,773 - httpx - INFO - _send_single_request:1740 - HTTP Request: GET https://services.odata.org/V4/Northwind/Northwind.svc/Shippers?%24count=true&%24top=1 "HTTP/1.1 200 OK"
2025-09-24 10:31:22,773 - httpcore.http11 - DEBUG - atrace:87 - receive_response_body.started request=<Request [b'GET']>
2025-09-24 10:31:22,773 - httpcore.http11 - DEBUG - atrace:87 - receive_response_body.complete
2025-09-24 10:31:22,773 - httpcore.http11 - DEBUG - atrace:87 - response_closed.started
2025-09-24 10:31:22,773 - httpcore.http11 - DEBUG - atrace:87 - response_closed.complete
2025-09-24 10:31:22,893 - httpcore.http11 - DEBUG - atrace:87 - receive_response_headers.complete return_value=(b'HTTP/1.1', 200, b'OK', [(b'Content-Length', b'303'), (b'Content-Type', b'application/json;odata.metadata=minimal;odata.streaming=true;IEEE754Compatible=false;charset=utf-8'), (b'Date', b'Wed, 24 Sep 2025 05:01:22 GMT'), (b'Server', b'Microsoft-IIS/10.0'), (b'Access-Control-Allow-Headers', b'Accept, Origin, Content-Type, MaxDataServiceVersion'), (b'Access-Control-Allow-Methods', b'GET'), (b'Access-Control-Allow-Origin', b'*'), (b'Access-Control-Expose-Headers', b'DataServiceVersion'), (b'Cache-Control', b'private'), (b'Content-Encoding', b'gzip'), (b'Expires', b'Wed, 24 Sep 2025 05:02:23 GMT'), (b'Vary', b'*'), (b'X-Content-Type-Options', b'nosniff'), (b'OData-Version', b'4.0;'), (b'X-AspNet-Version', b'4.0.30319'), (b'X-Powered-By', b'ASP.NET')])
2025-09-24 10:31:22,894 - httpx - INFO - _send_single_request:1740 - HTTP Request: GET https://services.odata.org/V4/Northwind/Northwind.svc/Summary_of_Sales_by_Quarters?%24count=true&%24top=1 "HTTP/1.1 200 OK"
2025-09-24 10:31:22,894 - httpcore.http11 - DEBUG - atrace:87 - receive_response_body.started request=<Request [b'GET']>
2025-09-24 10:31:22,894 - httpcore.http11 - DEBUG - atrace:87 - receive_response_body.complete
2025-09-24 10:31:22,894 - httpcore.http11 - DEBUG - atrace:87 - response_closed.started
2025-09-24 10:31:22,894 - httpcore.http11 - DEBUG - atrace:87 - response_closed.complete
2025-09-24 10:31:22,938 - httpcore.http11 - DEBUG - atrace:87 - receive_response_headers.complete return_value=(b'HTTP/1.1', 200, b'OK', [(b'Content-Length', b'251'), (b'Content-Type', b'application/json;odata.metadata=minimal;odata.streaming=true;IEEE754Compatible=false;charset=utf-8'), (b'Date', b'Wed, 24 Sep 2025 05:01:22 GMT'), (b'Server', b'Microsoft-IIS/10.0'), (b'Access-Control-Allow-Headers', b'Accept, Origin, Content-Type, MaxDataServiceVersion'), (b'Access-Control-Allow-Methods', b'GET'), (b'Access-Control-Allow-Origin', b'*'), (b'Access-Control-Expose-Headers', b'DataServiceVersion'), (b'Cache-Control', b'private'), (b'Content-Encoding', b'gzip'), (b'Expires', b'Wed, 24 Sep 2025 05:02:23 GMT'), (b'Vary', b'*'), (b'X-Content-Type-Options', b'nosniff'), (b'OData-Version', b'4.0;'), (b'X-AspNet-Version', b'4.0.30319'), (b'X-Powered-By', b'ASP.NET')])
2025-09-24 10:31:22,938 - httpx - INFO - _send_single_request:1740 - HTTP Request: GET https://services.odata.org/V4/Northwind/Northwind.svc/Current_Product_Lists?%24count=true&%24top=1 "HTTP/1.1 200 OK"
2025-09-24 10:31:22,938 - httpcore.http11 - DEBUG - atrace:87 - receive_response_body.started request=<Request [b'GET']>
2025-09-24 10:31:22,938 - httpcore.http11 - DEBUG - atrace:87 - receive_response_body.complete
2025-09-24 10:31:22,938 - httpcore.http11 - DEBUG - atrace:87 - response_closed.started
2025-09-24 10:31:22,938 - httpcore.http11 - DEBUG - atrace:87 - response_closed.complete
2025-09-24 10:31:22,968 - httpcore.connection - DEBUG - atrace:87 - start_tls.complete return_value=<httpcore._backends.anyio.AnyIOStream object at 0x000002119A39FB60>
2025-09-24 10:31:22,970 - httpcore.http11 - DEBUG - atrace:87 - send_request_headers.started request=<Request [b'GET']>
2025-09-24 10:31:22,970 - httpcore.http11 - DEBUG - atrace:87 - send_request_headers.complete
2025-09-24 10:31:22,970 - httpcore.http11 - DEBUG - atrace:87 - send_request_body.started request=<Request [b'GET']>
2025-09-24 10:31:22,970 - httpcore.http11 - DEBUG - atrace:87 - send_request_body.complete
2025-09-24 10:31:22,970 - httpcore.http11 - DEBUG - atrace:87 - receive_response_headers.started request=<Request [b'GET']>
2025-09-24 10:31:23,002 - httpcore.connection - DEBUG - atrace:87 - start_tls.complete return_value=<httpcore._backends.anyio.AnyIOStream object at 0x000002119A39DEE0>
2025-09-24 10:31:23,002 - httpcore.connection - DEBUG - atrace:87 - start_tls.complete return_value=<httpcore._backends.anyio.AnyIOStream object at 0x000002119A3C4170>
2025-09-24 10:31:23,002 - httpcore.connection - DEBUG - atrace:87 - start_tls.complete return_value=<httpcore._backends.anyio.AnyIOStream object at 0x000002119A3E3830>
2025-09-24 10:31:23,002 - httpcore.connection - DEBUG - atrace:87 - start_tls.complete return_value=<httpcore._backends.anyio.AnyIOStream object at 0x000002119A39EAB0>
2025-09-24 10:31:23,002 - httpcore.http11 - DEBUG - atrace:87 - send_request_headers.started request=<Request [b'GET']>
2025-09-24 10:31:23,002 - httpcore.http11 - DEBUG - atrace:87 - send_request_headers.started request=<Request [b'GET']>
2025-09-24 10:31:23,002 - httpcore.http11 - DEBUG - atrace:87 - send_request_headers.started request=<Request [b'GET']>
2025-09-24 10:31:23,002 - httpcore.http11 - DEBUG - atrace:87 - send_request_headers.started request=<Request [b'GET']>
2025-09-24 10:31:23,002 - httpcore.connection - DEBUG - atrace:87 - start_tls.complete return_value=<httpcore._backends.anyio.AnyIOStream object at 0x000002119A39D2B0>
2025-09-24 10:31:23,002 - httpcore.http11 - DEBUG - atrace:87 - send_request_headers.complete
2025-09-24 10:31:23,002 - httpcore.http11 - DEBUG - atrace:87 - send_request_body.started request=<Request [b'GET']>
2025-09-24 10:31:23,002 - httpcore.http11 - DEBUG - atrace:87 - send_request_body.complete
2025-09-24 10:31:23,002 - httpcore.http11 - DEBUG - atrace:87 - receive_response_headers.started request=<Request [b'GET']>
2025-09-24 10:31:23,002 - httpcore.http11 - DEBUG - atrace:87 - send_request_headers.complete
2025-09-24 10:31:23,002 - httpcore.http11 - DEBUG - atrace:87 - send_request_body.started request=<Request [b'GET']>
2025-09-24 10:31:23,002 - httpcore.http11 - DEBUG - atrace:87 - send_request_body.complete
2025-09-24 10:31:23,002 - httpcore.http11 - DEBUG - atrace:87 - receive_response_headers.started request=<Request [b'GET']>
2025-09-24 10:31:23,002 - httpcore.http11 - DEBUG - atrace:87 - send_request_headers.complete
2025-09-24 10:31:23,002 - httpcore.http11 - DEBUG - atrace:87 - send_request_body.started request=<Request [b'GET']>
2025-09-24 10:31:23,002 - httpcore.http11 - DEBUG - atrace:87 - send_request_body.complete
2025-09-24 10:31:23,002 - httpcore.http11 - DEBUG - atrace:87 - receive_response_headers.started request=<Request [b'GET']>
2025-09-24 10:31:23,002 - httpcore.http11 - DEBUG - atrace:87 - send_request_headers.complete
2025-09-24 10:31:23,002 - httpcore.http11 - DEBUG - atrace:87 - send_request_body.started request=<Request [b'GET']>
2025-09-24 10:31:23,002 - httpcore.http11 - DEBUG - atrace:87 - send_request_body.complete
2025-09-24 10:31:23,002 - httpcore.http11 - DEBUG - atrace:87 - receive_response_headers.started request=<Request [b'GET']>
2025-09-24 10:31:23,002 - httpcore.http11 - DEBUG - atrace:87 - send_request_headers.started request=<Request [b'GET']>
2025-09-24 10:31:23,002 - httpcore.http11 - DEBUG - atrace:87 - send_request_headers.complete
2025-09-24 10:31:23,002 - httpcore.http11 - DEBUG - atrace:87 - send_request_body.started request=<Request [b'GET']>
2025-09-24 10:31:23,002 - httpcore.http11 - DEBUG - atrace:87 - send_request_body.complete
2025-09-24 10:31:23,002 - httpcore.http11 - DEBUG - atrace:87 - receive_response_headers.started request=<Request [b'GET']>
2025-09-24 10:31:23,019 - httpcore.connection - DEBUG - atrace:87 - start_tls.complete return_value=<httpcore._backends.anyio.AnyIOStream object at 0x000002119A3C4800>
2025-09-24 10:31:23,019 - httpcore.http11 - DEBUG - atrace:87 - send_request_headers.started request=<Request [b'GET']>
2025-09-24 10:31:23,019 - httpcore.http11 - DEBUG - atrace:87 - send_request_headers.complete
2025-09-24 10:31:23,019 - httpcore.http11 - DEBUG - atrace:87 - send_request_body.started request=<Request [b'GET']>
2025-09-24 10:31:23,019 - httpcore.http11 - DEBUG - atrace:87 - send_request_body.complete
2025-09-24 10:31:23,019 - httpcore.http11 - DEBUG - atrace:87 - receive_response_headers.started request=<Request [b'GET']>
2025-09-24 10:31:23,102 - httpcore.connection - DEBUG - atrace:87 - start_tls.complete return_value=<httpcore._backends.anyio.AnyIOStream object at 0x000002119A3C6870>
2025-09-24 10:31:23,102 - httpcore.http11 - DEBUG - atrace:87 - send_request_headers.started request=<Request [b'GET']>
2025-09-24 10:31:23,102 - httpcore.http11 - DEBUG - atrace:87 - send_request_headers.complete
2025-09-24 10:31:23,102 - httpcore.http11 - DEBUG - atrace:87 - send_request_body.started request=<Request [b'GET']>
2025-09-24 10:31:23,102 - httpcore.http11 - DEBUG - atrace:87 - send_request_body.complete
2025-09-24 10:31:23,102 - httpcore.http11 - DEBUG - atrace:87 - receive_response_headers.started request=<Request [b'GET']>
2025-09-24 10:31:23,168 - httpcore.http11 - DEBUG - atrace:87 - receive_response_headers.complete return_value=(b'HTTP/1.1', 200, b'OK', [(b'Content-Length', b'401'), (b'Content-Type', b'application/json;odata.metadata=minimal;odata.streaming=true;IEEE754Compatible=false;charset=utf-8'), (b'Date', b'Wed, 24 Sep 2025 05:01:22 GMT'), (b'Server', b'Microsoft-IIS/10.0'), (b'Access-Control-Allow-Headers', b'Accept, Origin, Content-Type, MaxDataServiceVersion'), (b'Access-Control-Allow-Methods', b'GET'), (b'Access-Control-Allow-Origin', b'*'), (b'Access-Control-Expose-Headers', b'DataServiceVersion'), (b'Cache-Control', b'private'), (b'Content-Encoding', b'gzip'), (b'Expires', b'Wed, 24 Sep 2025 05:02:22 GMT'), (b'Vary', b'*'), (b'X-Content-Type-Options', b'nosniff'), (b'OData-Version', b'4.0;'), (b'X-AspNet-Version', b'4.0.30319'), (b'X-Powered-By', b'ASP.NET')])
2025-09-24 10:31:23,168 - httpx - INFO - _send_single_request:1740 - HTTP Request: GET https://services.odata.org/V4/Northwind/Northwind.svc/Customers?%24count=true&%24top=1 "HTTP/1.1 200 OK"
2025-09-24 10:31:23,168 - httpcore.http11 - DEBUG - atrace:87 - receive_response_body.started request=<Request [b'GET']>
2025-09-24 10:31:23,168 - httpcore.http11 - DEBUG - atrace:87 - receive_response_body.complete
2025-09-24 10:31:23,168 - httpcore.http11 - DEBUG - atrace:87 - response_closed.started
2025-09-24 10:31:23,168 - httpcore.http11 - DEBUG - atrace:87 - response_closed.complete
2025-09-24 10:31:23,200 - httpcore.http11 - DEBUG - atrace:87 - receive_response_headers.complete return_value=(b'HTTP/1.1', 200, b'OK', [(b'Content-Length', b'301'), (b'Content-Type', b'application/json;odata.metadata=minimal;odata.streaming=true;IEEE754Compatible=false;charset=utf-8'), (b'Date', b'Wed, 24 Sep 2025 05:01:22 GMT'), (b'Server', b'Microsoft-IIS/10.0'), (b'Access-Control-Allow-Headers', b'Accept, Origin, Content-Type, MaxDataServiceVersion'), (b'Access-Control-Allow-Methods', b'GET'), (b'Access-Control-Allow-Origin', b'*'), (b'Access-Control-Expose-Headers', b'DataServiceVersion'), (b'Cache-Control', b'private'), (b'Content-Encoding', b'gzip'), (b'Expires', b'Wed, 24 Sep 2025 05:02:22 GMT'), (b'Vary', b'*'), (b'X-Content-Type-Options', b'nosniff'), (b'OData-Version', b'4.0;'), (b'X-AspNet-Version', b'4.0.30319'), (b'X-Powered-By', b'ASP.NET')])
2025-09-24 10:31:23,202 - httpx - INFO - _send_single_request:1740 - HTTP Request: GET https://services.odata.org/V4/Northwind/Northwind.svc/Summary_of_Sales_by_Years?%24count=true&%24top=1 "HTTP/1.1 200 OK"
2025-09-24 10:31:23,203 - httpcore.http11 - DEBUG - atrace:87 - receive_response_body.started request=<Request [b'GET']>
2025-09-24 10:31:23,203 - httpcore.http11 - DEBUG - atrace:87 - receive_response_body.complete
2025-09-24 10:31:23,203 - httpcore.http11 - DEBUG - atrace:87 - response_closed.started
2025-09-24 10:31:23,203 - httpcore.http11 - DEBUG - atrace:87 - response_closed.complete
2025-09-24 10:31:23,235 - httpcore.http11 - DEBUG - atrace:87 - receive_response_headers.complete return_value=(b'HTTP/1.1', 200, b'OK', [(b'Content-Length', b'245'), (b'Content-Type', b'application/json;odata.metadata=minimal;odata.streaming=true;IEEE754Compatible=false;charset=utf-8'), (b'Date', b'Wed, 24 Sep 2025 05:01:22 GMT'), (b'Server', b'Microsoft-IIS/10.0'), (b'Access-Control-Allow-Headers', b'Accept, Origin, Content-Type, MaxDataServiceVersion'), (b'Access-Control-Allow-Methods', b'GET'), (b'Access-Control-Allow-Origin', b'*'), (b'Access-Control-Expose-Headers', b'DataServiceVersion'), (b'Cache-Control', b'private'), (b'Content-Encoding', b'gzip'), (b'Expires', b'Wed, 24 Sep 2025 05:02:22 GMT'), (b'Vary', b'*'), (b'X-Content-Type-Options', b'nosniff'), (b'OData-Version', b'4.0;'), (b'X-AspNet-Version', b'4.0.30319'), (b'X-Powered-By', b'ASP.NET')])
2025-09-24 10:31:23,236 - httpx - INFO - _send_single_request:1740 - HTTP Request: GET https://services.odata.org/V4/Northwind/Northwind.svc/Regions?%24count=true&%24top=1 "HTTP/1.1 200 OK"
2025-09-24 10:31:23,236 - httpcore.http11 - DEBUG - atrace:87 - receive_response_body.started request=<Request [b'GET']>
2025-09-24 10:31:23,237 - httpcore.http11 - DEBUG - atrace:87 - receive_response_body.complete
2025-09-24 10:31:23,237 - httpcore.http11 - DEBUG - atrace:87 - response_closed.started
2025-09-24 10:31:23,237 - httpcore.http11 - DEBUG - atrace:87 - response_closed.complete
2025-09-24 10:31:23,319 - httpcore.http11 - DEBUG - atrace:87 - receive_response_headers.complete return_value=(b'HTTP/1.1', 200, b'OK', [(b'Content-Length', b'460'), (b'Content-Type', b'application/json;odata.metadata=minimal;odata.streaming=true;IEEE754Compatible=false;charset=utf-8'), (b'Date', b'Wed, 24 Sep 2025 05:01:22 GMT'), (b'Server', b'Microsoft-IIS/10.0'), (b'Access-Control-Allow-Headers', b'Accept, Origin, Content-Type, MaxDataServiceVersion'), (b'Access-Control-Allow-Methods', b'GET'), (b'Access-Control-Allow-Origin', b'*'), (b'Access-Control-Expose-Headers', b'DataServiceVersion'), (b'Cache-Control', b'private'), (b'Content-Encoding', b'gzip'), (b'Expires', b'Wed, 24 Sep 2025 05:02:23 GMT'), (b'Vary', b'*'), (b'X-Content-Type-Options', b'nosniff'), (b'OData-Version', b'4.0;'), (b'X-AspNet-Version', b'4.0.30319'), (b'X-Powered-By', b'ASP.NET')])
2025-09-24 10:31:23,320 - httpx - INFO - _send_single_request:1740 - HTTP Request: GET https://services.odata.org/V4/Northwind/Northwind.svc/Orders?%24count=true&%24top=1 "HTTP/1.1 200 OK"
2025-09-24 10:31:23,320 - httpcore.http11 - DEBUG - atrace:87 - receive_response_body.started request=<Request [b'GET']>
2025-09-24 10:31:23,320 - httpcore.http11 - DEBUG - atrace:87 - receive_response_body.complete
2025-09-24 10:31:23,320 - httpcore.http11 - DEBUG - atrace:87 - response_closed.started
2025-09-24 10:31:23,320 - httpcore.http11 - DEBUG - atrace:87 - response_closed.complete
2025-09-24 10:31:23,369 - httpcore.http11 - DEBUG - atrace:87 - receive_response_headers.complete return_value=(b'HTTP/1.1', 200, b'OK', [(b'Content-Length', b'315'), (b'Content-Type', b'application/json;odata.metadata=minimal;odata.streaming=true;IEEE754Compatible=false;charset=utf-8'), (b'Date', b'Wed, 24 Sep 2025 05:01:22 GMT'), (b'Server', b'Microsoft-IIS/10.0'), (b'Access-Control-Allow-Headers', b'Accept, Origin, Content-Type, MaxDataServiceVersion'), (b'Access-Control-Allow-Methods', b'GET'), (b'Access-Control-Allow-Origin', b'*'), (b'Access-Control-Expose-Headers', b'DataServiceVersion'), (b'Cache-Control', b'private'), (b'Content-Encoding', b'gzip'), (b'Expires', b'Wed, 24 Sep 2025 05:02:23 GMT'), (b'Vary', b'*'), (b'X-Content-Type-Options', b'nosniff'), (b'OData-Version', b'4.0;'), (b'X-AspNet-Version', b'4.0.30319'), (b'X-Powered-By', b'ASP.NET')])
2025-09-24 10:31:23,369 - httpx - INFO - _send_single_request:1740 - HTTP Request: GET https://services.odata.org/V4/Northwind/Northwind.svc/Order_Details_Extendeds?%24count=true&%24top=1 "HTTP/1.1 200 OK"
2025-09-24 10:31:23,369 - httpcore.http11 - DEBUG - atrace:87 - receive_response_body.started request=<Request [b'GET']>
2025-09-24 10:31:23,370 - httpcore.http11 - DEBUG - atrace:87 - receive_response_body.complete
2025-09-24 10:31:23,370 - httpcore.http11 - DEBUG - atrace:87 - response_closed.started
2025-09-24 10:31:23,370 - httpcore.http11 - DEBUG - atrace:87 - response_closed.complete
2025-09-24 10:31:23,819 - httpcore.http11 - DEBUG - atrace:87 - receive_response_headers.complete return_value=(b'HTTP/1.1', 200, b'OK', [(b'Content-Length', b'366'), (b'Content-Type', b'application/json;odata.metadata=minimal;odata.streaming=true;IEEE754Compatible=false;charset=utf-8'), (b'Date', b'Wed, 24 Sep 2025 05:01:23 GMT'), (b'Server', b'Microsoft-IIS/10.0'), (b'Access-Control-Allow-Headers', b'Accept, Origin, Content-Type, MaxDataServiceVersion'), (b'Access-Control-Allow-Methods', b'GET'), (b'Access-Control-Allow-Origin', b'*'), (b'Access-Control-Expose-Headers', b'DataServiceVersion'), (b'Cache-Control', b'private'), (b'Content-Encoding', b'gzip'), (b'Expires', b'Wed, 24 Sep 2025 05:02:23 GMT'), (b'Vary', b'*'), (b'X-Content-Type-Options', b'nosniff'), (b'OData-Version', b'4.0;'), (b'X-AspNet-Version', b'4.0.30319'), (b'X-Powered-By', b'ASP.NET')])
2025-09-24 10:31:23,819 - httpx - INFO - _send_single_request:1740 - HTTP Request: GET https://services.odata.org/V4/Northwind/Northwind.svc/Products?%24count=true&%24top=1 "HTTP/1.1 200 OK"
2025-09-24 10:31:23,819 - httpcore.http11 - DEBUG - atrace:87 - receive_response_body.started request=<Request [b'GET']>
2025-09-24 10:31:23,819 - httpcore.http11 - DEBUG - atrace:87 - receive_response_body.complete
2025-09-24 10:31:23,819 - httpcore.http11 - DEBUG - atrace:87 - response_closed.started
2025-09-24 10:31:23,819 - httpcore.http11 - DEBUG - atrace:87 - response_closed.complete
2025-09-24 10:31:23,834 - httpcore.http11 - DEBUG - atrace:87 - receive_response_headers.complete return_value=(b'HTTP/1.1', 200, b'OK', [(b'Content-Length', b'384'), (b'Content-Type', b'application/json;odata.metadata=minimal;odata.streaming=true;IEEE754Compatible=false;charset=utf-8'), (b'Date', b'Wed, 24 Sep 2025 05:01:23 GMT'), (b'Server', b'Microsoft-IIS/10.0'), (b'Access-Control-Allow-Headers', b'Accept, Origin, Content-Type, MaxDataServiceVersion'), (b'Access-Control-Allow-Methods', b'GET'), (b'Access-Control-Allow-Origin', b'*'), (b'Access-Control-Expose-Headers', b'DataServiceVersion'), (b'Cache-Control', b'private'), (b'Content-Encoding', b'gzip'), (b'Expires', b'Wed, 24 Sep 2025 05:02:23 GMT'), (b'Vary', b'*'), (b'X-Content-Type-Options', b'nosniff'), (b'OData-Version', b'4.0;'), (b'X-AspNet-Version', b'4.0.30319'), (b'X-Powered-By', b'ASP.NET')])
2025-09-24 10:31:23,835 - httpx - INFO - _send_single_request:1740 - HTTP Request: GET https://services.odata.org/V4/Northwind/Northwind.svc/Alphabetical_list_of_products?%24count=true&%24top=1 "HTTP/1.1 200 OK"
2025-09-24 10:31:23,836 - httpcore.http11 - DEBUG - atrace:87 - receive_response_body.started request=<Request [b'GET']>
2025-09-24 10:31:23,836 - httpcore.http11 - DEBUG - atrace:87 - receive_response_body.complete
2025-09-24 10:31:23,837 - httpcore.http11 - DEBUG - atrace:87 - response_closed.started
2025-09-24 10:31:23,838 - httpcore.http11 - DEBUG - atrace:87 - response_closed.complete
2025-09-24 10:31:24,402 - httpcore.http11 - DEBUG - atrace:87 - receive_response_headers.complete return_value=(b'HTTP/1.1', 200, b'OK', [(b'Content-Length', b'332'), (b'Content-Type', b'application/json;odata.metadata=minimal;odata.streaming=true;IEEE754Compatible=false;charset=utf-8'), (b'Date', b'Wed, 24 Sep 2025 05:01:23 GMT'), (b'Server', b'Microsoft-IIS/10.0'), (b'Access-Control-Allow-Headers', b'Accept, Origin, Content-Type, MaxDataServiceVersion'), (b'Access-Control-Allow-Methods', b'GET'), (b'Access-Control-Allow-Origin', b'*'), (b'Access-Control-Expose-Headers', b'DataServiceVersion'), (b'Cache-Control', b'private'), (b'Content-Encoding', b'gzip'), (b'Expires', b'Wed, 24 Sep 2025 05:02:23 GMT'), (b'Vary', b'*'), (b'X-Content-Type-Options', b'nosniff'), (b'OData-Version', b'4.0;'), (b'X-AspNet-Version', b'4.0.30319'), (b'X-Powered-By', b'ASP.NET')])
2025-09-24 10:31:24,402 - httpx - INFO - _send_single_request:1740 - HTTP Request: GET https://services.odata.org/V4/Northwind/Northwind.svc/Sales_Totals_by_Amounts?%24count=true&%24top=1 "HTTP/1.1 200 OK"
2025-09-24 10:31:24,404 - httpcore.http11 - DEBUG - atrace:87 - receive_response_body.started request=<Request [b'GET']>
2025-09-24 10:31:24,404 - httpcore.http11 - DEBUG - atrace:87 - receive_response_body.complete
2025-09-24 10:31:24,404 - httpcore.http11 - DEBUG - atrace:87 - response_closed.started
2025-09-24 10:31:24,404 - httpcore.http11 - DEBUG - atrace:87 - response_closed.complete
2025-09-24 10:31:24,828 - httpcore.http11 - DEBUG - atrace:87 - receive_response_headers.complete return_value=(b'HTTP/1.1', 200, b'OK', [(b'Content-Length', b'281'), (b'Content-Type', b'application/json;odata.metadata=minimal;odata.streaming=true;IEEE754Compatible=false;charset=utf-8'), (b'Date', b'Wed, 24 Sep 2025 05:01:24 GMT'), (b'Server', b'Microsoft-IIS/10.0'), (b'Access-Control-Allow-Headers', b'Accept, Origin, Content-Type, MaxDataServiceVersion'), (b'Access-Control-Allow-Methods', b'GET'), (b'Access-Control-Allow-Origin', b'*'), (b'Access-Control-Expose-Headers', b'DataServiceVersion'), (b'Cache-Control', b'private'), (b'Content-Encoding', b'gzip'), (b'Expires', b'Wed, 24 Sep 2025 05:02:23 GMT'), (b'Vary', b'*'), (b'X-Content-Type-Options', b'nosniff'), (b'OData-Version', b'4.0;'), (b'X-AspNet-Version', b'4.0.30319'), (b'X-Powered-By', b'ASP.NET')])
2025-09-24 10:31:24,828 - httpx - INFO - _send_single_request:1740 - HTTP Request: GET https://services.odata.org/V4/Northwind/Northwind.svc/Order_Details?%24count=true&%24top=1 "HTTP/1.1 200 OK"
2025-09-24 10:31:24,829 - httpcore.http11 - DEBUG - atrace:87 - receive_response_body.started request=<Request [b'GET']>
2025-09-24 10:31:24,829 - httpcore.http11 - DEBUG - atrace:87 - receive_response_body.complete
2025-09-24 10:31:24,829 - httpcore.http11 - DEBUG - atrace:87 - response_closed.started
2025-09-24 10:31:24,829 - httpcore.http11 - DEBUG - atrace:87 - response_closed.complete
2025-09-24 10:31:24,887 - httpcore.http11 - DEBUG - atrace:87 - receive_response_headers.complete return_value=(b'HTTP/1.1', 200, b'OK', [(b'Content-Length', b'316'), (b'Content-Type', b'application/json;odata.metadata=minimal;odata.streaming=true;IEEE754Compatible=false;charset=utf-8'), (b'Date', b'Wed, 24 Sep 2025 05:01:24 GMT'), (b'Server', b'Microsoft-IIS/10.0'), (b'Access-Control-Allow-Headers', b'Accept, Origin, Content-Type, MaxDataServiceVersion'), (b'Access-Control-Allow-Methods', b'GET'), (b'Access-Control-Allow-Origin', b'*'), (b'Access-Control-Expose-Headers', b'DataServiceVersion'), (b'Cache-Control', b'private'), (b'Content-Encoding', b'gzip'), (b'Expires', b'Wed, 24 Sep 2025 05:02:22 GMT'), (b'Vary', b'*'), (b'X-Content-Type-Options', b'nosniff'), (b'OData-Version', b'4.0;'), (b'X-AspNet-Version', b'4.0.30319'), (b'X-Powered-By', b'ASP.NET')])
2025-09-24 10:31:24,888 - httpx - INFO - _send_single_request:1740 - HTTP Request: GET https://services.odata.org/V4/Northwind/Northwind.svc/Products_by_Categories?%24count=true&%24top=1 "HTTP/1.1 200 OK"
2025-09-24 10:31:24,889 - httpcore.http11 - DEBUG - atrace:87 - receive_response_body.started request=<Request [b'GET']>
2025-09-24 10:31:24,889 - httpcore.http11 - DEBUG - atrace:87 - receive_response_body.complete
2025-09-24 10:31:24,889 - httpcore.http11 - DEBUG - atrace:87 - response_closed.started
2025-09-24 10:31:24,889 - httpcore.http11 - DEBUG - atrace:87 - response_closed.complete
2025-09-24 10:31:25,326 - httpcore.http11 - DEBUG - atrace:87 - receive_response_headers.complete return_value=(b'HTTP/1.1', 200, b'OK', [(b'Content-Length', b'277'), (b'Content-Type', b'application/json;odata.metadata=minimal;odata.streaming=true;IEEE754Compatible=false;charset=utf-8'), (b'Date', b'Wed, 24 Sep 2025 05:01:24 GMT'), (b'Server', b'Microsoft-IIS/10.0'), (b'Access-Control-Allow-Headers', b'Accept, Origin, Content-Type, MaxDataServiceVersion'), (b'Access-Control-Allow-Methods', b'GET'), (b'Access-Control-Allow-Origin', b'*'), (b'Access-Control-Expose-Headers', b'DataServiceVersion'), (b'Cache-Control', b'private'), (b'Content-Encoding', b'gzip'), (b'Expires', b'Wed, 24 Sep 2025 05:02:23 GMT'), (b'Vary', b'*'), (b'X-Content-Type-Options', b'nosniff'), (b'OData-Version', b'4.0;'), (b'X-AspNet-Version', b'4.0.30319'), (b'X-Powered-By', b'ASP.NET')])
2025-09-24 10:31:25,327 - httpx - INFO - _send_single_request:1740 - HTTP Request: GET https://services.odata.org/V4/Northwind/Northwind.svc/Territories?%24count=true&%24top=1 "HTTP/1.1 200 OK"
2025-09-24 10:31:25,327 - httpcore.http11 - DEBUG - atrace:87 - receive_response_body.started request=<Request [b'GET']>
2025-09-24 10:31:25,327 - httpcore.http11 - DEBUG - atrace:87 - receive_response_body.complete
2025-09-24 10:31:25,328 - httpcore.http11 - DEBUG - atrace:87 - response_closed.started
2025-09-24 10:31:25,328 - httpcore.http11 - DEBUG - atrace:87 - response_closed.complete
2025-09-24 10:31:25,838 - httpcore.http11 - DEBUG - atrace:87 - receive_response_headers.complete return_value=(b'HTTP/1.1', 200, b'OK', [(b'Content-Length', b'401'), (b'Content-Type', b'application/json;odata.metadata=minimal;odata.streaming=true;IEEE754Compatible=false;charset=utf-8'), (b'Date', b'Wed, 24 Sep 2025 05:01:26 GMT'), (b'Server', b'Microsoft-IIS/10.0'), (b'Access-Control-Allow-Headers', b'Accept, Origin, Content-Type, MaxDataServiceVersion'), (b'Access-Control-Allow-Methods', b'GET'), (b'Access-Control-Allow-Origin', b'*'), (b'Access-Control-Expose-Headers', b'DataServiceVersion'), (b'Cache-Control', b'private'), (b'Content-Encoding', b'gzip'), (b'Expires', b'Wed, 24 Sep 2025 05:02:23 GMT'), (b'Vary', b'*'), (b'X-Content-Type-Options', b'nosniff'), (b'OData-Version', b'4.0;'), (b'X-AspNet-Version', b'4.0.30319'), (b'X-Powered-By', b'ASP.NET')])
2025-09-24 10:31:25,838 - httpx - INFO - _send_single_request:1740 - HTTP Request: GET https://services.odata.org/V4/Northwind/Northwind.svc/Suppliers?%24count=true&%24top=1 "HTTP/1.1 200 OK"
2025-09-24 10:31:25,838 - httpcore.http11 - DEBUG - atrace:87 - receive_response_body.started request=<Request [b'GET']>
2025-09-24 10:31:25,839 - httpcore.http11 - DEBUG - atrace:87 - receive_response_body.complete
2025-09-24 10:31:25,839 - httpcore.http11 - DEBUG - atrace:87 - response_closed.started
2025-09-24 10:31:25,840 - httpcore.http11 - DEBUG - atrace:87 - response_closed.complete
2025-09-24 10:31:26,376 - httpcore.http11 - DEBUG - atrace:87 - receive_response_headers.complete return_value=(b'HTTP/1.1', 200, b'OK', [(b'Content-Length', b'249'), (b'Content-Type', b'application/json;odata.metadata=minimal;odata.streaming=true;IEEE754Compatible=false;charset=utf-8'), (b'Date', b'Wed, 24 Sep 2025 05:01:26 GMT'), (b'Server', b'Microsoft-IIS/10.0'), (b'Access-Control-Allow-Headers', b'Accept, Origin, Content-Type, MaxDataServiceVersion'), (b'Access-Control-Allow-Methods', b'GET'), (b'Access-Control-Allow-Origin', b'*'), (b'Access-Control-Expose-Headers', b'DataServiceVersion'), (b'Cache-Control', b'private'), (b'Content-Encoding', b'gzip'), (b'Expires', b'Wed, 24 Sep 2025 05:02:22 GMT'), (b'Vary', b'*'), (b'X-Content-Type-Options', b'nosniff'), (b'OData-Version', b'4.0;'), (b'X-AspNet-Version', b'4.0.30319'), (b'X-Powered-By', b'ASP.NET')])
2025-09-24 10:31:26,377 - httpx - INFO - _send_single_request:1740 - HTTP Request: GET https://services.odata.org/V4/Northwind/Northwind.svc/Order_Subtotals?%24count=true&%24top=1 "HTTP/1.1 200 OK"
2025-09-24 10:31:26,378 - httpcore.http11 - DEBUG - atrace:87 - receive_response_body.started request=<Request [b'GET']>
2025-09-24 10:31:26,378 - httpcore.http11 - DEBUG - atrace:87 - receive_response_body.complete
2025-09-24 10:31:26,378 - httpcore.http11 - DEBUG - atrace:87 - response_closed.started
2025-09-24 10:31:26,378 - httpcore.http11 - DEBUG - atrace:87 - response_closed.complete
2025-09-24 10:31:26,883 - httpcore.http11 - DEBUG - atrace:87 - receive_response_headers.complete return_value=(b'HTTP/1.1', 200, b'OK', [(b'Content-Length', b'268'), (b'Content-Type', b'application/json;odata.metadata=minimal;odata.streaming=true;IEEE754Compatible=false;charset=utf-8'), (b'Date', b'Wed, 24 Sep 2025 05:01:27 GMT'), (b'Server', b'Microsoft-IIS/10.0'), (b'Access-Control-Allow-Headers', b'Accept, Origin, Content-Type, MaxDataServiceVersion'), (b'Access-Control-Allow-Methods', b'GET'), (b'Access-Control-Allow-Origin', b'*'), (b'Access-Control-Expose-Headers', b'DataServiceVersion'), (b'Cache-Control', b'private'), (b'Content-Encoding', b'gzip'), (b'Expires', b'Wed, 24 Sep 2025 05:02:22 GMT'), (b'Vary', b'*'), (b'X-Content-Type-Options', b'nosniff'), (b'OData-Version', b'4.0;'), (b'X-AspNet-Version', b'4.0.30319'), (b'X-Powered-By', b'ASP.NET')])
2025-09-24 10:31:26,883 - httpx - INFO - _send_single_request:1740 - HTTP Request: GET https://services.odata.org/V4/Northwind/Northwind.svc/Products_Above_Average_Prices?%24count=true&%24top=1 "HTTP/1.1 200 OK"
2025-09-24 10:31:26,883 - httpcore.http11 - DEBUG - atrace:87 - receive_response_body.started request=<Request [b'GET']>
2025-09-24 10:31:26,884 - httpcore.http11 - DEBUG - atrace:87 - receive_response_body.complete
2025-09-24 10:31:26,884 - httpcore.http11 - DEBUG - atrace:87 - response_closed.started
2025-09-24 10:31:26,884 - httpcore.http11 - DEBUG - atrace:87 - response_closed.complete
2025-09-24 10:31:27,422 - httpcore.http11 - DEBUG - atrace:87 - receive_response_headers.complete return_value=(b'HTTP/1.1', 200, b'OK', [(b'Content-Length', b'267'), (b'Content-Type', b'application/json;odata.metadata=minimal;odata.streaming=true;IEEE754Compatible=false;charset=utf-8'), (b'Date', b'Wed, 24 Sep 2025 05:01:27 GMT'), (b'Server', b'Microsoft-IIS/10.0'), (b'Access-Control-Allow-Headers', b'Accept, Origin, Content-Type, MaxDataServiceVersion'), (b'Access-Control-Allow-Methods', b'GET'), (b'Access-Control-Allow-Origin', b'*'), (b'Access-Control-Expose-Headers', b'DataServiceVersion'), (b'Cache-Control', b'private'), (b'Content-Encoding', b'gzip'), (b'Expires', b'Wed, 24 Sep 2025 05:02:22 GMT'), (b'Vary', b'*'), (b'X-Content-Type-Options', b'nosniff'), (b'OData-Version', b'4.0;'), (b'X-AspNet-Version', b'4.0.30319'), (b'X-Powered-By', b'ASP.NET')])
2025-09-24 10:31:27,422 - httpx - INFO - _send_single_request:1740 - HTTP Request: GET https://services.odata.org/V4/Northwind/Northwind.svc/Category_Sales_for_1997?%24count=true&%24top=1 "HTTP/1.1 200 OK"
2025-09-24 10:31:27,422 - httpcore.http11 - DEBUG - atrace:87 - receive_response_body.started request=<Request [b'GET']>
2025-09-24 10:31:27,422 - httpcore.http11 - DEBUG - atrace:87 - receive_response_body.complete
2025-09-24 10:31:27,422 - httpcore.http11 - DEBUG - atrace:87 - response_closed.started
2025-09-24 10:31:27,422 - httpcore.http11 - DEBUG - atrace:87 - response_closed.complete
2025-09-24 10:31:27,897 - httpcore.http11 - DEBUG - atrace:87 - receive_response_headers.complete return_value=(b'HTTP/1.1', 200, b'OK', [(b'Content-Length', b'18252'), (b'Content-Type', b'application/json;odata.metadata=minimal;odata.streaming=true;IEEE754Compatible=false;charset=utf-8'), (b'Date', b'Wed, 24 Sep 2025 05:01:28 GMT'), (b'Server', b'Microsoft-IIS/10.0'), (b'Access-Control-Allow-Headers', b'Accept, Origin, Content-Type, MaxDataServiceVersion'), (b'Access-Control-Allow-Methods', b'GET'), (b'Access-Control-Allow-Origin', b'*'), (b'Access-Control-Expose-Headers', b'DataServiceVersion'), (b'Cache-Control', b'private'), (b'Content-Encoding', b'gzip'), (b'Expires', b'Wed, 24 Sep 2025 05:02:22 GMT'), (b'Vary', b'*'), (b'X-Content-Type-Options', b'nosniff'), (b'OData-Version', b'4.0;'), (b'X-AspNet-Version', b'4.0.30319'), (b'X-Powered-By', b'ASP.NET')])
2025-09-24 10:31:27,897 - httpx - INFO - _send_single_request:1740 - HTTP Request: GET https://services.odata.org/V4/Northwind/Northwind.svc/Employees?%24count=true&%24top=1 "HTTP/1.1 200 OK"
2025-09-24 10:31:27,897 - httpcore.http11 - DEBUG - atrace:87 - receive_response_body.started request=<Request [b'GET']>
2025-09-24 10:31:27,898 - httpcore.http11 - DEBUG - atrace:87 - receive_response_body.complete
2025-09-24 10:31:27,898 - httpcore.http11 - DEBUG - atrace:87 - response_closed.started
2025-09-24 10:31:27,898 - httpcore.http11 - DEBUG - atrace:87 - response_closed.complete
2025-09-24 10:31:27,898 - httpcore.connection - DEBUG - atrace:87 - close.started
2025-09-24 10:31:27,898 - httpcore.connection - DEBUG - atrace:87 - close.complete
2025-09-24 10:31:27,898 - httpcore.connection - DEBUG - atrace:87 - close.started
2025-09-24 10:31:27,898 - httpcore.connection - DEBUG - atrace:87 - close.complete
2025-09-24 10:31:28,401 - httpcore.http11 - DEBUG - atrace:87 - receive_response_headers.complete return_value=(b'HTTP/1.1', 200, b'OK', [(b'Content-Length', b'275'), (b'Content-Type', b'application/json;odata.metadata=minimal;odata.streaming=true;IEEE754Compatible=false;charset=utf-8'), (b'Date', b'Wed, 24 Sep 2025 05:01:28 GMT'), (b'Server', b'Microsoft-IIS/10.0'), (b'Access-Control-Allow-Headers', b'Accept, Origin, Content-Type, MaxDataServiceVersion'), (b'Access-Control-Allow-Methods', b'GET'), (b'Access-Control-Allow-Origin', b'*'), (b'Access-Control-Expose-Headers', b'DataServiceVersion'), (b'Cache-Control', b'private'), (b'Content-Encoding', b'gzip'), (b'Expires', b'Wed, 24 Sep 2025 05:02:22 GMT'), (b'Vary', b'*'), (b'X-Content-Type-Options', b'nosniff'), (b'OData-Version', b'4.0;'), (b'X-AspNet-Version', b'4.0.30319'), (b'X-Powered-By', b'ASP.NET')])
2025-09-24 10:31:28,401 - httpx - INFO - _send_single_request:1740 - HTTP Request: GET https://services.odata.org/V4/Northwind/Northwind.svc/Product_Sales_for_1997?%24count=true&%24top=1 "HTTP/1.1 200 OK"
2025-09-24 10:31:28,401 - httpcore.http11 - DEBUG - atrace:87 - receive_response_body.started request=<Request [b'GET']>
2025-09-24 10:31:28,401 - httpcore.http11 - DEBUG - atrace:87 - receive_response_body.complete
2025-09-24 10:31:28,401 - httpcore.http11 - DEBUG - atrace:87 - response_closed.started
2025-09-24 10:31:28,401 - httpcore.http11 - DEBUG - atrace:87 - response_closed.complete
2025-09-24 10:31:28,401 - httpcore.connection - DEBUG - atrace:87 - close.started
2025-09-24 10:31:28,410 - httpcore.connection - DEBUG - atrace:87 - close.complete
2025-09-24 10:31:28,410 - httpcore.connection - DEBUG - atrace:87 - close.started
2025-09-24 10:31:28,410 - httpcore.connection - DEBUG - atrace:87 - close.complete
2025-09-24 10:31:28,410 - httpcore.connection - DEBUG - atrace:87 - close.started
2025-09-24 10:31:28,410 - httpcore.connection - DEBUG - atrace:87 - close.complete
2025-09-24 10:31:28,410 - httpcore.connection - DEBUG - atrace:87 - close.started
2025-09-24 10:31:28,410 - httpcore.connection - DEBUG - atrace:87 - close.complete
2025-09-24 10:31:28,410 - httpcore.connection - DEBUG - atrace:87 - close.started
2025-09-24 10:31:28,410 - httpcore.connection - DEBUG - atrace:87 - close.complete
2025-09-24 10:31:28,410 - httpcore.connection - DEBUG - atrace:87 - close.started
2025-09-24 10:31:28,410 - httpcore.connection - DEBUG - atrace:87 - close.complete
2025-09-24 10:31:28,410 - services.count - INFO - get_entity_counts:61 - [2m2025-09-24T05:01:28.410026Z[0m [[32m[1minfo     [0m] [1mSuccessfully retrieved entity counts[0m [[0m[1m[34mservices.count[0m][0m [36mcounts[0m=[35m{'Categories': 8, 'CustomerDemographics': 0, 'Customers': 91, 'Employees': 9, 'Order_Details': 2155, 'Orders': 830, 'Products': 77, 'Regions': 4, 'Shippers': 3, 'Suppliers': 29, 'Territories': 53, 'Alphabetical_list_of_products': 69, 'Category_Sales_for_1997': 8, 'Current_Product_Lists': 69, 'Customer_and_Suppliers_by_Cities': 120, 'Invoices': 2155, 'Order_Details_Extendeds': 2155, 'Order_Subtotals': 830, 'Orders_Qries': 830, 'Product_Sales_for_1997': 77, 'Products_Above_Average_Prices': 25, 'Products_by_Categories': 69, 'Sales_by_Categories': 77, 'Sales_Totals_by_Amounts': 66, 'Summary_of_Sales_by_Quarters': 809, 'Summary_of_Sales_by_Years': 809}[0m
2025-09-24 10:31:28,410 - httpcore.connection - DEBUG - atrace:87 - close.started
2025-09-24 10:31:28,410 - httpcore.connection - DEBUG - atrace:87 - close.complete
2025-09-24 10:31:28,410 - httpcore.connection - DEBUG - atrace:87 - close.started
2025-09-24 10:31:28,410 - httpcore.connection - DEBUG - atrace:87 - close.complete
2025-09-24 10:31:28,410 - httpcore.connection - DEBUG - atrace:87 - close.started
2025-09-24 10:31:28,410 - httpcore.connection - DEBUG - atrace:87 - close.complete
2025-09-24 10:31:28,410 - httpcore.connection - DEBUG - atrace:87 - close.started
2025-09-24 10:31:28,410 - httpcore.connection - DEBUG - atrace:87 - close.complete
2025-09-24 10:31:28,410 - httpcore.connection - DEBUG - atrace:87 - close.started
2025-09-24 10:31:28,410 - httpcore.connection - DEBUG - atrace:87 - close.complete
2025-09-24 10:31:28,410 - httpcore.connection - DEBUG - atrace:87 - close.started
2025-09-24 10:31:28,410 - httpcore.connection - DEBUG - atrace:87 - close.complete
2025-09-24 10:31:28,410 - httpcore.connection - DEBUG - atrace:87 - close.started
2025-09-24 10:31:28,410 - httpcore.connection - DEBUG - atrace:87 - close.complete
2025-09-24 10:31:28,410 - httpcore.connection - DEBUG - atrace:87 - close.started
2025-09-24 10:31:28,410 - httpcore.connection - DEBUG - atrace:87 - close.complete
2025-09-24 10:31:28,410 - httpcore.connection - DEBUG - atrace:87 - close.started
2025-09-24 10:31:28,410 - httpcore.connection - DEBUG - atrace:87 - close.complete
2025-09-24 10:31:28,410 - httpcore.connection - DEBUG - atrace:87 - close.started
2025-09-24 10:31:28,410 - httpcore.connection - DEBUG - atrace:87 - close.complete
2025-09-24 10:31:28,410 - httpcore.connection - DEBUG - atrace:87 - close.started
2025-09-24 10:31:28,410 - httpcore.connection - DEBUG - atrace:87 - close.complete
2025-09-24 10:31:28,410 - httpcore.connection - DEBUG - atrace:87 - close.started
2025-09-24 10:31:28,410 - httpcore.connection - DEBUG - atrace:87 - close.complete
2025-09-24 10:31:28,410 - connector - INFO - _discovery_phase:297 - [2m2025-09-24T05:01:28.410026Z[0m [[32m[1minfo     [0m] [1m📋 Endpoints to be processed:  [0m [[0m[1m[34mconnector[0m][0m
2025-09-24 10:31:28,410 - connector - INFO - _discovery_phase:303 - [2m2025-09-24T05:01:28.410026Z[0m [[32m[1minfo     [0m] [1m  🔗 Categories: https://services.odata.org/V4/Northwind/Northwind.svc/Categories (Expected records: 8)[0m [[0m[1m[34mconnector[0m][0m
2025-09-24 10:31:28,410 - connector - INFO - _discovery_phase:303 - [2m2025-09-24T05:01:28.410026Z[0m [[32m[1minfo     [0m] [1m  🔗 CustomerDemographics: https://services.odata.org/V4/Northwind/Northwind.svc/CustomerDemographics (Expected records: 0)[0m [[0m[1m[34mconnector[0m][0m
2025-09-24 10:31:28,410 - connector - INFO - _discovery_phase:303 - [2m2025-09-24T05:01:28.410026Z[0m [[32m[1minfo     [0m] [1m  🔗 Customers: https://services.odata.org/V4/Northwind/Northwind.svc/Customers (Expected records: 91)[0m [[0m[1m[34mconnector[0m][0m
2025-09-24 10:31:28,410 - connector - INFO - _discovery_phase:303 - [2m2025-09-24T05:01:28.410026Z[0m [[32m[1minfo     [0m] [1m  🔗 Employees: https://services.odata.org/V4/Northwind/Northwind.svc/Employees (Expected records: 9)[0m [[0m[1m[34mconnector[0m][0m
2025-09-24 10:31:28,410 - connector - INFO - _discovery_phase:303 - [2m2025-09-24T05:01:28.410026Z[0m [[32m[1minfo     [0m] [1m  🔗 Order_Details: https://services.odata.org/V4/Northwind/Northwind.svc/Order_Details (Expected records: 2155)[0m [[0m[1m[34mconnector[0m][0m
2025-09-24 10:31:28,410 - connector - INFO - _discovery_phase:303 - [2m2025-09-24T05:01:28.410026Z[0m [[32m[1minfo     [0m] [1m  🔗 Orders: https://services.odata.org/V4/Northwind/Northwind.svc/Orders (Expected records: 830)[0m [[0m[1m[34mconnector[0m][0m
2025-09-24 10:31:28,410 - connector - INFO - _discovery_phase:303 - [2m2025-09-24T05:01:28.410026Z[0m [[32m[1minfo     [0m] [1m  🔗 Products: https://services.odata.org/V4/Northwind/Northwind.svc/Products (Expected records: 77)[0m [[0m[1m[34mconnector[0m][0m
2025-09-24 10:31:28,410 - connector - INFO - _discovery_phase:303 - [2m2025-09-24T05:01:28.410026Z[0m [[32m[1minfo     [0m] [1m  🔗 Regions: https://services.odata.org/V4/Northwind/Northwind.svc/Regions (Expected records: 4)[0m [[0m[1m[34mconnector[0m][0m
2025-09-24 10:31:28,410 - connector - INFO - _discovery_phase:303 - [2m2025-09-24T05:01:28.410026Z[0m [[32m[1minfo     [0m] [1m  🔗 Shippers: https://services.odata.org/V4/Northwind/Northwind.svc/Shippers (Expected records: 3)[0m [[0m[1m[34mconnector[0m][0m
2025-09-24 10:31:28,410 - connector - INFO - _discovery_phase:303 - [2m2025-09-24T05:01:28.410026Z[0m [[32m[1minfo     [0m] [1m  🔗 Suppliers: https://services.odata.org/V4/Northwind/Northwind.svc/Suppliers (Expected records: 29)[0m [[0m[1m[34mconnector[0m][0m
2025-09-24 10:31:28,410 - connector - INFO - _discovery_phase:303 - [2m2025-09-24T05:01:28.410026Z[0m [[32m[1minfo     [0m] [1m  🔗 Territories: https://services.odata.org/V4/Northwind/Northwind.svc/Territories (Expected records: 53)[0m [[0m[1m[34mconnector[0m][0m
2025-09-24 10:31:28,410 - connector - INFO - _discovery_phase:303 - [2m2025-09-24T05:01:28.410026Z[0m [[32m[1minfo     [0m] [1m  🔗 Alphabetical_list_of_products: https://services.odata.org/V4/Northwind/Northwind.svc/Alphabetical_list_of_products (Expected records: 69)[0m [[0m[1m[34mconnector[0m][0m
2025-09-24 10:31:28,415 - connector - INFO - _discovery_phase:303 - [2m2025-09-24T05:01:28.415929Z[0m [[32m[1minfo     [0m] [1m  🔗 Category_Sales_for_1997: https://services.odata.org/V4/Northwind/Northwind.svc/Category_Sales_for_1997 (Expected records: 8)[0m [[0m[1m[34mconnector[0m][0m
2025-09-24 10:31:28,415 - connector - INFO - _discovery_phase:303 - [2m2025-09-24T05:01:28.415929Z[0m [[32m[1minfo     [0m] [1m  🔗 Current_Product_Lists: https://services.odata.org/V4/Northwind/Northwind.svc/Current_Product_Lists (Expected records: 69)[0m [[0m[1m[34mconnector[0m][0m
2025-09-24 10:31:28,416 - connector - INFO - _discovery_phase:303 - [2m2025-09-24T05:01:28.416564Z[0m [[32m[1minfo     [0m] [1m  🔗 Customer_and_Suppliers_by_Cities: https://services.odata.org/V4/Northwind/Northwind.svc/Customer_and_Suppliers_by_Cities (Expected records: 120)[0m [[0m[1m[34mconnector[0m][0m
2025-09-24 10:31:28,416 - connector - INFO - _discovery_phase:303 - [2m2025-09-24T05:01:28.416564Z[0m [[32m[1minfo     [0m] [1m  🔗 Invoices: https://services.odata.org/V4/Northwind/Northwind.svc/Invoices (Expected records: 2155)[0m [[0m[1m[34mconnector[0m][0m
2025-09-24 10:31:28,417 - connector - INFO - _discovery_phase:303 - [2m2025-09-24T05:01:28.417216Z[0m [[32m[1minfo     [0m] [1m  🔗 Order_Details_Extendeds: https://services.odata.org/V4/Northwind/Northwind.svc/Order_Details_Extendeds (Expected records: 2155)[0m [[0m[1m[34mconnector[0m][0m
2025-09-24 10:31:28,418 - connector - INFO - _discovery_phase:303 - [2m2025-09-24T05:01:28.418249Z[0m [[32m[1minfo     [0m] [1m  🔗 Order_Subtotals: https://services.odata.org/V4/Northwind/Northwind.svc/Order_Subtotals (Expected records: 830)[0m [[0m[1m[34mconnector[0m][0m
2025-09-24 10:31:28,418 - connector - INFO - _discovery_phase:303 - [2m2025-09-24T05:01:28.418249Z[0m [[32m[1minfo     [0m] [1m  🔗 Orders_Qries: https://services.odata.org/V4/Northwind/Northwind.svc/Orders_Qries (Expected records: 830)[0m [[0m[1m[34mconnector[0m][0m
2025-09-24 10:31:28,418 - connector - INFO - _discovery_phase:303 - [2m2025-09-24T05:01:28.418249Z[0m [[32m[1minfo     [0m] [1m  🔗 Product_Sales_for_1997: https://services.odata.org/V4/Northwind/Northwind.svc/Product_Sales_for_1997 (Expected records: 77)[0m [[0m[1m[34mconnector[0m][0m
2025-09-24 10:31:28,418 - connector - INFO - _discovery_phase:303 - [2m2025-09-24T05:01:28.418249Z[0m [[32m[1minfo     [0m] [1m  🔗 Products_Above_Average_Prices: https://services.odata.org/V4/Northwind/Northwind.svc/Products_Above_Average_Prices (Expected records: 25)[0m [[0m[1m[34mconnector[0m][0m
2025-09-24 10:31:28,418 - connector - INFO - _discovery_phase:303 - [2m2025-09-24T05:01:28.418249Z[0m [[32m[1minfo     [0m] [1m  🔗 Products_by_Categories: https://services.odata.org/V4/Northwind/Northwind.svc/Products_by_Categories (Expected records: 69)[0m [[0m[1m[34mconnector[0m][0m
2025-09-24 10:31:28,418 - connector - INFO - _discovery_phase:303 - [2m2025-09-24T05:01:28.418249Z[0m [[32m[1minfo     [0m] [1m  🔗 Sales_by_Categories: https://services.odata.org/V4/Northwind/Northwind.svc/Sales_by_Categories (Expected records: 77)[0m [[0m[1m[34mconnector[0m][0m
2025-09-24 10:31:28,418 - connector - INFO - _discovery_phase:303 - [2m2025-09-24T05:01:28.418249Z[0m [[32m[1minfo     [0m] [1m  🔗 Sales_Totals_by_Amounts: https://services.odata.org/V4/Northwind/Northwind.svc/Sales_Totals_by_Amounts (Expected records: 66)[0m [[0m[1m[34mconnector[0m][0m
2025-09-24 10:31:28,418 - connector - INFO - _discovery_phase:303 - [2m2025-09-24T05:01:28.418249Z[0m [[32m[1minfo     [0m] [1m  🔗 Summary_of_Sales_by_Quarters: https://services.odata.org/V4/Northwind/Northwind.svc/Summary_of_Sales_by_Quarters (Expected records: 809)[0m [[0m[1m[34mconnector[0m][0m
2025-09-24 10:31:28,418 - connector - INFO - _discovery_phase:303 - [2m2025-09-24T05:01:28.418249Z[0m [[32m[1minfo     [0m] [1m  🔗 Summary_of_Sales_by_Years: https://services.odata.org/V4/Northwind/Northwind.svc/Summary_of_Sales_by_Years (Expected records: 809)[0m [[0m[1m[34mconnector[0m][0m
2025-09-24 10:31:28,418 - connector - INFO - _discovery_phase:305 - [2m2025-09-24T05:01:28.418249Z[0m [[32m[1minfo     [0m] [1m📊 Total expected records across all entities: 11427[0m [[0m[1m[34mconnector[0m][0m
2025-09-24 10:31:28,418 - planning.graph_builder - INFO - add_entities:32 - [2m2025-09-24T05:01:28.418249Z[0m [[32m[1minfo     [0m] [1mAdded entities to graph       [0m [[0m[1m[34mplanning.graph_builder[0m][0m [36mentity_count[0m=[35m26[0m
2025-09-24 10:31:28,418 - planning.graph_builder - INFO - add_relationships:54 - [2m2025-09-24T05:01:28.418249Z[0m [[32m[1minfo     [0m] [1mAdded relationships to graph  [0m [[0m[1m[34mplanning.graph_builder[0m][0m [36mrelationship_count[0m=[35m0[0m
2025-09-24 10:31:28,418 - planning.graph_builder - INFO - get_processing_order:72 - [2m2025-09-24T05:01:28.418249Z[0m [[32m[1minfo     [0m] [1mGenerated processing order    [0m [[0m[1m[34mplanning.graph_builder[0m][0m [36mlevels[0m=[35m1[0m [36mtotal_entities[0m=[35m26[0m
2025-09-24 10:31:28,418 - planning.plan_generator - INFO - create_execution_plan:142 - [2m2025-09-24T05:01:28.418249Z[0m [[32m[1minfo     [0m] [1mCreating execution plan       [0m [[0m[1m[34mplanning.plan_generator[0m][0m [36mselected_entities[0m=[35m26[0m [36mtotal_entities[0m=[35m26[0m
2025-09-24 10:31:28,418 - planning.record_tracker - INFO - register_entity:81 - [2m2025-09-24T05:01:28.418249Z[0m [[32m[1minfo     [0m] [1mEntity registered for tracking[0m [[0m[1m[34mplanning.record_tracker[0m][0m [36mentity[0m=[35mAlphabetical_list_of_products[0m [36mtarget_records[0m=[35m69[0m
2025-09-24 10:31:28,418 - planning.record_tracker - INFO - register_entity:81 - [2m2025-09-24T05:01:28.418249Z[0m [[32m[1minfo     [0m] [1mEntity registered for tracking[0m [[0m[1m[34mplanning.record_tracker[0m][0m [36mentity[0m=[35mOrder_Details[0m [36mtarget_records[0m=[35m2155[0m
2025-09-24 10:31:28,418 - planning.record_tracker - INFO - register_entity:81 - [2m2025-09-24T05:01:28.418249Z[0m [[32m[1minfo     [0m] [1mEntity registered for tracking[0m [[0m[1m[34mplanning.record_tracker[0m][0m [36mentity[0m=[35mProduct_Sales_for_1997[0m [36mtarget_records[0m=[35m77[0m
2025-09-24 10:31:28,418 - planning.record_tracker - INFO - register_entity:81 - [2m2025-09-24T05:01:28.418249Z[0m [[32m[1minfo     [0m] [1mEntity registered for tracking[0m [[0m[1m[34mplanning.record_tracker[0m][0m [36mentity[0m=[35mSales_by_Categories[0m [36mtarget_records[0m=[35m77[0m
2025-09-24 10:31:28,418 - planning.record_tracker - INFO - register_entity:81 - [2m2025-09-24T05:01:28.418249Z[0m [[32m[1minfo     [0m] [1mEntity registered for tracking[0m [[0m[1m[34mplanning.record_tracker[0m][0m [36mentity[0m=[35mTerritories[0m [36mtarget_records[0m=[35m53[0m
2025-09-24 10:31:28,418 - planning.record_tracker - INFO - register_entity:81 - [2m2025-09-24T05:01:28.418249Z[0m [[32m[1minfo     [0m] [1mEntity registered for tracking[0m [[0m[1m[34mplanning.record_tracker[0m][0m [36mentity[0m=[35mSummary_of_Sales_by_Years[0m [36mtarget_records[0m=[35m809[0m
2025-09-24 10:31:28,418 - planning.plan_generator - INFO - create_execution_plan:160 - [2m2025-09-24T05:01:28.418249Z[0m [[32m[1minfo     [0m] [1mSkipping empty entity         [0m [[0m[1m[34mplanning.plan_generator[0m][0m [36mentity[0m=[35mCustomerDemographics[0m
2025-09-24 10:31:28,418 - planning.record_tracker - INFO - register_entity:81 - [2m2025-09-24T05:01:28.418249Z[0m [[32m[1minfo     [0m] [1mEntity registered for tracking[0m [[0m[1m[34mplanning.record_tracker[0m][0m [36mentity[0m=[35mCustomer_and_Suppliers_by_Cities[0m [36mtarget_records[0m=[35m120[0m
2025-09-24 10:31:28,418 - planning.record_tracker - INFO - register_entity:81 - [2m2025-09-24T05:01:28.418249Z[0m [[32m[1minfo     [0m] [1mEntity registered for tracking[0m [[0m[1m[34mplanning.record_tracker[0m][0m [36mentity[0m=[35mProducts_by_Categories[0m [36mtarget_records[0m=[35m69[0m
2025-09-24 10:31:28,418 - planning.record_tracker - INFO - register_entity:81 - [2m2025-09-24T05:01:28.418249Z[0m [[32m[1minfo     [0m] [1mEntity registered for tracking[0m [[0m[1m[34mplanning.record_tracker[0m][0m [36mentity[0m=[35mProducts[0m [36mtarget_records[0m=[35m77[0m
2025-09-24 10:31:28,418 - planning.record_tracker - INFO - register_entity:81 - [2m2025-09-24T05:01:28.418249Z[0m [[32m[1minfo     [0m] [1mEntity registered for tracking[0m [[0m[1m[34mplanning.record_tracker[0m][0m [36mentity[0m=[35mSales_Totals_by_Amounts[0m [36mtarget_records[0m=[35m66[0m
2025-09-24 10:31:28,418 - planning.record_tracker - INFO - register_entity:81 - [2m2025-09-24T05:01:28.418249Z[0m [[32m[1minfo     [0m] [1mEntity registered for tracking[0m [[0m[1m[34mplanning.record_tracker[0m][0m [36mentity[0m=[35mCurrent_Product_Lists[0m [36mtarget_records[0m=[35m69[0m
2025-09-24 10:31:28,418 - planning.record_tracker - INFO - register_entity:81 - [2m2025-09-24T05:01:28.418249Z[0m [[32m[1minfo     [0m] [1mEntity registered for tracking[0m [[0m[1m[34mplanning.record_tracker[0m][0m [36mentity[0m=[35mProducts_Above_Average_Prices[0m [36mtarget_records[0m=[35m25[0m
2025-09-24 10:31:28,418 - planning.record_tracker - INFO - register_entity:81 - [2m2025-09-24T05:01:28.418249Z[0m [[32m[1minfo     [0m] [1mEntity registered for tracking[0m [[0m[1m[34mplanning.record_tracker[0m][0m [36mentity[0m=[35mShippers[0m [36mtarget_records[0m=[35m3[0m
2025-09-24 10:31:28,418 - planning.record_tracker - INFO - register_entity:81 - [2m2025-09-24T05:01:28.418249Z[0m [[32m[1minfo     [0m] [1mEntity registered for tracking[0m [[0m[1m[34mplanning.record_tracker[0m][0m [36mentity[0m=[35mOrders_Qries[0m [36mtarget_records[0m=[35m830[0m
2025-09-24 10:31:28,418 - planning.record_tracker - INFO - register_entity:81 - [2m2025-09-24T05:01:28.418249Z[0m [[32m[1minfo     [0m] [1mEntity registered for tracking[0m [[0m[1m[34mplanning.record_tracker[0m][0m [36mentity[0m=[35mSummary_of_Sales_by_Quarters[0m [36mtarget_records[0m=[35m809[0m
2025-09-24 10:31:28,418 - planning.record_tracker - INFO - register_entity:81 - [2m2025-09-24T05:01:28.418249Z[0m [[32m[1minfo     [0m] [1mEntity registered for tracking[0m [[0m[1m[34mplanning.record_tracker[0m][0m [36mentity[0m=[35mRegions[0m [36mtarget_records[0m=[35m4[0m
2025-09-24 10:31:28,418 - planning.record_tracker - INFO - register_entity:81 - [2m2025-09-24T05:01:28.418249Z[0m [[32m[1minfo     [0m] [1mEntity registered for tracking[0m [[0m[1m[34mplanning.record_tracker[0m][0m [36mentity[0m=[35mOrders[0m [36mtarget_records[0m=[35m830[0m
2025-09-24 10:31:28,418 - planning.record_tracker - INFO - register_entity:81 - [2m2025-09-24T05:01:28.418249Z[0m [[32m[1minfo     [0m] [1mEntity registered for tracking[0m [[0m[1m[34mplanning.record_tracker[0m][0m [36mentity[0m=[35mSuppliers[0m [36mtarget_records[0m=[35m29[0m
2025-09-24 10:31:28,418 - planning.record_tracker - INFO - register_entity:81 - [2m2025-09-24T05:01:28.418249Z[0m [[32m[1minfo     [0m] [1mEntity registered for tracking[0m [[0m[1m[34mplanning.record_tracker[0m][0m [36mentity[0m=[35mCategories[0m [36mtarget_records[0m=[35m8[0m
2025-09-24 10:31:28,418 - planning.record_tracker - INFO - register_entity:81 - [2m2025-09-24T05:01:28.418249Z[0m [[32m[1minfo     [0m] [1mEntity registered for tracking[0m [[0m[1m[34mplanning.record_tracker[0m][0m [36mentity[0m=[35mEmployees[0m [36mtarget_records[0m=[35m9[0m
2025-09-24 10:31:28,418 - planning.record_tracker - INFO - register_entity:81 - [2m2025-09-24T05:01:28.418249Z[0m [[32m[1minfo     [0m] [1mEntity registered for tracking[0m [[0m[1m[34mplanning.record_tracker[0m][0m [36mentity[0m=[35mOrder_Subtotals[0m [36mtarget_records[0m=[35m830[0m
2025-09-24 10:31:28,418 - planning.record_tracker - INFO - register_entity:81 - [2m2025-09-24T05:01:28.418249Z[0m [[32m[1minfo     [0m] [1mEntity registered for tracking[0m [[0m[1m[34mplanning.record_tracker[0m][0m [36mentity[0m=[35mCategory_Sales_for_1997[0m [36mtarget_records[0m=[35m8[0m
2025-09-24 10:31:28,418 - planning.record_tracker - INFO - register_entity:81 - [2m2025-09-24T05:01:28.418249Z[0m [[32m[1minfo     [0m] [1mEntity registered for tracking[0m [[0m[1m[34mplanning.record_tracker[0m][0m [36mentity[0m=[35mCustomers[0m [36mtarget_records[0m=[35m91[0m
2025-09-24 10:31:28,418 - planning.record_tracker - INFO - register_entity:81 - [2m2025-09-24T05:01:28.418249Z[0m [[32m[1minfo     [0m] [1mEntity registered for tracking[0m [[0m[1m[34mplanning.record_tracker[0m][0m [36mentity[0m=[35mOrder_Details_Extendeds[0m [36mtarget_records[0m=[35m2155[0m
2025-09-24 10:31:28,418 - planning.record_tracker - INFO - register_entity:81 - [2m2025-09-24T05:01:28.418249Z[0m [[32m[1minfo     [0m] [1mEntity registered for tracking[0m [[0m[1m[34mplanning.record_tracker[0m][0m [36mentity[0m=[35mInvoices[0m [36mtarget_records[0m=[35m2155[0m
2025-09-24 10:31:28,418 - planning.plan_generator - INFO - create_execution_plan:203 - [2m2025-09-24T05:01:28.418249Z[0m [[32m[1minfo     [0m] [1mExecution plan created        [0m [[0m[1m[34mplanning.plan_generator[0m][0m [36mplanned_entities[0m=[35m25[0m [36mtotal_commands[0m=[35m28[0m
2025-09-24 10:31:28,418 - connector - INFO - _discovery_phase:318 - [2m2025-09-24T05:01:28.418249Z[0m [[32m[1minfo     [0m] [1mDiscovery phase completed     [0m [[0m[1m[34mconnector[0m][0m [36mentities[0m=[35m26[0m [36mprocessing_levels[0m=[35m1[0m [36mtotal_records[0m=[35m11427[0m
2025-09-24 10:31:28,418 - connector - INFO - _discovery_phase:324 - [2m2025-09-24T05:01:28.418249Z[0m [[32m[1minfo     [0m] [1m📋 Execution plan summary:     [0m [[0m[1m[34mconnector[0m][0m
2025-09-24 10:31:28,418 - connector - INFO - _discovery_phase:327 - [2m2025-09-24T05:01:28.418249Z[0m [[32m[1minfo     [0m] [1m  Level 1: 26 entities, 11427 records[0m [[0m[1m[34mconnector[0m][0m
2025-09-24 10:31:28,418 - connector - INFO - _discovery_phase:330 - [2m2025-09-24T05:01:28.418249Z[0m [[32m[1minfo     [0m] [1m    - Alphabetical_list_of_products: 69 records[0m [[0m[1m[34mconnector[0m][0m
2025-09-24 10:31:28,418 - connector - INFO - _discovery_phase:330 - [2m2025-09-24T05:01:28.418249Z[0m [[32m[1minfo     [0m] [1m    - Order_Details: 2155 records[0m [[0m[1m[34mconnector[0m][0m
2025-09-24 10:31:28,433 - connector - INFO - _discovery_phase:330 - [2m2025-09-24T05:01:28.433394Z[0m [[32m[1minfo     [0m] [1m    - Product_Sales_for_1997: 77 records[0m [[0m[1m[34mconnector[0m][0m
2025-09-24 10:31:28,433 - connector - INFO - _discovery_phase:330 - [2m2025-09-24T05:01:28.433909Z[0m [[32m[1minfo     [0m] [1m    - Sales_by_Categories: 77 records[0m [[0m[1m[34mconnector[0m][0m
2025-09-24 10:31:28,433 - connector - INFO - _discovery_phase:330 - [2m2025-09-24T05:01:28.433909Z[0m [[32m[1minfo     [0m] [1m    - Territories: 53 records [0m [[0m[1m[34mconnector[0m][0m
2025-09-24 10:31:28,434 - connector - INFO - _discovery_phase:330 - [2m2025-09-24T05:01:28.434458Z[0m [[32m[1minfo     [0m] [1m    - Summary_of_Sales_by_Years: 809 records[0m [[0m[1m[34mconnector[0m][0m
2025-09-24 10:31:28,434 - connector - INFO - _discovery_phase:330 - [2m2025-09-24T05:01:28.434458Z[0m [[32m[1minfo     [0m] [1m    - CustomerDemographics: 0 records[0m [[0m[1m[34mconnector[0m][0m
2025-09-24 10:31:28,434 - connector - INFO - _discovery_phase:330 - [2m2025-09-24T05:01:28.434458Z[0m [[32m[1minfo     [0m] [1m    - Customer_and_Suppliers_by_Cities: 120 records[0m [[0m[1m[34mconnector[0m][0m
2025-09-24 10:31:28,434 - connector - INFO - _discovery_phase:330 - [2m2025-09-24T05:01:28.434458Z[0m [[32m[1minfo     [0m] [1m    - Products_by_Categories: 69 records[0m [[0m[1m[34mconnector[0m][0m
2025-09-24 10:31:28,434 - connector - INFO - _discovery_phase:330 - [2m2025-09-24T05:01:28.434458Z[0m [[32m[1minfo     [0m] [1m    - Products: 77 records    [0m [[0m[1m[34mconnector[0m][0m
2025-09-24 10:31:28,434 - connector - INFO - _discovery_phase:330 - [2m2025-09-24T05:01:28.434458Z[0m [[32m[1minfo     [0m] [1m    - Sales_Totals_by_Amounts: 66 records[0m [[0m[1m[34mconnector[0m][0m
2025-09-24 10:31:28,434 - connector - INFO - _discovery_phase:330 - [2m2025-09-24T05:01:28.434458Z[0m [[32m[1minfo     [0m] [1m    - Current_Product_Lists: 69 records[0m [[0m[1m[34mconnector[0m][0m
2025-09-24 10:31:28,434 - connector - INFO - _discovery_phase:330 - [2m2025-09-24T05:01:28.434458Z[0m [[32m[1minfo     [0m] [1m    - Products_Above_Average_Prices: 25 records[0m [[0m[1m[34mconnector[0m][0m
2025-09-24 10:31:28,437 - connector - INFO - _discovery_phase:330 - [2m2025-09-24T05:01:28.437399Z[0m [[32m[1minfo     [0m] [1m    - Shippers: 3 records     [0m [[0m[1m[34mconnector[0m][0m
2025-09-24 10:31:28,437 - connector - INFO - _discovery_phase:330 - [2m2025-09-24T05:01:28.437399Z[0m [[32m[1minfo     [0m] [1m    - Orders_Qries: 830 records[0m [[0m[1m[34mconnector[0m][0m
2025-09-24 10:31:28,437 - connector - INFO - _discovery_phase:330 - [2m2025-09-24T05:01:28.437399Z[0m [[32m[1minfo     [0m] [1m    - Summary_of_Sales_by_Quarters: 809 records[0m [[0m[1m[34mconnector[0m][0m
2025-09-24 10:31:28,437 - connector - INFO - _discovery_phase:330 - [2m2025-09-24T05:01:28.437399Z[0m [[32m[1minfo     [0m] [1m    - Regions: 4 records      [0m [[0m[1m[34mconnector[0m][0m
2025-09-24 10:31:28,437 - connector - INFO - _discovery_phase:330 - [2m2025-09-24T05:01:28.437399Z[0m [[32m[1minfo     [0m] [1m    - Orders: 830 records     [0m [[0m[1m[34mconnector[0m][0m
2025-09-24 10:31:28,437 - connector - INFO - _discovery_phase:330 - [2m2025-09-24T05:01:28.437399Z[0m [[32m[1minfo     [0m] [1m    - Suppliers: 29 records   [0m [[0m[1m[34mconnector[0m][0m
2025-09-24 10:31:28,437 - connector - INFO - _discovery_phase:330 - [2m2025-09-24T05:01:28.437399Z[0m [[32m[1minfo     [0m] [1m    - Categories: 8 records   [0m [[0m[1m[34mconnector[0m][0m
2025-09-24 10:31:28,437 - connector - INFO - _discovery_phase:330 - [2m2025-09-24T05:01:28.437399Z[0m [[32m[1minfo     [0m] [1m    - Employees: 9 records    [0m [[0m[1m[34mconnector[0m][0m
2025-09-24 10:31:28,437 - connector - INFO - _discovery_phase:330 - [2m2025-09-24T05:01:28.437399Z[0m [[32m[1minfo     [0m] [1m    - Order_Subtotals: 830 records[0m [[0m[1m[34mconnector[0m][0m
2025-09-24 10:31:28,437 - connector - INFO - _discovery_phase:330 - [2m2025-09-24T05:01:28.437399Z[0m [[32m[1minfo     [0m] [1m    - Category_Sales_for_1997: 8 records[0m [[0m[1m[34mconnector[0m][0m
2025-09-24 10:31:28,437 - connector - INFO - _discovery_phase:330 - [2m2025-09-24T05:01:28.437399Z[0m [[32m[1minfo     [0m] [1m    - Customers: 91 records   [0m [[0m[1m[34mconnector[0m][0m
2025-09-24 10:31:28,437 - connector - INFO - _discovery_phase:330 - [2m2025-09-24T05:01:28.437399Z[0m [[32m[1minfo     [0m] [1m    - Order_Details_Extendeds: 2155 records[0m [[0m[1m[34mconnector[0m][0m
2025-09-24 10:31:28,437 - connector - INFO - _discovery_phase:330 - [2m2025-09-24T05:01:28.437399Z[0m [[32m[1minfo     [0m] [1m    - Invoices: 2155 records  [0m [[0m[1m[34mconnector[0m][0m
2025-09-24 10:31:28,437 - connector - INFO - _execution_phase:334 - [2m2025-09-24T05:01:28.437399Z[0m [[32m[1minfo     [0m] [1mStarting execution phase      [0m [[0m[1m[34mconnector[0m][0m
2025-09-24 10:31:28,437 - workers.proxy_pool - INFO - start:370 - [2m2025-09-24T05:01:28.437399Z[0m [[32m[1minfo     [0m] [1mStarting proxy pool           [0m [[0m[1m[34mworkers.proxy_pool[0m][0m [36mmax_workers[0m=[35m3[0m
2025-09-24 10:31:28,437 - workers.proxy_pool - INFO - start:390 - [2m2025-09-24T05:01:28.437399Z[0m [[32m[1minfo     [0m] [1mProxy pool started successfully[0m [[0m[1m[34mworkers.proxy_pool[0m][0m
2025-09-24 10:31:28,437 - planning.plan_generator - INFO - get_initial_commands:236 - [2m2025-09-24T05:01:28.437399Z[0m [[32m[1minfo     [0m] [1mGenerated initial commands    [0m [[0m[1m[34mplanning.plan_generator[0m][0m [36mcommand_count[0m=[35m28[0m
2025-09-24 10:31:28,441 - workers.proxy_pool - INFO - add_commands:431 - [2m2025-09-24T05:01:28.437399Z[0m [[32m[1minfo     [0m] [1mCommands added to queue       [0m [[0m[1m[34mworkers.proxy_pool[0m][0m [36mcount[0m=[35m28[0m
2025-09-24 10:31:28,441 - connector - INFO - _monitor_execution:355 - [2m2025-09-24T05:01:28.441786Z[0m [[32m[1minfo     [0m] [1m🔍 Starting execution monitoring[0m [[0m[1m[34mconnector[0m][0m
2025-09-24 10:31:28,441 - connector - INFO - _monitor_execution:403 - [2m2025-09-24T05:01:28.441786Z[0m [[32m[1minfo     [0m] [1m📊 Execution progress          [0m [[0m[1m[34mconnector[0m][0m [36mactive_workers[0m=[35m0[0m [36mcommands_executed[0m=[35m0[0m [36mqueue_size[0m=[35m28[0m [36mrecords_processed[0m=[35m0[0m
2025-09-24 10:31:28,441 - workers.proxy_pool - INFO - _worker_loop:437 - [2m2025-09-24T05:01:28.441786Z[0m [[32m[1minfo     [0m] [1m🟢 Worker started and ready for commands[0m [[0m[1m[34mworkers.proxy_pool[0m][0m [36mworker_id[0m=[35mworker_0[0m [36mworker_status[0m=[35mACTIVE[0m
2025-09-24 10:31:28,441 - workers.proxy_pool - INFO - _worker_loop:460 - [2m2025-09-24T05:01:28.441786Z[0m [[32m[1minfo     [0m] [1m📋 Worker picked up command from queue[0m [[0m[1m[34mworkers.proxy_pool[0m][0m [36mcommand_id[0m=[35mAlphabetical_list_of_products_page_1[0m [36mentity[0m=[35mAlphabetical_list_of_products[0m [36mqueue_size_after_pickup[0m=[35m27[0m [36mworker_id[0m=[35mworker_0[0m [36mworker_status[0m=[35mPROCESSING[0m
2025-09-24 10:31:28,441 - workers.proxy_pool - INFO - execute:59 - [2m2025-09-24T05:01:28.441786Z[0m [[32m[1minfo     [0m] [1m🚀 Worker starting command execution[0m [[0m[1m[34mworkers.proxy_pool[0m][0m [36mcommand_id[0m=[35mAlphabetical_list_of_products_page_1[0m [36mcommand_type[0m=[35mfetch_page[0m [36mentity[0m=[35mAlphabetical_list_of_products[0m [36mpriority[0m=[35m1[0m [36mretry_count[0m=[35m0[0m [36mskip[0m=[35m0[0m [36mtop[0m=[35m1500[0m [36mworker_id[0m=[35mworker_0[0m
2025-09-24 10:31:28,441 - workers.proxy_pool - INFO - execute:82 - [2m2025-09-24T05:01:28.441786Z[0m [[32m[1minfo     [0m] [1m🔄 Worker executing request with resilience patterns[0m [[0m[1m[34mworkers.proxy_pool[0m][0m [36mcircuit_breaker_state[0m=[35mclosed[0m [36mcommand_id[0m=[35mAlphabetical_list_of_products_page_1[0m [36mworker_id[0m=[35mworker_0[0m
2025-09-24 10:31:28,441 - planning.record_tracker - INFO - calculate_optimal_batch_size:206 - [2m2025-09-24T05:01:28.441786Z[0m [[32m[1minfo     [0m] [1mAdjusted batch size to prevent overfetching[0m [[0m[1m[34mplanning.record_tracker[0m][0m [36mdefault_size[0m=[35m1500[0m [36mentity[0m=[35mAlphabetical_list_of_products[0m [36moptimal_size[0m=[35m69[0m [36mremaining_records[0m=[35m69[0m
2025-09-24 10:31:28,443 - workers.proxy_pool - INFO - _make_http_request:177 - [2m2025-09-24T05:01:28.443864Z[0m [[32m[1minfo     [0m] [1m📏 Adjusted batch size for optimal fetching[0m [[0m[1m[34mworkers.proxy_pool[0m][0m [36mcommand_id[0m=[35mAlphabetical_list_of_products_page_1[0m [36mentity[0m=[35mAlphabetical_list_of_products[0m [36moptimal_top[0m=[35m69[0m [36moriginal_top[0m=[35m1500[0m [36mworker_id[0m=[35mworker_0[0m
2025-09-24 10:31:28,443 - workers.proxy_pool - INFO - _worker_loop:437 - [2m2025-09-24T05:01:28.443864Z[0m [[32m[1minfo     [0m] [1m🟢 Worker started and ready for commands[0m [[0m[1m[34mworkers.proxy_pool[0m][0m [36mworker_id[0m=[35mworker_1[0m [36mworker_status[0m=[35mACTIVE[0m
2025-09-24 10:31:28,443 - workers.proxy_pool - INFO - _worker_loop:460 - [2m2025-09-24T05:01:28.443864Z[0m [[32m[1minfo     [0m] [1m📋 Worker picked up command from queue[0m [[0m[1m[34mworkers.proxy_pool[0m][0m [36mcommand_id[0m=[35mOrder_Details_page_1[0m [36mentity[0m=[35mOrder_Details[0m [36mqueue_size_after_pickup[0m=[35m26[0m [36mworker_id[0m=[35mworker_1[0m [36mworker_status[0m=[35mPROCESSING[0m
2025-09-24 10:31:28,443 - workers.proxy_pool - INFO - execute:59 - [2m2025-09-24T05:01:28.443864Z[0m [[32m[1minfo     [0m] [1m🚀 Worker starting command execution[0m [[0m[1m[34mworkers.proxy_pool[0m][0m [36mcommand_id[0m=[35mOrder_Details_page_1[0m [36mcommand_type[0m=[35mfetch_page[0m [36mentity[0m=[35mOrder_Details[0m [36mpriority[0m=[35m1[0m [36mretry_count[0m=[35m0[0m [36mskip[0m=[35m0[0m [36mtop[0m=[35m1500[0m [36mworker_id[0m=[35mworker_1[0m
2025-09-24 10:31:28,443 - workers.proxy_pool - INFO - execute:82 - [2m2025-09-24T05:01:28.443864Z[0m [[32m[1minfo     [0m] [1m🔄 Worker executing request with resilience patterns[0m [[0m[1m[34mworkers.proxy_pool[0m][0m [36mcircuit_breaker_state[0m=[35mclosed[0m [36mcommand_id[0m=[35mOrder_Details_page_1[0m [36mworker_id[0m=[35mworker_1[0m
2025-09-24 10:31:28,443 - workers.proxy_pool - INFO - _worker_loop:437 - [2m2025-09-24T05:01:28.443864Z[0m [[32m[1minfo     [0m] [1m🟢 Worker started and ready for commands[0m [[0m[1m[34mworkers.proxy_pool[0m][0m [36mworker_id[0m=[35mworker_2[0m [36mworker_status[0m=[35mACTIVE[0m
2025-09-24 10:31:28,443 - workers.proxy_pool - INFO - _worker_loop:460 - [2m2025-09-24T05:01:28.443864Z[0m [[32m[1minfo     [0m] [1m📋 Worker picked up command from queue[0m [[0m[1m[34mworkers.proxy_pool[0m][0m [36mcommand_id[0m=[35mOrder_Details_page_2[0m [36mentity[0m=[35mOrder_Details[0m [36mqueue_size_after_pickup[0m=[35m25[0m [36mworker_id[0m=[35mworker_2[0m [36mworker_status[0m=[35mPROCESSING[0m
2025-09-24 10:31:28,443 - workers.proxy_pool - INFO - execute:59 - [2m2025-09-24T05:01:28.443864Z[0m [[32m[1minfo     [0m] [1m🚀 Worker starting command execution[0m [[0m[1m[34mworkers.proxy_pool[0m][0m [36mcommand_id[0m=[35mOrder_Details_page_2[0m [36mcommand_type[0m=[35mfetch_page[0m [36mentity[0m=[35mOrder_Details[0m [36mpriority[0m=[35m1[0m [36mretry_count[0m=[35m0[0m [36mskip[0m=[35m1500[0m [36mtop[0m=[35m1500[0m [36mworker_id[0m=[35mworker_2[0m
2025-09-24 10:31:28,443 - workers.proxy_pool - INFO - execute:82 - [2m2025-09-24T05:01:28.443864Z[0m [[32m[1minfo     [0m] [1m🔄 Worker executing request with resilience patterns[0m [[0m[1m[34mworkers.proxy_pool[0m][0m [36mcircuit_breaker_state[0m=[35mclosed[0m [36mcommand_id[0m=[35mOrder_Details_page_2[0m [36mworker_id[0m=[35mworker_2[0m
2025-09-24 10:31:28,443 - httpcore.http11 - DEBUG - atrace:87 - send_request_headers.started request=<Request [b'GET']>
2025-09-24 10:31:28,443 - httpcore.http11 - DEBUG - atrace:87 - send_request_headers.complete
2025-09-24 10:31:28,443 - httpcore.http11 - DEBUG - atrace:87 - send_request_body.started request=<Request [b'GET']>
2025-09-24 10:31:28,443 - httpcore.http11 - DEBUG - atrace:87 - send_request_body.complete
2025-09-24 10:31:28,443 - httpcore.http11 - DEBUG - atrace:87 - receive_response_headers.started request=<Request [b'GET']>
2025-09-24 10:31:28,443 - httpcore.connection - DEBUG - atrace:87 - connect_tcp.started host='services.odata.org' port=443 local_address=None timeout=30 socket_options=None
2025-09-24 10:31:28,443 - httpcore.connection - DEBUG - atrace:87 - connect_tcp.started host='services.odata.org' port=443 local_address=None timeout=30 socket_options=None
2025-09-24 10:31:28,717 - httpcore.http11 - DEBUG - atrace:87 - receive_response_headers.complete return_value=(b'HTTP/1.1', 200, b'OK', [(b'Content-Length', b'3863'), (b'Content-Type', b'application/json;odata.metadata=minimal;odata.streaming=true;IEEE754Compatible=false;charset=utf-8'), (b'Date', b'Wed, 24 Sep 2025 05:01:29 GMT'), (b'Server', b'Microsoft-IIS/10.0'), (b'Access-Control-Allow-Headers', b'Accept, Origin, Content-Type, MaxDataServiceVersion'), (b'Access-Control-Allow-Methods', b'GET'), (b'Access-Control-Allow-Origin', b'*'), (b'Access-Control-Expose-Headers', b'DataServiceVersion'), (b'Cache-Control', b'private'), (b'Content-Encoding', b'gzip'), (b'Expires', b'Wed, 24 Sep 2025 05:02:29 GMT'), (b'Vary', b'*'), (b'X-Content-Type-Options', b'nosniff'), (b'OData-Version', b'4.0;'), (b'X-AspNet-Version', b'4.0.30319'), (b'X-Powered-By', b'ASP.NET')])
2025-09-24 10:31:28,717 - httpx - INFO - _send_single_request:1740 - HTTP Request: GET https://services.odata.org/V4/Northwind/Northwind.svc/Alphabetical_list_of_products?%24skip=0&%24top=69 "HTTP/1.1 200 OK"
2025-09-24 10:31:28,717 - httpcore.http11 - DEBUG - atrace:87 - receive_response_body.started request=<Request [b'GET']>
2025-09-24 10:31:28,717 - httpcore.http11 - DEBUG - atrace:87 - receive_response_body.complete
2025-09-24 10:31:28,717 - httpcore.http11 - DEBUG - atrace:87 - response_closed.started
2025-09-24 10:31:28,717 - httpcore.http11 - DEBUG - atrace:87 - response_closed.complete
2025-09-24 10:31:28,717 - planning.record_tracker - INFO - add_page_records:38 - [2m2025-09-24T05:01:28.717897Z[0m [[32m[1minfo     [0m] [1m✅ Entity record fetching complete[0m [[0m[1m[34mplanning.record_tracker[0m][0m [36mentity[0m=[35mAlphabetical_list_of_products[0m [36mfetched[0m=[35m69[0m [36mtarget[0m=[35m69[0m
2025-09-24 10:31:28,717 - workers.proxy_pool - INFO - _make_http_request:243 - [2m2025-09-24T05:01:28.717897Z[0m [[32m[1minfo     [0m] [1m🎯 Stopping pagination due to record limits[0m [[0m[1m[34mworkers.proxy_pool[0m][0m [36mcommand_id[0m=[35mAlphabetical_list_of_products_page_1[0m [36mentity[0m=[35mAlphabetical_list_of_products[0m [36mentity_complete[0m=[35mTrue[0m [36mglobal_limit_reached[0m=[35mNone[0m [36mworker_id[0m=[35mworker_0[0m
2025-09-24 10:31:28,717 - workers.proxy_pool - INFO - _make_http_request:250 - [2m2025-09-24T05:01:28.717897Z[0m [[32m[1minfo     [0m] [1m📊 Worker successfully fetched data[0m [[0m[1m[34mworkers.proxy_pool[0m][0m [36mactual_records_added[0m=[35m69[0m [36mcommand_id[0m=[35mAlphabetical_list_of_products_page_1[0m [36mentity[0m=[35mAlphabetical_list_of_products[0m [36mentity_total_fetched[0m=[35m69[0m [36mglobal_total_fetched[0m=[35m69[0m [36mhas_next_page[0m=[35mFalse[0m [36mrecords_in_response[0m=[35m69[0m [36mworker_id[0m=[35mworker_0[0m
2025-09-24 10:31:28,717 - workers.proxy_pool - INFO - execute:110 - [2m2025-09-24T05:01:28.717897Z[0m [[32m[1minfo     [0m] [1m✅ Worker completed command successfully[0m [[0m[1m[34mworkers.proxy_pool[0m][0m [36mcommand_id[0m=[35mAlphabetical_list_of_products_page_1[0m [36mentity[0m=[35mAlphabetical_list_of_products[0m [36mexecution_time_seconds[0m=[35m0.28[0m [36mhas_next_page[0m=[35mFalse[0m [36mrecords_fetched[0m=[35m69[0m [36mworker_id[0m=[35mworker_0[0m
2025-09-24 10:31:28,717 - workers.proxy_pool - INFO - _worker_loop:460 - [2m2025-09-24T05:01:28.717897Z[0m [[32m[1minfo     [0m] [1m📋 Worker picked up command from queue[0m [[0m[1m[34mworkers.proxy_pool[0m][0m [36mcommand_id[0m=[35mProduct_Sales_for_1997_page_1[0m [36mentity[0m=[35mProduct_Sales_for_1997[0m [36mqueue_size_after_pickup[0m=[35m24[0m [36mworker_id[0m=[35mworker_0[0m [36mworker_status[0m=[35mPROCESSING[0m
2025-09-24 10:31:28,717 - workers.proxy_pool - INFO - execute:59 - [2m2025-09-24T05:01:28.717897Z[0m [[32m[1minfo     [0m] [1m🚀 Worker starting command execution[0m [[0m[1m[34mworkers.proxy_pool[0m][0m [36mcommand_id[0m=[35mProduct_Sales_for_1997_page_1[0m [36mcommand_type[0m=[35mfetch_page[0m [36mentity[0m=[35mProduct_Sales_for_1997[0m [36mpriority[0m=[35m1[0m [36mretry_count[0m=[35m0[0m [36mskip[0m=[35m0[0m [36mtop[0m=[35m1500[0m [36mworker_id[0m=[35mworker_0[0m
2025-09-24 10:31:28,717 - workers.proxy_pool - INFO - execute:82 - [2m2025-09-24T05:01:28.717897Z[0m [[32m[1minfo     [0m] [1m🔄 Worker executing request with resilience patterns[0m [[0m[1m[34mworkers.proxy_pool[0m][0m [36mcircuit_breaker_state[0m=[35mclosed[0m [36mcommand_id[0m=[35mProduct_Sales_for_1997_page_1[0m [36mworker_id[0m=[35mworker_0[0m
2025-09-24 10:31:28,717 - planning.record_tracker - INFO - calculate_optimal_batch_size:206 - [2m2025-09-24T05:01:28.717897Z[0m [[32m[1minfo     [0m] [1mAdjusted batch size to prevent overfetching[0m [[0m[1m[34mplanning.record_tracker[0m][0m [36mdefault_size[0m=[35m1500[0m [36mentity[0m=[35mProduct_Sales_for_1997[0m [36moptimal_size[0m=[35m77[0m [36mremaining_records[0m=[35m77[0m
2025-09-24 10:31:28,717 - workers.proxy_pool - INFO - _make_http_request:177 - [2m2025-09-24T05:01:28.717897Z[0m [[32m[1minfo     [0m] [1m📏 Adjusted batch size for optimal fetching[0m [[0m[1m[34mworkers.proxy_pool[0m][0m [36mcommand_id[0m=[35mProduct_Sales_for_1997_page_1[0m [36mentity[0m=[35mProduct_Sales_for_1997[0m [36moptimal_top[0m=[35m77[0m [36moriginal_top[0m=[35m1500[0m [36mworker_id[0m=[35mworker_0[0m
2025-09-24 10:31:28,717 - storage.transformer - INFO - transform_odata_response:62 - [2m2025-09-24T05:01:28.717897Z[0m [[32m[1minfo     [0m] [1mStarting transformation       [0m [[0m[1m[34mstorage.transformer[0m][0m [36mentity_name[0m=[35mAlphabetical_list_of_products[0m [36mresponse_keys[0m=[35m['@odata.context', 'value'][0m
2025-09-24 10:31:28,717 - storage.transformer - INFO - transform_odata_response:101 - [2m2025-09-24T05:01:28.717897Z[0m [[32m[1minfo     [0m] [1mTransformation completed      [0m [[0m[1m[34mstorage.transformer[0m][0m [36mentity_name[0m=[35mAlphabetical_list_of_products[0m [36minput_records[0m=[35m69[0m [36moutput_records[0m=[35m69[0m [36mtransformation_time_seconds[0m=[35m0.0[0m
2025-09-24 10:31:28,717 - storage.local_storage - INFO - store_processed_records:145 - [2m2025-09-24T05:01:28.717897Z[0m [[32m[1minfo     [0m] [1mStoring processed records     [0m [[0m[1m[34mstorage.local_storage[0m][0m [36mentity_name[0m=[35mAlphabetical_list_of_products[0m [36mformat[0m=[35mjson[0m [36mrecord_count[0m=[35m69[0m
2025-09-24 10:31:28,734 - storage.local_storage - INFO - store_processed_records:160 - [2m2025-09-24T05:01:28.733997Z[0m [[32m[1minfo     [0m] [1mSuccessfully stored processed records[0m [[0m[1m[34mstorage.local_storage[0m][0m [36mentity_name[0m=[35mAlphabetical_list_of_products[0m [36mfile_path[0m=[35m./test_output/processed\Alphabetical_list_of_products_20250924_050128.json[0m [36mrecord_count[0m=[35m69[0m [36mstorage_time_seconds[0m=[35m0.016[0m
2025-09-24 10:31:28,737 - storage.local_storage - INFO - store_raw_response:89 - [2m2025-09-24T05:01:28.737879Z[0m [[32m[1minfo     [0m] [1mSuccessfully stored raw data  [0m [[0m[1m[34mstorage.local_storage[0m][0m [36mentity_name[0m=[35mAlphabetical_list_of_products[0m [36mfile_path[0m=[35m./test_output/raw\Alphabetical_list_of_products\2025/09/24\05\Alphabetical_list_of_products_page_1.json[0m [36msize_bytes[0m=[35m25179[0m [36mstorage_time_seconds[0m=[35m0.0[0m
2025-09-24 10:31:28,737 - httpcore.http11 - DEBUG - atrace:87 - send_request_headers.started request=<Request [b'GET']>
2025-09-24 10:31:28,737 - httpcore.http11 - DEBUG - atrace:87 - send_request_headers.complete
2025-09-24 10:31:28,737 - httpcore.http11 - DEBUG - atrace:87 - send_request_body.started request=<Request [b'GET']>
2025-09-24 10:31:28,737 - httpcore.http11 - DEBUG - atrace:87 - send_request_body.complete
2025-09-24 10:31:28,737 - httpcore.http11 - DEBUG - atrace:87 - receive_response_headers.started request=<Request [b'GET']>
2025-09-24 10:31:28,737 - httpcore.connection - DEBUG - atrace:87 - connect_tcp.complete return_value=<httpcore._backends.anyio.AnyIOStream object at 0x000002119A797D70>
2025-09-24 10:31:28,737 - httpcore.connection - DEBUG - atrace:87 - start_tls.started ssl_context=<ssl.SSLContext object at 0x000002119A349B50> server_hostname='services.odata.org' timeout=30
2025-09-24 10:31:28,744 - httpcore.connection - DEBUG - atrace:87 - connect_tcp.complete return_value=<httpcore._backends.anyio.AnyIOStream object at 0x000002119A797EF0>
2025-09-24 10:31:28,744 - httpcore.connection - DEBUG - atrace:87 - start_tls.started ssl_context=<ssl.SSLContext object at 0x000002119A349B50> server_hostname='services.odata.org' timeout=30
2025-09-24 10:31:29,218 - httpcore.connection - DEBUG - atrace:87 - start_tls.complete return_value=<httpcore._backends.anyio.AnyIOStream object at 0x000002119A797E60>
2025-09-24 10:31:29,218 - httpcore.http11 - DEBUG - atrace:87 - send_request_headers.started request=<Request [b'GET']>
2025-09-24 10:31:29,218 - httpcore.http11 - DEBUG - atrace:87 - send_request_headers.complete
2025-09-24 10:31:29,218 - httpcore.http11 - DEBUG - atrace:87 - send_request_body.started request=<Request [b'GET']>
2025-09-24 10:31:29,218 - httpcore.http11 - DEBUG - atrace:87 - send_request_body.complete
2025-09-24 10:31:29,218 - httpcore.http11 - DEBUG - atrace:87 - receive_response_headers.started request=<Request [b'GET']>
2025-09-24 10:31:29,552 - httpcore.http11 - DEBUG - atrace:87 - receive_response_headers.complete return_value=(b'HTTP/1.1', 200, b'OK', [(b'Content-Length', b'6023'), (b'Content-Type', b'application/json;odata.metadata=minimal;odata.streaming=true;IEEE754Compatible=false;charset=utf-8'), (b'Date', b'Wed, 24 Sep 2025 05:01:29 GMT'), (b'Server', b'Microsoft-IIS/10.0'), (b'Access-Control-Allow-Headers', b'Accept, Origin, Content-Type, MaxDataServiceVersion'), (b'Access-Control-Allow-Methods', b'GET'), (b'Access-Control-Allow-Origin', b'*'), (b'Access-Control-Expose-Headers', b'DataServiceVersion'), (b'Cache-Control', b'private'), (b'Content-Encoding', b'gzip'), (b'Expires', b'Wed, 24 Sep 2025 05:02:29 GMT'), (b'Vary', b'*'), (b'X-Content-Type-Options', b'nosniff'), (b'OData-Version', b'4.0;'), (b'X-AspNet-Version', b'4.0.30319'), (b'X-Powered-By', b'ASP.NET')])
2025-09-24 10:31:29,552 - httpx - INFO - _send_single_request:1740 - HTTP Request: GET https://services.odata.org/V4/Northwind/Northwind.svc/Order_Details?%24skip=0&%24top=1500 "HTTP/1.1 200 OK"
2025-09-24 10:31:29,552 - httpcore.http11 - DEBUG - atrace:87 - receive_response_body.started request=<Request [b'GET']>
2025-09-24 10:31:29,552 - httpcore.http11 - DEBUG - atrace:87 - receive_response_body.complete
2025-09-24 10:31:29,552 - httpcore.http11 - DEBUG - atrace:87 - response_closed.started
2025-09-24 10:31:29,552 - httpcore.http11 - DEBUG - atrace:87 - response_closed.complete
2025-09-24 10:31:29,566 - workers.proxy_pool - INFO - _make_http_request:250 - [2m2025-09-24T05:01:29.552892Z[0m [[32m[1minfo     [0m] [1m📊 Worker successfully fetched data[0m [[0m[1m[34mworkers.proxy_pool[0m][0m [36mactual_records_added[0m=[35m500[0m [36mcommand_id[0m=[35mOrder_Details_page_1[0m [36mentity[0m=[35mOrder_Details[0m [36mentity_total_fetched[0m=[35m500[0m [36mglobal_total_fetched[0m=[35m569[0m [36mhas_next_page[0m=[35mTrue[0m [36mrecords_in_response[0m=[35m500[0m [36mworker_id[0m=[35mworker_1[0m
2025-09-24 10:31:29,566 - workers.proxy_pool - INFO - execute:110 - [2m2025-09-24T05:01:29.566887Z[0m [[32m[1minfo     [0m] [1m✅ Worker completed command successfully[0m [[0m[1m[34mworkers.proxy_pool[0m][0m [36mcommand_id[0m=[35mOrder_Details_page_1[0m [36mentity[0m=[35mOrder_Details[0m [36mexecution_time_seconds[0m=[35m1.12[0m [36mhas_next_page[0m=[35mTrue[0m [36mrecords_fetched[0m=[35m500[0m [36mworker_id[0m=[35mworker_1[0m
2025-09-24 10:31:29,569 - workers.proxy_pool - INFO - _worker_loop:460 - [2m2025-09-24T05:01:29.568052Z[0m [[32m[1minfo     [0m] [1m📋 Worker picked up command from queue[0m [[0m[1m[34mworkers.proxy_pool[0m][0m [36mcommand_id[0m=[35mSales_by_Categories_page_1[0m [36mentity[0m=[35mSales_by_Categories[0m [36mqueue_size_after_pickup[0m=[35m23[0m [36mworker_id[0m=[35mworker_1[0m [36mworker_status[0m=[35mPROCESSING[0m
2025-09-24 10:31:29,569 - workers.proxy_pool - INFO - execute:59 - [2m2025-09-24T05:01:29.569078Z[0m [[32m[1minfo     [0m] [1m🚀 Worker starting command execution[0m [[0m[1m[34mworkers.proxy_pool[0m][0m [36mcommand_id[0m=[35mSales_by_Categories_page_1[0m [36mcommand_type[0m=[35mfetch_page[0m [36mentity[0m=[35mSales_by_Categories[0m [36mpriority[0m=[35m1[0m [36mretry_count[0m=[35m0[0m [36mskip[0m=[35m0[0m [36mtop[0m=[35m1500[0m [36mworker_id[0m=[35mworker_1[0m
2025-09-24 10:31:29,569 - workers.proxy_pool - INFO - execute:82 - [2m2025-09-24T05:01:29.569078Z[0m [[32m[1minfo     [0m] [1m🔄 Worker executing request with resilience patterns[0m [[0m[1m[34mworkers.proxy_pool[0m][0m [36mcircuit_breaker_state[0m=[35mclosed[0m [36mcommand_id[0m=[35mSales_by_Categories_page_1[0m [36mworker_id[0m=[35mworker_1[0m
2025-09-24 10:31:29,569 - planning.record_tracker - INFO - calculate_optimal_batch_size:206 - [2m2025-09-24T05:01:29.569078Z[0m [[32m[1minfo     [0m] [1mAdjusted batch size to prevent overfetching[0m [[0m[1m[34mplanning.record_tracker[0m][0m [36mdefault_size[0m=[35m1500[0m [36mentity[0m=[35mSales_by_Categories[0m [36moptimal_size[0m=[35m77[0m [36mremaining_records[0m=[35m77[0m
2025-09-24 10:31:29,569 - workers.proxy_pool - INFO - _make_http_request:177 - [2m2025-09-24T05:01:29.569078Z[0m [[32m[1minfo     [0m] [1m📏 Adjusted batch size for optimal fetching[0m [[0m[1m[34mworkers.proxy_pool[0m][0m [36mcommand_id[0m=[35mSales_by_Categories_page_1[0m [36mentity[0m=[35mSales_by_Categories[0m [36moptimal_top[0m=[35m77[0m [36moriginal_top[0m=[35m1500[0m [36mworker_id[0m=[35mworker_1[0m
2025-09-24 10:31:29,569 - storage.transformer - INFO - transform_odata_response:62 - [2m2025-09-24T05:01:29.569078Z[0m [[32m[1minfo     [0m] [1mStarting transformation       [0m [[0m[1m[34mstorage.transformer[0m][0m [36mentity_name[0m=[35mOrder_Details[0m [36mresponse_keys[0m=[35m['@odata.context', 'value', '@odata.nextLink'][0m
2025-09-24 10:31:29,575 - storage.transformer - INFO - transform_odata_response:101 - [2m2025-09-24T05:01:29.575634Z[0m [[32m[1minfo     [0m] [1mTransformation completed      [0m [[0m[1m[34mstorage.transformer[0m][0m [36mentity_name[0m=[35mOrder_Details[0m [36minput_records[0m=[35m500[0m [36moutput_records[0m=[35m500[0m [36mtransformation_time_seconds[0m=[35m0.016[0m
2025-09-24 10:31:29,575 - storage.local_storage - INFO - store_processed_records:145 - [2m2025-09-24T05:01:29.575634Z[0m [[32m[1minfo     [0m] [1mStoring processed records     [0m [[0m[1m[34mstorage.local_storage[0m][0m [36mentity_name[0m=[35mOrder_Details[0m [36mformat[0m=[35mjson[0m [36mrecord_count[0m=[35m500[0m
2025-09-24 10:31:29,580 - storage.local_storage - INFO - store_processed_records:160 - [2m2025-09-24T05:01:29.580652Z[0m [[32m[1minfo     [0m] [1mSuccessfully stored processed records[0m [[0m[1m[34mstorage.local_storage[0m][0m [36mentity_name[0m=[35mOrder_Details[0m [36mfile_path[0m=[35m./test_output/processed\Order_Details_20250924_050129.json[0m [36mrecord_count[0m=[35m500[0m [36mstorage_time_seconds[0m=[35m0.0[0m
2025-09-24 10:31:29,585 - storage.local_storage - INFO - store_raw_response:89 - [2m2025-09-24T05:01:29.585208Z[0m [[32m[1minfo     [0m] [1mSuccessfully stored raw data  [0m [[0m[1m[34mstorage.local_storage[0m][0m [36mentity_name[0m=[35mOrder_Details[0m [36mfile_path[0m=[35m./test_output/raw\Order_Details\2025/09/24\05\Order_Details_page_1.json[0m [36msize_bytes[0m=[35m71134[0m [36mstorage_time_seconds[0m=[35m0.0[0m
2025-09-24 10:31:29,586 - httpcore.http11 - DEBUG - atrace:87 - send_request_headers.started request=<Request [b'GET']>
2025-09-24 10:31:29,587 - httpcore.http11 - DEBUG - atrace:87 - send_request_headers.complete
2025-09-24 10:31:29,587 - httpcore.http11 - DEBUG - atrace:87 - send_request_body.started request=<Request [b'GET']>
2025-09-24 10:31:29,587 - httpcore.http11 - DEBUG - atrace:87 - send_request_body.complete
2025-09-24 10:31:29,587 - httpcore.http11 - DEBUG - atrace:87 - receive_response_headers.started request=<Request [b'GET']>
2025-09-24 10:31:29,718 - httpcore.http11 - DEBUG - atrace:87 - receive_response_headers.complete return_value=(b'HTTP/1.1', 200, b'OK', [(b'Content-Length', b'2134'), (b'Content-Type', b'application/json;odata.metadata=minimal;odata.streaming=true;IEEE754Compatible=false;charset=utf-8'), (b'Date', b'Wed, 24 Sep 2025 05:01:29 GMT'), (b'Server', b'Microsoft-IIS/10.0'), (b'Access-Control-Allow-Headers', b'Accept, Origin, Content-Type, MaxDataServiceVersion'), (b'Access-Control-Allow-Methods', b'GET'), (b'Access-Control-Allow-Origin', b'*'), (b'Access-Control-Expose-Headers', b'DataServiceVersion'), (b'Cache-Control', b'private'), (b'Content-Encoding', b'gzip'), (b'Expires', b'Wed, 24 Sep 2025 05:02:29 GMT'), (b'Vary', b'*'), (b'X-Content-Type-Options', b'nosniff'), (b'OData-Version', b'4.0;'), (b'X-AspNet-Version', b'4.0.30319'), (b'X-Powered-By', b'ASP.NET')])
2025-09-24 10:31:29,718 - httpx - INFO - _send_single_request:1740 - HTTP Request: GET https://services.odata.org/V4/Northwind/Northwind.svc/Product_Sales_for_1997?%24skip=0&%24top=77 "HTTP/1.1 200 OK"
2025-09-24 10:31:29,718 - httpcore.http11 - DEBUG - atrace:87 - receive_response_body.started request=<Request [b'GET']>
2025-09-24 10:31:29,718 - httpcore.http11 - DEBUG - atrace:87 - receive_response_body.complete
2025-09-24 10:31:29,718 - httpcore.http11 - DEBUG - atrace:87 - response_closed.started
2025-09-24 10:31:29,718 - httpcore.http11 - DEBUG - atrace:87 - response_closed.complete
2025-09-24 10:31:29,718 - planning.record_tracker - INFO - add_page_records:38 - [2m2025-09-24T05:01:29.718056Z[0m [[32m[1minfo     [0m] [1m✅ Entity record fetching complete[0m [[0m[1m[34mplanning.record_tracker[0m][0m [36mentity[0m=[35mProduct_Sales_for_1997[0m [36mfetched[0m=[35m77[0m [36mtarget[0m=[35m77[0m
2025-09-24 10:31:29,718 - workers.proxy_pool - INFO - _make_http_request:243 - [2m2025-09-24T05:01:29.718056Z[0m [[32m[1minfo     [0m] [1m🎯 Stopping pagination due to record limits[0m [[0m[1m[34mworkers.proxy_pool[0m][0m [36mcommand_id[0m=[35mProduct_Sales_for_1997_page_1[0m [36mentity[0m=[35mProduct_Sales_for_1997[0m [36mentity_complete[0m=[35mTrue[0m [36mglobal_limit_reached[0m=[35mNone[0m [36mworker_id[0m=[35mworker_0[0m
2025-09-24 10:31:29,718 - workers.proxy_pool - INFO - _make_http_request:250 - [2m2025-09-24T05:01:29.718056Z[0m [[32m[1minfo     [0m] [1m📊 Worker successfully fetched data[0m [[0m[1m[34mworkers.proxy_pool[0m][0m [36mactual_records_added[0m=[35m77[0m [36mcommand_id[0m=[35mProduct_Sales_for_1997_page_1[0m [36mentity[0m=[35mProduct_Sales_for_1997[0m [36mentity_total_fetched[0m=[35m77[0m [36mglobal_total_fetched[0m=[35m646[0m [36mhas_next_page[0m=[35mFalse[0m [36mrecords_in_response[0m=[35m77[0m [36mworker_id[0m=[35mworker_0[0m
2025-09-24 10:31:29,733 - workers.proxy_pool - INFO - execute:110 - [2m2025-09-24T05:01:29.733485Z[0m [[32m[1minfo     [0m] [1m✅ Worker completed command successfully[0m [[0m[1m[34mworkers.proxy_pool[0m][0m [36mcommand_id[0m=[35mProduct_Sales_for_1997_page_1[0m [36mentity[0m=[35mProduct_Sales_for_1997[0m [36mexecution_time_seconds[0m=[35m1.02[0m [36mhas_next_page[0m=[35mFalse[0m [36mrecords_fetched[0m=[35m77[0m [36mworker_id[0m=[35mworker_0[0m
2025-09-24 10:31:29,734 - workers.proxy_pool - INFO - _worker_loop:460 - [2m2025-09-24T05:01:29.734202Z[0m [[32m[1minfo     [0m] [1m📋 Worker picked up command from queue[0m [[0m[1m[34mworkers.proxy_pool[0m][0m [36mcommand_id[0m=[35mTerritories_page_1[0m [36mentity[0m=[35mTerritories[0m [36mqueue_size_after_pickup[0m=[35m23[0m [36mworker_id[0m=[35mworker_0[0m [36mworker_status[0m=[35mPROCESSING[0m
2025-09-24 10:31:29,735 - workers.proxy_pool - INFO - execute:59 - [2m2025-09-24T05:01:29.735139Z[0m [[32m[1minfo     [0m] [1m🚀 Worker starting command execution[0m [[0m[1m[34mworkers.proxy_pool[0m][0m [36mcommand_id[0m=[35mTerritories_page_1[0m [36mcommand_type[0m=[35mfetch_page[0m [36mentity[0m=[35mTerritories[0m [36mpriority[0m=[35m1[0m [36mretry_count[0m=[35m0[0m [36mskip[0m=[35m0[0m [36mtop[0m=[35m1500[0m [36mworker_id[0m=[35mworker_0[0m
2025-09-24 10:31:29,735 - workers.proxy_pool - INFO - execute:82 - [2m2025-09-24T05:01:29.735139Z[0m [[32m[1minfo     [0m] [1m🔄 Worker executing request with resilience patterns[0m [[0m[1m[34mworkers.proxy_pool[0m][0m [36mcircuit_breaker_state[0m=[35mclosed[0m [36mcommand_id[0m=[35mTerritories_page_1[0m [36mworker_id[0m=[35mworker_0[0m
2025-09-24 10:31:29,735 - planning.record_tracker - INFO - calculate_optimal_batch_size:206 - [2m2025-09-24T05:01:29.735139Z[0m [[32m[1minfo     [0m] [1mAdjusted batch size to prevent overfetching[0m [[0m[1m[34mplanning.record_tracker[0m][0m [36mdefault_size[0m=[35m1500[0m [36mentity[0m=[35mTerritories[0m [36moptimal_size[0m=[35m53[0m [36mremaining_records[0m=[35m53[0m
2025-09-24 10:31:29,735 - workers.proxy_pool - INFO - _make_http_request:177 - [2m2025-09-24T05:01:29.735139Z[0m [[32m[1minfo     [0m] [1m📏 Adjusted batch size for optimal fetching[0m [[0m[1m[34mworkers.proxy_pool[0m][0m [36mcommand_id[0m=[35mTerritories_page_1[0m [36mentity[0m=[35mTerritories[0m [36moptimal_top[0m=[35m53[0m [36moriginal_top[0m=[35m1500[0m [36mworker_id[0m=[35mworker_0[0m
2025-09-24 10:31:29,737 - storage.transformer - INFO - transform_odata_response:62 - [2m2025-09-24T05:01:29.737685Z[0m [[32m[1minfo     [0m] [1mStarting transformation       [0m [[0m[1m[34mstorage.transformer[0m][0m [36mentity_name[0m=[35mProduct_Sales_for_1997[0m [36mresponse_keys[0m=[35m['@odata.context', 'value'][0m
2025-09-24 10:31:29,737 - storage.transformer - INFO - transform_odata_response:101 - [2m2025-09-24T05:01:29.737685Z[0m [[32m[1minfo     [0m] [1mTransformation completed      [0m [[0m[1m[34mstorage.transformer[0m][0m [36mentity_name[0m=[35mProduct_Sales_for_1997[0m [36minput_records[0m=[35m77[0m [36moutput_records[0m=[35m77[0m [36mtransformation_time_seconds[0m=[35m0.0[0m
2025-09-24 10:31:29,737 - storage.local_storage - INFO - store_processed_records:145 - [2m2025-09-24T05:01:29.737685Z[0m [[32m[1minfo     [0m] [1mStoring processed records     [0m [[0m[1m[34mstorage.local_storage[0m][0m [36mentity_name[0m=[35mProduct_Sales_for_1997[0m [36mformat[0m=[35mjson[0m [36mrecord_count[0m=[35m77[0m
2025-09-24 10:31:29,741 - storage.local_storage - INFO - store_processed_records:160 - [2m2025-09-24T05:01:29.741732Z[0m [[32m[1minfo     [0m] [1mSuccessfully stored processed records[0m [[0m[1m[34mstorage.local_storage[0m][0m [36mentity_name[0m=[35mProduct_Sales_for_1997[0m [36mfile_path[0m=[35m./test_output/processed\Product_Sales_for_1997_20250924_050129.json[0m [36mrecord_count[0m=[35m77[0m [36mstorage_time_seconds[0m=[35m0.015[0m
2025-09-24 10:31:29,743 - storage.local_storage - INFO - store_raw_response:89 - [2m2025-09-24T05:01:29.743867Z[0m [[32m[1minfo     [0m] [1mSuccessfully stored raw data  [0m [[0m[1m[34mstorage.local_storage[0m][0m [36mentity_name[0m=[35mProduct_Sales_for_1997[0m [36mfile_path[0m=[35m./test_output/raw\Product_Sales_for_1997\2025/09/24\05\Product_Sales_for_1997_page_1.json[0m [36msize_bytes[0m=[35m10385[0m [36mstorage_time_seconds[0m=[35m0.0[0m
2025-09-24 10:31:29,743 - httpcore.http11 - DEBUG - atrace:87 - send_request_headers.started request=<Request [b'GET']>
2025-09-24 10:31:29,743 - httpcore.http11 - DEBUG - atrace:87 - send_request_headers.complete
2025-09-24 10:31:29,743 - httpcore.http11 - DEBUG - atrace:87 - send_request_body.started request=<Request [b'GET']>
2025-09-24 10:31:29,743 - httpcore.http11 - DEBUG - atrace:87 - send_request_body.complete
2025-09-24 10:31:29,743 - httpcore.http11 - DEBUG - atrace:87 - receive_response_headers.started request=<Request [b'GET']>
2025-09-24 10:31:29,839 - httpcore.http11 - DEBUG - atrace:87 - receive_response_headers.complete return_value=(b'HTTP/1.1', 200, b'OK', [(b'Content-Length', b'2173'), (b'Content-Type', b'application/json;odata.metadata=minimal;odata.streaming=true;IEEE754Compatible=false;charset=utf-8'), (b'Date', b'Wed, 24 Sep 2025 05:01:30 GMT'), (b'Server', b'Microsoft-IIS/10.0'), (b'Access-Control-Allow-Headers', b'Accept, Origin, Content-Type, MaxDataServiceVersion'), (b'Access-Control-Allow-Methods', b'GET'), (b'Access-Control-Allow-Origin', b'*'), (b'Access-Control-Expose-Headers', b'DataServiceVersion'), (b'Cache-Control', b'private'), (b'Content-Encoding', b'gzip'), (b'Expires', b'Wed, 24 Sep 2025 05:02:30 GMT'), (b'Vary', b'*'), (b'X-Content-Type-Options', b'nosniff'), (b'OData-Version', b'4.0;'), (b'X-AspNet-Version', b'4.0.30319'), (b'X-Powered-By', b'ASP.NET')])
2025-09-24 10:31:29,839 - httpx - INFO - _send_single_request:1740 - HTTP Request: GET https://services.odata.org/V4/Northwind/Northwind.svc/Sales_by_Categories?%24skip=0&%24top=77 "HTTP/1.1 200 OK"
2025-09-24 10:31:29,840 - httpcore.http11 - DEBUG - atrace:87 - receive_response_body.started request=<Request [b'GET']>
2025-09-24 10:31:29,840 - httpcore.http11 - DEBUG - atrace:87 - receive_response_body.complete
2025-09-24 10:31:29,840 - httpcore.http11 - DEBUG - atrace:87 - response_closed.started
2025-09-24 10:31:29,840 - httpcore.http11 - DEBUG - atrace:87 - response_closed.complete
2025-09-24 10:31:29,841 - planning.record_tracker - INFO - add_page_records:38 - [2m2025-09-24T05:01:29.841593Z[0m [[32m[1minfo     [0m] [1m✅ Entity record fetching complete[0m [[0m[1m[34mplanning.record_tracker[0m][0m [36mentity[0m=[35mSales_by_Categories[0m [36mfetched[0m=[35m77[0m [36mtarget[0m=[35m77[0m
2025-09-24 10:31:29,841 - workers.proxy_pool - INFO - _make_http_request:243 - [2m2025-09-24T05:01:29.841593Z[0m [[32m[1minfo     [0m] [1m🎯 Stopping pagination due to record limits[0m [[0m[1m[34mworkers.proxy_pool[0m][0m [36mcommand_id[0m=[35mSales_by_Categories_page_1[0m [36mentity[0m=[35mSales_by_Categories[0m [36mentity_complete[0m=[35mTrue[0m [36mglobal_limit_reached[0m=[35mNone[0m [36mworker_id[0m=[35mworker_1[0m
2025-09-24 10:31:29,841 - workers.proxy_pool - INFO - _make_http_request:250 - [2m2025-09-24T05:01:29.841593Z[0m [[32m[1minfo     [0m] [1m📊 Worker successfully fetched data[0m [[0m[1m[34mworkers.proxy_pool[0m][0m [36mactual_records_added[0m=[35m77[0m [36mcommand_id[0m=[35mSales_by_Categories_page_1[0m [36mentity[0m=[35mSales_by_Categories[0m [36mentity_total_fetched[0m=[35m77[0m [36mglobal_total_fetched[0m=[35m723[0m [36mhas_next_page[0m=[35mFalse[0m [36mrecords_in_response[0m=[35m77[0m [36mworker_id[0m=[35mworker_1[0m
2025-09-24 10:31:29,841 - workers.proxy_pool - INFO - execute:110 - [2m2025-09-24T05:01:29.841593Z[0m [[32m[1minfo     [0m] [1m✅ Worker completed command successfully[0m [[0m[1m[34mworkers.proxy_pool[0m][0m [36mcommand_id[0m=[35mSales_by_Categories_page_1[0m [36mentity[0m=[35mSales_by_Categories[0m [36mexecution_time_seconds[0m=[35m0.28[0m [36mhas_next_page[0m=[35mFalse[0m [36mrecords_fetched[0m=[35m77[0m [36mworker_id[0m=[35mworker_1[0m
2025-09-24 10:31:29,841 - workers.proxy_pool - INFO - _worker_loop:460 - [2m2025-09-24T05:01:29.841593Z[0m [[32m[1minfo     [0m] [1m📋 Worker picked up command from queue[0m [[0m[1m[34mworkers.proxy_pool[0m][0m [36mcommand_id[0m=[35mSummary_of_Sales_by_Years_page_1[0m [36mentity[0m=[35mSummary_of_Sales_by_Years[0m [36mqueue_size_after_pickup[0m=[35m22[0m [36mworker_id[0m=[35mworker_1[0m [36mworker_status[0m=[35mPROCESSING[0m
2025-09-24 10:31:29,841 - workers.proxy_pool - INFO - execute:59 - [2m2025-09-24T05:01:29.841593Z[0m [[32m[1minfo     [0m] [1m🚀 Worker starting command execution[0m [[0m[1m[34mworkers.proxy_pool[0m][0m [36mcommand_id[0m=[35mSummary_of_Sales_by_Years_page_1[0m [36mcommand_type[0m=[35mfetch_page[0m [36mentity[0m=[35mSummary_of_Sales_by_Years[0m [36mpriority[0m=[35m1[0m [36mretry_count[0m=[35m0[0m [36mskip[0m=[35m0[0m [36mtop[0m=[35m1500[0m [36mworker_id[0m=[35mworker_1[0m
2025-09-24 10:31:29,844 - workers.proxy_pool - INFO - execute:82 - [2m2025-09-24T05:01:29.841593Z[0m [[32m[1minfo     [0m] [1m🔄 Worker executing request with resilience patterns[0m [[0m[1m[34mworkers.proxy_pool[0m][0m [36mcircuit_breaker_state[0m=[35mclosed[0m [36mcommand_id[0m=[35mSummary_of_Sales_by_Years_page_1[0m [36mworker_id[0m=[35mworker_1[0m
2025-09-24 10:31:29,844 - planning.record_tracker - INFO - calculate_optimal_batch_size:206 - [2m2025-09-24T05:01:29.844320Z[0m [[32m[1minfo     [0m] [1mAdjusted batch size to prevent overfetching[0m [[0m[1m[34mplanning.record_tracker[0m][0m [36mdefault_size[0m=[35m1500[0m [36mentity[0m=[35mSummary_of_Sales_by_Years[0m [36moptimal_size[0m=[35m809[0m [36mremaining_records[0m=[35m809[0m
2025-09-24 10:31:29,844 - workers.proxy_pool - INFO - _make_http_request:177 - [2m2025-09-24T05:01:29.844837Z[0m [[32m[1minfo     [0m] [1m📏 Adjusted batch size for optimal fetching[0m [[0m[1m[34mworkers.proxy_pool[0m][0m [36mcommand_id[0m=[35mSummary_of_Sales_by_Years_page_1[0m [36mentity[0m=[35mSummary_of_Sales_by_Years[0m [36moptimal_top[0m=[35m809[0m [36moriginal_top[0m=[35m1500[0m [36mworker_id[0m=[35mworker_1[0m
2025-09-24 10:31:29,844 - storage.transformer - INFO - transform_odata_response:62 - [2m2025-09-24T05:01:29.844837Z[0m [[32m[1minfo     [0m] [1mStarting transformation       [0m [[0m[1m[34mstorage.transformer[0m][0m [36mentity_name[0m=[35mSales_by_Categories[0m [36mresponse_keys[0m=[35m['@odata.context', 'value'][0m
2025-09-24 10:31:29,847 - storage.transformer - INFO - transform_odata_response:101 - [2m2025-09-24T05:01:29.847642Z[0m [[32m[1minfo     [0m] [1mTransformation completed      [0m [[0m[1m[34mstorage.transformer[0m][0m [36mentity_name[0m=[35mSales_by_Categories[0m [36minput_records[0m=[35m77[0m [36moutput_records[0m=[35m77[0m [36mtransformation_time_seconds[0m=[35m0.0[0m
2025-09-24 10:31:29,848 - storage.local_storage - INFO - store_processed_records:145 - [2m2025-09-24T05:01:29.848148Z[0m [[32m[1minfo     [0m] [1mStoring processed records     [0m [[0m[1m[34mstorage.local_storage[0m][0m [36mentity_name[0m=[35mSales_by_Categories[0m [36mformat[0m=[35mjson[0m [36mrecord_count[0m=[35m77[0m
2025-09-24 10:31:29,848 - storage.local_storage - INFO - store_processed_records:160 - [2m2025-09-24T05:01:29.848148Z[0m [[32m[1minfo     [0m] [1mSuccessfully stored processed records[0m [[0m[1m[34mstorage.local_storage[0m][0m [36mentity_name[0m=[35mSales_by_Categories[0m [36mfile_path[0m=[35m./test_output/processed\Sales_by_Categories_20250924_050129.json[0m [36mrecord_count[0m=[35m77[0m [36mstorage_time_seconds[0m=[35m0.0[0m
2025-09-24 10:31:29,851 - storage.local_storage - INFO - store_raw_response:89 - [2m2025-09-24T05:01:29.851597Z[0m [[32m[1minfo     [0m] [1mSuccessfully stored raw data  [0m [[0m[1m[34mstorage.local_storage[0m][0m [36mentity_name[0m=[35mSales_by_Categories[0m [36mfile_path[0m=[35m./test_output/raw\Sales_by_Categories\2025/09/24\05\Sales_by_Categories_page_1.json[0m [36msize_bytes[0m=[35m12298[0m [36mstorage_time_seconds[0m=[35m0.016[0m
2025-09-24 10:31:29,854 - httpcore.http11 - DEBUG - atrace:87 - send_request_headers.started request=<Request [b'GET']>
2025-09-24 10:31:29,854 - httpcore.http11 - DEBUG - atrace:87 - send_request_headers.complete
2025-09-24 10:31:29,854 - httpcore.http11 - DEBUG - atrace:87 - send_request_body.started request=<Request [b'GET']>
2025-09-24 10:31:29,854 - httpcore.http11 - DEBUG - atrace:87 - send_request_body.complete
2025-09-24 10:31:29,854 - httpcore.http11 - DEBUG - atrace:87 - receive_response_headers.started request=<Request [b'GET']>
2025-09-24 10:31:30,037 - httpcore.http11 - DEBUG - atrace:87 - receive_response_headers.complete return_value=(b'HTTP/1.1', 200, b'OK', [(b'Content-Length', b'1290'), (b'Content-Type', b'application/json;odata.metadata=minimal;odata.streaming=true;IEEE754Compatible=false;charset=utf-8'), (b'Date', b'Wed, 24 Sep 2025 05:01:30 GMT'), (b'Server', b'Microsoft-IIS/10.0'), (b'Access-Control-Allow-Headers', b'Accept, Origin, Content-Type, MaxDataServiceVersion'), (b'Access-Control-Allow-Methods', b'GET'), (b'Access-Control-Allow-Origin', b'*'), (b'Access-Control-Expose-Headers', b'DataServiceVersion'), (b'Cache-Control', b'private'), (b'Content-Encoding', b'gzip'), (b'Expires', b'Wed, 24 Sep 2025 05:02:30 GMT'), (b'Vary', b'*'), (b'X-Content-Type-Options', b'nosniff'), (b'OData-Version', b'4.0;'), (b'X-AspNet-Version', b'4.0.30319'), (b'X-Powered-By', b'ASP.NET')])
2025-09-24 10:31:30,038 - httpx - INFO - _send_single_request:1740 - HTTP Request: GET https://services.odata.org/V4/Northwind/Northwind.svc/Territories?%24skip=0&%24top=53 "HTTP/1.1 200 OK"
2025-09-24 10:31:30,038 - httpcore.http11 - DEBUG - atrace:87 - receive_response_body.started request=<Request [b'GET']>
2025-09-24 10:31:30,038 - httpcore.http11 - DEBUG - atrace:87 - receive_response_body.complete
2025-09-24 10:31:30,038 - httpcore.http11 - DEBUG - atrace:87 - response_closed.started
2025-09-24 10:31:30,038 - httpcore.http11 - DEBUG - atrace:87 - response_closed.complete
2025-09-24 10:31:30,038 - planning.record_tracker - INFO - add_page_records:38 - [2m2025-09-24T05:01:30.038133Z[0m [[32m[1minfo     [0m] [1m✅ Entity record fetching complete[0m [[0m[1m[34mplanning.record_tracker[0m][0m [36mentity[0m=[35mTerritories[0m [36mfetched[0m=[35m53[0m [36mtarget[0m=[35m53[0m
2025-09-24 10:31:30,038 - workers.proxy_pool - INFO - _make_http_request:243 - [2m2025-09-24T05:01:30.038133Z[0m [[32m[1minfo     [0m] [1m🎯 Stopping pagination due to record limits[0m [[0m[1m[34mworkers.proxy_pool[0m][0m [36mcommand_id[0m=[35mTerritories_page_1[0m [36mentity[0m=[35mTerritories[0m [36mentity_complete[0m=[35mTrue[0m [36mglobal_limit_reached[0m=[35mNone[0m [36mworker_id[0m=[35mworker_0[0m
2025-09-24 10:31:30,038 - workers.proxy_pool - INFO - _make_http_request:250 - [2m2025-09-24T05:01:30.038133Z[0m [[32m[1minfo     [0m] [1m📊 Worker successfully fetched data[0m [[0m[1m[34mworkers.proxy_pool[0m][0m [36mactual_records_added[0m=[35m53[0m [36mcommand_id[0m=[35mTerritories_page_1[0m [36mentity[0m=[35mTerritories[0m [36mentity_total_fetched[0m=[35m53[0m [36mglobal_total_fetched[0m=[35m776[0m [36mhas_next_page[0m=[35mFalse[0m [36mrecords_in_response[0m=[35m53[0m [36mworker_id[0m=[35mworker_0[0m
2025-09-24 10:31:30,038 - workers.proxy_pool - INFO - execute:110 - [2m2025-09-24T05:01:30.038133Z[0m [[32m[1minfo     [0m] [1m✅ Worker completed command successfully[0m [[0m[1m[34mworkers.proxy_pool[0m][0m [36mcommand_id[0m=[35mTerritories_page_1[0m [36mentity[0m=[35mTerritories[0m [36mexecution_time_seconds[0m=[35m0.3[0m [36mhas_next_page[0m=[35mFalse[0m [36mrecords_fetched[0m=[35m53[0m [36mworker_id[0m=[35mworker_0[0m
2025-09-24 10:31:30,038 - workers.proxy_pool - INFO - _worker_loop:460 - [2m2025-09-24T05:01:30.038133Z[0m [[32m[1minfo     [0m] [1m📋 Worker picked up command from queue[0m [[0m[1m[34mworkers.proxy_pool[0m][0m [36mcommand_id[0m=[35mCustomer_and_Suppliers_by_Cities_page_1[0m [36mentity[0m=[35mCustomer_and_Suppliers_by_Cities[0m [36mqueue_size_after_pickup[0m=[35m21[0m [36mworker_id[0m=[35mworker_0[0m [36mworker_status[0m=[35mPROCESSING[0m
2025-09-24 10:31:30,042 - workers.proxy_pool - INFO - execute:59 - [2m2025-09-24T05:01:30.042107Z[0m [[32m[1minfo     [0m] [1m🚀 Worker starting command execution[0m [[0m[1m[34mworkers.proxy_pool[0m][0m [36mcommand_id[0m=[35mCustomer_and_Suppliers_by_Cities_page_1[0m [36mcommand_type[0m=[35mfetch_page[0m [36mentity[0m=[35mCustomer_and_Suppliers_by_Cities[0m [36mpriority[0m=[35m1[0m [36mretry_count[0m=[35m0[0m [36mskip[0m=[35m0[0m [36mtop[0m=[35m1500[0m [36mworker_id[0m=[35mworker_0[0m
2025-09-24 10:31:30,042 - workers.proxy_pool - INFO - execute:82 - [2m2025-09-24T05:01:30.042107Z[0m [[32m[1minfo     [0m] [1m🔄 Worker executing request with resilience patterns[0m [[0m[1m[34mworkers.proxy_pool[0m][0m [36mcircuit_breaker_state[0m=[35mclosed[0m [36mcommand_id[0m=[35mCustomer_and_Suppliers_by_Cities_page_1[0m [36mworker_id[0m=[35mworker_0[0m
2025-09-24 10:31:30,042 - planning.record_tracker - INFO - calculate_optimal_batch_size:206 - [2m2025-09-24T05:01:30.042107Z[0m [[32m[1minfo     [0m] [1mAdjusted batch size to prevent overfetching[0m [[0m[1m[34mplanning.record_tracker[0m][0m [36mdefault_size[0m=[35m1500[0m [36mentity[0m=[35mCustomer_and_Suppliers_by_Cities[0m [36moptimal_size[0m=[35m120[0m [36mremaining_records[0m=[35m120[0m
2025-09-24 10:31:30,042 - workers.proxy_pool - INFO - _make_http_request:177 - [2m2025-09-24T05:01:30.042107Z[0m [[32m[1minfo     [0m] [1m📏 Adjusted batch size for optimal fetching[0m [[0m[1m[34mworkers.proxy_pool[0m][0m [36mcommand_id[0m=[35mCustomer_and_Suppliers_by_Cities_page_1[0m [36mentity[0m=[35mCustomer_and_Suppliers_by_Cities[0m [36moptimal_top[0m=[35m120[0m [36moriginal_top[0m=[35m1500[0m [36mworker_id[0m=[35mworker_0[0m
2025-09-24 10:31:30,042 - storage.transformer - INFO - transform_odata_response:62 - [2m2025-09-24T05:01:30.042107Z[0m [[32m[1minfo     [0m] [1mStarting transformation       [0m [[0m[1m[34mstorage.transformer[0m][0m [36mentity_name[0m=[35mTerritories[0m [36mresponse_keys[0m=[35m['@odata.context', 'value'][0m
2025-09-24 10:31:30,044 - storage.transformer - INFO - transform_odata_response:101 - [2m2025-09-24T05:01:30.044403Z[0m [[32m[1minfo     [0m] [1mTransformation completed      [0m [[0m[1m[34mstorage.transformer[0m][0m [36mentity_name[0m=[35mTerritories[0m [36minput_records[0m=[35m53[0m [36moutput_records[0m=[35m53[0m [36mtransformation_time_seconds[0m=[35m0.0[0m
2025-09-24 10:31:30,044 - storage.local_storage - INFO - store_processed_records:145 - [2m2025-09-24T05:01:30.044403Z[0m [[32m[1minfo     [0m] [1mStoring processed records     [0m [[0m[1m[34mstorage.local_storage[0m][0m [36mentity_name[0m=[35mTerritories[0m [36mformat[0m=[35mjson[0m [36mrecord_count[0m=[35m53[0m
2025-09-24 10:31:30,044 - storage.local_storage - INFO - store_processed_records:160 - [2m2025-09-24T05:01:30.044403Z[0m [[32m[1minfo     [0m] [1mSuccessfully stored processed records[0m [[0m[1m[34mstorage.local_storage[0m][0m [36mentity_name[0m=[35mTerritories[0m [36mfile_path[0m=[35m./test_output/processed\Territories_20250924_050130.json[0m [36mrecord_count[0m=[35m53[0m [36mstorage_time_seconds[0m=[35m0.0[0m
2025-09-24 10:31:30,044 - storage.local_storage - INFO - store_raw_response:89 - [2m2025-09-24T05:01:30.044403Z[0m [[32m[1minfo     [0m] [1mSuccessfully stored raw data  [0m [[0m[1m[34mstorage.local_storage[0m][0m [36mentity_name[0m=[35mTerritories[0m [36mfile_path[0m=[35m./test_output/raw\Territories\2025/09/24\05\Territories_page_1.json[0m [36msize_bytes[0m=[35m10410[0m [36mstorage_time_seconds[0m=[35m0.0[0m
2025-09-24 10:31:30,044 - httpcore.http11 - DEBUG - atrace:87 - send_request_headers.started request=<Request [b'GET']>
2025-09-24 10:31:30,044 - httpcore.http11 - DEBUG - atrace:87 - send_request_headers.complete
2025-09-24 10:31:30,044 - httpcore.http11 - DEBUG - atrace:87 - send_request_body.started request=<Request [b'GET']>
2025-09-24 10:31:30,044 - httpcore.http11 - DEBUG - atrace:87 - send_request_body.complete
2025-09-24 10:31:30,044 - httpcore.http11 - DEBUG - atrace:87 - receive_response_headers.started request=<Request [b'GET']>
2025-09-24 10:31:30,118 - httpcore.http11 - DEBUG - atrace:87 - receive_response_headers.complete return_value=(b'HTTP/1.1', 200, b'OK', [(b'Content-Length', b'1594'), (b'Content-Type', b'application/json;odata.metadata=minimal;odata.streaming=true;IEEE754Compatible=false;charset=utf-8'), (b'Date', b'Wed, 24 Sep 2025 05:01:30 GMT'), (b'Server', b'Microsoft-IIS/10.0'), (b'Access-Control-Allow-Headers', b'Accept, Origin, Content-Type, MaxDataServiceVersion'), (b'Access-Control-Allow-Methods', b'GET'), (b'Access-Control-Allow-Origin', b'*'), (b'Access-Control-Expose-Headers', b'DataServiceVersion'), (b'Cache-Control', b'private'), (b'Content-Encoding', b'gzip'), (b'Expires', b'Wed, 24 Sep 2025 05:02:30 GMT'), (b'Vary', b'*'), (b'X-Content-Type-Options', b'nosniff'), (b'OData-Version', b'4.0;'), (b'X-AspNet-Version', b'4.0.30319'), (b'X-Powered-By', b'ASP.NET')])
2025-09-24 10:31:30,118 - httpx - INFO - _send_single_request:1740 - HTTP Request: GET https://services.odata.org/V4/Northwind/Northwind.svc/Summary_of_Sales_by_Years?%24skip=0&%24top=809 "HTTP/1.1 200 OK"
2025-09-24 10:31:30,118 - httpcore.http11 - DEBUG - atrace:87 - receive_response_body.started request=<Request [b'GET']>
2025-09-24 10:31:30,118 - httpcore.http11 - DEBUG - atrace:87 - receive_response_body.complete
2025-09-24 10:31:30,118 - httpcore.http11 - DEBUG - atrace:87 - response_closed.started
2025-09-24 10:31:30,118 - httpcore.http11 - DEBUG - atrace:87 - response_closed.complete
2025-09-24 10:31:30,118 - workers.proxy_pool - INFO - _make_http_request:250 - [2m2025-09-24T05:01:30.118628Z[0m [[32m[1minfo     [0m] [1m📊 Worker successfully fetched data[0m [[0m[1m[34mworkers.proxy_pool[0m][0m [36mactual_records_added[0m=[35m100[0m [36mcommand_id[0m=[35mSummary_of_Sales_by_Years_page_1[0m [36mentity[0m=[35mSummary_of_Sales_by_Years[0m [36mentity_total_fetched[0m=[35m100[0m [36mglobal_total_fetched[0m=[35m876[0m [36mhas_next_page[0m=[35mTrue[0m [36mrecords_in_response[0m=[35m100[0m [36mworker_id[0m=[35mworker_1[0m
2025-09-24 10:31:30,118 - workers.proxy_pool - INFO - execute:110 - [2m2025-09-24T05:01:30.118628Z[0m [[32m[1minfo     [0m] [1m✅ Worker completed command successfully[0m [[0m[1m[34mworkers.proxy_pool[0m][0m [36mcommand_id[0m=[35mSummary_of_Sales_by_Years_page_1[0m [36mentity[0m=[35mSummary_of_Sales_by_Years[0m [36mexecution_time_seconds[0m=[35m0.28[0m [36mhas_next_page[0m=[35mTrue[0m [36mrecords_fetched[0m=[35m100[0m [36mworker_id[0m=[35mworker_1[0m
2025-09-24 10:31:30,118 - workers.proxy_pool - INFO - _worker_loop:460 - [2m2025-09-24T05:01:30.118628Z[0m [[32m[1minfo     [0m] [1m📋 Worker picked up command from queue[0m [[0m[1m[34mworkers.proxy_pool[0m][0m [36mcommand_id[0m=[35mProducts_by_Categories_page_1[0m [36mentity[0m=[35mProducts_by_Categories[0m [36mqueue_size_after_pickup[0m=[35m20[0m [36mworker_id[0m=[35mworker_1[0m [36mworker_status[0m=[35mPROCESSING[0m
2025-09-24 10:31:30,118 - workers.proxy_pool - INFO - execute:59 - [2m2025-09-24T05:01:30.118628Z[0m [[32m[1minfo     [0m] [1m🚀 Worker starting command execution[0m [[0m[1m[34mworkers.proxy_pool[0m][0m [36mcommand_id[0m=[35mProducts_by_Categories_page_1[0m [36mcommand_type[0m=[35mfetch_page[0m [36mentity[0m=[35mProducts_by_Categories[0m [36mpriority[0m=[35m1[0m [36mretry_count[0m=[35m0[0m [36mskip[0m=[35m0[0m [36mtop[0m=[35m1500[0m [36mworker_id[0m=[35mworker_1[0m
2025-09-24 10:31:30,118 - workers.proxy_pool - INFO - execute:82 - [2m2025-09-24T05:01:30.118628Z[0m [[32m[1minfo     [0m] [1m🔄 Worker executing request with resilience patterns[0m [[0m[1m[34mworkers.proxy_pool[0m][0m [36mcircuit_breaker_state[0m=[35mclosed[0m [36mcommand_id[0m=[35mProducts_by_Categories_page_1[0m [36mworker_id[0m=[35mworker_1[0m
2025-09-24 10:31:30,118 - planning.record_tracker - INFO - calculate_optimal_batch_size:206 - [2m2025-09-24T05:01:30.118628Z[0m [[32m[1minfo     [0m] [1mAdjusted batch size to prevent overfetching[0m [[0m[1m[34mplanning.record_tracker[0m][0m [36mdefault_size[0m=[35m1500[0m [36mentity[0m=[35mProducts_by_Categories[0m [36moptimal_size[0m=[35m69[0m [36mremaining_records[0m=[35m69[0m
2025-09-24 10:31:30,118 - workers.proxy_pool - INFO - _make_http_request:177 - [2m2025-09-24T05:01:30.118628Z[0m [[32m[1minfo     [0m] [1m📏 Adjusted batch size for optimal fetching[0m [[0m[1m[34mworkers.proxy_pool[0m][0m [36mcommand_id[0m=[35mProducts_by_Categories_page_1[0m [36mentity[0m=[35mProducts_by_Categories[0m [36moptimal_top[0m=[35m69[0m [36moriginal_top[0m=[35m1500[0m [36mworker_id[0m=[35mworker_1[0m
2025-09-24 10:31:30,118 - storage.transformer - INFO - transform_odata_response:62 - [2m2025-09-24T05:01:30.118628Z[0m [[32m[1minfo     [0m] [1mStarting transformation       [0m [[0m[1m[34mstorage.transformer[0m][0m [36mentity_name[0m=[35mSummary_of_Sales_by_Years[0m [36mresponse_keys[0m=[35m['@odata.context', 'value', '@odata.nextLink'][0m
2025-09-24 10:31:30,118 - storage.transformer - INFO - transform_odata_response:101 - [2m2025-09-24T05:01:30.118628Z[0m [[32m[1minfo     [0m] [1mTransformation completed      [0m [[0m[1m[34mstorage.transformer[0m][0m [36mentity_name[0m=[35mSummary_of_Sales_by_Years[0m [36minput_records[0m=[35m100[0m [36moutput_records[0m=[35m100[0m [36mtransformation_time_seconds[0m=[35m0.0[0m
2025-09-24 10:31:30,118 - storage.local_storage - INFO - store_processed_records:145 - [2m2025-09-24T05:01:30.118628Z[0m [[32m[1minfo     [0m] [1mStoring processed records     [0m [[0m[1m[34mstorage.local_storage[0m][0m [36mentity_name[0m=[35mSummary_of_Sales_by_Years[0m [36mformat[0m=[35mjson[0m [36mrecord_count[0m=[35m100[0m
2025-09-24 10:31:30,118 - storage.local_storage - INFO - store_processed_records:160 - [2m2025-09-24T05:01:30.118628Z[0m [[32m[1minfo     [0m] [1mSuccessfully stored processed records[0m [[0m[1m[34mstorage.local_storage[0m][0m [36mentity_name[0m=[35mSummary_of_Sales_by_Years[0m [36mfile_path[0m=[35m./test_output/processed\Summary_of_Sales_by_Years_20250924_050130.json[0m [36mrecord_count[0m=[35m100[0m [36mstorage_time_seconds[0m=[35m0.0[0m
2025-09-24 10:31:30,134 - storage.local_storage - INFO - store_raw_response:89 - [2m2025-09-24T05:01:30.134044Z[0m [[32m[1minfo     [0m] [1mSuccessfully stored raw data  [0m [[0m[1m[34mstorage.local_storage[0m][0m [36mentity_name[0m=[35mSummary_of_Sales_by_Years[0m [36mfile_path[0m=[35m./test_output/raw\Summary_of_Sales_by_Years\2025/09/24\05\Summary_of_Sales_by_Years_page_1.json[0m [36msize_bytes[0m=[35m12073[0m [36mstorage_time_seconds[0m=[35m0.016[0m
2025-09-24 10:31:30,134 - httpcore.http11 - DEBUG - atrace:87 - send_request_headers.started request=<Request [b'GET']>
2025-09-24 10:31:30,134 - httpcore.http11 - DEBUG - atrace:87 - send_request_headers.complete
2025-09-24 10:31:30,134 - httpcore.http11 - DEBUG - atrace:87 - send_request_body.started request=<Request [b'GET']>
2025-09-24 10:31:30,134 - httpcore.http11 - DEBUG - atrace:87 - send_request_body.complete
2025-09-24 10:31:30,134 - httpcore.http11 - DEBUG - atrace:87 - receive_response_headers.started request=<Request [b'GET']>
2025-09-24 10:31:30,226 - httpcore.connection - DEBUG - atrace:87 - start_tls.complete return_value=<httpcore._backends.anyio.AnyIOStream object at 0x000002119A75AFC0>
2025-09-24 10:31:30,226 - httpcore.http11 - DEBUG - atrace:87 - send_request_headers.started request=<Request [b'GET']>
2025-09-24 10:31:30,226 - httpcore.http11 - DEBUG - atrace:87 - send_request_headers.complete
2025-09-24 10:31:30,226 - httpcore.http11 - DEBUG - atrace:87 - send_request_body.started request=<Request [b'GET']>
2025-09-24 10:31:30,226 - httpcore.http11 - DEBUG - atrace:87 - send_request_body.complete
2025-09-24 10:31:30,226 - httpcore.http11 - DEBUG - atrace:87 - receive_response_headers.started request=<Request [b'GET']>
2025-09-24 10:31:30,318 - httpcore.http11 - DEBUG - atrace:87 - receive_response_headers.complete return_value=(b'HTTP/1.1', 200, b'OK', [(b'Content-Length', b'4164'), (b'Content-Type', b'application/json;odata.metadata=minimal;odata.streaming=true;IEEE754Compatible=false;charset=utf-8'), (b'Date', b'Wed, 24 Sep 2025 05:01:30 GMT'), (b'Server', b'Microsoft-IIS/10.0'), (b'Access-Control-Allow-Headers', b'Accept, Origin, Content-Type, MaxDataServiceVersion'), (b'Access-Control-Allow-Methods', b'GET'), (b'Access-Control-Allow-Origin', b'*'), (b'Access-Control-Expose-Headers', b'DataServiceVersion'), (b'Cache-Control', b'private'), (b'Content-Encoding', b'gzip'), (b'Expires', b'Wed, 24 Sep 2025 05:02:30 GMT'), (b'Vary', b'*'), (b'X-Content-Type-Options', b'nosniff'), (b'OData-Version', b'4.0;'), (b'X-AspNet-Version', b'4.0.30319'), (b'X-Powered-By', b'ASP.NET')])
2025-09-24 10:31:30,318 - httpx - INFO - _send_single_request:1740 - HTTP Request: GET https://services.odata.org/V4/Northwind/Northwind.svc/Customer_and_Suppliers_by_Cities?%24skip=0&%24top=120 "HTTP/1.1 200 OK"
2025-09-24 10:31:30,318 - httpcore.http11 - DEBUG - atrace:87 - receive_response_body.started request=<Request [b'GET']>
2025-09-24 10:31:30,318 - httpcore.http11 - DEBUG - atrace:87 - receive_response_body.complete
2025-09-24 10:31:30,318 - httpcore.http11 - DEBUG - atrace:87 - response_closed.started
2025-09-24 10:31:30,318 - httpcore.http11 - DEBUG - atrace:87 - response_closed.complete
2025-09-24 10:31:30,318 - workers.proxy_pool - INFO - _make_http_request:250 - [2m2025-09-24T05:01:30.318818Z[0m [[32m[1minfo     [0m] [1m📊 Worker successfully fetched data[0m [[0m[1m[34mworkers.proxy_pool[0m][0m [36mactual_records_added[0m=[35m100[0m [36mcommand_id[0m=[35mCustomer_and_Suppliers_by_Cities_page_1[0m [36mentity[0m=[35mCustomer_and_Suppliers_by_Cities[0m [36mentity_total_fetched[0m=[35m100[0m [36mglobal_total_fetched[0m=[35m976[0m [36mhas_next_page[0m=[35mTrue[0m [36mrecords_in_response[0m=[35m100[0m [36mworker_id[0m=[35mworker_0[0m
2025-09-24 10:31:30,318 - workers.proxy_pool - INFO - execute:110 - [2m2025-09-24T05:01:30.318818Z[0m [[32m[1minfo     [0m] [1m✅ Worker completed command successfully[0m [[0m[1m[34mworkers.proxy_pool[0m][0m [36mcommand_id[0m=[35mCustomer_and_Suppliers_by_Cities_page_1[0m [36mentity[0m=[35mCustomer_and_Suppliers_by_Cities[0m [36mexecution_time_seconds[0m=[35m0.27[0m [36mhas_next_page[0m=[35mTrue[0m [36mrecords_fetched[0m=[35m100[0m [36mworker_id[0m=[35mworker_0[0m
2025-09-24 10:31:30,318 - workers.proxy_pool - INFO - _worker_loop:460 - [2m2025-09-24T05:01:30.318818Z[0m [[32m[1minfo     [0m] [1m📋 Worker picked up command from queue[0m [[0m[1m[34mworkers.proxy_pool[0m][0m [36mcommand_id[0m=[35mProducts_page_1[0m [36mentity[0m=[35mProducts[0m [36mqueue_size_after_pickup[0m=[35m20[0m [36mworker_id[0m=[35mworker_0[0m [36mworker_status[0m=[35mPROCESSING[0m
2025-09-24 10:31:30,318 - workers.proxy_pool - INFO - execute:59 - [2m2025-09-24T05:01:30.318818Z[0m [[32m[1minfo     [0m] [1m🚀 Worker starting command execution[0m [[0m[1m[34mworkers.proxy_pool[0m][0m [36mcommand_id[0m=[35mProducts_page_1[0m [36mcommand_type[0m=[35mfetch_page[0m [36mentity[0m=[35mProducts[0m [36mpriority[0m=[35m1[0m [36mretry_count[0m=[35m0[0m [36mskip[0m=[35m0[0m [36mtop[0m=[35m1500[0m [36mworker_id[0m=[35mworker_0[0m
2025-09-24 10:31:30,318 - workers.proxy_pool - INFO - execute:82 - [2m2025-09-24T05:01:30.318818Z[0m [[32m[1minfo     [0m] [1m🔄 Worker executing request with resilience patterns[0m [[0m[1m[34mworkers.proxy_pool[0m][0m [36mcircuit_breaker_state[0m=[35mclosed[0m [36mcommand_id[0m=[35mProducts_page_1[0m [36mworker_id[0m=[35mworker_0[0m
2025-09-24 10:31:30,318 - planning.record_tracker - INFO - calculate_optimal_batch_size:206 - [2m2025-09-24T05:01:30.318818Z[0m [[32m[1minfo     [0m] [1mAdjusted batch size to prevent overfetching[0m [[0m[1m[34mplanning.record_tracker[0m][0m [36mdefault_size[0m=[35m1500[0m [36mentity[0m=[35mProducts[0m [36moptimal_size[0m=[35m77[0m [36mremaining_records[0m=[35m77[0m
2025-09-24 10:31:30,318 - workers.proxy_pool - INFO - _make_http_request:177 - [2m2025-09-24T05:01:30.318818Z[0m [[32m[1minfo     [0m] [1m📏 Adjusted batch size for optimal fetching[0m [[0m[1m[34mworkers.proxy_pool[0m][0m [36mcommand_id[0m=[35mProducts_page_1[0m [36mentity[0m=[35mProducts[0m [36moptimal_top[0m=[35m77[0m [36moriginal_top[0m=[35m1500[0m [36mworker_id[0m=[35mworker_0[0m
2025-09-24 10:31:30,326 - storage.transformer - INFO - transform_odata_response:62 - [2m2025-09-24T05:01:30.326961Z[0m [[32m[1minfo     [0m] [1mStarting transformation       [0m [[0m[1m[34mstorage.transformer[0m][0m [36mentity_name[0m=[35mCustomer_and_Suppliers_by_Cities[0m [36mresponse_keys[0m=[35m['@odata.context', 'value', '@odata.nextLink'][0m
2025-09-24 10:31:30,326 - storage.transformer - INFO - transform_odata_response:101 - [2m2025-09-24T05:01:30.326961Z[0m [[32m[1minfo     [0m] [1mTransformation completed      [0m [[0m[1m[34mstorage.transformer[0m][0m [36mentity_name[0m=[35mCustomer_and_Suppliers_by_Cities[0m [36minput_records[0m=[35m100[0m [36moutput_records[0m=[35m100[0m [36mtransformation_time_seconds[0m=[35m0.0[0m
2025-09-24 10:31:30,326 - storage.local_storage - INFO - store_processed_records:145 - [2m2025-09-24T05:01:30.326961Z[0m [[32m[1minfo     [0m] [1mStoring processed records     [0m [[0m[1m[34mstorage.local_storage[0m][0m [36mentity_name[0m=[35mCustomer_and_Suppliers_by_Cities[0m [36mformat[0m=[35mjson[0m [36mrecord_count[0m=[35m100[0m
2025-09-24 10:31:30,326 - storage.local_storage - INFO - store_processed_records:160 - [2m2025-09-24T05:01:30.326961Z[0m [[32m[1minfo     [0m] [1mSuccessfully stored processed records[0m [[0m[1m[34mstorage.local_storage[0m][0m [36mentity_name[0m=[35mCustomer_and_Suppliers_by_Cities[0m [36mfile_path[0m=[35m./test_output/processed\Customer_and_Suppliers_by_Cities_20250924_050130.json[0m [36mrecord_count[0m=[35m100[0m [36mstorage_time_seconds[0m=[35m0.0[0m
2025-09-24 10:31:30,326 - storage.local_storage - INFO - store_raw_response:89 - [2m2025-09-24T05:01:30.326961Z[0m [[32m[1minfo     [0m] [1mSuccessfully stored raw data  [0m [[0m[1m[34mstorage.local_storage[0m][0m [36mentity_name[0m=[35mCustomer_and_Suppliers_by_Cities[0m [36mfile_path[0m=[35m./test_output/raw\Customer_and_Suppliers_by_Cities\2025/09/24\05\Customer_and_Suppliers_by_Cities_page_1.json[0m [36msize_bytes[0m=[35m17326[0m [36mstorage_time_seconds[0m=[35m0.0[0m
2025-09-24 10:31:30,326 - httpcore.http11 - DEBUG - atrace:87 - send_request_headers.started request=<Request [b'GET']>
2025-09-24 10:31:30,326 - httpcore.http11 - DEBUG - atrace:87 - send_request_headers.complete
2025-09-24 10:31:30,326 - httpcore.http11 - DEBUG - atrace:87 - send_request_body.started request=<Request [b'GET']>
2025-09-24 10:31:30,326 - httpcore.http11 - DEBUG - atrace:87 - send_request_body.complete
2025-09-24 10:31:30,326 - httpcore.http11 - DEBUG - atrace:87 - receive_response_headers.started request=<Request [b'GET']>
2025-09-24 10:31:30,402 - httpcore.http11 - DEBUG - atrace:87 - receive_response_headers.complete return_value=(b'HTTP/1.1', 200, b'OK', [(b'Content-Length', b'2280'), (b'Content-Type', b'application/json;odata.metadata=minimal;odata.streaming=true;IEEE754Compatible=false;charset=utf-8'), (b'Date', b'Wed, 24 Sep 2025 05:01:30 GMT'), (b'Server', b'Microsoft-IIS/10.0'), (b'Access-Control-Allow-Headers', b'Accept, Origin, Content-Type, MaxDataServiceVersion'), (b'Access-Control-Allow-Methods', b'GET'), (b'Access-Control-Allow-Origin', b'*'), (b'Access-Control-Expose-Headers', b'DataServiceVersion'), (b'Cache-Control', b'private'), (b'Content-Encoding', b'gzip'), (b'Expires', b'Wed, 24 Sep 2025 05:02:30 GMT'), (b'Vary', b'*'), (b'X-Content-Type-Options', b'nosniff'), (b'OData-Version', b'4.0;'), (b'X-AspNet-Version', b'4.0.30319'), (b'X-Powered-By', b'ASP.NET')])
2025-09-24 10:31:30,402 - httpx - INFO - _send_single_request:1740 - HTTP Request: GET https://services.odata.org/V4/Northwind/Northwind.svc/Products_by_Categories?%24skip=0&%24top=69 "HTTP/1.1 200 OK"
2025-09-24 10:31:30,403 - httpcore.http11 - DEBUG - atrace:87 - receive_response_body.started request=<Request [b'GET']>
2025-09-24 10:31:30,403 - httpcore.http11 - DEBUG - atrace:87 - receive_response_body.complete
2025-09-24 10:31:30,403 - httpcore.http11 - DEBUG - atrace:87 - response_closed.started
2025-09-24 10:31:30,403 - httpcore.http11 - DEBUG - atrace:87 - response_closed.complete
2025-09-24 10:31:30,403 - planning.record_tracker - INFO - add_page_records:38 - [2m2025-09-24T05:01:30.403710Z[0m [[32m[1minfo     [0m] [1m✅ Entity record fetching complete[0m [[0m[1m[34mplanning.record_tracker[0m][0m [36mentity[0m=[35mProducts_by_Categories[0m [36mfetched[0m=[35m69[0m [36mtarget[0m=[35m69[0m
2025-09-24 10:31:30,403 - workers.proxy_pool - INFO - _make_http_request:243 - [2m2025-09-24T05:01:30.403710Z[0m [[32m[1minfo     [0m] [1m🎯 Stopping pagination due to record limits[0m [[0m[1m[34mworkers.proxy_pool[0m][0m [36mcommand_id[0m=[35mProducts_by_Categories_page_1[0m [36mentity[0m=[35mProducts_by_Categories[0m [36mentity_complete[0m=[35mTrue[0m [36mglobal_limit_reached[0m=[35mNone[0m [36mworker_id[0m=[35mworker_1[0m
2025-09-24 10:31:30,403 - workers.proxy_pool - INFO - _make_http_request:250 - [2m2025-09-24T05:01:30.403710Z[0m [[32m[1minfo     [0m] [1m📊 Worker successfully fetched data[0m [[0m[1m[34mworkers.proxy_pool[0m][0m [36mactual_records_added[0m=[35m69[0m [36mcommand_id[0m=[35mProducts_by_Categories_page_1[0m [36mentity[0m=[35mProducts_by_Categories[0m [36mentity_total_fetched[0m=[35m69[0m [36mglobal_total_fetched[0m=[35m1045[0m [36mhas_next_page[0m=[35mFalse[0m [36mrecords_in_response[0m=[35m69[0m [36mworker_id[0m=[35mworker_1[0m
2025-09-24 10:31:30,403 - workers.proxy_pool - INFO - execute:110 - [2m2025-09-24T05:01:30.403710Z[0m [[32m[1minfo     [0m] [1m✅ Worker completed command successfully[0m [[0m[1m[34mworkers.proxy_pool[0m][0m [36mcommand_id[0m=[35mProducts_by_Categories_page_1[0m [36mentity[0m=[35mProducts_by_Categories[0m [36mexecution_time_seconds[0m=[35m0.28[0m [36mhas_next_page[0m=[35mFalse[0m [36mrecords_fetched[0m=[35m69[0m [36mworker_id[0m=[35mworker_1[0m
2025-09-24 10:31:30,403 - workers.proxy_pool - INFO - _worker_loop:460 - [2m2025-09-24T05:01:30.403710Z[0m [[32m[1minfo     [0m] [1m📋 Worker picked up command from queue[0m [[0m[1m[34mworkers.proxy_pool[0m][0m [36mcommand_id[0m=[35mSales_Totals_by_Amounts_page_1[0m [36mentity[0m=[35mSales_Totals_by_Amounts[0m [36mqueue_size_after_pickup[0m=[35m20[0m [36mworker_id[0m=[35mworker_1[0m [36mworker_status[0m=[35mPROCESSING[0m
2025-09-24 10:31:30,403 - workers.proxy_pool - INFO - execute:59 - [2m2025-09-24T05:01:30.403710Z[0m [[32m[1minfo     [0m] [1m🚀 Worker starting command execution[0m [[0m[1m[34mworkers.proxy_pool[0m][0m [36mcommand_id[0m=[35mSales_Totals_by_Amounts_page_1[0m [36mcommand_type[0m=[35mfetch_page[0m [36mentity[0m=[35mSales_Totals_by_Amounts[0m [36mpriority[0m=[35m1[0m [36mretry_count[0m=[35m0[0m [36mskip[0m=[35m0[0m [36mtop[0m=[35m1500[0m [36mworker_id[0m=[35mworker_1[0m
2025-09-24 10:31:30,403 - workers.proxy_pool - INFO - execute:82 - [2m2025-09-24T05:01:30.403710Z[0m [[32m[1minfo     [0m] [1m🔄 Worker executing request with resilience patterns[0m [[0m[1m[34mworkers.proxy_pool[0m][0m [36mcircuit_breaker_state[0m=[35mclosed[0m [36mcommand_id[0m=[35mSales_Totals_by_Amounts_page_1[0m [36mworker_id[0m=[35mworker_1[0m
2025-09-24 10:31:30,403 - planning.record_tracker - INFO - calculate_optimal_batch_size:206 - [2m2025-09-24T05:01:30.403710Z[0m [[32m[1minfo     [0m] [1mAdjusted batch size to prevent overfetching[0m [[0m[1m[34mplanning.record_tracker[0m][0m [36mdefault_size[0m=[35m1500[0m [36mentity[0m=[35mSales_Totals_by_Amounts[0m [36moptimal_size[0m=[35m66[0m [36mremaining_records[0m=[35m66[0m
2025-09-24 10:31:30,403 - workers.proxy_pool - INFO - _make_http_request:177 - [2m2025-09-24T05:01:30.403710Z[0m [[32m[1minfo     [0m] [1m📏 Adjusted batch size for optimal fetching[0m [[0m[1m[34mworkers.proxy_pool[0m][0m [36mcommand_id[0m=[35mSales_Totals_by_Amounts_page_1[0m [36mentity[0m=[35mSales_Totals_by_Amounts[0m [36moptimal_top[0m=[35m66[0m [36moriginal_top[0m=[35m1500[0m [36mworker_id[0m=[35mworker_1[0m
2025-09-24 10:31:30,403 - storage.transformer - INFO - transform_odata_response:62 - [2m2025-09-24T05:01:30.403710Z[0m [[32m[1minfo     [0m] [1mStarting transformation       [0m [[0m[1m[34mstorage.transformer[0m][0m [36mentity_name[0m=[35mProducts_by_Categories[0m [36mresponse_keys[0m=[35m['@odata.context', 'value'][0m
2025-09-24 10:31:30,403 - storage.transformer - INFO - transform_odata_response:101 - [2m2025-09-24T05:01:30.403710Z[0m [[32m[1minfo     [0m] [1mTransformation completed      [0m [[0m[1m[34mstorage.transformer[0m][0m [36mentity_name[0m=[35mProducts_by_Categories[0m [36minput_records[0m=[35m69[0m [36moutput_records[0m=[35m69[0m [36mtransformation_time_seconds[0m=[35m0.0[0m
2025-09-24 10:31:30,403 - storage.local_storage - INFO - store_processed_records:145 - [2m2025-09-24T05:01:30.403710Z[0m [[32m[1minfo     [0m] [1mStoring processed records     [0m [[0m[1m[34mstorage.local_storage[0m][0m [36mentity_name[0m=[35mProducts_by_Categories[0m [36mformat[0m=[35mjson[0m [36mrecord_count[0m=[35m69[0m
2025-09-24 10:31:30,411 - storage.local_storage - INFO - store_processed_records:160 - [2m2025-09-24T05:01:30.411987Z[0m [[32m[1minfo     [0m] [1mSuccessfully stored processed records[0m [[0m[1m[34mstorage.local_storage[0m][0m [36mentity_name[0m=[35mProducts_by_Categories[0m [36mfile_path[0m=[35m./test_output/processed\Products_by_Categories_20250924_050130.json[0m [36mrecord_count[0m=[35m69[0m [36mstorage_time_seconds[0m=[35m0.0[0m
2025-09-24 10:31:30,411 - storage.local_storage - INFO - store_raw_response:89 - [2m2025-09-24T05:01:30.411987Z[0m [[32m[1minfo     [0m] [1mSuccessfully stored raw data  [0m [[0m[1m[34mstorage.local_storage[0m][0m [36mentity_name[0m=[35mProducts_by_Categories[0m [36mfile_path[0m=[35m./test_output/raw\Products_by_Categories\2025/09/24\05\Products_by_Categories_page_1.json[0m [36msize_bytes[0m=[35m14291[0m [36mstorage_time_seconds[0m=[35m0.0[0m
2025-09-24 10:31:30,411 - httpcore.http11 - DEBUG - atrace:87 - send_request_headers.started request=<Request [b'GET']>
2025-09-24 10:31:30,411 - httpcore.http11 - DEBUG - atrace:87 - send_request_headers.complete
2025-09-24 10:31:30,411 - httpcore.http11 - DEBUG - atrace:87 - send_request_body.started request=<Request [b'GET']>
2025-09-24 10:31:30,411 - httpcore.http11 - DEBUG - atrace:87 - send_request_body.complete
2025-09-24 10:31:30,411 - httpcore.http11 - DEBUG - atrace:87 - receive_response_headers.started request=<Request [b'GET']>
2025-09-24 10:31:30,618 - httpcore.http11 - DEBUG - atrace:87 - receive_response_headers.complete return_value=(b'HTTP/1.1', 200, b'OK', [(b'Content-Length', b'6232'), (b'Content-Type', b'application/json;odata.metadata=minimal;odata.streaming=true;IEEE754Compatible=false;charset=utf-8'), (b'Date', b'Wed, 24 Sep 2025 05:01:30 GMT'), (b'Server', b'Microsoft-IIS/10.0'), (b'Access-Control-Allow-Headers', b'Accept, Origin, Content-Type, MaxDataServiceVersion'), (b'Access-Control-Allow-Methods', b'GET'), (b'Access-Control-Allow-Origin', b'*'), (b'Access-Control-Expose-Headers', b'DataServiceVersion'), (b'Cache-Control', b'private'), (b'Content-Encoding', b'gzip'), (b'Expires', b'Wed, 24 Sep 2025 05:02:30 GMT'), (b'Vary', b'*'), (b'X-Content-Type-Options', b'nosniff'), (b'OData-Version', b'4.0;'), (b'X-AspNet-Version', b'4.0.30319'), (b'X-Powered-By', b'ASP.NET')])
2025-09-24 10:31:30,618 - httpx - INFO - _send_single_request:1740 - HTTP Request: GET https://services.odata.org/V4/Northwind/Northwind.svc/Order_Details?%24skip=1500&%24top=1500 "HTTP/1.1 200 OK"
2025-09-24 10:31:30,618 - httpcore.http11 - DEBUG - atrace:87 - receive_response_body.started request=<Request [b'GET']>
2025-09-24 10:31:30,618 - httpcore.http11 - DEBUG - atrace:87 - receive_response_body.complete
2025-09-24 10:31:30,618 - httpcore.http11 - DEBUG - atrace:87 - response_closed.started
2025-09-24 10:31:30,618 - httpcore.http11 - DEBUG - atrace:87 - response_closed.complete
2025-09-24 10:31:30,626 - workers.proxy_pool - INFO - _make_http_request:250 - [2m2025-09-24T05:01:30.626893Z[0m [[32m[1minfo     [0m] [1m📊 Worker successfully fetched data[0m [[0m[1m[34mworkers.proxy_pool[0m][0m [36mactual_records_added[0m=[35m500[0m [36mcommand_id[0m=[35mOrder_Details_page_2[0m [36mentity[0m=[35mOrder_Details[0m [36mentity_total_fetched[0m=[35m1000[0m [36mglobal_total_fetched[0m=[35m1545[0m [36mhas_next_page[0m=[35mTrue[0m [36mrecords_in_response[0m=[35m500[0m [36mworker_id[0m=[35mworker_2[0m
2025-09-24 10:31:30,626 - workers.proxy_pool - INFO - execute:110 - [2m2025-09-24T05:01:30.626893Z[0m [[32m[1minfo     [0m] [1m✅ Worker completed command successfully[0m [[0m[1m[34mworkers.proxy_pool[0m][0m [36mcommand_id[0m=[35mOrder_Details_page_2[0m [36mentity[0m=[35mOrder_Details[0m [36mexecution_time_seconds[0m=[35m2.19[0m [36mhas_next_page[0m=[35mTrue[0m [36mrecords_fetched[0m=[35m500[0m [36mworker_id[0m=[35mworker_2[0m
2025-09-24 10:31:30,626 - workers.proxy_pool - INFO - _worker_loop:460 - [2m2025-09-24T05:01:30.626893Z[0m [[32m[1minfo     [0m] [1m📋 Worker picked up command from queue[0m [[0m[1m[34mworkers.proxy_pool[0m][0m [36mcommand_id[0m=[35mCurrent_Product_Lists_page_1[0m [36mentity[0m=[35mCurrent_Product_Lists[0m [36mqueue_size_after_pickup[0m=[35m19[0m [36mworker_id[0m=[35mworker_2[0m [36mworker_status[0m=[35mPROCESSING[0m
2025-09-24 10:31:30,626 - workers.proxy_pool - INFO - execute:59 - [2m2025-09-24T05:01:30.626893Z[0m [[32m[1minfo     [0m] [1m🚀 Worker starting command execution[0m [[0m[1m[34mworkers.proxy_pool[0m][0m [36mcommand_id[0m=[35mCurrent_Product_Lists_page_1[0m [36mcommand_type[0m=[35mfetch_page[0m [36mentity[0m=[35mCurrent_Product_Lists[0m [36mpriority[0m=[35m1[0m [36mretry_count[0m=[35m0[0m [36mskip[0m=[35m0[0m [36mtop[0m=[35m1500[0m [36mworker_id[0m=[35mworker_2[0m
2025-09-24 10:31:30,626 - workers.proxy_pool - INFO - execute:82 - [2m2025-09-24T05:01:30.626893Z[0m [[32m[1minfo     [0m] [1m🔄 Worker executing request with resilience patterns[0m [[0m[1m[34mworkers.proxy_pool[0m][0m [36mcircuit_breaker_state[0m=[35mclosed[0m [36mcommand_id[0m=[35mCurrent_Product_Lists_page_1[0m [36mworker_id[0m=[35mworker_2[0m
2025-09-24 10:31:30,626 - planning.record_tracker - INFO - calculate_optimal_batch_size:206 - [2m2025-09-24T05:01:30.626893Z[0m [[32m[1minfo     [0m] [1mAdjusted batch size to prevent overfetching[0m [[0m[1m[34mplanning.record_tracker[0m][0m [36mdefault_size[0m=[35m1500[0m [36mentity[0m=[35mCurrent_Product_Lists[0m [36moptimal_size[0m=[35m69[0m [36mremaining_records[0m=[35m69[0m
2025-09-24 10:31:30,626 - workers.proxy_pool - INFO - _make_http_request:177 - [2m2025-09-24T05:01:30.626893Z[0m [[32m[1minfo     [0m] [1m📏 Adjusted batch size for optimal fetching[0m [[0m[1m[34mworkers.proxy_pool[0m][0m [36mcommand_id[0m=[35mCurrent_Product_Lists_page_1[0m [36mentity[0m=[35mCurrent_Product_Lists[0m [36moptimal_top[0m=[35m69[0m [36moriginal_top[0m=[35m1500[0m [36mworker_id[0m=[35mworker_2[0m
2025-09-24 10:31:30,626 - storage.transformer - INFO - transform_odata_response:62 - [2m2025-09-24T05:01:30.626893Z[0m [[32m[1minfo     [0m] [1mStarting transformation       [0m [[0m[1m[34mstorage.transformer[0m][0m [36mentity_name[0m=[35mOrder_Details[0m [36mresponse_keys[0m=[35m['@odata.context', 'value', '@odata.nextLink'][0m
2025-09-24 10:31:30,626 - storage.transformer - INFO - transform_odata_response:101 - [2m2025-09-24T05:01:30.626893Z[0m [[32m[1minfo     [0m] [1mTransformation completed      [0m [[0m[1m[34mstorage.transformer[0m][0m [36mentity_name[0m=[35mOrder_Details[0m [36minput_records[0m=[35m500[0m [36moutput_records[0m=[35m500[0m [36mtransformation_time_seconds[0m=[35m0.0[0m
2025-09-24 10:31:30,633 - storage.local_storage - INFO - store_processed_records:145 - [2m2025-09-24T05:01:30.626893Z[0m [[32m[1minfo     [0m] [1mStoring processed records     [0m [[0m[1m[34mstorage.local_storage[0m][0m [36mentity_name[0m=[35mOrder_Details[0m [36mformat[0m=[35mjson[0m [36mrecord_count[0m=[35m500[0m
2025-09-24 10:31:30,635 - storage.local_storage - INFO - store_processed_records:160 - [2m2025-09-24T05:01:30.635181Z[0m [[32m[1minfo     [0m] [1mSuccessfully stored processed records[0m [[0m[1m[34mstorage.local_storage[0m][0m [36mentity_name[0m=[35mOrder_Details[0m [36mfile_path[0m=[35m./test_output/processed\Order_Details_20250924_050130.json[0m [36mrecord_count[0m=[35m500[0m [36mstorage_time_seconds[0m=[35m0.016[0m
2025-09-24 10:31:30,637 - storage.local_storage - INFO - store_raw_response:89 - [2m2025-09-24T05:01:30.637965Z[0m [[32m[1minfo     [0m] [1mSuccessfully stored raw data  [0m [[0m[1m[34mstorage.local_storage[0m][0m [36mentity_name[0m=[35mOrder_Details[0m [36mfile_path[0m=[35m./test_output/raw\Order_Details\2025/09/24\05\Order_Details_page_2.json[0m [36msize_bytes[0m=[35m71190[0m [36mstorage_time_seconds[0m=[35m0.0[0m
2025-09-24 10:31:30,637 - httpcore.http11 - DEBUG - atrace:87 - send_request_headers.started request=<Request [b'GET']>
2025-09-24 10:31:30,637 - httpcore.http11 - DEBUG - atrace:87 - send_request_headers.complete
2025-09-24 10:31:30,637 - httpcore.http11 - DEBUG - atrace:87 - send_request_body.started request=<Request [b'GET']>
2025-09-24 10:31:30,637 - httpcore.http11 - DEBUG - atrace:87 - send_request_body.complete
2025-09-24 10:31:30,637 - httpcore.http11 - DEBUG - atrace:87 - receive_response_headers.started request=<Request [b'GET']>
2025-09-24 10:31:30,683 - httpcore.http11 - DEBUG - atrace:87 - receive_response_headers.complete return_value=(b'HTTP/1.1', 200, b'OK', [(b'Content-Length', b'1435'), (b'Content-Type', b'application/json;odata.metadata=minimal;odata.streaming=true;IEEE754Compatible=false;charset=utf-8'), (b'Date', b'Wed, 24 Sep 2025 05:01:30 GMT'), (b'Server', b'Microsoft-IIS/10.0'), (b'Access-Control-Allow-Headers', b'Accept, Origin, Content-Type, MaxDataServiceVersion'), (b'Access-Control-Allow-Methods', b'GET'), (b'Access-Control-Allow-Origin', b'*'), (b'Access-Control-Expose-Headers', b'DataServiceVersion'), (b'Cache-Control', b'private'), (b'Content-Encoding', b'gzip'), (b'Expires', b'Wed, 24 Sep 2025 05:02:31 GMT'), (b'Vary', b'*'), (b'X-Content-Type-Options', b'nosniff'), (b'OData-Version', b'4.0;'), (b'X-AspNet-Version', b'4.0.30319'), (b'X-Powered-By', b'ASP.NET')])
2025-09-24 10:31:30,684 - httpx - INFO - _send_single_request:1740 - HTTP Request: GET https://services.odata.org/V4/Northwind/Northwind.svc/Products?%24skip=0&%24top=77 "HTTP/1.1 200 OK"
2025-09-24 10:31:30,685 - httpcore.http11 - DEBUG - atrace:87 - receive_response_body.started request=<Request [b'GET']>
2025-09-24 10:31:30,686 - httpcore.http11 - DEBUG - atrace:87 - receive_response_body.complete
2025-09-24 10:31:30,686 - httpcore.http11 - DEBUG - atrace:87 - response_closed.started
2025-09-24 10:31:30,686 - httpcore.http11 - DEBUG - atrace:87 - response_closed.complete
2025-09-24 10:31:30,687 - workers.proxy_pool - INFO - _make_http_request:250 - [2m2025-09-24T05:01:30.686027Z[0m [[32m[1minfo     [0m] [1m📊 Worker successfully fetched data[0m [[0m[1m[34mworkers.proxy_pool[0m][0m [36mactual_records_added[0m=[35m20[0m [36mcommand_id[0m=[35mProducts_page_1[0m [36mentity[0m=[35mProducts[0m [36mentity_total_fetched[0m=[35m20[0m [36mglobal_total_fetched[0m=[35m1565[0m [36mhas_next_page[0m=[35mTrue[0m [36mrecords_in_response[0m=[35m20[0m [36mworker_id[0m=[35mworker_0[0m
2025-09-24 10:31:30,689 - workers.proxy_pool - INFO - execute:110 - [2m2025-09-24T05:01:30.689166Z[0m [[32m[1minfo     [0m] [1m✅ Worker completed command successfully[0m [[0m[1m[34mworkers.proxy_pool[0m][0m [36mcommand_id[0m=[35mProducts_page_1[0m [36mentity[0m=[35mProducts[0m [36mexecution_time_seconds[0m=[35m0.38[0m [36mhas_next_page[0m=[35mTrue[0m [36mrecords_fetched[0m=[35m20[0m [36mworker_id[0m=[35mworker_0[0m
2025-09-24 10:31:30,690 - workers.proxy_pool - INFO - _worker_loop:460 - [2m2025-09-24T05:01:30.690393Z[0m [[32m[1minfo     [0m] [1m📋 Worker picked up command from queue[0m [[0m[1m[34mworkers.proxy_pool[0m][0m [36mcommand_id[0m=[35mProducts_Above_Average_Prices_page_1[0m [36mentity[0m=[35mProducts_Above_Average_Prices[0m [36mqueue_size_after_pickup[0m=[35m19[0m [36mworker_id[0m=[35mworker_0[0m [36mworker_status[0m=[35mPROCESSING[0m
2025-09-24 10:31:30,691 - workers.proxy_pool - INFO - execute:59 - [2m2025-09-24T05:01:30.691144Z[0m [[32m[1minfo     [0m] [1m🚀 Worker starting command execution[0m [[0m[1m[34mworkers.proxy_pool[0m][0m [36mcommand_id[0m=[35mProducts_Above_Average_Prices_page_1[0m [36mcommand_type[0m=[35mfetch_page[0m [36mentity[0m=[35mProducts_Above_Average_Prices[0m [36mpriority[0m=[35m1[0m [36mretry_count[0m=[35m0[0m [36mskip[0m=[35m0[0m [36mtop[0m=[35m1500[0m [36mworker_id[0m=[35mworker_0[0m
2025-09-24 10:31:30,692 - workers.proxy_pool - INFO - execute:82 - [2m2025-09-24T05:01:30.692230Z[0m [[32m[1minfo     [0m] [1m🔄 Worker executing request with resilience patterns[0m [[0m[1m[34mworkers.proxy_pool[0m][0m [36mcircuit_breaker_state[0m=[35mclosed[0m [36mcommand_id[0m=[35mProducts_Above_Average_Prices_page_1[0m [36mworker_id[0m=[35mworker_0[0m
2025-09-24 10:31:30,692 - planning.record_tracker - INFO - calculate_optimal_batch_size:206 - [2m2025-09-24T05:01:30.692230Z[0m [[32m[1minfo     [0m] [1mAdjusted batch size to prevent overfetching[0m [[0m[1m[34mplanning.record_tracker[0m][0m [36mdefault_size[0m=[35m1500[0m [36mentity[0m=[35mProducts_Above_Average_Prices[0m [36moptimal_size[0m=[35m25[0m [36mremaining_records[0m=[35m25[0m
2025-09-24 10:31:30,692 - workers.proxy_pool - INFO - _make_http_request:177 - [2m2025-09-24T05:01:30.692230Z[0m [[32m[1minfo     [0m] [1m📏 Adjusted batch size for optimal fetching[0m [[0m[1m[34mworkers.proxy_pool[0m][0m [36mcommand_id[0m=[35mProducts_Above_Average_Prices_page_1[0m [36mentity[0m=[35mProducts_Above_Average_Prices[0m [36moptimal_top[0m=[35m25[0m [36moriginal_top[0m=[35m1500[0m [36mworker_id[0m=[35mworker_0[0m
2025-09-24 10:31:30,693 - storage.transformer - INFO - transform_odata_response:62 - [2m2025-09-24T05:01:30.693967Z[0m [[32m[1minfo     [0m] [1mStarting transformation       [0m [[0m[1m[34mstorage.transformer[0m][0m [36mentity_name[0m=[35mProducts[0m [36mresponse_keys[0m=[35m['@odata.context', 'value', '@odata.nextLink'][0m
2025-09-24 10:31:30,693 - storage.transformer - INFO - transform_odata_response:101 - [2m2025-09-24T05:01:30.693967Z[0m [[32m[1minfo     [0m] [1mTransformation completed      [0m [[0m[1m[34mstorage.transformer[0m][0m [36mentity_name[0m=[35mProducts[0m [36minput_records[0m=[35m20[0m [36moutput_records[0m=[35m20[0m [36mtransformation_time_seconds[0m=[35m0.0[0m
2025-09-24 10:31:30,693 - storage.local_storage - INFO - store_processed_records:145 - [2m2025-09-24T05:01:30.693967Z[0m [[32m[1minfo     [0m] [1mStoring processed records     [0m [[0m[1m[34mstorage.local_storage[0m][0m [36mentity_name[0m=[35mProducts[0m [36mformat[0m=[35mjson[0m [36mrecord_count[0m=[35m20[0m
2025-09-24 10:31:30,693 - storage.local_storage - INFO - store_processed_records:160 - [2m2025-09-24T05:01:30.693967Z[0m [[32m[1minfo     [0m] [1mSuccessfully stored processed records[0m [[0m[1m[34mstorage.local_storage[0m][0m [36mentity_name[0m=[35mProducts[0m [36mfile_path[0m=[35m./test_output/processed\Products_20250924_050130.json[0m [36mrecord_count[0m=[35m20[0m [36mstorage_time_seconds[0m=[35m0.0[0m
2025-09-24 10:31:30,702 - storage.local_storage - INFO - store_raw_response:89 - [2m2025-09-24T05:01:30.702568Z[0m [[32m[1minfo     [0m] [1mSuccessfully stored raw data  [0m [[0m[1m[34mstorage.local_storage[0m][0m [36mentity_name[0m=[35mProducts[0m [36mfile_path[0m=[35m./test_output/raw\Products\2025/09/24\05\Products_page_1.json[0m [36msize_bytes[0m=[35m7446[0m [36mstorage_time_seconds[0m=[35m0.016[0m
2025-09-24 10:31:30,702 - httpcore.http11 - DEBUG - atrace:87 - send_request_headers.started request=<Request [b'GET']>
2025-09-24 10:31:30,702 - httpcore.http11 - DEBUG - atrace:87 - send_request_headers.complete
2025-09-24 10:31:30,702 - httpcore.http11 - DEBUG - atrace:87 - send_request_body.started request=<Request [b'GET']>
2025-09-24 10:31:30,702 - httpcore.http11 - DEBUG - atrace:87 - send_request_body.complete
2025-09-24 10:31:30,702 - httpcore.http11 - DEBUG - atrace:87 - receive_response_headers.started request=<Request [b'GET']>
2025-09-24 10:31:30,886 - httpcore.http11 - DEBUG - atrace:87 - receive_response_headers.complete return_value=(b'HTTP/1.1', 200, b'OK', [(b'Content-Length', b'1429'), (b'Content-Type', b'application/json;odata.metadata=minimal;odata.streaming=true;IEEE754Compatible=false;charset=utf-8'), (b'Date', b'Wed, 24 Sep 2025 05:01:31 GMT'), (b'Server', b'Microsoft-IIS/10.0'), (b'Access-Control-Allow-Headers', b'Accept, Origin, Content-Type, MaxDataServiceVersion'), (b'Access-Control-Allow-Methods', b'GET'), (b'Access-Control-Allow-Origin', b'*'), (b'Access-Control-Expose-Headers', b'DataServiceVersion'), (b'Cache-Control', b'private'), (b'Content-Encoding', b'gzip'), (b'Expires', b'Wed, 24 Sep 2025 05:02:31 GMT'), (b'Vary', b'*'), (b'X-Content-Type-Options', b'nosniff'), (b'OData-Version', b'4.0;'), (b'X-AspNet-Version', b'4.0.30319'), (b'X-Powered-By', b'ASP.NET')])
2025-09-24 10:31:30,886 - httpx - INFO - _send_single_request:1740 - HTTP Request: GET https://services.odata.org/V4/Northwind/Northwind.svc/Current_Product_Lists?%24skip=0&%24top=69 "HTTP/1.1 200 OK"
2025-09-24 10:31:30,886 - httpcore.http11 - DEBUG - atrace:87 - receive_response_body.started request=<Request [b'GET']>
2025-09-24 10:31:30,886 - httpcore.http11 - DEBUG - atrace:87 - receive_response_body.complete
2025-09-24 10:31:30,886 - httpcore.http11 - DEBUG - atrace:87 - response_closed.started
2025-09-24 10:31:30,886 - httpcore.http11 - DEBUG - atrace:87 - response_closed.complete
2025-09-24 10:31:30,886 - planning.record_tracker - INFO - add_page_records:38 - [2m2025-09-24T05:01:30.886009Z[0m [[32m[1minfo     [0m] [1m✅ Entity record fetching complete[0m [[0m[1m[34mplanning.record_tracker[0m][0m [36mentity[0m=[35mCurrent_Product_Lists[0m [36mfetched[0m=[35m69[0m [36mtarget[0m=[35m69[0m
2025-09-24 10:31:30,887 - workers.proxy_pool - INFO - _make_http_request:243 - [2m2025-09-24T05:01:30.887569Z[0m [[32m[1minfo     [0m] [1m🎯 Stopping pagination due to record limits[0m [[0m[1m[34mworkers.proxy_pool[0m][0m [36mcommand_id[0m=[35mCurrent_Product_Lists_page_1[0m [36mentity[0m=[35mCurrent_Product_Lists[0m [36mentity_complete[0m=[35mTrue[0m [36mglobal_limit_reached[0m=[35mNone[0m [36mworker_id[0m=[35mworker_2[0m
2025-09-24 10:31:30,887 - workers.proxy_pool - INFO - _make_http_request:250 - [2m2025-09-24T05:01:30.887995Z[0m [[32m[1minfo     [0m] [1m📊 Worker successfully fetched data[0m [[0m[1m[34mworkers.proxy_pool[0m][0m [36mactual_records_added[0m=[35m69[0m [36mcommand_id[0m=[35mCurrent_Product_Lists_page_1[0m [36mentity[0m=[35mCurrent_Product_Lists[0m [36mentity_total_fetched[0m=[35m69[0m [36mglobal_total_fetched[0m=[35m1634[0m [36mhas_next_page[0m=[35mFalse[0m [36mrecords_in_response[0m=[35m69[0m [36mworker_id[0m=[35mworker_2[0m
2025-09-24 10:31:30,888 - workers.proxy_pool - INFO - execute:110 - [2m2025-09-24T05:01:30.888601Z[0m [[32m[1minfo     [0m] [1m✅ Worker completed command successfully[0m [[0m[1m[34mworkers.proxy_pool[0m][0m [36mcommand_id[0m=[35mCurrent_Product_Lists_page_1[0m [36mentity[0m=[35mCurrent_Product_Lists[0m [36mexecution_time_seconds[0m=[35m0.27[0m [36mhas_next_page[0m=[35mFalse[0m [36mrecords_fetched[0m=[35m69[0m [36mworker_id[0m=[35mworker_2[0m
2025-09-24 10:31:30,889 - workers.proxy_pool - INFO - _worker_loop:460 - [2m2025-09-24T05:01:30.889580Z[0m [[32m[1minfo     [0m] [1m📋 Worker picked up command from queue[0m [[0m[1m[34mworkers.proxy_pool[0m][0m [36mcommand_id[0m=[35mShippers_page_1[0m [36mentity[0m=[35mShippers[0m [36mqueue_size_after_pickup[0m=[35m19[0m [36mworker_id[0m=[35mworker_2[0m [36mworker_status[0m=[35mPROCESSING[0m
2025-09-24 10:31:30,889 - workers.proxy_pool - INFO - execute:59 - [2m2025-09-24T05:01:30.889580Z[0m [[32m[1minfo     [0m] [1m🚀 Worker starting command execution[0m [[0m[1m[34mworkers.proxy_pool[0m][0m [36mcommand_id[0m=[35mShippers_page_1[0m [36mcommand_type[0m=[35mfetch_page[0m [36mentity[0m=[35mShippers[0m [36mpriority[0m=[35m1[0m [36mretry_count[0m=[35m0[0m [36mskip[0m=[35m0[0m [36mtop[0m=[35m1500[0m [36mworker_id[0m=[35mworker_2[0m
2025-09-24 10:31:30,890 - workers.proxy_pool - INFO - execute:82 - [2m2025-09-24T05:01:30.890593Z[0m [[32m[1minfo     [0m] [1m🔄 Worker executing request with resilience patterns[0m [[0m[1m[34mworkers.proxy_pool[0m][0m [36mcircuit_breaker_state[0m=[35mclosed[0m [36mcommand_id[0m=[35mShippers_page_1[0m [36mworker_id[0m=[35mworker_2[0m
2025-09-24 10:31:30,890 - planning.record_tracker - INFO - calculate_optimal_batch_size:206 - [2m2025-09-24T05:01:30.890593Z[0m [[32m[1minfo     [0m] [1mAdjusted batch size to prevent overfetching[0m [[0m[1m[34mplanning.record_tracker[0m][0m [36mdefault_size[0m=[35m1500[0m [36mentity[0m=[35mShippers[0m [36moptimal_size[0m=[35m3[0m [36mremaining_records[0m=[35m3[0m
2025-09-24 10:31:30,890 - workers.proxy_pool - INFO - _make_http_request:177 - [2m2025-09-24T05:01:30.890593Z[0m [[32m[1minfo     [0m] [1m📏 Adjusted batch size for optimal fetching[0m [[0m[1m[34mworkers.proxy_pool[0m][0m [36mcommand_id[0m=[35mShippers_page_1[0m [36mentity[0m=[35mShippers[0m [36moptimal_top[0m=[35m3[0m [36moriginal_top[0m=[35m1500[0m [36mworker_id[0m=[35mworker_2[0m
2025-09-24 10:31:30,891 - storage.transformer - INFO - transform_odata_response:62 - [2m2025-09-24T05:01:30.891895Z[0m [[32m[1minfo     [0m] [1mStarting transformation       [0m [[0m[1m[34mstorage.transformer[0m][0m [36mentity_name[0m=[35mCurrent_Product_Lists[0m [36mresponse_keys[0m=[35m['@odata.context', 'value'][0m
2025-09-24 10:31:30,894 - storage.transformer - INFO - transform_odata_response:101 - [2m2025-09-24T05:01:30.894080Z[0m [[32m[1minfo     [0m] [1mTransformation completed      [0m [[0m[1m[34mstorage.transformer[0m][0m [36mentity_name[0m=[35mCurrent_Product_Lists[0m [36minput_records[0m=[35m69[0m [36moutput_records[0m=[35m69[0m [36mtransformation_time_seconds[0m=[35m0.0[0m
2025-09-24 10:31:30,894 - storage.local_storage - INFO - store_processed_records:145 - [2m2025-09-24T05:01:30.894603Z[0m [[32m[1minfo     [0m] [1mStoring processed records     [0m [[0m[1m[34mstorage.local_storage[0m][0m [36mentity_name[0m=[35mCurrent_Product_Lists[0m [36mformat[0m=[35mjson[0m [36mrecord_count[0m=[35m69[0m
2025-09-24 10:31:30,896 - storage.local_storage - INFO - store_processed_records:160 - [2m2025-09-24T05:01:30.896281Z[0m [[32m[1minfo     [0m] [1mSuccessfully stored processed records[0m [[0m[1m[34mstorage.local_storage[0m][0m [36mentity_name[0m=[35mCurrent_Product_Lists[0m [36mfile_path[0m=[35m./test_output/processed\Current_Product_Lists_20250924_050130.json[0m [36mrecord_count[0m=[35m69[0m [36mstorage_time_seconds[0m=[35m0.0[0m
2025-09-24 10:31:30,900 - storage.local_storage - INFO - store_raw_response:89 - [2m2025-09-24T05:01:30.900285Z[0m [[32m[1minfo     [0m] [1mSuccessfully stored raw data  [0m [[0m[1m[34mstorage.local_storage[0m][0m [36mentity_name[0m=[35mCurrent_Product_Lists[0m [36mfile_path[0m=[35m./test_output/raw\Current_Product_Lists\2025/09/24\05\Current_Product_Lists_page_1.json[0m [36msize_bytes[0m=[35m6133[0m [36mstorage_time_seconds[0m=[35m0.016[0m
2025-09-24 10:31:30,901 - httpcore.http11 - DEBUG - atrace:87 - send_request_headers.started request=<Request [b'GET']>
2025-09-24 10:31:30,903 - httpcore.http11 - DEBUG - atrace:87 - send_request_headers.complete
2025-09-24 10:31:30,903 - httpcore.http11 - DEBUG - atrace:87 - send_request_body.started request=<Request [b'GET']>
2025-09-24 10:31:30,903 - httpcore.http11 - DEBUG - atrace:87 - send_request_body.complete
2025-09-24 10:31:30,903 - httpcore.http11 - DEBUG - atrace:87 - receive_response_headers.started request=<Request [b'GET']>
2025-09-24 10:31:30,985 - httpcore.http11 - DEBUG - atrace:87 - receive_response_headers.complete return_value=(b'HTTP/1.1', 200, b'OK', [(b'Content-Length', b'764'), (b'Content-Type', b'application/json;odata.metadata=minimal;odata.streaming=true;IEEE754Compatible=false;charset=utf-8'), (b'Date', b'Wed, 24 Sep 2025 05:01:31 GMT'), (b'Server', b'Microsoft-IIS/10.0'), (b'Access-Control-Allow-Headers', b'Accept, Origin, Content-Type, MaxDataServiceVersion'), (b'Access-Control-Allow-Methods', b'GET'), (b'Access-Control-Allow-Origin', b'*'), (b'Access-Control-Expose-Headers', b'DataServiceVersion'), (b'Cache-Control', b'private'), (b'Content-Encoding', b'gzip'), (b'Expires', b'Wed, 24 Sep 2025 05:02:31 GMT'), (b'Vary', b'*'), (b'X-Content-Type-Options', b'nosniff'), (b'OData-Version', b'4.0;'), (b'X-AspNet-Version', b'4.0.30319'), (b'X-Powered-By', b'ASP.NET')])
2025-09-24 10:31:30,985 - httpx - INFO - _send_single_request:1740 - HTTP Request: GET https://services.odata.org/V4/Northwind/Northwind.svc/Products_Above_Average_Prices?%24skip=0&%24top=25 "HTTP/1.1 200 OK"
2025-09-24 10:31:30,985 - httpcore.http11 - DEBUG - atrace:87 - receive_response_body.started request=<Request [b'GET']>
2025-09-24 10:31:30,986 - httpcore.http11 - DEBUG - atrace:87 - receive_response_body.complete
2025-09-24 10:31:30,986 - httpcore.http11 - DEBUG - atrace:87 - response_closed.started
2025-09-24 10:31:30,986 - httpcore.http11 - DEBUG - atrace:87 - response_closed.complete
2025-09-24 10:31:30,987 - planning.record_tracker - INFO - add_page_records:38 - [2m2025-09-24T05:01:30.987251Z[0m [[32m[1minfo     [0m] [1m✅ Entity record fetching complete[0m [[0m[1m[34mplanning.record_tracker[0m][0m [36mentity[0m=[35mProducts_Above_Average_Prices[0m [36mfetched[0m=[35m25[0m [36mtarget[0m=[35m25[0m
2025-09-24 10:31:30,987 - workers.proxy_pool - INFO - _make_http_request:243 - [2m2025-09-24T05:01:30.987251Z[0m [[32m[1minfo     [0m] [1m🎯 Stopping pagination due to record limits[0m [[0m[1m[34mworkers.proxy_pool[0m][0m [36mcommand_id[0m=[35mProducts_Above_Average_Prices_page_1[0m [36mentity[0m=[35mProducts_Above_Average_Prices[0m [36mentity_complete[0m=[35mTrue[0m [36mglobal_limit_reached[0m=[35mNone[0m [36mworker_id[0m=[35mworker_0[0m
2025-09-24 10:31:30,988 - workers.proxy_pool - INFO - _make_http_request:250 - [2m2025-09-24T05:01:30.988398Z[0m [[32m[1minfo     [0m] [1m📊 Worker successfully fetched data[0m [[0m[1m[34mworkers.proxy_pool[0m][0m [36mactual_records_added[0m=[35m25[0m [36mcommand_id[0m=[35mProducts_Above_Average_Prices_page_1[0m [36mentity[0m=[35mProducts_Above_Average_Prices[0m [36mentity_total_fetched[0m=[35m25[0m [36mglobal_total_fetched[0m=[35m1659[0m [36mhas_next_page[0m=[35mFalse[0m [36mrecords_in_response[0m=[35m25[0m [36mworker_id[0m=[35mworker_0[0m
2025-09-24 10:31:30,988 - workers.proxy_pool - INFO - execute:110 - [2m2025-09-24T05:01:30.988952Z[0m [[32m[1minfo     [0m] [1m✅ Worker completed command successfully[0m [[0m[1m[34mworkers.proxy_pool[0m][0m [36mcommand_id[0m=[35mProducts_Above_Average_Prices_page_1[0m [36mentity[0m=[35mProducts_Above_Average_Prices[0m [36mexecution_time_seconds[0m=[35m0.3[0m [36mhas_next_page[0m=[35mFalse[0m [36mrecords_fetched[0m=[35m25[0m [36mworker_id[0m=[35mworker_0[0m
2025-09-24 10:31:30,989 - workers.proxy_pool - INFO - _worker_loop:460 - [2m2025-09-24T05:01:30.989477Z[0m [[32m[1minfo     [0m] [1m📋 Worker picked up command from queue[0m [[0m[1m[34mworkers.proxy_pool[0m][0m [36mcommand_id[0m=[35mOrders_Qries_page_1[0m [36mentity[0m=[35mOrders_Qries[0m [36mqueue_size_after_pickup[0m=[35m18[0m [36mworker_id[0m=[35mworker_0[0m [36mworker_status[0m=[35mPROCESSING[0m
2025-09-24 10:31:30,990 - workers.proxy_pool - INFO - execute:59 - [2m2025-09-24T05:01:30.990071Z[0m [[32m[1minfo     [0m] [1m🚀 Worker starting command execution[0m [[0m[1m[34mworkers.proxy_pool[0m][0m [36mcommand_id[0m=[35mOrders_Qries_page_1[0m [36mcommand_type[0m=[35mfetch_page[0m [36mentity[0m=[35mOrders_Qries[0m [36mpriority[0m=[35m1[0m [36mretry_count[0m=[35m0[0m [36mskip[0m=[35m0[0m [36mtop[0m=[35m1500[0m [36mworker_id[0m=[35mworker_0[0m
2025-09-24 10:31:30,990 - workers.proxy_pool - INFO - execute:82 - [2m2025-09-24T05:01:30.990599Z[0m [[32m[1minfo     [0m] [1m🔄 Worker executing request with resilience patterns[0m [[0m[1m[34mworkers.proxy_pool[0m][0m [36mcircuit_breaker_state[0m=[35mclosed[0m [36mcommand_id[0m=[35mOrders_Qries_page_1[0m [36mworker_id[0m=[35mworker_0[0m
2025-09-24 10:31:30,990 - planning.record_tracker - INFO - calculate_optimal_batch_size:206 - [2m2025-09-24T05:01:30.990599Z[0m [[32m[1minfo     [0m] [1mAdjusted batch size to prevent overfetching[0m [[0m[1m[34mplanning.record_tracker[0m][0m [36mdefault_size[0m=[35m1500[0m [36mentity[0m=[35mOrders_Qries[0m [36moptimal_size[0m=[35m830[0m [36mremaining_records[0m=[35m830[0m
2025-09-24 10:31:30,991 - workers.proxy_pool - INFO - _make_http_request:177 - [2m2025-09-24T05:01:30.991142Z[0m [[32m[1minfo     [0m] [1m📏 Adjusted batch size for optimal fetching[0m [[0m[1m[34mworkers.proxy_pool[0m][0m [36mcommand_id[0m=[35mOrders_Qries_page_1[0m [36mentity[0m=[35mOrders_Qries[0m [36moptimal_top[0m=[35m830[0m [36moriginal_top[0m=[35m1500[0m [36mworker_id[0m=[35mworker_0[0m
2025-09-24 10:31:30,992 - storage.transformer - INFO - transform_odata_response:62 - [2m2025-09-24T05:01:30.992235Z[0m [[32m[1minfo     [0m] [1mStarting transformation       [0m [[0m[1m[34mstorage.transformer[0m][0m [36mentity_name[0m=[35mProducts_Above_Average_Prices[0m [36mresponse_keys[0m=[35m['@odata.context', 'value'][0m
2025-09-24 10:31:30,993 - storage.transformer - INFO - transform_odata_response:101 - [2m2025-09-24T05:01:30.992777Z[0m [[32m[1minfo     [0m] [1mTransformation completed      [0m [[0m[1m[34mstorage.transformer[0m][0m [36mentity_name[0m=[35mProducts_Above_Average_Prices[0m [36minput_records[0m=[35m25[0m [36moutput_records[0m=[35m25[0m [36mtransformation_time_seconds[0m=[35m0.0[0m
2025-09-24 10:31:30,993 - storage.local_storage - INFO - store_processed_records:145 - [2m2025-09-24T05:01:30.993319Z[0m [[32m[1minfo     [0m] [1mStoring processed records     [0m [[0m[1m[34mstorage.local_storage[0m][0m [36mentity_name[0m=[35mProducts_Above_Average_Prices[0m [36mformat[0m=[35mjson[0m [36mrecord_count[0m=[35m25[0m
2025-09-24 10:31:30,995 - storage.local_storage - INFO - store_processed_records:160 - [2m2025-09-24T05:01:30.995030Z[0m [[32m[1minfo     [0m] [1mSuccessfully stored processed records[0m [[0m[1m[34mstorage.local_storage[0m][0m [36mentity_name[0m=[35mProducts_Above_Average_Prices[0m [36mfile_path[0m=[35m./test_output/processed\Products_Above_Average_Prices_20250924_050130.json[0m [36mrecord_count[0m=[35m25[0m [36mstorage_time_seconds[0m=[35m0.0[0m
2025-09-24 10:31:30,998 - storage.local_storage - INFO - store_raw_response:89 - [2m2025-09-24T05:01:30.998283Z[0m [[32m[1minfo     [0m] [1mSuccessfully stored raw data  [0m [[0m[1m[34mstorage.local_storage[0m][0m [36mentity_name[0m=[35mProducts_Above_Average_Prices[0m [36mfile_path[0m=[35m./test_output/raw\Products_Above_Average_Prices\2025/09/24\05\Products_Above_Average_Prices_page_1.json[0m [36msize_bytes[0m=[35m2555[0m [36mstorage_time_seconds[0m=[35m0.0[0m
2025-09-24 10:31:30,999 - httpcore.http11 - DEBUG - atrace:87 - send_request_headers.started request=<Request [b'GET']>
2025-09-24 10:31:31,001 - httpcore.http11 - DEBUG - atrace:87 - send_request_headers.complete
2025-09-24 10:31:31,001 - httpcore.http11 - DEBUG - atrace:87 - send_request_body.started request=<Request [b'GET']>
2025-09-24 10:31:31,001 - httpcore.http11 - DEBUG - atrace:87 - send_request_body.complete
2025-09-24 10:31:31,001 - httpcore.http11 - DEBUG - atrace:87 - receive_response_headers.started request=<Request [b'GET']>
2025-09-24 10:31:31,153 - httpcore.http11 - DEBUG - atrace:87 - receive_response_headers.complete return_value=(b'HTTP/1.1', 200, b'OK', [(b'Content-Length', b'311'), (b'Content-Type', b'application/json;odata.metadata=minimal;odata.streaming=true;IEEE754Compatible=false;charset=utf-8'), (b'Date', b'Wed, 24 Sep 2025 05:01:31 GMT'), (b'Server', b'Microsoft-IIS/10.0'), (b'Access-Control-Allow-Headers', b'Accept, Origin, Content-Type, MaxDataServiceVersion'), (b'Access-Control-Allow-Methods', b'GET'), (b'Access-Control-Allow-Origin', b'*'), (b'Access-Control-Expose-Headers', b'DataServiceVersion'), (b'Cache-Control', b'private'), (b'Content-Encoding', b'gzip'), (b'Expires', b'Wed, 24 Sep 2025 05:02:31 GMT'), (b'Vary', b'*'), (b'X-Content-Type-Options', b'nosniff'), (b'OData-Version', b'4.0;'), (b'X-AspNet-Version', b'4.0.30319'), (b'X-Powered-By', b'ASP.NET')])
2025-09-24 10:31:31,153 - httpx - INFO - _send_single_request:1740 - HTTP Request: GET https://services.odata.org/V4/Northwind/Northwind.svc/Shippers?%24skip=0&%24top=3 "HTTP/1.1 200 OK"
2025-09-24 10:31:31,153 - httpcore.http11 - DEBUG - atrace:87 - receive_response_body.started request=<Request [b'GET']>
2025-09-24 10:31:31,153 - httpcore.http11 - DEBUG - atrace:87 - receive_response_body.complete
2025-09-24 10:31:31,153 - httpcore.http11 - DEBUG - atrace:87 - response_closed.started
2025-09-24 10:31:31,153 - httpcore.http11 - DEBUG - atrace:87 - response_closed.complete
2025-09-24 10:31:31,153 - planning.record_tracker - INFO - add_page_records:38 - [2m2025-09-24T05:01:31.153072Z[0m [[32m[1minfo     [0m] [1m✅ Entity record fetching complete[0m [[0m[1m[34mplanning.record_tracker[0m][0m [36mentity[0m=[35mShippers[0m [36mfetched[0m=[35m3[0m [36mtarget[0m=[35m3[0m
2025-09-24 10:31:31,153 - workers.proxy_pool - INFO - _make_http_request:243 - [2m2025-09-24T05:01:31.153072Z[0m [[32m[1minfo     [0m] [1m🎯 Stopping pagination due to record limits[0m [[0m[1m[34mworkers.proxy_pool[0m][0m [36mcommand_id[0m=[35mShippers_page_1[0m [36mentity[0m=[35mShippers[0m [36mentity_complete[0m=[35mTrue[0m [36mglobal_limit_reached[0m=[35mNone[0m [36mworker_id[0m=[35mworker_2[0m
2025-09-24 10:31:31,153 - workers.proxy_pool - INFO - _make_http_request:250 - [2m2025-09-24T05:01:31.153072Z[0m [[32m[1minfo     [0m] [1m📊 Worker successfully fetched data[0m [[0m[1m[34mworkers.proxy_pool[0m][0m [36mactual_records_added[0m=[35m3[0m [36mcommand_id[0m=[35mShippers_page_1[0m [36mentity[0m=[35mShippers[0m [36mentity_total_fetched[0m=[35m3[0m [36mglobal_total_fetched[0m=[35m1662[0m [36mhas_next_page[0m=[35mFalse[0m [36mrecords_in_response[0m=[35m3[0m [36mworker_id[0m=[35mworker_2[0m
2025-09-24 10:31:31,162 - workers.proxy_pool - INFO - execute:110 - [2m2025-09-24T05:01:31.162628Z[0m [[32m[1minfo     [0m] [1m✅ Worker completed command successfully[0m [[0m[1m[34mworkers.proxy_pool[0m][0m [36mcommand_id[0m=[35mShippers_page_1[0m [36mentity[0m=[35mShippers[0m [36mexecution_time_seconds[0m=[35m0.27[0m [36mhas_next_page[0m=[35mFalse[0m [36mrecords_fetched[0m=[35m3[0m [36mworker_id[0m=[35mworker_2[0m
2025-09-24 10:31:31,163 - workers.proxy_pool - INFO - _worker_loop:460 - [2m2025-09-24T05:01:31.163257Z[0m [[32m[1minfo     [0m] [1m📋 Worker picked up command from queue[0m [[0m[1m[34mworkers.proxy_pool[0m][0m [36mcommand_id[0m=[35mSummary_of_Sales_by_Quarters_page_1[0m [36mentity[0m=[35mSummary_of_Sales_by_Quarters[0m [36mqueue_size_after_pickup[0m=[35m17[0m [36mworker_id[0m=[35mworker_2[0m [36mworker_status[0m=[35mPROCESSING[0m
2025-09-24 10:31:31,163 - workers.proxy_pool - INFO - execute:59 - [2m2025-09-24T05:01:31.163257Z[0m [[32m[1minfo     [0m] [1m🚀 Worker starting command execution[0m [[0m[1m[34mworkers.proxy_pool[0m][0m [36mcommand_id[0m=[35mSummary_of_Sales_by_Quarters_page_1[0m [36mcommand_type[0m=[35mfetch_page[0m [36mentity[0m=[35mSummary_of_Sales_by_Quarters[0m [36mpriority[0m=[35m1[0m [36mretry_count[0m=[35m0[0m [36mskip[0m=[35m0[0m [36mtop[0m=[35m1500[0m [36mworker_id[0m=[35mworker_2[0m
2025-09-24 10:31:31,164 - workers.proxy_pool - INFO - execute:82 - [2m2025-09-24T05:01:31.163968Z[0m [[32m[1minfo     [0m] [1m🔄 Worker executing request with resilience patterns[0m [[0m[1m[34mworkers.proxy_pool[0m][0m [36mcircuit_breaker_state[0m=[35mclosed[0m [36mcommand_id[0m=[35mSummary_of_Sales_by_Quarters_page_1[0m [36mworker_id[0m=[35mworker_2[0m
2025-09-24 10:31:31,164 - planning.record_tracker - INFO - calculate_optimal_batch_size:206 - [2m2025-09-24T05:01:31.164551Z[0m [[32m[1minfo     [0m] [1mAdjusted batch size to prevent overfetching[0m [[0m[1m[34mplanning.record_tracker[0m][0m [36mdefault_size[0m=[35m1500[0m [36mentity[0m=[35mSummary_of_Sales_by_Quarters[0m [36moptimal_size[0m=[35m809[0m [36mremaining_records[0m=[35m809[0m
2025-09-24 10:31:31,165 - workers.proxy_pool - INFO - _make_http_request:177 - [2m2025-09-24T05:01:31.165091Z[0m [[32m[1minfo     [0m] [1m📏 Adjusted batch size for optimal fetching[0m [[0m[1m[34mworkers.proxy_pool[0m][0m [36mcommand_id[0m=[35mSummary_of_Sales_by_Quarters_page_1[0m [36mentity[0m=[35mSummary_of_Sales_by_Quarters[0m [36moptimal_top[0m=[35m809[0m [36moriginal_top[0m=[35m1500[0m [36mworker_id[0m=[35mworker_2[0m
2025-09-24 10:31:31,166 - storage.transformer - INFO - transform_odata_response:62 - [2m2025-09-24T05:01:31.165750Z[0m [[32m[1minfo     [0m] [1mStarting transformation       [0m [[0m[1m[34mstorage.transformer[0m][0m [36mentity_name[0m=[35mShippers[0m [36mresponse_keys[0m=[35m['@odata.context', 'value'][0m
2025-09-24 10:31:31,166 - storage.transformer - INFO - transform_odata_response:101 - [2m2025-09-24T05:01:31.166960Z[0m [[32m[1minfo     [0m] [1mTransformation completed      [0m [[0m[1m[34mstorage.transformer[0m][0m [36mentity_name[0m=[35mShippers[0m [36minput_records[0m=[35m3[0m [36moutput_records[0m=[35m3[0m [36mtransformation_time_seconds[0m=[35m0.0[0m
2025-09-24 10:31:31,168 - storage.local_storage - INFO - store_processed_records:145 - [2m2025-09-24T05:01:31.167546Z[0m [[32m[1minfo     [0m] [1mStoring processed records     [0m [[0m[1m[34mstorage.local_storage[0m][0m [36mentity_name[0m=[35mShippers[0m [36mformat[0m=[35mjson[0m [36mrecord_count[0m=[35m3[0m
2025-09-24 10:31:31,169 - storage.local_storage - INFO - store_processed_records:160 - [2m2025-09-24T05:01:31.169961Z[0m [[32m[1minfo     [0m] [1mSuccessfully stored processed records[0m [[0m[1m[34mstorage.local_storage[0m][0m [36mentity_name[0m=[35mShippers[0m [36mfile_path[0m=[35m./test_output/processed\Shippers_20250924_050131.json[0m [36mrecord_count[0m=[35m3[0m [36mstorage_time_seconds[0m=[35m0.0[0m
2025-09-24 10:31:31,172 - storage.local_storage - INFO - store_raw_response:89 - [2m2025-09-24T05:01:31.172733Z[0m [[32m[1minfo     [0m] [1mSuccessfully stored raw data  [0m [[0m[1m[34mstorage.local_storage[0m][0m [36mentity_name[0m=[35mShippers[0m [36mfile_path[0m=[35m./test_output/raw\Shippers\2025/09/24\05\Shippers_page_1.json[0m [36msize_bytes[0m=[35m628[0m [36mstorage_time_seconds[0m=[35m0.0[0m
2025-09-24 10:31:31,173 - httpcore.http11 - DEBUG - atrace:87 - send_request_headers.started request=<Request [b'GET']>
2025-09-24 10:31:31,173 - httpcore.http11 - DEBUG - atrace:87 - send_request_headers.complete
2025-09-24 10:31:31,174 - httpcore.http11 - DEBUG - atrace:87 - send_request_body.started request=<Request [b'GET']>
2025-09-24 10:31:31,174 - httpcore.http11 - DEBUG - atrace:87 - send_request_body.complete
2025-09-24 10:31:31,174 - httpcore.http11 - DEBUG - atrace:87 - receive_response_headers.started request=<Request [b'GET']>
2025-09-24 10:31:31,351 - httpcore.http11 - DEBUG - atrace:87 - receive_response_headers.complete return_value=(b'HTTP/1.1', 200, b'OK', [(b'Content-Length', b'1905'), (b'Content-Type', b'application/json;odata.metadata=minimal;odata.streaming=true;IEEE754Compatible=false;charset=utf-8'), (b'Date', b'Wed, 24 Sep 2025 05:01:31 GMT'), (b'Server', b'Microsoft-IIS/10.0'), (b'Access-Control-Allow-Headers', b'Accept, Origin, Content-Type, MaxDataServiceVersion'), (b'Access-Control-Allow-Methods', b'GET'), (b'Access-Control-Allow-Origin', b'*'), (b'Access-Control-Expose-Headers', b'DataServiceVersion'), (b'Cache-Control', b'private'), (b'Content-Encoding', b'gzip'), (b'Expires', b'Wed, 24 Sep 2025 05:02:31 GMT'), (b'Vary', b'*'), (b'X-Content-Type-Options', b'nosniff'), (b'OData-Version', b'4.0;'), (b'X-AspNet-Version', b'4.0.30319'), (b'X-Powered-By', b'ASP.NET')])
2025-09-24 10:31:31,352 - httpx - INFO - _send_single_request:1740 - HTTP Request: GET https://services.odata.org/V4/Northwind/Northwind.svc/Sales_Totals_by_Amounts?%24skip=0&%24top=66 "HTTP/1.1 200 OK"
2025-09-24 10:31:31,352 - httpcore.http11 - DEBUG - atrace:87 - receive_response_body.started request=<Request [b'GET']>
2025-09-24 10:31:31,352 - httpcore.http11 - DEBUG - atrace:87 - receive_response_body.complete
2025-09-24 10:31:31,352 - httpcore.http11 - DEBUG - atrace:87 - response_closed.started
2025-09-24 10:31:31,352 - httpcore.http11 - DEBUG - atrace:87 - response_closed.complete
2025-09-24 10:31:31,352 - planning.record_tracker - INFO - add_page_records:38 - [2m2025-09-24T05:01:31.352189Z[0m [[32m[1minfo     [0m] [1m✅ Entity record fetching complete[0m [[0m[1m[34mplanning.record_tracker[0m][0m [36mentity[0m=[35mSales_Totals_by_Amounts[0m [36mfetched[0m=[35m66[0m [36mtarget[0m=[35m66[0m
2025-09-24 10:31:31,352 - workers.proxy_pool - INFO - _make_http_request:243 - [2m2025-09-24T05:01:31.352189Z[0m [[32m[1minfo     [0m] [1m🎯 Stopping pagination due to record limits[0m [[0m[1m[34mworkers.proxy_pool[0m][0m [36mcommand_id[0m=[35mSales_Totals_by_Amounts_page_1[0m [36mentity[0m=[35mSales_Totals_by_Amounts[0m [36mentity_complete[0m=[35mTrue[0m [36mglobal_limit_reached[0m=[35mNone[0m [36mworker_id[0m=[35mworker_1[0m
2025-09-24 10:31:31,352 - workers.proxy_pool - INFO - _make_http_request:250 - [2m2025-09-24T05:01:31.352189Z[0m [[32m[1minfo     [0m] [1m📊 Worker successfully fetched data[0m [[0m[1m[34mworkers.proxy_pool[0m][0m [36mactual_records_added[0m=[35m66[0m [36mcommand_id[0m=[35mSales_Totals_by_Amounts_page_1[0m [36mentity[0m=[35mSales_Totals_by_Amounts[0m [36mentity_total_fetched[0m=[35m66[0m [36mglobal_total_fetched[0m=[35m1728[0m [36mhas_next_page[0m=[35mFalse[0m [36mrecords_in_response[0m=[35m66[0m [36mworker_id[0m=[35mworker_1[0m
2025-09-24 10:31:31,352 - workers.proxy_pool - INFO - execute:110 - [2m2025-09-24T05:01:31.352189Z[0m [[32m[1minfo     [0m] [1m✅ Worker completed command successfully[0m [[0m[1m[34mworkers.proxy_pool[0m][0m [36mcommand_id[0m=[35mSales_Totals_by_Amounts_page_1[0m [36mentity[0m=[35mSales_Totals_by_Amounts[0m [36mexecution_time_seconds[0m=[35m0.95[0m [36mhas_next_page[0m=[35mFalse[0m [36mrecords_fetched[0m=[35m66[0m [36mworker_id[0m=[35mworker_1[0m
2025-09-24 10:31:31,352 - workers.proxy_pool - INFO - _worker_loop:460 - [2m2025-09-24T05:01:31.352189Z[0m [[32m[1minfo     [0m] [1m📋 Worker picked up command from queue[0m [[0m[1m[34mworkers.proxy_pool[0m][0m [36mcommand_id[0m=[35mRegions_page_1[0m [36mentity[0m=[35mRegions[0m [36mqueue_size_after_pickup[0m=[35m16[0m [36mworker_id[0m=[35mworker_1[0m [36mworker_status[0m=[35mPROCESSING[0m
2025-09-24 10:31:31,352 - workers.proxy_pool - INFO - execute:59 - [2m2025-09-24T05:01:31.352189Z[0m [[32m[1minfo     [0m] [1m🚀 Worker starting command execution[0m [[0m[1m[34mworkers.proxy_pool[0m][0m [36mcommand_id[0m=[35mRegions_page_1[0m [36mcommand_type[0m=[35mfetch_page[0m [36mentity[0m=[35mRegions[0m [36mpriority[0m=[35m1[0m [36mretry_count[0m=[35m0[0m [36mskip[0m=[35m0[0m [36mtop[0m=[35m1500[0m [36mworker_id[0m=[35mworker_1[0m
2025-09-24 10:31:31,357 - workers.proxy_pool - INFO - execute:82 - [2m2025-09-24T05:01:31.357189Z[0m [[32m[1minfo     [0m] [1m🔄 Worker executing request with resilience patterns[0m [[0m[1m[34mworkers.proxy_pool[0m][0m [36mcircuit_breaker_state[0m=[35mclosed[0m [36mcommand_id[0m=[35mRegions_page_1[0m [36mworker_id[0m=[35mworker_1[0m
2025-09-24 10:31:31,357 - planning.record_tracker - INFO - calculate_optimal_batch_size:206 - [2m2025-09-24T05:01:31.357189Z[0m [[32m[1minfo     [0m] [1mAdjusted batch size to prevent overfetching[0m [[0m[1m[34mplanning.record_tracker[0m][0m [36mdefault_size[0m=[35m1500[0m [36mentity[0m=[35mRegions[0m [36moptimal_size[0m=[35m4[0m [36mremaining_records[0m=[35m4[0m
2025-09-24 10:31:31,357 - workers.proxy_pool - INFO - _make_http_request:177 - [2m2025-09-24T05:01:31.357189Z[0m [[32m[1minfo     [0m] [1m📏 Adjusted batch size for optimal fetching[0m [[0m[1m[34mworkers.proxy_pool[0m][0m [36mcommand_id[0m=[35mRegions_page_1[0m [36mentity[0m=[35mRegions[0m [36moptimal_top[0m=[35m4[0m [36moriginal_top[0m=[35m1500[0m [36mworker_id[0m=[35mworker_1[0m
2025-09-24 10:31:31,357 - storage.transformer - INFO - transform_odata_response:62 - [2m2025-09-24T05:01:31.357189Z[0m [[32m[1minfo     [0m] [1mStarting transformation       [0m [[0m[1m[34mstorage.transformer[0m][0m [36mentity_name[0m=[35mSales_Totals_by_Amounts[0m [36mresponse_keys[0m=[35m['@odata.context', 'value'][0m
2025-09-24 10:31:31,357 - storage.transformer - INFO - transform_odata_response:101 - [2m2025-09-24T05:01:31.357189Z[0m [[32m[1minfo     [0m] [1mTransformation completed      [0m [[0m[1m[34mstorage.transformer[0m][0m [36mentity_name[0m=[35mSales_Totals_by_Amounts[0m [36minput_records[0m=[35m66[0m [36moutput_records[0m=[35m66[0m [36mtransformation_time_seconds[0m=[35m0.0[0m
2025-09-24 10:31:31,357 - storage.local_storage - INFO - store_processed_records:145 - [2m2025-09-24T05:01:31.357189Z[0m [[32m[1minfo     [0m] [1mStoring processed records     [0m [[0m[1m[34mstorage.local_storage[0m][0m [36mentity_name[0m=[35mSales_Totals_by_Amounts[0m [36mformat[0m=[35mjson[0m [36mrecord_count[0m=[35m66[0m
2025-09-24 10:31:31,357 - storage.local_storage - INFO - store_processed_records:160 - [2m2025-09-24T05:01:31.357189Z[0m [[32m[1minfo     [0m] [1mSuccessfully stored processed records[0m [[0m[1m[34mstorage.local_storage[0m][0m [36mentity_name[0m=[35mSales_Totals_by_Amounts[0m [36mfile_path[0m=[35m./test_output/processed\Sales_Totals_by_Amounts_20250924_050131.json[0m [36mrecord_count[0m=[35m66[0m [36mstorage_time_seconds[0m=[35m0.0[0m
2025-09-24 10:31:31,357 - storage.local_storage - INFO - store_raw_response:89 - [2m2025-09-24T05:01:31.357189Z[0m [[32m[1minfo     [0m] [1mSuccessfully stored raw data  [0m [[0m[1m[34mstorage.local_storage[0m][0m [36mentity_name[0m=[35mSales_Totals_by_Amounts[0m [36mfile_path[0m=[35m./test_output/raw\Sales_Totals_by_Amounts\2025/09/24\05\Sales_Totals_by_Amounts_page_1.json[0m [36msize_bytes[0m=[35m11057[0m [36mstorage_time_seconds[0m=[35m0.0[0m
2025-09-24 10:31:31,357 - httpcore.http11 - DEBUG - atrace:87 - send_request_headers.started request=<Request [b'GET']>
2025-09-24 10:31:31,357 - httpcore.http11 - DEBUG - atrace:87 - send_request_headers.complete
2025-09-24 10:31:31,357 - httpcore.http11 - DEBUG - atrace:87 - send_request_body.started request=<Request [b'GET']>
2025-09-24 10:31:31,357 - httpcore.http11 - DEBUG - atrace:87 - send_request_body.complete
2025-09-24 10:31:31,357 - httpcore.http11 - DEBUG - atrace:87 - receive_response_headers.started request=<Request [b'GET']>
2025-09-24 10:31:31,436 - httpcore.http11 - DEBUG - atrace:87 - receive_response_headers.complete return_value=(b'HTTP/1.1', 200, b'OK', [(b'Content-Length', b'1596'), (b'Content-Type', b'application/json;odata.metadata=minimal;odata.streaming=true;IEEE754Compatible=false;charset=utf-8'), (b'Date', b'Wed, 24 Sep 2025 05:01:31 GMT'), (b'Server', b'Microsoft-IIS/10.0'), (b'Access-Control-Allow-Headers', b'Accept, Origin, Content-Type, MaxDataServiceVersion'), (b'Access-Control-Allow-Methods', b'GET'), (b'Access-Control-Allow-Origin', b'*'), (b'Access-Control-Expose-Headers', b'DataServiceVersion'), (b'Cache-Control', b'private'), (b'Content-Encoding', b'gzip'), (b'Expires', b'Wed, 24 Sep 2025 05:02:31 GMT'), (b'Vary', b'*'), (b'X-Content-Type-Options', b'nosniff'), (b'OData-Version', b'4.0;'), (b'X-AspNet-Version', b'4.0.30319'), (b'X-Powered-By', b'ASP.NET')])
2025-09-24 10:31:31,438 - httpx - INFO - _send_single_request:1740 - HTTP Request: GET https://services.odata.org/V4/Northwind/Northwind.svc/Summary_of_Sales_by_Quarters?%24skip=0&%24top=809 "HTTP/1.1 200 OK"
2025-09-24 10:31:31,438 - httpcore.http11 - DEBUG - atrace:87 - receive_response_body.started request=<Request [b'GET']>
2025-09-24 10:31:31,438 - httpcore.http11 - DEBUG - atrace:87 - receive_response_body.complete
2025-09-24 10:31:31,438 - httpcore.http11 - DEBUG - atrace:87 - response_closed.started
2025-09-24 10:31:31,438 - httpcore.http11 - DEBUG - atrace:87 - response_closed.complete
2025-09-24 10:31:31,438 - workers.proxy_pool - INFO - _make_http_request:250 - [2m2025-09-24T05:01:31.438149Z[0m [[32m[1minfo     [0m] [1m📊 Worker successfully fetched data[0m [[0m[1m[34mworkers.proxy_pool[0m][0m [36mactual_records_added[0m=[35m100[0m [36mcommand_id[0m=[35mSummary_of_Sales_by_Quarters_page_1[0m [36mentity[0m=[35mSummary_of_Sales_by_Quarters[0m [36mentity_total_fetched[0m=[35m100[0m [36mglobal_total_fetched[0m=[35m1828[0m [36mhas_next_page[0m=[35mTrue[0m [36mrecords_in_response[0m=[35m100[0m [36mworker_id[0m=[35mworker_2[0m
2025-09-24 10:31:31,438 - workers.proxy_pool - INFO - execute:110 - [2m2025-09-24T05:01:31.438149Z[0m [[32m[1minfo     [0m] [1m✅ Worker completed command successfully[0m [[0m[1m[34mworkers.proxy_pool[0m][0m [36mcommand_id[0m=[35mSummary_of_Sales_by_Quarters_page_1[0m [36mentity[0m=[35mSummary_of_Sales_by_Quarters[0m [36mexecution_time_seconds[0m=[35m0.28[0m [36mhas_next_page[0m=[35mTrue[0m [36mrecords_fetched[0m=[35m100[0m [36mworker_id[0m=[35mworker_2[0m
2025-09-24 10:31:31,441 - workers.proxy_pool - INFO - _worker_loop:460 - [2m2025-09-24T05:01:31.441759Z[0m [[32m[1minfo     [0m] [1m📋 Worker picked up command from queue[0m [[0m[1m[34mworkers.proxy_pool[0m][0m [36mcommand_id[0m=[35mOrders_page_1[0m [36mentity[0m=[35mOrders[0m [36mqueue_size_after_pickup[0m=[35m15[0m [36mworker_id[0m=[35mworker_2[0m [36mworker_status[0m=[35mPROCESSING[0m
2025-09-24 10:31:31,441 - workers.proxy_pool - INFO - execute:59 - [2m2025-09-24T05:01:31.441759Z[0m [[32m[1minfo     [0m] [1m🚀 Worker starting command execution[0m [[0m[1m[34mworkers.proxy_pool[0m][0m [36mcommand_id[0m=[35mOrders_page_1[0m [36mcommand_type[0m=[35mfetch_page[0m [36mentity[0m=[35mOrders[0m [36mpriority[0m=[35m1[0m [36mretry_count[0m=[35m0[0m [36mskip[0m=[35m0[0m [36mtop[0m=[35m1500[0m [36mworker_id[0m=[35mworker_2[0m
2025-09-24 10:31:31,441 - workers.proxy_pool - INFO - execute:82 - [2m2025-09-24T05:01:31.441759Z[0m [[32m[1minfo     [0m] [1m🔄 Worker executing request with resilience patterns[0m [[0m[1m[34mworkers.proxy_pool[0m][0m [36mcircuit_breaker_state[0m=[35mclosed[0m [36mcommand_id[0m=[35mOrders_page_1[0m [36mworker_id[0m=[35mworker_2[0m
2025-09-24 10:31:31,441 - planning.record_tracker - INFO - calculate_optimal_batch_size:206 - [2m2025-09-24T05:01:31.441759Z[0m [[32m[1minfo     [0m] [1mAdjusted batch size to prevent overfetching[0m [[0m[1m[34mplanning.record_tracker[0m][0m [36mdefault_size[0m=[35m1500[0m [36mentity[0m=[35mOrders[0m [36moptimal_size[0m=[35m830[0m [36mremaining_records[0m=[35m830[0m
2025-09-24 10:31:31,441 - workers.proxy_pool - INFO - _make_http_request:177 - [2m2025-09-24T05:01:31.441759Z[0m [[32m[1minfo     [0m] [1m📏 Adjusted batch size for optimal fetching[0m [[0m[1m[34mworkers.proxy_pool[0m][0m [36mcommand_id[0m=[35mOrders_page_1[0m [36mentity[0m=[35mOrders[0m [36moptimal_top[0m=[35m830[0m [36moriginal_top[0m=[35m1500[0m [36mworker_id[0m=[35mworker_2[0m
2025-09-24 10:31:31,443 - storage.transformer - INFO - transform_odata_response:62 - [2m2025-09-24T05:01:31.443886Z[0m [[32m[1minfo     [0m] [1mStarting transformation       [0m [[0m[1m[34mstorage.transformer[0m][0m [36mentity_name[0m=[35mSummary_of_Sales_by_Quarters[0m [36mresponse_keys[0m=[35m['@odata.context', 'value', '@odata.nextLink'][0m
2025-09-24 10:31:31,445 - storage.transformer - INFO - transform_odata_response:101 - [2m2025-09-24T05:01:31.445096Z[0m [[32m[1minfo     [0m] [1mTransformation completed      [0m [[0m[1m[34mstorage.transformer[0m][0m [36mentity_name[0m=[35mSummary_of_Sales_by_Quarters[0m [36minput_records[0m=[35m100[0m [36moutput_records[0m=[35m100[0m [36mtransformation_time_seconds[0m=[35m0.016[0m
2025-09-24 10:31:31,445 - storage.local_storage - INFO - store_processed_records:145 - [2m2025-09-24T05:01:31.445631Z[0m [[32m[1minfo     [0m] [1mStoring processed records     [0m [[0m[1m[34mstorage.local_storage[0m][0m [36mentity_name[0m=[35mSummary_of_Sales_by_Quarters[0m [36mformat[0m=[35mjson[0m [36mrecord_count[0m=[35m100[0m
2025-09-24 10:31:31,452 - storage.local_storage - INFO - store_processed_records:160 - [2m2025-09-24T05:01:31.451390Z[0m [[32m[1minfo     [0m] [1mSuccessfully stored processed records[0m [[0m[1m[34mstorage.local_storage[0m][0m [36mentity_name[0m=[35mSummary_of_Sales_by_Quarters[0m [36mfile_path[0m=[35m./test_output/processed\Summary_of_Sales_by_Quarters_20250924_050131.json[0m [36mrecord_count[0m=[35m100[0m [36mstorage_time_seconds[0m=[35m0.0[0m
2025-09-24 10:31:31,453 - storage.local_storage - INFO - store_raw_response:89 - [2m2025-09-24T05:01:31.453175Z[0m [[32m[1minfo     [0m] [1mSuccessfully stored raw data  [0m [[0m[1m[34mstorage.local_storage[0m][0m [36mentity_name[0m=[35mSummary_of_Sales_by_Quarters[0m [36mfile_path[0m=[35m./test_output/raw\Summary_of_Sales_by_Quarters\2025/09/24\05\Summary_of_Sales_by_Quarters_page_1.json[0m [36msize_bytes[0m=[35m12085[0m [36mstorage_time_seconds[0m=[35m0.0[0m
2025-09-24 10:31:31,453 - httpcore.http11 - DEBUG - atrace:87 - send_request_headers.started request=<Request [b'GET']>
2025-09-24 10:31:31,453 - httpcore.http11 - DEBUG - atrace:87 - send_request_headers.complete
2025-09-24 10:31:31,453 - httpcore.http11 - DEBUG - atrace:87 - send_request_body.started request=<Request [b'GET']>
2025-09-24 10:31:31,453 - httpcore.http11 - DEBUG - atrace:87 - send_request_body.complete
2025-09-24 10:31:31,453 - httpcore.http11 - DEBUG - atrace:87 - receive_response_headers.started request=<Request [b'GET']>
2025-09-24 10:31:31,609 - httpcore.http11 - DEBUG - atrace:87 - receive_response_headers.complete return_value=(b'HTTP/1.1', 200, b'OK', [(b'Content-Length', b'267'), (b'Content-Type', b'application/json;odata.metadata=minimal;odata.streaming=true;IEEE754Compatible=false;charset=utf-8'), (b'Date', b'Wed, 24 Sep 2025 05:01:31 GMT'), (b'Server', b'Microsoft-IIS/10.0'), (b'Access-Control-Allow-Headers', b'Accept, Origin, Content-Type, MaxDataServiceVersion'), (b'Access-Control-Allow-Methods', b'GET'), (b'Access-Control-Allow-Origin', b'*'), (b'Access-Control-Expose-Headers', b'DataServiceVersion'), (b'Cache-Control', b'private'), (b'Content-Encoding', b'gzip'), (b'Expires', b'Wed, 24 Sep 2025 05:02:32 GMT'), (b'Vary', b'*'), (b'X-Content-Type-Options', b'nosniff'), (b'OData-Version', b'4.0;'), (b'X-AspNet-Version', b'4.0.30319'), (b'X-Powered-By', b'ASP.NET')])
2025-09-24 10:31:31,609 - httpx - INFO - _send_single_request:1740 - HTTP Request: GET https://services.odata.org/V4/Northwind/Northwind.svc/Regions?%24skip=0&%24top=4 "HTTP/1.1 200 OK"
2025-09-24 10:31:31,609 - httpcore.http11 - DEBUG - atrace:87 - receive_response_body.started request=<Request [b'GET']>
2025-09-24 10:31:31,609 - httpcore.http11 - DEBUG - atrace:87 - receive_response_body.complete
2025-09-24 10:31:31,616 - httpcore.http11 - DEBUG - atrace:87 - response_closed.started
2025-09-24 10:31:31,616 - httpcore.http11 - DEBUG - atrace:87 - response_closed.complete
2025-09-24 10:31:31,616 - planning.record_tracker - INFO - add_page_records:38 - [2m2025-09-24T05:01:31.616011Z[0m [[32m[1minfo     [0m] [1m✅ Entity record fetching complete[0m [[0m[1m[34mplanning.record_tracker[0m][0m [36mentity[0m=[35mRegions[0m [36mfetched[0m=[35m4[0m [36mtarget[0m=[35m4[0m
2025-09-24 10:31:31,617 - workers.proxy_pool - INFO - _make_http_request:243 - [2m2025-09-24T05:01:31.617013Z[0m [[32m[1minfo     [0m] [1m🎯 Stopping pagination due to record limits[0m [[0m[1m[34mworkers.proxy_pool[0m][0m [36mcommand_id[0m=[35mRegions_page_1[0m [36mentity[0m=[35mRegions[0m [36mentity_complete[0m=[35mTrue[0m [36mglobal_limit_reached[0m=[35mNone[0m [36mworker_id[0m=[35mworker_1[0m
2025-09-24 10:31:31,618 - workers.proxy_pool - INFO - _make_http_request:250 - [2m2025-09-24T05:01:31.618036Z[0m [[32m[1minfo     [0m] [1m📊 Worker successfully fetched data[0m [[0m[1m[34mworkers.proxy_pool[0m][0m [36mactual_records_added[0m=[35m4[0m [36mcommand_id[0m=[35mRegions_page_1[0m [36mentity[0m=[35mRegions[0m [36mentity_total_fetched[0m=[35m4[0m [36mglobal_total_fetched[0m=[35m1832[0m [36mhas_next_page[0m=[35mFalse[0m [36mrecords_in_response[0m=[35m4[0m [36mworker_id[0m=[35mworker_1[0m
2025-09-24 10:31:31,619 - workers.proxy_pool - INFO - execute:110 - [2m2025-09-24T05:01:31.619093Z[0m [[32m[1minfo     [0m] [1m✅ Worker completed command successfully[0m [[0m[1m[34mworkers.proxy_pool[0m][0m [36mcommand_id[0m=[35mRegions_page_1[0m [36mentity[0m=[35mRegions[0m [36mexecution_time_seconds[0m=[35m0.27[0m [36mhas_next_page[0m=[35mFalse[0m [36mrecords_fetched[0m=[35m4[0m [36mworker_id[0m=[35mworker_1[0m
2025-09-24 10:31:31,619 - workers.proxy_pool - INFO - _worker_loop:460 - [2m2025-09-24T05:01:31.619093Z[0m [[32m[1minfo     [0m] [1m📋 Worker picked up command from queue[0m [[0m[1m[34mworkers.proxy_pool[0m][0m [36mcommand_id[0m=[35mSuppliers_page_1[0m [36mentity[0m=[35mSuppliers[0m [36mqueue_size_after_pickup[0m=[35m15[0m [36mworker_id[0m=[35mworker_1[0m [36mworker_status[0m=[35mPROCESSING[0m
2025-09-24 10:31:31,619 - workers.proxy_pool - INFO - execute:59 - [2m2025-09-24T05:01:31.619093Z[0m [[32m[1minfo     [0m] [1m🚀 Worker starting command execution[0m [[0m[1m[34mworkers.proxy_pool[0m][0m [36mcommand_id[0m=[35mSuppliers_page_1[0m [36mcommand_type[0m=[35mfetch_page[0m [36mentity[0m=[35mSuppliers[0m [36mpriority[0m=[35m1[0m [36mretry_count[0m=[35m0[0m [36mskip[0m=[35m0[0m [36mtop[0m=[35m1500[0m [36mworker_id[0m=[35mworker_1[0m
2025-09-24 10:31:31,619 - workers.proxy_pool - INFO - execute:82 - [2m2025-09-24T05:01:31.619093Z[0m [[32m[1minfo     [0m] [1m🔄 Worker executing request with resilience patterns[0m [[0m[1m[34mworkers.proxy_pool[0m][0m [36mcircuit_breaker_state[0m=[35mclosed[0m [36mcommand_id[0m=[35mSuppliers_page_1[0m [36mworker_id[0m=[35mworker_1[0m
2025-09-24 10:31:31,619 - planning.record_tracker - INFO - calculate_optimal_batch_size:206 - [2m2025-09-24T05:01:31.619093Z[0m [[32m[1minfo     [0m] [1mAdjusted batch size to prevent overfetching[0m [[0m[1m[34mplanning.record_tracker[0m][0m [36mdefault_size[0m=[35m1500[0m [36mentity[0m=[35mSuppliers[0m [36moptimal_size[0m=[35m29[0m [36mremaining_records[0m=[35m29[0m
2025-09-24 10:31:31,619 - workers.proxy_pool - INFO - _make_http_request:177 - [2m2025-09-24T05:01:31.619093Z[0m [[32m[1minfo     [0m] [1m📏 Adjusted batch size for optimal fetching[0m [[0m[1m[34mworkers.proxy_pool[0m][0m [36mcommand_id[0m=[35mSuppliers_page_1[0m [36mentity[0m=[35mSuppliers[0m [36moptimal_top[0m=[35m29[0m [36moriginal_top[0m=[35m1500[0m [36mworker_id[0m=[35mworker_1[0m
2025-09-24 10:31:31,619 - storage.transformer - INFO - transform_odata_response:62 - [2m2025-09-24T05:01:31.619093Z[0m [[32m[1minfo     [0m] [1mStarting transformation       [0m [[0m[1m[34mstorage.transformer[0m][0m [36mentity_name[0m=[35mRegions[0m [36mresponse_keys[0m=[35m['@odata.context', 'value'][0m
2025-09-24 10:31:31,619 - storage.transformer - INFO - transform_odata_response:101 - [2m2025-09-24T05:01:31.619093Z[0m [[32m[1minfo     [0m] [1mTransformation completed      [0m [[0m[1m[34mstorage.transformer[0m][0m [36mentity_name[0m=[35mRegions[0m [36minput_records[0m=[35m4[0m [36moutput_records[0m=[35m4[0m [36mtransformation_time_seconds[0m=[35m0.0[0m
2025-09-24 10:31:31,619 - storage.local_storage - INFO - store_processed_records:145 - [2m2025-09-24T05:01:31.619093Z[0m [[32m[1minfo     [0m] [1mStoring processed records     [0m [[0m[1m[34mstorage.local_storage[0m][0m [36mentity_name[0m=[35mRegions[0m [36mformat[0m=[35mjson[0m [36mrecord_count[0m=[35m4[0m
2025-09-24 10:31:31,619 - storage.local_storage - INFO - store_processed_records:160 - [2m2025-09-24T05:01:31.619093Z[0m [[32m[1minfo     [0m] [1mSuccessfully stored processed records[0m [[0m[1m[34mstorage.local_storage[0m][0m [36mentity_name[0m=[35mRegions[0m [36mfile_path[0m=[35m./test_output/processed\Regions_20250924_050131.json[0m [36mrecord_count[0m=[35m4[0m [36mstorage_time_seconds[0m=[35m0.0[0m
2025-09-24 10:31:31,619 - storage.local_storage - INFO - store_raw_response:89 - [2m2025-09-24T05:01:31.619093Z[0m [[32m[1minfo     [0m] [1mSuccessfully stored raw data  [0m [[0m[1m[34mstorage.local_storage[0m][0m [36mentity_name[0m=[35mRegions[0m [36mfile_path[0m=[35m./test_output/raw\Regions\2025/09/24\05\Regions_page_1.json[0m [36msize_bytes[0m=[35m763[0m [36mstorage_time_seconds[0m=[35m0.0[0m
2025-09-24 10:31:31,619 - httpcore.http11 - DEBUG - atrace:87 - send_request_headers.started request=<Request [b'GET']>
2025-09-24 10:31:31,619 - httpcore.http11 - DEBUG - atrace:87 - send_request_headers.complete
2025-09-24 10:31:31,619 - httpcore.http11 - DEBUG - atrace:87 - send_request_body.started request=<Request [b'GET']>
2025-09-24 10:31:31,619 - httpcore.http11 - DEBUG - atrace:87 - send_request_body.complete
2025-09-24 10:31:31,619 - httpcore.http11 - DEBUG - atrace:87 - receive_response_headers.started request=<Request [b'GET']>
2025-09-24 10:31:31,746 - httpcore.http11 - DEBUG - atrace:87 - receive_response_headers.complete return_value=(b'HTTP/1.1', 200, b'OK', [(b'Content-Length', b'18516'), (b'Content-Type', b'application/json;odata.metadata=minimal;odata.streaming=true;IEEE754Compatible=false;charset=utf-8'), (b'Date', b'Wed, 24 Sep 2025 05:01:32 GMT'), (b'Server', b'Microsoft-IIS/10.0'), (b'Access-Control-Allow-Headers', b'Accept, Origin, Content-Type, MaxDataServiceVersion'), (b'Access-Control-Allow-Methods', b'GET'), (b'Access-Control-Allow-Origin', b'*'), (b'Access-Control-Expose-Headers', b'DataServiceVersion'), (b'Cache-Control', b'private'), (b'Content-Encoding', b'gzip'), (b'Expires', b'Wed, 24 Sep 2025 05:02:32 GMT'), (b'Vary', b'*'), (b'X-Content-Type-Options', b'nosniff'), (b'OData-Version', b'4.0;'), (b'X-AspNet-Version', b'4.0.30319'), (b'X-Powered-By', b'ASP.NET')])
2025-09-24 10:31:31,746 - httpx - INFO - _send_single_request:1740 - HTTP Request: GET https://services.odata.org/V4/Northwind/Northwind.svc/Orders?%24skip=0&%24top=830 "HTTP/1.1 200 OK"
2025-09-24 10:31:31,750 - httpcore.http11 - DEBUG - atrace:87 - receive_response_body.started request=<Request [b'GET']>
2025-09-24 10:31:31,984 - httpcore.http11 - DEBUG - atrace:87 - receive_response_headers.complete return_value=(b'HTTP/1.1', 200, b'OK', [(b'Content-Length', b'6604'), (b'Content-Type', b'application/json;odata.metadata=minimal;odata.streaming=true;IEEE754Compatible=false;charset=utf-8'), (b'Date', b'Wed, 24 Sep 2025 05:01:32 GMT'), (b'Server', b'Microsoft-IIS/10.0'), (b'Access-Control-Allow-Headers', b'Accept, Origin, Content-Type, MaxDataServiceVersion'), (b'Access-Control-Allow-Methods', b'GET'), (b'Access-Control-Allow-Origin', b'*'), (b'Access-Control-Expose-Headers', b'DataServiceVersion'), (b'Cache-Control', b'private'), (b'Content-Encoding', b'gzip'), (b'Expires', b'Wed, 24 Sep 2025 05:02:31 GMT'), (b'Vary', b'*'), (b'X-Content-Type-Options', b'nosniff'), (b'OData-Version', b'4.0;'), (b'X-AspNet-Version', b'4.0.30319'), (b'X-Powered-By', b'ASP.NET')])
2025-09-24 10:31:31,985 - httpx - INFO - _send_single_request:1740 - HTTP Request: GET https://services.odata.org/V4/Northwind/Northwind.svc/Orders_Qries?%24skip=0&%24top=830 "HTTP/1.1 200 OK"
2025-09-24 10:31:31,985 - httpcore.http11 - DEBUG - atrace:87 - receive_response_body.started request=<Request [b'GET']>
2025-09-24 10:31:31,987 - httpcore.http11 - DEBUG - atrace:87 - receive_response_body.complete
2025-09-24 10:31:31,987 - httpcore.http11 - DEBUG - atrace:87 - response_closed.started
2025-09-24 10:31:31,987 - httpcore.http11 - DEBUG - atrace:87 - response_closed.complete
2025-09-24 10:31:31,987 - workers.proxy_pool - INFO - _make_http_request:250 - [2m2025-09-24T05:01:31.987241Z[0m [[32m[1minfo     [0m] [1m📊 Worker successfully fetched data[0m [[0m[1m[34mworkers.proxy_pool[0m][0m [36mactual_records_added[0m=[35m100[0m [36mcommand_id[0m=[35mOrders_Qries_page_1[0m [36mentity[0m=[35mOrders_Qries[0m [36mentity_total_fetched[0m=[35m100[0m [36mglobal_total_fetched[0m=[35m1932[0m [36mhas_next_page[0m=[35mTrue[0m [36mrecords_in_response[0m=[35m100[0m [36mworker_id[0m=[35mworker_0[0m
2025-09-24 10:31:31,987 - workers.proxy_pool - INFO - execute:110 - [2m2025-09-24T05:01:31.987241Z[0m [[32m[1minfo     [0m] [1m✅ Worker completed command successfully[0m [[0m[1m[34mworkers.proxy_pool[0m][0m [36mcommand_id[0m=[35mOrders_Qries_page_1[0m [36mentity[0m=[35mOrders_Qries[0m [36mexecution_time_seconds[0m=[35m1.0[0m [36mhas_next_page[0m=[35mTrue[0m [36mrecords_fetched[0m=[35m100[0m [36mworker_id[0m=[35mworker_0[0m
2025-09-24 10:31:31,987 - workers.proxy_pool - INFO - _worker_loop:460 - [2m2025-09-24T05:01:31.987241Z[0m [[32m[1minfo     [0m] [1m📋 Worker picked up command from queue[0m [[0m[1m[34mworkers.proxy_pool[0m][0m [36mcommand_id[0m=[35mCategories_page_1[0m [36mentity[0m=[35mCategories[0m [36mqueue_size_after_pickup[0m=[35m14[0m [36mworker_id[0m=[35mworker_0[0m [36mworker_status[0m=[35mPROCESSING[0m
2025-09-24 10:31:31,987 - workers.proxy_pool - INFO - execute:59 - [2m2025-09-24T05:01:31.987241Z[0m [[32m[1minfo     [0m] [1m🚀 Worker starting command execution[0m [[0m[1m[34mworkers.proxy_pool[0m][0m [36mcommand_id[0m=[35mCategories_page_1[0m [36mcommand_type[0m=[35mfetch_page[0m [36mentity[0m=[35mCategories[0m [36mpriority[0m=[35m1[0m [36mretry_count[0m=[35m0[0m [36mskip[0m=[35m0[0m [36mtop[0m=[35m1500[0m [36mworker_id[0m=[35mworker_0[0m
2025-09-24 10:31:31,991 - workers.proxy_pool - INFO - execute:82 - [2m2025-09-24T05:01:31.991790Z[0m [[32m[1minfo     [0m] [1m🔄 Worker executing request with resilience patterns[0m [[0m[1m[34mworkers.proxy_pool[0m][0m [36mcircuit_breaker_state[0m=[35mclosed[0m [36mcommand_id[0m=[35mCategories_page_1[0m [36mworker_id[0m=[35mworker_0[0m
2025-09-24 10:31:31,992 - planning.record_tracker - INFO - calculate_optimal_batch_size:206 - [2m2025-09-24T05:01:31.992320Z[0m [[32m[1minfo     [0m] [1mAdjusted batch size to prevent overfetching[0m [[0m[1m[34mplanning.record_tracker[0m][0m [36mdefault_size[0m=[35m1500[0m [36mentity[0m=[35mCategories[0m [36moptimal_size[0m=[35m8[0m [36mremaining_records[0m=[35m8[0m
2025-09-24 10:31:31,992 - workers.proxy_pool - INFO - _make_http_request:177 - [2m2025-09-24T05:01:31.992320Z[0m [[32m[1minfo     [0m] [1m📏 Adjusted batch size for optimal fetching[0m [[0m[1m[34mworkers.proxy_pool[0m][0m [36mcommand_id[0m=[35mCategories_page_1[0m [36mentity[0m=[35mCategories[0m [36moptimal_top[0m=[35m8[0m [36moriginal_top[0m=[35m1500[0m [36mworker_id[0m=[35mworker_0[0m
2025-09-24 10:31:31,992 - storage.transformer - INFO - transform_odata_response:62 - [2m2025-09-24T05:01:31.992320Z[0m [[32m[1minfo     [0m] [1mStarting transformation       [0m [[0m[1m[34mstorage.transformer[0m][0m [36mentity_name[0m=[35mOrders_Qries[0m [36mresponse_keys[0m=[35m['@odata.context', 'value', '@odata.nextLink'][0m
2025-09-24 10:31:31,995 - storage.transformer - INFO - transform_odata_response:101 - [2m2025-09-24T05:01:31.995012Z[0m [[32m[1minfo     [0m] [1mTransformation completed      [0m [[0m[1m[34mstorage.transformer[0m][0m [36mentity_name[0m=[35mOrders_Qries[0m [36minput_records[0m=[35m100[0m [36moutput_records[0m=[35m100[0m [36mtransformation_time_seconds[0m=[35m0.0[0m
2025-09-24 10:31:31,996 - storage.local_storage - INFO - store_processed_records:145 - [2m2025-09-24T05:01:31.996054Z[0m [[32m[1minfo     [0m] [1mStoring processed records     [0m [[0m[1m[34mstorage.local_storage[0m][0m [36mentity_name[0m=[35mOrders_Qries[0m [36mformat[0m=[35mjson[0m [36mrecord_count[0m=[35m100[0m
2025-09-24 10:31:31,997 - storage.local_storage - INFO - store_processed_records:160 - [2m2025-09-24T05:01:31.997494Z[0m [[32m[1minfo     [0m] [1mSuccessfully stored processed records[0m [[0m[1m[34mstorage.local_storage[0m][0m [36mentity_name[0m=[35mOrders_Qries[0m [36mfile_path[0m=[35m./test_output/processed\Orders_Qries_20250924_050131.json[0m [36mrecord_count[0m=[35m100[0m [36mstorage_time_seconds[0m=[35m0.0[0m
2025-09-24 10:31:32,003 - storage.local_storage - INFO - store_raw_response:89 - [2m2025-09-24T05:01:32.003084Z[0m [[32m[1minfo     [0m] [1mSuccessfully stored raw data  [0m [[0m[1m[34mstorage.local_storage[0m][0m [36mentity_name[0m=[35mOrders_Qries[0m [36mfile_path[0m=[35m./test_output/raw\Orders_Qries\2025/09/24\05\Orders_Qries_page_1.json[0m [36msize_bytes[0m=[35m70626[0m [36mstorage_time_seconds[0m=[35m0.0[0m
2025-09-24 10:31:32,003 - httpcore.http11 - DEBUG - atrace:87 - send_request_headers.started request=<Request [b'GET']>
2025-09-24 10:31:32,003 - httpcore.http11 - DEBUG - atrace:87 - receive_response_body.complete
2025-09-24 10:31:32,003 - httpcore.http11 - DEBUG - atrace:87 - response_closed.started
2025-09-24 10:31:32,003 - httpcore.http11 - DEBUG - atrace:87 - send_request_headers.complete
2025-09-24 10:31:32,003 - httpcore.http11 - DEBUG - atrace:87 - send_request_body.started request=<Request [b'GET']>
2025-09-24 10:31:32,003 - httpcore.http11 - DEBUG - atrace:87 - send_request_body.complete
2025-09-24 10:31:32,003 - httpcore.http11 - DEBUG - atrace:87 - receive_response_headers.started request=<Request [b'GET']>
2025-09-24 10:31:32,003 - httpcore.http11 - DEBUG - atrace:87 - response_closed.complete
2025-09-24 10:31:32,003 - workers.proxy_pool - INFO - _make_http_request:250 - [2m2025-09-24T05:01:32.003084Z[0m [[32m[1minfo     [0m] [1m📊 Worker successfully fetched data[0m [[0m[1m[34mworkers.proxy_pool[0m][0m [36mactual_records_added[0m=[35m200[0m [36mcommand_id[0m=[35mOrders_page_1[0m [36mentity[0m=[35mOrders[0m [36mentity_total_fetched[0m=[35m200[0m [36mglobal_total_fetched[0m=[35m2132[0m [36mhas_next_page[0m=[35mTrue[0m [36mrecords_in_response[0m=[35m200[0m [36mworker_id[0m=[35mworker_2[0m
2025-09-24 10:31:32,003 - workers.proxy_pool - INFO - execute:110 - [2m2025-09-24T05:01:32.003084Z[0m [[32m[1minfo     [0m] [1m✅ Worker completed command successfully[0m [[0m[1m[34mworkers.proxy_pool[0m][0m [36mcommand_id[0m=[35mOrders_page_1[0m [36mentity[0m=[35mOrders[0m [36mexecution_time_seconds[0m=[35m0.56[0m [36mhas_next_page[0m=[35mTrue[0m [36mrecords_fetched[0m=[35m200[0m [36mworker_id[0m=[35mworker_2[0m
2025-09-24 10:31:32,008 - workers.proxy_pool - INFO - _worker_loop:460 - [2m2025-09-24T05:01:32.008319Z[0m [[32m[1minfo     [0m] [1m📋 Worker picked up command from queue[0m [[0m[1m[34mworkers.proxy_pool[0m][0m [36mcommand_id[0m=[35mEmployees_page_1[0m [36mentity[0m=[35mEmployees[0m [36mqueue_size_after_pickup[0m=[35m14[0m [36mworker_id[0m=[35mworker_2[0m [36mworker_status[0m=[35mPROCESSING[0m
2025-09-24 10:31:32,008 - workers.proxy_pool - INFO - execute:59 - [2m2025-09-24T05:01:32.008319Z[0m [[32m[1minfo     [0m] [1m🚀 Worker starting command execution[0m [[0m[1m[34mworkers.proxy_pool[0m][0m [36mcommand_id[0m=[35mEmployees_page_1[0m [36mcommand_type[0m=[35mfetch_page[0m [36mentity[0m=[35mEmployees[0m [36mpriority[0m=[35m1[0m [36mretry_count[0m=[35m0[0m [36mskip[0m=[35m0[0m [36mtop[0m=[35m1500[0m [36mworker_id[0m=[35mworker_2[0m
2025-09-24 10:31:32,008 - workers.proxy_pool - INFO - execute:82 - [2m2025-09-24T05:01:32.008319Z[0m [[32m[1minfo     [0m] [1m🔄 Worker executing request with resilience patterns[0m [[0m[1m[34mworkers.proxy_pool[0m][0m [36mcircuit_breaker_state[0m=[35mclosed[0m [36mcommand_id[0m=[35mEmployees_page_1[0m [36mworker_id[0m=[35mworker_2[0m
2025-09-24 10:31:32,008 - planning.record_tracker - INFO - calculate_optimal_batch_size:206 - [2m2025-09-24T05:01:32.008319Z[0m [[32m[1minfo     [0m] [1mAdjusted batch size to prevent overfetching[0m [[0m[1m[34mplanning.record_tracker[0m][0m [36mdefault_size[0m=[35m1500[0m [36mentity[0m=[35mEmployees[0m [36moptimal_size[0m=[35m9[0m [36mremaining_records[0m=[35m9[0m
2025-09-24 10:31:32,008 - workers.proxy_pool - INFO - _make_http_request:177 - [2m2025-09-24T05:01:32.008319Z[0m [[32m[1minfo     [0m] [1m📏 Adjusted batch size for optimal fetching[0m [[0m[1m[34mworkers.proxy_pool[0m][0m [36mcommand_id[0m=[35mEmployees_page_1[0m [36mentity[0m=[35mEmployees[0m [36moptimal_top[0m=[35m9[0m [36moriginal_top[0m=[35m1500[0m [36mworker_id[0m=[35mworker_2[0m
2025-09-24 10:31:32,008 - storage.transformer - INFO - transform_odata_response:62 - [2m2025-09-24T05:01:32.008319Z[0m [[32m[1minfo     [0m] [1mStarting transformation       [0m [[0m[1m[34mstorage.transformer[0m][0m [36mentity_name[0m=[35mOrders[0m [36mresponse_keys[0m=[35m['@odata.context', 'value', '@odata.nextLink'][0m
2025-09-24 10:31:32,008 - storage.transformer - INFO - transform_odata_response:101 - [2m2025-09-24T05:01:32.008319Z[0m [[32m[1minfo     [0m] [1mTransformation completed      [0m [[0m[1m[34mstorage.transformer[0m][0m [36mentity_name[0m=[35mOrders[0m [36minput_records[0m=[35m200[0m [36moutput_records[0m=[35m200[0m [36mtransformation_time_seconds[0m=[35m0.0[0m
2025-09-24 10:31:32,008 - storage.local_storage - INFO - store_processed_records:145 - [2m2025-09-24T05:01:32.008319Z[0m [[32m[1minfo     [0m] [1mStoring processed records     [0m [[0m[1m[34mstorage.local_storage[0m][0m [36mentity_name[0m=[35mOrders[0m [36mformat[0m=[35mjson[0m [36mrecord_count[0m=[35m200[0m
2025-09-24 10:31:32,008 - storage.local_storage - INFO - store_processed_records:160 - [2m2025-09-24T05:01:32.008319Z[0m [[32m[1minfo     [0m] [1mSuccessfully stored processed records[0m [[0m[1m[34mstorage.local_storage[0m][0m [36mentity_name[0m=[35mOrders[0m [36mfile_path[0m=[35m./test_output/processed\Orders_20250924_050132.json[0m [36mrecord_count[0m=[35m200[0m [36mstorage_time_seconds[0m=[35m0.0[0m
2025-09-24 10:31:32,021 - storage.local_storage - INFO - store_raw_response:89 - [2m2025-09-24T05:01:32.021747Z[0m [[32m[1minfo     [0m] [1mSuccessfully stored raw data  [0m [[0m[1m[34mstorage.local_storage[0m][0m [36mentity_name[0m=[35mOrders[0m [36mfile_path[0m=[35m./test_output/raw\Orders\2025/09/24\05\Orders_page_1.json[0m [36msize_bytes[0m=[35m109620[0m [36mstorage_time_seconds[0m=[35m0.0[0m
2025-09-24 10:31:32,022 - httpcore.http11 - DEBUG - atrace:87 - send_request_headers.started request=<Request [b'GET']>
2025-09-24 10:31:32,022 - httpcore.http11 - DEBUG - atrace:87 - send_request_headers.complete
2025-09-24 10:31:32,022 - httpcore.http11 - DEBUG - atrace:87 - send_request_body.started request=<Request [b'GET']>
2025-09-24 10:31:32,023 - httpcore.http11 - DEBUG - atrace:87 - send_request_body.complete
2025-09-24 10:31:32,023 - httpcore.http11 - DEBUG - atrace:87 - receive_response_headers.started request=<Request [b'GET']>
2025-09-24 10:31:32,393 - httpcore.http11 - DEBUG - atrace:87 - receive_response_headers.complete return_value=(b'HTTP/1.1', 200, b'OK', [(b'Content-Type', b'application/json;odata.metadata=minimal;odata.streaming=true;IEEE754Compatible=false;charset=utf-8'), (b'Date', b'Wed, 24 Sep 2025 05:01:32 GMT'), (b'Server', b'Microsoft-IIS/10.0'), (b'Access-Control-Allow-Headers', b'Accept, Origin, Content-Type, MaxDataServiceVersion'), (b'Access-Control-Allow-Methods', b'GET'), (b'Access-Control-Allow-Origin', b'*'), (b'Access-Control-Expose-Headers', b'DataServiceVersion'), (b'Cache-Control', b'private'), (b'Content-Encoding', b'gzip'), (b'Expires', b'Wed, 24 Sep 2025 05:02:32 GMT'), (b'Transfer-Encoding', b'chunked'), (b'Vary', b'*'), (b'X-Content-Type-Options', b'nosniff'), (b'OData-Version', b'4.0;'), (b'X-AspNet-Version', b'4.0.30319'), (b'X-Powered-By', b'ASP.NET')])
2025-09-24 10:31:32,393 - httpx - INFO - _send_single_request:1740 - HTTP Request: GET https://services.odata.org/V4/Northwind/Northwind.svc/Categories?%24skip=0&%24top=8 "HTTP/1.1 200 OK"
2025-09-24 10:31:32,394 - httpcore.http11 - DEBUG - atrace:87 - receive_response_body.started request=<Request [b'GET']>
2025-09-24 10:31:32,403 - httpcore.http11 - DEBUG - atrace:87 - receive_response_headers.complete return_value=(b'HTTP/1.1', 200, b'OK', [(b'Content-Length', b'3492'), (b'Content-Type', b'application/json;odata.metadata=minimal;odata.streaming=true;IEEE754Compatible=false;charset=utf-8'), (b'Date', b'Wed, 24 Sep 2025 05:01:32 GMT'), (b'Server', b'Microsoft-IIS/10.0'), (b'Access-Control-Allow-Headers', b'Accept, Origin, Content-Type, MaxDataServiceVersion'), (b'Access-Control-Allow-Methods', b'GET'), (b'Access-Control-Allow-Origin', b'*'), (b'Access-Control-Expose-Headers', b'DataServiceVersion'), (b'Cache-Control', b'private'), (b'Content-Encoding', b'gzip'), (b'Expires', b'Wed, 24 Sep 2025 05:02:32 GMT'), (b'Vary', b'*'), (b'X-Content-Type-Options', b'nosniff'), (b'OData-Version', b'4.0;'), (b'X-AspNet-Version', b'4.0.30319'), (b'X-Powered-By', b'ASP.NET')])
2025-09-24 10:31:32,403 - httpx - INFO - _send_single_request:1740 - HTTP Request: GET https://services.odata.org/V4/Northwind/Northwind.svc/Suppliers?%24skip=0&%24top=29 "HTTP/1.1 200 OK"
2025-09-24 10:31:32,403 - httpcore.http11 - DEBUG - atrace:87 - receive_response_body.started request=<Request [b'GET']>
2025-09-24 10:31:32,403 - httpcore.http11 - DEBUG - atrace:87 - receive_response_body.complete
2025-09-24 10:31:32,408 - httpcore.http11 - DEBUG - atrace:87 - response_closed.started
2025-09-24 10:31:32,408 - httpcore.http11 - DEBUG - atrace:87 - response_closed.complete
2025-09-24 10:31:32,408 - planning.record_tracker - INFO - add_page_records:38 - [2m2025-09-24T05:01:32.408496Z[0m [[32m[1minfo     [0m] [1m✅ Entity record fetching complete[0m [[0m[1m[34mplanning.record_tracker[0m][0m [36mentity[0m=[35mSuppliers[0m [36mfetched[0m=[35m29[0m [36mtarget[0m=[35m29[0m
2025-09-24 10:31:32,408 - workers.proxy_pool - INFO - _make_http_request:243 - [2m2025-09-24T05:01:32.408496Z[0m [[32m[1minfo     [0m] [1m🎯 Stopping pagination due to record limits[0m [[0m[1m[34mworkers.proxy_pool[0m][0m [36mcommand_id[0m=[35mSuppliers_page_1[0m [36mentity[0m=[35mSuppliers[0m [36mentity_complete[0m=[35mTrue[0m [36mglobal_limit_reached[0m=[35mNone[0m [36mworker_id[0m=[35mworker_1[0m
2025-09-24 10:31:32,409 - workers.proxy_pool - INFO - _make_http_request:250 - [2m2025-09-24T05:01:32.409701Z[0m [[32m[1minfo     [0m] [1m📊 Worker successfully fetched data[0m [[0m[1m[34mworkers.proxy_pool[0m][0m [36mactual_records_added[0m=[35m29[0m [36mcommand_id[0m=[35mSuppliers_page_1[0m [36mentity[0m=[35mSuppliers[0m [36mentity_total_fetched[0m=[35m29[0m [36mglobal_total_fetched[0m=[35m2161[0m [36mhas_next_page[0m=[35mFalse[0m [36mrecords_in_response[0m=[35m29[0m [36mworker_id[0m=[35mworker_1[0m
2025-09-24 10:31:32,410 - workers.proxy_pool - INFO - execute:110 - [2m2025-09-24T05:01:32.410368Z[0m [[32m[1minfo     [0m] [1m✅ Worker completed command successfully[0m [[0m[1m[34mworkers.proxy_pool[0m][0m [36mcommand_id[0m=[35mSuppliers_page_1[0m [36mentity[0m=[35mSuppliers[0m [36mexecution_time_seconds[0m=[35m0.78[0m [36mhas_next_page[0m=[35mFalse[0m [36mrecords_fetched[0m=[35m29[0m [36mworker_id[0m=[35mworker_1[0m
2025-09-24 10:31:32,410 - workers.proxy_pool - INFO - _worker_loop:460 - [2m2025-09-24T05:01:32.410903Z[0m [[32m[1minfo     [0m] [1m📋 Worker picked up command from queue[0m [[0m[1m[34mworkers.proxy_pool[0m][0m [36mcommand_id[0m=[35mOrder_Subtotals_page_1[0m [36mentity[0m=[35mOrder_Subtotals[0m [36mqueue_size_after_pickup[0m=[35m14[0m [36mworker_id[0m=[35mworker_1[0m [36mworker_status[0m=[35mPROCESSING[0m
2025-09-24 10:31:32,410 - workers.proxy_pool - INFO - execute:59 - [2m2025-09-24T05:01:32.410903Z[0m [[32m[1minfo     [0m] [1m🚀 Worker starting command execution[0m [[0m[1m[34mworkers.proxy_pool[0m][0m [36mcommand_id[0m=[35mOrder_Subtotals_page_1[0m [36mcommand_type[0m=[35mfetch_page[0m [36mentity[0m=[35mOrder_Subtotals[0m [36mpriority[0m=[35m1[0m [36mretry_count[0m=[35m0[0m [36mskip[0m=[35m0[0m [36mtop[0m=[35m1500[0m [36mworker_id[0m=[35mworker_1[0m
2025-09-24 10:31:32,411 - workers.proxy_pool - INFO - execute:82 - [2m2025-09-24T05:01:32.411600Z[0m [[32m[1minfo     [0m] [1m🔄 Worker executing request with resilience patterns[0m [[0m[1m[34mworkers.proxy_pool[0m][0m [36mcircuit_breaker_state[0m=[35mclosed[0m [36mcommand_id[0m=[35mOrder_Subtotals_page_1[0m [36mworker_id[0m=[35mworker_1[0m
2025-09-24 10:31:32,412 - planning.record_tracker - INFO - calculate_optimal_batch_size:206 - [2m2025-09-24T05:01:32.412233Z[0m [[32m[1minfo     [0m] [1mAdjusted batch size to prevent overfetching[0m [[0m[1m[34mplanning.record_tracker[0m][0m [36mdefault_size[0m=[35m1500[0m [36mentity[0m=[35mOrder_Subtotals[0m [36moptimal_size[0m=[35m830[0m [36mremaining_records[0m=[35m830[0m
2025-09-24 10:31:32,412 - workers.proxy_pool - INFO - _make_http_request:177 - [2m2025-09-24T05:01:32.412233Z[0m [[32m[1minfo     [0m] [1m📏 Adjusted batch size for optimal fetching[0m [[0m[1m[34mworkers.proxy_pool[0m][0m [36mcommand_id[0m=[35mOrder_Subtotals_page_1[0m [36mentity[0m=[35mOrder_Subtotals[0m [36moptimal_top[0m=[35m830[0m [36moriginal_top[0m=[35m1500[0m [36mworker_id[0m=[35mworker_1[0m
2025-09-24 10:31:32,413 - storage.transformer - INFO - transform_odata_response:62 - [2m2025-09-24T05:01:32.413411Z[0m [[32m[1minfo     [0m] [1mStarting transformation       [0m [[0m[1m[34mstorage.transformer[0m][0m [36mentity_name[0m=[35mSuppliers[0m [36mresponse_keys[0m=[35m['@odata.context', 'value'][0m
2025-09-24 10:31:32,414 - storage.transformer - INFO - transform_odata_response:101 - [2m2025-09-24T05:01:32.414033Z[0m [[32m[1minfo     [0m] [1mTransformation completed      [0m [[0m[1m[34mstorage.transformer[0m][0m [36mentity_name[0m=[35mSuppliers[0m [36minput_records[0m=[35m29[0m [36moutput_records[0m=[35m29[0m [36mtransformation_time_seconds[0m=[35m0.015[0m
2025-09-24 10:31:32,414 - storage.local_storage - INFO - store_processed_records:145 - [2m2025-09-24T05:01:32.414033Z[0m [[32m[1minfo     [0m] [1mStoring processed records     [0m [[0m[1m[34mstorage.local_storage[0m][0m [36mentity_name[0m=[35mSuppliers[0m [36mformat[0m=[35mjson[0m [36mrecord_count[0m=[35m29[0m
2025-09-24 10:31:32,415 - storage.local_storage - INFO - store_processed_records:160 - [2m2025-09-24T05:01:32.415205Z[0m [[32m[1minfo     [0m] [1mSuccessfully stored processed records[0m [[0m[1m[34mstorage.local_storage[0m][0m [36mentity_name[0m=[35mSuppliers[0m [36mfile_path[0m=[35m./test_output/processed\Suppliers_20250924_050132.json[0m [36mrecord_count[0m=[35m29[0m [36mstorage_time_seconds[0m=[35m0.0[0m
2025-09-24 10:31:32,420 - storage.local_storage - INFO - store_raw_response:89 - [2m2025-09-24T05:01:32.420015Z[0m [[32m[1minfo     [0m] [1mSuccessfully stored raw data  [0m [[0m[1m[34mstorage.local_storage[0m][0m [36mentity_name[0m=[35mSuppliers[0m [36mfile_path[0m=[35m./test_output/raw\Suppliers\2025/09/24\05\Suppliers_page_1.json[0m [36msize_bytes[0m=[35m12636[0m [36mstorage_time_seconds[0m=[35m0.0[0m
2025-09-24 10:31:32,421 - httpcore.http11 - DEBUG - atrace:87 - send_request_headers.started request=<Request [b'GET']>
2025-09-24 10:31:32,421 - httpcore.http11 - DEBUG - atrace:87 - send_request_headers.complete
2025-09-24 10:31:32,421 - httpcore.http11 - DEBUG - atrace:87 - send_request_body.started request=<Request [b'GET']>
2025-09-24 10:31:32,421 - httpcore.http11 - DEBUG - atrace:87 - send_request_body.complete
2025-09-24 10:31:32,421 - httpcore.http11 - DEBUG - atrace:87 - receive_response_headers.started request=<Request [b'GET']>
2025-09-24 10:31:32,641 - httpcore.http11 - DEBUG - atrace:87 - receive_response_body.complete
2025-09-24 10:31:32,641 - httpcore.http11 - DEBUG - atrace:87 - response_closed.started
2025-09-24 10:31:32,641 - httpcore.http11 - DEBUG - atrace:87 - response_closed.complete
2025-09-24 10:31:32,641 - planning.record_tracker - INFO - add_page_records:38 - [2m2025-09-24T05:01:32.641996Z[0m [[32m[1minfo     [0m] [1m✅ Entity record fetching complete[0m [[0m[1m[34mplanning.record_tracker[0m][0m [36mentity[0m=[35mCategories[0m [36mfetched[0m=[35m8[0m [36mtarget[0m=[35m8[0m
2025-09-24 10:31:32,641 - workers.proxy_pool - INFO - _make_http_request:243 - [2m2025-09-24T05:01:32.641996Z[0m [[32m[1minfo     [0m] [1m🎯 Stopping pagination due to record limits[0m [[0m[1m[34mworkers.proxy_pool[0m][0m [36mcommand_id[0m=[35mCategories_page_1[0m [36mentity[0m=[35mCategories[0m [36mentity_complete[0m=[35mTrue[0m [36mglobal_limit_reached[0m=[35mNone[0m [36mworker_id[0m=[35mworker_0[0m
2025-09-24 10:31:32,644 - workers.proxy_pool - INFO - _make_http_request:250 - [2m2025-09-24T05:01:32.644332Z[0m [[32m[1minfo     [0m] [1m📊 Worker successfully fetched data[0m [[0m[1m[34mworkers.proxy_pool[0m][0m [36mactual_records_added[0m=[35m8[0m [36mcommand_id[0m=[35mCategories_page_1[0m [36mentity[0m=[35mCategories[0m [36mentity_total_fetched[0m=[35m8[0m [36mglobal_total_fetched[0m=[35m2169[0m [36mhas_next_page[0m=[35mFalse[0m [36mrecords_in_response[0m=[35m8[0m [36mworker_id[0m=[35mworker_0[0m
2025-09-24 10:31:32,644 - workers.proxy_pool - INFO - execute:110 - [2m2025-09-24T05:01:32.644892Z[0m [[32m[1minfo     [0m] [1m✅ Worker completed command successfully[0m [[0m[1m[34mworkers.proxy_pool[0m][0m [36mcommand_id[0m=[35mCategories_page_1[0m [36mentity[0m=[35mCategories[0m [36mexecution_time_seconds[0m=[35m0.66[0m [36mhas_next_page[0m=[35mFalse[0m [36mrecords_fetched[0m=[35m8[0m [36mworker_id[0m=[35mworker_0[0m
2025-09-24 10:31:32,644 - workers.proxy_pool - INFO - _worker_loop:460 - [2m2025-09-24T05:01:32.644892Z[0m [[32m[1minfo     [0m] [1m📋 Worker picked up command from queue[0m [[0m[1m[34mworkers.proxy_pool[0m][0m [36mcommand_id[0m=[35mCategory_Sales_for_1997_page_1[0m [36mentity[0m=[35mCategory_Sales_for_1997[0m [36mqueue_size_after_pickup[0m=[35m13[0m [36mworker_id[0m=[35mworker_0[0m [36mworker_status[0m=[35mPROCESSING[0m
2025-09-24 10:31:32,644 - workers.proxy_pool - INFO - execute:59 - [2m2025-09-24T05:01:32.644892Z[0m [[32m[1minfo     [0m] [1m🚀 Worker starting command execution[0m [[0m[1m[34mworkers.proxy_pool[0m][0m [36mcommand_id[0m=[35mCategory_Sales_for_1997_page_1[0m [36mcommand_type[0m=[35mfetch_page[0m [36mentity[0m=[35mCategory_Sales_for_1997[0m [36mpriority[0m=[35m1[0m [36mretry_count[0m=[35m0[0m [36mskip[0m=[35m0[0m [36mtop[0m=[35m1500[0m [36mworker_id[0m=[35mworker_0[0m
2025-09-24 10:31:32,644 - workers.proxy_pool - INFO - execute:82 - [2m2025-09-24T05:01:32.644892Z[0m [[32m[1minfo     [0m] [1m🔄 Worker executing request with resilience patterns[0m [[0m[1m[34mworkers.proxy_pool[0m][0m [36mcircuit_breaker_state[0m=[35mclosed[0m [36mcommand_id[0m=[35mCategory_Sales_for_1997_page_1[0m [36mworker_id[0m=[35mworker_0[0m
2025-09-24 10:31:32,644 - planning.record_tracker - INFO - calculate_optimal_batch_size:206 - [2m2025-09-24T05:01:32.644892Z[0m [[32m[1minfo     [0m] [1mAdjusted batch size to prevent overfetching[0m [[0m[1m[34mplanning.record_tracker[0m][0m [36mdefault_size[0m=[35m1500[0m [36mentity[0m=[35mCategory_Sales_for_1997[0m [36moptimal_size[0m=[35m8[0m [36mremaining_records[0m=[35m8[0m
2025-09-24 10:31:32,644 - workers.proxy_pool - INFO - _make_http_request:177 - [2m2025-09-24T05:01:32.644892Z[0m [[32m[1minfo     [0m] [1m📏 Adjusted batch size for optimal fetching[0m [[0m[1m[34mworkers.proxy_pool[0m][0m [36mcommand_id[0m=[35mCategory_Sales_for_1997_page_1[0m [36mentity[0m=[35mCategory_Sales_for_1997[0m [36moptimal_top[0m=[35m8[0m [36moriginal_top[0m=[35m1500[0m [36mworker_id[0m=[35mworker_0[0m
2025-09-24 10:31:32,644 - storage.transformer - INFO - transform_odata_response:62 - [2m2025-09-24T05:01:32.644892Z[0m [[32m[1minfo     [0m] [1mStarting transformation       [0m [[0m[1m[34mstorage.transformer[0m][0m [36mentity_name[0m=[35mCategories[0m [36mresponse_keys[0m=[35m['@odata.context', 'value'][0m
2025-09-24 10:31:32,644 - storage.transformer - INFO - transform_odata_response:101 - [2m2025-09-24T05:01:32.644892Z[0m [[32m[1minfo     [0m] [1mTransformation completed      [0m [[0m[1m[34mstorage.transformer[0m][0m [36mentity_name[0m=[35mCategories[0m [36minput_records[0m=[35m8[0m [36moutput_records[0m=[35m8[0m [36mtransformation_time_seconds[0m=[35m0.0[0m
2025-09-24 10:31:32,644 - storage.local_storage - INFO - store_processed_records:145 - [2m2025-09-24T05:01:32.644892Z[0m [[32m[1minfo     [0m] [1mStoring processed records     [0m [[0m[1m[34mstorage.local_storage[0m][0m [36mentity_name[0m=[35mCategories[0m [36mformat[0m=[35mjson[0m [36mrecord_count[0m=[35m8[0m
2025-09-24 10:31:32,644 - storage.local_storage - INFO - store_processed_records:160 - [2m2025-09-24T05:01:32.644892Z[0m [[32m[1minfo     [0m] [1mSuccessfully stored processed records[0m [[0m[1m[34mstorage.local_storage[0m][0m [36mentity_name[0m=[35mCategories[0m [36mfile_path[0m=[35m./test_output/processed\Categories_20250924_050132.json[0m [36mrecord_count[0m=[35m8[0m [36mstorage_time_seconds[0m=[35m0.0[0m
2025-09-24 10:31:32,652 - storage.local_storage - INFO - store_raw_response:89 - [2m2025-09-24T05:01:32.652619Z[0m [[32m[1minfo     [0m] [1mSuccessfully stored raw data  [0m [[0m[1m[34mstorage.local_storage[0m][0m [36mentity_name[0m=[35mCategories[0m [36mfile_path[0m=[35m./test_output/raw\Categories\2025/09/24\05\Categories_page_1.json[0m [36msize_bytes[0m=[35m116177[0m [36mstorage_time_seconds[0m=[35m0.0[0m
2025-09-24 10:31:32,652 - httpcore.http11 - DEBUG - atrace:87 - send_request_headers.started request=<Request [b'GET']>
2025-09-24 10:31:32,652 - httpcore.http11 - DEBUG - atrace:87 - send_request_headers.complete
2025-09-24 10:31:32,652 - httpcore.http11 - DEBUG - atrace:87 - send_request_body.started request=<Request [b'GET']>
2025-09-24 10:31:32,652 - httpcore.http11 - DEBUG - atrace:87 - send_request_body.complete
2025-09-24 10:31:32,652 - httpcore.http11 - DEBUG - atrace:87 - receive_response_headers.started request=<Request [b'GET']>
2025-09-24 10:31:32,686 - httpcore.http11 - DEBUG - atrace:87 - receive_response_headers.complete return_value=(b'HTTP/1.1', 200, b'OK', [(b'Content-Length', b'1172'), (b'Content-Type', b'application/json;odata.metadata=minimal;odata.streaming=true;IEEE754Compatible=false;charset=utf-8'), (b'Date', b'Wed, 24 Sep 2025 05:01:32 GMT'), (b'Server', b'Microsoft-IIS/10.0'), (b'Access-Control-Allow-Headers', b'Accept, Origin, Content-Type, MaxDataServiceVersion'), (b'Access-Control-Allow-Methods', b'GET'), (b'Access-Control-Allow-Origin', b'*'), (b'Access-Control-Expose-Headers', b'DataServiceVersion'), (b'Cache-Control', b'private'), (b'Content-Encoding', b'gzip'), (b'Expires', b'Wed, 24 Sep 2025 05:02:33 GMT'), (b'Vary', b'*'), (b'X-Content-Type-Options', b'nosniff'), (b'OData-Version', b'4.0;'), (b'X-AspNet-Version', b'4.0.30319'), (b'X-Powered-By', b'ASP.NET')])
2025-09-24 10:31:32,687 - httpx - INFO - _send_single_request:1740 - HTTP Request: GET https://services.odata.org/V4/Northwind/Northwind.svc/Order_Subtotals?%24skip=0&%24top=830 "HTTP/1.1 200 OK"
2025-09-24 10:31:32,688 - httpcore.http11 - DEBUG - atrace:87 - receive_response_body.started request=<Request [b'GET']>
2025-09-24 10:31:32,688 - httpcore.http11 - DEBUG - atrace:87 - receive_response_body.complete
2025-09-24 10:31:32,688 - httpcore.http11 - DEBUG - atrace:87 - response_closed.started
2025-09-24 10:31:32,688 - httpcore.http11 - DEBUG - atrace:87 - response_closed.complete
2025-09-24 10:31:32,688 - workers.proxy_pool - INFO - _make_http_request:250 - [2m2025-09-24T05:01:32.688251Z[0m [[32m[1minfo     [0m] [1m📊 Worker successfully fetched data[0m [[0m[1m[34mworkers.proxy_pool[0m][0m [36mactual_records_added[0m=[35m100[0m [36mcommand_id[0m=[35mOrder_Subtotals_page_1[0m [36mentity[0m=[35mOrder_Subtotals[0m [36mentity_total_fetched[0m=[35m100[0m [36mglobal_total_fetched[0m=[35m2269[0m [36mhas_next_page[0m=[35mTrue[0m [36mrecords_in_response[0m=[35m100[0m [36mworker_id[0m=[35mworker_1[0m
2025-09-24 10:31:32,688 - workers.proxy_pool - INFO - execute:110 - [2m2025-09-24T05:01:32.688251Z[0m [[32m[1minfo     [0m] [1m✅ Worker completed command successfully[0m [[0m[1m[34mworkers.proxy_pool[0m][0m [36mcommand_id[0m=[35mOrder_Subtotals_page_1[0m [36mentity[0m=[35mOrder_Subtotals[0m [36mexecution_time_seconds[0m=[35m0.28[0m [36mhas_next_page[0m=[35mTrue[0m [36mrecords_fetched[0m=[35m100[0m [36mworker_id[0m=[35mworker_1[0m
2025-09-24 10:31:32,691 - workers.proxy_pool - INFO - _worker_loop:460 - [2m2025-09-24T05:01:32.691875Z[0m [[32m[1minfo     [0m] [1m📋 Worker picked up command from queue[0m [[0m[1m[34mworkers.proxy_pool[0m][0m [36mcommand_id[0m=[35mCustomers_page_1[0m [36mentity[0m=[35mCustomers[0m [36mqueue_size_after_pickup[0m=[35m12[0m [36mworker_id[0m=[35mworker_1[0m [36mworker_status[0m=[35mPROCESSING[0m
2025-09-24 10:31:32,691 - workers.proxy_pool - INFO - execute:59 - [2m2025-09-24T05:01:32.691875Z[0m [[32m[1minfo     [0m] [1m🚀 Worker starting command execution[0m [[0m[1m[34mworkers.proxy_pool[0m][0m [36mcommand_id[0m=[35mCustomers_page_1[0m [36mcommand_type[0m=[35mfetch_page[0m [36mentity[0m=[35mCustomers[0m [36mpriority[0m=[35m1[0m [36mretry_count[0m=[35m0[0m [36mskip[0m=[35m0[0m [36mtop[0m=[35m1500[0m [36mworker_id[0m=[35mworker_1[0m
2025-09-24 10:31:32,691 - workers.proxy_pool - INFO - execute:82 - [2m2025-09-24T05:01:32.691875Z[0m [[32m[1minfo     [0m] [1m🔄 Worker executing request with resilience patterns[0m [[0m[1m[34mworkers.proxy_pool[0m][0m [36mcircuit_breaker_state[0m=[35mclosed[0m [36mcommand_id[0m=[35mCustomers_page_1[0m [36mworker_id[0m=[35mworker_1[0m
2025-09-24 10:31:32,691 - planning.record_tracker - INFO - calculate_optimal_batch_size:206 - [2m2025-09-24T05:01:32.691875Z[0m [[32m[1minfo     [0m] [1mAdjusted batch size to prevent overfetching[0m [[0m[1m[34mplanning.record_tracker[0m][0m [36mdefault_size[0m=[35m1500[0m [36mentity[0m=[35mCustomers[0m [36moptimal_size[0m=[35m91[0m [36mremaining_records[0m=[35m91[0m
2025-09-24 10:31:32,694 - workers.proxy_pool - INFO - _make_http_request:177 - [2m2025-09-24T05:01:32.694154Z[0m [[32m[1minfo     [0m] [1m📏 Adjusted batch size for optimal fetching[0m [[0m[1m[34mworkers.proxy_pool[0m][0m [36mcommand_id[0m=[35mCustomers_page_1[0m [36mentity[0m=[35mCustomers[0m [36moptimal_top[0m=[35m91[0m [36moriginal_top[0m=[35m1500[0m [36mworker_id[0m=[35mworker_1[0m
2025-09-24 10:31:32,694 - storage.transformer - INFO - transform_odata_response:62 - [2m2025-09-24T05:01:32.694154Z[0m [[32m[1minfo     [0m] [1mStarting transformation       [0m [[0m[1m[34mstorage.transformer[0m][0m [36mentity_name[0m=[35mOrder_Subtotals[0m [36mresponse_keys[0m=[35m['@odata.context', 'value', '@odata.nextLink'][0m
2025-09-24 10:31:32,694 - storage.transformer - INFO - transform_odata_response:101 - [2m2025-09-24T05:01:32.694154Z[0m [[32m[1minfo     [0m] [1mTransformation completed      [0m [[0m[1m[34mstorage.transformer[0m][0m [36mentity_name[0m=[35mOrder_Subtotals[0m [36minput_records[0m=[35m100[0m [36moutput_records[0m=[35m100[0m [36mtransformation_time_seconds[0m=[35m0.0[0m
2025-09-24 10:31:32,694 - storage.local_storage - INFO - store_processed_records:145 - [2m2025-09-24T05:01:32.694154Z[0m [[32m[1minfo     [0m] [1mStoring processed records     [0m [[0m[1m[34mstorage.local_storage[0m][0m [36mentity_name[0m=[35mOrder_Subtotals[0m [36mformat[0m=[35mjson[0m [36mrecord_count[0m=[35m100[0m
2025-09-24 10:31:32,694 - storage.local_storage - INFO - store_processed_records:160 - [2m2025-09-24T05:01:32.694154Z[0m [[32m[1minfo     [0m] [1mSuccessfully stored processed records[0m [[0m[1m[34mstorage.local_storage[0m][0m [36mentity_name[0m=[35mOrder_Subtotals[0m [36mfile_path[0m=[35m./test_output/processed\Order_Subtotals_20250924_050132.json[0m [36mrecord_count[0m=[35m100[0m [36mstorage_time_seconds[0m=[35m0.0[0m
2025-09-24 10:31:32,706 - storage.local_storage - INFO - store_raw_response:89 - [2m2025-09-24T05:01:32.705850Z[0m [[32m[1minfo     [0m] [1mSuccessfully stored raw data  [0m [[0m[1m[34mstorage.local_storage[0m][0m [36mentity_name[0m=[35mOrder_Subtotals[0m [36mfile_path[0m=[35m./test_output/raw\Order_Subtotals\2025/09/24\05\Order_Subtotals_page_1.json[0m [36msize_bytes[0m=[35m7333[0m [36mstorage_time_seconds[0m=[35m0.016[0m
2025-09-24 10:31:32,706 - httpcore.http11 - DEBUG - atrace:87 - send_request_headers.started request=<Request [b'GET']>
2025-09-24 10:31:32,706 - httpcore.http11 - DEBUG - atrace:87 - send_request_headers.complete
2025-09-24 10:31:32,706 - httpcore.http11 - DEBUG - atrace:87 - send_request_body.started request=<Request [b'GET']>
2025-09-24 10:31:32,706 - httpcore.http11 - DEBUG - atrace:87 - send_request_body.complete
2025-09-24 10:31:32,706 - httpcore.http11 - DEBUG - atrace:87 - receive_response_headers.started request=<Request [b'GET']>
2025-09-24 10:31:32,969 - httpcore.http11 - DEBUG - atrace:87 - receive_response_headers.complete return_value=(b'HTTP/1.1', 200, b'OK', [(b'Content-Type', b'application/json;odata.metadata=minimal;odata.streaming=true;IEEE754Compatible=false;charset=utf-8'), (b'Date', b'Wed, 24 Sep 2025 05:01:33 GMT'), (b'Server', b'Microsoft-IIS/10.0'), (b'Access-Control-Allow-Headers', b'Accept, Origin, Content-Type, MaxDataServiceVersion'), (b'Access-Control-Allow-Methods', b'GET'), (b'Access-Control-Allow-Origin', b'*'), (b'Access-Control-Expose-Headers', b'DataServiceVersion'), (b'Cache-Control', b'private'), (b'Content-Encoding', b'gzip'), (b'Expires', b'Wed, 24 Sep 2025 05:02:32 GMT'), (b'Transfer-Encoding', b'chunked'), (b'Vary', b'*'), (b'X-Content-Type-Options', b'nosniff'), (b'OData-Version', b'4.0;'), (b'X-AspNet-Version', b'4.0.30319'), (b'X-Powered-By', b'ASP.NET')])
2025-09-24 10:31:32,969 - httpx - INFO - _send_single_request:1740 - HTTP Request: GET https://services.odata.org/V4/Northwind/Northwind.svc/Employees?%24skip=0&%24top=9 "HTTP/1.1 200 OK"
2025-09-24 10:31:32,969 - httpcore.http11 - DEBUG - atrace:87 - receive_response_body.started request=<Request [b'GET']>
2025-09-24 10:31:33,111 - httpcore.http11 - DEBUG - atrace:87 - receive_response_headers.complete return_value=(b'HTTP/1.1', 200, b'OK', [(b'Content-Length', b'2317'), (b'Content-Type', b'application/json;odata.metadata=minimal;odata.streaming=true;IEEE754Compatible=false;charset=utf-8'), (b'Date', b'Wed, 24 Sep 2025 05:01:33 GMT'), (b'Server', b'Microsoft-IIS/10.0'), (b'Access-Control-Allow-Headers', b'Accept, Origin, Content-Type, MaxDataServiceVersion'), (b'Access-Control-Allow-Methods', b'GET'), (b'Access-Control-Allow-Origin', b'*'), (b'Access-Control-Expose-Headers', b'DataServiceVersion'), (b'Cache-Control', b'private'), (b'Content-Encoding', b'gzip'), (b'Expires', b'Wed, 24 Sep 2025 05:02:33 GMT'), (b'Vary', b'*'), (b'X-Content-Type-Options', b'nosniff'), (b'OData-Version', b'4.0;'), (b'X-AspNet-Version', b'4.0.30319'), (b'X-Powered-By', b'ASP.NET')])
2025-09-24 10:31:33,111 - httpx - INFO - _send_single_request:1740 - HTTP Request: GET https://services.odata.org/V4/Northwind/Northwind.svc/Customers?%24skip=0&%24top=91 "HTTP/1.1 200 OK"
2025-09-24 10:31:33,111 - httpcore.http11 - DEBUG - atrace:87 - receive_response_body.started request=<Request [b'GET']>
2025-09-24 10:31:33,111 - httpcore.http11 - DEBUG - atrace:87 - receive_response_body.complete
2025-09-24 10:31:33,111 - httpcore.http11 - DEBUG - atrace:87 - response_closed.started
2025-09-24 10:31:33,111 - httpcore.http11 - DEBUG - atrace:87 - response_closed.complete
2025-09-24 10:31:33,111 - workers.proxy_pool - INFO - _make_http_request:250 - [2m2025-09-24T05:01:33.111260Z[0m [[32m[1minfo     [0m] [1m📊 Worker successfully fetched data[0m [[0m[1m[34mworkers.proxy_pool[0m][0m [36mactual_records_added[0m=[35m20[0m [36mcommand_id[0m=[35mCustomers_page_1[0m [36mentity[0m=[35mCustomers[0m [36mentity_total_fetched[0m=[35m20[0m [36mglobal_total_fetched[0m=[35m2289[0m [36mhas_next_page[0m=[35mTrue[0m [36mrecords_in_response[0m=[35m20[0m [36mworker_id[0m=[35mworker_1[0m
2025-09-24 10:31:33,111 - workers.proxy_pool - INFO - execute:110 - [2m2025-09-24T05:01:33.111260Z[0m [[32m[1minfo     [0m] [1m✅ Worker completed command successfully[0m [[0m[1m[34mworkers.proxy_pool[0m][0m [36mcommand_id[0m=[35mCustomers_page_1[0m [36mentity[0m=[35mCustomers[0m [36mexecution_time_seconds[0m=[35m0.42[0m [36mhas_next_page[0m=[35mTrue[0m [36mrecords_fetched[0m=[35m20[0m [36mworker_id[0m=[35mworker_1[0m
2025-09-24 10:31:33,111 - workers.proxy_pool - INFO - _worker_loop:460 - [2m2025-09-24T05:01:33.111260Z[0m [[32m[1minfo     [0m] [1m📋 Worker picked up command from queue[0m [[0m[1m[34mworkers.proxy_pool[0m][0m [36mcommand_id[0m=[35mOrder_Details_Extendeds_page_1[0m [36mentity[0m=[35mOrder_Details_Extendeds[0m [36mqueue_size_after_pickup[0m=[35m12[0m [36mworker_id[0m=[35mworker_1[0m [36mworker_status[0m=[35mPROCESSING[0m
2025-09-24 10:31:33,111 - workers.proxy_pool - INFO - execute:59 - [2m2025-09-24T05:01:33.111260Z[0m [[32m[1minfo     [0m] [1m🚀 Worker starting command execution[0m [[0m[1m[34mworkers.proxy_pool[0m][0m [36mcommand_id[0m=[35mOrder_Details_Extendeds_page_1[0m [36mcommand_type[0m=[35mfetch_page[0m [36mentity[0m=[35mOrder_Details_Extendeds[0m [36mpriority[0m=[35m1[0m [36mretry_count[0m=[35m0[0m [36mskip[0m=[35m0[0m [36mtop[0m=[35m1500[0m [36mworker_id[0m=[35mworker_1[0m
2025-09-24 10:31:33,111 - workers.proxy_pool - INFO - execute:82 - [2m2025-09-24T05:01:33.111260Z[0m [[32m[1minfo     [0m] [1m🔄 Worker executing request with resilience patterns[0m [[0m[1m[34mworkers.proxy_pool[0m][0m [36mcircuit_breaker_state[0m=[35mclosed[0m [36mcommand_id[0m=[35mOrder_Details_Extendeds_page_1[0m [36mworker_id[0m=[35mworker_1[0m
2025-09-24 10:31:33,111 - storage.transformer - INFO - transform_odata_response:62 - [2m2025-09-24T05:01:33.111260Z[0m [[32m[1minfo     [0m] [1mStarting transformation       [0m [[0m[1m[34mstorage.transformer[0m][0m [36mentity_name[0m=[35mCustomers[0m [36mresponse_keys[0m=[35m['@odata.context', 'value', '@odata.nextLink'][0m
2025-09-24 10:31:33,117 - storage.transformer - INFO - transform_odata_response:101 - [2m2025-09-24T05:01:33.117529Z[0m [[32m[1minfo     [0m] [1mTransformation completed      [0m [[0m[1m[34mstorage.transformer[0m][0m [36mentity_name[0m=[35mCustomers[0m [36minput_records[0m=[35m20[0m [36moutput_records[0m=[35m20[0m [36mtransformation_time_seconds[0m=[35m0.015[0m
2025-09-24 10:31:33,118 - storage.local_storage - INFO - store_processed_records:145 - [2m2025-09-24T05:01:33.118574Z[0m [[32m[1minfo     [0m] [1mStoring processed records     [0m [[0m[1m[34mstorage.local_storage[0m][0m [36mentity_name[0m=[35mCustomers[0m [36mformat[0m=[35mjson[0m [36mrecord_count[0m=[35m20[0m
2025-09-24 10:31:33,118 - storage.local_storage - INFO - store_processed_records:160 - [2m2025-09-24T05:01:33.118995Z[0m [[32m[1minfo     [0m] [1mSuccessfully stored processed records[0m [[0m[1m[34mstorage.local_storage[0m][0m [36mentity_name[0m=[35mCustomers[0m [36mfile_path[0m=[35m./test_output/processed\Customers_20250924_050133.json[0m [36mrecord_count[0m=[35m20[0m [36mstorage_time_seconds[0m=[35m0.0[0m
2025-09-24 10:31:33,121 - storage.local_storage - INFO - store_raw_response:89 - [2m2025-09-24T05:01:33.121724Z[0m [[32m[1minfo     [0m] [1mSuccessfully stored raw data  [0m [[0m[1m[34mstorage.local_storage[0m][0m [36mentity_name[0m=[35mCustomers[0m [36mfile_path[0m=[35m./test_output/raw\Customers\2025/09/24\05\Customers_page_1.json[0m [36msize_bytes[0m=[35m8172[0m [36mstorage_time_seconds[0m=[35m0.0[0m
2025-09-24 10:31:33,121 - httpcore.http11 - DEBUG - atrace:87 - send_request_headers.started request=<Request [b'GET']>
2025-09-24 10:31:33,121 - httpcore.http11 - DEBUG - atrace:87 - send_request_headers.complete
2025-09-24 10:31:33,121 - httpcore.http11 - DEBUG - atrace:87 - send_request_body.started request=<Request [b'GET']>
2025-09-24 10:31:33,121 - httpcore.http11 - DEBUG - atrace:87 - send_request_body.complete
2025-09-24 10:31:33,121 - httpcore.http11 - DEBUG - atrace:87 - receive_response_headers.started request=<Request [b'GET']>
2025-09-24 10:31:33,444 - httpcore.http11 - DEBUG - atrace:87 - receive_response_headers.complete return_value=(b'HTTP/1.1', 200, b'OK', [(b'Content-Length', b'3140'), (b'Content-Type', b'application/json;odata.metadata=minimal;odata.streaming=true;IEEE754Compatible=false;charset=utf-8'), (b'Date', b'Wed, 24 Sep 2025 05:01:33 GMT'), (b'Server', b'Microsoft-IIS/10.0'), (b'Access-Control-Allow-Headers', b'Accept, Origin, Content-Type, MaxDataServiceVersion'), (b'Access-Control-Allow-Methods', b'GET'), (b'Access-Control-Allow-Origin', b'*'), (b'Access-Control-Expose-Headers', b'DataServiceVersion'), (b'Cache-Control', b'private'), (b'Content-Encoding', b'gzip'), (b'Expires', b'Wed, 24 Sep 2025 05:02:33 GMT'), (b'Vary', b'*'), (b'X-Content-Type-Options', b'nosniff'), (b'OData-Version', b'4.0;'), (b'X-AspNet-Version', b'4.0.30319'), (b'X-Powered-By', b'ASP.NET')])
2025-09-24 10:31:33,444 - httpx - INFO - _send_single_request:1740 - HTTP Request: GET https://services.odata.org/V4/Northwind/Northwind.svc/Order_Details_Extendeds?%24skip=0&%24top=1500 "HTTP/1.1 200 OK"
2025-09-24 10:31:33,450 - httpcore.http11 - DEBUG - atrace:87 - receive_response_body.started request=<Request [b'GET']>
2025-09-24 10:31:33,451 - httpcore.http11 - DEBUG - atrace:87 - receive_response_body.complete
2025-09-24 10:31:33,451 - httpcore.http11 - DEBUG - atrace:87 - response_closed.started
2025-09-24 10:31:33,453 - httpcore.http11 - DEBUG - atrace:87 - response_closed.complete
2025-09-24 10:31:33,453 - workers.proxy_pool - INFO - _make_http_request:250 - [2m2025-09-24T05:01:33.453709Z[0m [[32m[1minfo     [0m] [1m📊 Worker successfully fetched data[0m [[0m[1m[34mworkers.proxy_pool[0m][0m [36mactual_records_added[0m=[35m100[0m [36mcommand_id[0m=[35mOrder_Details_Extendeds_page_1[0m [36mentity[0m=[35mOrder_Details_Extendeds[0m [36mentity_total_fetched[0m=[35m100[0m [36mglobal_total_fetched[0m=[35m2389[0m [36mhas_next_page[0m=[35mTrue[0m [36mrecords_in_response[0m=[35m100[0m [36mworker_id[0m=[35mworker_1[0m
2025-09-24 10:31:33,453 - workers.proxy_pool - INFO - execute:110 - [2m2025-09-24T05:01:33.453709Z[0m [[32m[1minfo     [0m] [1m✅ Worker completed command successfully[0m [[0m[1m[34mworkers.proxy_pool[0m][0m [36mcommand_id[0m=[35mOrder_Details_Extendeds_page_1[0m [36mentity[0m=[35mOrder_Details_Extendeds[0m [36mexecution_time_seconds[0m=[35m0.34[0m [36mhas_next_page[0m=[35mTrue[0m [36mrecords_fetched[0m=[35m100[0m [36mworker_id[0m=[35mworker_1[0m
2025-09-24 10:31:33,453 - workers.proxy_pool - INFO - _worker_loop:460 - [2m2025-09-24T05:01:33.453709Z[0m [[32m[1minfo     [0m] [1m📋 Worker picked up command from queue[0m [[0m[1m[34mworkers.proxy_pool[0m][0m [36mcommand_id[0m=[35mOrder_Details_Extendeds_page_2[0m [36mentity[0m=[35mOrder_Details_Extendeds[0m [36mqueue_size_after_pickup[0m=[35m12[0m [36mworker_id[0m=[35mworker_1[0m [36mworker_status[0m=[35mPROCESSING[0m
2025-09-24 10:31:33,453 - workers.proxy_pool - INFO - execute:59 - [2m2025-09-24T05:01:33.453709Z[0m [[32m[1minfo     [0m] [1m🚀 Worker starting command execution[0m [[0m[1m[34mworkers.proxy_pool[0m][0m [36mcommand_id[0m=[35mOrder_Details_Extendeds_page_2[0m [36mcommand_type[0m=[35mfetch_page[0m [36mentity[0m=[35mOrder_Details_Extendeds[0m [36mpriority[0m=[35m1[0m [36mretry_count[0m=[35m0[0m [36mskip[0m=[35m1500[0m [36mtop[0m=[35m1500[0m [36mworker_id[0m=[35mworker_1[0m
2025-09-24 10:31:33,453 - workers.proxy_pool - INFO - execute:82 - [2m2025-09-24T05:01:33.453709Z[0m [[32m[1minfo     [0m] [1m🔄 Worker executing request with resilience patterns[0m [[0m[1m[34mworkers.proxy_pool[0m][0m [36mcircuit_breaker_state[0m=[35mclosed[0m [36mcommand_id[0m=[35mOrder_Details_Extendeds_page_2[0m [36mworker_id[0m=[35mworker_1[0m
2025-09-24 10:31:33,453 - storage.transformer - INFO - transform_odata_response:62 - [2m2025-09-24T05:01:33.453709Z[0m [[32m[1minfo     [0m] [1mStarting transformation       [0m [[0m[1m[34mstorage.transformer[0m][0m [36mentity_name[0m=[35mOrder_Details_Extendeds[0m [36mresponse_keys[0m=[35m['@odata.context', 'value', '@odata.nextLink'][0m
2025-09-24 10:31:33,453 - storage.transformer - INFO - transform_odata_response:101 - [2m2025-09-24T05:01:33.453709Z[0m [[32m[1minfo     [0m] [1mTransformation completed      [0m [[0m[1m[34mstorage.transformer[0m][0m [36mentity_name[0m=[35mOrder_Details_Extendeds[0m [36minput_records[0m=[35m100[0m [36moutput_records[0m=[35m100[0m [36mtransformation_time_seconds[0m=[35m0.0[0m
2025-09-24 10:31:33,453 - storage.local_storage - INFO - store_processed_records:145 - [2m2025-09-24T05:01:33.453709Z[0m [[32m[1minfo     [0m] [1mStoring processed records     [0m [[0m[1m[34mstorage.local_storage[0m][0m [36mentity_name[0m=[35mOrder_Details_Extendeds[0m [36mformat[0m=[35mjson[0m [36mrecord_count[0m=[35m100[0m
2025-09-24 10:31:33,453 - storage.local_storage - INFO - store_processed_records:160 - [2m2025-09-24T05:01:33.453709Z[0m [[32m[1minfo     [0m] [1mSuccessfully stored processed records[0m [[0m[1m[34mstorage.local_storage[0m][0m [36mentity_name[0m=[35mOrder_Details_Extendeds[0m [36mfile_path[0m=[35m./test_output/processed\Order_Details_Extendeds_20250924_050133.json[0m [36mrecord_count[0m=[35m100[0m [36mstorage_time_seconds[0m=[35m0.0[0m
2025-09-24 10:31:33,453 - storage.local_storage - INFO - store_raw_response:89 - [2m2025-09-24T05:01:33.453709Z[0m [[32m[1minfo     [0m] [1mSuccessfully stored raw data  [0m [[0m[1m[34mstorage.local_storage[0m][0m [36mentity_name[0m=[35mOrder_Details_Extendeds[0m [36mfile_path[0m=[35m./test_output/raw\Order_Details_Extendeds\2025/09/24\05\Order_Details_Extendeds_page_1.json[0m [36msize_bytes[0m=[35m22068[0m [36mstorage_time_seconds[0m=[35m0.0[0m
2025-09-24 10:31:33,466 - httpcore.http11 - DEBUG - atrace:87 - send_request_headers.started request=<Request [b'GET']>
2025-09-24 10:31:33,468 - httpcore.http11 - DEBUG - atrace:87 - send_request_headers.complete
2025-09-24 10:31:33,468 - httpcore.http11 - DEBUG - atrace:87 - send_request_body.started request=<Request [b'GET']>
2025-09-24 10:31:33,468 - httpcore.http11 - DEBUG - atrace:87 - send_request_body.complete
2025-09-24 10:31:33,468 - httpcore.http11 - DEBUG - atrace:87 - receive_response_headers.started request=<Request [b'GET']>
2025-09-24 10:31:33,489 - httpcore.http11 - DEBUG - atrace:87 - receive_response_headers.complete return_value=(b'HTTP/1.1', 200, b'OK', [(b'Content-Length', b'402'), (b'Content-Type', b'application/json;odata.metadata=minimal;odata.streaming=true;IEEE754Compatible=false;charset=utf-8'), (b'Date', b'Wed, 24 Sep 2025 05:01:33 GMT'), (b'Server', b'Microsoft-IIS/10.0'), (b'Access-Control-Allow-Headers', b'Accept, Origin, Content-Type, MaxDataServiceVersion'), (b'Access-Control-Allow-Methods', b'GET'), (b'Access-Control-Allow-Origin', b'*'), (b'Access-Control-Expose-Headers', b'DataServiceVersion'), (b'Cache-Control', b'private'), (b'Content-Encoding', b'gzip'), (b'Expires', b'Wed, 24 Sep 2025 05:02:33 GMT'), (b'Vary', b'*'), (b'X-Content-Type-Options', b'nosniff'), (b'OData-Version', b'4.0;'), (b'X-AspNet-Version', b'4.0.30319'), (b'X-Powered-By', b'ASP.NET')])
2025-09-24 10:31:33,489 - httpx - INFO - _send_single_request:1740 - HTTP Request: GET https://services.odata.org/V4/Northwind/Northwind.svc/Category_Sales_for_1997?%24skip=0&%24top=8 "HTTP/1.1 200 OK"
2025-09-24 10:31:33,489 - httpcore.http11 - DEBUG - atrace:87 - receive_response_body.started request=<Request [b'GET']>
2025-09-24 10:31:33,489 - httpcore.http11 - DEBUG - atrace:87 - receive_response_body.complete
2025-09-24 10:31:33,489 - httpcore.http11 - DEBUG - atrace:87 - response_closed.started
2025-09-24 10:31:33,489 - httpcore.http11 - DEBUG - atrace:87 - response_closed.complete
2025-09-24 10:31:33,492 - planning.record_tracker - INFO - add_page_records:38 - [2m2025-09-24T05:01:33.492226Z[0m [[32m[1minfo     [0m] [1m✅ Entity record fetching complete[0m [[0m[1m[34mplanning.record_tracker[0m][0m [36mentity[0m=[35mCategory_Sales_for_1997[0m [36mfetched[0m=[35m8[0m [36mtarget[0m=[35m8[0m
2025-09-24 10:31:33,492 - workers.proxy_pool - INFO - _make_http_request:243 - [2m2025-09-24T05:01:33.492226Z[0m [[32m[1minfo     [0m] [1m🎯 Stopping pagination due to record limits[0m [[0m[1m[34mworkers.proxy_pool[0m][0m [36mcommand_id[0m=[35mCategory_Sales_for_1997_page_1[0m [36mentity[0m=[35mCategory_Sales_for_1997[0m [36mentity_complete[0m=[35mTrue[0m [36mglobal_limit_reached[0m=[35mNone[0m [36mworker_id[0m=[35mworker_0[0m
2025-09-24 10:31:33,492 - workers.proxy_pool - INFO - _make_http_request:250 - [2m2025-09-24T05:01:33.492226Z[0m [[32m[1minfo     [0m] [1m📊 Worker successfully fetched data[0m [[0m[1m[34mworkers.proxy_pool[0m][0m [36mactual_records_added[0m=[35m8[0m [36mcommand_id[0m=[35mCategory_Sales_for_1997_page_1[0m [36mentity[0m=[35mCategory_Sales_for_1997[0m [36mentity_total_fetched[0m=[35m8[0m [36mglobal_total_fetched[0m=[35m2397[0m [36mhas_next_page[0m=[35mFalse[0m [36mrecords_in_response[0m=[35m8[0m [36mworker_id[0m=[35mworker_0[0m
2025-09-24 10:31:33,492 - workers.proxy_pool - INFO - execute:110 - [2m2025-09-24T05:01:33.492226Z[0m [[32m[1minfo     [0m] [1m✅ Worker completed command successfully[0m [[0m[1m[34mworkers.proxy_pool[0m][0m [36mcommand_id[0m=[35mCategory_Sales_for_1997_page_1[0m [36mentity[0m=[35mCategory_Sales_for_1997[0m [36mexecution_time_seconds[0m=[35m0.86[0m [36mhas_next_page[0m=[35mFalse[0m [36mrecords_fetched[0m=[35m8[0m [36mworker_id[0m=[35mworker_0[0m
2025-09-24 10:31:33,492 - workers.proxy_pool - INFO - _worker_loop:460 - [2m2025-09-24T05:01:33.492226Z[0m [[32m[1minfo     [0m] [1m📋 Worker picked up command from queue[0m [[0m[1m[34mworkers.proxy_pool[0m][0m [36mcommand_id[0m=[35mInvoices_page_1[0m [36mentity[0m=[35mInvoices[0m [36mqueue_size_after_pickup[0m=[35m12[0m [36mworker_id[0m=[35mworker_0[0m [36mworker_status[0m=[35mPROCESSING[0m
2025-09-24 10:31:33,492 - workers.proxy_pool - INFO - execute:59 - [2m2025-09-24T05:01:33.492226Z[0m [[32m[1minfo     [0m] [1m🚀 Worker starting command execution[0m [[0m[1m[34mworkers.proxy_pool[0m][0m [36mcommand_id[0m=[35mInvoices_page_1[0m [36mcommand_type[0m=[35mfetch_page[0m [36mentity[0m=[35mInvoices[0m [36mpriority[0m=[35m1[0m [36mretry_count[0m=[35m0[0m [36mskip[0m=[35m0[0m [36mtop[0m=[35m1500[0m [36mworker_id[0m=[35mworker_0[0m
2025-09-24 10:31:33,494 - workers.proxy_pool - INFO - execute:82 - [2m2025-09-24T05:01:33.494544Z[0m [[32m[1minfo     [0m] [1m🔄 Worker executing request with resilience patterns[0m [[0m[1m[34mworkers.proxy_pool[0m][0m [36mcircuit_breaker_state[0m=[35mclosed[0m [36mcommand_id[0m=[35mInvoices_page_1[0m [36mworker_id[0m=[35mworker_0[0m
2025-09-24 10:31:33,494 - storage.transformer - INFO - transform_odata_response:62 - [2m2025-09-24T05:01:33.494544Z[0m [[32m[1minfo     [0m] [1mStarting transformation       [0m [[0m[1m[34mstorage.transformer[0m][0m [36mentity_name[0m=[35mCategory_Sales_for_1997[0m [36mresponse_keys[0m=[35m['@odata.context', 'value'][0m
2025-09-24 10:31:33,494 - storage.transformer - INFO - transform_odata_response:101 - [2m2025-09-24T05:01:33.494544Z[0m [[32m[1minfo     [0m] [1mTransformation completed      [0m [[0m[1m[34mstorage.transformer[0m][0m [36mentity_name[0m=[35mCategory_Sales_for_1997[0m [36minput_records[0m=[35m8[0m [36moutput_records[0m=[35m8[0m [36mtransformation_time_seconds[0m=[35m0.0[0m
2025-09-24 10:31:33,494 - storage.local_storage - INFO - store_processed_records:145 - [2m2025-09-24T05:01:33.494544Z[0m [[32m[1minfo     [0m] [1mStoring processed records     [0m [[0m[1m[34mstorage.local_storage[0m][0m [36mentity_name[0m=[35mCategory_Sales_for_1997[0m [36mformat[0m=[35mjson[0m [36mrecord_count[0m=[35m8[0m
2025-09-24 10:31:33,494 - storage.local_storage - INFO - store_processed_records:160 - [2m2025-09-24T05:01:33.494544Z[0m [[32m[1minfo     [0m] [1mSuccessfully stored processed records[0m [[0m[1m[34mstorage.local_storage[0m][0m [36mentity_name[0m=[35mCategory_Sales_for_1997[0m [36mfile_path[0m=[35m./test_output/processed\Category_Sales_for_1997_20250924_050133.json[0m [36mrecord_count[0m=[35m8[0m [36mstorage_time_seconds[0m=[35m0.0[0m
2025-09-24 10:31:33,494 - storage.local_storage - INFO - store_raw_response:89 - [2m2025-09-24T05:01:33.494544Z[0m [[32m[1minfo     [0m] [1mSuccessfully stored raw data  [0m [[0m[1m[34mstorage.local_storage[0m][0m [36mentity_name[0m=[35mCategory_Sales_for_1997[0m [36mfile_path[0m=[35m./test_output/raw\Category_Sales_for_1997\2025/09/24\05\Category_Sales_for_1997_page_1.json[0m [36msize_bytes[0m=[35m1040[0m [36mstorage_time_seconds[0m=[35m0.0[0m
2025-09-24 10:31:33,494 - httpcore.http11 - DEBUG - atrace:87 - send_request_headers.started request=<Request [b'GET']>
2025-09-24 10:31:33,500 - httpcore.http11 - DEBUG - atrace:87 - send_request_headers.complete
2025-09-24 10:31:33,500 - httpcore.http11 - DEBUG - atrace:87 - send_request_body.started request=<Request [b'GET']>
2025-09-24 10:31:33,500 - httpcore.http11 - DEBUG - atrace:87 - send_request_body.complete
2025-09-24 10:31:33,500 - httpcore.http11 - DEBUG - atrace:87 - receive_response_headers.started request=<Request [b'GET']>
2025-09-24 10:31:33,744 - httpcore.http11 - DEBUG - atrace:87 - receive_response_headers.complete return_value=(b'HTTP/1.1', 200, b'OK', [(b'Content-Length', b'3390'), (b'Content-Type', b'application/json;odata.metadata=minimal;odata.streaming=true;IEEE754Compatible=false;charset=utf-8'), (b'Date', b'Wed, 24 Sep 2025 05:01:33 GMT'), (b'Server', b'Microsoft-IIS/10.0'), (b'Access-Control-Allow-Headers', b'Accept, Origin, Content-Type, MaxDataServiceVersion'), (b'Access-Control-Allow-Methods', b'GET'), (b'Access-Control-Allow-Origin', b'*'), (b'Access-Control-Expose-Headers', b'DataServiceVersion'), (b'Cache-Control', b'private'), (b'Content-Encoding', b'gzip'), (b'Expires', b'Wed, 24 Sep 2025 05:02:34 GMT'), (b'Vary', b'*'), (b'X-Content-Type-Options', b'nosniff'), (b'OData-Version', b'4.0;'), (b'X-AspNet-Version', b'4.0.30319'), (b'X-Powered-By', b'ASP.NET')])
2025-09-24 10:31:33,744 - httpx - INFO - _send_single_request:1740 - HTTP Request: GET https://services.odata.org/V4/Northwind/Northwind.svc/Order_Details_Extendeds?%24skip=1500&%24top=1500 "HTTP/1.1 200 OK"
2025-09-24 10:31:33,744 - httpcore.http11 - DEBUG - atrace:87 - receive_response_body.started request=<Request [b'GET']>
2025-09-24 10:31:33,744 - httpcore.http11 - DEBUG - atrace:87 - receive_response_body.complete
2025-09-24 10:31:33,744 - httpcore.http11 - DEBUG - atrace:87 - response_closed.started
2025-09-24 10:31:33,744 - httpcore.http11 - DEBUG - atrace:87 - response_closed.complete
2025-09-24 10:31:33,744 - workers.proxy_pool - INFO - _make_http_request:250 - [2m2025-09-24T05:01:33.744301Z[0m [[32m[1minfo     [0m] [1m📊 Worker successfully fetched data[0m [[0m[1m[34mworkers.proxy_pool[0m][0m [36mactual_records_added[0m=[35m100[0m [36mcommand_id[0m=[35mOrder_Details_Extendeds_page_2[0m [36mentity[0m=[35mOrder_Details_Extendeds[0m [36mentity_total_fetched[0m=[35m200[0m [36mglobal_total_fetched[0m=[35m2497[0m [36mhas_next_page[0m=[35mTrue[0m [36mrecords_in_response[0m=[35m100[0m [36mworker_id[0m=[35mworker_1[0m
2025-09-24 10:31:33,744 - workers.proxy_pool - INFO - execute:110 - [2m2025-09-24T05:01:33.744301Z[0m [[32m[1minfo     [0m] [1m✅ Worker completed command successfully[0m [[0m[1m[34mworkers.proxy_pool[0m][0m [36mcommand_id[0m=[35mOrder_Details_Extendeds_page_2[0m [36mentity[0m=[35mOrder_Details_Extendeds[0m [36mexecution_time_seconds[0m=[35m0.3[0m [36mhas_next_page[0m=[35mTrue[0m [36mrecords_fetched[0m=[35m100[0m [36mworker_id[0m=[35mworker_1[0m
2025-09-24 10:31:33,750 - workers.proxy_pool - INFO - _worker_loop:460 - [2m2025-09-24T05:01:33.750247Z[0m [[32m[1minfo     [0m] [1m📋 Worker picked up command from queue[0m [[0m[1m[34mworkers.proxy_pool[0m][0m [36mcommand_id[0m=[35mInvoices_page_2[0m [36mentity[0m=[35mInvoices[0m [36mqueue_size_after_pickup[0m=[35m11[0m [36mworker_id[0m=[35mworker_1[0m [36mworker_status[0m=[35mPROCESSING[0m
2025-09-24 10:31:33,751 - workers.proxy_pool - INFO - execute:59 - [2m2025-09-24T05:01:33.751135Z[0m [[32m[1minfo     [0m] [1m🚀 Worker starting command execution[0m [[0m[1m[34mworkers.proxy_pool[0m][0m [36mcommand_id[0m=[35mInvoices_page_2[0m [36mcommand_type[0m=[35mfetch_page[0m [36mentity[0m=[35mInvoices[0m [36mpriority[0m=[35m1[0m [36mretry_count[0m=[35m0[0m [36mskip[0m=[35m1500[0m [36mtop[0m=[35m1500[0m [36mworker_id[0m=[35mworker_1[0m
2025-09-24 10:31:33,751 - workers.proxy_pool - INFO - execute:82 - [2m2025-09-24T05:01:33.751703Z[0m [[32m[1minfo     [0m] [1m🔄 Worker executing request with resilience patterns[0m [[0m[1m[34mworkers.proxy_pool[0m][0m [36mcircuit_breaker_state[0m=[35mclosed[0m [36mcommand_id[0m=[35mInvoices_page_2[0m [36mworker_id[0m=[35mworker_1[0m
2025-09-24 10:31:33,752 - storage.transformer - INFO - transform_odata_response:62 - [2m2025-09-24T05:01:33.752510Z[0m [[32m[1minfo     [0m] [1mStarting transformation       [0m [[0m[1m[34mstorage.transformer[0m][0m [36mentity_name[0m=[35mOrder_Details_Extendeds[0m [36mresponse_keys[0m=[35m['@odata.context', 'value', '@odata.nextLink'][0m
2025-09-24 10:31:33,752 - storage.transformer - INFO - transform_odata_response:101 - [2m2025-09-24T05:01:33.752510Z[0m [[32m[1minfo     [0m] [1mTransformation completed      [0m [[0m[1m[34mstorage.transformer[0m][0m [36mentity_name[0m=[35mOrder_Details_Extendeds[0m [36minput_records[0m=[35m100[0m [36moutput_records[0m=[35m100[0m [36mtransformation_time_seconds[0m=[35m0.0[0m
2025-09-24 10:31:33,752 - storage.local_storage - INFO - store_processed_records:145 - [2m2025-09-24T05:01:33.752510Z[0m [[32m[1minfo     [0m] [1mStoring processed records     [0m [[0m[1m[34mstorage.local_storage[0m][0m [36mentity_name[0m=[35mOrder_Details_Extendeds[0m [36mformat[0m=[35mjson[0m [36mrecord_count[0m=[35m100[0m
2025-09-24 10:31:33,752 - storage.local_storage - INFO - store_processed_records:160 - [2m2025-09-24T05:01:33.752510Z[0m [[32m[1minfo     [0m] [1mSuccessfully stored processed records[0m [[0m[1m[34mstorage.local_storage[0m][0m [36mentity_name[0m=[35mOrder_Details_Extendeds[0m [36mfile_path[0m=[35m./test_output/processed\Order_Details_Extendeds_20250924_050133.json[0m [36mrecord_count[0m=[35m100[0m [36mstorage_time_seconds[0m=[35m0.0[0m
2025-09-24 10:31:33,752 - storage.local_storage - INFO - store_raw_response:89 - [2m2025-09-24T05:01:33.752510Z[0m [[32m[1minfo     [0m] [1mSuccessfully stored raw data  [0m [[0m[1m[34mstorage.local_storage[0m][0m [36mentity_name[0m=[35mOrder_Details_Extendeds[0m [36mfile_path[0m=[35m./test_output/raw\Order_Details_Extendeds\2025/09/24\05\Order_Details_Extendeds_page_2.json[0m [36msize_bytes[0m=[35m22422[0m [36mstorage_time_seconds[0m=[35m0.0[0m
2025-09-24 10:31:33,752 - httpcore.http11 - DEBUG - atrace:87 - send_request_headers.started request=<Request [b'GET']>
2025-09-24 10:31:33,752 - httpcore.http11 - DEBUG - atrace:87 - send_request_headers.complete
2025-09-24 10:31:33,752 - httpcore.http11 - DEBUG - atrace:87 - send_request_body.started request=<Request [b'GET']>
2025-09-24 10:31:33,752 - httpcore.http11 - DEBUG - atrace:87 - send_request_body.complete
2025-09-24 10:31:33,752 - httpcore.http11 - DEBUG - atrace:87 - receive_response_headers.started request=<Request [b'GET']>
2025-09-24 10:31:33,923 - httpcore.http11 - DEBUG - atrace:87 - receive_response_headers.complete return_value=(b'HTTP/1.1', 200, b'OK', [(b'Content-Length', b'37906'), (b'Content-Type', b'application/json;odata.metadata=minimal;odata.streaming=true;IEEE754Compatible=false;charset=utf-8'), (b'Date', b'Wed, 24 Sep 2025 05:01:34 GMT'), (b'Server', b'Microsoft-IIS/10.0'), (b'Access-Control-Allow-Headers', b'Accept, Origin, Content-Type, MaxDataServiceVersion'), (b'Access-Control-Allow-Methods', b'GET'), (b'Access-Control-Allow-Origin', b'*'), (b'Access-Control-Expose-Headers', b'DataServiceVersion'), (b'Cache-Control', b'private'), (b'Content-Encoding', b'gzip'), (b'Expires', b'Wed, 24 Sep 2025 05:02:34 GMT'), (b'Vary', b'*'), (b'X-Content-Type-Options', b'nosniff'), (b'OData-Version', b'4.0;'), (b'X-AspNet-Version', b'4.0.30319'), (b'X-Powered-By', b'ASP.NET')])
2025-09-24 10:31:33,923 - httpx - INFO - _send_single_request:1740 - HTTP Request: GET https://services.odata.org/V4/Northwind/Northwind.svc/Invoices?%24skip=0&%24top=1500 "HTTP/1.1 200 OK"
2025-09-24 10:31:33,924 - httpcore.http11 - DEBUG - atrace:87 - receive_response_body.started request=<Request [b'GET']>
2025-09-24 10:31:33,926 - httpcore.http11 - DEBUG - atrace:87 - receive_response_body.complete
2025-09-24 10:31:33,927 - httpcore.http11 - DEBUG - atrace:87 - response_closed.started
2025-09-24 10:31:33,927 - httpcore.http11 - DEBUG - atrace:87 - response_closed.complete
2025-09-24 10:31:33,928 - workers.proxy_pool - INFO - _make_http_request:250 - [2m2025-09-24T05:01:33.928861Z[0m [[32m[1minfo     [0m] [1m📊 Worker successfully fetched data[0m [[0m[1m[34mworkers.proxy_pool[0m][0m [36mactual_records_added[0m=[35m500[0m [36mcommand_id[0m=[35mInvoices_page_1[0m [36mentity[0m=[35mInvoices[0m [36mentity_total_fetched[0m=[35m500[0m [36mglobal_total_fetched[0m=[35m2997[0m [36mhas_next_page[0m=[35mTrue[0m [36mrecords_in_response[0m=[35m500[0m [36mworker_id[0m=[35mworker_0[0m
2025-09-24 10:31:33,929 - workers.proxy_pool - INFO - execute:110 - [2m2025-09-24T05:01:33.929446Z[0m [[32m[1minfo     [0m] [1m✅ Worker completed command successfully[0m [[0m[1m[34mworkers.proxy_pool[0m][0m [36mcommand_id[0m=[35mInvoices_page_1[0m [36mentity[0m=[35mInvoices[0m [36mexecution_time_seconds[0m=[35m0.44[0m [36mhas_next_page[0m=[35mTrue[0m [36mrecords_fetched[0m=[35m500[0m [36mworker_id[0m=[35mworker_0[0m
2025-09-24 10:31:33,929 - workers.proxy_pool - INFO - _worker_loop:460 - [2m2025-09-24T05:01:33.929989Z[0m [[32m[1minfo     [0m] [1m📋 Worker picked up command from queue[0m [[0m[1m[34mworkers.proxy_pool[0m][0m [36mcommand_id[0m=[35mOrder_Details_page_next_1500[0m [36mentity[0m=[35mOrder_Details[0m [36mqueue_size_after_pickup[0m=[35m11[0m [36mworker_id[0m=[35mworker_0[0m [36mworker_status[0m=[35mPROCESSING[0m
2025-09-24 10:31:33,930 - workers.proxy_pool - INFO - execute:59 - [2m2025-09-24T05:01:33.930581Z[0m [[32m[1minfo     [0m] [1m🚀 Worker starting command execution[0m [[0m[1m[34mworkers.proxy_pool[0m][0m [36mcommand_id[0m=[35mOrder_Details_page_next_1500[0m [36mcommand_type[0m=[35mfetch_page[0m [36mentity[0m=[35mOrder_Details[0m [36mpriority[0m=[35m1[0m [36mretry_count[0m=[35m0[0m [36mskip[0m=[35m1500[0m [36mtop[0m=[35m1500[0m [36mworker_id[0m=[35mworker_0[0m
2025-09-24 10:31:33,931 - workers.proxy_pool - INFO - execute:82 - [2m2025-09-24T05:01:33.931117Z[0m [[32m[1minfo     [0m] [1m🔄 Worker executing request with resilience patterns[0m [[0m[1m[34mworkers.proxy_pool[0m][0m [36mcircuit_breaker_state[0m=[35mclosed[0m [36mcommand_id[0m=[35mOrder_Details_page_next_1500[0m [36mworker_id[0m=[35mworker_0[0m
2025-09-24 10:31:33,931 - planning.record_tracker - INFO - calculate_optimal_batch_size:206 - [2m2025-09-24T05:01:33.931678Z[0m [[32m[1minfo     [0m] [1mAdjusted batch size to prevent overfetching[0m [[0m[1m[34mplanning.record_tracker[0m][0m [36mdefault_size[0m=[35m1500[0m [36mentity[0m=[35mOrder_Details[0m [36moptimal_size[0m=[35m1155[0m [36mremaining_records[0m=[35m1155[0m
2025-09-24 10:31:33,931 - workers.proxy_pool - INFO - _make_http_request:177 - [2m2025-09-24T05:01:33.931678Z[0m [[32m[1minfo     [0m] [1m📏 Adjusted batch size for optimal fetching[0m [[0m[1m[34mworkers.proxy_pool[0m][0m [36mcommand_id[0m=[35mOrder_Details_page_next_1500[0m [36mentity[0m=[35mOrder_Details[0m [36moptimal_top[0m=[35m1155[0m [36moriginal_top[0m=[35m1500[0m [36mworker_id[0m=[35mworker_0[0m
2025-09-24 10:31:33,932 - storage.transformer - INFO - transform_odata_response:62 - [2m2025-09-24T05:01:33.932261Z[0m [[32m[1minfo     [0m] [1mStarting transformation       [0m [[0m[1m[34mstorage.transformer[0m][0m [36mentity_name[0m=[35mInvoices[0m [36mresponse_keys[0m=[35m['@odata.context', 'value', '@odata.nextLink'][0m
2025-09-24 10:31:33,942 - storage.transformer - INFO - transform_odata_response:101 - [2m2025-09-24T05:01:33.942298Z[0m [[32m[1minfo     [0m] [1mTransformation completed      [0m [[0m[1m[34mstorage.transformer[0m][0m [36mentity_name[0m=[35mInvoices[0m [36minput_records[0m=[35m500[0m [36moutput_records[0m=[35m500[0m [36mtransformation_time_seconds[0m=[35m0.0[0m
2025-09-24 10:31:33,942 - storage.local_storage - INFO - store_processed_records:145 - [2m2025-09-24T05:01:33.942692Z[0m [[32m[1minfo     [0m] [1mStoring processed records     [0m [[0m[1m[34mstorage.local_storage[0m][0m [36mentity_name[0m=[35mInvoices[0m [36mformat[0m=[35mjson[0m [36mrecord_count[0m=[35m500[0m
2025-09-24 10:31:33,944 - storage.local_storage - INFO - store_processed_records:160 - [2m2025-09-24T05:01:33.944204Z[0m [[32m[1minfo     [0m] [1mSuccessfully stored processed records[0m [[0m[1m[34mstorage.local_storage[0m][0m [36mentity_name[0m=[35mInvoices[0m [36mfile_path[0m=[35m./test_output/processed\Invoices_20250924_050133.json[0m [36mrecord_count[0m=[35m500[0m [36mstorage_time_seconds[0m=[35m0.0[0m
2025-09-24 10:31:33,952 - storage.local_storage - INFO - store_raw_response:89 - [2m2025-09-24T05:01:33.952758Z[0m [[32m[1minfo     [0m] [1mSuccessfully stored raw data  [0m [[0m[1m[34mstorage.local_storage[0m][0m [36mentity_name[0m=[35mInvoices[0m [36mfile_path[0m=[35m./test_output/raw\Invoices\2025/09/24\05\Invoices_page_1.json[0m [36msize_bytes[0m=[35m452778[0m [36mstorage_time_seconds[0m=[35m0.016[0m
2025-09-24 10:31:33,954 - httpcore.http11 - DEBUG - atrace:87 - send_request_headers.started request=<Request [b'GET']>
2025-09-24 10:31:33,955 - httpcore.http11 - DEBUG - atrace:87 - send_request_headers.complete
2025-09-24 10:31:33,955 - httpcore.http11 - DEBUG - atrace:87 - send_request_body.started request=<Request [b'GET']>
2025-09-24 10:31:33,956 - httpcore.http11 - DEBUG - atrace:87 - send_request_body.complete
2025-09-24 10:31:33,956 - httpcore.http11 - DEBUG - atrace:87 - receive_response_headers.started request=<Request [b'GET']>
2025-09-24 10:31:34,187 - httpcore.http11 - DEBUG - atrace:87 - receive_response_headers.complete return_value=(b'HTTP/1.1', 200, b'OK', [(b'Content-Length', b'37481'), (b'Content-Type', b'application/json;odata.metadata=minimal;odata.streaming=true;IEEE754Compatible=false;charset=utf-8'), (b'Date', b'Wed, 24 Sep 2025 05:01:34 GMT'), (b'Server', b'Microsoft-IIS/10.0'), (b'Access-Control-Allow-Headers', b'Accept, Origin, Content-Type, MaxDataServiceVersion'), (b'Access-Control-Allow-Methods', b'GET'), (b'Access-Control-Allow-Origin', b'*'), (b'Access-Control-Expose-Headers', b'DataServiceVersion'), (b'Cache-Control', b'private'), (b'Content-Encoding', b'gzip'), (b'Expires', b'Wed, 24 Sep 2025 05:02:34 GMT'), (b'Vary', b'*'), (b'X-Content-Type-Options', b'nosniff'), (b'OData-Version', b'4.0;'), (b'X-AspNet-Version', b'4.0.30319'), (b'X-Powered-By', b'ASP.NET')])
2025-09-24 10:31:34,187 - httpx - INFO - _send_single_request:1740 - HTTP Request: GET https://services.odata.org/V4/Northwind/Northwind.svc/Invoices?%24skip=1500&%24top=1500 "HTTP/1.1 200 OK"
2025-09-24 10:31:34,187 - httpcore.http11 - DEBUG - atrace:87 - receive_response_body.started request=<Request [b'GET']>
2025-09-24 10:31:34,190 - httpcore.http11 - DEBUG - atrace:87 - receive_response_body.complete
2025-09-24 10:31:34,190 - httpcore.http11 - DEBUG - atrace:87 - response_closed.started
2025-09-24 10:31:34,190 - httpcore.http11 - DEBUG - atrace:87 - response_closed.complete
2025-09-24 10:31:34,193 - workers.proxy_pool - INFO - _make_http_request:250 - [2m2025-09-24T05:01:34.193782Z[0m [[32m[1minfo     [0m] [1m📊 Worker successfully fetched data[0m [[0m[1m[34mworkers.proxy_pool[0m][0m [36mactual_records_added[0m=[35m500[0m [36mcommand_id[0m=[35mInvoices_page_2[0m [36mentity[0m=[35mInvoices[0m [36mentity_total_fetched[0m=[35m1000[0m [36mglobal_total_fetched[0m=[35m3497[0m [36mhas_next_page[0m=[35mTrue[0m [36mrecords_in_response[0m=[35m500[0m [36mworker_id[0m=[35mworker_1[0m
2025-09-24 10:31:34,193 - workers.proxy_pool - INFO - execute:110 - [2m2025-09-24T05:01:34.193782Z[0m [[32m[1minfo     [0m] [1m✅ Worker completed command successfully[0m [[0m[1m[34mworkers.proxy_pool[0m][0m [36mcommand_id[0m=[35mInvoices_page_2[0m [36mentity[0m=[35mInvoices[0m [36mexecution_time_seconds[0m=[35m0.44[0m [36mhas_next_page[0m=[35mTrue[0m [36mrecords_fetched[0m=[35m500[0m [36mworker_id[0m=[35mworker_1[0m
2025-09-24 10:31:34,195 - workers.proxy_pool - INFO - _worker_loop:460 - [2m2025-09-24T05:01:34.193782Z[0m [[32m[1minfo     [0m] [1m📋 Worker picked up command from queue[0m [[0m[1m[34mworkers.proxy_pool[0m][0m [36mcommand_id[0m=[35mSummary_of_Sales_by_Years_page_next_1500[0m [36mentity[0m=[35mSummary_of_Sales_by_Years[0m [36mqueue_size_after_pickup[0m=[35m11[0m [36mworker_id[0m=[35mworker_1[0m [36mworker_status[0m=[35mPROCESSING[0m
2025-09-24 10:31:34,195 - workers.proxy_pool - INFO - execute:59 - [2m2025-09-24T05:01:34.195815Z[0m [[32m[1minfo     [0m] [1m🚀 Worker starting command execution[0m [[0m[1m[34mworkers.proxy_pool[0m][0m [36mcommand_id[0m=[35mSummary_of_Sales_by_Years_page_next_1500[0m [36mcommand_type[0m=[35mfetch_page[0m [36mentity[0m=[35mSummary_of_Sales_by_Years[0m [36mpriority[0m=[35m1[0m [36mretry_count[0m=[35m0[0m [36mskip[0m=[35m1500[0m [36mtop[0m=[35m1500[0m [36mworker_id[0m=[35mworker_1[0m
2025-09-24 10:31:34,195 - workers.proxy_pool - INFO - execute:82 - [2m2025-09-24T05:01:34.195815Z[0m [[32m[1minfo     [0m] [1m🔄 Worker executing request with resilience patterns[0m [[0m[1m[34mworkers.proxy_pool[0m][0m [36mcircuit_breaker_state[0m=[35mclosed[0m [36mcommand_id[0m=[35mSummary_of_Sales_by_Years_page_next_1500[0m [36mworker_id[0m=[35mworker_1[0m
2025-09-24 10:31:34,195 - planning.record_tracker - INFO - calculate_optimal_batch_size:206 - [2m2025-09-24T05:01:34.195815Z[0m [[32m[1minfo     [0m] [1mAdjusted batch size to prevent overfetching[0m [[0m[1m[34mplanning.record_tracker[0m][0m [36mdefault_size[0m=[35m1500[0m [36mentity[0m=[35mSummary_of_Sales_by_Years[0m [36moptimal_size[0m=[35m709[0m [36mremaining_records[0m=[35m709[0m
2025-09-24 10:31:34,195 - workers.proxy_pool - INFO - _make_http_request:177 - [2m2025-09-24T05:01:34.195815Z[0m [[32m[1minfo     [0m] [1m📏 Adjusted batch size for optimal fetching[0m [[0m[1m[34mworkers.proxy_pool[0m][0m [36mcommand_id[0m=[35mSummary_of_Sales_by_Years_page_next_1500[0m [36mentity[0m=[35mSummary_of_Sales_by_Years[0m [36moptimal_top[0m=[35m709[0m [36moriginal_top[0m=[35m1500[0m [36mworker_id[0m=[35mworker_1[0m
2025-09-24 10:31:34,197 - storage.transformer - INFO - transform_odata_response:62 - [2m2025-09-24T05:01:34.197845Z[0m [[32m[1minfo     [0m] [1mStarting transformation       [0m [[0m[1m[34mstorage.transformer[0m][0m [36mentity_name[0m=[35mInvoices[0m [36mresponse_keys[0m=[35m['@odata.context', 'value', '@odata.nextLink'][0m
2025-09-24 10:31:34,207 - storage.transformer - INFO - transform_odata_response:101 - [2m2025-09-24T05:01:34.207173Z[0m [[32m[1minfo     [0m] [1mTransformation completed      [0m [[0m[1m[34mstorage.transformer[0m][0m [36mentity_name[0m=[35mInvoices[0m [36minput_records[0m=[35m500[0m [36moutput_records[0m=[35m500[0m [36mtransformation_time_seconds[0m=[35m0.0[0m
2025-09-24 10:31:34,207 - storage.local_storage - INFO - store_processed_records:145 - [2m2025-09-24T05:01:34.207173Z[0m [[32m[1minfo     [0m] [1mStoring processed records     [0m [[0m[1m[34mstorage.local_storage[0m][0m [36mentity_name[0m=[35mInvoices[0m [36mformat[0m=[35mjson[0m [36mrecord_count[0m=[35m500[0m
2025-09-24 10:31:34,207 - storage.local_storage - INFO - store_processed_records:160 - [2m2025-09-24T05:01:34.207173Z[0m [[32m[1minfo     [0m] [1mSuccessfully stored processed records[0m [[0m[1m[34mstorage.local_storage[0m][0m [36mentity_name[0m=[35mInvoices[0m [36mfile_path[0m=[35m./test_output/processed\Invoices_20250924_050134.json[0m [36mrecord_count[0m=[35m500[0m [36mstorage_time_seconds[0m=[35m0.0[0m
2025-09-24 10:31:34,218 - storage.local_storage - INFO - store_raw_response:89 - [2m2025-09-24T05:01:34.218533Z[0m [[32m[1minfo     [0m] [1mSuccessfully stored raw data  [0m [[0m[1m[34mstorage.local_storage[0m][0m [36mentity_name[0m=[35mInvoices[0m [36mfile_path[0m=[35m./test_output/raw\Invoices\2025/09/24\05\Invoices_page_2.json[0m [36msize_bytes[0m=[35m453355[0m [36mstorage_time_seconds[0m=[35m0.0[0m
2025-09-24 10:31:34,219 - httpcore.http11 - DEBUG - atrace:87 - send_request_headers.started request=<Request [b'GET']>
2025-09-24 10:31:34,222 - httpcore.http11 - DEBUG - atrace:87 - send_request_headers.complete
2025-09-24 10:31:34,222 - httpcore.http11 - DEBUG - atrace:87 - send_request_body.started request=<Request [b'GET']>
2025-09-24 10:31:34,222 - httpcore.http11 - DEBUG - atrace:87 - send_request_body.complete
2025-09-24 10:31:34,222 - httpcore.http11 - DEBUG - atrace:87 - receive_response_headers.started request=<Request [b'GET']>
2025-09-24 10:31:34,269 - httpcore.http11 - DEBUG - atrace:87 - receive_response_headers.complete return_value=(b'HTTP/1.1', 200, b'OK', [(b'Content-Length', b'6233'), (b'Content-Type', b'application/json;odata.metadata=minimal;odata.streaming=true;IEEE754Compatible=false;charset=utf-8'), (b'Date', b'Wed, 24 Sep 2025 05:01:34 GMT'), (b'Server', b'Microsoft-IIS/10.0'), (b'Access-Control-Allow-Headers', b'Accept, Origin, Content-Type, MaxDataServiceVersion'), (b'Access-Control-Allow-Methods', b'GET'), (b'Access-Control-Allow-Origin', b'*'), (b'Access-Control-Expose-Headers', b'DataServiceVersion'), (b'Cache-Control', b'private'), (b'Content-Encoding', b'gzip'), (b'Expires', b'Wed, 24 Sep 2025 05:02:34 GMT'), (b'Vary', b'*'), (b'X-Content-Type-Options', b'nosniff'), (b'OData-Version', b'4.0;'), (b'X-AspNet-Version', b'4.0.30319'), (b'X-Powered-By', b'ASP.NET')])
2025-09-24 10:31:34,269 - httpx - INFO - _send_single_request:1740 - HTTP Request: GET https://services.odata.org/V4/Northwind/Northwind.svc/Order_Details?%24skip=1500&%24top=1155 "HTTP/1.1 200 OK"
2025-09-24 10:31:34,269 - httpcore.http11 - DEBUG - atrace:87 - receive_response_body.started request=<Request [b'GET']>
2025-09-24 10:31:34,269 - httpcore.http11 - DEBUG - atrace:87 - receive_response_body.complete
2025-09-24 10:31:34,269 - httpcore.http11 - DEBUG - atrace:87 - response_closed.started
2025-09-24 10:31:34,269 - httpcore.http11 - DEBUG - atrace:87 - response_closed.complete
2025-09-24 10:31:34,269 - planning.record_tracker - WARNING - add_page_records:27 - [2m2025-09-24T05:01:34.269021Z[0m [[33m[1mwarning  [0m] [1mPage already completed        [0m [[0m[1m[34mplanning.record_tracker[0m][0m [36mentity[0m=[35mOrder_Details[0m [36mpage[0m=[35m2[0m
2025-09-24 10:31:34,269 - workers.proxy_pool - INFO - _make_http_request:250 - [2m2025-09-24T05:01:34.269021Z[0m [[32m[1minfo     [0m] [1m📊 Worker successfully fetched data[0m [[0m[1m[34mworkers.proxy_pool[0m][0m [36mactual_records_added[0m=[35m500[0m [36mcommand_id[0m=[35mOrder_Details_page_next_1500[0m [36mentity[0m=[35mOrder_Details[0m [36mentity_total_fetched[0m=[35m1000[0m [36mglobal_total_fetched[0m=[35m3997[0m [36mhas_next_page[0m=[35mTrue[0m [36mrecords_in_response[0m=[35m500[0m [36mworker_id[0m=[35mworker_0[0m
2025-09-24 10:31:34,269 - workers.proxy_pool - INFO - execute:110 - [2m2025-09-24T05:01:34.269021Z[0m [[32m[1minfo     [0m] [1m✅ Worker completed command successfully[0m [[0m[1m[34mworkers.proxy_pool[0m][0m [36mcommand_id[0m=[35mOrder_Details_page_next_1500[0m [36mentity[0m=[35mOrder_Details[0m [36mexecution_time_seconds[0m=[35m0.33[0m [36mhas_next_page[0m=[35mTrue[0m [36mrecords_fetched[0m=[35m500[0m [36mworker_id[0m=[35mworker_0[0m
2025-09-24 10:31:34,269 - workers.proxy_pool - INFO - _worker_loop:460 - [2m2025-09-24T05:01:34.269021Z[0m [[32m[1minfo     [0m] [1m📋 Worker picked up command from queue[0m [[0m[1m[34mworkers.proxy_pool[0m][0m [36mcommand_id[0m=[35mCustomer_and_Suppliers_by_Cities_page_next_1500[0m [36mentity[0m=[35mCustomer_and_Suppliers_by_Cities[0m [36mqueue_size_after_pickup[0m=[35m11[0m [36mworker_id[0m=[35mworker_0[0m [36mworker_status[0m=[35mPROCESSING[0m
2025-09-24 10:31:34,269 - workers.proxy_pool - INFO - execute:59 - [2m2025-09-24T05:01:34.269021Z[0m [[32m[1minfo     [0m] [1m🚀 Worker starting command execution[0m [[0m[1m[34mworkers.proxy_pool[0m][0m [36mcommand_id[0m=[35mCustomer_and_Suppliers_by_Cities_page_next_1500[0m [36mcommand_type[0m=[35mfetch_page[0m [36mentity[0m=[35mCustomer_and_Suppliers_by_Cities[0m [36mpriority[0m=[35m1[0m [36mretry_count[0m=[35m0[0m [36mskip[0m=[35m1500[0m [36mtop[0m=[35m1500[0m [36mworker_id[0m=[35mworker_0[0m
2025-09-24 10:31:34,269 - workers.proxy_pool - INFO - execute:82 - [2m2025-09-24T05:01:34.269021Z[0m [[32m[1minfo     [0m] [1m🔄 Worker executing request with resilience patterns[0m [[0m[1m[34mworkers.proxy_pool[0m][0m [36mcircuit_breaker_state[0m=[35mclosed[0m [36mcommand_id[0m=[35mCustomer_and_Suppliers_by_Cities_page_next_1500[0m [36mworker_id[0m=[35mworker_0[0m
2025-09-24 10:31:34,269 - planning.record_tracker - INFO - calculate_optimal_batch_size:206 - [2m2025-09-24T05:01:34.269021Z[0m [[32m[1minfo     [0m] [1mAdjusted batch size to prevent overfetching[0m [[0m[1m[34mplanning.record_tracker[0m][0m [36mdefault_size[0m=[35m1500[0m [36mentity[0m=[35mCustomer_and_Suppliers_by_Cities[0m [36moptimal_size[0m=[35m20[0m [36mremaining_records[0m=[35m20[0m
2025-09-24 10:31:34,269 - workers.proxy_pool - INFO - _make_http_request:177 - [2m2025-09-24T05:01:34.269021Z[0m [[32m[1minfo     [0m] [1m📏 Adjusted batch size for optimal fetching[0m [[0m[1m[34mworkers.proxy_pool[0m][0m [36mcommand_id[0m=[35mCustomer_and_Suppliers_by_Cities_page_next_1500[0m [36mentity[0m=[35mCustomer_and_Suppliers_by_Cities[0m [36moptimal_top[0m=[35m20[0m [36moriginal_top[0m=[35m1500[0m [36mworker_id[0m=[35mworker_0[0m
2025-09-24 10:31:34,269 - storage.transformer - INFO - transform_odata_response:62 - [2m2025-09-24T05:01:34.269021Z[0m [[32m[1minfo     [0m] [1mStarting transformation       [0m [[0m[1m[34mstorage.transformer[0m][0m [36mentity_name[0m=[35mOrder_Details[0m [36mresponse_keys[0m=[35m['@odata.context', 'value', '@odata.nextLink'][0m
2025-09-24 10:31:34,269 - storage.transformer - INFO - transform_odata_response:101 - [2m2025-09-24T05:01:34.269021Z[0m [[32m[1minfo     [0m] [1mTransformation completed      [0m [[0m[1m[34mstorage.transformer[0m][0m [36mentity_name[0m=[35mOrder_Details[0m [36minput_records[0m=[35m500[0m [36moutput_records[0m=[35m500[0m [36mtransformation_time_seconds[0m=[35m0.0[0m
2025-09-24 10:31:34,269 - storage.local_storage - INFO - store_processed_records:145 - [2m2025-09-24T05:01:34.269021Z[0m [[32m[1minfo     [0m] [1mStoring processed records     [0m [[0m[1m[34mstorage.local_storage[0m][0m [36mentity_name[0m=[35mOrder_Details[0m [36mformat[0m=[35mjson[0m [36mrecord_count[0m=[35m500[0m
2025-09-24 10:31:34,269 - storage.local_storage - INFO - store_processed_records:160 - [2m2025-09-24T05:01:34.269021Z[0m [[32m[1minfo     [0m] [1mSuccessfully stored processed records[0m [[0m[1m[34mstorage.local_storage[0m][0m [36mentity_name[0m=[35mOrder_Details[0m [36mfile_path[0m=[35m./test_output/processed\Order_Details_20250924_050134.json[0m [36mrecord_count[0m=[35m500[0m [36mstorage_time_seconds[0m=[35m0.0[0m
2025-09-24 10:31:34,288 - storage.local_storage - INFO - store_raw_response:89 - [2m2025-09-24T05:01:34.288024Z[0m [[32m[1minfo     [0m] [1mSuccessfully stored raw data  [0m [[0m[1m[34mstorage.local_storage[0m][0m [36mentity_name[0m=[35mOrder_Details[0m [36mfile_path[0m=[35m./test_output/raw\Order_Details\2025/09/24\05\Order_Details_page_next_1500.json[0m [36msize_bytes[0m=[35m71197[0m [36mstorage_time_seconds[0m=[35m0.0[0m
2025-09-24 10:31:34,288 - httpcore.http11 - DEBUG - atrace:87 - send_request_headers.started request=<Request [b'GET']>
2025-09-24 10:31:34,288 - httpcore.http11 - DEBUG - atrace:87 - send_request_headers.complete
2025-09-24 10:31:34,288 - httpcore.http11 - DEBUG - atrace:87 - send_request_body.started request=<Request [b'GET']>
2025-09-24 10:31:34,291 - httpcore.http11 - DEBUG - atrace:87 - send_request_body.complete
2025-09-24 10:31:34,291 - httpcore.http11 - DEBUG - atrace:87 - receive_response_headers.started request=<Request [b'GET']>
2025-09-24 10:31:34,419 - httpcore.http11 - DEBUG - atrace:87 - receive_response_body.complete
2025-09-24 10:31:34,419 - httpcore.http11 - DEBUG - atrace:87 - response_closed.started
2025-09-24 10:31:34,419 - httpcore.http11 - DEBUG - atrace:87 - response_closed.complete
2025-09-24 10:31:34,419 - planning.record_tracker - INFO - add_page_records:38 - [2m2025-09-24T05:01:34.419112Z[0m [[32m[1minfo     [0m] [1m✅ Entity record fetching complete[0m [[0m[1m[34mplanning.record_tracker[0m][0m [36mentity[0m=[35mEmployees[0m [36mfetched[0m=[35m9[0m [36mtarget[0m=[35m9[0m
2025-09-24 10:31:34,419 - workers.proxy_pool - INFO - _make_http_request:243 - [2m2025-09-24T05:01:34.419112Z[0m [[32m[1minfo     [0m] [1m🎯 Stopping pagination due to record limits[0m [[0m[1m[34mworkers.proxy_pool[0m][0m [36mcommand_id[0m=[35mEmployees_page_1[0m [36mentity[0m=[35mEmployees[0m [36mentity_complete[0m=[35mTrue[0m [36mglobal_limit_reached[0m=[35mNone[0m [36mworker_id[0m=[35mworker_2[0m
2025-09-24 10:31:34,419 - workers.proxy_pool - INFO - _make_http_request:250 - [2m2025-09-24T05:01:34.419112Z[0m [[32m[1minfo     [0m] [1m📊 Worker successfully fetched data[0m [[0m[1m[34mworkers.proxy_pool[0m][0m [36mactual_records_added[0m=[35m9[0m [36mcommand_id[0m=[35mEmployees_page_1[0m [36mentity[0m=[35mEmployees[0m [36mentity_total_fetched[0m=[35m9[0m [36mglobal_total_fetched[0m=[35m4006[0m [36mhas_next_page[0m=[35mFalse[0m [36mrecords_in_response[0m=[35m9[0m [36mworker_id[0m=[35mworker_2[0m
2025-09-24 10:31:34,419 - workers.proxy_pool - INFO - execute:110 - [2m2025-09-24T05:01:34.419112Z[0m [[32m[1minfo     [0m] [1m✅ Worker completed command successfully[0m [[0m[1m[34mworkers.proxy_pool[0m][0m [36mcommand_id[0m=[35mEmployees_page_1[0m [36mentity[0m=[35mEmployees[0m [36mexecution_time_seconds[0m=[35m2.41[0m [36mhas_next_page[0m=[35mFalse[0m [36mrecords_fetched[0m=[35m9[0m [36mworker_id[0m=[35mworker_2[0m
2025-09-24 10:31:34,419 - workers.proxy_pool - INFO - _worker_loop:460 - [2m2025-09-24T05:01:34.419112Z[0m [[32m[1minfo     [0m] [1m📋 Worker picked up command from queue[0m [[0m[1m[34mworkers.proxy_pool[0m][0m [36mcommand_id[0m=[35mOrder_Details_page_next_3000[0m [36mentity[0m=[35mOrder_Details[0m [36mqueue_size_after_pickup[0m=[35m11[0m [36mworker_id[0m=[35mworker_2[0m [36mworker_status[0m=[35mPROCESSING[0m
2025-09-24 10:31:34,419 - workers.proxy_pool - INFO - execute:59 - [2m2025-09-24T05:01:34.419112Z[0m [[32m[1minfo     [0m] [1m🚀 Worker starting command execution[0m [[0m[1m[34mworkers.proxy_pool[0m][0m [36mcommand_id[0m=[35mOrder_Details_page_next_3000[0m [36mcommand_type[0m=[35mfetch_page[0m [36mentity[0m=[35mOrder_Details[0m [36mpriority[0m=[35m1[0m [36mretry_count[0m=[35m0[0m [36mskip[0m=[35m3000[0m [36mtop[0m=[35m1500[0m [36mworker_id[0m=[35mworker_2[0m
2025-09-24 10:31:34,419 - workers.proxy_pool - INFO - execute:82 - [2m2025-09-24T05:01:34.419112Z[0m [[32m[1minfo     [0m] [1m🔄 Worker executing request with resilience patterns[0m [[0m[1m[34mworkers.proxy_pool[0m][0m [36mcircuit_breaker_state[0m=[35mclosed[0m [36mcommand_id[0m=[35mOrder_Details_page_next_3000[0m [36mworker_id[0m=[35mworker_2[0m
2025-09-24 10:31:34,419 - planning.record_tracker - INFO - calculate_optimal_batch_size:206 - [2m2025-09-24T05:01:34.419112Z[0m [[32m[1minfo     [0m] [1mAdjusted batch size to prevent overfetching[0m [[0m[1m[34mplanning.record_tracker[0m][0m [36mdefault_size[0m=[35m1500[0m [36mentity[0m=[35mOrder_Details[0m [36moptimal_size[0m=[35m1155[0m [36mremaining_records[0m=[35m1155[0m
2025-09-24 10:31:34,419 - workers.proxy_pool - INFO - _make_http_request:177 - [2m2025-09-24T05:01:34.419112Z[0m [[32m[1minfo     [0m] [1m📏 Adjusted batch size for optimal fetching[0m [[0m[1m[34mworkers.proxy_pool[0m][0m [36mcommand_id[0m=[35mOrder_Details_page_next_3000[0m [36mentity[0m=[35mOrder_Details[0m [36moptimal_top[0m=[35m1155[0m [36moriginal_top[0m=[35m1500[0m [36mworker_id[0m=[35mworker_2[0m
2025-09-24 10:31:34,419 - storage.transformer - INFO - transform_odata_response:62 - [2m2025-09-24T05:01:34.419112Z[0m [[32m[1minfo     [0m] [1mStarting transformation       [0m [[0m[1m[34mstorage.transformer[0m][0m [36mentity_name[0m=[35mEmployees[0m [36mresponse_keys[0m=[35m['@odata.context', 'value'][0m
2025-09-24 10:31:34,419 - storage.transformer - INFO - transform_odata_response:101 - [2m2025-09-24T05:01:34.419112Z[0m [[32m[1minfo     [0m] [1mTransformation completed      [0m [[0m[1m[34mstorage.transformer[0m][0m [36mentity_name[0m=[35mEmployees[0m [36minput_records[0m=[35m9[0m [36moutput_records[0m=[35m9[0m [36mtransformation_time_seconds[0m=[35m0.0[0m
2025-09-24 10:31:34,419 - storage.local_storage - INFO - store_processed_records:145 - [2m2025-09-24T05:01:34.419112Z[0m [[32m[1minfo     [0m] [1mStoring processed records     [0m [[0m[1m[34mstorage.local_storage[0m][0m [36mentity_name[0m=[35mEmployees[0m [36mformat[0m=[35mjson[0m [36mrecord_count[0m=[35m9[0m
2025-09-24 10:31:34,419 - storage.local_storage - INFO - store_processed_records:160 - [2m2025-09-24T05:01:34.419112Z[0m [[32m[1minfo     [0m] [1mSuccessfully stored processed records[0m [[0m[1m[34mstorage.local_storage[0m][0m [36mentity_name[0m=[35mEmployees[0m [36mfile_path[0m=[35m./test_output/processed\Employees_20250924_050134.json[0m [36mrecord_count[0m=[35m9[0m [36mstorage_time_seconds[0m=[35m0.0[0m
2025-09-24 10:31:34,419 - storage.local_storage - INFO - store_raw_response:89 - [2m2025-09-24T05:01:34.419112Z[0m [[32m[1minfo     [0m] [1mSuccessfully stored raw data  [0m [[0m[1m[34mstorage.local_storage[0m][0m [36mentity_name[0m=[35mEmployees[0m [36mfile_path[0m=[35m./test_output/raw\Employees\2025/09/24\05\Employees_page_1.json[0m [36msize_bytes[0m=[35m268167[0m [36mstorage_time_seconds[0m=[35m0.0[0m
2025-09-24 10:31:34,419 - httpcore.http11 - DEBUG - atrace:87 - send_request_headers.started request=<Request [b'GET']>
2025-09-24 10:31:34,419 - httpcore.http11 - DEBUG - atrace:87 - send_request_headers.complete
2025-09-24 10:31:34,419 - httpcore.http11 - DEBUG - atrace:87 - send_request_body.started request=<Request [b'GET']>
2025-09-24 10:31:34,419 - httpcore.http11 - DEBUG - atrace:87 - send_request_body.complete
2025-09-24 10:31:34,419 - httpcore.http11 - DEBUG - atrace:87 - receive_response_headers.started request=<Request [b'GET']>
2025-09-24 10:31:34,487 - httpcore.http11 - DEBUG - atrace:87 - receive_response_headers.complete return_value=(b'HTTP/1.1', 200, b'OK', [(b'Content-Length', b'224'), (b'Content-Type', b'application/json;odata.metadata=minimal;odata.streaming=true;IEEE754Compatible=false;charset=utf-8'), (b'Date', b'Wed, 24 Sep 2025 05:01:34 GMT'), (b'Server', b'Microsoft-IIS/10.0'), (b'Access-Control-Allow-Headers', b'Accept, Origin, Content-Type, MaxDataServiceVersion'), (b'Access-Control-Allow-Methods', b'GET'), (b'Access-Control-Allow-Origin', b'*'), (b'Access-Control-Expose-Headers', b'DataServiceVersion'), (b'Cache-Control', b'private'), (b'Content-Encoding', b'gzip'), (b'Expires', b'Wed, 24 Sep 2025 05:02:34 GMT'), (b'Vary', b'*'), (b'X-Content-Type-Options', b'nosniff'), (b'OData-Version', b'4.0;'), (b'X-AspNet-Version', b'4.0.30319'), (b'X-Powered-By', b'ASP.NET')])
2025-09-24 10:31:34,487 - httpx - INFO - _send_single_request:1740 - HTTP Request: GET https://services.odata.org/V4/Northwind/Northwind.svc/Summary_of_Sales_by_Years?%24skip=1500&%24top=709 "HTTP/1.1 200 OK"
2025-09-24 10:31:34,487 - httpcore.http11 - DEBUG - atrace:87 - receive_response_body.started request=<Request [b'GET']>
2025-09-24 10:31:34,487 - httpcore.http11 - DEBUG - atrace:87 - receive_response_body.complete
2025-09-24 10:31:34,487 - httpcore.http11 - DEBUG - atrace:87 - response_closed.started
2025-09-24 10:31:34,487 - httpcore.http11 - DEBUG - atrace:87 - response_closed.complete
2025-09-24 10:31:34,487 - workers.proxy_pool - INFO - _make_http_request:250 - [2m2025-09-24T05:01:34.487897Z[0m [[32m[1minfo     [0m] [1m📊 Worker successfully fetched data[0m [[0m[1m[34mworkers.proxy_pool[0m][0m [36mactual_records_added[0m=[35m0[0m [36mcommand_id[0m=[35mSummary_of_Sales_by_Years_page_next_1500[0m [36mentity[0m=[35mSummary_of_Sales_by_Years[0m [36mentity_total_fetched[0m=[35m100[0m [36mglobal_total_fetched[0m=[35m4006[0m [36mhas_next_page[0m=[35mFalse[0m [36mrecords_in_response[0m=[35m0[0m [36mworker_id[0m=[35mworker_1[0m
2025-09-24 10:31:34,487 - workers.proxy_pool - INFO - execute:110 - [2m2025-09-24T05:01:34.487897Z[0m [[32m[1minfo     [0m] [1m✅ Worker completed command successfully[0m [[0m[1m[34mworkers.proxy_pool[0m][0m [36mcommand_id[0m=[35mSummary_of_Sales_by_Years_page_next_1500[0m [36mentity[0m=[35mSummary_of_Sales_by_Years[0m [36mexecution_time_seconds[0m=[35m0.28[0m [36mhas_next_page[0m=[35mFalse[0m [36mrecords_fetched[0m=[35m0[0m [36mworker_id[0m=[35mworker_1[0m
2025-09-24 10:31:34,487 - workers.proxy_pool - INFO - _worker_loop:460 - [2m2025-09-24T05:01:34.487897Z[0m [[32m[1minfo     [0m] [1m📋 Worker picked up command from queue[0m [[0m[1m[34mworkers.proxy_pool[0m][0m [36mcommand_id[0m=[35mProducts_page_next_1500[0m [36mentity[0m=[35mProducts[0m [36mqueue_size_after_pickup[0m=[35m10[0m [36mworker_id[0m=[35mworker_1[0m [36mworker_status[0m=[35mPROCESSING[0m
2025-09-24 10:31:34,487 - workers.proxy_pool - INFO - execute:59 - [2m2025-09-24T05:01:34.487897Z[0m [[32m[1minfo     [0m] [1m🚀 Worker starting command execution[0m [[0m[1m[34mworkers.proxy_pool[0m][0m [36mcommand_id[0m=[35mProducts_page_next_1500[0m [36mcommand_type[0m=[35mfetch_page[0m [36mentity[0m=[35mProducts[0m [36mpriority[0m=[35m1[0m [36mretry_count[0m=[35m0[0m [36mskip[0m=[35m1500[0m [36mtop[0m=[35m1500[0m [36mworker_id[0m=[35mworker_1[0m
2025-09-24 10:31:34,487 - workers.proxy_pool - INFO - execute:82 - [2m2025-09-24T05:01:34.487897Z[0m [[32m[1minfo     [0m] [1m🔄 Worker executing request with resilience patterns[0m [[0m[1m[34mworkers.proxy_pool[0m][0m [36mcircuit_breaker_state[0m=[35mclosed[0m [36mcommand_id[0m=[35mProducts_page_next_1500[0m [36mworker_id[0m=[35mworker_1[0m
2025-09-24 10:31:34,487 - planning.record_tracker - INFO - calculate_optimal_batch_size:206 - [2m2025-09-24T05:01:34.487897Z[0m [[32m[1minfo     [0m] [1mAdjusted batch size to prevent overfetching[0m [[0m[1m[34mplanning.record_tracker[0m][0m [36mdefault_size[0m=[35m1500[0m [36mentity[0m=[35mProducts[0m [36moptimal_size[0m=[35m57[0m [36mremaining_records[0m=[35m57[0m
2025-09-24 10:31:34,492 - workers.proxy_pool - INFO - _make_http_request:177 - [2m2025-09-24T05:01:34.492090Z[0m [[32m[1minfo     [0m] [1m📏 Adjusted batch size for optimal fetching[0m [[0m[1m[34mworkers.proxy_pool[0m][0m [36mcommand_id[0m=[35mProducts_page_next_1500[0m [36mentity[0m=[35mProducts[0m [36moptimal_top[0m=[35m57[0m [36moriginal_top[0m=[35m1500[0m [36mworker_id[0m=[35mworker_1[0m
2025-09-24 10:31:34,492 - storage.transformer - INFO - transform_odata_response:62 - [2m2025-09-24T05:01:34.492090Z[0m [[32m[1minfo     [0m] [1mStarting transformation       [0m [[0m[1m[34mstorage.transformer[0m][0m [36mentity_name[0m=[35mSummary_of_Sales_by_Years[0m [36mresponse_keys[0m=[35m['@odata.context', 'value'][0m
2025-09-24 10:31:34,492 - storage.transformer - INFO - transform_odata_response:101 - [2m2025-09-24T05:01:34.492090Z[0m [[32m[1minfo     [0m] [1mTransformation completed      [0m [[0m[1m[34mstorage.transformer[0m][0m [36mentity_name[0m=[35mSummary_of_Sales_by_Years[0m [36minput_records[0m=[35m0[0m [36moutput_records[0m=[35m0[0m [36mtransformation_time_seconds[0m=[35m0.0[0m
2025-09-24 10:31:34,492 - httpcore.http11 - DEBUG - atrace:87 - send_request_headers.started request=<Request [b'GET']>
2025-09-24 10:31:34,492 - httpcore.http11 - DEBUG - atrace:87 - send_request_headers.complete
2025-09-24 10:31:34,492 - httpcore.http11 - DEBUG - atrace:87 - send_request_body.started request=<Request [b'GET']>
2025-09-24 10:31:34,492 - httpcore.http11 - DEBUG - atrace:87 - send_request_body.complete
2025-09-24 10:31:34,492 - httpcore.http11 - DEBUG - atrace:87 - receive_response_headers.started request=<Request [b'GET']>
2025-09-24 10:31:34,553 - httpcore.http11 - DEBUG - atrace:87 - receive_response_headers.complete return_value=(b'HTTP/1.1', 200, b'OK', [(b'Content-Length', b'228'), (b'Content-Type', b'application/json;odata.metadata=minimal;odata.streaming=true;IEEE754Compatible=false;charset=utf-8'), (b'Date', b'Wed, 24 Sep 2025 05:01:34 GMT'), (b'Server', b'Microsoft-IIS/10.0'), (b'Access-Control-Allow-Headers', b'Accept, Origin, Content-Type, MaxDataServiceVersion'), (b'Access-Control-Allow-Methods', b'GET'), (b'Access-Control-Allow-Origin', b'*'), (b'Access-Control-Expose-Headers', b'DataServiceVersion'), (b'Cache-Control', b'private'), (b'Content-Encoding', b'gzip'), (b'Expires', b'Wed, 24 Sep 2025 05:02:35 GMT'), (b'Vary', b'*'), (b'X-Content-Type-Options', b'nosniff'), (b'OData-Version', b'4.0;'), (b'X-AspNet-Version', b'4.0.30319'), (b'X-Powered-By', b'ASP.NET')])
2025-09-24 10:31:34,553 - httpx - INFO - _send_single_request:1740 - HTTP Request: GET https://services.odata.org/V4/Northwind/Northwind.svc/Customer_and_Suppliers_by_Cities?%24skip=1500&%24top=20 "HTTP/1.1 200 OK"
2025-09-24 10:31:34,553 - httpcore.http11 - DEBUG - atrace:87 - receive_response_body.started request=<Request [b'GET']>
2025-09-24 10:31:34,553 - httpcore.http11 - DEBUG - atrace:87 - receive_response_body.complete
2025-09-24 10:31:34,553 - httpcore.http11 - DEBUG - atrace:87 - response_closed.started
2025-09-24 10:31:34,553 - httpcore.http11 - DEBUG - atrace:87 - response_closed.complete
2025-09-24 10:31:34,553 - workers.proxy_pool - INFO - _make_http_request:250 - [2m2025-09-24T05:01:34.553297Z[0m [[32m[1minfo     [0m] [1m📊 Worker successfully fetched data[0m [[0m[1m[34mworkers.proxy_pool[0m][0m [36mactual_records_added[0m=[35m0[0m [36mcommand_id[0m=[35mCustomer_and_Suppliers_by_Cities_page_next_1500[0m [36mentity[0m=[35mCustomer_and_Suppliers_by_Cities[0m [36mentity_total_fetched[0m=[35m100[0m [36mglobal_total_fetched[0m=[35m4006[0m [36mhas_next_page[0m=[35mFalse[0m [36mrecords_in_response[0m=[35m0[0m [36mworker_id[0m=[35mworker_0[0m
2025-09-24 10:31:34,566 - workers.proxy_pool - INFO - execute:110 - [2m2025-09-24T05:01:34.566324Z[0m [[32m[1minfo     [0m] [1m✅ Worker completed command successfully[0m [[0m[1m[34mworkers.proxy_pool[0m][0m [36mcommand_id[0m=[35mCustomer_and_Suppliers_by_Cities_page_next_1500[0m [36mentity[0m=[35mCustomer_and_Suppliers_by_Cities[0m [36mexecution_time_seconds[0m=[35m0.3[0m [36mhas_next_page[0m=[35mFalse[0m [36mrecords_fetched[0m=[35m0[0m [36mworker_id[0m=[35mworker_0[0m
2025-09-24 10:31:34,566 - workers.proxy_pool - INFO - _worker_loop:460 - [2m2025-09-24T05:01:34.566964Z[0m [[32m[1minfo     [0m] [1m📋 Worker picked up command from queue[0m [[0m[1m[34mworkers.proxy_pool[0m][0m [36mcommand_id[0m=[35mSummary_of_Sales_by_Quarters_page_next_1500[0m [36mentity[0m=[35mSummary_of_Sales_by_Quarters[0m [36mqueue_size_after_pickup[0m=[35m9[0m [36mworker_id[0m=[35mworker_0[0m [36mworker_status[0m=[35mPROCESSING[0m
2025-09-24 10:31:34,568 - workers.proxy_pool - INFO - execute:59 - [2m2025-09-24T05:01:34.568030Z[0m [[32m[1minfo     [0m] [1m🚀 Worker starting command execution[0m [[0m[1m[34mworkers.proxy_pool[0m][0m [36mcommand_id[0m=[35mSummary_of_Sales_by_Quarters_page_next_1500[0m [36mcommand_type[0m=[35mfetch_page[0m [36mentity[0m=[35mSummary_of_Sales_by_Quarters[0m [36mpriority[0m=[35m1[0m [36mretry_count[0m=[35m0[0m [36mskip[0m=[35m1500[0m [36mtop[0m=[35m1500[0m [36mworker_id[0m=[35mworker_0[0m
2025-09-24 10:31:34,569 - workers.proxy_pool - INFO - execute:82 - [2m2025-09-24T05:01:34.569311Z[0m [[32m[1minfo     [0m] [1m🔄 Worker executing request with resilience patterns[0m [[0m[1m[34mworkers.proxy_pool[0m][0m [36mcircuit_breaker_state[0m=[35mclosed[0m [36mcommand_id[0m=[35mSummary_of_Sales_by_Quarters_page_next_1500[0m [36mworker_id[0m=[35mworker_0[0m
2025-09-24 10:31:34,569 - planning.record_tracker - INFO - calculate_optimal_batch_size:206 - [2m2025-09-24T05:01:34.569311Z[0m [[32m[1minfo     [0m] [1mAdjusted batch size to prevent overfetching[0m [[0m[1m[34mplanning.record_tracker[0m][0m [36mdefault_size[0m=[35m1500[0m [36mentity[0m=[35mSummary_of_Sales_by_Quarters[0m [36moptimal_size[0m=[35m709[0m [36mremaining_records[0m=[35m709[0m
2025-09-24 10:31:34,569 - workers.proxy_pool - INFO - _make_http_request:177 - [2m2025-09-24T05:01:34.569311Z[0m [[32m[1minfo     [0m] [1m📏 Adjusted batch size for optimal fetching[0m [[0m[1m[34mworkers.proxy_pool[0m][0m [36mcommand_id[0m=[35mSummary_of_Sales_by_Quarters_page_next_1500[0m [36mentity[0m=[35mSummary_of_Sales_by_Quarters[0m [36moptimal_top[0m=[35m709[0m [36moriginal_top[0m=[35m1500[0m [36mworker_id[0m=[35mworker_0[0m
2025-09-24 10:31:34,569 - storage.transformer - INFO - transform_odata_response:62 - [2m2025-09-24T05:01:34.569311Z[0m [[32m[1minfo     [0m] [1mStarting transformation       [0m [[0m[1m[34mstorage.transformer[0m][0m [36mentity_name[0m=[35mCustomer_and_Suppliers_by_Cities[0m [36mresponse_keys[0m=[35m['@odata.context', 'value'][0m
2025-09-24 10:31:34,569 - storage.transformer - INFO - transform_odata_response:101 - [2m2025-09-24T05:01:34.569311Z[0m [[32m[1minfo     [0m] [1mTransformation completed      [0m [[0m[1m[34mstorage.transformer[0m][0m [36mentity_name[0m=[35mCustomer_and_Suppliers_by_Cities[0m [36minput_records[0m=[35m0[0m [36moutput_records[0m=[35m0[0m [36mtransformation_time_seconds[0m=[35m0.0[0m
2025-09-24 10:31:34,569 - httpcore.http11 - DEBUG - atrace:87 - send_request_headers.started request=<Request [b'GET']>
2025-09-24 10:31:34,569 - httpcore.http11 - DEBUG - atrace:87 - send_request_headers.complete
2025-09-24 10:31:34,569 - httpcore.http11 - DEBUG - atrace:87 - send_request_body.started request=<Request [b'GET']>
2025-09-24 10:31:34,569 - httpcore.http11 - DEBUG - atrace:87 - send_request_body.complete
2025-09-24 10:31:34,569 - httpcore.http11 - DEBUG - atrace:87 - receive_response_headers.started request=<Request [b'GET']>
2025-09-24 10:31:34,676 - httpcore.http11 - DEBUG - atrace:87 - receive_response_headers.complete return_value=(b'HTTP/1.1', 200, b'OK', [(b'Content-Length', b'209'), (b'Content-Type', b'application/json;odata.metadata=minimal;odata.streaming=true;IEEE754Compatible=false;charset=utf-8'), (b'Date', b'Wed, 24 Sep 2025 05:01:34 GMT'), (b'Server', b'Microsoft-IIS/10.0'), (b'Access-Control-Allow-Headers', b'Accept, Origin, Content-Type, MaxDataServiceVersion'), (b'Access-Control-Allow-Methods', b'GET'), (b'Access-Control-Allow-Origin', b'*'), (b'Access-Control-Expose-Headers', b'DataServiceVersion'), (b'Cache-Control', b'private'), (b'Content-Encoding', b'gzip'), (b'Expires', b'Wed, 24 Sep 2025 05:02:35 GMT'), (b'Vary', b'*'), (b'X-Content-Type-Options', b'nosniff'), (b'OData-Version', b'4.0;'), (b'X-AspNet-Version', b'4.0.30319'), (b'X-Powered-By', b'ASP.NET')])
2025-09-24 10:31:34,676 - httpx - INFO - _send_single_request:1740 - HTTP Request: GET https://services.odata.org/V4/Northwind/Northwind.svc/Order_Details?%24skip=3000&%24top=1155 "HTTP/1.1 200 OK"
2025-09-24 10:31:34,676 - httpcore.http11 - DEBUG - atrace:87 - receive_response_body.started request=<Request [b'GET']>
2025-09-24 10:31:34,676 - httpcore.http11 - DEBUG - atrace:87 - receive_response_body.complete
2025-09-24 10:31:34,676 - httpcore.http11 - DEBUG - atrace:87 - response_closed.started
2025-09-24 10:31:34,676 - httpcore.http11 - DEBUG - atrace:87 - response_closed.complete
2025-09-24 10:31:34,676 - workers.proxy_pool - INFO - _make_http_request:250 - [2m2025-09-24T05:01:34.676491Z[0m [[32m[1minfo     [0m] [1m📊 Worker successfully fetched data[0m [[0m[1m[34mworkers.proxy_pool[0m][0m [36mactual_records_added[0m=[35m0[0m [36mcommand_id[0m=[35mOrder_Details_page_next_3000[0m [36mentity[0m=[35mOrder_Details[0m [36mentity_total_fetched[0m=[35m1000[0m [36mglobal_total_fetched[0m=[35m4006[0m [36mhas_next_page[0m=[35mFalse[0m [36mrecords_in_response[0m=[35m0[0m [36mworker_id[0m=[35mworker_2[0m
2025-09-24 10:31:34,676 - workers.proxy_pool - INFO - execute:110 - [2m2025-09-24T05:01:34.676491Z[0m [[32m[1minfo     [0m] [1m✅ Worker completed command successfully[0m [[0m[1m[34mworkers.proxy_pool[0m][0m [36mcommand_id[0m=[35mOrder_Details_page_next_3000[0m [36mentity[0m=[35mOrder_Details[0m [36mexecution_time_seconds[0m=[35m0.25[0m [36mhas_next_page[0m=[35mFalse[0m [36mrecords_fetched[0m=[35m0[0m [36mworker_id[0m=[35mworker_2[0m
2025-09-24 10:31:34,676 - workers.proxy_pool - INFO - _worker_loop:460 - [2m2025-09-24T05:01:34.676491Z[0m [[32m[1minfo     [0m] [1m📋 Worker picked up command from queue[0m [[0m[1m[34mworkers.proxy_pool[0m][0m [36mcommand_id[0m=[35mOrders_Qries_page_next_1500[0m [36mentity[0m=[35mOrders_Qries[0m [36mqueue_size_after_pickup[0m=[35m8[0m [36mworker_id[0m=[35mworker_2[0m [36mworker_status[0m=[35mPROCESSING[0m
2025-09-24 10:31:34,676 - workers.proxy_pool - INFO - execute:59 - [2m2025-09-24T05:01:34.676491Z[0m [[32m[1minfo     [0m] [1m🚀 Worker starting command execution[0m [[0m[1m[34mworkers.proxy_pool[0m][0m [36mcommand_id[0m=[35mOrders_Qries_page_next_1500[0m [36mcommand_type[0m=[35mfetch_page[0m [36mentity[0m=[35mOrders_Qries[0m [36mpriority[0m=[35m1[0m [36mretry_count[0m=[35m0[0m [36mskip[0m=[35m1500[0m [36mtop[0m=[35m1500[0m [36mworker_id[0m=[35mworker_2[0m
2025-09-24 10:31:34,676 - workers.proxy_pool - INFO - execute:82 - [2m2025-09-24T05:01:34.676491Z[0m [[32m[1minfo     [0m] [1m🔄 Worker executing request with resilience patterns[0m [[0m[1m[34mworkers.proxy_pool[0m][0m [36mcircuit_breaker_state[0m=[35mclosed[0m [36mcommand_id[0m=[35mOrders_Qries_page_next_1500[0m [36mworker_id[0m=[35mworker_2[0m
2025-09-24 10:31:34,676 - planning.record_tracker - INFO - calculate_optimal_batch_size:206 - [2m2025-09-24T05:01:34.676491Z[0m [[32m[1minfo     [0m] [1mAdjusted batch size to prevent overfetching[0m [[0m[1m[34mplanning.record_tracker[0m][0m [36mdefault_size[0m=[35m1500[0m [36mentity[0m=[35mOrders_Qries[0m [36moptimal_size[0m=[35m730[0m [36mremaining_records[0m=[35m730[0m
2025-09-24 10:31:34,676 - workers.proxy_pool - INFO - _make_http_request:177 - [2m2025-09-24T05:01:34.676491Z[0m [[32m[1minfo     [0m] [1m📏 Adjusted batch size for optimal fetching[0m [[0m[1m[34mworkers.proxy_pool[0m][0m [36mcommand_id[0m=[35mOrders_Qries_page_next_1500[0m [36mentity[0m=[35mOrders_Qries[0m [36moptimal_top[0m=[35m730[0m [36moriginal_top[0m=[35m1500[0m [36mworker_id[0m=[35mworker_2[0m
2025-09-24 10:31:34,676 - storage.transformer - INFO - transform_odata_response:62 - [2m2025-09-24T05:01:34.676491Z[0m [[32m[1minfo     [0m] [1mStarting transformation       [0m [[0m[1m[34mstorage.transformer[0m][0m [36mentity_name[0m=[35mOrder_Details[0m [36mresponse_keys[0m=[35m['@odata.context', 'value'][0m
2025-09-24 10:31:34,676 - storage.transformer - INFO - transform_odata_response:101 - [2m2025-09-24T05:01:34.676491Z[0m [[32m[1minfo     [0m] [1mTransformation completed      [0m [[0m[1m[34mstorage.transformer[0m][0m [36mentity_name[0m=[35mOrder_Details[0m [36minput_records[0m=[35m0[0m [36moutput_records[0m=[35m0[0m [36mtransformation_time_seconds[0m=[35m0.0[0m
2025-09-24 10:31:34,676 - httpcore.http11 - DEBUG - atrace:87 - send_request_headers.started request=<Request [b'GET']>
2025-09-24 10:31:34,676 - httpcore.http11 - DEBUG - atrace:87 - send_request_headers.complete
2025-09-24 10:31:34,683 - httpcore.http11 - DEBUG - atrace:87 - send_request_body.started request=<Request [b'GET']>
2025-09-24 10:31:34,683 - httpcore.http11 - DEBUG - atrace:87 - send_request_body.complete
2025-09-24 10:31:34,683 - httpcore.http11 - DEBUG - atrace:87 - receive_response_headers.started request=<Request [b'GET']>
2025-09-24 10:31:34,751 - httpcore.http11 - DEBUG - atrace:87 - receive_response_headers.complete return_value=(b'HTTP/1.1', 200, b'OK', [(b'Content-Length', b'205'), (b'Content-Type', b'application/json;odata.metadata=minimal;odata.streaming=true;IEEE754Compatible=false;charset=utf-8'), (b'Date', b'Wed, 24 Sep 2025 05:01:34 GMT'), (b'Server', b'Microsoft-IIS/10.0'), (b'Access-Control-Allow-Headers', b'Accept, Origin, Content-Type, MaxDataServiceVersion'), (b'Access-Control-Allow-Methods', b'GET'), (b'Access-Control-Allow-Origin', b'*'), (b'Access-Control-Expose-Headers', b'DataServiceVersion'), (b'Cache-Control', b'private'), (b'Content-Encoding', b'gzip'), (b'Expires', b'Wed, 24 Sep 2025 05:02:35 GMT'), (b'Vary', b'*'), (b'X-Content-Type-Options', b'nosniff'), (b'OData-Version', b'4.0;'), (b'X-AspNet-Version', b'4.0.30319'), (b'X-Powered-By', b'ASP.NET')])
2025-09-24 10:31:34,751 - httpx - INFO - _send_single_request:1740 - HTTP Request: GET https://services.odata.org/V4/Northwind/Northwind.svc/Products?%24skip=1500&%24top=57 "HTTP/1.1 200 OK"
2025-09-24 10:31:34,752 - httpcore.http11 - DEBUG - atrace:87 - receive_response_body.started request=<Request [b'GET']>
2025-09-24 10:31:34,752 - httpcore.http11 - DEBUG - atrace:87 - receive_response_body.complete
2025-09-24 10:31:34,752 - httpcore.http11 - DEBUG - atrace:87 - response_closed.started
2025-09-24 10:31:34,752 - httpcore.http11 - DEBUG - atrace:87 - response_closed.complete
2025-09-24 10:31:34,752 - workers.proxy_pool - INFO - _make_http_request:250 - [2m2025-09-24T05:01:34.752753Z[0m [[32m[1minfo     [0m] [1m📊 Worker successfully fetched data[0m [[0m[1m[34mworkers.proxy_pool[0m][0m [36mactual_records_added[0m=[35m0[0m [36mcommand_id[0m=[35mProducts_page_next_1500[0m [36mentity[0m=[35mProducts[0m [36mentity_total_fetched[0m=[35m20[0m [36mglobal_total_fetched[0m=[35m4006[0m [36mhas_next_page[0m=[35mFalse[0m [36mrecords_in_response[0m=[35m0[0m [36mworker_id[0m=[35mworker_1[0m
2025-09-24 10:31:34,752 - workers.proxy_pool - INFO - execute:110 - [2m2025-09-24T05:01:34.752753Z[0m [[32m[1minfo     [0m] [1m✅ Worker completed command successfully[0m [[0m[1m[34mworkers.proxy_pool[0m][0m [36mcommand_id[0m=[35mProducts_page_next_1500[0m [36mentity[0m=[35mProducts[0m [36mexecution_time_seconds[0m=[35m0.27[0m [36mhas_next_page[0m=[35mFalse[0m [36mrecords_fetched[0m=[35m0[0m [36mworker_id[0m=[35mworker_1[0m
2025-09-24 10:31:34,752 - workers.proxy_pool - INFO - _worker_loop:460 - [2m2025-09-24T05:01:34.752753Z[0m [[32m[1minfo     [0m] [1m📋 Worker picked up command from queue[0m [[0m[1m[34mworkers.proxy_pool[0m][0m [36mcommand_id[0m=[35mOrders_page_next_1500[0m [36mentity[0m=[35mOrders[0m [36mqueue_size_after_pickup[0m=[35m7[0m [36mworker_id[0m=[35mworker_1[0m [36mworker_status[0m=[35mPROCESSING[0m
2025-09-24 10:31:34,752 - workers.proxy_pool - INFO - execute:59 - [2m2025-09-24T05:01:34.752753Z[0m [[32m[1minfo     [0m] [1m🚀 Worker starting command execution[0m [[0m[1m[34mworkers.proxy_pool[0m][0m [36mcommand_id[0m=[35mOrders_page_next_1500[0m [36mcommand_type[0m=[35mfetch_page[0m [36mentity[0m=[35mOrders[0m [36mpriority[0m=[35m1[0m [36mretry_count[0m=[35m0[0m [36mskip[0m=[35m1500[0m [36mtop[0m=[35m1500[0m [36mworker_id[0m=[35mworker_1[0m
2025-09-24 10:31:34,752 - workers.proxy_pool - INFO - execute:82 - [2m2025-09-24T05:01:34.752753Z[0m [[32m[1minfo     [0m] [1m🔄 Worker executing request with resilience patterns[0m [[0m[1m[34mworkers.proxy_pool[0m][0m [36mcircuit_breaker_state[0m=[35mclosed[0m [36mcommand_id[0m=[35mOrders_page_next_1500[0m [36mworker_id[0m=[35mworker_1[0m
2025-09-24 10:31:34,752 - planning.record_tracker - INFO - calculate_optimal_batch_size:206 - [2m2025-09-24T05:01:34.752753Z[0m [[32m[1minfo     [0m] [1mAdjusted batch size to prevent overfetching[0m [[0m[1m[34mplanning.record_tracker[0m][0m [36mdefault_size[0m=[35m1500[0m [36mentity[0m=[35mOrders[0m [36moptimal_size[0m=[35m630[0m [36mremaining_records[0m=[35m630[0m
2025-09-24 10:31:34,752 - workers.proxy_pool - INFO - _make_http_request:177 - [2m2025-09-24T05:01:34.752753Z[0m [[32m[1minfo     [0m] [1m📏 Adjusted batch size for optimal fetching[0m [[0m[1m[34mworkers.proxy_pool[0m][0m [36mcommand_id[0m=[35mOrders_page_next_1500[0m [36mentity[0m=[35mOrders[0m [36moptimal_top[0m=[35m630[0m [36moriginal_top[0m=[35m1500[0m [36mworker_id[0m=[35mworker_1[0m
2025-09-24 10:31:34,752 - storage.transformer - INFO - transform_odata_response:62 - [2m2025-09-24T05:01:34.752753Z[0m [[32m[1minfo     [0m] [1mStarting transformation       [0m [[0m[1m[34mstorage.transformer[0m][0m [36mentity_name[0m=[35mProducts[0m [36mresponse_keys[0m=[35m['@odata.context', 'value'][0m
2025-09-24 10:31:34,752 - storage.transformer - INFO - transform_odata_response:101 - [2m2025-09-24T05:01:34.752753Z[0m [[32m[1minfo     [0m] [1mTransformation completed      [0m [[0m[1m[34mstorage.transformer[0m][0m [36mentity_name[0m=[35mProducts[0m [36minput_records[0m=[35m0[0m [36moutput_records[0m=[35m0[0m [36mtransformation_time_seconds[0m=[35m0.0[0m
2025-09-24 10:31:34,752 - httpcore.http11 - DEBUG - atrace:87 - send_request_headers.started request=<Request [b'GET']>
2025-09-24 10:31:34,752 - httpcore.http11 - DEBUG - atrace:87 - send_request_headers.complete
2025-09-24 10:31:34,752 - httpcore.http11 - DEBUG - atrace:87 - send_request_body.started request=<Request [b'GET']>
2025-09-24 10:31:34,752 - httpcore.http11 - DEBUG - atrace:87 - send_request_body.complete
2025-09-24 10:31:34,752 - httpcore.http11 - DEBUG - atrace:87 - receive_response_headers.started request=<Request [b'GET']>
2025-09-24 10:31:34,819 - httpcore.http11 - DEBUG - atrace:87 - receive_response_headers.complete return_value=(b'HTTP/1.1', 200, b'OK', [(b'Content-Length', b'226'), (b'Content-Type', b'application/json;odata.metadata=minimal;odata.streaming=true;IEEE754Compatible=false;charset=utf-8'), (b'Date', b'Wed, 24 Sep 2025 05:01:34 GMT'), (b'Server', b'Microsoft-IIS/10.0'), (b'Access-Control-Allow-Headers', b'Accept, Origin, Content-Type, MaxDataServiceVersion'), (b'Access-Control-Allow-Methods', b'GET'), (b'Access-Control-Allow-Origin', b'*'), (b'Access-Control-Expose-Headers', b'DataServiceVersion'), (b'Cache-Control', b'private'), (b'Content-Encoding', b'gzip'), (b'Expires', b'Wed, 24 Sep 2025 05:02:35 GMT'), (b'Vary', b'*'), (b'X-Content-Type-Options', b'nosniff'), (b'OData-Version', b'4.0;'), (b'X-AspNet-Version', b'4.0.30319'), (b'X-Powered-By', b'ASP.NET')])
2025-09-24 10:31:34,819 - httpx - INFO - _send_single_request:1740 - HTTP Request: GET https://services.odata.org/V4/Northwind/Northwind.svc/Summary_of_Sales_by_Quarters?%24skip=1500&%24top=709 "HTTP/1.1 200 OK"
2025-09-24 10:31:34,819 - httpcore.http11 - DEBUG - atrace:87 - receive_response_body.started request=<Request [b'GET']>
2025-09-24 10:31:34,819 - httpcore.http11 - DEBUG - atrace:87 - receive_response_body.complete
2025-09-24 10:31:34,819 - httpcore.http11 - DEBUG - atrace:87 - response_closed.started
2025-09-24 10:31:34,819 - httpcore.http11 - DEBUG - atrace:87 - response_closed.complete
2025-09-24 10:31:34,819 - workers.proxy_pool - INFO - _make_http_request:250 - [2m2025-09-24T05:01:34.819635Z[0m [[32m[1minfo     [0m] [1m📊 Worker successfully fetched data[0m [[0m[1m[34mworkers.proxy_pool[0m][0m [36mactual_records_added[0m=[35m0[0m [36mcommand_id[0m=[35mSummary_of_Sales_by_Quarters_page_next_1500[0m [36mentity[0m=[35mSummary_of_Sales_by_Quarters[0m [36mentity_total_fetched[0m=[35m100[0m [36mglobal_total_fetched[0m=[35m4006[0m [36mhas_next_page[0m=[35mFalse[0m [36mrecords_in_response[0m=[35m0[0m [36mworker_id[0m=[35mworker_0[0m
2025-09-24 10:31:34,819 - workers.proxy_pool - INFO - execute:110 - [2m2025-09-24T05:01:34.819635Z[0m [[32m[1minfo     [0m] [1m✅ Worker completed command successfully[0m [[0m[1m[34mworkers.proxy_pool[0m][0m [36mcommand_id[0m=[35mSummary_of_Sales_by_Quarters_page_next_1500[0m [36mentity[0m=[35mSummary_of_Sales_by_Quarters[0m [36mexecution_time_seconds[0m=[35m0.25[0m [36mhas_next_page[0m=[35mFalse[0m [36mrecords_fetched[0m=[35m0[0m [36mworker_id[0m=[35mworker_0[0m
2025-09-24 10:31:34,819 - workers.proxy_pool - INFO - _worker_loop:460 - [2m2025-09-24T05:01:34.819635Z[0m [[32m[1minfo     [0m] [1m📋 Worker picked up command from queue[0m [[0m[1m[34mworkers.proxy_pool[0m][0m [36mcommand_id[0m=[35mOrder_Subtotals_page_next_1500[0m [36mentity[0m=[35mOrder_Subtotals[0m [36mqueue_size_after_pickup[0m=[35m6[0m [36mworker_id[0m=[35mworker_0[0m [36mworker_status[0m=[35mPROCESSING[0m
2025-09-24 10:31:34,819 - workers.proxy_pool - INFO - execute:59 - [2m2025-09-24T05:01:34.819635Z[0m [[32m[1minfo     [0m] [1m🚀 Worker starting command execution[0m [[0m[1m[34mworkers.proxy_pool[0m][0m [36mcommand_id[0m=[35mOrder_Subtotals_page_next_1500[0m [36mcommand_type[0m=[35mfetch_page[0m [36mentity[0m=[35mOrder_Subtotals[0m [36mpriority[0m=[35m1[0m [36mretry_count[0m=[35m0[0m [36mskip[0m=[35m1500[0m [36mtop[0m=[35m1500[0m [36mworker_id[0m=[35mworker_0[0m
2025-09-24 10:31:34,819 - workers.proxy_pool - INFO - execute:82 - [2m2025-09-24T05:01:34.819635Z[0m [[32m[1minfo     [0m] [1m🔄 Worker executing request with resilience patterns[0m [[0m[1m[34mworkers.proxy_pool[0m][0m [36mcircuit_breaker_state[0m=[35mclosed[0m [36mcommand_id[0m=[35mOrder_Subtotals_page_next_1500[0m [36mworker_id[0m=[35mworker_0[0m
2025-09-24 10:31:34,819 - planning.record_tracker - INFO - calculate_optimal_batch_size:206 - [2m2025-09-24T05:01:34.819635Z[0m [[32m[1minfo     [0m] [1mAdjusted batch size to prevent overfetching[0m [[0m[1m[34mplanning.record_tracker[0m][0m [36mdefault_size[0m=[35m1500[0m [36mentity[0m=[35mOrder_Subtotals[0m [36moptimal_size[0m=[35m730[0m [36mremaining_records[0m=[35m730[0m
2025-09-24 10:31:34,819 - workers.proxy_pool - INFO - _make_http_request:177 - [2m2025-09-24T05:01:34.819635Z[0m [[32m[1minfo     [0m] [1m📏 Adjusted batch size for optimal fetching[0m [[0m[1m[34mworkers.proxy_pool[0m][0m [36mcommand_id[0m=[35mOrder_Subtotals_page_next_1500[0m [36mentity[0m=[35mOrder_Subtotals[0m [36moptimal_top[0m=[35m730[0m [36moriginal_top[0m=[35m1500[0m [36mworker_id[0m=[35mworker_0[0m
2025-09-24 10:31:34,819 - storage.transformer - INFO - transform_odata_response:62 - [2m2025-09-24T05:01:34.819635Z[0m [[32m[1minfo     [0m] [1mStarting transformation       [0m [[0m[1m[34mstorage.transformer[0m][0m [36mentity_name[0m=[35mSummary_of_Sales_by_Quarters[0m [36mresponse_keys[0m=[35m['@odata.context', 'value'][0m
2025-09-24 10:31:34,819 - storage.transformer - INFO - transform_odata_response:101 - [2m2025-09-24T05:01:34.819635Z[0m [[32m[1minfo     [0m] [1mTransformation completed      [0m [[0m[1m[34mstorage.transformer[0m][0m [36mentity_name[0m=[35mSummary_of_Sales_by_Quarters[0m [36minput_records[0m=[35m0[0m [36moutput_records[0m=[35m0[0m [36mtransformation_time_seconds[0m=[35m0.0[0m
2025-09-24 10:31:34,819 - httpcore.http11 - DEBUG - atrace:87 - send_request_headers.started request=<Request [b'GET']>
2025-09-24 10:31:34,819 - httpcore.http11 - DEBUG - atrace:87 - send_request_headers.complete
2025-09-24 10:31:34,834 - httpcore.http11 - DEBUG - atrace:87 - send_request_body.started request=<Request [b'GET']>
2025-09-24 10:31:34,834 - httpcore.http11 - DEBUG - atrace:87 - send_request_body.complete
2025-09-24 10:31:34,834 - httpcore.http11 - DEBUG - atrace:87 - receive_response_headers.started request=<Request [b'GET']>
2025-09-24 10:31:34,958 - httpcore.http11 - DEBUG - atrace:87 - receive_response_headers.complete return_value=(b'HTTP/1.1', 200, b'OK', [(b'Content-Length', b'209'), (b'Content-Type', b'application/json;odata.metadata=minimal;odata.streaming=true;IEEE754Compatible=false;charset=utf-8'), (b'Date', b'Wed, 24 Sep 2025 05:01:35 GMT'), (b'Server', b'Microsoft-IIS/10.0'), (b'Access-Control-Allow-Headers', b'Accept, Origin, Content-Type, MaxDataServiceVersion'), (b'Access-Control-Allow-Methods', b'GET'), (b'Access-Control-Allow-Origin', b'*'), (b'Access-Control-Expose-Headers', b'DataServiceVersion'), (b'Cache-Control', b'private'), (b'Content-Encoding', b'gzip'), (b'Expires', b'Wed, 24 Sep 2025 05:02:35 GMT'), (b'Vary', b'*'), (b'X-Content-Type-Options', b'nosniff'), (b'OData-Version', b'4.0;'), (b'X-AspNet-Version', b'4.0.30319'), (b'X-Powered-By', b'ASP.NET')])
2025-09-24 10:31:34,958 - httpx - INFO - _send_single_request:1740 - HTTP Request: GET https://services.odata.org/V4/Northwind/Northwind.svc/Orders_Qries?%24skip=1500&%24top=730 "HTTP/1.1 200 OK"
2025-09-24 10:31:34,959 - httpcore.http11 - DEBUG - atrace:87 - receive_response_body.started request=<Request [b'GET']>
2025-09-24 10:31:34,959 - httpcore.http11 - DEBUG - atrace:87 - receive_response_body.complete
2025-09-24 10:31:34,959 - httpcore.http11 - DEBUG - atrace:87 - response_closed.started
2025-09-24 10:31:34,959 - httpcore.http11 - DEBUG - atrace:87 - response_closed.complete
2025-09-24 10:31:34,960 - workers.proxy_pool - INFO - _make_http_request:250 - [2m2025-09-24T05:01:34.959456Z[0m [[32m[1minfo     [0m] [1m📊 Worker successfully fetched data[0m [[0m[1m[34mworkers.proxy_pool[0m][0m [36mactual_records_added[0m=[35m0[0m [36mcommand_id[0m=[35mOrders_Qries_page_next_1500[0m [36mentity[0m=[35mOrders_Qries[0m [36mentity_total_fetched[0m=[35m100[0m [36mglobal_total_fetched[0m=[35m4006[0m [36mhas_next_page[0m=[35mFalse[0m [36mrecords_in_response[0m=[35m0[0m [36mworker_id[0m=[35mworker_2[0m
2025-09-24 10:31:34,960 - workers.proxy_pool - INFO - execute:110 - [2m2025-09-24T05:01:34.960580Z[0m [[32m[1minfo     [0m] [1m✅ Worker completed command successfully[0m [[0m[1m[34mworkers.proxy_pool[0m][0m [36mcommand_id[0m=[35mOrders_Qries_page_next_1500[0m [36mentity[0m=[35mOrders_Qries[0m [36mexecution_time_seconds[0m=[35m0.28[0m [36mhas_next_page[0m=[35mFalse[0m [36mrecords_fetched[0m=[35m0[0m [36mworker_id[0m=[35mworker_2[0m
2025-09-24 10:31:34,961 - workers.proxy_pool - INFO - _worker_loop:460 - [2m2025-09-24T05:01:34.961107Z[0m [[32m[1minfo     [0m] [1m📋 Worker picked up command from queue[0m [[0m[1m[34mworkers.proxy_pool[0m][0m [36mcommand_id[0m=[35mCustomers_page_next_1500[0m [36mentity[0m=[35mCustomers[0m [36mqueue_size_after_pickup[0m=[35m5[0m [36mworker_id[0m=[35mworker_2[0m [36mworker_status[0m=[35mPROCESSING[0m
2025-09-24 10:31:34,961 - workers.proxy_pool - INFO - execute:59 - [2m2025-09-24T05:01:34.961107Z[0m [[32m[1minfo     [0m] [1m🚀 Worker starting command execution[0m [[0m[1m[34mworkers.proxy_pool[0m][0m [36mcommand_id[0m=[35mCustomers_page_next_1500[0m [36mcommand_type[0m=[35mfetch_page[0m [36mentity[0m=[35mCustomers[0m [36mpriority[0m=[35m1[0m [36mretry_count[0m=[35m0[0m [36mskip[0m=[35m1500[0m [36mtop[0m=[35m1500[0m [36mworker_id[0m=[35mworker_2[0m
2025-09-24 10:31:34,962 - workers.proxy_pool - INFO - execute:82 - [2m2025-09-24T05:01:34.961744Z[0m [[32m[1minfo     [0m] [1m🔄 Worker executing request with resilience patterns[0m [[0m[1m[34mworkers.proxy_pool[0m][0m [36mcircuit_breaker_state[0m=[35mclosed[0m [36mcommand_id[0m=[35mCustomers_page_next_1500[0m [36mworker_id[0m=[35mworker_2[0m
2025-09-24 10:31:34,962 - planning.record_tracker - INFO - calculate_optimal_batch_size:206 - [2m2025-09-24T05:01:34.962273Z[0m [[32m[1minfo     [0m] [1mAdjusted batch size to prevent overfetching[0m [[0m[1m[34mplanning.record_tracker[0m][0m [36mdefault_size[0m=[35m1500[0m [36mentity[0m=[35mCustomers[0m [36moptimal_size[0m=[35m71[0m [36mremaining_records[0m=[35m71[0m
2025-09-24 10:31:34,962 - workers.proxy_pool - INFO - _make_http_request:177 - [2m2025-09-24T05:01:34.962808Z[0m [[32m[1minfo     [0m] [1m📏 Adjusted batch size for optimal fetching[0m [[0m[1m[34mworkers.proxy_pool[0m][0m [36mcommand_id[0m=[35mCustomers_page_next_1500[0m [36mentity[0m=[35mCustomers[0m [36moptimal_top[0m=[35m71[0m [36moriginal_top[0m=[35m1500[0m [36mworker_id[0m=[35mworker_2[0m
2025-09-24 10:31:34,963 - storage.transformer - INFO - transform_odata_response:62 - [2m2025-09-24T05:01:34.963348Z[0m [[32m[1minfo     [0m] [1mStarting transformation       [0m [[0m[1m[34mstorage.transformer[0m][0m [36mentity_name[0m=[35mOrders_Qries[0m [36mresponse_keys[0m=[35m['@odata.context', 'value'][0m
2025-09-24 10:31:34,963 - storage.transformer - INFO - transform_odata_response:101 - [2m2025-09-24T05:01:34.963348Z[0m [[32m[1minfo     [0m] [1mTransformation completed      [0m [[0m[1m[34mstorage.transformer[0m][0m [36mentity_name[0m=[35mOrders_Qries[0m [36minput_records[0m=[35m0[0m [36moutput_records[0m=[35m0[0m [36mtransformation_time_seconds[0m=[35m0.0[0m
2025-09-24 10:31:34,963 - httpcore.http11 - DEBUG - atrace:87 - send_request_headers.started request=<Request [b'GET']>
2025-09-24 10:31:34,963 - httpcore.http11 - DEBUG - atrace:87 - send_request_headers.complete
2025-09-24 10:31:34,963 - httpcore.http11 - DEBUG - atrace:87 - send_request_body.started request=<Request [b'GET']>
2025-09-24 10:31:34,963 - httpcore.http11 - DEBUG - atrace:87 - send_request_body.complete
2025-09-24 10:31:34,963 - httpcore.http11 - DEBUG - atrace:87 - receive_response_headers.started request=<Request [b'GET']>
2025-09-24 10:31:35,002 - httpcore.http11 - DEBUG - atrace:87 - receive_response_headers.complete return_value=(b'HTTP/1.1', 200, b'OK', [(b'Content-Length', b'203'), (b'Content-Type', b'application/json;odata.metadata=minimal;odata.streaming=true;IEEE754Compatible=false;charset=utf-8'), (b'Date', b'Wed, 24 Sep 2025 05:01:35 GMT'), (b'Server', b'Microsoft-IIS/10.0'), (b'Access-Control-Allow-Headers', b'Accept, Origin, Content-Type, MaxDataServiceVersion'), (b'Access-Control-Allow-Methods', b'GET'), (b'Access-Control-Allow-Origin', b'*'), (b'Access-Control-Expose-Headers', b'DataServiceVersion'), (b'Cache-Control', b'private'), (b'Content-Encoding', b'gzip'), (b'Expires', b'Wed, 24 Sep 2025 05:02:35 GMT'), (b'Vary', b'*'), (b'X-Content-Type-Options', b'nosniff'), (b'OData-Version', b'4.0;'), (b'X-AspNet-Version', b'4.0.30319'), (b'X-Powered-By', b'ASP.NET')])
2025-09-24 10:31:35,002 - httpx - INFO - _send_single_request:1740 - HTTP Request: GET https://services.odata.org/V4/Northwind/Northwind.svc/Orders?%24skip=1500&%24top=630 "HTTP/1.1 200 OK"
2025-09-24 10:31:35,002 - httpcore.http11 - DEBUG - atrace:87 - receive_response_body.started request=<Request [b'GET']>
2025-09-24 10:31:35,002 - httpcore.http11 - DEBUG - atrace:87 - receive_response_body.complete
2025-09-24 10:31:35,002 - httpcore.http11 - DEBUG - atrace:87 - response_closed.started
2025-09-24 10:31:35,002 - httpcore.http11 - DEBUG - atrace:87 - response_closed.complete
2025-09-24 10:31:35,014 - workers.proxy_pool - INFO - _make_http_request:250 - [2m2025-09-24T05:01:35.014747Z[0m [[32m[1minfo     [0m] [1m📊 Worker successfully fetched data[0m [[0m[1m[34mworkers.proxy_pool[0m][0m [36mactual_records_added[0m=[35m0[0m [36mcommand_id[0m=[35mOrders_page_next_1500[0m [36mentity[0m=[35mOrders[0m [36mentity_total_fetched[0m=[35m200[0m [36mglobal_total_fetched[0m=[35m4006[0m [36mhas_next_page[0m=[35mFalse[0m [36mrecords_in_response[0m=[35m0[0m [36mworker_id[0m=[35mworker_1[0m
2025-09-24 10:31:35,015 - workers.proxy_pool - INFO - execute:110 - [2m2025-09-24T05:01:35.015257Z[0m [[32m[1minfo     [0m] [1m✅ Worker completed command successfully[0m [[0m[1m[34mworkers.proxy_pool[0m][0m [36mcommand_id[0m=[35mOrders_page_next_1500[0m [36mentity[0m=[35mOrders[0m [36mexecution_time_seconds[0m=[35m0.27[0m [36mhas_next_page[0m=[35mFalse[0m [36mrecords_fetched[0m=[35m0[0m [36mworker_id[0m=[35mworker_1[0m
2025-09-24 10:31:35,015 - workers.proxy_pool - INFO - _worker_loop:460 - [2m2025-09-24T05:01:35.015257Z[0m [[32m[1minfo     [0m] [1m📋 Worker picked up command from queue[0m [[0m[1m[34mworkers.proxy_pool[0m][0m [36mcommand_id[0m=[35mOrder_Details_Extendeds_page_next_1500[0m [36mentity[0m=[35mOrder_Details_Extendeds[0m [36mqueue_size_after_pickup[0m=[35m4[0m [36mworker_id[0m=[35mworker_1[0m [36mworker_status[0m=[35mPROCESSING[0m
2025-09-24 10:31:35,016 - workers.proxy_pool - INFO - execute:59 - [2m2025-09-24T05:01:35.016318Z[0m [[32m[1minfo     [0m] [1m🚀 Worker starting command execution[0m [[0m[1m[34mworkers.proxy_pool[0m][0m [36mcommand_id[0m=[35mOrder_Details_Extendeds_page_next_1500[0m [36mcommand_type[0m=[35mfetch_page[0m [36mentity[0m=[35mOrder_Details_Extendeds[0m [36mpriority[0m=[35m1[0m [36mretry_count[0m=[35m0[0m [36mskip[0m=[35m1500[0m [36mtop[0m=[35m1500[0m [36mworker_id[0m=[35mworker_1[0m
2025-09-24 10:31:35,016 - workers.proxy_pool - INFO - execute:82 - [2m2025-09-24T05:01:35.016841Z[0m [[32m[1minfo     [0m] [1m🔄 Worker executing request with resilience patterns[0m [[0m[1m[34mworkers.proxy_pool[0m][0m [36mcircuit_breaker_state[0m=[35mclosed[0m [36mcommand_id[0m=[35mOrder_Details_Extendeds_page_next_1500[0m [36mworker_id[0m=[35mworker_1[0m
2025-09-24 10:31:35,018 - storage.transformer - INFO - transform_odata_response:62 - [2m2025-09-24T05:01:35.018720Z[0m [[32m[1minfo     [0m] [1mStarting transformation       [0m [[0m[1m[34mstorage.transformer[0m][0m [36mentity_name[0m=[35mOrders[0m [36mresponse_keys[0m=[35m['@odata.context', 'value'][0m
2025-09-24 10:31:35,019 - storage.transformer - INFO - transform_odata_response:101 - [2m2025-09-24T05:01:35.019875Z[0m [[32m[1minfo     [0m] [1mTransformation completed      [0m [[0m[1m[34mstorage.transformer[0m][0m [36mentity_name[0m=[35mOrders[0m [36minput_records[0m=[35m0[0m [36moutput_records[0m=[35m0[0m [36mtransformation_time_seconds[0m=[35m0.0[0m
2025-09-24 10:31:35,019 - httpcore.http11 - DEBUG - atrace:87 - send_request_headers.started request=<Request [b'GET']>
2025-09-24 10:31:35,019 - httpcore.http11 - DEBUG - atrace:87 - send_request_headers.complete
2025-09-24 10:31:35,019 - httpcore.http11 - DEBUG - atrace:87 - send_request_body.started request=<Request [b'GET']>
2025-09-24 10:31:35,019 - httpcore.http11 - DEBUG - atrace:87 - send_request_body.complete
2025-09-24 10:31:35,019 - httpcore.http11 - DEBUG - atrace:87 - receive_response_headers.started request=<Request [b'GET']>
2025-09-24 10:31:35,119 - httpcore.http11 - DEBUG - atrace:87 - receive_response_headers.complete return_value=(b'HTTP/1.1', 200, b'OK', [(b'Content-Length', b'212'), (b'Content-Type', b'application/json;odata.metadata=minimal;odata.streaming=true;IEEE754Compatible=false;charset=utf-8'), (b'Date', b'Wed, 24 Sep 2025 05:01:35 GMT'), (b'Server', b'Microsoft-IIS/10.0'), (b'Access-Control-Allow-Headers', b'Accept, Origin, Content-Type, MaxDataServiceVersion'), (b'Access-Control-Allow-Methods', b'GET'), (b'Access-Control-Allow-Origin', b'*'), (b'Access-Control-Expose-Headers', b'DataServiceVersion'), (b'Cache-Control', b'private'), (b'Content-Encoding', b'gzip'), (b'Expires', b'Wed, 24 Sep 2025 05:02:35 GMT'), (b'Vary', b'*'), (b'X-Content-Type-Options', b'nosniff'), (b'OData-Version', b'4.0;'), (b'X-AspNet-Version', b'4.0.30319'), (b'X-Powered-By', b'ASP.NET')])
2025-09-24 10:31:35,119 - httpx - INFO - _send_single_request:1740 - HTTP Request: GET https://services.odata.org/V4/Northwind/Northwind.svc/Order_Subtotals?%24skip=1500&%24top=730 "HTTP/1.1 200 OK"
2025-09-24 10:31:35,119 - httpcore.http11 - DEBUG - atrace:87 - receive_response_body.started request=<Request [b'GET']>
2025-09-24 10:31:35,119 - httpcore.http11 - DEBUG - atrace:87 - receive_response_body.complete
2025-09-24 10:31:35,119 - httpcore.http11 - DEBUG - atrace:87 - response_closed.started
2025-09-24 10:31:35,119 - httpcore.http11 - DEBUG - atrace:87 - response_closed.complete
2025-09-24 10:31:35,119 - workers.proxy_pool - INFO - _make_http_request:250 - [2m2025-09-24T05:01:35.119470Z[0m [[32m[1minfo     [0m] [1m📊 Worker successfully fetched data[0m [[0m[1m[34mworkers.proxy_pool[0m][0m [36mactual_records_added[0m=[35m0[0m [36mcommand_id[0m=[35mOrder_Subtotals_page_next_1500[0m [36mentity[0m=[35mOrder_Subtotals[0m [36mentity_total_fetched[0m=[35m100[0m [36mglobal_total_fetched[0m=[35m4006[0m [36mhas_next_page[0m=[35mFalse[0m [36mrecords_in_response[0m=[35m0[0m [36mworker_id[0m=[35mworker_0[0m
2025-09-24 10:31:35,119 - workers.proxy_pool - INFO - execute:110 - [2m2025-09-24T05:01:35.119470Z[0m [[32m[1minfo     [0m] [1m✅ Worker completed command successfully[0m [[0m[1m[34mworkers.proxy_pool[0m][0m [36mcommand_id[0m=[35mOrder_Subtotals_page_next_1500[0m [36mentity[0m=[35mOrder_Subtotals[0m [36mexecution_time_seconds[0m=[35m0.31[0m [36mhas_next_page[0m=[35mFalse[0m [36mrecords_fetched[0m=[35m0[0m [36mworker_id[0m=[35mworker_0[0m
2025-09-24 10:31:35,119 - workers.proxy_pool - INFO - _worker_loop:460 - [2m2025-09-24T05:01:35.119470Z[0m [[32m[1minfo     [0m] [1m📋 Worker picked up command from queue[0m [[0m[1m[34mworkers.proxy_pool[0m][0m [36mcommand_id[0m=[35mOrder_Details_Extendeds_page_next_3000[0m [36mentity[0m=[35mOrder_Details_Extendeds[0m [36mqueue_size_after_pickup[0m=[35m3[0m [36mworker_id[0m=[35mworker_0[0m [36mworker_status[0m=[35mPROCESSING[0m
2025-09-24 10:31:35,119 - workers.proxy_pool - INFO - execute:59 - [2m2025-09-24T05:01:35.119470Z[0m [[32m[1minfo     [0m] [1m🚀 Worker starting command execution[0m [[0m[1m[34mworkers.proxy_pool[0m][0m [36mcommand_id[0m=[35mOrder_Details_Extendeds_page_next_3000[0m [36mcommand_type[0m=[35mfetch_page[0m [36mentity[0m=[35mOrder_Details_Extendeds[0m [36mpriority[0m=[35m1[0m [36mretry_count[0m=[35m0[0m [36mskip[0m=[35m3000[0m [36mtop[0m=[35m1500[0m [36mworker_id[0m=[35mworker_0[0m
2025-09-24 10:31:35,119 - workers.proxy_pool - INFO - execute:82 - [2m2025-09-24T05:01:35.119470Z[0m [[32m[1minfo     [0m] [1m🔄 Worker executing request with resilience patterns[0m [[0m[1m[34mworkers.proxy_pool[0m][0m [36mcircuit_breaker_state[0m=[35mclosed[0m [36mcommand_id[0m=[35mOrder_Details_Extendeds_page_next_3000[0m [36mworker_id[0m=[35mworker_0[0m
2025-09-24 10:31:35,119 - storage.transformer - INFO - transform_odata_response:62 - [2m2025-09-24T05:01:35.119470Z[0m [[32m[1minfo     [0m] [1mStarting transformation       [0m [[0m[1m[34mstorage.transformer[0m][0m [36mentity_name[0m=[35mOrder_Subtotals[0m [36mresponse_keys[0m=[35m['@odata.context', 'value'][0m
2025-09-24 10:31:35,119 - storage.transformer - INFO - transform_odata_response:101 - [2m2025-09-24T05:01:35.119470Z[0m [[32m[1minfo     [0m] [1mTransformation completed      [0m [[0m[1m[34mstorage.transformer[0m][0m [36mentity_name[0m=[35mOrder_Subtotals[0m [36minput_records[0m=[35m0[0m [36moutput_records[0m=[35m0[0m [36mtransformation_time_seconds[0m=[35m0.0[0m
2025-09-24 10:31:35,119 - httpcore.http11 - DEBUG - atrace:87 - send_request_headers.started request=<Request [b'GET']>
2025-09-24 10:31:35,119 - httpcore.http11 - DEBUG - atrace:87 - send_request_headers.complete
2025-09-24 10:31:35,119 - httpcore.http11 - DEBUG - atrace:87 - send_request_body.started request=<Request [b'GET']>
2025-09-24 10:31:35,119 - httpcore.http11 - DEBUG - atrace:87 - send_request_body.complete
2025-09-24 10:31:35,119 - httpcore.http11 - DEBUG - atrace:87 - receive_response_headers.started request=<Request [b'GET']>
2025-09-24 10:31:35,220 - httpcore.http11 - DEBUG - atrace:87 - receive_response_headers.complete return_value=(b'HTTP/1.1', 200, b'OK', [(b'Content-Length', b'205'), (b'Content-Type', b'application/json;odata.metadata=minimal;odata.streaming=true;IEEE754Compatible=false;charset=utf-8'), (b'Date', b'Wed, 24 Sep 2025 05:01:35 GMT'), (b'Server', b'Microsoft-IIS/10.0'), (b'Access-Control-Allow-Headers', b'Accept, Origin, Content-Type, MaxDataServiceVersion'), (b'Access-Control-Allow-Methods', b'GET'), (b'Access-Control-Allow-Origin', b'*'), (b'Access-Control-Expose-Headers', b'DataServiceVersion'), (b'Cache-Control', b'private'), (b'Content-Encoding', b'gzip'), (b'Expires', b'Wed, 24 Sep 2025 05:02:35 GMT'), (b'Vary', b'*'), (b'X-Content-Type-Options', b'nosniff'), (b'OData-Version', b'4.0;'), (b'X-AspNet-Version', b'4.0.30319'), (b'X-Powered-By', b'ASP.NET')])
2025-09-24 10:31:35,220 - httpx - INFO - _send_single_request:1740 - HTTP Request: GET https://services.odata.org/V4/Northwind/Northwind.svc/Customers?%24skip=1500&%24top=71 "HTTP/1.1 200 OK"
2025-09-24 10:31:35,220 - httpcore.http11 - DEBUG - atrace:87 - receive_response_body.started request=<Request [b'GET']>
2025-09-24 10:31:35,220 - httpcore.http11 - DEBUG - atrace:87 - receive_response_body.complete
2025-09-24 10:31:35,220 - httpcore.http11 - DEBUG - atrace:87 - response_closed.started
2025-09-24 10:31:35,220 - httpcore.http11 - DEBUG - atrace:87 - response_closed.complete
2025-09-24 10:31:35,220 - workers.proxy_pool - INFO - _make_http_request:250 - [2m2025-09-24T05:01:35.220042Z[0m [[32m[1minfo     [0m] [1m📊 Worker successfully fetched data[0m [[0m[1m[34mworkers.proxy_pool[0m][0m [36mactual_records_added[0m=[35m0[0m [36mcommand_id[0m=[35mCustomers_page_next_1500[0m [36mentity[0m=[35mCustomers[0m [36mentity_total_fetched[0m=[35m20[0m [36mglobal_total_fetched[0m=[35m4006[0m [36mhas_next_page[0m=[35mFalse[0m [36mrecords_in_response[0m=[35m0[0m [36mworker_id[0m=[35mworker_2[0m
2025-09-24 10:31:35,220 - workers.proxy_pool - INFO - execute:110 - [2m2025-09-24T05:01:35.220042Z[0m [[32m[1minfo     [0m] [1m✅ Worker completed command successfully[0m [[0m[1m[34mworkers.proxy_pool[0m][0m [36mcommand_id[0m=[35mCustomers_page_next_1500[0m [36mentity[0m=[35mCustomers[0m [36mexecution_time_seconds[0m=[35m0.25[0m [36mhas_next_page[0m=[35mFalse[0m [36mrecords_fetched[0m=[35m0[0m [36mworker_id[0m=[35mworker_2[0m
2025-09-24 10:31:35,220 - workers.proxy_pool - INFO - _worker_loop:460 - [2m2025-09-24T05:01:35.220042Z[0m [[32m[1minfo     [0m] [1m📋 Worker picked up command from queue[0m [[0m[1m[34mworkers.proxy_pool[0m][0m [36mcommand_id[0m=[35mInvoices_page_next_1500[0m [36mentity[0m=[35mInvoices[0m [36mqueue_size_after_pickup[0m=[35m2[0m [36mworker_id[0m=[35mworker_2[0m [36mworker_status[0m=[35mPROCESSING[0m
2025-09-24 10:31:35,220 - workers.proxy_pool - INFO - execute:59 - [2m2025-09-24T05:01:35.220042Z[0m [[32m[1minfo     [0m] [1m🚀 Worker starting command execution[0m [[0m[1m[34mworkers.proxy_pool[0m][0m [36mcommand_id[0m=[35mInvoices_page_next_1500[0m [36mcommand_type[0m=[35mfetch_page[0m [36mentity[0m=[35mInvoices[0m [36mpriority[0m=[35m1[0m [36mretry_count[0m=[35m0[0m [36mskip[0m=[35m1500[0m [36mtop[0m=[35m1500[0m [36mworker_id[0m=[35mworker_2[0m
2025-09-24 10:31:35,220 - workers.proxy_pool - INFO - execute:82 - [2m2025-09-24T05:01:35.220042Z[0m [[32m[1minfo     [0m] [1m🔄 Worker executing request with resilience patterns[0m [[0m[1m[34mworkers.proxy_pool[0m][0m [36mcircuit_breaker_state[0m=[35mclosed[0m [36mcommand_id[0m=[35mInvoices_page_next_1500[0m [36mworker_id[0m=[35mworker_2[0m
2025-09-24 10:31:35,220 - planning.record_tracker - INFO - calculate_optimal_batch_size:206 - [2m2025-09-24T05:01:35.220042Z[0m [[32m[1minfo     [0m] [1mAdjusted batch size to prevent overfetching[0m [[0m[1m[34mplanning.record_tracker[0m][0m [36mdefault_size[0m=[35m1500[0m [36mentity[0m=[35mInvoices[0m [36moptimal_size[0m=[35m1155[0m [36mremaining_records[0m=[35m1155[0m
2025-09-24 10:31:35,226 - workers.proxy_pool - INFO - _make_http_request:177 - [2m2025-09-24T05:01:35.226413Z[0m [[32m[1minfo     [0m] [1m📏 Adjusted batch size for optimal fetching[0m [[0m[1m[34mworkers.proxy_pool[0m][0m [36mcommand_id[0m=[35mInvoices_page_next_1500[0m [36mentity[0m=[35mInvoices[0m [36moptimal_top[0m=[35m1155[0m [36moriginal_top[0m=[35m1500[0m [36mworker_id[0m=[35mworker_2[0m
2025-09-24 10:31:35,227 - storage.transformer - INFO - transform_odata_response:62 - [2m2025-09-24T05:01:35.227180Z[0m [[32m[1minfo     [0m] [1mStarting transformation       [0m [[0m[1m[34mstorage.transformer[0m][0m [36mentity_name[0m=[35mCustomers[0m [36mresponse_keys[0m=[35m['@odata.context', 'value'][0m
2025-09-24 10:31:35,227 - storage.transformer - INFO - transform_odata_response:101 - [2m2025-09-24T05:01:35.227749Z[0m [[32m[1minfo     [0m] [1mTransformation completed      [0m [[0m[1m[34mstorage.transformer[0m][0m [36mentity_name[0m=[35mCustomers[0m [36minput_records[0m=[35m0[0m [36moutput_records[0m=[35m0[0m [36mtransformation_time_seconds[0m=[35m0.0[0m
2025-09-24 10:31:35,227 - httpcore.http11 - DEBUG - atrace:87 - send_request_headers.started request=<Request [b'GET']>
2025-09-24 10:31:35,227 - httpcore.http11 - DEBUG - atrace:87 - send_request_headers.complete
2025-09-24 10:31:35,227 - httpcore.http11 - DEBUG - atrace:87 - send_request_body.started request=<Request [b'GET']>
2025-09-24 10:31:35,227 - httpcore.http11 - DEBUG - atrace:87 - send_request_body.complete
2025-09-24 10:31:35,227 - httpcore.http11 - DEBUG - atrace:87 - receive_response_headers.started request=<Request [b'GET']>
2025-09-24 10:31:35,252 - httpcore.http11 - DEBUG - atrace:87 - receive_response_headers.complete return_value=(b'HTTP/1.1', 200, b'OK', [(b'Content-Length', b'3390'), (b'Content-Type', b'application/json;odata.metadata=minimal;odata.streaming=true;IEEE754Compatible=false;charset=utf-8'), (b'Date', b'Wed, 24 Sep 2025 05:01:35 GMT'), (b'Server', b'Microsoft-IIS/10.0'), (b'Access-Control-Allow-Headers', b'Accept, Origin, Content-Type, MaxDataServiceVersion'), (b'Access-Control-Allow-Methods', b'GET'), (b'Access-Control-Allow-Origin', b'*'), (b'Access-Control-Expose-Headers', b'DataServiceVersion'), (b'Cache-Control', b'private'), (b'Content-Encoding', b'gzip'), (b'Expires', b'Wed, 24 Sep 2025 05:02:34 GMT'), (b'Vary', b'*'), (b'X-Content-Type-Options', b'nosniff'), (b'OData-Version', b'4.0;'), (b'X-AspNet-Version', b'4.0.30319'), (b'X-Powered-By', b'ASP.NET')])
2025-09-24 10:31:35,252 - httpx - INFO - _send_single_request:1740 - HTTP Request: GET https://services.odata.org/V4/Northwind/Northwind.svc/Order_Details_Extendeds?%24skip=1500&%24top=1500 "HTTP/1.1 200 OK"
2025-09-24 10:31:35,252 - httpcore.http11 - DEBUG - atrace:87 - receive_response_body.started request=<Request [b'GET']>
2025-09-24 10:31:35,252 - httpcore.http11 - DEBUG - atrace:87 - receive_response_body.complete
2025-09-24 10:31:35,252 - httpcore.http11 - DEBUG - atrace:87 - response_closed.started
2025-09-24 10:31:35,252 - httpcore.http11 - DEBUG - atrace:87 - response_closed.complete
2025-09-24 10:31:35,252 - planning.record_tracker - WARNING - add_page_records:27 - [2m2025-09-24T05:01:35.252528Z[0m [[33m[1mwarning  [0m] [1mPage already completed        [0m [[0m[1m[34mplanning.record_tracker[0m][0m [36mentity[0m=[35mOrder_Details_Extendeds[0m [36mpage[0m=[35m2[0m
2025-09-24 10:31:35,252 - workers.proxy_pool - INFO - _make_http_request:250 - [2m2025-09-24T05:01:35.252528Z[0m [[32m[1minfo     [0m] [1m📊 Worker successfully fetched data[0m [[0m[1m[34mworkers.proxy_pool[0m][0m [36mactual_records_added[0m=[35m100[0m [36mcommand_id[0m=[35mOrder_Details_Extendeds_page_next_1500[0m [36mentity[0m=[35mOrder_Details_Extendeds[0m [36mentity_total_fetched[0m=[35m200[0m [36mglobal_total_fetched[0m=[35m4106[0m [36mhas_next_page[0m=[35mTrue[0m [36mrecords_in_response[0m=[35m100[0m [36mworker_id[0m=[35mworker_1[0m
2025-09-24 10:31:35,252 - workers.proxy_pool - INFO - execute:110 - [2m2025-09-24T05:01:35.252528Z[0m [[32m[1minfo     [0m] [1m✅ Worker completed command successfully[0m [[0m[1m[34mworkers.proxy_pool[0m][0m [36mcommand_id[0m=[35mOrder_Details_Extendeds_page_next_1500[0m [36mentity[0m=[35mOrder_Details_Extendeds[0m [36mexecution_time_seconds[0m=[35m0.23[0m [36mhas_next_page[0m=[35mTrue[0m [36mrecords_fetched[0m=[35m100[0m [36mworker_id[0m=[35mworker_1[0m
2025-09-24 10:31:35,252 - workers.proxy_pool - INFO - _worker_loop:460 - [2m2025-09-24T05:01:35.252528Z[0m [[32m[1minfo     [0m] [1m📋 Worker picked up command from queue[0m [[0m[1m[34mworkers.proxy_pool[0m][0m [36mcommand_id[0m=[35mInvoices_page_next_3000[0m [36mentity[0m=[35mInvoices[0m [36mqueue_size_after_pickup[0m=[35m1[0m [36mworker_id[0m=[35mworker_1[0m [36mworker_status[0m=[35mPROCESSING[0m
2025-09-24 10:31:35,252 - workers.proxy_pool - INFO - execute:59 - [2m2025-09-24T05:01:35.252528Z[0m [[32m[1minfo     [0m] [1m🚀 Worker starting command execution[0m [[0m[1m[34mworkers.proxy_pool[0m][0m [36mcommand_id[0m=[35mInvoices_page_next_3000[0m [36mcommand_type[0m=[35mfetch_page[0m [36mentity[0m=[35mInvoices[0m [36mpriority[0m=[35m1[0m [36mretry_count[0m=[35m0[0m [36mskip[0m=[35m3000[0m [36mtop[0m=[35m1500[0m [36mworker_id[0m=[35mworker_1[0m
2025-09-24 10:31:35,252 - workers.proxy_pool - INFO - execute:82 - [2m2025-09-24T05:01:35.252528Z[0m [[32m[1minfo     [0m] [1m🔄 Worker executing request with resilience patterns[0m [[0m[1m[34mworkers.proxy_pool[0m][0m [36mcircuit_breaker_state[0m=[35mclosed[0m [36mcommand_id[0m=[35mInvoices_page_next_3000[0m [36mworker_id[0m=[35mworker_1[0m
2025-09-24 10:31:35,252 - planning.record_tracker - INFO - calculate_optimal_batch_size:206 - [2m2025-09-24T05:01:35.252528Z[0m [[32m[1minfo     [0m] [1mAdjusted batch size to prevent overfetching[0m [[0m[1m[34mplanning.record_tracker[0m][0m [36mdefault_size[0m=[35m1500[0m [36mentity[0m=[35mInvoices[0m [36moptimal_size[0m=[35m1155[0m [36mremaining_records[0m=[35m1155[0m
2025-09-24 10:31:35,252 - workers.proxy_pool - INFO - _make_http_request:177 - [2m2025-09-24T05:01:35.252528Z[0m [[32m[1minfo     [0m] [1m📏 Adjusted batch size for optimal fetching[0m [[0m[1m[34mworkers.proxy_pool[0m][0m [36mcommand_id[0m=[35mInvoices_page_next_3000[0m [36mentity[0m=[35mInvoices[0m [36moptimal_top[0m=[35m1155[0m [36moriginal_top[0m=[35m1500[0m [36mworker_id[0m=[35mworker_1[0m
2025-09-24 10:31:35,266 - storage.transformer - INFO - transform_odata_response:62 - [2m2025-09-24T05:01:35.266257Z[0m [[32m[1minfo     [0m] [1mStarting transformation       [0m [[0m[1m[34mstorage.transformer[0m][0m [36mentity_name[0m=[35mOrder_Details_Extendeds[0m [36mresponse_keys[0m=[35m['@odata.context', 'value', '@odata.nextLink'][0m
2025-09-24 10:31:35,268 - storage.transformer - INFO - transform_odata_response:101 - [2m2025-09-24T05:01:35.268933Z[0m [[32m[1minfo     [0m] [1mTransformation completed      [0m [[0m[1m[34mstorage.transformer[0m][0m [36mentity_name[0m=[35mOrder_Details_Extendeds[0m [36minput_records[0m=[35m100[0m [36moutput_records[0m=[35m100[0m [36mtransformation_time_seconds[0m=[35m0.0[0m
2025-09-24 10:31:35,268 - storage.local_storage - INFO - store_processed_records:145 - [2m2025-09-24T05:01:35.268933Z[0m [[32m[1minfo     [0m] [1mStoring processed records     [0m [[0m[1m[34mstorage.local_storage[0m][0m [36mentity_name[0m=[35mOrder_Details_Extendeds[0m [36mformat[0m=[35mjson[0m [36mrecord_count[0m=[35m100[0m
2025-09-24 10:31:35,270 - storage.local_storage - INFO - store_processed_records:160 - [2m2025-09-24T05:01:35.270831Z[0m [[32m[1minfo     [0m] [1mSuccessfully stored processed records[0m [[0m[1m[34mstorage.local_storage[0m][0m [36mentity_name[0m=[35mOrder_Details_Extendeds[0m [36mfile_path[0m=[35m./test_output/processed\Order_Details_Extendeds_20250924_050135.json[0m [36mrecord_count[0m=[35m100[0m [36mstorage_time_seconds[0m=[35m0.0[0m
2025-09-24 10:31:35,270 - storage.local_storage - INFO - store_raw_response:89 - [2m2025-09-24T05:01:35.270831Z[0m [[32m[1minfo     [0m] [1mSuccessfully stored raw data  [0m [[0m[1m[34mstorage.local_storage[0m][0m [36mentity_name[0m=[35mOrder_Details_Extendeds[0m [36mfile_path[0m=[35m./test_output/raw\Order_Details_Extendeds\2025/09/24\05\Order_Details_Extendeds_page_next_1500.json[0m [36msize_bytes[0m=[35m22430[0m [36mstorage_time_seconds[0m=[35m0.0[0m
2025-09-24 10:31:35,270 - httpcore.http11 - DEBUG - atrace:87 - send_request_headers.started request=<Request [b'GET']>
2025-09-24 10:31:35,270 - httpcore.http11 - DEBUG - atrace:87 - send_request_headers.complete
2025-09-24 10:31:35,270 - httpcore.http11 - DEBUG - atrace:87 - send_request_body.started request=<Request [b'GET']>
2025-09-24 10:31:35,270 - httpcore.http11 - DEBUG - atrace:87 - send_request_body.complete
2025-09-24 10:31:35,270 - httpcore.http11 - DEBUG - atrace:87 - receive_response_headers.started request=<Request [b'GET']>
2025-09-24 10:31:35,437 - httpcore.http11 - DEBUG - atrace:87 - receive_response_headers.complete return_value=(b'HTTP/1.1', 200, b'OK', [(b'Content-Length', b'219'), (b'Content-Type', b'application/json;odata.metadata=minimal;odata.streaming=true;IEEE754Compatible=false;charset=utf-8'), (b'Date', b'Wed, 24 Sep 2025 05:01:35 GMT'), (b'Server', b'Microsoft-IIS/10.0'), (b'Access-Control-Allow-Headers', b'Accept, Origin, Content-Type, MaxDataServiceVersion'), (b'Access-Control-Allow-Methods', b'GET'), (b'Access-Control-Allow-Origin', b'*'), (b'Access-Control-Expose-Headers', b'DataServiceVersion'), (b'Cache-Control', b'private'), (b'Content-Encoding', b'gzip'), (b'Expires', b'Wed, 24 Sep 2025 05:02:35 GMT'), (b'Vary', b'*'), (b'X-Content-Type-Options', b'nosniff'), (b'OData-Version', b'4.0;'), (b'X-AspNet-Version', b'4.0.30319'), (b'X-Powered-By', b'ASP.NET')])
2025-09-24 10:31:35,437 - httpx - INFO - _send_single_request:1740 - HTTP Request: GET https://services.odata.org/V4/Northwind/Northwind.svc/Order_Details_Extendeds?%24skip=3000&%24top=1500 "HTTP/1.1 200 OK"
2025-09-24 10:31:35,437 - httpcore.http11 - DEBUG - atrace:87 - receive_response_body.started request=<Request [b'GET']>
2025-09-24 10:31:35,437 - httpcore.http11 - DEBUG - atrace:87 - receive_response_body.complete
2025-09-24 10:31:35,437 - httpcore.http11 - DEBUG - atrace:87 - response_closed.started
2025-09-24 10:31:35,437 - httpcore.http11 - DEBUG - atrace:87 - response_closed.complete
2025-09-24 10:31:35,437 - workers.proxy_pool - INFO - _make_http_request:250 - [2m2025-09-24T05:01:35.437958Z[0m [[32m[1minfo     [0m] [1m📊 Worker successfully fetched data[0m [[0m[1m[34mworkers.proxy_pool[0m][0m [36mactual_records_added[0m=[35m0[0m [36mcommand_id[0m=[35mOrder_Details_Extendeds_page_next_3000[0m [36mentity[0m=[35mOrder_Details_Extendeds[0m [36mentity_total_fetched[0m=[35m200[0m [36mglobal_total_fetched[0m=[35m4106[0m [36mhas_next_page[0m=[35mFalse[0m [36mrecords_in_response[0m=[35m0[0m [36mworker_id[0m=[35mworker_0[0m
2025-09-24 10:31:35,437 - workers.proxy_pool - INFO - execute:110 - [2m2025-09-24T05:01:35.437958Z[0m [[32m[1minfo     [0m] [1m✅ Worker completed command successfully[0m [[0m[1m[34mworkers.proxy_pool[0m][0m [36mcommand_id[0m=[35mOrder_Details_Extendeds_page_next_3000[0m [36mentity[0m=[35mOrder_Details_Extendeds[0m [36mexecution_time_seconds[0m=[35m0.31[0m [36mhas_next_page[0m=[35mFalse[0m [36mrecords_fetched[0m=[35m0[0m [36mworker_id[0m=[35mworker_0[0m
2025-09-24 10:31:35,437 - workers.proxy_pool - INFO - _worker_loop:460 - [2m2025-09-24T05:01:35.437958Z[0m [[32m[1minfo     [0m] [1m📋 Worker picked up command from queue[0m [[0m[1m[34mworkers.proxy_pool[0m][0m [36mcommand_id[0m=[35mOrder_Details_page_next_3000[0m [36mentity[0m=[35mOrder_Details[0m [36mqueue_size_after_pickup[0m=[35m1[0m [36mworker_id[0m=[35mworker_0[0m [36mworker_status[0m=[35mPROCESSING[0m
2025-09-24 10:31:35,437 - workers.proxy_pool - INFO - execute:59 - [2m2025-09-24T05:01:35.437958Z[0m [[32m[1minfo     [0m] [1m🚀 Worker starting command execution[0m [[0m[1m[34mworkers.proxy_pool[0m][0m [36mcommand_id[0m=[35mOrder_Details_page_next_3000[0m [36mcommand_type[0m=[35mfetch_page[0m [36mentity[0m=[35mOrder_Details[0m [36mpriority[0m=[35m1[0m [36mretry_count[0m=[35m0[0m [36mskip[0m=[35m3000[0m [36mtop[0m=[35m1500[0m [36mworker_id[0m=[35mworker_0[0m
2025-09-24 10:31:35,437 - workers.proxy_pool - INFO - execute:82 - [2m2025-09-24T05:01:35.437958Z[0m [[32m[1minfo     [0m] [1m🔄 Worker executing request with resilience patterns[0m [[0m[1m[34mworkers.proxy_pool[0m][0m [36mcircuit_breaker_state[0m=[35mclosed[0m [36mcommand_id[0m=[35mOrder_Details_page_next_3000[0m [36mworker_id[0m=[35mworker_0[0m
2025-09-24 10:31:35,437 - planning.record_tracker - INFO - calculate_optimal_batch_size:206 - [2m2025-09-24T05:01:35.437958Z[0m [[32m[1minfo     [0m] [1mAdjusted batch size to prevent overfetching[0m [[0m[1m[34mplanning.record_tracker[0m][0m [36mdefault_size[0m=[35m1500[0m [36mentity[0m=[35mOrder_Details[0m [36moptimal_size[0m=[35m1155[0m [36mremaining_records[0m=[35m1155[0m
2025-09-24 10:31:35,442 - workers.proxy_pool - INFO - _make_http_request:177 - [2m2025-09-24T05:01:35.442021Z[0m [[32m[1minfo     [0m] [1m📏 Adjusted batch size for optimal fetching[0m [[0m[1m[34mworkers.proxy_pool[0m][0m [36mcommand_id[0m=[35mOrder_Details_page_next_3000[0m [36mentity[0m=[35mOrder_Details[0m [36moptimal_top[0m=[35m1155[0m [36moriginal_top[0m=[35m1500[0m [36mworker_id[0m=[35mworker_0[0m
2025-09-24 10:31:35,442 - storage.transformer - INFO - transform_odata_response:62 - [2m2025-09-24T05:01:35.442021Z[0m [[32m[1minfo     [0m] [1mStarting transformation       [0m [[0m[1m[34mstorage.transformer[0m][0m [36mentity_name[0m=[35mOrder_Details_Extendeds[0m [36mresponse_keys[0m=[35m['@odata.context', 'value'][0m
2025-09-24 10:31:35,442 - storage.transformer - INFO - transform_odata_response:101 - [2m2025-09-24T05:01:35.442021Z[0m [[32m[1minfo     [0m] [1mTransformation completed      [0m [[0m[1m[34mstorage.transformer[0m][0m [36mentity_name[0m=[35mOrder_Details_Extendeds[0m [36minput_records[0m=[35m0[0m [36moutput_records[0m=[35m0[0m [36mtransformation_time_seconds[0m=[35m0.0[0m
2025-09-24 10:31:35,442 - httpcore.http11 - DEBUG - atrace:87 - send_request_headers.started request=<Request [b'GET']>
2025-09-24 10:31:35,442 - httpcore.http11 - DEBUG - atrace:87 - send_request_headers.complete
2025-09-24 10:31:35,442 - httpcore.http11 - DEBUG - atrace:87 - send_request_body.started request=<Request [b'GET']>
2025-09-24 10:31:35,442 - httpcore.http11 - DEBUG - atrace:87 - send_request_body.complete
2025-09-24 10:31:35,442 - httpcore.http11 - DEBUG - atrace:87 - receive_response_headers.started request=<Request [b'GET']>
2025-09-24 10:31:36,047 - httpcore.http11 - DEBUG - atrace:87 - receive_response_headers.complete return_value=(b'HTTP/1.1', 200, b'OK', [(b'Content-Length', b'37482'), (b'Content-Type', b'application/json;odata.metadata=minimal;odata.streaming=true;IEEE754Compatible=false;charset=utf-8'), (b'Date', b'Wed, 24 Sep 2025 05:01:35 GMT'), (b'Server', b'Microsoft-IIS/10.0'), (b'Access-Control-Allow-Headers', b'Accept, Origin, Content-Type, MaxDataServiceVersion'), (b'Access-Control-Allow-Methods', b'GET'), (b'Access-Control-Allow-Origin', b'*'), (b'Access-Control-Expose-Headers', b'DataServiceVersion'), (b'Cache-Control', b'private'), (b'Content-Encoding', b'gzip'), (b'Expires', b'Wed, 24 Sep 2025 05:02:35 GMT'), (b'Vary', b'*'), (b'X-Content-Type-Options', b'nosniff'), (b'OData-Version', b'4.0;'), (b'X-AspNet-Version', b'4.0.30319'), (b'X-Powered-By', b'ASP.NET')])
2025-09-24 10:31:36,047 - httpx - INFO - _send_single_request:1740 - HTTP Request: GET https://services.odata.org/V4/Northwind/Northwind.svc/Invoices?%24skip=1500&%24top=1155 "HTTP/1.1 200 OK"
2025-09-24 10:31:36,049 - httpcore.http11 - DEBUG - atrace:87 - receive_response_body.started request=<Request [b'GET']>
2025-09-24 10:31:36,086 - httpcore.http11 - DEBUG - atrace:87 - receive_response_headers.complete return_value=(b'HTTP/1.1', 200, b'OK', [(b'Content-Length', b'209'), (b'Content-Type', b'application/json;odata.metadata=minimal;odata.streaming=true;IEEE754Compatible=false;charset=utf-8'), (b'Date', b'Wed, 24 Sep 2025 05:01:35 GMT'), (b'Server', b'Microsoft-IIS/10.0'), (b'Access-Control-Allow-Headers', b'Accept, Origin, Content-Type, MaxDataServiceVersion'), (b'Access-Control-Allow-Methods', b'GET'), (b'Access-Control-Allow-Origin', b'*'), (b'Access-Control-Expose-Headers', b'DataServiceVersion'), (b'Cache-Control', b'private'), (b'Content-Encoding', b'gzip'), (b'Expires', b'Wed, 24 Sep 2025 05:02:35 GMT'), (b'Vary', b'*'), (b'X-Content-Type-Options', b'nosniff'), (b'OData-Version', b'4.0;'), (b'X-AspNet-Version', b'4.0.30319'), (b'X-Powered-By', b'ASP.NET')])
2025-09-24 10:31:36,087 - httpx - INFO - _send_single_request:1740 - HTTP Request: GET https://services.odata.org/V4/Northwind/Northwind.svc/Order_Details?%24skip=3000&%24top=1155 "HTTP/1.1 200 OK"
2025-09-24 10:31:36,087 - httpcore.http11 - DEBUG - atrace:87 - receive_response_body.started request=<Request [b'GET']>
2025-09-24 10:31:36,087 - httpcore.http11 - DEBUG - atrace:87 - receive_response_body.complete
2025-09-24 10:31:36,087 - httpcore.http11 - DEBUG - atrace:87 - response_closed.started
2025-09-24 10:31:36,087 - httpcore.http11 - DEBUG - atrace:87 - response_closed.complete
2025-09-24 10:31:36,087 - planning.record_tracker - WARNING - add_page_records:27 - [2m2025-09-24T05:01:36.087955Z[0m [[33m[1mwarning  [0m] [1mPage already completed        [0m [[0m[1m[34mplanning.record_tracker[0m][0m [36mentity[0m=[35mOrder_Details[0m [36mpage[0m=[35m3[0m
2025-09-24 10:31:36,087 - workers.proxy_pool - INFO - _make_http_request:250 - [2m2025-09-24T05:01:36.087955Z[0m [[32m[1minfo     [0m] [1m📊 Worker successfully fetched data[0m [[0m[1m[34mworkers.proxy_pool[0m][0m [36mactual_records_added[0m=[35m0[0m [36mcommand_id[0m=[35mOrder_Details_page_next_3000[0m [36mentity[0m=[35mOrder_Details[0m [36mentity_total_fetched[0m=[35m1000[0m [36mglobal_total_fetched[0m=[35m4106[0m [36mhas_next_page[0m=[35mFalse[0m [36mrecords_in_response[0m=[35m0[0m [36mworker_id[0m=[35mworker_0[0m
2025-09-24 10:31:36,087 - workers.proxy_pool - INFO - execute:110 - [2m2025-09-24T05:01:36.087955Z[0m [[32m[1minfo     [0m] [1m✅ Worker completed command successfully[0m [[0m[1m[34mworkers.proxy_pool[0m][0m [36mcommand_id[0m=[35mOrder_Details_page_next_3000[0m [36mentity[0m=[35mOrder_Details[0m [36mexecution_time_seconds[0m=[35m0.66[0m [36mhas_next_page[0m=[35mFalse[0m [36mrecords_fetched[0m=[35m0[0m [36mworker_id[0m=[35mworker_0[0m
2025-09-24 10:31:36,087 - workers.proxy_pool - INFO - _worker_loop:460 - [2m2025-09-24T05:01:36.087955Z[0m [[32m[1minfo     [0m] [1m📋 Worker picked up command from queue[0m [[0m[1m[34mworkers.proxy_pool[0m][0m [36mcommand_id[0m=[35mOrder_Details_Extendeds_page_next_3000[0m [36mentity[0m=[35mOrder_Details_Extendeds[0m [36mqueue_size_after_pickup[0m=[35m0[0m [36mworker_id[0m=[35mworker_0[0m [36mworker_status[0m=[35mPROCESSING[0m
2025-09-24 10:31:36,087 - workers.proxy_pool - INFO - execute:59 - [2m2025-09-24T05:01:36.087955Z[0m [[32m[1minfo     [0m] [1m🚀 Worker starting command execution[0m [[0m[1m[34mworkers.proxy_pool[0m][0m [36mcommand_id[0m=[35mOrder_Details_Extendeds_page_next_3000[0m [36mcommand_type[0m=[35mfetch_page[0m [36mentity[0m=[35mOrder_Details_Extendeds[0m [36mpriority[0m=[35m1[0m [36mretry_count[0m=[35m0[0m [36mskip[0m=[35m3000[0m [36mtop[0m=[35m1500[0m [36mworker_id[0m=[35mworker_0[0m
2025-09-24 10:31:36,087 - workers.proxy_pool - INFO - execute:82 - [2m2025-09-24T05:01:36.087955Z[0m [[32m[1minfo     [0m] [1m🔄 Worker executing request with resilience patterns[0m [[0m[1m[34mworkers.proxy_pool[0m][0m [36mcircuit_breaker_state[0m=[35mclosed[0m [36mcommand_id[0m=[35mOrder_Details_Extendeds_page_next_3000[0m [36mworker_id[0m=[35mworker_0[0m
2025-09-24 10:31:36,087 - storage.transformer - INFO - transform_odata_response:62 - [2m2025-09-24T05:01:36.087955Z[0m [[32m[1minfo     [0m] [1mStarting transformation       [0m [[0m[1m[34mstorage.transformer[0m][0m [36mentity_name[0m=[35mOrder_Details[0m [36mresponse_keys[0m=[35m['@odata.context', 'value'][0m
2025-09-24 10:31:36,091 - storage.transformer - INFO - transform_odata_response:101 - [2m2025-09-24T05:01:36.091983Z[0m [[32m[1minfo     [0m] [1mTransformation completed      [0m [[0m[1m[34mstorage.transformer[0m][0m [36mentity_name[0m=[35mOrder_Details[0m [36minput_records[0m=[35m0[0m [36moutput_records[0m=[35m0[0m [36mtransformation_time_seconds[0m=[35m0.0[0m
2025-09-24 10:31:36,091 - httpcore.http11 - DEBUG - atrace:87 - send_request_headers.started request=<Request [b'GET']>
2025-09-24 10:31:36,091 - httpcore.http11 - DEBUG - atrace:87 - send_request_headers.complete
2025-09-24 10:31:36,091 - httpcore.http11 - DEBUG - atrace:87 - send_request_body.started request=<Request [b'GET']>
2025-09-24 10:31:36,091 - httpcore.http11 - DEBUG - atrace:87 - send_request_body.complete
2025-09-24 10:31:36,091 - httpcore.http11 - DEBUG - atrace:87 - receive_response_headers.started request=<Request [b'GET']>
2025-09-24 10:31:36,202 - httpcore.http11 - DEBUG - atrace:87 - receive_response_headers.complete return_value=(b'HTTP/1.1', 200, b'OK', [(b'Content-Length', b'203'), (b'Content-Type', b'application/json;odata.metadata=minimal;odata.streaming=true;IEEE754Compatible=false;charset=utf-8'), (b'Date', b'Wed, 24 Sep 2025 05:01:36 GMT'), (b'Server', b'Microsoft-IIS/10.0'), (b'Access-Control-Allow-Headers', b'Accept, Origin, Content-Type, MaxDataServiceVersion'), (b'Access-Control-Allow-Methods', b'GET'), (b'Access-Control-Allow-Origin', b'*'), (b'Access-Control-Expose-Headers', b'DataServiceVersion'), (b'Cache-Control', b'private'), (b'Content-Encoding', b'gzip'), (b'Expires', b'Wed, 24 Sep 2025 05:02:35 GMT'), (b'Vary', b'*'), (b'X-Content-Type-Options', b'nosniff'), (b'OData-Version', b'4.0;'), (b'X-AspNet-Version', b'4.0.30319'), (b'X-Powered-By', b'ASP.NET')])
2025-09-24 10:31:36,203 - httpx - INFO - _send_single_request:1740 - HTTP Request: GET https://services.odata.org/V4/Northwind/Northwind.svc/Invoices?%24skip=3000&%24top=1155 "HTTP/1.1 200 OK"
2025-09-24 10:31:36,203 - httpcore.http11 - DEBUG - atrace:87 - receive_response_body.started request=<Request [b'GET']>
2025-09-24 10:31:36,203 - httpcore.http11 - DEBUG - atrace:87 - receive_response_body.complete
2025-09-24 10:31:36,203 - httpcore.http11 - DEBUG - atrace:87 - response_closed.started
2025-09-24 10:31:36,203 - httpcore.http11 - DEBUG - atrace:87 - response_closed.complete
2025-09-24 10:31:36,203 - workers.proxy_pool - INFO - _make_http_request:250 - [2m2025-09-24T05:01:36.203312Z[0m [[32m[1minfo     [0m] [1m📊 Worker successfully fetched data[0m [[0m[1m[34mworkers.proxy_pool[0m][0m [36mactual_records_added[0m=[35m0[0m [36mcommand_id[0m=[35mInvoices_page_next_3000[0m [36mentity[0m=[35mInvoices[0m [36mentity_total_fetched[0m=[35m1000[0m [36mglobal_total_fetched[0m=[35m4106[0m [36mhas_next_page[0m=[35mFalse[0m [36mrecords_in_response[0m=[35m0[0m [36mworker_id[0m=[35mworker_1[0m
2025-09-24 10:31:36,203 - workers.proxy_pool - INFO - execute:110 - [2m2025-09-24T05:01:36.203312Z[0m [[32m[1minfo     [0m] [1m✅ Worker completed command successfully[0m [[0m[1m[34mworkers.proxy_pool[0m][0m [36mcommand_id[0m=[35mInvoices_page_next_3000[0m [36mentity[0m=[35mInvoices[0m [36mexecution_time_seconds[0m=[35m0.95[0m [36mhas_next_page[0m=[35mFalse[0m [36mrecords_fetched[0m=[35m0[0m [36mworker_id[0m=[35mworker_1[0m
2025-09-24 10:31:36,203 - storage.transformer - INFO - transform_odata_response:62 - [2m2025-09-24T05:01:36.203312Z[0m [[32m[1minfo     [0m] [1mStarting transformation       [0m [[0m[1m[34mstorage.transformer[0m][0m [36mentity_name[0m=[35mInvoices[0m [36mresponse_keys[0m=[35m['@odata.context', 'value'][0m
2025-09-24 10:31:36,203 - storage.transformer - INFO - transform_odata_response:101 - [2m2025-09-24T05:01:36.203312Z[0m [[32m[1minfo     [0m] [1mTransformation completed      [0m [[0m[1m[34mstorage.transformer[0m][0m [36mentity_name[0m=[35mInvoices[0m [36minput_records[0m=[35m0[0m [36moutput_records[0m=[35m0[0m [36mtransformation_time_seconds[0m=[35m0.0[0m
2025-09-24 10:31:36,366 - httpcore.http11 - DEBUG - atrace:87 - receive_response_headers.complete return_value=(b'HTTP/1.1', 200, b'OK', [(b'Content-Length', b'219'), (b'Content-Type', b'application/json;odata.metadata=minimal;odata.streaming=true;IEEE754Compatible=false;charset=utf-8'), (b'Date', b'Wed, 24 Sep 2025 05:01:36 GMT'), (b'Server', b'Microsoft-IIS/10.0'), (b'Access-Control-Allow-Headers', b'Accept, Origin, Content-Type, MaxDataServiceVersion'), (b'Access-Control-Allow-Methods', b'GET'), (b'Access-Control-Allow-Origin', b'*'), (b'Access-Control-Expose-Headers', b'DataServiceVersion'), (b'Cache-Control', b'private'), (b'Content-Encoding', b'gzip'), (b'Expires', b'Wed, 24 Sep 2025 05:02:35 GMT'), (b'Vary', b'*'), (b'X-Content-Type-Options', b'nosniff'), (b'OData-Version', b'4.0;'), (b'X-AspNet-Version', b'4.0.30319'), (b'X-Powered-By', b'ASP.NET')])
2025-09-24 10:31:36,368 - httpx - INFO - _send_single_request:1740 - HTTP Request: GET https://services.odata.org/V4/Northwind/Northwind.svc/Order_Details_Extendeds?%24skip=3000&%24top=1500 "HTTP/1.1 200 OK"
2025-09-24 10:31:36,369 - httpcore.http11 - DEBUG - atrace:87 - receive_response_body.started request=<Request [b'GET']>
2025-09-24 10:31:36,369 - httpcore.http11 - DEBUG - atrace:87 - receive_response_body.complete
2025-09-24 10:31:36,369 - httpcore.http11 - DEBUG - atrace:87 - response_closed.started
2025-09-24 10:31:36,369 - httpcore.http11 - DEBUG - atrace:87 - response_closed.complete
2025-09-24 10:31:36,369 - planning.record_tracker - WARNING - add_page_records:27 - [2m2025-09-24T05:01:36.369194Z[0m [[33m[1mwarning  [0m] [1mPage already completed        [0m [[0m[1m[34mplanning.record_tracker[0m][0m [36mentity[0m=[35mOrder_Details_Extendeds[0m [36mpage[0m=[35m3[0m
2025-09-24 10:31:36,369 - workers.proxy_pool - INFO - _make_http_request:250 - [2m2025-09-24T05:01:36.369194Z[0m [[32m[1minfo     [0m] [1m📊 Worker successfully fetched data[0m [[0m[1m[34mworkers.proxy_pool[0m][0m [36mactual_records_added[0m=[35m0[0m [36mcommand_id[0m=[35mOrder_Details_Extendeds_page_next_3000[0m [36mentity[0m=[35mOrder_Details_Extendeds[0m [36mentity_total_fetched[0m=[35m200[0m [36mglobal_total_fetched[0m=[35m4106[0m [36mhas_next_page[0m=[35mFalse[0m [36mrecords_in_response[0m=[35m0[0m [36mworker_id[0m=[35mworker_0[0m
2025-09-24 10:31:36,369 - workers.proxy_pool - INFO - execute:110 - [2m2025-09-24T05:01:36.369194Z[0m [[32m[1minfo     [0m] [1m✅ Worker completed command successfully[0m [[0m[1m[34mworkers.proxy_pool[0m][0m [36mcommand_id[0m=[35mOrder_Details_Extendeds_page_next_3000[0m [36mentity[0m=[35mOrder_Details_Extendeds[0m [36mexecution_time_seconds[0m=[35m0.28[0m [36mhas_next_page[0m=[35mFalse[0m [36mrecords_fetched[0m=[35m0[0m [36mworker_id[0m=[35mworker_0[0m
2025-09-24 10:31:36,369 - storage.transformer - INFO - transform_odata_response:62 - [2m2025-09-24T05:01:36.369194Z[0m [[32m[1minfo     [0m] [1mStarting transformation       [0m [[0m[1m[34mstorage.transformer[0m][0m [36mentity_name[0m=[35mOrder_Details_Extendeds[0m [36mresponse_keys[0m=[35m['@odata.context', 'value'][0m
2025-09-24 10:31:36,369 - storage.transformer - INFO - transform_odata_response:101 - [2m2025-09-24T05:01:36.369194Z[0m [[32m[1minfo     [0m] [1mTransformation completed      [0m [[0m[1m[34mstorage.transformer[0m][0m [36mentity_name[0m=[35mOrder_Details_Extendeds[0m [36minput_records[0m=[35m0[0m [36moutput_records[0m=[35m0[0m [36mtransformation_time_seconds[0m=[35m0.0[0m
2025-09-24 10:31:36,917 - httpcore.http11 - DEBUG - atrace:87 - receive_response_body.complete
2025-09-24 10:31:36,918 - httpcore.http11 - DEBUG - atrace:87 - response_closed.started
2025-09-24 10:31:36,918 - httpcore.http11 - DEBUG - atrace:87 - response_closed.complete
2025-09-24 10:31:36,919 - planning.record_tracker - WARNING - add_page_records:27 - [2m2025-09-24T05:01:36.919792Z[0m [[33m[1mwarning  [0m] [1mPage already completed        [0m [[0m[1m[34mplanning.record_tracker[0m][0m [36mentity[0m=[35mInvoices[0m [36mpage[0m=[35m2[0m
2025-09-24 10:31:36,919 - workers.proxy_pool - INFO - _make_http_request:250 - [2m2025-09-24T05:01:36.919792Z[0m [[32m[1minfo     [0m] [1m📊 Worker successfully fetched data[0m [[0m[1m[34mworkers.proxy_pool[0m][0m [36mactual_records_added[0m=[35m500[0m [36mcommand_id[0m=[35mInvoices_page_next_1500[0m [36mentity[0m=[35mInvoices[0m [36mentity_total_fetched[0m=[35m1000[0m [36mglobal_total_fetched[0m=[35m4606[0m [36mhas_next_page[0m=[35mTrue[0m [36mrecords_in_response[0m=[35m500[0m [36mworker_id[0m=[35mworker_2[0m
2025-09-24 10:31:36,919 - workers.proxy_pool - INFO - execute:110 - [2m2025-09-24T05:01:36.919792Z[0m [[32m[1minfo     [0m] [1m✅ Worker completed command successfully[0m [[0m[1m[34mworkers.proxy_pool[0m][0m [36mcommand_id[0m=[35mInvoices_page_next_1500[0m [36mentity[0m=[35mInvoices[0m [36mexecution_time_seconds[0m=[35m1.7[0m [36mhas_next_page[0m=[35mTrue[0m [36mrecords_fetched[0m=[35m500[0m [36mworker_id[0m=[35mworker_2[0m
2025-09-24 10:31:36,919 - storage.transformer - INFO - transform_odata_response:62 - [2m2025-09-24T05:01:36.919792Z[0m [[32m[1minfo     [0m] [1mStarting transformation       [0m [[0m[1m[34mstorage.transformer[0m][0m [36mentity_name[0m=[35mInvoices[0m [36mresponse_keys[0m=[35m['@odata.context', 'value', '@odata.nextLink'][0m
2025-09-24 10:31:36,919 - storage.transformer - INFO - transform_odata_response:101 - [2m2025-09-24T05:01:36.919792Z[0m [[32m[1minfo     [0m] [1mTransformation completed      [0m [[0m[1m[34mstorage.transformer[0m][0m [36mentity_name[0m=[35mInvoices[0m [36minput_records[0m=[35m500[0m [36moutput_records[0m=[35m500[0m [36mtransformation_time_seconds[0m=[35m0.0[0m
2025-09-24 10:31:36,919 - storage.local_storage - INFO - store_processed_records:145 - [2m2025-09-24T05:01:36.919792Z[0m [[32m[1minfo     [0m] [1mStoring processed records     [0m [[0m[1m[34mstorage.local_storage[0m][0m [36mentity_name[0m=[35mInvoices[0m [36mformat[0m=[35mjson[0m [36mrecord_count[0m=[35m500[0m
2025-09-24 10:31:36,937 - storage.local_storage - INFO - store_processed_records:160 - [2m2025-09-24T05:01:36.937798Z[0m [[32m[1minfo     [0m] [1mSuccessfully stored processed records[0m [[0m[1m[34mstorage.local_storage[0m][0m [36mentity_name[0m=[35mInvoices[0m [36mfile_path[0m=[35m./test_output/processed\Invoices_20250924_050136.json[0m [36mrecord_count[0m=[35m500[0m [36mstorage_time_seconds[0m=[35m0.016[0m
2025-09-24 10:31:36,941 - storage.local_storage - INFO - store_raw_response:89 - [2m2025-09-24T05:01:36.941933Z[0m [[32m[1minfo     [0m] [1mSuccessfully stored raw data  [0m [[0m[1m[34mstorage.local_storage[0m][0m [36mentity_name[0m=[35mInvoices[0m [36mfile_path[0m=[35m./test_output/raw\Invoices\2025/09/24\05\Invoices_page_next_1500.json[0m [36msize_bytes[0m=[35m453362[0m [36mstorage_time_seconds[0m=[35m0.0[0m
2025-09-24 10:31:36,941 - workers.proxy_pool - INFO - _worker_loop:460 - [2m2025-09-24T05:01:36.941933Z[0m [[32m[1minfo     [0m] [1m📋 Worker picked up command from queue[0m [[0m[1m[34mworkers.proxy_pool[0m][0m [36mcommand_id[0m=[35mInvoices_page_next_3000[0m [36mentity[0m=[35mInvoices[0m [36mqueue_size_after_pickup[0m=[35m0[0m [36mworker_id[0m=[35mworker_1[0m [36mworker_status[0m=[35mPROCESSING[0m
2025-09-24 10:31:36,943 - workers.proxy_pool - INFO - execute:59 - [2m2025-09-24T05:01:36.943977Z[0m [[32m[1minfo     [0m] [1m🚀 Worker starting command execution[0m [[0m[1m[34mworkers.proxy_pool[0m][0m [36mcommand_id[0m=[35mInvoices_page_next_3000[0m [36mcommand_type[0m=[35mfetch_page[0m [36mentity[0m=[35mInvoices[0m [36mpriority[0m=[35m1[0m [36mretry_count[0m=[35m0[0m [36mskip[0m=[35m3000[0m [36mtop[0m=[35m1500[0m [36mworker_id[0m=[35mworker_1[0m
2025-09-24 10:31:36,943 - workers.proxy_pool - INFO - execute:82 - [2m2025-09-24T05:01:36.943977Z[0m [[32m[1minfo     [0m] [1m🔄 Worker executing request with resilience patterns[0m [[0m[1m[34mworkers.proxy_pool[0m][0m [36mcircuit_breaker_state[0m=[35mclosed[0m [36mcommand_id[0m=[35mInvoices_page_next_3000[0m [36mworker_id[0m=[35mworker_1[0m
2025-09-24 10:31:36,943 - planning.record_tracker - INFO - calculate_optimal_batch_size:206 - [2m2025-09-24T05:01:36.943977Z[0m [[32m[1minfo     [0m] [1mAdjusted batch size to prevent overfetching[0m [[0m[1m[34mplanning.record_tracker[0m][0m [36mdefault_size[0m=[35m1500[0m [36mentity[0m=[35mInvoices[0m [36moptimal_size[0m=[35m1155[0m [36mremaining_records[0m=[35m1155[0m
2025-09-24 10:31:36,943 - workers.proxy_pool - INFO - _make_http_request:177 - [2m2025-09-24T05:01:36.943977Z[0m [[32m[1minfo     [0m] [1m📏 Adjusted batch size for optimal fetching[0m [[0m[1m[34mworkers.proxy_pool[0m][0m [36mcommand_id[0m=[35mInvoices_page_next_3000[0m [36mentity[0m=[35mInvoices[0m [36moptimal_top[0m=[35m1155[0m [36moriginal_top[0m=[35m1500[0m [36mworker_id[0m=[35mworker_1[0m
2025-09-24 10:31:36,943 - httpcore.http11 - DEBUG - atrace:87 - send_request_headers.started request=<Request [b'GET']>
2025-09-24 10:31:36,943 - httpcore.http11 - DEBUG - atrace:87 - send_request_headers.complete
2025-09-24 10:31:36,943 - httpcore.http11 - DEBUG - atrace:87 - send_request_body.started request=<Request [b'GET']>
2025-09-24 10:31:36,943 - httpcore.http11 - DEBUG - atrace:87 - send_request_body.complete
2025-09-24 10:31:36,943 - httpcore.http11 - DEBUG - atrace:87 - receive_response_headers.started request=<Request [b'GET']>
2025-09-24 10:31:37,653 - httpcore.http11 - DEBUG - atrace:87 - receive_response_headers.complete return_value=(b'HTTP/1.1', 200, b'OK', [(b'Content-Length', b'203'), (b'Content-Type', b'application/json;odata.metadata=minimal;odata.streaming=true;IEEE754Compatible=false;charset=utf-8'), (b'Date', b'Wed, 24 Sep 2025 05:01:37 GMT'), (b'Server', b'Microsoft-IIS/10.0'), (b'Access-Control-Allow-Headers', b'Accept, Origin, Content-Type, MaxDataServiceVersion'), (b'Access-Control-Allow-Methods', b'GET'), (b'Access-Control-Allow-Origin', b'*'), (b'Access-Control-Expose-Headers', b'DataServiceVersion'), (b'Cache-Control', b'private'), (b'Content-Encoding', b'gzip'), (b'Expires', b'Wed, 24 Sep 2025 05:02:35 GMT'), (b'Vary', b'*'), (b'X-Content-Type-Options', b'nosniff'), (b'OData-Version', b'4.0;'), (b'X-AspNet-Version', b'4.0.30319'), (b'X-Powered-By', b'ASP.NET')])
2025-09-24 10:31:37,653 - httpx - INFO - _send_single_request:1740 - HTTP Request: GET https://services.odata.org/V4/Northwind/Northwind.svc/Invoices?%24skip=3000&%24top=1155 "HTTP/1.1 200 OK"
2025-09-24 10:31:37,666 - httpcore.http11 - DEBUG - atrace:87 - receive_response_body.started request=<Request [b'GET']>
2025-09-24 10:31:37,666 - httpcore.http11 - DEBUG - atrace:87 - receive_response_body.complete
2025-09-24 10:31:37,666 - httpcore.http11 - DEBUG - atrace:87 - response_closed.started
2025-09-24 10:31:37,666 - httpcore.http11 - DEBUG - atrace:87 - response_closed.complete
2025-09-24 10:31:37,668 - planning.record_tracker - WARNING - add_page_records:27 - [2m2025-09-24T05:01:37.668248Z[0m [[33m[1mwarning  [0m] [1mPage already completed        [0m [[0m[1m[34mplanning.record_tracker[0m][0m [36mentity[0m=[35mInvoices[0m [36mpage[0m=[35m3[0m
2025-09-24 10:31:37,669 - workers.proxy_pool - INFO - _make_http_request:250 - [2m2025-09-24T05:01:37.669248Z[0m [[32m[1minfo     [0m] [1m📊 Worker successfully fetched data[0m [[0m[1m[34mworkers.proxy_pool[0m][0m [36mactual_records_added[0m=[35m0[0m [36mcommand_id[0m=[35mInvoices_page_next_3000[0m [36mentity[0m=[35mInvoices[0m [36mentity_total_fetched[0m=[35m1000[0m [36mglobal_total_fetched[0m=[35m4606[0m [36mhas_next_page[0m=[35mFalse[0m [36mrecords_in_response[0m=[35m0[0m [36mworker_id[0m=[35mworker_1[0m
2025-09-24 10:31:37,670 - workers.proxy_pool - INFO - execute:110 - [2m2025-09-24T05:01:37.670770Z[0m [[32m[1minfo     [0m] [1m✅ Worker completed command successfully[0m [[0m[1m[34mworkers.proxy_pool[0m][0m [36mcommand_id[0m=[35mInvoices_page_next_3000[0m [36mentity[0m=[35mInvoices[0m [36mexecution_time_seconds[0m=[35m0.73[0m [36mhas_next_page[0m=[35mFalse[0m [36mrecords_fetched[0m=[35m0[0m [36mworker_id[0m=[35mworker_1[0m
2025-09-24 10:31:37,670 - storage.transformer - INFO - transform_odata_response:62 - [2m2025-09-24T05:01:37.670770Z[0m [[32m[1minfo     [0m] [1mStarting transformation       [0m [[0m[1m[34mstorage.transformer[0m][0m [36mentity_name[0m=[35mInvoices[0m [36mresponse_keys[0m=[35m['@odata.context', 'value'][0m
2025-09-24 10:31:37,672 - storage.transformer - INFO - transform_odata_response:101 - [2m2025-09-24T05:01:37.672795Z[0m [[32m[1minfo     [0m] [1mTransformation completed      [0m [[0m[1m[34mstorage.transformer[0m][0m [36mentity_name[0m=[35mInvoices[0m [36minput_records[0m=[35m0[0m [36moutput_records[0m=[35m0[0m [36mtransformation_time_seconds[0m=[35m0.0[0m
2025-09-24 10:31:38,485 - connector - INFO - _monitor_execution:403 - [2m2025-09-24T05:01:38.484466Z[0m [[32m[1minfo     [0m] [1m📊 Execution progress          [0m [[0m[1m[34mconnector[0m][0m [36mactive_workers[0m=[35m3[0m [36mcommands_executed[0m=[35m45[0m [36mqueue_size[0m=[35m0[0m [36mrecords_processed[0m=[35m4606[0m
2025-09-24 10:31:48,535 - connector - INFO - _monitor_execution:403 - [2m2025-09-24T05:01:48.535544Z[0m [[32m[1minfo     [0m] [1m📊 Execution progress          [0m [[0m[1m[34mconnector[0m][0m [36mactive_workers[0m=[35m3[0m [36mcommands_executed[0m=[35m45[0m [36mqueue_size[0m=[35m0[0m [36mrecords_processed[0m=[35m4606[0m
2025-09-24 10:31:58,647 - connector - INFO - _monitor_execution:403 - [2m2025-09-24T05:01:58.647027Z[0m [[32m[1minfo     [0m] [1m📊 Execution progress          [0m [[0m[1m[34mconnector[0m][0m [36mactive_workers[0m=[35m3[0m [36mcommands_executed[0m=[35m45[0m [36mqueue_size[0m=[35m0[0m [36mrecords_processed[0m=[35m4606[0m
2025-09-24 10:32:08,819 - connector - INFO - _monitor_execution:403 - [2m2025-09-24T05:02:08.819258Z[0m [[32m[1minfo     [0m] [1m📊 Execution progress          [0m [[0m[1m[34mconnector[0m][0m [36mactive_workers[0m=[35m3[0m [36mcommands_executed[0m=[35m45[0m [36mqueue_size[0m=[35m0[0m [36mrecords_processed[0m=[35m4606[0m
2025-09-24 10:32:18,937 - connector - INFO - _monitor_execution:403 - [2m2025-09-24T05:02:18.937097Z[0m [[32m[1minfo     [0m] [1m📊 Execution progress          [0m [[0m[1m[34mconnector[0m][0m [36mactive_workers[0m=[35m3[0m [36mcommands_executed[0m=[35m45[0m [36mqueue_size[0m=[35m0[0m [36mrecords_processed[0m=[35m4606[0m
2025-09-24 10:32:29,003 - connector - INFO - _monitor_execution:403 - [2m2025-09-24T05:02:29.003602Z[0m [[32m[1minfo     [0m] [1m📊 Execution progress          [0m [[0m[1m[34mconnector[0m][0m [36mactive_workers[0m=[35m3[0m [36mcommands_executed[0m=[35m45[0m [36mqueue_size[0m=[35m0[0m [36mrecords_processed[0m=[35m4606[0m
2025-09-24 10:32:39,069 - connector - INFO - _monitor_execution:403 - [2m2025-09-24T05:02:39.069938Z[0m [[32m[1minfo     [0m] [1m📊 Execution progress          [0m [[0m[1m[34mconnector[0m][0m [36mactive_workers[0m=[35m3[0m [36mcommands_executed[0m=[35m45[0m [36mqueue_size[0m=[35m0[0m [36mrecords_processed[0m=[35m4606[0m
2025-09-24 10:32:49,151 - connector - INFO - _monitor_execution:403 - [2m2025-09-24T05:02:49.151957Z[0m [[32m[1minfo     [0m] [1m📊 Execution progress          [0m [[0m[1m[34mconnector[0m][0m [36mactive_workers[0m=[35m3[0m [36mcommands_executed[0m=[35m45[0m [36mqueue_size[0m=[35m0[0m [36mrecords_processed[0m=[35m4606[0m
2025-09-24 10:32:59,265 - connector - INFO - _monitor_execution:403 - [2m2025-09-24T05:02:59.265608Z[0m [[32m[1minfo     [0m] [1m📊 Execution progress          [0m [[0m[1m[34mconnector[0m][0m [36mactive_workers[0m=[35m3[0m [36mcommands_executed[0m=[35m45[0m [36mqueue_size[0m=[35m0[0m [36mrecords_processed[0m=[35m4606[0m
2025-09-24 10:33:09,302 - connector - INFO - _monitor_execution:403 - [2m2025-09-24T05:03:09.302430Z[0m [[32m[1minfo     [0m] [1m📊 Execution progress          [0m [[0m[1m[34mconnector[0m][0m [36mactive_workers[0m=[35m3[0m [36mcommands_executed[0m=[35m45[0m [36mqueue_size[0m=[35m0[0m [36mrecords_processed[0m=[35m4606[0m
2025-09-24 10:33:19,304 - connector - INFO - _monitor_execution:403 - [2m2025-09-24T05:03:19.304087Z[0m [[32m[1minfo     [0m] [1m📊 Execution progress          [0m [[0m[1m[34mconnector[0m][0m [36mactive_workers[0m=[35m3[0m [36mcommands_executed[0m=[35m45[0m [36mqueue_size[0m=[35m0[0m [36mrecords_processed[0m=[35m4606[0m
2025-09-24 10:33:29,407 - connector - INFO - _monitor_execution:403 - [2m2025-09-24T05:03:29.407318Z[0m [[32m[1minfo     [0m] [1m📊 Execution progress          [0m [[0m[1m[34mconnector[0m][0m [36mactive_workers[0m=[35m3[0m [36mcommands_executed[0m=[35m45[0m [36mqueue_size[0m=[35m0[0m [36mrecords_processed[0m=[35m4606[0m
2025-09-24 10:33:39,471 - connector - INFO - _monitor_execution:403 - [2m2025-09-24T05:03:39.471092Z[0m [[32m[1minfo     [0m] [1m📊 Execution progress          [0m [[0m[1m[34mconnector[0m][0m [36mactive_workers[0m=[35m3[0m [36mcommands_executed[0m=[35m45[0m [36mqueue_size[0m=[35m0[0m [36mrecords_processed[0m=[35m4606[0m
2025-09-24 10:33:49,604 - connector - INFO - _monitor_execution:403 - [2m2025-09-24T05:03:49.603358Z[0m [[32m[1minfo     [0m] [1m📊 Execution progress          [0m [[0m[1m[34mconnector[0m][0m [36mactive_workers[0m=[35m3[0m [36mcommands_executed[0m=[35m45[0m [36mqueue_size[0m=[35m0[0m [36mrecords_processed[0m=[35m4606[0m
2025-09-24 10:33:59,638 - connector - INFO - _monitor_execution:403 - [2m2025-09-24T05:03:59.638524Z[0m [[32m[1minfo     [0m] [1m📊 Execution progress          [0m [[0m[1m[34mconnector[0m][0m [36mactive_workers[0m=[35m3[0m [36mcommands_executed[0m=[35m45[0m [36mqueue_size[0m=[35m0[0m [36mrecords_processed[0m=[35m4606[0m
2025-09-24 10:34:09,771 - connector - INFO - _monitor_execution:403 - [2m2025-09-24T05:04:09.771127Z[0m [[32m[1minfo     [0m] [1m📊 Execution progress          [0m [[0m[1m[34mconnector[0m][0m [36mactive_workers[0m=[35m3[0m [36mcommands_executed[0m=[35m45[0m [36mqueue_size[0m=[35m0[0m [36mrecords_processed[0m=[35m4606[0m
2025-09-24 10:34:19,870 - connector - INFO - _monitor_execution:403 - [2m2025-09-24T05:04:19.870726Z[0m [[32m[1minfo     [0m] [1m📊 Execution progress          [0m [[0m[1m[34mconnector[0m][0m [36mactive_workers[0m=[35m3[0m [36mcommands_executed[0m=[35m45[0m [36mqueue_size[0m=[35m0[0m [36mrecords_processed[0m=[35m4606[0m
2025-09-24 10:34:29,921 - connector - INFO - _monitor_execution:403 - [2m2025-09-24T05:04:29.921422Z[0m [[32m[1minfo     [0m] [1m📊 Execution progress          [0m [[0m[1m[34mconnector[0m][0m [36mactive_workers[0m=[35m3[0m [36mcommands_executed[0m=[35m45[0m [36mqueue_size[0m=[35m0[0m [36mrecords_processed[0m=[35m4606[0m
2025-09-24 10:34:40,050 - connector - INFO - _monitor_execution:403 - [2m2025-09-24T05:04:40.050200Z[0m [[32m[1minfo     [0m] [1m📊 Execution progress          [0m [[0m[1m[34mconnector[0m][0m [36mactive_workers[0m=[35m3[0m [36mcommands_executed[0m=[35m45[0m [36mqueue_size[0m=[35m0[0m [36mrecords_processed[0m=[35m4606[0m
2025-09-24 10:34:50,102 - connector - INFO - _monitor_execution:403 - [2m2025-09-24T05:04:50.102324Z[0m [[32m[1minfo     [0m] [1m📊 Execution progress          [0m [[0m[1m[34mconnector[0m][0m [36mactive_workers[0m=[35m3[0m [36mcommands_executed[0m=[35m45[0m [36mqueue_size[0m=[35m0[0m [36mrecords_processed[0m=[35m4606[0m
2025-09-24 10:35:00,207 - connector - INFO - _monitor_execution:403 - [2m2025-09-24T05:05:00.207856Z[0m [[32m[1minfo     [0m] [1m📊 Execution progress          [0m [[0m[1m[34mconnector[0m][0m [36mactive_workers[0m=[35m3[0m [36mcommands_executed[0m=[35m45[0m [36mqueue_size[0m=[35m0[0m [36mrecords_processed[0m=[35m4606[0m
2025-09-24 10:35:10,321 - connector - INFO - _monitor_execution:403 - [2m2025-09-24T05:05:10.320751Z[0m [[32m[1minfo     [0m] [1m📊 Execution progress          [0m [[0m[1m[34mconnector[0m][0m [36mactive_workers[0m=[35m3[0m [36mcommands_executed[0m=[35m45[0m [36mqueue_size[0m=[35m0[0m [36mrecords_processed[0m=[35m4606[0m
2025-09-24 10:35:20,428 - connector - INFO - _monitor_execution:403 - [2m2025-09-24T05:05:20.426789Z[0m [[32m[1minfo     [0m] [1m📊 Execution progress          [0m [[0m[1m[34mconnector[0m][0m [36mactive_workers[0m=[35m3[0m [36mcommands_executed[0m=[35m45[0m [36mqueue_size[0m=[35m0[0m [36mrecords_processed[0m=[35m4606[0m
2025-09-24 10:35:30,487 - connector - INFO - _monitor_execution:403 - [2m2025-09-24T05:05:30.486757Z[0m [[32m[1minfo     [0m] [1m📊 Execution progress          [0m [[0m[1m[34mconnector[0m][0m [36mactive_workers[0m=[35m3[0m [36mcommands_executed[0m=[35m45[0m [36mqueue_size[0m=[35m0[0m [36mrecords_processed[0m=[35m4606[0m
2025-09-24 10:35:40,604 - connector - INFO - _monitor_execution:403 - [2m2025-09-24T05:05:40.604038Z[0m [[32m[1minfo     [0m] [1m📊 Execution progress          [0m [[0m[1m[34mconnector[0m][0m [36mactive_workers[0m=[35m3[0m [36mcommands_executed[0m=[35m45[0m [36mqueue_size[0m=[35m0[0m [36mrecords_processed[0m=[35m4606[0m
2025-09-24 10:35:50,673 - connector - INFO - _monitor_execution:403 - [2m2025-09-24T05:05:50.673494Z[0m [[32m[1minfo     [0m] [1m📊 Execution progress          [0m [[0m[1m[34mconnector[0m][0m [36mactive_workers[0m=[35m3[0m [36mcommands_executed[0m=[35m45[0m [36mqueue_size[0m=[35m0[0m [36mrecords_processed[0m=[35m4606[0m
2025-09-24 10:36:00,810 - connector - INFO - _monitor_execution:403 - [2m2025-09-24T05:06:00.810752Z[0m [[32m[1minfo     [0m] [1m📊 Execution progress          [0m [[0m[1m[34mconnector[0m][0m [36mactive_workers[0m=[35m3[0m [36mcommands_executed[0m=[35m45[0m [36mqueue_size[0m=[35m0[0m [36mrecords_processed[0m=[35m4606[0m
2025-09-24 10:36:11,049 - connector - INFO - _monitor_execution:403 - [2m2025-09-24T05:06:11.049761Z[0m [[32m[1minfo     [0m] [1m📊 Execution progress          [0m [[0m[1m[34mconnector[0m][0m [36mactive_workers[0m=[35m3[0m [36mcommands_executed[0m=[35m45[0m [36mqueue_size[0m=[35m0[0m [36mrecords_processed[0m=[35m4606[0m
2025-09-24 10:36:21,130 - connector - INFO - _monitor_execution:403 - [2m2025-09-24T05:06:21.130438Z[0m [[32m[1minfo     [0m] [1m📊 Execution progress          [0m [[0m[1m[34mconnector[0m][0m [36mactive_workers[0m=[35m3[0m [36mcommands_executed[0m=[35m45[0m [36mqueue_size[0m=[35m0[0m [36mrecords_processed[0m=[35m4606[0m
2025-09-24 10:36:31,175 - connector - INFO - _monitor_execution:403 - [2m2025-09-24T05:06:31.175061Z[0m [[32m[1minfo     [0m] [1m📊 Execution progress          [0m [[0m[1m[34mconnector[0m][0m [36mactive_workers[0m=[35m3[0m [36mcommands_executed[0m=[35m45[0m [36mqueue_size[0m=[35m0[0m [36mrecords_processed[0m=[35m4606[0m
2025-09-24 10:36:41,258 - connector - INFO - _monitor_execution:403 - [2m2025-09-24T05:06:41.258083Z[0m [[32m[1minfo     [0m] [1m📊 Execution progress          [0m [[0m[1m[34mconnector[0m][0m [36mactive_workers[0m=[35m3[0m [36mcommands_executed[0m=[35m45[0m [36mqueue_size[0m=[35m0[0m [36mrecords_processed[0m=[35m4606[0m
2025-09-24 10:36:51,376 - connector - INFO - _monitor_execution:403 - [2m2025-09-24T05:06:51.376827Z[0m [[32m[1minfo     [0m] [1m📊 Execution progress          [0m [[0m[1m[34mconnector[0m][0m [36mactive_workers[0m=[35m3[0m [36mcommands_executed[0m=[35m45[0m [36mqueue_size[0m=[35m0[0m [36mrecords_processed[0m=[35m4606[0m
2025-09-24 10:37:01,419 - connector - INFO - _monitor_execution:403 - [2m2025-09-24T05:07:01.419622Z[0m [[32m[1minfo     [0m] [1m📊 Execution progress          [0m [[0m[1m[34mconnector[0m][0m [36mactive_workers[0m=[35m3[0m [36mcommands_executed[0m=[35m45[0m [36mqueue_size[0m=[35m0[0m [36mrecords_processed[0m=[35m4606[0m
2025-09-24 10:37:11,444 - connector - INFO - _monitor_execution:403 - [2m2025-09-24T05:07:11.444579Z[0m [[32m[1minfo     [0m] [1m📊 Execution progress          [0m [[0m[1m[34mconnector[0m][0m [36mactive_workers[0m=[35m3[0m [36mcommands_executed[0m=[35m45[0m [36mqueue_size[0m=[35m0[0m [36mrecords_processed[0m=[35m4606[0m
2025-09-24 10:37:21,481 - connector - INFO - _monitor_execution:403 - [2m2025-09-24T05:07:21.481835Z[0m [[32m[1minfo     [0m] [1m📊 Execution progress          [0m [[0m[1m[34mconnector[0m][0m [36mactive_workers[0m=[35m3[0m [36mcommands_executed[0m=[35m45[0m [36mqueue_size[0m=[35m0[0m [36mrecords_processed[0m=[35m4606[0m
2025-09-24 10:37:31,594 - connector - INFO - _monitor_execution:403 - [2m2025-09-24T05:07:31.594526Z[0m [[32m[1minfo     [0m] [1m📊 Execution progress          [0m [[0m[1m[34mconnector[0m][0m [36mactive_workers[0m=[35m3[0m [36mcommands_executed[0m=[35m45[0m [36mqueue_size[0m=[35m0[0m [36mrecords_processed[0m=[35m4606[0m
2025-09-24 10:37:41,675 - connector - INFO - _monitor_execution:403 - [2m2025-09-24T05:07:41.675318Z[0m [[32m[1minfo     [0m] [1m📊 Execution progress          [0m [[0m[1m[34mconnector[0m][0m [36mactive_workers[0m=[35m3[0m [36mcommands_executed[0m=[35m45[0m [36mqueue_size[0m=[35m0[0m [36mrecords_processed[0m=[35m4606[0m
2025-09-24 10:37:51,771 - connector - INFO - _monitor_execution:403 - [2m2025-09-24T05:07:51.770565Z[0m [[32m[1minfo     [0m] [1m📊 Execution progress          [0m [[0m[1m[34mconnector[0m][0m [36mactive_workers[0m=[35m3[0m [36mcommands_executed[0m=[35m45[0m [36mqueue_size[0m=[35m0[0m [36mrecords_processed[0m=[35m4606[0m
2025-09-24 10:38:01,830 - connector - INFO - _monitor_execution:403 - [2m2025-09-24T05:08:01.830432Z[0m [[32m[1minfo     [0m] [1m📊 Execution progress          [0m [[0m[1m[34mconnector[0m][0m [36mactive_workers[0m=[35m3[0m [36mcommands_executed[0m=[35m45[0m [36mqueue_size[0m=[35m0[0m [36mrecords_processed[0m=[35m4606[0m
2025-09-24 10:38:11,881 - connector - INFO - _monitor_execution:403 - [2m2025-09-24T05:08:11.881852Z[0m [[32m[1minfo     [0m] [1m📊 Execution progress          [0m [[0m[1m[34mconnector[0m][0m [36mactive_workers[0m=[35m3[0m [36mcommands_executed[0m=[35m45[0m [36mqueue_size[0m=[35m0[0m [36mrecords_processed[0m=[35m4606[0m
2025-09-24 10:38:21,914 - connector - INFO - _monitor_execution:403 - [2m2025-09-24T05:08:21.914353Z[0m [[32m[1minfo     [0m] [1m📊 Execution progress          [0m [[0m[1m[34mconnector[0m][0m [36mactive_workers[0m=[35m3[0m [36mcommands_executed[0m=[35m45[0m [36mqueue_size[0m=[35m0[0m [36mrecords_processed[0m=[35m4606[0m
2025-09-24 10:38:31,940 - connector - INFO - _monitor_execution:403 - [2m2025-09-24T05:08:31.940551Z[0m [[32m[1minfo     [0m] [1m📊 Execution progress          [0m [[0m[1m[34mconnector[0m][0m [36mactive_workers[0m=[35m3[0m [36mcommands_executed[0m=[35m45[0m [36mqueue_size[0m=[35m0[0m [36mrecords_processed[0m=[35m4606[0m
2025-09-24 10:38:42,060 - connector - INFO - _monitor_execution:403 - [2m2025-09-24T05:08:42.060517Z[0m [[32m[1minfo     [0m] [1m📊 Execution progress          [0m [[0m[1m[34mconnector[0m][0m [36mactive_workers[0m=[35m3[0m [36mcommands_executed[0m=[35m45[0m [36mqueue_size[0m=[35m0[0m [36mrecords_processed[0m=[35m4606[0m
2025-09-24 10:38:52,130 - connector - INFO - _monitor_execution:403 - [2m2025-09-24T05:08:52.130103Z[0m [[32m[1minfo     [0m] [1m📊 Execution progress          [0m [[0m[1m[34mconnector[0m][0m [36mactive_workers[0m=[35m3[0m [36mcommands_executed[0m=[35m45[0m [36mqueue_size[0m=[35m0[0m [36mrecords_processed[0m=[35m4606[0m
2025-09-24 10:39:02,161 - connector - INFO - _monitor_execution:403 - [2m2025-09-24T05:09:02.161193Z[0m [[32m[1minfo     [0m] [1m📊 Execution progress          [0m [[0m[1m[34mconnector[0m][0m [36mactive_workers[0m=[35m3[0m [36mcommands_executed[0m=[35m45[0m [36mqueue_size[0m=[35m0[0m [36mrecords_processed[0m=[35m4606[0m
2025-09-24 10:39:12,227 - connector - INFO - _monitor_execution:403 - [2m2025-09-24T05:09:12.227459Z[0m [[32m[1minfo     [0m] [1m📊 Execution progress          [0m [[0m[1m[34mconnector[0m][0m [36mactive_workers[0m=[35m3[0m [36mcommands_executed[0m=[35m45[0m [36mqueue_size[0m=[35m0[0m [36mrecords_processed[0m=[35m4606[0m
2025-09-24 10:39:22,363 - connector - INFO - _monitor_execution:403 - [2m2025-09-24T05:09:22.363846Z[0m [[32m[1minfo     [0m] [1m📊 Execution progress          [0m [[0m[1m[34mconnector[0m][0m [36mactive_workers[0m=[35m3[0m [36mcommands_executed[0m=[35m45[0m [36mqueue_size[0m=[35m0[0m [36mrecords_processed[0m=[35m4606[0m
2025-09-24 10:39:32,394 - connector - INFO - _monitor_execution:403 - [2m2025-09-24T05:09:32.394804Z[0m [[32m[1minfo     [0m] [1m📊 Execution progress          [0m [[0m[1m[34mconnector[0m][0m [36mactive_workers[0m=[35m3[0m [36mcommands_executed[0m=[35m45[0m [36mqueue_size[0m=[35m0[0m [36mrecords_processed[0m=[35m4606[0m
2025-09-24 10:39:42,482 - connector - INFO - _monitor_execution:403 - [2m2025-09-24T05:09:42.482003Z[0m [[32m[1minfo     [0m] [1m📊 Execution progress          [0m [[0m[1m[34mconnector[0m][0m [36mactive_workers[0m=[35m3[0m [36mcommands_executed[0m=[35m45[0m [36mqueue_size[0m=[35m0[0m [36mrecords_processed[0m=[35m4606[0m
2025-09-24 10:39:52,586 - connector - INFO - _monitor_execution:403 - [2m2025-09-24T05:09:52.586155Z[0m [[32m[1minfo     [0m] [1m📊 Execution progress          [0m [[0m[1m[34mconnector[0m][0m [36mactive_workers[0m=[35m3[0m [36mcommands_executed[0m=[35m45[0m [36mqueue_size[0m=[35m0[0m [36mrecords_processed[0m=[35m4606[0m
2025-09-24 10:40:02,667 - connector - INFO - _monitor_execution:403 - [2m2025-09-24T05:10:02.666871Z[0m [[32m[1minfo     [0m] [1m📊 Execution progress          [0m [[0m[1m[34mconnector[0m][0m [36mactive_workers[0m=[35m3[0m [36mcommands_executed[0m=[35m45[0m [36mqueue_size[0m=[35m0[0m [36mrecords_processed[0m=[35m4606[0m
2025-09-24 10:40:12,762 - connector - INFO - _monitor_execution:403 - [2m2025-09-24T05:10:12.762002Z[0m [[32m[1minfo     [0m] [1m📊 Execution progress          [0m [[0m[1m[34mconnector[0m][0m [36mactive_workers[0m=[35m3[0m [36mcommands_executed[0m=[35m45[0m [36mqueue_size[0m=[35m0[0m [36mrecords_processed[0m=[35m4606[0m
2025-09-24 10:40:22,817 - connector - INFO - _monitor_execution:403 - [2m2025-09-24T05:10:22.817947Z[0m [[32m[1minfo     [0m] [1m📊 Execution progress          [0m [[0m[1m[34mconnector[0m][0m [36mactive_workers[0m=[35m3[0m [36mcommands_executed[0m=[35m45[0m [36mqueue_size[0m=[35m0[0m [36mrecords_processed[0m=[35m4606[0m
2025-09-24 10:40:32,850 - connector - INFO - _monitor_execution:403 - [2m2025-09-24T05:10:32.850267Z[0m [[32m[1minfo     [0m] [1m📊 Execution progress          [0m [[0m[1m[34mconnector[0m][0m [36mactive_workers[0m=[35m3[0m [36mcommands_executed[0m=[35m45[0m [36mqueue_size[0m=[35m0[0m [36mrecords_processed[0m=[35m4606[0m
2025-09-24 10:40:42,966 - connector - INFO - _monitor_execution:403 - [2m2025-09-24T05:10:42.966198Z[0m [[32m[1minfo     [0m] [1m📊 Execution progress          [0m [[0m[1m[34mconnector[0m][0m [36mactive_workers[0m=[35m3[0m [36mcommands_executed[0m=[35m45[0m [36mqueue_size[0m=[35m0[0m [36mrecords_processed[0m=[35m4606[0m
2025-09-24 10:40:53,000 - connector - INFO - _monitor_execution:403 - [2m2025-09-24T05:10:53.000140Z[0m [[32m[1minfo     [0m] [1m📊 Execution progress          [0m [[0m[1m[34mconnector[0m][0m [36mactive_workers[0m=[35m3[0m [36mcommands_executed[0m=[35m45[0m [36mqueue_size[0m=[35m0[0m [36mrecords_processed[0m=[35m4606[0m
2025-09-24 10:41:03,013 - connector - INFO - _monitor_execution:403 - [2m2025-09-24T05:11:03.013327Z[0m [[32m[1minfo     [0m] [1m📊 Execution progress          [0m [[0m[1m[34mconnector[0m][0m [36mactive_workers[0m=[35m3[0m [36mcommands_executed[0m=[35m45[0m [36mqueue_size[0m=[35m0[0m [36mrecords_processed[0m=[35m4606[0m
2025-09-24 10:41:13,099 - connector - INFO - _monitor_execution:403 - [2m2025-09-24T05:11:13.099316Z[0m [[32m[1minfo     [0m] [1m📊 Execution progress          [0m [[0m[1m[34mconnector[0m][0m [36mactive_workers[0m=[35m3[0m [36mcommands_executed[0m=[35m45[0m [36mqueue_size[0m=[35m0[0m [36mrecords_processed[0m=[35m4606[0m
2025-09-24 10:41:23,136 - connector - INFO - _monitor_execution:403 - [2m2025-09-24T05:11:23.136126Z[0m [[32m[1minfo     [0m] [1m📊 Execution progress          [0m [[0m[1m[34mconnector[0m][0m [36mactive_workers[0m=[35m3[0m [36mcommands_executed[0m=[35m45[0m [36mqueue_size[0m=[35m0[0m [36mrecords_processed[0m=[35m4606[0m
2025-09-24 10:41:33,231 - connector - INFO - _monitor_execution:403 - [2m2025-09-24T05:11:33.231279Z[0m [[32m[1minfo     [0m] [1m📊 Execution progress          [0m [[0m[1m[34mconnector[0m][0m [36mactive_workers[0m=[35m3[0m [36mcommands_executed[0m=[35m45[0m [36mqueue_size[0m=[35m0[0m [36mrecords_processed[0m=[35m4606[0m
2025-09-24 10:41:43,344 - connector - INFO - _monitor_execution:403 - [2m2025-09-24T05:11:43.344986Z[0m [[32m[1minfo     [0m] [1m📊 Execution progress          [0m [[0m[1m[34mconnector[0m][0m [36mactive_workers[0m=[35m3[0m [36mcommands_executed[0m=[35m45[0m [36mqueue_size[0m=[35m0[0m [36mrecords_processed[0m=[35m4606[0m
2025-09-24 10:41:53,412 - connector - INFO - _monitor_execution:403 - [2m2025-09-24T05:11:53.412508Z[0m [[32m[1minfo     [0m] [1m📊 Execution progress          [0m [[0m[1m[34mconnector[0m][0m [36mactive_workers[0m=[35m3[0m [36mcommands_executed[0m=[35m45[0m [36mqueue_size[0m=[35m0[0m [36mrecords_processed[0m=[35m4606[0m
2025-09-24 10:42:03,510 - connector - INFO - _monitor_execution:403 - [2m2025-09-24T05:12:03.510684Z[0m [[32m[1minfo     [0m] [1m📊 Execution progress          [0m [[0m[1m[34mconnector[0m][0m [36mactive_workers[0m=[35m3[0m [36mcommands_executed[0m=[35m45[0m [36mqueue_size[0m=[35m0[0m [36mrecords_processed[0m=[35m4606[0m
2025-09-24 10:42:13,605 - connector - INFO - _monitor_execution:403 - [2m2025-09-24T05:12:13.605413Z[0m [[32m[1minfo     [0m] [1m📊 Execution progress          [0m [[0m[1m[34mconnector[0m][0m [36mactive_workers[0m=[35m3[0m [36mcommands_executed[0m=[35m45[0m [36mqueue_size[0m=[35m0[0m [36mrecords_processed[0m=[35m4606[0m
2025-09-24 10:42:23,657 - connector - INFO - _monitor_execution:403 - [2m2025-09-24T05:12:23.657969Z[0m [[32m[1minfo     [0m] [1m📊 Execution progress          [0m [[0m[1m[34mconnector[0m][0m [36mactive_workers[0m=[35m3[0m [36mcommands_executed[0m=[35m45[0m [36mqueue_size[0m=[35m0[0m [36mrecords_processed[0m=[35m4606[0m
2025-09-24 10:42:33,761 - connector - INFO - _monitor_execution:403 - [2m2025-09-24T05:12:33.761630Z[0m [[32m[1minfo     [0m] [1m📊 Execution progress          [0m [[0m[1m[34mconnector[0m][0m [36mactive_workers[0m=[35m3[0m [36mcommands_executed[0m=[35m45[0m [36mqueue_size[0m=[35m0[0m [36mrecords_processed[0m=[35m4606[0m
2025-09-24 10:42:43,874 - connector - INFO - _monitor_execution:403 - [2m2025-09-24T05:12:43.874527Z[0m [[32m[1minfo     [0m] [1m📊 Execution progress          [0m [[0m[1m[34mconnector[0m][0m [36mactive_workers[0m=[35m3[0m [36mcommands_executed[0m=[35m45[0m [36mqueue_size[0m=[35m0[0m [36mrecords_processed[0m=[35m4606[0m
2025-09-24 10:42:53,916 - connector - INFO - _monitor_execution:403 - [2m2025-09-24T05:12:53.915603Z[0m [[32m[1minfo     [0m] [1m📊 Execution progress          [0m [[0m[1m[34mconnector[0m][0m [36mactive_workers[0m=[35m3[0m [36mcommands_executed[0m=[35m45[0m [36mqueue_size[0m=[35m0[0m [36mrecords_processed[0m=[35m4606[0m
2025-09-24 10:43:04,046 - connector - INFO - _monitor_execution:403 - [2m2025-09-24T05:13:04.046184Z[0m [[32m[1minfo     [0m] [1m📊 Execution progress          [0m [[0m[1m[34mconnector[0m][0m [36mactive_workers[0m=[35m3[0m [36mcommands_executed[0m=[35m45[0m [36mqueue_size[0m=[35m0[0m [36mrecords_processed[0m=[35m4606[0m
2025-09-24 10:43:14,178 - connector - INFO - _monitor_execution:403 - [2m2025-09-24T05:13:14.178704Z[0m [[32m[1minfo     [0m] [1m📊 Execution progress          [0m [[0m[1m[34mconnector[0m][0m [36mactive_workers[0m=[35m3[0m [36mcommands_executed[0m=[35m45[0m [36mqueue_size[0m=[35m0[0m [36mrecords_processed[0m=[35m4606[0m
2025-09-24 10:43:24,292 - connector - INFO - _monitor_execution:403 - [2m2025-09-24T05:13:24.292015Z[0m [[32m[1minfo     [0m] [1m📊 Execution progress          [0m [[0m[1m[34mconnector[0m][0m [36mactive_workers[0m=[35m3[0m [36mcommands_executed[0m=[35m45[0m [36mqueue_size[0m=[35m0[0m [36mrecords_processed[0m=[35m4606[0m
2025-09-24 10:43:34,382 - connector - INFO - _monitor_execution:403 - [2m2025-09-24T05:13:34.382687Z[0m [[32m[1minfo     [0m] [1m📊 Execution progress          [0m [[0m[1m[34mconnector[0m][0m [36mactive_workers[0m=[35m3[0m [36mcommands_executed[0m=[35m45[0m [36mqueue_size[0m=[35m0[0m [36mrecords_processed[0m=[35m4606[0m
2025-09-24 10:43:44,460 - connector - INFO - _monitor_execution:403 - [2m2025-09-24T05:13:44.460315Z[0m [[32m[1minfo     [0m] [1m📊 Execution progress          [0m [[0m[1m[34mconnector[0m][0m [36mactive_workers[0m=[35m3[0m [36mcommands_executed[0m=[35m45[0m [36mqueue_size[0m=[35m0[0m [36mrecords_processed[0m=[35m4606[0m
2025-09-24 10:43:54,541 - connector - INFO - _monitor_execution:403 - [2m2025-09-24T05:13:54.541592Z[0m [[32m[1minfo     [0m] [1m📊 Execution progress          [0m [[0m[1m[34mconnector[0m][0m [36mactive_workers[0m=[35m3[0m [36mcommands_executed[0m=[35m45[0m [36mqueue_size[0m=[35m0[0m [36mrecords_processed[0m=[35m4606[0m
2025-09-24 10:44:04,614 - connector - INFO - _monitor_execution:403 - [2m2025-09-24T05:14:04.614405Z[0m [[32m[1minfo     [0m] [1m📊 Execution progress          [0m [[0m[1m[34mconnector[0m][0m [36mactive_workers[0m=[35m3[0m [36mcommands_executed[0m=[35m45[0m [36mqueue_size[0m=[35m0[0m [36mrecords_processed[0m=[35m4606[0m
2025-09-24 10:44:14,711 - connector - INFO - _monitor_execution:403 - [2m2025-09-24T05:14:14.710718Z[0m [[32m[1minfo     [0m] [1m📊 Execution progress          [0m [[0m[1m[34mconnector[0m][0m [36mactive_workers[0m=[35m3[0m [36mcommands_executed[0m=[35m45[0m [36mqueue_size[0m=[35m0[0m [36mrecords_processed[0m=[35m4606[0m
2025-09-24 10:44:24,794 - connector - INFO - _monitor_execution:403 - [2m2025-09-24T05:14:24.794168Z[0m [[32m[1minfo     [0m] [1m📊 Execution progress          [0m [[0m[1m[34mconnector[0m][0m [36mactive_workers[0m=[35m3[0m [36mcommands_executed[0m=[35m45[0m [36mqueue_size[0m=[35m0[0m [36mrecords_processed[0m=[35m4606[0m
2025-09-24 11:15:38,260 - connector - INFO - _monitor_execution:403 - [2m2025-09-24T05:45:38.260233Z[0m [[32m[1minfo     [0m] [1m📊 Execution progress          [0m [[0m[1m[34mconnector[0m][0m [36mactive_workers[0m=[35m3[0m [36mcommands_executed[0m=[35m45[0m [36mqueue_size[0m=[35m0[0m [36mrecords_processed[0m=[35m4606[0m
2025-09-24 11:15:48,439 - connector - INFO - _monitor_execution:403 - [2m2025-09-24T05:45:48.439175Z[0m [[32m[1minfo     [0m] [1m📊 Execution progress          [0m [[0m[1m[34mconnector[0m][0m [36mactive_workers[0m=[35m3[0m [36mcommands_executed[0m=[35m45[0m [36mqueue_size[0m=[35m0[0m [36mrecords_processed[0m=[35m4606[0m
2025-09-24 11:15:58,499 - connector - INFO - _monitor_execution:403 - [2m2025-09-24T05:45:58.499630Z[0m [[32m[1minfo     [0m] [1m📊 Execution progress          [0m [[0m[1m[34mconnector[0m][0m [36mactive_workers[0m=[35m3[0m [36mcommands_executed[0m=[35m45[0m [36mqueue_size[0m=[35m0[0m [36mrecords_processed[0m=[35m4606[0m
2025-09-24 11:16:08,549 - connector - INFO - _monitor_execution:403 - [2m2025-09-24T05:46:08.549052Z[0m [[32m[1minfo     [0m] [1m📊 Execution progress          [0m [[0m[1m[34mconnector[0m][0m [36mactive_workers[0m=[35m3[0m [36mcommands_executed[0m=[35m45[0m [36mqueue_size[0m=[35m0[0m [36mrecords_processed[0m=[35m4606[0m
2025-09-24 11:16:18,632 - connector - INFO - _monitor_execution:403 - [2m2025-09-24T05:46:18.632678Z[0m [[32m[1minfo     [0m] [1m📊 Execution progress          [0m [[0m[1m[34mconnector[0m][0m [36mactive_workers[0m=[35m3[0m [36mcommands_executed[0m=[35m45[0m [36mqueue_size[0m=[35m0[0m [36mrecords_processed[0m=[35m4606[0m
2025-09-24 11:16:28,692 - connector - INFO - _monitor_execution:403 - [2m2025-09-24T05:46:28.692416Z[0m [[32m[1minfo     [0m] [1m📊 Execution progress          [0m [[0m[1m[34mconnector[0m][0m [36mactive_workers[0m=[35m3[0m [36mcommands_executed[0m=[35m45[0m [36mqueue_size[0m=[35m0[0m [36mrecords_processed[0m=[35m4606[0m
2025-09-24 11:16:38,765 - connector - INFO - _monitor_execution:403 - [2m2025-09-24T05:46:38.765292Z[0m [[32m[1minfo     [0m] [1m📊 Execution progress          [0m [[0m[1m[34mconnector[0m][0m [36mactive_workers[0m=[35m3[0m [36mcommands_executed[0m=[35m45[0m [36mqueue_size[0m=[35m0[0m [36mrecords_processed[0m=[35m4606[0m
2025-09-24 11:16:48,850 - connector - INFO - _monitor_execution:403 - [2m2025-09-24T05:46:48.850796Z[0m [[32m[1minfo     [0m] [1m📊 Execution progress          [0m [[0m[1m[34mconnector[0m][0m [36mactive_workers[0m=[35m3[0m [36mcommands_executed[0m=[35m45[0m [36mqueue_size[0m=[35m0[0m [36mrecords_processed[0m=[35m4606[0m
2025-09-24 11:16:58,908 - connector - INFO - _monitor_execution:403 - [2m2025-09-24T05:46:58.908830Z[0m [[32m[1minfo     [0m] [1m📊 Execution progress          [0m [[0m[1m[34mconnector[0m][0m [36mactive_workers[0m=[35m3[0m [36mcommands_executed[0m=[35m45[0m [36mqueue_size[0m=[35m0[0m [36mrecords_processed[0m=[35m4606[0m
2025-09-24 11:17:08,987 - connector - INFO - _monitor_execution:403 - [2m2025-09-24T05:47:08.987575Z[0m [[32m[1minfo     [0m] [1m📊 Execution progress          [0m [[0m[1m[34mconnector[0m][0m [36mactive_workers[0m=[35m3[0m [36mcommands_executed[0m=[35m45[0m [36mqueue_size[0m=[35m0[0m [36mrecords_processed[0m=[35m4606[0m
2025-09-24 11:17:19,067 - connector - INFO - _monitor_execution:403 - [2m2025-09-24T05:47:19.067239Z[0m [[32m[1minfo     [0m] [1m📊 Execution progress          [0m [[0m[1m[34mconnector[0m][0m [36mactive_workers[0m=[35m3[0m [36mcommands_executed[0m=[35m45[0m [36mqueue_size[0m=[35m0[0m [36mrecords_processed[0m=[35m4606[0m
2025-09-24 11:17:29,123 - connector - INFO - _monitor_execution:403 - [2m2025-09-24T05:47:29.123972Z[0m [[32m[1minfo     [0m] [1m📊 Execution progress          [0m [[0m[1m[34mconnector[0m][0m [36mactive_workers[0m=[35m3[0m [36mcommands_executed[0m=[35m45[0m [36mqueue_size[0m=[35m0[0m [36mrecords_processed[0m=[35m4606[0m
2025-09-24 11:17:39,191 - connector - INFO - _monitor_execution:403 - [2m2025-09-24T05:47:39.191829Z[0m [[32m[1minfo     [0m] [1m📊 Execution progress          [0m [[0m[1m[34mconnector[0m][0m [36mactive_workers[0m=[35m3[0m [36mcommands_executed[0m=[35m45[0m [36mqueue_size[0m=[35m0[0m [36mrecords_processed[0m=[35m4606[0m
2025-09-24 11:17:49,268 - connector - INFO - _monitor_execution:403 - [2m2025-09-24T05:47:49.267997Z[0m [[32m[1minfo     [0m] [1m📊 Execution progress          [0m [[0m[1m[34mconnector[0m][0m [36mactive_workers[0m=[35m3[0m [36mcommands_executed[0m=[35m45[0m [36mqueue_size[0m=[35m0[0m [36mrecords_processed[0m=[35m4606[0m
2025-09-24 11:17:59,336 - connector - INFO - _monitor_execution:403 - [2m2025-09-24T05:47:59.336021Z[0m [[32m[1minfo     [0m] [1m📊 Execution progress          [0m [[0m[1m[34mconnector[0m][0m [36mactive_workers[0m=[35m3[0m [36mcommands_executed[0m=[35m45[0m [36mqueue_size[0m=[35m0[0m [36mrecords_processed[0m=[35m4606[0m
2025-09-24 11:18:09,405 - connector - INFO - _monitor_execution:403 - [2m2025-09-24T05:48:09.405844Z[0m [[32m[1minfo     [0m] [1m📊 Execution progress          [0m [[0m[1m[34mconnector[0m][0m [36mactive_workers[0m=[35m3[0m [36mcommands_executed[0m=[35m45[0m [36mqueue_size[0m=[35m0[0m [36mrecords_processed[0m=[35m4606[0m
2025-09-24 11:18:19,455 - connector - INFO - _monitor_execution:403 - [2m2025-09-24T05:48:19.454697Z[0m [[32m[1minfo     [0m] [1m📊 Execution progress          [0m [[0m[1m[34mconnector[0m][0m [36mactive_workers[0m=[35m3[0m [36mcommands_executed[0m=[35m45[0m [36mqueue_size[0m=[35m0[0m [36mrecords_processed[0m=[35m4606[0m
2025-09-24 11:18:29,541 - connector - INFO - _monitor_execution:403 - [2m2025-09-24T05:48:29.541626Z[0m [[32m[1minfo     [0m] [1m📊 Execution progress          [0m [[0m[1m[34mconnector[0m][0m [36mactive_workers[0m=[35m3[0m [36mcommands_executed[0m=[35m45[0m [36mqueue_size[0m=[35m0[0m [36mrecords_processed[0m=[35m4606[0m
2025-09-24 11:18:39,605 - connector - INFO - _monitor_execution:403 - [2m2025-09-24T05:48:39.605101Z[0m [[32m[1minfo     [0m] [1m📊 Execution progress          [0m [[0m[1m[34mconnector[0m][0m [36mactive_workers[0m=[35m3[0m [36mcommands_executed[0m=[35m45[0m [36mqueue_size[0m=[35m0[0m [36mrecords_processed[0m=[35m4606[0m
2025-09-24 11:18:49,691 - connector - INFO - _monitor_execution:403 - [2m2025-09-24T05:48:49.691827Z[0m [[32m[1minfo     [0m] [1m📊 Execution progress          [0m [[0m[1m[34mconnector[0m][0m [36mactive_workers[0m=[35m3[0m [36mcommands_executed[0m=[35m45[0m [36mqueue_size[0m=[35m0[0m [36mrecords_processed[0m=[35m4606[0m
2025-09-24 11:18:59,787 - connector - INFO - _monitor_execution:403 - [2m2025-09-24T05:48:59.787519Z[0m [[32m[1minfo     [0m] [1m📊 Execution progress          [0m [[0m[1m[34mconnector[0m][0m [36mactive_workers[0m=[35m3[0m [36mcommands_executed[0m=[35m45[0m [36mqueue_size[0m=[35m0[0m [36mrecords_processed[0m=[35m4606[0m
2025-09-24 11:19:09,903 - connector - INFO - _monitor_execution:403 - [2m2025-09-24T05:49:09.903885Z[0m [[32m[1minfo     [0m] [1m📊 Execution progress          [0m [[0m[1m[34mconnector[0m][0m [36mactive_workers[0m=[35m3[0m [36mcommands_executed[0m=[35m45[0m [36mqueue_size[0m=[35m0[0m [36mrecords_processed[0m=[35m4606[0m
2025-09-24 11:19:19,989 - connector - INFO - _monitor_execution:403 - [2m2025-09-24T05:49:19.989712Z[0m [[32m[1minfo     [0m] [1m📊 Execution progress          [0m [[0m[1m[34mconnector[0m][0m [36mactive_workers[0m=[35m3[0m [36mcommands_executed[0m=[35m45[0m [36mqueue_size[0m=[35m0[0m [36mrecords_processed[0m=[35m4606[0m
2025-09-24 11:19:30,067 - connector - INFO - _monitor_execution:403 - [2m2025-09-24T05:49:30.067076Z[0m [[32m[1minfo     [0m] [1m📊 Execution progress          [0m [[0m[1m[34mconnector[0m][0m [36mactive_workers[0m=[35m3[0m [36mcommands_executed[0m=[35m45[0m [36mqueue_size[0m=[35m0[0m [36mrecords_processed[0m=[35m4606[0m
2025-09-24 11:19:40,135 - connector - INFO - _monitor_execution:403 - [2m2025-09-24T05:49:40.134804Z[0m [[32m[1minfo     [0m] [1m📊 Execution progress          [0m [[0m[1m[34mconnector[0m][0m [36mactive_workers[0m=[35m3[0m [36mcommands_executed[0m=[35m45[0m [36mqueue_size[0m=[35m0[0m [36mrecords_processed[0m=[35m4606[0m
2025-09-24 11:19:50,212 - connector - INFO - _monitor_execution:403 - [2m2025-09-24T05:49:50.211746Z[0m [[32m[1minfo     [0m] [1m📊 Execution progress          [0m [[0m[1m[34mconnector[0m][0m [36mactive_workers[0m=[35m3[0m [36mcommands_executed[0m=[35m45[0m [36mqueue_size[0m=[35m0[0m [36mrecords_processed[0m=[35m4606[0m
2025-09-24 11:20:00,284 - connector - INFO - _monitor_execution:403 - [2m2025-09-24T05:50:00.283837Z[0m [[32m[1minfo     [0m] [1m📊 Execution progress          [0m [[0m[1m[34mconnector[0m][0m [36mactive_workers[0m=[35m3[0m [36mcommands_executed[0m=[35m45[0m [36mqueue_size[0m=[35m0[0m [36mrecords_processed[0m=[35m4606[0m
2025-09-24 11:20:10,388 - connector - INFO - _monitor_execution:403 - [2m2025-09-24T05:50:10.387740Z[0m [[32m[1minfo     [0m] [1m📊 Execution progress          [0m [[0m[1m[34mconnector[0m][0m [36mactive_workers[0m=[35m3[0m [36mcommands_executed[0m=[35m45[0m [36mqueue_size[0m=[35m0[0m [36mrecords_processed[0m=[35m4606[0m
2025-09-24 11:20:20,512 - connector - INFO - _monitor_execution:403 - [2m2025-09-24T05:50:20.512104Z[0m [[32m[1minfo     [0m] [1m📊 Execution progress          [0m [[0m[1m[34mconnector[0m][0m [36mactive_workers[0m=[35m3[0m [36mcommands_executed[0m=[35m45[0m [36mqueue_size[0m=[35m0[0m [36mrecords_processed[0m=[35m4606[0m
2025-09-24 11:20:30,560 - connector - INFO - _monitor_execution:403 - [2m2025-09-24T05:50:30.560507Z[0m [[32m[1minfo     [0m] [1m📊 Execution progress          [0m [[0m[1m[34mconnector[0m][0m [36mactive_workers[0m=[35m3[0m [36mcommands_executed[0m=[35m45[0m [36mqueue_size[0m=[35m0[0m [36mrecords_processed[0m=[35m4606[0m
2025-09-24 11:20:40,636 - connector - INFO - _monitor_execution:403 - [2m2025-09-24T05:50:40.636170Z[0m [[32m[1minfo     [0m] [1m📊 Execution progress          [0m [[0m[1m[34mconnector[0m][0m [36mactive_workers[0m=[35m3[0m [36mcommands_executed[0m=[35m45[0m [36mqueue_size[0m=[35m0[0m [36mrecords_processed[0m=[35m4606[0m
2025-09-24 11:20:50,682 - connector - INFO - _monitor_execution:403 - [2m2025-09-24T05:50:50.682550Z[0m [[32m[1minfo     [0m] [1m📊 Execution progress          [0m [[0m[1m[34mconnector[0m][0m [36mactive_workers[0m=[35m3[0m [36mcommands_executed[0m=[35m45[0m [36mqueue_size[0m=[35m0[0m [36mrecords_processed[0m=[35m4606[0m
2025-09-24 11:21:00,745 - connector - INFO - _monitor_execution:403 - [2m2025-09-24T05:51:00.745481Z[0m [[32m[1minfo     [0m] [1m📊 Execution progress          [0m [[0m[1m[34mconnector[0m][0m [36mactive_workers[0m=[35m3[0m [36mcommands_executed[0m=[35m45[0m [36mqueue_size[0m=[35m0[0m [36mrecords_processed[0m=[35m4606[0m
2025-09-24 11:21:10,819 - connector - INFO - _monitor_execution:403 - [2m2025-09-24T05:51:10.819069Z[0m [[32m[1minfo     [0m] [1m📊 Execution progress          [0m [[0m[1m[34mconnector[0m][0m [36mactive_workers[0m=[35m3[0m [36mcommands_executed[0m=[35m45[0m [36mqueue_size[0m=[35m0[0m [36mrecords_processed[0m=[35m4606[0m
2025-09-24 11:21:20,915 - connector - INFO - _monitor_execution:403 - [2m2025-09-24T05:51:20.915070Z[0m [[32m[1minfo     [0m] [1m📊 Execution progress          [0m [[0m[1m[34mconnector[0m][0m [36mactive_workers[0m=[35m3[0m [36mcommands_executed[0m=[35m45[0m [36mqueue_size[0m=[35m0[0m [36mrecords_processed[0m=[35m4606[0m
2025-09-24 11:21:31,013 - connector - INFO - _monitor_execution:403 - [2m2025-09-24T05:51:31.013715Z[0m [[32m[1minfo     [0m] [1m📊 Execution progress          [0m [[0m[1m[34mconnector[0m][0m [36mactive_workers[0m=[35m3[0m [36mcommands_executed[0m=[35m45[0m [36mqueue_size[0m=[35m0[0m [36mrecords_processed[0m=[35m4606[0m
2025-09-24 11:21:41,103 - connector - INFO - _monitor_execution:403 - [2m2025-09-24T05:51:41.103172Z[0m [[32m[1minfo     [0m] [1m📊 Execution progress          [0m [[0m[1m[34mconnector[0m][0m [36mactive_workers[0m=[35m3[0m [36mcommands_executed[0m=[35m45[0m [36mqueue_size[0m=[35m0[0m [36mrecords_processed[0m=[35m4606[0m
2025-09-24 11:21:51,169 - connector - INFO - _monitor_execution:403 - [2m2025-09-24T05:51:51.169608Z[0m [[32m[1minfo     [0m] [1m📊 Execution progress          [0m [[0m[1m[34mconnector[0m][0m [36mactive_workers[0m=[35m3[0m [36mcommands_executed[0m=[35m45[0m [36mqueue_size[0m=[35m0[0m [36mrecords_processed[0m=[35m4606[0m
2025-09-24 11:22:01,241 - connector - INFO - _monitor_execution:403 - [2m2025-09-24T05:52:01.241264Z[0m [[32m[1minfo     [0m] [1m📊 Execution progress          [0m [[0m[1m[34mconnector[0m][0m [36mactive_workers[0m=[35m3[0m [36mcommands_executed[0m=[35m45[0m [36mqueue_size[0m=[35m0[0m [36mrecords_processed[0m=[35m4606[0m
2025-09-24 11:22:11,316 - connector - INFO - _monitor_execution:403 - [2m2025-09-24T05:52:11.316474Z[0m [[32m[1minfo     [0m] [1m📊 Execution progress          [0m [[0m[1m[34mconnector[0m][0m [36mactive_workers[0m=[35m3[0m [36mcommands_executed[0m=[35m45[0m [36mqueue_size[0m=[35m0[0m [36mrecords_processed[0m=[35m4606[0m
2025-09-24 11:22:21,400 - connector - INFO - _monitor_execution:403 - [2m2025-09-24T05:52:21.399943Z[0m [[32m[1minfo     [0m] [1m📊 Execution progress          [0m [[0m[1m[34mconnector[0m][0m [36mactive_workers[0m=[35m3[0m [36mcommands_executed[0m=[35m45[0m [36mqueue_size[0m=[35m0[0m [36mrecords_processed[0m=[35m4606[0m
2025-09-24 11:22:31,481 - connector - INFO - _monitor_execution:403 - [2m2025-09-24T05:52:31.481464Z[0m [[32m[1minfo     [0m] [1m📊 Execution progress          [0m [[0m[1m[34mconnector[0m][0m [36mactive_workers[0m=[35m3[0m [36mcommands_executed[0m=[35m45[0m [36mqueue_size[0m=[35m0[0m [36mrecords_processed[0m=[35m4606[0m
2025-09-24 11:22:41,516 - connector - INFO - _monitor_execution:403 - [2m2025-09-24T05:52:41.516044Z[0m [[32m[1minfo     [0m] [1m📊 Execution progress          [0m [[0m[1m[34mconnector[0m][0m [36mactive_workers[0m=[35m3[0m [36mcommands_executed[0m=[35m45[0m [36mqueue_size[0m=[35m0[0m [36mrecords_processed[0m=[35m4606[0m
2025-09-24 11:22:51,598 - connector - INFO - _monitor_execution:403 - [2m2025-09-24T05:52:51.598023Z[0m [[32m[1minfo     [0m] [1m📊 Execution progress          [0m [[0m[1m[34mconnector[0m][0m [36mactive_workers[0m=[35m3[0m [36mcommands_executed[0m=[35m45[0m [36mqueue_size[0m=[35m0[0m [36mrecords_processed[0m=[35m4606[0m
2025-09-24 11:23:01,669 - connector - INFO - _monitor_execution:403 - [2m2025-09-24T05:53:01.669271Z[0m [[32m[1minfo     [0m] [1m📊 Execution progress          [0m [[0m[1m[34mconnector[0m][0m [36mactive_workers[0m=[35m3[0m [36mcommands_executed[0m=[35m45[0m [36mqueue_size[0m=[35m0[0m [36mrecords_processed[0m=[35m4606[0m
2025-09-24 11:23:11,753 - connector - INFO - _monitor_execution:403 - [2m2025-09-24T05:53:11.753370Z[0m [[32m[1minfo     [0m] [1m📊 Execution progress          [0m [[0m[1m[34mconnector[0m][0m [36mactive_workers[0m=[35m3[0m [36mcommands_executed[0m=[35m45[0m [36mqueue_size[0m=[35m0[0m [36mrecords_processed[0m=[35m4606[0m
2025-09-24 11:23:21,820 - connector - INFO - _monitor_execution:403 - [2m2025-09-24T05:53:21.820229Z[0m [[32m[1minfo     [0m] [1m📊 Execution progress          [0m [[0m[1m[34mconnector[0m][0m [36mactive_workers[0m=[35m3[0m [36mcommands_executed[0m=[35m45[0m [36mqueue_size[0m=[35m0[0m [36mrecords_processed[0m=[35m4606[0m
2025-09-24 11:23:31,918 - connector - INFO - _monitor_execution:403 - [2m2025-09-24T05:53:31.917811Z[0m [[32m[1minfo     [0m] [1m📊 Execution progress          [0m [[0m[1m[34mconnector[0m][0m [36mactive_workers[0m=[35m3[0m [36mcommands_executed[0m=[35m45[0m [36mqueue_size[0m=[35m0[0m [36mrecords_processed[0m=[35m4606[0m
2025-09-24 11:23:42,000 - connector - INFO - _monitor_execution:403 - [2m2025-09-24T05:53:42.000720Z[0m [[32m[1minfo     [0m] [1m📊 Execution progress          [0m [[0m[1m[34mconnector[0m][0m [36mactive_workers[0m=[35m3[0m [36mcommands_executed[0m=[35m45[0m [36mqueue_size[0m=[35m0[0m [36mrecords_processed[0m=[35m4606[0m
2025-09-24 11:23:52,077 - connector - INFO - _monitor_execution:403 - [2m2025-09-24T05:53:52.077460Z[0m [[32m[1minfo     [0m] [1m📊 Execution progress          [0m [[0m[1m[34mconnector[0m][0m [36mactive_workers[0m=[35m3[0m [36mcommands_executed[0m=[35m45[0m [36mqueue_size[0m=[35m0[0m [36mrecords_processed[0m=[35m4606[0m
2025-09-24 11:24:02,157 - connector - INFO - _monitor_execution:403 - [2m2025-09-24T05:54:02.157782Z[0m [[32m[1minfo     [0m] [1m📊 Execution progress          [0m [[0m[1m[34mconnector[0m][0m [36mactive_workers[0m=[35m3[0m [36mcommands_executed[0m=[35m45[0m [36mqueue_size[0m=[35m0[0m [36mrecords_processed[0m=[35m4606[0m
2025-09-24 11:24:12,228 - connector - INFO - _monitor_execution:403 - [2m2025-09-24T05:54:12.228212Z[0m [[32m[1minfo     [0m] [1m📊 Execution progress          [0m [[0m[1m[34mconnector[0m][0m [36mactive_workers[0m=[35m3[0m [36mcommands_executed[0m=[35m45[0m [36mqueue_size[0m=[35m0[0m [36mrecords_processed[0m=[35m4606[0m
2025-09-24 11:24:22,310 - connector - INFO - _monitor_execution:403 - [2m2025-09-24T05:54:22.310416Z[0m [[32m[1minfo     [0m] [1m📊 Execution progress          [0m [[0m[1m[34mconnector[0m][0m [36mactive_workers[0m=[35m3[0m [36mcommands_executed[0m=[35m45[0m [36mqueue_size[0m=[35m0[0m [36mrecords_processed[0m=[35m4606[0m
2025-09-24 11:24:32,369 - connector - INFO - _monitor_execution:403 - [2m2025-09-24T05:54:32.369308Z[0m [[32m[1minfo     [0m] [1m📊 Execution progress          [0m [[0m[1m[34mconnector[0m][0m [36mactive_workers[0m=[35m3[0m [36mcommands_executed[0m=[35m45[0m [36mqueue_size[0m=[35m0[0m [36mrecords_processed[0m=[35m4606[0m
2025-09-24 11:24:42,444 - connector - INFO - _monitor_execution:403 - [2m2025-09-24T05:54:42.444341Z[0m [[32m[1minfo     [0m] [1m📊 Execution progress          [0m [[0m[1m[34mconnector[0m][0m [36mactive_workers[0m=[35m3[0m [36mcommands_executed[0m=[35m45[0m [36mqueue_size[0m=[35m0[0m [36mrecords_processed[0m=[35m4606[0m
2025-09-24 11:24:52,510 - connector - INFO - _monitor_execution:403 - [2m2025-09-24T05:54:52.510908Z[0m [[32m[1minfo     [0m] [1m📊 Execution progress          [0m [[0m[1m[34mconnector[0m][0m [36mactive_workers[0m=[35m3[0m [36mcommands_executed[0m=[35m45[0m [36mqueue_size[0m=[35m0[0m [36mrecords_processed[0m=[35m4606[0m
2025-09-24 11:25:02,582 - connector - INFO - _monitor_execution:403 - [2m2025-09-24T05:55:02.582338Z[0m [[32m[1minfo     [0m] [1m📊 Execution progress          [0m [[0m[1m[34mconnector[0m][0m [36mactive_workers[0m=[35m3[0m [36mcommands_executed[0m=[35m45[0m [36mqueue_size[0m=[35m0[0m [36mrecords_processed[0m=[35m4606[0m
2025-09-24 11:25:12,662 - connector - INFO - _monitor_execution:403 - [2m2025-09-24T05:55:12.661261Z[0m [[32m[1minfo     [0m] [1m📊 Execution progress          [0m [[0m[1m[34mconnector[0m][0m [36mactive_workers[0m=[35m3[0m [36mcommands_executed[0m=[35m45[0m [36mqueue_size[0m=[35m0[0m [36mrecords_processed[0m=[35m4606[0m
2025-09-24 11:25:22,760 - connector - INFO - _monitor_execution:403 - [2m2025-09-24T05:55:22.759746Z[0m [[32m[1minfo     [0m] [1m📊 Execution progress          [0m [[0m[1m[34mconnector[0m][0m [36mactive_workers[0m=[35m3[0m [36mcommands_executed[0m=[35m45[0m [36mqueue_size[0m=[35m0[0m [36mrecords_processed[0m=[35m4606[0m
2025-09-24 11:25:32,858 - connector - INFO - _monitor_execution:403 - [2m2025-09-24T05:55:32.858250Z[0m [[32m[1minfo     [0m] [1m📊 Execution progress          [0m [[0m[1m[34mconnector[0m][0m [36mactive_workers[0m=[35m3[0m [36mcommands_executed[0m=[35m45[0m [36mqueue_size[0m=[35m0[0m [36mrecords_processed[0m=[35m4606[0m
2025-09-24 11:25:42,957 - connector - INFO - _monitor_execution:403 - [2m2025-09-24T05:55:42.957597Z[0m [[32m[1minfo     [0m] [1m📊 Execution progress          [0m [[0m[1m[34mconnector[0m][0m [36mactive_workers[0m=[35m3[0m [36mcommands_executed[0m=[35m45[0m [36mqueue_size[0m=[35m0[0m [36mrecords_processed[0m=[35m4606[0m
2025-09-24 11:25:53,029 - connector - INFO - _monitor_execution:403 - [2m2025-09-24T05:55:53.029347Z[0m [[32m[1minfo     [0m] [1m📊 Execution progress          [0m [[0m[1m[34mconnector[0m][0m [36mactive_workers[0m=[35m3[0m [36mcommands_executed[0m=[35m45[0m [36mqueue_size[0m=[35m0[0m [36mrecords_processed[0m=[35m4606[0m
2025-09-24 11:26:03,122 - connector - INFO - _monitor_execution:403 - [2m2025-09-24T05:56:03.122514Z[0m [[32m[1minfo     [0m] [1m📊 Execution progress          [0m [[0m[1m[34mconnector[0m][0m [36mactive_workers[0m=[35m3[0m [36mcommands_executed[0m=[35m45[0m [36mqueue_size[0m=[35m0[0m [36mrecords_processed[0m=[35m4606[0m
2025-09-24 11:26:13,196 - connector - INFO - _monitor_execution:403 - [2m2025-09-24T05:56:13.196586Z[0m [[32m[1minfo     [0m] [1m📊 Execution progress          [0m [[0m[1m[34mconnector[0m][0m [36mactive_workers[0m=[35m3[0m [36mcommands_executed[0m=[35m45[0m [36mqueue_size[0m=[35m0[0m [36mrecords_processed[0m=[35m4606[0m
2025-09-24 11:26:23,276 - connector - INFO - _monitor_execution:403 - [2m2025-09-24T05:56:23.276401Z[0m [[32m[1minfo     [0m] [1m📊 Execution progress          [0m [[0m[1m[34mconnector[0m][0m [36mactive_workers[0m=[35m3[0m [36mcommands_executed[0m=[35m45[0m [36mqueue_size[0m=[35m0[0m [36mrecords_processed[0m=[35m4606[0m
2025-09-24 11:26:33,344 - connector - INFO - _monitor_execution:403 - [2m2025-09-24T05:56:33.344420Z[0m [[32m[1minfo     [0m] [1m📊 Execution progress          [0m [[0m[1m[34mconnector[0m][0m [36mactive_workers[0m=[35m3[0m [36mcommands_executed[0m=[35m45[0m [36mqueue_size[0m=[35m0[0m [36mrecords_processed[0m=[35m4606[0m
2025-09-24 11:26:43,444 - connector - INFO - _monitor_execution:403 - [2m2025-09-24T05:56:43.444056Z[0m [[32m[1minfo     [0m] [1m📊 Execution progress          [0m [[0m[1m[34mconnector[0m][0m [36mactive_workers[0m=[35m3[0m [36mcommands_executed[0m=[35m45[0m [36mqueue_size[0m=[35m0[0m [36mrecords_processed[0m=[35m4606[0m
2025-09-24 11:26:53,527 - connector - INFO - _monitor_execution:403 - [2m2025-09-24T05:56:53.526529Z[0m [[32m[1minfo     [0m] [1m📊 Execution progress          [0m [[0m[1m[34mconnector[0m][0m [36mactive_workers[0m=[35m3[0m [36mcommands_executed[0m=[35m45[0m [36mqueue_size[0m=[35m0[0m [36mrecords_processed[0m=[35m4606[0m
2025-09-24 11:27:03,595 - connector - INFO - _monitor_execution:403 - [2m2025-09-24T05:57:03.595159Z[0m [[32m[1minfo     [0m] [1m📊 Execution progress          [0m [[0m[1m[34mconnector[0m][0m [36mactive_workers[0m=[35m3[0m [36mcommands_executed[0m=[35m45[0m [36mqueue_size[0m=[35m0[0m [36mrecords_processed[0m=[35m4606[0m
2025-09-24 11:27:13,663 - connector - INFO - _monitor_execution:403 - [2m2025-09-24T05:57:13.663976Z[0m [[32m[1minfo     [0m] [1m📊 Execution progress          [0m [[0m[1m[34mconnector[0m][0m [36mactive_workers[0m=[35m3[0m [36mcommands_executed[0m=[35m45[0m [36mqueue_size[0m=[35m0[0m [36mrecords_processed[0m=[35m4606[0m
2025-09-24 11:27:23,726 - connector - INFO - _monitor_execution:403 - [2m2025-09-24T05:57:23.726142Z[0m [[32m[1minfo     [0m] [1m📊 Execution progress          [0m [[0m[1m[34mconnector[0m][0m [36mactive_workers[0m=[35m3[0m [36mcommands_executed[0m=[35m45[0m [36mqueue_size[0m=[35m0[0m [36mrecords_processed[0m=[35m4606[0m
2025-09-24 11:27:33,840 - connector - INFO - _monitor_execution:403 - [2m2025-09-24T05:57:33.840164Z[0m [[32m[1minfo     [0m] [1m📊 Execution progress          [0m [[0m[1m[34mconnector[0m][0m [36mactive_workers[0m=[35m3[0m [36mcommands_executed[0m=[35m45[0m [36mqueue_size[0m=[35m0[0m [36mrecords_processed[0m=[35m4606[0m
2025-09-24 11:27:43,918 - connector - INFO - _monitor_execution:403 - [2m2025-09-24T05:57:43.917453Z[0m [[32m[1minfo     [0m] [1m📊 Execution progress          [0m [[0m[1m[34mconnector[0m][0m [36mactive_workers[0m=[35m3[0m [36mcommands_executed[0m=[35m45[0m [36mqueue_size[0m=[35m0[0m [36mrecords_processed[0m=[35m4606[0m
2025-09-24 11:27:53,994 - connector - INFO - _monitor_execution:403 - [2m2025-09-24T05:57:53.994662Z[0m [[32m[1minfo     [0m] [1m📊 Execution progress          [0m [[0m[1m[34mconnector[0m][0m [36mactive_workers[0m=[35m3[0m [36mcommands_executed[0m=[35m45[0m [36mqueue_size[0m=[35m0[0m [36mrecords_processed[0m=[35m4606[0m
2025-09-24 11:28:04,073 - connector - INFO - _monitor_execution:403 - [2m2025-09-24T05:58:04.073208Z[0m [[32m[1minfo     [0m] [1m📊 Execution progress          [0m [[0m[1m[34mconnector[0m][0m [36mactive_workers[0m=[35m3[0m [36mcommands_executed[0m=[35m45[0m [36mqueue_size[0m=[35m0[0m [36mrecords_processed[0m=[35m4606[0m
2025-09-24 11:28:14,151 - connector - INFO - _monitor_execution:403 - [2m2025-09-24T05:58:14.151548Z[0m [[32m[1minfo     [0m] [1m📊 Execution progress          [0m [[0m[1m[34mconnector[0m][0m [36mactive_workers[0m=[35m3[0m [36mcommands_executed[0m=[35m45[0m [36mqueue_size[0m=[35m0[0m [36mrecords_processed[0m=[35m4606[0m
2025-09-24 11:28:24,203 - connector - INFO - _monitor_execution:403 - [2m2025-09-24T05:58:24.203609Z[0m [[32m[1minfo     [0m] [1m📊 Execution progress          [0m [[0m[1m[34mconnector[0m][0m [36mactive_workers[0m=[35m3[0m [36mcommands_executed[0m=[35m45[0m [36mqueue_size[0m=[35m0[0m [36mrecords_processed[0m=[35m4606[0m
2025-09-24 11:28:34,289 - connector - INFO - _monitor_execution:403 - [2m2025-09-24T05:58:34.289905Z[0m [[32m[1minfo     [0m] [1m📊 Execution progress          [0m [[0m[1m[34mconnector[0m][0m [36mactive_workers[0m=[35m3[0m [36mcommands_executed[0m=[35m45[0m [36mqueue_size[0m=[35m0[0m [36mrecords_processed[0m=[35m4606[0m
2025-09-24 11:28:44,360 - connector - INFO - _monitor_execution:403 - [2m2025-09-24T05:58:44.360356Z[0m [[32m[1minfo     [0m] [1m📊 Execution progress          [0m [[0m[1m[34mconnector[0m][0m [36mactive_workers[0m=[35m3[0m [36mcommands_executed[0m=[35m45[0m [36mqueue_size[0m=[35m0[0m [36mrecords_processed[0m=[35m4606[0m
2025-09-24 11:28:54,453 - connector - INFO - _monitor_execution:403 - [2m2025-09-24T05:58:54.452799Z[0m [[32m[1minfo     [0m] [1m📊 Execution progress          [0m [[0m[1m[34mconnector[0m][0m [36mactive_workers[0m=[35m3[0m [36mcommands_executed[0m=[35m45[0m [36mqueue_size[0m=[35m0[0m [36mrecords_processed[0m=[35m4606[0m
2025-09-24 11:29:04,526 - connector - INFO - _monitor_execution:403 - [2m2025-09-24T05:59:04.526348Z[0m [[32m[1minfo     [0m] [1m📊 Execution progress          [0m [[0m[1m[34mconnector[0m][0m [36mactive_workers[0m=[35m3[0m [36mcommands_executed[0m=[35m45[0m [36mqueue_size[0m=[35m0[0m [36mrecords_processed[0m=[35m4606[0m
2025-09-24 11:29:14,591 - connector - INFO - _monitor_execution:403 - [2m2025-09-24T05:59:14.591943Z[0m [[32m[1minfo     [0m] [1m📊 Execution progress          [0m [[0m[1m[34mconnector[0m][0m [36mactive_workers[0m=[35m3[0m [36mcommands_executed[0m=[35m45[0m [36mqueue_size[0m=[35m0[0m [36mrecords_processed[0m=[35m4606[0m
2025-09-24 11:29:24,641 - connector - INFO - _monitor_execution:403 - [2m2025-09-24T05:59:24.641880Z[0m [[32m[1minfo     [0m] [1m📊 Execution progress          [0m [[0m[1m[34mconnector[0m][0m [36mactive_workers[0m=[35m3[0m [36mcommands_executed[0m=[35m45[0m [36mqueue_size[0m=[35m0[0m [36mrecords_processed[0m=[35m4606[0m
2025-09-24 11:29:34,716 - connector - INFO - _monitor_execution:403 - [2m2025-09-24T05:59:34.716395Z[0m [[32m[1minfo     [0m] [1m📊 Execution progress          [0m [[0m[1m[34mconnector[0m][0m [36mactive_workers[0m=[35m3[0m [36mcommands_executed[0m=[35m45[0m [36mqueue_size[0m=[35m0[0m [36mrecords_processed[0m=[35m4606[0m
2025-09-24 11:29:44,821 - connector - INFO - _monitor_execution:403 - [2m2025-09-24T05:59:44.821994Z[0m [[32m[1minfo     [0m] [1m📊 Execution progress          [0m [[0m[1m[34mconnector[0m][0m [36mactive_workers[0m=[35m3[0m [36mcommands_executed[0m=[35m45[0m [36mqueue_size[0m=[35m0[0m [36mrecords_processed[0m=[35m4606[0m
2025-09-24 11:29:54,891 - connector - INFO - _monitor_execution:403 - [2m2025-09-24T05:59:54.891640Z[0m [[32m[1minfo     [0m] [1m📊 Execution progress          [0m [[0m[1m[34mconnector[0m][0m [36mactive_workers[0m=[35m3[0m [36mcommands_executed[0m=[35m45[0m [36mqueue_size[0m=[35m0[0m [36mrecords_processed[0m=[35m4606[0m
2025-09-24 11:30:04,986 - connector - INFO - _monitor_execution:403 - [2m2025-09-24T06:00:04.985512Z[0m [[32m[1minfo     [0m] [1m📊 Execution progress          [0m [[0m[1m[34mconnector[0m][0m [36mactive_workers[0m=[35m3[0m [36mcommands_executed[0m=[35m45[0m [36mqueue_size[0m=[35m0[0m [36mrecords_processed[0m=[35m4606[0m
2025-09-24 11:30:15,073 - connector - INFO - _monitor_execution:403 - [2m2025-09-24T06:00:15.073233Z[0m [[32m[1minfo     [0m] [1m📊 Execution progress          [0m [[0m[1m[34mconnector[0m][0m [36mactive_workers[0m=[35m3[0m [36mcommands_executed[0m=[35m45[0m [36mqueue_size[0m=[35m0[0m [36mrecords_processed[0m=[35m4606[0m
