2025-09-24 10:35:34,519 - logging_config - INFO - setup_connector_logging:106 - [2m2025-09-24T05:05:34.519900Z[0m [[32m[1minfo     [0m] [1mSAP OData Connector logging configured[0m [[0m[1m[34mlogging_config[0m][0m [36mlog_file[0m=[35mlogs\sap_odata_connector_20250924_103534.log[0m [36mlog_level[0m=[35mINFO[0m [36mlog_to_file[0m=[35mTrue[0m
2025-09-24 10:35:36,606 - asyncio - DEBUG - __init__:634 - Using proactor: IocpProactor
2025-09-24 10:35:36,699 - connector - INFO - initialize:99 - [2m2025-09-24T05:05:36.699267Z[0m [[32m[1minfo     [0m] [1m🚀 Initializing SAP OData Connector[0m [[0m[1m[34mconnector[0m][0m
2025-09-24 10:35:36,702 - connector - INFO - initialize:110 - [2m2025-09-24T05:05:36.702013Z[0m [[32m[1minfo     [0m] [1m🔍 Step 1: Testing connection to OData service[0m [[0m[1m[34mconnector[0m][0m
2025-09-24 10:35:36,702 - connector - INFO - _test_connection:145 - [2m2025-09-24T05:05:36.702553Z[0m [[32m[1minfo     [0m] [1mTesting connection to OData service...[0m [[0m[1m[34mconnector[0m][0m
2025-09-24 10:35:37,502 - services.metadata - INFO - test_connection:64 - [2m2025-09-24T05:05:37.502232Z[0m [[32m[1minfo     [0m] [1mTesting connection to OData service[0m [[0m[1m[34mservices.metadata[0m][0m [36murl[0m=[35mhttps://services.odata.org/V4/Northwind/Northwind.svc/$metadata[0m
2025-09-24 10:35:37,524 - httpcore.connection - DEBUG - atrace:87 - connect_tcp.started host='services.odata.org' port=443 local_address=None timeout=10.0 socket_options=None
2025-09-24 10:35:37,959 - httpcore.connection - DEBUG - atrace:87 - connect_tcp.complete return_value=<httpcore._backends.anyio.AnyIOStream object at 0x000001C6B5F7D7F0>
2025-09-24 10:35:37,960 - httpcore.connection - DEBUG - atrace:87 - start_tls.started ssl_context=<ssl.SSLContext object at 0x000001C6B6124650> server_hostname='services.odata.org' timeout=10.0
2025-09-24 10:35:38,484 - httpcore.connection - DEBUG - atrace:87 - start_tls.complete return_value=<httpcore._backends.anyio.AnyIOStream object at 0x000001C6B5D6D160>
2025-09-24 10:35:38,485 - httpcore.http11 - DEBUG - atrace:87 - send_request_headers.started request=<Request [b'GET']>
2025-09-24 10:35:38,485 - httpcore.http11 - DEBUG - atrace:87 - send_request_headers.complete
2025-09-24 10:35:38,485 - httpcore.http11 - DEBUG - atrace:87 - send_request_body.started request=<Request [b'GET']>
2025-09-24 10:35:38,486 - httpcore.http11 - DEBUG - atrace:87 - send_request_body.complete
2025-09-24 10:35:38,486 - httpcore.http11 - DEBUG - atrace:87 - receive_response_headers.started request=<Request [b'GET']>
2025-09-24 10:35:38,778 - httpcore.http11 - DEBUG - atrace:87 - receive_response_headers.complete return_value=(b'HTTP/1.1', 200, b'OK', [(b'Content-Length', b'19406'), (b'Content-Type', b'application/xml;charset=utf-8'), (b'Date', b'Wed, 24 Sep 2025 05:05:38 GMT'), (b'Server', b'Microsoft-IIS/10.0'), (b'Access-Control-Allow-Headers', b'Accept, Origin, Content-Type, MaxDataServiceVersion'), (b'Access-Control-Allow-Methods', b'GET'), (b'Access-Control-Allow-Origin', b'*'), (b'Access-Control-Expose-Headers', b'DataServiceVersion'), (b'Cache-Control', b'private'), (b'Expires', b'Wed, 24 Sep 2025 05:06:39 GMT'), (b'Vary', b'*'), (b'X-Content-Type-Options', b'nosniff'), (b'OData-Version', b'4.0;'), (b'X-AspNet-Version', b'4.0.30319'), (b'X-Powered-By', b'ASP.NET')])
2025-09-24 10:35:38,779 - httpx - INFO - _send_single_request:1740 - HTTP Request: GET https://services.odata.org/V4/Northwind/Northwind.svc/$metadata "HTTP/1.1 200 OK"
2025-09-24 10:35:38,779 - httpcore.http11 - DEBUG - atrace:87 - receive_response_body.started request=<Request [b'GET']>
2025-09-24 10:35:39,027 - httpcore.http11 - DEBUG - atrace:87 - receive_response_body.complete
2025-09-24 10:35:39,028 - httpcore.http11 - DEBUG - atrace:87 - response_closed.started
2025-09-24 10:35:39,028 - httpcore.http11 - DEBUG - atrace:87 - response_closed.complete
2025-09-24 10:35:39,028 - services.metadata - INFO - test_connection:80 - [2m2025-09-24T05:05:39.028114Z[0m [[32m[1minfo     [0m] [1m✅ Connection test successful  [0m [[0m[1m[34mservices.metadata[0m][0m [36mcontent_type[0m=[35m'application/xml;charset=utf-8'[0m [36mstatus_code[0m=[35m200[0m
2025-09-24 10:35:39,029 - connector - INFO - _test_connection:156 - [2m2025-09-24T05:05:39.029255Z[0m [[32m[1minfo     [0m] [1m✅ Connection test successful  [0m [[0m[1m[34mconnector[0m][0m
2025-09-24 10:35:39,029 - httpcore.connection - DEBUG - atrace:87 - close.started
2025-09-24 10:35:39,029 - httpcore.connection - DEBUG - atrace:87 - close.complete
2025-09-24 10:35:39,030 - connector - INFO - initialize:114 - [2m2025-09-24T05:05:39.030333Z[0m [[32m[1minfo     [0m] [1m📋 Step 2: Fetching metadata and creating Entity Relationship file[0m [[0m[1m[34mconnector[0m][0m
2025-09-24 10:35:39,030 - connector - INFO - _fetch_and_save_metadata:160 - [2m2025-09-24T05:05:39.030333Z[0m [[32m[1minfo     [0m] [1mFetching metadata from OData service...[0m [[0m[1m[34mconnector[0m][0m
2025-09-24 10:35:39,587 - services.metadata - INFO - fetch_metadata:116 - [2m2025-09-24T05:05:39.587481Z[0m [[32m[1minfo     [0m] [1mFetching metadata from OData service[0m [[0m[1m[34mservices.metadata[0m][0m [36murl[0m=[35mhttps://services.odata.org/V4/Northwind/Northwind.svc/$metadata[0m
2025-09-24 10:35:39,589 - httpcore.connection - DEBUG - atrace:87 - connect_tcp.started host='services.odata.org' port=443 local_address=None timeout=30 socket_options=None
2025-09-24 10:35:39,832 - httpcore.connection - DEBUG - atrace:87 - connect_tcp.complete return_value=<httpcore._backends.anyio.AnyIOStream object at 0x000001C6B6194EF0>
2025-09-24 10:35:39,832 - httpcore.connection - DEBUG - atrace:87 - start_tls.started ssl_context=<ssl.SSLContext object at 0x000001C6B6179250> server_hostname='services.odata.org' timeout=30
2025-09-24 10:35:40,722 - httpcore.connection - DEBUG - atrace:87 - start_tls.complete return_value=<httpcore._backends.anyio.AnyIOStream object at 0x000001C6B5DA75F0>
2025-09-24 10:35:40,722 - httpcore.http11 - DEBUG - atrace:87 - send_request_headers.started request=<Request [b'GET']>
2025-09-24 10:35:40,723 - httpcore.http11 - DEBUG - atrace:87 - send_request_headers.complete
2025-09-24 10:35:40,723 - httpcore.http11 - DEBUG - atrace:87 - send_request_body.started request=<Request [b'GET']>
2025-09-24 10:35:40,723 - httpcore.http11 - DEBUG - atrace:87 - send_request_body.complete
2025-09-24 10:35:40,723 - httpcore.http11 - DEBUG - atrace:87 - receive_response_headers.started request=<Request [b'GET']>
2025-09-24 10:35:41,716 - httpcore.http11 - DEBUG - atrace:87 - receive_response_headers.complete return_value=(b'HTTP/1.1', 200, b'OK', [(b'Content-Length', b'19406'), (b'Content-Type', b'application/xml;charset=utf-8'), (b'Date', b'Wed, 24 Sep 2025 05:05:41 GMT'), (b'Server', b'Microsoft-IIS/10.0'), (b'Access-Control-Allow-Headers', b'Accept, Origin, Content-Type, MaxDataServiceVersion'), (b'Access-Control-Allow-Methods', b'GET'), (b'Access-Control-Allow-Origin', b'*'), (b'Access-Control-Expose-Headers', b'DataServiceVersion'), (b'Cache-Control', b'private'), (b'Expires', b'Wed, 24 Sep 2025 05:06:39 GMT'), (b'Vary', b'*'), (b'X-Content-Type-Options', b'nosniff'), (b'OData-Version', b'4.0;'), (b'X-AspNet-Version', b'4.0.30319'), (b'X-Powered-By', b'ASP.NET')])
2025-09-24 10:35:41,717 - httpx - INFO - _send_single_request:1740 - HTTP Request: GET https://services.odata.org/V4/Northwind/Northwind.svc/$metadata "HTTP/1.1 200 OK"
2025-09-24 10:35:41,717 - httpcore.http11 - DEBUG - atrace:87 - receive_response_body.started request=<Request [b'GET']>
2025-09-24 10:35:41,951 - httpcore.http11 - DEBUG - atrace:87 - receive_response_body.complete
2025-09-24 10:35:41,951 - httpcore.http11 - DEBUG - atrace:87 - response_closed.started
2025-09-24 10:35:41,951 - httpcore.http11 - DEBUG - atrace:87 - response_closed.complete
2025-09-24 10:35:41,957 - services.metadata - INFO - fetch_metadata:134 - [2m2025-09-24T05:05:41.957303Z[0m [[32m[1minfo     [0m] [1mSuccessfully parsed metadata  [0m [[0m[1m[34mservices.metadata[0m][0m [36mentity_count[0m=[35m26[0m
2025-09-24 10:35:41,958 - services.metadata - INFO - save_entity_relationship_file:298 - [2m2025-09-24T05:05:41.958955Z[0m [[32m[1minfo     [0m] [1mSaving Entity Relationship file[0m [[0m[1m[34mservices.metadata[0m][0m [36moutput_dir[0m=[35m./test_output[0m
2025-09-24 10:35:41,967 - services.metadata - INFO - save_entity_relationship_file:339 - [2m2025-09-24T05:05:41.966972Z[0m [[32m[1minfo     [0m] [1m✅ Entity Relationship file saved successfully[0m [[0m[1m[34mservices.metadata[0m][0m [36mentities[0m=[35m26[0m [36mfile_path[0m=[35mtest_output\entity_relationships.json[0m [36mfile_size_kb[0m=[35m31.35[0m
2025-09-24 10:35:41,968 - connector - INFO - _fetch_and_save_metadata:171 - [2m2025-09-24T05:05:41.968196Z[0m [[32m[1minfo     [0m] [1m✅ Metadata fetched and Entity Relationship file saved[0m [[0m[1m[34mconnector[0m][0m [36mentities_count[0m=[35m26[0m [36mer_file[0m=[35mtest_output\entity_relationships.json[0m
2025-09-24 10:35:41,968 - httpcore.connection - DEBUG - atrace:87 - close.started
2025-09-24 10:35:41,969 - httpcore.connection - DEBUG - atrace:87 - close.complete
2025-09-24 10:35:41,969 - connector - INFO - initialize:124 - [2m2025-09-24T05:05:41.969910Z[0m [[32m[1minfo     [0m] [1m🔗 Step 3: Validating connection pool[0m [[0m[1m[34mconnector[0m][0m
2025-09-24 10:35:41,970 - workers.resilience - INFO - validate_connection:248 - [2m2025-09-24T05:05:41.970577Z[0m [[32m[1minfo     [0m] [1mValidating connection pool connectivity[0m [[0m[1m[34mworkers.resilience[0m][0m
2025-09-24 10:35:41,972 - workers.resilience - WARNING - get_client:307 - [2m2025-09-24T05:05:41.972202Z[0m [[33m[1mwarning  [0m] [1mHTTP/2 not available, falling back to HTTP/1.1[0m [[0m[1m[34mworkers.resilience[0m][0m [36merror[0m=[35m"Using http2=True, but the 'h2' package is not installed. Make sure to install httpx using `pip install httpx[http2]`."[0m
2025-09-24 10:35:42,624 - workers.resilience - INFO - get_client:320 - [2m2025-09-24T05:05:42.624493Z[0m [[32m[1minfo     [0m] [1m✅ HTTP connection pool created with HTTP/1.1[0m [[0m[1m[34mworkers.resilience[0m][0m [36mmax_connections[0m=[35m100[0m
2025-09-24 10:35:42,627 - httpcore.connection - DEBUG - atrace:87 - connect_tcp.started host='services.odata.org' port=443 local_address=None timeout=10.0 socket_options=None
2025-09-24 10:35:43,045 - httpcore.connection - DEBUG - atrace:87 - connect_tcp.complete return_value=<httpcore._backends.anyio.AnyIOStream object at 0x000001C6B61974A0>
2025-09-24 10:35:43,046 - httpcore.connection - DEBUG - atrace:87 - start_tls.started ssl_context=<ssl.SSLContext object at 0x000001C6B61795D0> server_hostname='services.odata.org' timeout=10.0
2025-09-24 10:35:43,642 - httpcore.connection - DEBUG - atrace:87 - start_tls.complete return_value=<httpcore._backends.anyio.AnyIOStream object at 0x000001C6B4BC81A0>
2025-09-24 10:35:43,643 - httpcore.http11 - DEBUG - atrace:87 - send_request_headers.started request=<Request [b'GET']>
2025-09-24 10:35:43,645 - httpcore.http11 - DEBUG - atrace:87 - send_request_headers.complete
2025-09-24 10:35:43,645 - httpcore.http11 - DEBUG - atrace:87 - send_request_body.started request=<Request [b'GET']>
2025-09-24 10:35:43,645 - httpcore.http11 - DEBUG - atrace:87 - send_request_body.complete
2025-09-24 10:35:43,645 - httpcore.http11 - DEBUG - atrace:87 - receive_response_headers.started request=<Request [b'GET']>
2025-09-24 10:35:43,927 - httpcore.http11 - DEBUG - atrace:87 - receive_response_headers.complete return_value=(b'HTTP/1.1', 307, b'Temporary Redirect', [(b'Content-Length', b'1951'), (b'Content-Type', b'text/html; charset=UTF-8'), (b'Date', b'Wed, 24 Sep 2025 05:05:43 GMT'), (b'Server', b'Microsoft-IIS/10.0'), (b'Access-Control-Allow-Headers', b'Accept, Origin, Content-Type, MaxDataServiceVersion'), (b'Access-Control-Allow-Methods', b'GET'), (b'Access-Control-Allow-Origin', b'*'), (b'Access-Control-Expose-Headers', b'DataServiceVersion'), (b'Cache-Control', b'private'), (b'Location', b'https://services.odata.org/V4/Northwind/Northwind.svc/'), (b'X-AspNet-Version', b'4.0.30319'), (b'X-Powered-By', b'ASP.NET')])
2025-09-24 10:35:43,927 - httpx - INFO - _send_single_request:1740 - HTTP Request: GET https://services.odata.org/V4/Northwind/Northwind.svc "HTTP/1.1 307 Temporary Redirect"
2025-09-24 10:35:43,930 - httpcore.http11 - DEBUG - atrace:87 - receive_response_body.started request=<Request [b'GET']>
2025-09-24 10:35:43,930 - httpcore.http11 - DEBUG - atrace:87 - receive_response_body.complete
2025-09-24 10:35:43,931 - httpcore.http11 - DEBUG - atrace:87 - response_closed.started
2025-09-24 10:35:43,931 - httpcore.http11 - DEBUG - atrace:87 - response_closed.complete
2025-09-24 10:35:43,932 - workers.resilience - INFO - validate_connection:266 - [2m2025-09-24T05:05:43.931615Z[0m [[32m[1minfo     [0m] [1m✅ Connection pool validation successful[0m [[0m[1m[34mworkers.resilience[0m][0m [36mstatus_code[0m=[35m307[0m
2025-09-24 10:35:43,933 - connector - INFO - _validate_connection_pool:186 - [2m2025-09-24T05:05:43.933977Z[0m [[32m[1minfo     [0m] [1m✅ Connection pool validation successful[0m [[0m[1m[34mconnector[0m][0m
2025-09-24 10:35:43,936 - connector - INFO - initialize:137 - [2m2025-09-24T05:05:43.936338Z[0m [[32m[1minfo     [0m] [1m✅ Connector initialization completed successfully[0m [[0m[1m[34mconnector[0m][0m
2025-09-24 10:35:43,938 - connector - INFO - run:210 - [2m2025-09-24T05:05:43.938664Z[0m [[32m[1minfo     [0m] [1mStarting SAP OData connector execution[0m [[0m[1m[34mconnector[0m][0m
2025-09-24 10:35:43,943 - connector - INFO - _discovery_phase:266 - [2m2025-09-24T05:05:43.943796Z[0m [[32m[1minfo     [0m] [1mStarting discovery phase      [0m [[0m[1m[34mconnector[0m][0m
2025-09-24 10:35:44,966 - services.metadata - INFO - fetch_metadata:116 - [2m2025-09-24T05:05:44.966728Z[0m [[32m[1minfo     [0m] [1mFetching metadata from OData service[0m [[0m[1m[34mservices.metadata[0m][0m [36murl[0m=[35mhttps://services.odata.org/V4/Northwind/Northwind.svc/$metadata[0m
2025-09-24 10:35:44,973 - httpcore.connection - DEBUG - atrace:87 - connect_tcp.started host='services.odata.org' port=443 local_address=None timeout=30 socket_options=None
2025-09-24 10:35:45,397 - httpcore.connection - DEBUG - atrace:87 - connect_tcp.complete return_value=<httpcore._backends.anyio.AnyIOStream object at 0x000001C6B61D0320>
2025-09-24 10:35:45,398 - httpcore.connection - DEBUG - atrace:87 - start_tls.started ssl_context=<ssl.SSLContext object at 0x000001C6B6179350> server_hostname='services.odata.org' timeout=30
2025-09-24 10:35:45,995 - httpcore.connection - DEBUG - atrace:87 - start_tls.complete return_value=<httpcore._backends.anyio.AnyIOStream object at 0x000001C6B6197860>
2025-09-24 10:35:45,996 - httpcore.http11 - DEBUG - atrace:87 - send_request_headers.started request=<Request [b'GET']>
2025-09-24 10:35:45,997 - httpcore.http11 - DEBUG - atrace:87 - send_request_headers.complete
2025-09-24 10:35:45,997 - httpcore.http11 - DEBUG - atrace:87 - send_request_body.started request=<Request [b'GET']>
2025-09-24 10:35:45,998 - httpcore.http11 - DEBUG - atrace:87 - send_request_body.complete
2025-09-24 10:35:45,998 - httpcore.http11 - DEBUG - atrace:87 - receive_response_headers.started request=<Request [b'GET']>
2025-09-24 10:35:46,276 - httpcore.http11 - DEBUG - atrace:87 - receive_response_headers.complete return_value=(b'HTTP/1.1', 200, b'OK', [(b'Content-Length', b'19406'), (b'Content-Type', b'application/xml;charset=utf-8'), (b'Date', b'Wed, 24 Sep 2025 05:05:45 GMT'), (b'Server', b'Microsoft-IIS/10.0'), (b'Access-Control-Allow-Headers', b'Accept, Origin, Content-Type, MaxDataServiceVersion'), (b'Access-Control-Allow-Methods', b'GET'), (b'Access-Control-Allow-Origin', b'*'), (b'Access-Control-Expose-Headers', b'DataServiceVersion'), (b'Cache-Control', b'private'), (b'Expires', b'Wed, 24 Sep 2025 05:06:39 GMT'), (b'Vary', b'*'), (b'X-Content-Type-Options', b'nosniff'), (b'OData-Version', b'4.0;'), (b'X-AspNet-Version', b'4.0.30319'), (b'X-Powered-By', b'ASP.NET')])
2025-09-24 10:35:46,277 - httpx - INFO - _send_single_request:1740 - HTTP Request: GET https://services.odata.org/V4/Northwind/Northwind.svc/$metadata "HTTP/1.1 200 OK"
2025-09-24 10:35:46,282 - httpcore.http11 - DEBUG - atrace:87 - receive_response_body.started request=<Request [b'GET']>
2025-09-24 10:35:46,538 - httpcore.http11 - DEBUG - atrace:87 - receive_response_body.complete
2025-09-24 10:35:46,538 - httpcore.http11 - DEBUG - atrace:87 - response_closed.started
2025-09-24 10:35:46,540 - httpcore.http11 - DEBUG - atrace:87 - response_closed.complete
2025-09-24 10:35:46,549 - services.metadata - INFO - fetch_metadata:134 - [2m2025-09-24T05:05:46.549924Z[0m [[32m[1minfo     [0m] [1mSuccessfully parsed metadata  [0m [[0m[1m[34mservices.metadata[0m][0m [36mentity_count[0m=[35m26[0m
2025-09-24 10:35:46,560 - httpcore.connection - DEBUG - atrace:87 - close.started
2025-09-24 10:35:46,561 - httpcore.connection - DEBUG - atrace:87 - close.complete
2025-09-24 10:35:46,562 - connector - INFO - _discovery_phase:287 - [2m2025-09-24T05:05:46.562531Z[0m [[32m[1minfo     [0m] [1mEntity selection determined   [0m [[0m[1m[34mconnector[0m][0m [36mconfig_selected_modules[0m=[35m[][0m [36mentities[0m=[35m['Categories', 'CustomerDemographics', 'Customers', 'Employees', 'Order_Details'][0m [36mfinal_entity_count[0m=[35m26[0m [36mselected_entities_param[0m=[35mNone[0m
2025-09-24 10:35:47,490 - services.count - INFO - get_entity_counts:34 - [2m2025-09-24T05:05:47.490519Z[0m [[32m[1minfo     [0m] [1mFetching entity counts        [0m [[0m[1m[34mservices.count[0m][0m [36mentity_count[0m=[35m26[0m
2025-09-24 10:35:47,503 - httpcore.connection - DEBUG - atrace:87 - connect_tcp.started host='services.odata.org' port=443 local_address=None timeout=30 socket_options=None
2025-09-24 10:35:47,503 - httpcore.connection - DEBUG - atrace:87 - connect_tcp.started host='services.odata.org' port=443 local_address=None timeout=30 socket_options=None
2025-09-24 10:35:47,503 - httpcore.connection - DEBUG - atrace:87 - connect_tcp.started host='services.odata.org' port=443 local_address=None timeout=30 socket_options=None
2025-09-24 10:35:47,508 - httpcore.connection - DEBUG - atrace:87 - connect_tcp.started host='services.odata.org' port=443 local_address=None timeout=30 socket_options=None
2025-09-24 10:35:47,509 - httpcore.connection - DEBUG - atrace:87 - connect_tcp.started host='services.odata.org' port=443 local_address=None timeout=30 socket_options=None
2025-09-24 10:35:47,509 - httpcore.connection - DEBUG - atrace:87 - connect_tcp.started host='services.odata.org' port=443 local_address=None timeout=30 socket_options=None
2025-09-24 10:35:47,510 - httpcore.connection - DEBUG - atrace:87 - connect_tcp.started host='services.odata.org' port=443 local_address=None timeout=30 socket_options=None
2025-09-24 10:35:47,511 - httpcore.connection - DEBUG - atrace:87 - connect_tcp.started host='services.odata.org' port=443 local_address=None timeout=30 socket_options=None
2025-09-24 10:35:47,512 - httpcore.connection - DEBUG - atrace:87 - connect_tcp.started host='services.odata.org' port=443 local_address=None timeout=30 socket_options=None
2025-09-24 10:35:47,512 - httpcore.connection - DEBUG - atrace:87 - connect_tcp.started host='services.odata.org' port=443 local_address=None timeout=30 socket_options=None
2025-09-24 10:35:47,514 - httpcore.connection - DEBUG - atrace:87 - connect_tcp.started host='services.odata.org' port=443 local_address=None timeout=30 socket_options=None
2025-09-24 10:35:47,516 - httpcore.connection - DEBUG - atrace:87 - connect_tcp.started host='services.odata.org' port=443 local_address=None timeout=30 socket_options=None
2025-09-24 10:35:47,517 - httpcore.connection - DEBUG - atrace:87 - connect_tcp.started host='services.odata.org' port=443 local_address=None timeout=30 socket_options=None
2025-09-24 10:35:47,518 - httpcore.connection - DEBUG - atrace:87 - connect_tcp.started host='services.odata.org' port=443 local_address=None timeout=30 socket_options=None
2025-09-24 10:35:47,518 - httpcore.connection - DEBUG - atrace:87 - connect_tcp.started host='services.odata.org' port=443 local_address=None timeout=30 socket_options=None
2025-09-24 10:35:47,519 - httpcore.connection - DEBUG - atrace:87 - connect_tcp.started host='services.odata.org' port=443 local_address=None timeout=30 socket_options=None
2025-09-24 10:35:47,519 - httpcore.connection - DEBUG - atrace:87 - connect_tcp.started host='services.odata.org' port=443 local_address=None timeout=30 socket_options=None
2025-09-24 10:35:47,521 - httpcore.connection - DEBUG - atrace:87 - connect_tcp.started host='services.odata.org' port=443 local_address=None timeout=30 socket_options=None
2025-09-24 10:35:47,522 - httpcore.connection - DEBUG - atrace:87 - connect_tcp.started host='services.odata.org' port=443 local_address=None timeout=30 socket_options=None
2025-09-24 10:35:47,522 - httpcore.connection - DEBUG - atrace:87 - connect_tcp.started host='services.odata.org' port=443 local_address=None timeout=30 socket_options=None
2025-09-24 10:35:47,524 - httpcore.connection - DEBUG - atrace:87 - connect_tcp.started host='services.odata.org' port=443 local_address=None timeout=30 socket_options=None
2025-09-24 10:35:47,524 - httpcore.connection - DEBUG - atrace:87 - connect_tcp.started host='services.odata.org' port=443 local_address=None timeout=30 socket_options=None
2025-09-24 10:35:47,526 - httpcore.connection - DEBUG - atrace:87 - connect_tcp.started host='services.odata.org' port=443 local_address=None timeout=30 socket_options=None
2025-09-24 10:35:47,527 - httpcore.connection - DEBUG - atrace:87 - connect_tcp.started host='services.odata.org' port=443 local_address=None timeout=30 socket_options=None
2025-09-24 10:35:47,527 - httpcore.connection - DEBUG - atrace:87 - connect_tcp.started host='services.odata.org' port=443 local_address=None timeout=30 socket_options=None
2025-09-24 10:35:47,527 - httpcore.connection - DEBUG - atrace:87 - connect_tcp.started host='services.odata.org' port=443 local_address=None timeout=30 socket_options=None
2025-09-24 10:35:48,424 - httpcore.connection - DEBUG - atrace:87 - connect_tcp.complete return_value=<httpcore._backends.anyio.AnyIOStream object at 0x000001C6B61F5B50>
2025-09-24 10:35:48,424 - httpcore.connection - DEBUG - atrace:87 - start_tls.started ssl_context=<ssl.SSLContext object at 0x000001C6B5DEEC50> server_hostname='services.odata.org' timeout=30
2025-09-24 10:35:48,425 - httpcore.connection - DEBUG - atrace:87 - connect_tcp.complete return_value=<httpcore._backends.anyio.AnyIOStream object at 0x000001C6B61D3A70>
2025-09-24 10:35:48,426 - httpcore.connection - DEBUG - atrace:87 - start_tls.started ssl_context=<ssl.SSLContext object at 0x000001C6B5DEEC50> server_hostname='services.odata.org' timeout=30
2025-09-24 10:35:48,426 - httpcore.connection - DEBUG - atrace:87 - connect_tcp.complete return_value=<httpcore._backends.anyio.AnyIOStream object at 0x000001C6B6196060>
2025-09-24 10:35:48,426 - httpcore.connection - DEBUG - atrace:87 - start_tls.started ssl_context=<ssl.SSLContext object at 0x000001C6B5DEEC50> server_hostname='services.odata.org' timeout=30
2025-09-24 10:35:48,427 - httpcore.connection - DEBUG - atrace:87 - connect_tcp.complete return_value=<httpcore._backends.anyio.AnyIOStream object at 0x000001C6B61FE000>
2025-09-24 10:35:48,427 - httpcore.connection - DEBUG - atrace:87 - start_tls.started ssl_context=<ssl.SSLContext object at 0x000001C6B5DEEC50> server_hostname='services.odata.org' timeout=30
2025-09-24 10:35:48,430 - httpcore.connection - DEBUG - atrace:87 - connect_tcp.complete return_value=<httpcore._backends.anyio.AnyIOStream object at 0x000001C6B61F4110>
2025-09-24 10:35:48,431 - httpcore.connection - DEBUG - atrace:87 - start_tls.started ssl_context=<ssl.SSLContext object at 0x000001C6B5DEEC50> server_hostname='services.odata.org' timeout=30
2025-09-24 10:35:48,432 - httpcore.connection - DEBUG - atrace:87 - connect_tcp.complete return_value=<httpcore._backends.anyio.AnyIOStream object at 0x000001C6B61FD970>
2025-09-24 10:35:48,432 - httpcore.connection - DEBUG - atrace:87 - start_tls.started ssl_context=<ssl.SSLContext object at 0x000001C6B5DEEC50> server_hostname='services.odata.org' timeout=30
2025-09-24 10:35:48,433 - httpcore.connection - DEBUG - atrace:87 - connect_tcp.complete return_value=<httpcore._backends.anyio.AnyIOStream object at 0x000001C6B61F4E30>
2025-09-24 10:35:48,433 - httpcore.connection - DEBUG - atrace:87 - start_tls.started ssl_context=<ssl.SSLContext object at 0x000001C6B5DEEC50> server_hostname='services.odata.org' timeout=30
2025-09-24 10:35:48,435 - httpcore.connection - DEBUG - atrace:87 - connect_tcp.complete return_value=<httpcore._backends.anyio.AnyIOStream object at 0x000001C6B61D28A0>
2025-09-24 10:35:48,435 - httpcore.connection - DEBUG - atrace:87 - start_tls.started ssl_context=<ssl.SSLContext object at 0x000001C6B5DEEC50> server_hostname='services.odata.org' timeout=30
2025-09-24 10:35:48,436 - httpcore.connection - DEBUG - atrace:87 - connect_tcp.complete return_value=<httpcore._backends.anyio.AnyIOStream object at 0x000001C6B61FC3B0>
2025-09-24 10:35:48,437 - httpcore.connection - DEBUG - atrace:87 - start_tls.started ssl_context=<ssl.SSLContext object at 0x000001C6B5DEEC50> server_hostname='services.odata.org' timeout=30
2025-09-24 10:35:48,437 - httpcore.connection - DEBUG - atrace:87 - connect_tcp.complete return_value=<httpcore._backends.anyio.AnyIOStream object at 0x000001C6B61D11F0>
2025-09-24 10:35:48,437 - httpcore.connection - DEBUG - atrace:87 - start_tls.started ssl_context=<ssl.SSLContext object at 0x000001C6B5DEEC50> server_hostname='services.odata.org' timeout=30
2025-09-24 10:35:48,445 - httpcore.connection - DEBUG - atrace:87 - connect_tcp.complete return_value=<httpcore._backends.anyio.AnyIOStream object at 0x000001C6B61945C0>
2025-09-24 10:35:48,446 - httpcore.connection - DEBUG - atrace:87 - start_tls.started ssl_context=<ssl.SSLContext object at 0x000001C6B5DEEC50> server_hostname='services.odata.org' timeout=30
2025-09-24 10:35:48,448 - httpcore.connection - DEBUG - atrace:87 - connect_tcp.complete return_value=<httpcore._backends.anyio.AnyIOStream object at 0x000001C6B61F6F90>
2025-09-24 10:35:48,448 - httpcore.connection - DEBUG - atrace:87 - start_tls.started ssl_context=<ssl.SSLContext object at 0x000001C6B5DEEC50> server_hostname='services.odata.org' timeout=30
2025-09-24 10:35:48,449 - httpcore.connection - DEBUG - atrace:87 - connect_tcp.complete return_value=<httpcore._backends.anyio.AnyIOStream object at 0x000001C6B61F47A0>
2025-09-24 10:35:48,449 - httpcore.connection - DEBUG - atrace:87 - start_tls.started ssl_context=<ssl.SSLContext object at 0x000001C6B5DEEC50> server_hostname='services.odata.org' timeout=30
2025-09-24 10:35:48,452 - httpcore.connection - DEBUG - atrace:87 - connect_tcp.complete return_value=<httpcore._backends.anyio.AnyIOStream object at 0x000001C6B621B560>
2025-09-24 10:35:48,452 - httpcore.connection - DEBUG - atrace:87 - start_tls.started ssl_context=<ssl.SSLContext object at 0x000001C6B5DEEC50> server_hostname='services.odata.org' timeout=30
2025-09-24 10:35:48,453 - httpcore.connection - DEBUG - atrace:87 - connect_tcp.complete return_value=<httpcore._backends.anyio.AnyIOStream object at 0x000001C6B6195880>
2025-09-24 10:35:48,453 - httpcore.connection - DEBUG - atrace:87 - start_tls.started ssl_context=<ssl.SSLContext object at 0x000001C6B5DEEC50> server_hostname='services.odata.org' timeout=30
2025-09-24 10:35:48,456 - httpcore.connection - DEBUG - atrace:87 - connect_tcp.complete return_value=<httpcore._backends.anyio.AnyIOStream object at 0x000001C6B61F7620>
2025-09-24 10:35:48,456 - httpcore.connection - DEBUG - atrace:87 - start_tls.started ssl_context=<ssl.SSLContext object at 0x000001C6B5DEEC50> server_hostname='services.odata.org' timeout=30
2025-09-24 10:35:48,457 - httpcore.connection - DEBUG - atrace:87 - connect_tcp.complete return_value=<httpcore._backends.anyio.AnyIOStream object at 0x000001C6B61F61E0>
2025-09-24 10:35:48,458 - httpcore.connection - DEBUG - atrace:87 - start_tls.started ssl_context=<ssl.SSLContext object at 0x000001C6B5DEEC50> server_hostname='services.odata.org' timeout=30
2025-09-24 10:35:48,459 - httpcore.connection - DEBUG - atrace:87 - connect_tcp.complete return_value=<httpcore._backends.anyio.AnyIOStream object at 0x000001C6B6194D40>
2025-09-24 10:35:48,459 - httpcore.connection - DEBUG - atrace:87 - start_tls.started ssl_context=<ssl.SSLContext object at 0x000001C6B5DEEC50> server_hostname='services.odata.org' timeout=30
2025-09-24 10:35:48,460 - httpcore.connection - DEBUG - atrace:87 - connect_tcp.complete return_value=<httpcore._backends.anyio.AnyIOStream object at 0x000001C6B61F68D0>
2025-09-24 10:35:48,461 - httpcore.connection - DEBUG - atrace:87 - start_tls.started ssl_context=<ssl.SSLContext object at 0x000001C6B5DEEC50> server_hostname='services.odata.org' timeout=30
2025-09-24 10:35:48,462 - httpcore.connection - DEBUG - atrace:87 - connect_tcp.complete return_value=<httpcore._backends.anyio.AnyIOStream object at 0x000001C6B61D1190>
2025-09-24 10:35:48,462 - httpcore.connection - DEBUG - atrace:87 - start_tls.started ssl_context=<ssl.SSLContext object at 0x000001C6B5DEEC50> server_hostname='services.odata.org' timeout=30
2025-09-24 10:35:48,464 - httpcore.connection - DEBUG - atrace:87 - connect_tcp.complete return_value=<httpcore._backends.anyio.AnyIOStream object at 0x000001C6B6197140>
2025-09-24 10:35:48,464 - httpcore.connection - DEBUG - atrace:87 - start_tls.started ssl_context=<ssl.SSLContext object at 0x000001C6B5DEEC50> server_hostname='services.odata.org' timeout=30
2025-09-24 10:35:48,464 - httpcore.connection - DEBUG - atrace:87 - connect_tcp.complete return_value=<httpcore._backends.anyio.AnyIOStream object at 0x000001C6B621B0B0>
2025-09-24 10:35:48,464 - httpcore.connection - DEBUG - atrace:87 - start_tls.started ssl_context=<ssl.SSLContext object at 0x000001C6B5DEEC50> server_hostname='services.odata.org' timeout=30
2025-09-24 10:35:48,465 - httpcore.connection - DEBUG - atrace:87 - connect_tcp.complete return_value=<httpcore._backends.anyio.AnyIOStream object at 0x000001C6B61F54C0>
2025-09-24 10:35:48,465 - httpcore.connection - DEBUG - atrace:87 - start_tls.started ssl_context=<ssl.SSLContext object at 0x000001C6B5DEEC50> server_hostname='services.odata.org' timeout=30
2025-09-24 10:35:48,465 - httpcore.connection - DEBUG - atrace:87 - connect_tcp.complete return_value=<httpcore._backends.anyio.AnyIOStream object at 0x000001C6B61D1F10>
2025-09-24 10:35:48,466 - httpcore.connection - DEBUG - atrace:87 - start_tls.started ssl_context=<ssl.SSLContext object at 0x000001C6B5DEEC50> server_hostname='services.odata.org' timeout=30
2025-09-24 10:35:48,466 - httpcore.connection - DEBUG - atrace:87 - connect_tcp.complete return_value=<httpcore._backends.anyio.AnyIOStream object at 0x000001C6B61D33E0>
2025-09-24 10:35:48,466 - httpcore.connection - DEBUG - atrace:87 - start_tls.started ssl_context=<ssl.SSLContext object at 0x000001C6B5DEEC50> server_hostname='services.odata.org' timeout=30
2025-09-24 10:35:48,468 - httpcore.connection - DEBUG - atrace:87 - connect_tcp.complete return_value=<httpcore._backends.anyio.AnyIOStream object at 0x000001C6B61F7C50>
2025-09-24 10:35:48,468 - httpcore.connection - DEBUG - atrace:87 - start_tls.started ssl_context=<ssl.SSLContext object at 0x000001C6B5DEEC50> server_hostname='services.odata.org' timeout=30
2025-09-24 10:35:49,126 - httpcore.connection - DEBUG - atrace:87 - start_tls.complete return_value=<httpcore._backends.anyio.AnyIOStream object at 0x000001C6B61F61B0>
2025-09-24 10:35:49,126 - httpcore.connection - DEBUG - atrace:87 - start_tls.complete return_value=<httpcore._backends.anyio.AnyIOStream object at 0x000001C6B61F40E0>
2025-09-24 10:35:49,126 - httpcore.connection - DEBUG - atrace:87 - start_tls.complete return_value=<httpcore._backends.anyio.AnyIOStream object at 0x000001C6B6195AC0>
2025-09-24 10:35:49,126 - httpcore.connection - DEBUG - atrace:87 - start_tls.complete return_value=<httpcore._backends.anyio.AnyIOStream object at 0x000001C6B621AC60>
2025-09-24 10:35:49,126 - httpcore.connection - DEBUG - atrace:87 - start_tls.complete return_value=<httpcore._backends.anyio.AnyIOStream object at 0x000001C6B61F4770>
2025-09-24 10:35:49,126 - httpcore.http11 - DEBUG - atrace:87 - send_request_headers.started request=<Request [b'GET']>
2025-09-24 10:35:49,126 - httpcore.http11 - DEBUG - atrace:87 - send_request_headers.started request=<Request [b'GET']>
2025-09-24 10:35:49,126 - httpcore.http11 - DEBUG - atrace:87 - send_request_headers.started request=<Request [b'GET']>
2025-09-24 10:35:49,126 - httpcore.http11 - DEBUG - atrace:87 - send_request_headers.started request=<Request [b'GET']>
2025-09-24 10:35:49,126 - httpcore.http11 - DEBUG - atrace:87 - send_request_headers.started request=<Request [b'GET']>
2025-09-24 10:35:49,166 - httpcore.http11 - DEBUG - atrace:87 - send_request_headers.complete
2025-09-24 10:35:49,166 - httpcore.http11 - DEBUG - atrace:87 - send_request_body.started request=<Request [b'GET']>
2025-09-24 10:35:49,166 - httpcore.http11 - DEBUG - atrace:87 - send_request_body.complete
2025-09-24 10:35:49,166 - httpcore.http11 - DEBUG - atrace:87 - receive_response_headers.started request=<Request [b'GET']>
2025-09-24 10:35:49,166 - httpcore.http11 - DEBUG - atrace:87 - send_request_headers.complete
2025-09-24 10:35:49,166 - httpcore.http11 - DEBUG - atrace:87 - send_request_body.started request=<Request [b'GET']>
2025-09-24 10:35:49,166 - httpcore.http11 - DEBUG - atrace:87 - send_request_body.complete
2025-09-24 10:35:49,166 - httpcore.http11 - DEBUG - atrace:87 - receive_response_headers.started request=<Request [b'GET']>
2025-09-24 10:35:49,166 - httpcore.http11 - DEBUG - atrace:87 - send_request_headers.complete
2025-09-24 10:35:49,166 - httpcore.http11 - DEBUG - atrace:87 - send_request_body.started request=<Request [b'GET']>
2025-09-24 10:35:49,166 - httpcore.http11 - DEBUG - atrace:87 - send_request_body.complete
2025-09-24 10:35:49,166 - httpcore.http11 - DEBUG - atrace:87 - receive_response_headers.started request=<Request [b'GET']>
2025-09-24 10:35:49,166 - httpcore.http11 - DEBUG - atrace:87 - send_request_headers.complete
2025-09-24 10:35:49,166 - httpcore.http11 - DEBUG - atrace:87 - send_request_body.started request=<Request [b'GET']>
2025-09-24 10:35:49,166 - httpcore.http11 - DEBUG - atrace:87 - send_request_body.complete
2025-09-24 10:35:49,166 - httpcore.http11 - DEBUG - atrace:87 - receive_response_headers.started request=<Request [b'GET']>
2025-09-24 10:35:49,166 - httpcore.http11 - DEBUG - atrace:87 - send_request_headers.complete
2025-09-24 10:35:49,166 - httpcore.http11 - DEBUG - atrace:87 - send_request_body.started request=<Request [b'GET']>
2025-09-24 10:35:49,166 - httpcore.http11 - DEBUG - atrace:87 - send_request_body.complete
2025-09-24 10:35:49,166 - httpcore.http11 - DEBUG - atrace:87 - receive_response_headers.started request=<Request [b'GET']>
2025-09-24 10:35:49,166 - httpcore.connection - DEBUG - atrace:87 - start_tls.complete return_value=<httpcore._backends.anyio.AnyIOStream object at 0x000001C6B621B860>
2025-09-24 10:35:49,166 - httpcore.connection - DEBUG - atrace:87 - start_tls.complete return_value=<httpcore._backends.anyio.AnyIOStream object at 0x000001C6B61D1DF0>
2025-09-24 10:35:49,166 - httpcore.connection - DEBUG - atrace:87 - start_tls.complete return_value=<httpcore._backends.anyio.AnyIOStream object at 0x000001C6B621AE10>
2025-09-24 10:35:49,166 - httpcore.connection - DEBUG - atrace:87 - start_tls.complete return_value=<httpcore._backends.anyio.AnyIOStream object at 0x000001C6B61D0F80>
2025-09-24 10:35:49,173 - httpcore.connection - DEBUG - atrace:87 - start_tls.complete return_value=<httpcore._backends.anyio.AnyIOStream object at 0x000001C6B61F7590>
2025-09-24 10:35:49,175 - httpcore.http11 - DEBUG - atrace:87 - send_request_headers.started request=<Request [b'GET']>
2025-09-24 10:35:49,175 - httpcore.http11 - DEBUG - atrace:87 - send_request_headers.started request=<Request [b'GET']>
2025-09-24 10:35:49,176 - httpcore.http11 - DEBUG - atrace:87 - send_request_headers.started request=<Request [b'GET']>
2025-09-24 10:35:49,176 - httpcore.http11 - DEBUG - atrace:87 - send_request_headers.started request=<Request [b'GET']>
2025-09-24 10:35:49,176 - httpcore.http11 - DEBUG - atrace:87 - send_request_headers.started request=<Request [b'GET']>
2025-09-24 10:35:49,242 - httpcore.http11 - DEBUG - atrace:87 - send_request_headers.complete
2025-09-24 10:35:49,242 - httpcore.http11 - DEBUG - atrace:87 - send_request_body.started request=<Request [b'GET']>
2025-09-24 10:35:49,242 - httpcore.http11 - DEBUG - atrace:87 - send_request_body.complete
2025-09-24 10:35:49,242 - httpcore.http11 - DEBUG - atrace:87 - receive_response_headers.started request=<Request [b'GET']>
2025-09-24 10:35:49,243 - httpcore.http11 - DEBUG - atrace:87 - send_request_headers.complete
2025-09-24 10:35:49,244 - httpcore.http11 - DEBUG - atrace:87 - send_request_body.started request=<Request [b'GET']>
2025-09-24 10:35:49,244 - httpcore.http11 - DEBUG - atrace:87 - send_request_body.complete
2025-09-24 10:35:49,244 - httpcore.http11 - DEBUG - atrace:87 - receive_response_headers.started request=<Request [b'GET']>
2025-09-24 10:35:49,244 - httpcore.http11 - DEBUG - atrace:87 - send_request_headers.complete
2025-09-24 10:35:49,244 - httpcore.http11 - DEBUG - atrace:87 - send_request_body.started request=<Request [b'GET']>
2025-09-24 10:35:49,244 - httpcore.http11 - DEBUG - atrace:87 - send_request_body.complete
2025-09-24 10:35:49,244 - httpcore.http11 - DEBUG - atrace:87 - receive_response_headers.started request=<Request [b'GET']>
2025-09-24 10:35:49,244 - httpcore.http11 - DEBUG - atrace:87 - send_request_headers.complete
2025-09-24 10:35:49,244 - httpcore.http11 - DEBUG - atrace:87 - send_request_body.started request=<Request [b'GET']>
2025-09-24 10:35:49,246 - httpcore.http11 - DEBUG - atrace:87 - send_request_body.complete
2025-09-24 10:35:49,246 - httpcore.http11 - DEBUG - atrace:87 - receive_response_headers.started request=<Request [b'GET']>
2025-09-24 10:35:49,246 - httpcore.http11 - DEBUG - atrace:87 - send_request_headers.complete
2025-09-24 10:35:49,246 - httpcore.http11 - DEBUG - atrace:87 - send_request_body.started request=<Request [b'GET']>
2025-09-24 10:35:49,246 - httpcore.http11 - DEBUG - atrace:87 - send_request_body.complete
2025-09-24 10:35:49,246 - httpcore.http11 - DEBUG - atrace:87 - receive_response_headers.started request=<Request [b'GET']>
2025-09-24 10:35:49,246 - httpcore.connection - DEBUG - atrace:87 - start_tls.complete return_value=<httpcore._backends.anyio.AnyIOStream object at 0x000001C6B61D1310>
2025-09-24 10:35:49,246 - httpcore.connection - DEBUG - atrace:87 - start_tls.complete return_value=<httpcore._backends.anyio.AnyIOStream object at 0x000001C6B61F6840>
2025-09-24 10:35:49,246 - httpcore.connection - DEBUG - atrace:87 - start_tls.complete return_value=<httpcore._backends.anyio.AnyIOStream object at 0x000001C6B61F5490>
2025-09-24 10:35:49,248 - httpcore.connection - DEBUG - atrace:87 - start_tls.complete return_value=<httpcore._backends.anyio.AnyIOStream object at 0x000001C6B621B650>
2025-09-24 10:35:49,248 - httpcore.connection - DEBUG - atrace:87 - start_tls.complete return_value=<httpcore._backends.anyio.AnyIOStream object at 0x000001C6B61F7BC0>
2025-09-24 10:35:49,248 - httpcore.connection - DEBUG - atrace:87 - start_tls.complete return_value=<httpcore._backends.anyio.AnyIOStream object at 0x000001C6B61F4E00>
2025-09-24 10:35:49,248 - httpcore.connection - DEBUG - atrace:87 - start_tls.complete return_value=<httpcore._backends.anyio.AnyIOStream object at 0x000001C6B61F6F00>
2025-09-24 10:35:49,249 - httpcore.connection - DEBUG - atrace:87 - start_tls.complete return_value=<httpcore._backends.anyio.AnyIOStream object at 0x000001C6B6194D10>
2025-09-24 10:35:49,249 - httpcore.http11 - DEBUG - atrace:87 - send_request_headers.started request=<Request [b'GET']>
2025-09-24 10:35:49,249 - httpcore.http11 - DEBUG - atrace:87 - send_request_headers.started request=<Request [b'GET']>
2025-09-24 10:35:49,249 - httpcore.http11 - DEBUG - atrace:87 - send_request_headers.started request=<Request [b'GET']>
2025-09-24 10:35:49,249 - httpcore.http11 - DEBUG - atrace:87 - send_request_headers.started request=<Request [b'GET']>
2025-09-24 10:35:49,251 - httpcore.http11 - DEBUG - atrace:87 - send_request_headers.started request=<Request [b'GET']>
2025-09-24 10:35:49,251 - httpcore.http11 - DEBUG - atrace:87 - send_request_headers.started request=<Request [b'GET']>
2025-09-24 10:35:49,251 - httpcore.http11 - DEBUG - atrace:87 - send_request_headers.started request=<Request [b'GET']>
2025-09-24 10:35:49,251 - httpcore.http11 - DEBUG - atrace:87 - send_request_headers.started request=<Request [b'GET']>
2025-09-24 10:35:49,310 - httpcore.http11 - DEBUG - atrace:87 - send_request_headers.complete
2025-09-24 10:35:49,310 - httpcore.http11 - DEBUG - atrace:87 - send_request_body.started request=<Request [b'GET']>
2025-09-24 10:35:49,310 - httpcore.http11 - DEBUG - atrace:87 - send_request_body.complete
2025-09-24 10:35:49,310 - httpcore.http11 - DEBUG - atrace:87 - receive_response_headers.started request=<Request [b'GET']>
2025-09-24 10:35:49,310 - httpcore.http11 - DEBUG - atrace:87 - send_request_headers.complete
2025-09-24 10:35:49,310 - httpcore.http11 - DEBUG - atrace:87 - send_request_body.started request=<Request [b'GET']>
2025-09-24 10:35:49,310 - httpcore.http11 - DEBUG - atrace:87 - send_request_body.complete
2025-09-24 10:35:49,310 - httpcore.http11 - DEBUG - atrace:87 - receive_response_headers.started request=<Request [b'GET']>
2025-09-24 10:35:49,310 - httpcore.http11 - DEBUG - atrace:87 - send_request_headers.complete
2025-09-24 10:35:49,310 - httpcore.http11 - DEBUG - atrace:87 - send_request_body.started request=<Request [b'GET']>
2025-09-24 10:35:49,310 - httpcore.http11 - DEBUG - atrace:87 - send_request_body.complete
2025-09-24 10:35:49,310 - httpcore.http11 - DEBUG - atrace:87 - receive_response_headers.started request=<Request [b'GET']>
2025-09-24 10:35:49,310 - httpcore.http11 - DEBUG - atrace:87 - send_request_headers.complete
2025-09-24 10:35:49,310 - httpcore.http11 - DEBUG - atrace:87 - send_request_body.started request=<Request [b'GET']>
2025-09-24 10:35:49,310 - httpcore.http11 - DEBUG - atrace:87 - send_request_body.complete
2025-09-24 10:35:49,310 - httpcore.http11 - DEBUG - atrace:87 - receive_response_headers.started request=<Request [b'GET']>
2025-09-24 10:35:49,310 - httpcore.http11 - DEBUG - atrace:87 - send_request_headers.complete
2025-09-24 10:35:49,310 - httpcore.http11 - DEBUG - atrace:87 - send_request_body.started request=<Request [b'GET']>
2025-09-24 10:35:49,310 - httpcore.http11 - DEBUG - atrace:87 - send_request_body.complete
2025-09-24 10:35:49,310 - httpcore.http11 - DEBUG - atrace:87 - receive_response_headers.started request=<Request [b'GET']>
2025-09-24 10:35:49,310 - httpcore.http11 - DEBUG - atrace:87 - send_request_headers.complete
2025-09-24 10:35:49,310 - httpcore.http11 - DEBUG - atrace:87 - send_request_body.started request=<Request [b'GET']>
2025-09-24 10:35:49,310 - httpcore.http11 - DEBUG - atrace:87 - send_request_body.complete
2025-09-24 10:35:49,310 - httpcore.http11 - DEBUG - atrace:87 - receive_response_headers.started request=<Request [b'GET']>
2025-09-24 10:35:49,316 - httpcore.http11 - DEBUG - atrace:87 - send_request_headers.complete
2025-09-24 10:35:49,316 - httpcore.http11 - DEBUG - atrace:87 - send_request_body.started request=<Request [b'GET']>
2025-09-24 10:35:49,316 - httpcore.http11 - DEBUG - atrace:87 - send_request_body.complete
2025-09-24 10:35:49,316 - httpcore.http11 - DEBUG - atrace:87 - receive_response_headers.started request=<Request [b'GET']>
2025-09-24 10:35:49,316 - httpcore.http11 - DEBUG - atrace:87 - send_request_headers.complete
2025-09-24 10:35:49,316 - httpcore.http11 - DEBUG - atrace:87 - send_request_body.started request=<Request [b'GET']>
2025-09-24 10:35:49,316 - httpcore.http11 - DEBUG - atrace:87 - send_request_body.complete
2025-09-24 10:35:49,316 - httpcore.http11 - DEBUG - atrace:87 - receive_response_headers.started request=<Request [b'GET']>
2025-09-24 10:35:49,316 - httpcore.connection - DEBUG - atrace:87 - start_tls.complete return_value=<httpcore._backends.anyio.AnyIOStream object at 0x000001C6B621B350>
2025-09-24 10:35:49,316 - httpcore.connection - DEBUG - atrace:87 - start_tls.complete return_value=<httpcore._backends.anyio.AnyIOStream object at 0x000001C6B6195580>
2025-09-24 10:35:49,316 - httpcore.connection - DEBUG - atrace:87 - start_tls.complete return_value=<httpcore._backends.anyio.AnyIOStream object at 0x000001C6B61D33B0>
2025-09-24 10:35:49,316 - httpcore.connection - DEBUG - atrace:87 - start_tls.complete return_value=<httpcore._backends.anyio.AnyIOStream object at 0x000001C6B61F5B20>
2025-09-24 10:35:49,316 - httpcore.connection - DEBUG - atrace:87 - start_tls.complete return_value=<httpcore._backends.anyio.AnyIOStream object at 0x000001C6B61D28D0>
2025-09-24 10:35:49,316 - httpcore.connection - DEBUG - atrace:87 - start_tls.complete return_value=<httpcore._backends.anyio.AnyIOStream object at 0x000001C6B621AAE0>
2025-09-24 10:35:49,316 - httpcore.connection - DEBUG - atrace:87 - start_tls.complete return_value=<httpcore._backends.anyio.AnyIOStream object at 0x000001C6B61D3A40>
2025-09-24 10:35:49,316 - httpcore.connection - DEBUG - atrace:87 - start_tls.complete return_value=<httpcore._backends.anyio.AnyIOStream object at 0x000001C6B6196090>
2025-09-24 10:35:49,316 - httpcore.http11 - DEBUG - atrace:87 - send_request_headers.started request=<Request [b'GET']>
2025-09-24 10:35:49,316 - httpcore.http11 - DEBUG - atrace:87 - send_request_headers.started request=<Request [b'GET']>
2025-09-24 10:35:49,316 - httpcore.http11 - DEBUG - atrace:87 - send_request_headers.started request=<Request [b'GET']>
2025-09-24 10:35:49,316 - httpcore.http11 - DEBUG - atrace:87 - send_request_headers.started request=<Request [b'GET']>
2025-09-24 10:35:49,316 - httpcore.http11 - DEBUG - atrace:87 - send_request_headers.started request=<Request [b'GET']>
2025-09-24 10:35:49,316 - httpcore.http11 - DEBUG - atrace:87 - send_request_headers.started request=<Request [b'GET']>
2025-09-24 10:35:49,316 - httpcore.http11 - DEBUG - atrace:87 - send_request_headers.started request=<Request [b'GET']>
2025-09-24 10:35:49,316 - httpcore.http11 - DEBUG - atrace:87 - send_request_headers.started request=<Request [b'GET']>
2025-09-24 10:35:49,316 - httpcore.http11 - DEBUG - atrace:87 - send_request_headers.complete
2025-09-24 10:35:49,316 - httpcore.http11 - DEBUG - atrace:87 - send_request_body.started request=<Request [b'GET']>
2025-09-24 10:35:49,316 - httpcore.http11 - DEBUG - atrace:87 - send_request_body.complete
2025-09-24 10:35:49,316 - httpcore.http11 - DEBUG - atrace:87 - receive_response_headers.started request=<Request [b'GET']>
2025-09-24 10:35:49,316 - httpcore.http11 - DEBUG - atrace:87 - send_request_headers.complete
2025-09-24 10:35:49,316 - httpcore.http11 - DEBUG - atrace:87 - send_request_body.started request=<Request [b'GET']>
2025-09-24 10:35:49,316 - httpcore.http11 - DEBUG - atrace:87 - send_request_body.complete
2025-09-24 10:35:49,316 - httpcore.http11 - DEBUG - atrace:87 - receive_response_headers.started request=<Request [b'GET']>
2025-09-24 10:35:49,316 - httpcore.http11 - DEBUG - atrace:87 - send_request_headers.complete
2025-09-24 10:35:49,316 - httpcore.http11 - DEBUG - atrace:87 - send_request_body.started request=<Request [b'GET']>
2025-09-24 10:35:49,316 - httpcore.http11 - DEBUG - atrace:87 - send_request_body.complete
2025-09-24 10:35:49,316 - httpcore.http11 - DEBUG - atrace:87 - receive_response_headers.started request=<Request [b'GET']>
2025-09-24 10:35:49,316 - httpcore.http11 - DEBUG - atrace:87 - send_request_headers.complete
2025-09-24 10:35:49,316 - httpcore.http11 - DEBUG - atrace:87 - send_request_body.started request=<Request [b'GET']>
2025-09-24 10:35:49,322 - httpcore.http11 - DEBUG - atrace:87 - send_request_body.complete
2025-09-24 10:35:49,322 - httpcore.http11 - DEBUG - atrace:87 - receive_response_headers.started request=<Request [b'GET']>
2025-09-24 10:35:49,323 - httpcore.http11 - DEBUG - atrace:87 - send_request_headers.complete
2025-09-24 10:35:49,324 - httpcore.http11 - DEBUG - atrace:87 - send_request_body.started request=<Request [b'GET']>
2025-09-24 10:35:49,324 - httpcore.http11 - DEBUG - atrace:87 - send_request_body.complete
2025-09-24 10:35:49,324 - httpcore.http11 - DEBUG - atrace:87 - receive_response_headers.started request=<Request [b'GET']>
2025-09-24 10:35:49,325 - httpcore.http11 - DEBUG - atrace:87 - send_request_headers.complete
2025-09-24 10:35:49,325 - httpcore.http11 - DEBUG - atrace:87 - send_request_body.started request=<Request [b'GET']>
2025-09-24 10:35:49,325 - httpcore.http11 - DEBUG - atrace:87 - send_request_body.complete
2025-09-24 10:35:49,325 - httpcore.http11 - DEBUG - atrace:87 - receive_response_headers.started request=<Request [b'GET']>
2025-09-24 10:35:49,326 - httpcore.http11 - DEBUG - atrace:87 - send_request_headers.complete
2025-09-24 10:35:49,326 - httpcore.http11 - DEBUG - atrace:87 - send_request_body.started request=<Request [b'GET']>
2025-09-24 10:35:49,326 - httpcore.http11 - DEBUG - atrace:87 - send_request_body.complete
2025-09-24 10:35:49,326 - httpcore.http11 - DEBUG - atrace:87 - receive_response_headers.started request=<Request [b'GET']>
2025-09-24 10:35:49,326 - httpcore.http11 - DEBUG - atrace:87 - send_request_headers.complete
2025-09-24 10:35:49,326 - httpcore.http11 - DEBUG - atrace:87 - send_request_body.started request=<Request [b'GET']>
2025-09-24 10:35:49,326 - httpcore.http11 - DEBUG - atrace:87 - send_request_body.complete
2025-09-24 10:35:49,326 - httpcore.http11 - DEBUG - atrace:87 - receive_response_headers.started request=<Request [b'GET']>
2025-09-24 10:35:49,424 - httpcore.http11 - DEBUG - atrace:87 - receive_response_headers.complete return_value=(b'HTTP/1.1', 200, b'OK', [(b'Content-Length', b'277'), (b'Content-Type', b'application/json;odata.metadata=minimal;odata.streaming=true;IEEE754Compatible=false;charset=utf-8'), (b'Date', b'Wed, 24 Sep 2025 05:05:49 GMT'), (b'Server', b'Microsoft-IIS/10.0'), (b'Access-Control-Allow-Headers', b'Accept, Origin, Content-Type, MaxDataServiceVersion'), (b'Access-Control-Allow-Methods', b'GET'), (b'Access-Control-Allow-Origin', b'*'), (b'Access-Control-Expose-Headers', b'DataServiceVersion'), (b'Cache-Control', b'private'), (b'Content-Encoding', b'gzip'), (b'Expires', b'Wed, 24 Sep 2025 05:06:49 GMT'), (b'Vary', b'*'), (b'X-Content-Type-Options', b'nosniff'), (b'OData-Version', b'4.0;'), (b'X-AspNet-Version', b'4.0.30319'), (b'X-Powered-By', b'ASP.NET')])
2025-09-24 10:35:49,424 - httpx - INFO - _send_single_request:1740 - HTTP Request: GET https://services.odata.org/V4/Northwind/Northwind.svc/Territories?%24count=true&%24top=1 "HTTP/1.1 200 OK"
2025-09-24 10:35:49,424 - httpcore.http11 - DEBUG - atrace:87 - receive_response_body.started request=<Request [b'GET']>
2025-09-24 10:35:49,424 - httpcore.http11 - DEBUG - atrace:87 - receive_response_body.complete
2025-09-24 10:35:49,433 - httpcore.http11 - DEBUG - atrace:87 - response_closed.started
2025-09-24 10:35:49,433 - httpcore.http11 - DEBUG - atrace:87 - response_closed.complete
2025-09-24 10:35:49,433 - httpcore.connection - DEBUG - atrace:87 - close.started
2025-09-24 10:35:49,434 - httpcore.connection - DEBUG - atrace:87 - close.complete
2025-09-24 10:35:49,484 - httpcore.http11 - DEBUG - atrace:87 - receive_response_headers.complete return_value=(b'HTTP/1.1', 200, b'OK', [(b'Content-Length', b'542'), (b'Content-Type', b'application/json;odata.metadata=minimal;odata.streaming=true;IEEE754Compatible=false;charset=utf-8'), (b'Date', b'Wed, 24 Sep 2025 05:05:49 GMT'), (b'Server', b'Microsoft-IIS/10.0'), (b'Access-Control-Allow-Headers', b'Accept, Origin, Content-Type, MaxDataServiceVersion'), (b'Access-Control-Allow-Methods', b'GET'), (b'Access-Control-Allow-Origin', b'*'), (b'Access-Control-Expose-Headers', b'DataServiceVersion'), (b'Cache-Control', b'private'), (b'Content-Encoding', b'gzip'), (b'Expires', b'Wed, 24 Sep 2025 05:06:49 GMT'), (b'Vary', b'*'), (b'X-Content-Type-Options', b'nosniff'), (b'OData-Version', b'4.0;'), (b'X-AspNet-Version', b'4.0.30319'), (b'X-Powered-By', b'ASP.NET')])
2025-09-24 10:35:49,484 - httpx - INFO - _send_single_request:1740 - HTTP Request: GET https://services.odata.org/V4/Northwind/Northwind.svc/Invoices?%24count=true&%24top=1 "HTTP/1.1 200 OK"
2025-09-24 10:35:49,484 - httpcore.http11 - DEBUG - atrace:87 - receive_response_body.started request=<Request [b'GET']>
2025-09-24 10:35:49,484 - httpcore.http11 - DEBUG - atrace:87 - receive_response_body.complete
2025-09-24 10:35:49,484 - httpcore.http11 - DEBUG - atrace:87 - response_closed.started
2025-09-24 10:35:49,484 - httpcore.http11 - DEBUG - atrace:87 - response_closed.complete
2025-09-24 10:35:49,484 - httpcore.connection - DEBUG - atrace:87 - close.started
2025-09-24 10:35:49,484 - httpcore.connection - DEBUG - atrace:87 - close.complete
2025-09-24 10:35:49,515 - httpcore.http11 - DEBUG - atrace:87 - receive_response_headers.complete return_value=(b'HTTP/1.1', 200, b'OK', [(b'Content-Length', b'303'), (b'Content-Type', b'application/json;odata.metadata=minimal;odata.streaming=true;IEEE754Compatible=false;charset=utf-8'), (b'Date', b'Wed, 24 Sep 2025 05:05:49 GMT'), (b'Server', b'Microsoft-IIS/10.0'), (b'Access-Control-Allow-Headers', b'Accept, Origin, Content-Type, MaxDataServiceVersion'), (b'Access-Control-Allow-Methods', b'GET'), (b'Access-Control-Allow-Origin', b'*'), (b'Access-Control-Expose-Headers', b'DataServiceVersion'), (b'Cache-Control', b'private'), (b'Content-Encoding', b'gzip'), (b'Expires', b'Wed, 24 Sep 2025 05:06:49 GMT'), (b'Vary', b'*'), (b'X-Content-Type-Options', b'nosniff'), (b'OData-Version', b'4.0;'), (b'X-AspNet-Version', b'4.0.30319'), (b'X-Powered-By', b'ASP.NET')])
2025-09-24 10:35:49,515 - httpx - INFO - _send_single_request:1740 - HTTP Request: GET https://services.odata.org/V4/Northwind/Northwind.svc/Summary_of_Sales_by_Quarters?%24count=true&%24top=1 "HTTP/1.1 200 OK"
2025-09-24 10:35:49,515 - httpcore.http11 - DEBUG - atrace:87 - receive_response_body.started request=<Request [b'GET']>
2025-09-24 10:35:49,515 - httpcore.http11 - DEBUG - atrace:87 - receive_response_body.complete
2025-09-24 10:35:49,515 - httpcore.http11 - DEBUG - atrace:87 - response_closed.started
2025-09-24 10:35:49,515 - httpcore.http11 - DEBUG - atrace:87 - response_closed.complete
2025-09-24 10:35:49,515 - httpcore.connection - DEBUG - atrace:87 - close.started
2025-09-24 10:35:49,515 - httpcore.connection - DEBUG - atrace:87 - close.complete
2025-09-24 10:35:49,536 - httpcore.http11 - DEBUG - atrace:87 - receive_response_headers.complete return_value=(b'HTTP/1.1', 200, b'OK', [(b'Content-Length', b'460'), (b'Content-Type', b'application/json;odata.metadata=minimal;odata.streaming=true;IEEE754Compatible=false;charset=utf-8'), (b'Date', b'Wed, 24 Sep 2025 05:05:49 GMT'), (b'Server', b'Microsoft-IIS/10.0'), (b'Access-Control-Allow-Headers', b'Accept, Origin, Content-Type, MaxDataServiceVersion'), (b'Access-Control-Allow-Methods', b'GET'), (b'Access-Control-Allow-Origin', b'*'), (b'Access-Control-Expose-Headers', b'DataServiceVersion'), (b'Cache-Control', b'private'), (b'Content-Encoding', b'gzip'), (b'Expires', b'Wed, 24 Sep 2025 05:06:49 GMT'), (b'Vary', b'*'), (b'X-Content-Type-Options', b'nosniff'), (b'OData-Version', b'4.0;'), (b'X-AspNet-Version', b'4.0.30319'), (b'X-Powered-By', b'ASP.NET')])
2025-09-24 10:35:49,537 - httpx - INFO - _send_single_request:1740 - HTTP Request: GET https://services.odata.org/V4/Northwind/Northwind.svc/Orders?%24count=true&%24top=1 "HTTP/1.1 200 OK"
2025-09-24 10:35:49,537 - httpcore.http11 - DEBUG - atrace:87 - receive_response_body.started request=<Request [b'GET']>
2025-09-24 10:35:49,537 - httpcore.http11 - DEBUG - atrace:87 - receive_response_body.complete
2025-09-24 10:35:49,537 - httpcore.http11 - DEBUG - atrace:87 - response_closed.started
2025-09-24 10:35:49,537 - httpcore.http11 - DEBUG - atrace:87 - response_closed.complete
2025-09-24 10:35:49,537 - httpcore.connection - DEBUG - atrace:87 - close.started
2025-09-24 10:35:49,537 - httpcore.connection - DEBUG - atrace:87 - close.complete
2025-09-24 10:35:49,954 - httpcore.http11 - DEBUG - atrace:87 - receive_response_headers.complete return_value=(b'HTTP/1.1', 200, b'OK', [(b'Content-Length', b'332'), (b'Content-Type', b'application/json;odata.metadata=minimal;odata.streaming=true;IEEE754Compatible=false;charset=utf-8'), (b'Date', b'Wed, 24 Sep 2025 05:05:50 GMT'), (b'Server', b'Microsoft-IIS/10.0'), (b'Access-Control-Allow-Headers', b'Accept, Origin, Content-Type, MaxDataServiceVersion'), (b'Access-Control-Allow-Methods', b'GET'), (b'Access-Control-Allow-Origin', b'*'), (b'Access-Control-Expose-Headers', b'DataServiceVersion'), (b'Cache-Control', b'private'), (b'Content-Encoding', b'gzip'), (b'Expires', b'Wed, 24 Sep 2025 05:06:50 GMT'), (b'Vary', b'*'), (b'X-Content-Type-Options', b'nosniff'), (b'OData-Version', b'4.0;'), (b'X-AspNet-Version', b'4.0.30319'), (b'X-Powered-By', b'ASP.NET')])
2025-09-24 10:35:49,954 - httpx - INFO - _send_single_request:1740 - HTTP Request: GET https://services.odata.org/V4/Northwind/Northwind.svc/Sales_Totals_by_Amounts?%24count=true&%24top=1 "HTTP/1.1 200 OK"
2025-09-24 10:35:49,956 - httpcore.http11 - DEBUG - atrace:87 - receive_response_body.started request=<Request [b'GET']>
2025-09-24 10:35:49,957 - httpcore.http11 - DEBUG - atrace:87 - receive_response_body.complete
2025-09-24 10:35:49,957 - httpcore.http11 - DEBUG - atrace:87 - response_closed.started
2025-09-24 10:35:49,957 - httpcore.http11 - DEBUG - atrace:87 - response_closed.complete
2025-09-24 10:35:49,957 - httpcore.connection - DEBUG - atrace:87 - close.started
2025-09-24 10:35:49,958 - httpcore.connection - DEBUG - atrace:87 - close.complete
2025-09-24 10:35:50,011 - httpcore.http11 - DEBUG - atrace:87 - receive_response_headers.complete return_value=(b'HTTP/1.1', 200, b'OK', [(b'Content-Length', b'384'), (b'Content-Type', b'application/json;odata.metadata=minimal;odata.streaming=true;IEEE754Compatible=false;charset=utf-8'), (b'Date', b'Wed, 24 Sep 2025 05:05:50 GMT'), (b'Server', b'Microsoft-IIS/10.0'), (b'Access-Control-Allow-Headers', b'Accept, Origin, Content-Type, MaxDataServiceVersion'), (b'Access-Control-Allow-Methods', b'GET'), (b'Access-Control-Allow-Origin', b'*'), (b'Access-Control-Expose-Headers', b'DataServiceVersion'), (b'Cache-Control', b'private'), (b'Content-Encoding', b'gzip'), (b'Expires', b'Wed, 24 Sep 2025 05:06:49 GMT'), (b'Vary', b'*'), (b'X-Content-Type-Options', b'nosniff'), (b'OData-Version', b'4.0;'), (b'X-AspNet-Version', b'4.0.30319'), (b'X-Powered-By', b'ASP.NET')])
2025-09-24 10:35:50,011 - httpx - INFO - _send_single_request:1740 - HTTP Request: GET https://services.odata.org/V4/Northwind/Northwind.svc/Alphabetical_list_of_products?%24count=true&%24top=1 "HTTP/1.1 200 OK"
2025-09-24 10:35:50,012 - httpcore.http11 - DEBUG - atrace:87 - receive_response_body.started request=<Request [b'GET']>
2025-09-24 10:35:50,012 - httpcore.http11 - DEBUG - atrace:87 - receive_response_body.complete
2025-09-24 10:35:50,013 - httpcore.http11 - DEBUG - atrace:87 - response_closed.started
2025-09-24 10:35:50,013 - httpcore.http11 - DEBUG - atrace:87 - response_closed.complete
2025-09-24 10:35:50,014 - httpcore.connection - DEBUG - atrace:87 - close.started
2025-09-24 10:35:50,014 - httpcore.connection - DEBUG - atrace:87 - close.complete
2025-09-24 10:35:50,068 - httpcore.http11 - DEBUG - atrace:87 - receive_response_headers.complete return_value=(b'HTTP/1.1', 200, b'OK', [(b'Content-Length', b'452'), (b'Content-Type', b'application/json;odata.metadata=minimal;odata.streaming=true;IEEE754Compatible=false;charset=utf-8'), (b'Date', b'Wed, 24 Sep 2025 05:05:50 GMT'), (b'Server', b'Microsoft-IIS/10.0'), (b'Access-Control-Allow-Headers', b'Accept, Origin, Content-Type, MaxDataServiceVersion'), (b'Access-Control-Allow-Methods', b'GET'), (b'Access-Control-Allow-Origin', b'*'), (b'Access-Control-Expose-Headers', b'DataServiceVersion'), (b'Cache-Control', b'private'), (b'Content-Encoding', b'gzip'), (b'Expires', b'Wed, 24 Sep 2025 05:06:49 GMT'), (b'Vary', b'*'), (b'X-Content-Type-Options', b'nosniff'), (b'OData-Version', b'4.0;'), (b'X-AspNet-Version', b'4.0.30319'), (b'X-Powered-By', b'ASP.NET')])
2025-09-24 10:35:50,069 - httpx - INFO - _send_single_request:1740 - HTTP Request: GET https://services.odata.org/V4/Northwind/Northwind.svc/Orders_Qries?%24count=true&%24top=1 "HTTP/1.1 200 OK"
2025-09-24 10:35:50,069 - httpcore.http11 - DEBUG - atrace:87 - receive_response_body.started request=<Request [b'GET']>
2025-09-24 10:35:50,070 - httpcore.http11 - DEBUG - atrace:87 - receive_response_body.complete
2025-09-24 10:35:50,070 - httpcore.http11 - DEBUG - atrace:87 - response_closed.started
2025-09-24 10:35:50,070 - httpcore.http11 - DEBUG - atrace:87 - response_closed.complete
2025-09-24 10:35:50,320 - httpcore.http11 - DEBUG - atrace:87 - receive_response_headers.complete return_value=(b'HTTP/1.1', 200, b'OK', [(b'Content-Length', b'249'), (b'Content-Type', b'application/json;odata.metadata=minimal;odata.streaming=true;IEEE754Compatible=false;charset=utf-8'), (b'Date', b'Wed, 24 Sep 2025 05:05:50 GMT'), (b'Server', b'Microsoft-IIS/10.0'), (b'Access-Control-Allow-Headers', b'Accept, Origin, Content-Type, MaxDataServiceVersion'), (b'Access-Control-Allow-Methods', b'GET'), (b'Access-Control-Allow-Origin', b'*'), (b'Access-Control-Expose-Headers', b'DataServiceVersion'), (b'Cache-Control', b'private'), (b'Content-Encoding', b'gzip'), (b'Expires', b'Wed, 24 Sep 2025 05:06:50 GMT'), (b'Vary', b'*'), (b'X-Content-Type-Options', b'nosniff'), (b'OData-Version', b'4.0;'), (b'X-AspNet-Version', b'4.0.30319'), (b'X-Powered-By', b'ASP.NET')])
2025-09-24 10:35:50,322 - httpx - INFO - _send_single_request:1740 - HTTP Request: GET https://services.odata.org/V4/Northwind/Northwind.svc/Order_Subtotals?%24count=true&%24top=1 "HTTP/1.1 200 OK"
2025-09-24 10:35:50,323 - httpcore.http11 - DEBUG - atrace:87 - receive_response_body.started request=<Request [b'GET']>
2025-09-24 10:35:50,323 - httpcore.http11 - DEBUG - atrace:87 - receive_response_body.complete
2025-09-24 10:35:50,323 - httpcore.http11 - DEBUG - atrace:87 - response_closed.started
2025-09-24 10:35:50,324 - httpcore.http11 - DEBUG - atrace:87 - response_closed.complete
2025-09-24 10:35:50,341 - httpcore.http11 - DEBUG - atrace:87 - receive_response_headers.complete return_value=(b'HTTP/1.1', 200, b'OK', [(b'Content-Length', b'251'), (b'Content-Type', b'application/json;odata.metadata=minimal;odata.streaming=true;IEEE754Compatible=false;charset=utf-8'), (b'Date', b'Wed, 24 Sep 2025 05:05:50 GMT'), (b'Server', b'Microsoft-IIS/10.0'), (b'Access-Control-Allow-Headers', b'Accept, Origin, Content-Type, MaxDataServiceVersion'), (b'Access-Control-Allow-Methods', b'GET'), (b'Access-Control-Allow-Origin', b'*'), (b'Access-Control-Expose-Headers', b'DataServiceVersion'), (b'Cache-Control', b'private'), (b'Content-Encoding', b'gzip'), (b'Expires', b'Wed, 24 Sep 2025 05:06:50 GMT'), (b'Vary', b'*'), (b'X-Content-Type-Options', b'nosniff'), (b'OData-Version', b'4.0;'), (b'X-AspNet-Version', b'4.0.30319'), (b'X-Powered-By', b'ASP.NET')])
2025-09-24 10:35:50,341 - httpx - INFO - _send_single_request:1740 - HTTP Request: GET https://services.odata.org/V4/Northwind/Northwind.svc/Current_Product_Lists?%24count=true&%24top=1 "HTTP/1.1 200 OK"
2025-09-24 10:35:50,341 - httpcore.http11 - DEBUG - atrace:87 - receive_response_body.started request=<Request [b'GET']>
2025-09-24 10:35:50,341 - httpcore.http11 - DEBUG - atrace:87 - receive_response_body.complete
2025-09-24 10:35:50,344 - httpcore.http11 - DEBUG - atrace:87 - response_closed.started
2025-09-24 10:35:50,344 - httpcore.http11 - DEBUG - atrace:87 - response_closed.complete
2025-09-24 10:35:50,473 - httpcore.http11 - DEBUG - atrace:87 - receive_response_headers.complete return_value=(b'HTTP/1.1', 200, b'OK', [(b'Content-Length', b'301'), (b'Content-Type', b'application/json;odata.metadata=minimal;odata.streaming=true;IEEE754Compatible=false;charset=utf-8'), (b'Date', b'Wed, 24 Sep 2025 05:05:50 GMT'), (b'Server', b'Microsoft-IIS/10.0'), (b'Access-Control-Allow-Headers', b'Accept, Origin, Content-Type, MaxDataServiceVersion'), (b'Access-Control-Allow-Methods', b'GET'), (b'Access-Control-Allow-Origin', b'*'), (b'Access-Control-Expose-Headers', b'DataServiceVersion'), (b'Cache-Control', b'private'), (b'Content-Encoding', b'gzip'), (b'Expires', b'Wed, 24 Sep 2025 05:06:49 GMT'), (b'Vary', b'*'), (b'X-Content-Type-Options', b'nosniff'), (b'OData-Version', b'4.0;'), (b'X-AspNet-Version', b'4.0.30319'), (b'X-Powered-By', b'ASP.NET')])
2025-09-24 10:35:50,474 - httpx - INFO - _send_single_request:1740 - HTTP Request: GET https://services.odata.org/V4/Northwind/Northwind.svc/Summary_of_Sales_by_Years?%24count=true&%24top=1 "HTTP/1.1 200 OK"
2025-09-24 10:35:50,474 - httpcore.http11 - DEBUG - atrace:87 - receive_response_body.started request=<Request [b'GET']>
2025-09-24 10:35:50,475 - httpcore.http11 - DEBUG - atrace:87 - receive_response_body.complete
2025-09-24 10:35:50,475 - httpcore.http11 - DEBUG - atrace:87 - response_closed.started
2025-09-24 10:35:50,475 - httpcore.http11 - DEBUG - atrace:87 - response_closed.complete
2025-09-24 10:35:50,540 - httpcore.http11 - DEBUG - atrace:87 - receive_response_headers.complete return_value=(b'HTTP/1.1', 200, b'OK', [(b'Content-Length', b'316'), (b'Content-Type', b'application/json;odata.metadata=minimal;odata.streaming=true;IEEE754Compatible=false;charset=utf-8'), (b'Date', b'Wed, 24 Sep 2025 05:05:50 GMT'), (b'Server', b'Microsoft-IIS/10.0'), (b'Access-Control-Allow-Headers', b'Accept, Origin, Content-Type, MaxDataServiceVersion'), (b'Access-Control-Allow-Methods', b'GET'), (b'Access-Control-Allow-Origin', b'*'), (b'Access-Control-Expose-Headers', b'DataServiceVersion'), (b'Cache-Control', b'private'), (b'Content-Encoding', b'gzip'), (b'Expires', b'Wed, 24 Sep 2025 05:06:49 GMT'), (b'Vary', b'*'), (b'X-Content-Type-Options', b'nosniff'), (b'OData-Version', b'4.0;'), (b'X-AspNet-Version', b'4.0.30319'), (b'X-Powered-By', b'ASP.NET')])
2025-09-24 10:35:50,540 - httpx - INFO - _send_single_request:1740 - HTTP Request: GET https://services.odata.org/V4/Northwind/Northwind.svc/Products_by_Categories?%24count=true&%24top=1 "HTTP/1.1 200 OK"
2025-09-24 10:35:50,541 - httpcore.http11 - DEBUG - atrace:87 - receive_response_body.started request=<Request [b'GET']>
2025-09-24 10:35:50,541 - httpcore.http11 - DEBUG - atrace:87 - receive_response_body.complete
2025-09-24 10:35:50,541 - httpcore.http11 - DEBUG - atrace:87 - response_closed.started
2025-09-24 10:35:50,541 - httpcore.http11 - DEBUG - atrace:87 - response_closed.complete
2025-09-24 10:35:50,860 - httpcore.http11 - DEBUG - atrace:87 - receive_response_headers.complete return_value=(b'HTTP/1.1', 200, b'OK', [(b'Content-Length', b'7679'), (b'Content-Type', b'application/json;odata.metadata=minimal;odata.streaming=true;IEEE754Compatible=false;charset=utf-8'), (b'Date', b'Wed, 24 Sep 2025 05:05:51 GMT'), (b'Server', b'Microsoft-IIS/10.0'), (b'Access-Control-Allow-Headers', b'Accept, Origin, Content-Type, MaxDataServiceVersion'), (b'Access-Control-Allow-Methods', b'GET'), (b'Access-Control-Allow-Origin', b'*'), (b'Access-Control-Expose-Headers', b'DataServiceVersion'), (b'Cache-Control', b'private'), (b'Content-Encoding', b'gzip'), (b'Expires', b'Wed, 24 Sep 2025 05:06:50 GMT'), (b'Vary', b'*'), (b'X-Content-Type-Options', b'nosniff'), (b'OData-Version', b'4.0;'), (b'X-AspNet-Version', b'4.0.30319'), (b'X-Powered-By', b'ASP.NET')])
2025-09-24 10:35:50,860 - httpx - INFO - _send_single_request:1740 - HTTP Request: GET https://services.odata.org/V4/Northwind/Northwind.svc/Categories?%24count=true&%24top=1 "HTTP/1.1 200 OK"
2025-09-24 10:35:50,860 - httpcore.http11 - DEBUG - atrace:87 - receive_response_body.started request=<Request [b'GET']>
2025-09-24 10:35:50,860 - httpcore.http11 - DEBUG - atrace:87 - receive_response_headers.complete return_value=(b'HTTP/1.1', 200, b'OK', [(b'Content-Length', b'315'), (b'Content-Type', b'application/json;odata.metadata=minimal;odata.streaming=true;IEEE754Compatible=false;charset=utf-8'), (b'Date', b'Wed, 24 Sep 2025 05:05:51 GMT'), (b'Server', b'Microsoft-IIS/10.0'), (b'Access-Control-Allow-Headers', b'Accept, Origin, Content-Type, MaxDataServiceVersion'), (b'Access-Control-Allow-Methods', b'GET'), (b'Access-Control-Allow-Origin', b'*'), (b'Access-Control-Expose-Headers', b'DataServiceVersion'), (b'Cache-Control', b'private'), (b'Content-Encoding', b'gzip'), (b'Expires', b'Wed, 24 Sep 2025 05:06:50 GMT'), (b'Vary', b'*'), (b'X-Content-Type-Options', b'nosniff'), (b'OData-Version', b'4.0;'), (b'X-AspNet-Version', b'4.0.30319'), (b'X-Powered-By', b'ASP.NET')])
2025-09-24 10:35:50,860 - httpx - INFO - _send_single_request:1740 - HTTP Request: GET https://services.odata.org/V4/Northwind/Northwind.svc/Order_Details_Extendeds?%24count=true&%24top=1 "HTTP/1.1 200 OK"
2025-09-24 10:35:50,860 - httpcore.http11 - DEBUG - atrace:87 - receive_response_body.started request=<Request [b'GET']>
2025-09-24 10:35:50,860 - httpcore.http11 - DEBUG - atrace:87 - receive_response_body.complete
2025-09-24 10:35:50,860 - httpcore.http11 - DEBUG - atrace:87 - response_closed.started
2025-09-24 10:35:50,860 - httpcore.http11 - DEBUG - atrace:87 - receive_response_body.complete
2025-09-24 10:35:50,860 - httpcore.http11 - DEBUG - atrace:87 - response_closed.started
2025-09-24 10:35:50,860 - httpcore.http11 - DEBUG - atrace:87 - response_closed.complete
2025-09-24 10:35:50,860 - httpcore.http11 - DEBUG - atrace:87 - response_closed.complete
2025-09-24 10:35:50,973 - httpcore.http11 - DEBUG - atrace:87 - receive_response_headers.complete return_value=(b'HTTP/1.1', 200, b'OK', [(b'Content-Length', b'222'), (b'Content-Type', b'application/json;odata.metadata=minimal;odata.streaming=true;IEEE754Compatible=false;charset=utf-8'), (b'Date', b'Wed, 24 Sep 2025 05:05:51 GMT'), (b'Server', b'Microsoft-IIS/10.0'), (b'Access-Control-Allow-Headers', b'Accept, Origin, Content-Type, MaxDataServiceVersion'), (b'Access-Control-Allow-Methods', b'GET'), (b'Access-Control-Allow-Origin', b'*'), (b'Access-Control-Expose-Headers', b'DataServiceVersion'), (b'Cache-Control', b'private'), (b'Content-Encoding', b'gzip'), (b'Expires', b'Wed, 24 Sep 2025 05:06:49 GMT'), (b'Vary', b'*'), (b'X-Content-Type-Options', b'nosniff'), (b'OData-Version', b'4.0;'), (b'X-AspNet-Version', b'4.0.30319'), (b'X-Powered-By', b'ASP.NET')])
2025-09-24 10:35:50,975 - httpx - INFO - _send_single_request:1740 - HTTP Request: GET https://services.odata.org/V4/Northwind/Northwind.svc/CustomerDemographics?%24count=true&%24top=1 "HTTP/1.1 200 OK"
2025-09-24 10:35:50,975 - httpcore.http11 - DEBUG - atrace:87 - receive_response_body.started request=<Request [b'GET']>
2025-09-24 10:35:50,975 - httpcore.http11 - DEBUG - atrace:87 - receive_response_body.complete
2025-09-24 10:35:50,975 - httpcore.http11 - DEBUG - atrace:87 - response_closed.started
2025-09-24 10:35:50,975 - httpcore.http11 - DEBUG - atrace:87 - response_closed.complete
2025-09-24 10:35:51,127 - httpcore.http11 - DEBUG - atrace:87 - receive_response_headers.complete return_value=(b'HTTP/1.1', 200, b'OK', [(b'Content-Length', b'245'), (b'Content-Type', b'application/json;odata.metadata=minimal;odata.streaming=true;IEEE754Compatible=false;charset=utf-8'), (b'Date', b'Wed, 24 Sep 2025 05:05:51 GMT'), (b'Server', b'Microsoft-IIS/10.0'), (b'Access-Control-Allow-Headers', b'Accept, Origin, Content-Type, MaxDataServiceVersion'), (b'Access-Control-Allow-Methods', b'GET'), (b'Access-Control-Allow-Origin', b'*'), (b'Access-Control-Expose-Headers', b'DataServiceVersion'), (b'Cache-Control', b'private'), (b'Content-Encoding', b'gzip'), (b'Expires', b'Wed, 24 Sep 2025 05:06:49 GMT'), (b'Vary', b'*'), (b'X-Content-Type-Options', b'nosniff'), (b'OData-Version', b'4.0;'), (b'X-AspNet-Version', b'4.0.30319'), (b'X-Powered-By', b'ASP.NET')])
2025-09-24 10:35:51,128 - httpx - INFO - _send_single_request:1740 - HTTP Request: GET https://services.odata.org/V4/Northwind/Northwind.svc/Regions?%24count=true&%24top=1 "HTTP/1.1 200 OK"
2025-09-24 10:35:51,128 - httpcore.http11 - DEBUG - atrace:87 - receive_response_body.started request=<Request [b'GET']>
2025-09-24 10:35:51,128 - httpcore.http11 - DEBUG - atrace:87 - receive_response_body.complete
2025-09-24 10:35:51,128 - httpcore.http11 - DEBUG - atrace:87 - response_closed.started
2025-09-24 10:35:51,128 - httpcore.http11 - DEBUG - atrace:87 - response_closed.complete
2025-09-24 10:35:51,358 - httpcore.http11 - DEBUG - atrace:87 - receive_response_headers.complete return_value=(b'HTTP/1.1', 200, b'OK', [(b'Content-Length', b'314'), (b'Content-Type', b'application/json;odata.metadata=minimal;odata.streaming=true;IEEE754Compatible=false;charset=utf-8'), (b'Date', b'Wed, 24 Sep 2025 05:05:51 GMT'), (b'Server', b'Microsoft-IIS/10.0'), (b'Access-Control-Allow-Headers', b'Accept, Origin, Content-Type, MaxDataServiceVersion'), (b'Access-Control-Allow-Methods', b'GET'), (b'Access-Control-Allow-Origin', b'*'), (b'Access-Control-Expose-Headers', b'DataServiceVersion'), (b'Cache-Control', b'private'), (b'Content-Encoding', b'gzip'), (b'Expires', b'Wed, 24 Sep 2025 05:06:50 GMT'), (b'Vary', b'*'), (b'X-Content-Type-Options', b'nosniff'), (b'OData-Version', b'4.0;'), (b'X-AspNet-Version', b'4.0.30319'), (b'X-Powered-By', b'ASP.NET')])
2025-09-24 10:35:51,361 - httpx - INFO - _send_single_request:1740 - HTTP Request: GET https://services.odata.org/V4/Northwind/Northwind.svc/Customer_and_Suppliers_by_Cities?%24count=true&%24top=1 "HTTP/1.1 200 OK"
2025-09-24 10:35:51,361 - httpcore.http11 - DEBUG - atrace:87 - receive_response_body.started request=<Request [b'GET']>
2025-09-24 10:35:51,361 - httpcore.http11 - DEBUG - atrace:87 - receive_response_body.complete
2025-09-24 10:35:51,361 - httpcore.http11 - DEBUG - atrace:87 - response_closed.started
2025-09-24 10:35:51,361 - httpcore.http11 - DEBUG - atrace:87 - response_closed.complete
2025-09-24 10:35:51,901 - httpcore.http11 - DEBUG - atrace:87 - receive_response_headers.complete return_value=(b'HTTP/1.1', 200, b'OK', [(b'Content-Length', b'401'), (b'Content-Type', b'application/json;odata.metadata=minimal;odata.streaming=true;IEEE754Compatible=false;charset=utf-8'), (b'Date', b'Wed, 24 Sep 2025 05:05:52 GMT'), (b'Server', b'Microsoft-IIS/10.0'), (b'Access-Control-Allow-Headers', b'Accept, Origin, Content-Type, MaxDataServiceVersion'), (b'Access-Control-Allow-Methods', b'GET'), (b'Access-Control-Allow-Origin', b'*'), (b'Access-Control-Expose-Headers', b'DataServiceVersion'), (b'Cache-Control', b'private'), (b'Content-Encoding', b'gzip'), (b'Expires', b'Wed, 24 Sep 2025 05:06:50 GMT'), (b'Vary', b'*'), (b'X-Content-Type-Options', b'nosniff'), (b'OData-Version', b'4.0;'), (b'X-AspNet-Version', b'4.0.30319'), (b'X-Powered-By', b'ASP.NET')])
2025-09-24 10:35:51,901 - httpx - INFO - _send_single_request:1740 - HTTP Request: GET https://services.odata.org/V4/Northwind/Northwind.svc/Suppliers?%24count=true&%24top=1 "HTTP/1.1 200 OK"
2025-09-24 10:35:51,901 - httpcore.http11 - DEBUG - atrace:87 - receive_response_body.started request=<Request [b'GET']>
2025-09-24 10:35:51,901 - httpcore.http11 - DEBUG - atrace:87 - receive_response_body.complete
2025-09-24 10:35:51,901 - httpcore.http11 - DEBUG - atrace:87 - response_closed.started
2025-09-24 10:35:51,901 - httpcore.http11 - DEBUG - atrace:87 - response_closed.complete
2025-09-24 10:35:52,425 - httpcore.http11 - DEBUG - atrace:87 - receive_response_headers.complete return_value=(b'HTTP/1.1', 200, b'OK', [(b'Content-Length', b'277'), (b'Content-Type', b'application/json;odata.metadata=minimal;odata.streaming=true;IEEE754Compatible=false;charset=utf-8'), (b'Date', b'Wed, 24 Sep 2025 05:05:52 GMT'), (b'Server', b'Microsoft-IIS/10.0'), (b'Access-Control-Allow-Headers', b'Accept, Origin, Content-Type, MaxDataServiceVersion'), (b'Access-Control-Allow-Methods', b'GET'), (b'Access-Control-Allow-Origin', b'*'), (b'Access-Control-Expose-Headers', b'DataServiceVersion'), (b'Cache-Control', b'private'), (b'Content-Encoding', b'gzip'), (b'Expires', b'Wed, 24 Sep 2025 05:06:50 GMT'), (b'Vary', b'*'), (b'X-Content-Type-Options', b'nosniff'), (b'OData-Version', b'4.0;'), (b'X-AspNet-Version', b'4.0.30319'), (b'X-Powered-By', b'ASP.NET')])
2025-09-24 10:35:52,425 - httpx - INFO - _send_single_request:1740 - HTTP Request: GET https://services.odata.org/V4/Northwind/Northwind.svc/Sales_by_Categories?%24count=true&%24top=1 "HTTP/1.1 200 OK"
2025-09-24 10:35:52,425 - httpcore.http11 - DEBUG - atrace:87 - receive_response_body.started request=<Request [b'GET']>
2025-09-24 10:35:52,425 - httpcore.http11 - DEBUG - atrace:87 - receive_response_body.complete
2025-09-24 10:35:52,425 - httpcore.http11 - DEBUG - atrace:87 - response_closed.started
2025-09-24 10:35:52,425 - httpcore.http11 - DEBUG - atrace:87 - response_closed.complete
2025-09-24 10:35:52,939 - httpcore.http11 - DEBUG - atrace:87 - receive_response_headers.complete return_value=(b'HTTP/1.1', 200, b'OK', [(b'Content-Length', b'268'), (b'Content-Type', b'application/json;odata.metadata=minimal;odata.streaming=true;IEEE754Compatible=false;charset=utf-8'), (b'Date', b'Wed, 24 Sep 2025 05:05:53 GMT'), (b'Server', b'Microsoft-IIS/10.0'), (b'Access-Control-Allow-Headers', b'Accept, Origin, Content-Type, MaxDataServiceVersion'), (b'Access-Control-Allow-Methods', b'GET'), (b'Access-Control-Allow-Origin', b'*'), (b'Access-Control-Expose-Headers', b'DataServiceVersion'), (b'Cache-Control', b'private'), (b'Content-Encoding', b'gzip'), (b'Expires', b'Wed, 24 Sep 2025 05:06:50 GMT'), (b'Vary', b'*'), (b'X-Content-Type-Options', b'nosniff'), (b'OData-Version', b'4.0;'), (b'X-AspNet-Version', b'4.0.30319'), (b'X-Powered-By', b'ASP.NET')])
2025-09-24 10:35:52,940 - httpx - INFO - _send_single_request:1740 - HTTP Request: GET https://services.odata.org/V4/Northwind/Northwind.svc/Products_Above_Average_Prices?%24count=true&%24top=1 "HTTP/1.1 200 OK"
2025-09-24 10:35:52,940 - httpcore.http11 - DEBUG - atrace:87 - receive_response_body.started request=<Request [b'GET']>
2025-09-24 10:35:52,941 - httpcore.http11 - DEBUG - atrace:87 - receive_response_body.complete
2025-09-24 10:35:52,941 - httpcore.http11 - DEBUG - atrace:87 - response_closed.started
2025-09-24 10:35:52,941 - httpcore.http11 - DEBUG - atrace:87 - response_closed.complete
2025-09-24 10:35:53,456 - httpcore.http11 - DEBUG - atrace:87 - receive_response_headers.complete return_value=(b'HTTP/1.1', 200, b'OK', [(b'Content-Length', b'18252'), (b'Content-Type', b'application/json;odata.metadata=minimal;odata.streaming=true;IEEE754Compatible=false;charset=utf-8'), (b'Date', b'Wed, 24 Sep 2025 05:05:53 GMT'), (b'Server', b'Microsoft-IIS/10.0'), (b'Access-Control-Allow-Headers', b'Accept, Origin, Content-Type, MaxDataServiceVersion'), (b'Access-Control-Allow-Methods', b'GET'), (b'Access-Control-Allow-Origin', b'*'), (b'Access-Control-Expose-Headers', b'DataServiceVersion'), (b'Cache-Control', b'private'), (b'Content-Encoding', b'gzip'), (b'Expires', b'Wed, 24 Sep 2025 05:06:50 GMT'), (b'Vary', b'*'), (b'X-Content-Type-Options', b'nosniff'), (b'OData-Version', b'4.0;'), (b'X-AspNet-Version', b'4.0.30319'), (b'X-Powered-By', b'ASP.NET')])
2025-09-24 10:35:53,457 - httpx - INFO - _send_single_request:1740 - HTTP Request: GET https://services.odata.org/V4/Northwind/Northwind.svc/Employees?%24count=true&%24top=1 "HTTP/1.1 200 OK"
2025-09-24 10:35:53,458 - httpcore.http11 - DEBUG - atrace:87 - receive_response_body.started request=<Request [b'GET']>
2025-09-24 10:35:53,460 - httpcore.http11 - DEBUG - atrace:87 - receive_response_body.complete
2025-09-24 10:35:53,460 - httpcore.http11 - DEBUG - atrace:87 - response_closed.started
2025-09-24 10:35:53,461 - httpcore.http11 - DEBUG - atrace:87 - response_closed.complete
2025-09-24 10:35:53,998 - httpcore.http11 - DEBUG - atrace:87 - receive_response_headers.complete return_value=(b'HTTP/1.1', 200, b'OK', [(b'Content-Length', b'366'), (b'Content-Type', b'application/json;odata.metadata=minimal;odata.streaming=true;IEEE754Compatible=false;charset=utf-8'), (b'Date', b'Wed, 24 Sep 2025 05:05:54 GMT'), (b'Server', b'Microsoft-IIS/10.0'), (b'Access-Control-Allow-Headers', b'Accept, Origin, Content-Type, MaxDataServiceVersion'), (b'Access-Control-Allow-Methods', b'GET'), (b'Access-Control-Allow-Origin', b'*'), (b'Access-Control-Expose-Headers', b'DataServiceVersion'), (b'Cache-Control', b'private'), (b'Content-Encoding', b'gzip'), (b'Expires', b'Wed, 24 Sep 2025 05:06:50 GMT'), (b'Vary', b'*'), (b'X-Content-Type-Options', b'nosniff'), (b'OData-Version', b'4.0;'), (b'X-AspNet-Version', b'4.0.30319'), (b'X-Powered-By', b'ASP.NET')])
2025-09-24 10:35:53,999 - httpx - INFO - _send_single_request:1740 - HTTP Request: GET https://services.odata.org/V4/Northwind/Northwind.svc/Products?%24count=true&%24top=1 "HTTP/1.1 200 OK"
2025-09-24 10:35:53,999 - httpcore.http11 - DEBUG - atrace:87 - receive_response_body.started request=<Request [b'GET']>
2025-09-24 10:35:54,000 - httpcore.http11 - DEBUG - atrace:87 - receive_response_body.complete
2025-09-24 10:35:54,000 - httpcore.http11 - DEBUG - atrace:87 - response_closed.started
2025-09-24 10:35:54,000 - httpcore.http11 - DEBUG - atrace:87 - response_closed.complete
2025-09-24 10:35:54,490 - httpcore.http11 - DEBUG - atrace:87 - receive_response_headers.complete return_value=(b'HTTP/1.1', 200, b'OK', [(b'Content-Length', b'275'), (b'Content-Type', b'application/json;odata.metadata=minimal;odata.streaming=true;IEEE754Compatible=false;charset=utf-8'), (b'Date', b'Wed, 24 Sep 2025 05:05:54 GMT'), (b'Server', b'Microsoft-IIS/10.0'), (b'Access-Control-Allow-Headers', b'Accept, Origin, Content-Type, MaxDataServiceVersion'), (b'Access-Control-Allow-Methods', b'GET'), (b'Access-Control-Allow-Origin', b'*'), (b'Access-Control-Expose-Headers', b'DataServiceVersion'), (b'Cache-Control', b'private'), (b'Content-Encoding', b'gzip'), (b'Expires', b'Wed, 24 Sep 2025 05:06:50 GMT'), (b'Vary', b'*'), (b'X-Content-Type-Options', b'nosniff'), (b'OData-Version', b'4.0;'), (b'X-AspNet-Version', b'4.0.30319'), (b'X-Powered-By', b'ASP.NET')])
2025-09-24 10:35:54,491 - httpx - INFO - _send_single_request:1740 - HTTP Request: GET https://services.odata.org/V4/Northwind/Northwind.svc/Product_Sales_for_1997?%24count=true&%24top=1 "HTTP/1.1 200 OK"
2025-09-24 10:35:54,491 - httpcore.http11 - DEBUG - atrace:87 - receive_response_body.started request=<Request [b'GET']>
2025-09-24 10:35:54,492 - httpcore.http11 - DEBUG - atrace:87 - receive_response_body.complete
2025-09-24 10:35:54,492 - httpcore.http11 - DEBUG - atrace:87 - response_closed.started
2025-09-24 10:35:54,492 - httpcore.http11 - DEBUG - atrace:87 - response_closed.complete
2025-09-24 10:35:54,985 - httpcore.http11 - DEBUG - atrace:87 - receive_response_headers.complete return_value=(b'HTTP/1.1', 200, b'OK', [(b'Content-Length', b'267'), (b'Content-Type', b'application/json;odata.metadata=minimal;odata.streaming=true;IEEE754Compatible=false;charset=utf-8'), (b'Date', b'Wed, 24 Sep 2025 05:05:55 GMT'), (b'Server', b'Microsoft-IIS/10.0'), (b'Access-Control-Allow-Headers', b'Accept, Origin, Content-Type, MaxDataServiceVersion'), (b'Access-Control-Allow-Methods', b'GET'), (b'Access-Control-Allow-Origin', b'*'), (b'Access-Control-Expose-Headers', b'DataServiceVersion'), (b'Cache-Control', b'private'), (b'Content-Encoding', b'gzip'), (b'Expires', b'Wed, 24 Sep 2025 05:06:50 GMT'), (b'Vary', b'*'), (b'X-Content-Type-Options', b'nosniff'), (b'OData-Version', b'4.0;'), (b'X-AspNet-Version', b'4.0.30319'), (b'X-Powered-By', b'ASP.NET')])
2025-09-24 10:35:54,986 - httpx - INFO - _send_single_request:1740 - HTTP Request: GET https://services.odata.org/V4/Northwind/Northwind.svc/Category_Sales_for_1997?%24count=true&%24top=1 "HTTP/1.1 200 OK"
2025-09-24 10:35:54,986 - httpcore.http11 - DEBUG - atrace:87 - receive_response_body.started request=<Request [b'GET']>
2025-09-24 10:35:54,987 - httpcore.http11 - DEBUG - atrace:87 - receive_response_body.complete
2025-09-24 10:35:54,987 - httpcore.http11 - DEBUG - atrace:87 - response_closed.started
2025-09-24 10:35:54,987 - httpcore.http11 - DEBUG - atrace:87 - response_closed.complete
2025-09-24 10:35:55,489 - httpcore.http11 - DEBUG - atrace:87 - receive_response_headers.complete return_value=(b'HTTP/1.1', 200, b'OK', [(b'Content-Length', b'272'), (b'Content-Type', b'application/json;odata.metadata=minimal;odata.streaming=true;IEEE754Compatible=false;charset=utf-8'), (b'Date', b'Wed, 24 Sep 2025 05:05:55 GMT'), (b'Server', b'Microsoft-IIS/10.0'), (b'Access-Control-Allow-Headers', b'Accept, Origin, Content-Type, MaxDataServiceVersion'), (b'Access-Control-Allow-Methods', b'GET'), (b'Access-Control-Allow-Origin', b'*'), (b'Access-Control-Expose-Headers', b'DataServiceVersion'), (b'Cache-Control', b'private'), (b'Content-Encoding', b'gzip'), (b'Expires', b'Wed, 24 Sep 2025 05:06:50 GMT'), (b'Vary', b'*'), (b'X-Content-Type-Options', b'nosniff'), (b'OData-Version', b'4.0;'), (b'X-AspNet-Version', b'4.0.30319'), (b'X-Powered-By', b'ASP.NET')])
2025-09-24 10:35:55,490 - httpx - INFO - _send_single_request:1740 - HTTP Request: GET https://services.odata.org/V4/Northwind/Northwind.svc/Shippers?%24count=true&%24top=1 "HTTP/1.1 200 OK"
2025-09-24 10:35:55,490 - httpcore.http11 - DEBUG - atrace:87 - receive_response_body.started request=<Request [b'GET']>
2025-09-24 10:35:55,491 - httpcore.http11 - DEBUG - atrace:87 - receive_response_body.complete
2025-09-24 10:35:55,492 - httpcore.http11 - DEBUG - atrace:87 - response_closed.started
2025-09-24 10:35:55,492 - httpcore.http11 - DEBUG - atrace:87 - response_closed.complete
2025-09-24 10:35:55,492 - httpcore.connection - DEBUG - atrace:87 - close.started
2025-09-24 10:35:55,492 - httpcore.connection - DEBUG - atrace:87 - close.complete
2025-09-24 10:35:55,492 - httpcore.connection - DEBUG - atrace:87 - close.started
2025-09-24 10:35:55,492 - httpcore.connection - DEBUG - atrace:87 - close.complete
2025-09-24 10:35:55,492 - httpcore.connection - DEBUG - atrace:87 - close.started
2025-09-24 10:35:55,494 - httpcore.connection - DEBUG - atrace:87 - close.complete
2025-09-24 10:35:55,494 - httpcore.connection - DEBUG - atrace:87 - close.started
2025-09-24 10:35:55,494 - httpcore.connection - DEBUG - atrace:87 - close.complete
2025-09-24 10:35:55,992 - httpcore.http11 - DEBUG - atrace:87 - receive_response_headers.complete return_value=(b'HTTP/1.1', 200, b'OK', [(b'Content-Length', b'281'), (b'Content-Type', b'application/json;odata.metadata=minimal;odata.streaming=true;IEEE754Compatible=false;charset=utf-8'), (b'Date', b'Wed, 24 Sep 2025 05:05:56 GMT'), (b'Server', b'Microsoft-IIS/10.0'), (b'Access-Control-Allow-Headers', b'Accept, Origin, Content-Type, MaxDataServiceVersion'), (b'Access-Control-Allow-Methods', b'GET'), (b'Access-Control-Allow-Origin', b'*'), (b'Access-Control-Expose-Headers', b'DataServiceVersion'), (b'Cache-Control', b'private'), (b'Content-Encoding', b'gzip'), (b'Expires', b'Wed, 24 Sep 2025 05:06:50 GMT'), (b'Vary', b'*'), (b'X-Content-Type-Options', b'nosniff'), (b'OData-Version', b'4.0;'), (b'X-AspNet-Version', b'4.0.30319'), (b'X-Powered-By', b'ASP.NET')])
2025-09-24 10:35:55,993 - httpx - INFO - _send_single_request:1740 - HTTP Request: GET https://services.odata.org/V4/Northwind/Northwind.svc/Order_Details?%24count=true&%24top=1 "HTTP/1.1 200 OK"
2025-09-24 10:35:55,996 - httpcore.http11 - DEBUG - atrace:87 - receive_response_body.started request=<Request [b'GET']>
2025-09-24 10:35:55,998 - httpcore.http11 - DEBUG - atrace:87 - receive_response_body.complete
2025-09-24 10:35:55,998 - httpcore.http11 - DEBUG - atrace:87 - response_closed.started
2025-09-24 10:35:55,999 - httpcore.http11 - DEBUG - atrace:87 - response_closed.complete
2025-09-24 10:35:55,999 - httpcore.connection - DEBUG - atrace:87 - close.started
2025-09-24 10:35:56,000 - httpcore.connection - DEBUG - atrace:87 - close.complete
2025-09-24 10:35:56,000 - httpcore.connection - DEBUG - atrace:87 - close.started
2025-09-24 10:35:56,001 - httpcore.connection - DEBUG - atrace:87 - close.complete
2025-09-24 10:35:56,001 - httpcore.connection - DEBUG - atrace:87 - close.started
2025-09-24 10:35:56,001 - httpcore.connection - DEBUG - atrace:87 - close.complete
2025-09-24 10:35:56,001 - httpcore.connection - DEBUG - atrace:87 - close.started
2025-09-24 10:35:56,002 - httpcore.connection - DEBUG - atrace:87 - close.complete
2025-09-24 10:35:56,504 - httpcore.http11 - DEBUG - atrace:87 - receive_response_headers.complete return_value=(b'HTTP/1.1', 200, b'OK', [(b'Content-Length', b'401'), (b'Content-Type', b'application/json;odata.metadata=minimal;odata.streaming=true;IEEE754Compatible=false;charset=utf-8'), (b'Date', b'Wed, 24 Sep 2025 05:05:56 GMT'), (b'Server', b'Microsoft-IIS/10.0'), (b'Access-Control-Allow-Headers', b'Accept, Origin, Content-Type, MaxDataServiceVersion'), (b'Access-Control-Allow-Methods', b'GET'), (b'Access-Control-Allow-Origin', b'*'), (b'Access-Control-Expose-Headers', b'DataServiceVersion'), (b'Cache-Control', b'private'), (b'Content-Encoding', b'gzip'), (b'Expires', b'Wed, 24 Sep 2025 05:06:50 GMT'), (b'Vary', b'*'), (b'X-Content-Type-Options', b'nosniff'), (b'OData-Version', b'4.0;'), (b'X-AspNet-Version', b'4.0.30319'), (b'X-Powered-By', b'ASP.NET')])
2025-09-24 10:35:56,504 - httpx - INFO - _send_single_request:1740 - HTTP Request: GET https://services.odata.org/V4/Northwind/Northwind.svc/Customers?%24count=true&%24top=1 "HTTP/1.1 200 OK"
2025-09-24 10:35:56,504 - httpcore.http11 - DEBUG - atrace:87 - receive_response_body.started request=<Request [b'GET']>
2025-09-24 10:35:56,504 - httpcore.http11 - DEBUG - atrace:87 - receive_response_body.complete
2025-09-24 10:35:56,504 - httpcore.http11 - DEBUG - atrace:87 - response_closed.started
2025-09-24 10:35:56,506 - httpcore.http11 - DEBUG - atrace:87 - response_closed.complete
2025-09-24 10:35:56,506 - httpcore.connection - DEBUG - atrace:87 - close.started
2025-09-24 10:35:56,506 - httpcore.connection - DEBUG - atrace:87 - close.complete
2025-09-24 10:35:56,506 - httpcore.connection - DEBUG - atrace:87 - close.started
2025-09-24 10:35:56,506 - httpcore.connection - DEBUG - atrace:87 - close.complete
2025-09-24 10:35:56,510 - services.count - INFO - get_entity_counts:61 - [2m2025-09-24T05:05:56.510437Z[0m [[32m[1minfo     [0m] [1mSuccessfully retrieved entity counts[0m [[0m[1m[34mservices.count[0m][0m [36mcounts[0m=[35m{'Categories': 8, 'CustomerDemographics': 0, 'Customers': 91, 'Employees': 9, 'Order_Details': 2155, 'Orders': 830, 'Products': 77, 'Regions': 4, 'Shippers': 3, 'Suppliers': 29, 'Territories': 53, 'Alphabetical_list_of_products': 69, 'Category_Sales_for_1997': 8, 'Current_Product_Lists': 69, 'Customer_and_Suppliers_by_Cities': 120, 'Invoices': 2155, 'Order_Details_Extendeds': 2155, 'Order_Subtotals': 830, 'Orders_Qries': 830, 'Product_Sales_for_1997': 77, 'Products_Above_Average_Prices': 25, 'Products_by_Categories': 69, 'Sales_by_Categories': 77, 'Sales_Totals_by_Amounts': 66, 'Summary_of_Sales_by_Quarters': 809, 'Summary_of_Sales_by_Years': 809}[0m
2025-09-24 10:35:56,510 - httpcore.connection - DEBUG - atrace:87 - close.started
2025-09-24 10:35:56,512 - httpcore.connection - DEBUG - atrace:87 - close.complete
2025-09-24 10:35:56,512 - httpcore.connection - DEBUG - atrace:87 - close.started
2025-09-24 10:35:56,512 - httpcore.connection - DEBUG - atrace:87 - close.complete
2025-09-24 10:35:56,512 - httpcore.connection - DEBUG - atrace:87 - close.started
2025-09-24 10:35:56,512 - httpcore.connection - DEBUG - atrace:87 - close.complete
2025-09-24 10:35:56,512 - httpcore.connection - DEBUG - atrace:87 - close.started
2025-09-24 10:35:56,513 - httpcore.connection - DEBUG - atrace:87 - close.complete
2025-09-24 10:35:56,513 - httpcore.connection - DEBUG - atrace:87 - close.started
2025-09-24 10:35:56,513 - httpcore.connection - DEBUG - atrace:87 - close.complete
2025-09-24 10:35:56,513 - httpcore.connection - DEBUG - atrace:87 - close.started
2025-09-24 10:35:56,513 - httpcore.connection - DEBUG - atrace:87 - close.complete
2025-09-24 10:35:56,513 - httpcore.connection - DEBUG - atrace:87 - close.started
2025-09-24 10:35:56,513 - httpcore.connection - DEBUG - atrace:87 - close.complete
2025-09-24 10:35:56,513 - httpcore.connection - DEBUG - atrace:87 - close.started
2025-09-24 10:35:56,513 - httpcore.connection - DEBUG - atrace:87 - close.complete
2025-09-24 10:35:56,513 - httpcore.connection - DEBUG - atrace:87 - close.started
2025-09-24 10:35:56,513 - httpcore.connection - DEBUG - atrace:87 - close.complete
2025-09-24 10:35:56,513 - httpcore.connection - DEBUG - atrace:87 - close.started
2025-09-24 10:35:56,513 - httpcore.connection - DEBUG - atrace:87 - close.complete
2025-09-24 10:35:56,513 - connector - INFO - _discovery_phase:297 - [2m2025-09-24T05:05:56.513994Z[0m [[32m[1minfo     [0m] [1m📋 Endpoints to be processed:  [0m [[0m[1m[34mconnector[0m][0m
2025-09-24 10:35:56,514 - connector - INFO - _discovery_phase:303 - [2m2025-09-24T05:05:56.514595Z[0m [[32m[1minfo     [0m] [1m  🔗 Categories: https://services.odata.org/V4/Northwind/Northwind.svc/Categories (Expected records: 8)[0m [[0m[1m[34mconnector[0m][0m
2025-09-24 10:35:56,515 - connector - INFO - _discovery_phase:303 - [2m2025-09-24T05:05:56.515101Z[0m [[32m[1minfo     [0m] [1m  🔗 CustomerDemographics: https://services.odata.org/V4/Northwind/Northwind.svc/CustomerDemographics (Expected records: 0)[0m [[0m[1m[34mconnector[0m][0m
2025-09-24 10:35:56,515 - connector - INFO - _discovery_phase:303 - [2m2025-09-24T05:05:56.515101Z[0m [[32m[1minfo     [0m] [1m  🔗 Customers: https://services.odata.org/V4/Northwind/Northwind.svc/Customers (Expected records: 91)[0m [[0m[1m[34mconnector[0m][0m
2025-09-24 10:35:56,516 - connector - INFO - _discovery_phase:303 - [2m2025-09-24T05:05:56.516121Z[0m [[32m[1minfo     [0m] [1m  🔗 Employees: https://services.odata.org/V4/Northwind/Northwind.svc/Employees (Expected records: 9)[0m [[0m[1m[34mconnector[0m][0m
2025-09-24 10:35:56,516 - connector - INFO - _discovery_phase:303 - [2m2025-09-24T05:05:56.516121Z[0m [[32m[1minfo     [0m] [1m  🔗 Order_Details: https://services.odata.org/V4/Northwind/Northwind.svc/Order_Details (Expected records: 2155)[0m [[0m[1m[34mconnector[0m][0m
2025-09-24 10:35:56,516 - connector - INFO - _discovery_phase:303 - [2m2025-09-24T05:05:56.516121Z[0m [[32m[1minfo     [0m] [1m  🔗 Orders: https://services.odata.org/V4/Northwind/Northwind.svc/Orders (Expected records: 830)[0m [[0m[1m[34mconnector[0m][0m
2025-09-24 10:35:56,516 - connector - INFO - _discovery_phase:303 - [2m2025-09-24T05:05:56.516121Z[0m [[32m[1minfo     [0m] [1m  🔗 Products: https://services.odata.org/V4/Northwind/Northwind.svc/Products (Expected records: 77)[0m [[0m[1m[34mconnector[0m][0m
2025-09-24 10:35:56,516 - connector - INFO - _discovery_phase:303 - [2m2025-09-24T05:05:56.516121Z[0m [[32m[1minfo     [0m] [1m  🔗 Regions: https://services.odata.org/V4/Northwind/Northwind.svc/Regions (Expected records: 4)[0m [[0m[1m[34mconnector[0m][0m
2025-09-24 10:35:56,516 - connector - INFO - _discovery_phase:303 - [2m2025-09-24T05:05:56.516121Z[0m [[32m[1minfo     [0m] [1m  🔗 Shippers: https://services.odata.org/V4/Northwind/Northwind.svc/Shippers (Expected records: 3)[0m [[0m[1m[34mconnector[0m][0m
2025-09-24 10:35:56,516 - connector - INFO - _discovery_phase:303 - [2m2025-09-24T05:05:56.516121Z[0m [[32m[1minfo     [0m] [1m  🔗 Suppliers: https://services.odata.org/V4/Northwind/Northwind.svc/Suppliers (Expected records: 29)[0m [[0m[1m[34mconnector[0m][0m
2025-09-24 10:35:56,516 - connector - INFO - _discovery_phase:303 - [2m2025-09-24T05:05:56.516121Z[0m [[32m[1minfo     [0m] [1m  🔗 Territories: https://services.odata.org/V4/Northwind/Northwind.svc/Territories (Expected records: 53)[0m [[0m[1m[34mconnector[0m][0m
2025-09-24 10:35:56,516 - connector - INFO - _discovery_phase:303 - [2m2025-09-24T05:05:56.516121Z[0m [[32m[1minfo     [0m] [1m  🔗 Alphabetical_list_of_products: https://services.odata.org/V4/Northwind/Northwind.svc/Alphabetical_list_of_products (Expected records: 69)[0m [[0m[1m[34mconnector[0m][0m
2025-09-24 10:35:56,516 - connector - INFO - _discovery_phase:303 - [2m2025-09-24T05:05:56.516121Z[0m [[32m[1minfo     [0m] [1m  🔗 Category_Sales_for_1997: https://services.odata.org/V4/Northwind/Northwind.svc/Category_Sales_for_1997 (Expected records: 8)[0m [[0m[1m[34mconnector[0m][0m
2025-09-24 10:35:56,516 - connector - INFO - _discovery_phase:303 - [2m2025-09-24T05:05:56.516121Z[0m [[32m[1minfo     [0m] [1m  🔗 Current_Product_Lists: https://services.odata.org/V4/Northwind/Northwind.svc/Current_Product_Lists (Expected records: 69)[0m [[0m[1m[34mconnector[0m][0m
2025-09-24 10:35:56,516 - connector - INFO - _discovery_phase:303 - [2m2025-09-24T05:05:56.516121Z[0m [[32m[1minfo     [0m] [1m  🔗 Customer_and_Suppliers_by_Cities: https://services.odata.org/V4/Northwind/Northwind.svc/Customer_and_Suppliers_by_Cities (Expected records: 120)[0m [[0m[1m[34mconnector[0m][0m
2025-09-24 10:35:56,520 - connector - INFO - _discovery_phase:303 - [2m2025-09-24T05:05:56.520300Z[0m [[32m[1minfo     [0m] [1m  🔗 Invoices: https://services.odata.org/V4/Northwind/Northwind.svc/Invoices (Expected records: 2155)[0m [[0m[1m[34mconnector[0m][0m
2025-09-24 10:35:56,520 - connector - INFO - _discovery_phase:303 - [2m2025-09-24T05:05:56.520300Z[0m [[32m[1minfo     [0m] [1m  🔗 Order_Details_Extendeds: https://services.odata.org/V4/Northwind/Northwind.svc/Order_Details_Extendeds (Expected records: 2155)[0m [[0m[1m[34mconnector[0m][0m
2025-09-24 10:35:56,521 - connector - INFO - _discovery_phase:303 - [2m2025-09-24T05:05:56.521073Z[0m [[32m[1minfo     [0m] [1m  🔗 Order_Subtotals: https://services.odata.org/V4/Northwind/Northwind.svc/Order_Subtotals (Expected records: 830)[0m [[0m[1m[34mconnector[0m][0m
2025-09-24 10:35:56,521 - connector - INFO - _discovery_phase:303 - [2m2025-09-24T05:05:56.521073Z[0m [[32m[1minfo     [0m] [1m  🔗 Orders_Qries: https://services.odata.org/V4/Northwind/Northwind.svc/Orders_Qries (Expected records: 830)[0m [[0m[1m[34mconnector[0m][0m
2025-09-24 10:35:56,521 - connector - INFO - _discovery_phase:303 - [2m2025-09-24T05:05:56.521073Z[0m [[32m[1minfo     [0m] [1m  🔗 Product_Sales_for_1997: https://services.odata.org/V4/Northwind/Northwind.svc/Product_Sales_for_1997 (Expected records: 77)[0m [[0m[1m[34mconnector[0m][0m
2025-09-24 10:35:56,521 - connector - INFO - _discovery_phase:303 - [2m2025-09-24T05:05:56.521073Z[0m [[32m[1minfo     [0m] [1m  🔗 Products_Above_Average_Prices: https://services.odata.org/V4/Northwind/Northwind.svc/Products_Above_Average_Prices (Expected records: 25)[0m [[0m[1m[34mconnector[0m][0m
2025-09-24 10:35:56,521 - connector - INFO - _discovery_phase:303 - [2m2025-09-24T05:05:56.521073Z[0m [[32m[1minfo     [0m] [1m  🔗 Products_by_Categories: https://services.odata.org/V4/Northwind/Northwind.svc/Products_by_Categories (Expected records: 69)[0m [[0m[1m[34mconnector[0m][0m
2025-09-24 10:35:56,521 - connector - INFO - _discovery_phase:303 - [2m2025-09-24T05:05:56.521073Z[0m [[32m[1minfo     [0m] [1m  🔗 Sales_by_Categories: https://services.odata.org/V4/Northwind/Northwind.svc/Sales_by_Categories (Expected records: 77)[0m [[0m[1m[34mconnector[0m][0m
2025-09-24 10:35:56,524 - connector - INFO - _discovery_phase:303 - [2m2025-09-24T05:05:56.524305Z[0m [[32m[1minfo     [0m] [1m  🔗 Sales_Totals_by_Amounts: https://services.odata.org/V4/Northwind/Northwind.svc/Sales_Totals_by_Amounts (Expected records: 66)[0m [[0m[1m[34mconnector[0m][0m
2025-09-24 10:35:56,524 - connector - INFO - _discovery_phase:303 - [2m2025-09-24T05:05:56.524305Z[0m [[32m[1minfo     [0m] [1m  🔗 Summary_of_Sales_by_Quarters: https://services.odata.org/V4/Northwind/Northwind.svc/Summary_of_Sales_by_Quarters (Expected records: 809)[0m [[0m[1m[34mconnector[0m][0m
2025-09-24 10:35:56,524 - connector - INFO - _discovery_phase:303 - [2m2025-09-24T05:05:56.524305Z[0m [[32m[1minfo     [0m] [1m  🔗 Summary_of_Sales_by_Years: https://services.odata.org/V4/Northwind/Northwind.svc/Summary_of_Sales_by_Years (Expected records: 809)[0m [[0m[1m[34mconnector[0m][0m
2025-09-24 10:35:56,524 - connector - INFO - _discovery_phase:305 - [2m2025-09-24T05:05:56.524305Z[0m [[32m[1minfo     [0m] [1m📊 Total expected records across all entities: 11427[0m [[0m[1m[34mconnector[0m][0m
2025-09-24 10:35:56,524 - planning.graph_builder - INFO - add_entities:32 - [2m2025-09-24T05:05:56.524305Z[0m [[32m[1minfo     [0m] [1mAdded entities to graph       [0m [[0m[1m[34mplanning.graph_builder[0m][0m [36mentity_count[0m=[35m26[0m
2025-09-24 10:35:56,524 - planning.graph_builder - INFO - add_relationships:54 - [2m2025-09-24T05:05:56.524305Z[0m [[32m[1minfo     [0m] [1mAdded relationships to graph  [0m [[0m[1m[34mplanning.graph_builder[0m][0m [36mrelationship_count[0m=[35m0[0m
2025-09-24 10:35:56,524 - planning.graph_builder - INFO - get_processing_order:72 - [2m2025-09-24T05:05:56.524305Z[0m [[32m[1minfo     [0m] [1mGenerated processing order    [0m [[0m[1m[34mplanning.graph_builder[0m][0m [36mlevels[0m=[35m1[0m [36mtotal_entities[0m=[35m26[0m
2025-09-24 10:35:56,524 - planning.plan_generator - INFO - create_execution_plan:142 - [2m2025-09-24T05:05:56.524305Z[0m [[32m[1minfo     [0m] [1mCreating execution plan       [0m [[0m[1m[34mplanning.plan_generator[0m][0m [36mselected_entities[0m=[35m26[0m [36mtotal_entities[0m=[35m26[0m
2025-09-24 10:35:56,530 - planning.record_tracker - INFO - register_entity:81 - [2m2025-09-24T05:05:56.530300Z[0m [[32m[1minfo     [0m] [1mEntity registered for tracking[0m [[0m[1m[34mplanning.record_tracker[0m][0m [36mentity[0m=[35mShippers[0m [36mtarget_records[0m=[35m3[0m
2025-09-24 10:35:56,530 - planning.record_tracker - INFO - register_entity:81 - [2m2025-09-24T05:05:56.530866Z[0m [[32m[1minfo     [0m] [1mEntity registered for tracking[0m [[0m[1m[34mplanning.record_tracker[0m][0m [36mentity[0m=[35mEmployees[0m [36mtarget_records[0m=[35m9[0m
2025-09-24 10:35:56,531 - planning.record_tracker - INFO - register_entity:81 - [2m2025-09-24T05:05:56.531433Z[0m [[32m[1minfo     [0m] [1mEntity registered for tracking[0m [[0m[1m[34mplanning.record_tracker[0m][0m [36mentity[0m=[35mSummary_of_Sales_by_Years[0m [36mtarget_records[0m=[35m809[0m
2025-09-24 10:35:56,531 - planning.record_tracker - INFO - register_entity:81 - [2m2025-09-24T05:05:56.531433Z[0m [[32m[1minfo     [0m] [1mEntity registered for tracking[0m [[0m[1m[34mplanning.record_tracker[0m][0m [36mentity[0m=[35mOrder_Subtotals[0m [36mtarget_records[0m=[35m830[0m
2025-09-24 10:35:56,531 - planning.record_tracker - INFO - register_entity:81 - [2m2025-09-24T05:05:56.531433Z[0m [[32m[1minfo     [0m] [1mEntity registered for tracking[0m [[0m[1m[34mplanning.record_tracker[0m][0m [36mentity[0m=[35mSales_by_Categories[0m [36mtarget_records[0m=[35m77[0m
2025-09-24 10:35:56,531 - planning.record_tracker - INFO - register_entity:81 - [2m2025-09-24T05:05:56.531433Z[0m [[32m[1minfo     [0m] [1mEntity registered for tracking[0m [[0m[1m[34mplanning.record_tracker[0m][0m [36mentity[0m=[35mCustomer_and_Suppliers_by_Cities[0m [36mtarget_records[0m=[35m120[0m
2025-09-24 10:35:56,531 - planning.record_tracker - INFO - register_entity:81 - [2m2025-09-24T05:05:56.531433Z[0m [[32m[1minfo     [0m] [1mEntity registered for tracking[0m [[0m[1m[34mplanning.record_tracker[0m][0m [36mentity[0m=[35mAlphabetical_list_of_products[0m [36mtarget_records[0m=[35m69[0m
2025-09-24 10:35:56,533 - planning.record_tracker - INFO - register_entity:81 - [2m2025-09-24T05:05:56.531433Z[0m [[32m[1minfo     [0m] [1mEntity registered for tracking[0m [[0m[1m[34mplanning.record_tracker[0m][0m [36mentity[0m=[35mRegions[0m [36mtarget_records[0m=[35m4[0m
2025-09-24 10:35:56,533 - planning.record_tracker - INFO - register_entity:81 - [2m2025-09-24T05:05:56.533964Z[0m [[32m[1minfo     [0m] [1mEntity registered for tracking[0m [[0m[1m[34mplanning.record_tracker[0m][0m [36mentity[0m=[35mProducts[0m [36mtarget_records[0m=[35m77[0m
2025-09-24 10:35:56,533 - planning.record_tracker - INFO - register_entity:81 - [2m2025-09-24T05:05:56.533964Z[0m [[32m[1minfo     [0m] [1mEntity registered for tracking[0m [[0m[1m[34mplanning.record_tracker[0m][0m [36mentity[0m=[35mOrders[0m [36mtarget_records[0m=[35m830[0m
2025-09-24 10:35:56,536 - planning.record_tracker - INFO - register_entity:81 - [2m2025-09-24T05:05:56.536119Z[0m [[32m[1minfo     [0m] [1mEntity registered for tracking[0m [[0m[1m[34mplanning.record_tracker[0m][0m [36mentity[0m=[35mInvoices[0m [36mtarget_records[0m=[35m2155[0m
2025-09-24 10:35:56,536 - planning.record_tracker - INFO - register_entity:81 - [2m2025-09-24T05:05:56.536119Z[0m [[32m[1minfo     [0m] [1mEntity registered for tracking[0m [[0m[1m[34mplanning.record_tracker[0m][0m [36mentity[0m=[35mOrder_Details[0m [36mtarget_records[0m=[35m2155[0m
2025-09-24 10:35:56,537 - planning.record_tracker - INFO - register_entity:81 - [2m2025-09-24T05:05:56.536845Z[0m [[32m[1minfo     [0m] [1mEntity registered for tracking[0m [[0m[1m[34mplanning.record_tracker[0m][0m [36mentity[0m=[35mOrder_Details_Extendeds[0m [36mtarget_records[0m=[35m2155[0m
2025-09-24 10:35:56,537 - planning.plan_generator - INFO - create_execution_plan:160 - [2m2025-09-24T05:05:56.537371Z[0m [[32m[1minfo     [0m] [1mSkipping empty entity         [0m [[0m[1m[34mplanning.plan_generator[0m][0m [36mentity[0m=[35mCustomerDemographics[0m
2025-09-24 10:35:56,537 - planning.record_tracker - INFO - register_entity:81 - [2m2025-09-24T05:05:56.537371Z[0m [[32m[1minfo     [0m] [1mEntity registered for tracking[0m [[0m[1m[34mplanning.record_tracker[0m][0m [36mentity[0m=[35mOrders_Qries[0m [36mtarget_records[0m=[35m830[0m
2025-09-24 10:35:56,537 - planning.record_tracker - INFO - register_entity:81 - [2m2025-09-24T05:05:56.537371Z[0m [[32m[1minfo     [0m] [1mEntity registered for tracking[0m [[0m[1m[34mplanning.record_tracker[0m][0m [36mentity[0m=[35mProducts_Above_Average_Prices[0m [36mtarget_records[0m=[35m25[0m
2025-09-24 10:35:56,539 - planning.record_tracker - INFO - register_entity:81 - [2m2025-09-24T05:05:56.539451Z[0m [[32m[1minfo     [0m] [1mEntity registered for tracking[0m [[0m[1m[34mplanning.record_tracker[0m][0m [36mentity[0m=[35mProducts_by_Categories[0m [36mtarget_records[0m=[35m69[0m
2025-09-24 10:35:56,540 - planning.record_tracker - INFO - register_entity:81 - [2m2025-09-24T05:05:56.539968Z[0m [[32m[1minfo     [0m] [1mEntity registered for tracking[0m [[0m[1m[34mplanning.record_tracker[0m][0m [36mentity[0m=[35mCategories[0m [36mtarget_records[0m=[35m8[0m
2025-09-24 10:35:56,540 - planning.record_tracker - INFO - register_entity:81 - [2m2025-09-24T05:05:56.540296Z[0m [[32m[1minfo     [0m] [1mEntity registered for tracking[0m [[0m[1m[34mplanning.record_tracker[0m][0m [36mentity[0m=[35mCategory_Sales_for_1997[0m [36mtarget_records[0m=[35m8[0m
2025-09-24 10:35:56,541 - planning.record_tracker - INFO - register_entity:81 - [2m2025-09-24T05:05:56.541495Z[0m [[32m[1minfo     [0m] [1mEntity registered for tracking[0m [[0m[1m[34mplanning.record_tracker[0m][0m [36mentity[0m=[35mCustomers[0m [36mtarget_records[0m=[35m91[0m
2025-09-24 10:35:56,542 - planning.record_tracker - INFO - register_entity:81 - [2m2025-09-24T05:05:56.542036Z[0m [[32m[1minfo     [0m] [1mEntity registered for tracking[0m [[0m[1m[34mplanning.record_tracker[0m][0m [36mentity[0m=[35mSummary_of_Sales_by_Quarters[0m [36mtarget_records[0m=[35m809[0m
2025-09-24 10:35:56,542 - planning.record_tracker - INFO - register_entity:81 - [2m2025-09-24T05:05:56.542601Z[0m [[32m[1minfo     [0m] [1mEntity registered for tracking[0m [[0m[1m[34mplanning.record_tracker[0m][0m [36mentity[0m=[35mSales_Totals_by_Amounts[0m [36mtarget_records[0m=[35m66[0m
2025-09-24 10:35:56,544 - planning.record_tracker - INFO - register_entity:81 - [2m2025-09-24T05:05:56.542601Z[0m [[32m[1minfo     [0m] [1mEntity registered for tracking[0m [[0m[1m[34mplanning.record_tracker[0m][0m [36mentity[0m=[35mTerritories[0m [36mtarget_records[0m=[35m53[0m
2025-09-24 10:35:56,544 - planning.record_tracker - INFO - register_entity:81 - [2m2025-09-24T05:05:56.544612Z[0m [[32m[1minfo     [0m] [1mEntity registered for tracking[0m [[0m[1m[34mplanning.record_tracker[0m][0m [36mentity[0m=[35mCurrent_Product_Lists[0m [36mtarget_records[0m=[35m69[0m
2025-09-24 10:35:56,545 - planning.record_tracker - INFO - register_entity:81 - [2m2025-09-24T05:05:56.545120Z[0m [[32m[1minfo     [0m] [1mEntity registered for tracking[0m [[0m[1m[34mplanning.record_tracker[0m][0m [36mentity[0m=[35mProduct_Sales_for_1997[0m [36mtarget_records[0m=[35m77[0m
2025-09-24 10:35:56,545 - planning.record_tracker - INFO - register_entity:81 - [2m2025-09-24T05:05:56.545463Z[0m [[32m[1minfo     [0m] [1mEntity registered for tracking[0m [[0m[1m[34mplanning.record_tracker[0m][0m [36mentity[0m=[35mSuppliers[0m [36mtarget_records[0m=[35m29[0m
2025-09-24 10:35:56,546 - planning.plan_generator - INFO - create_execution_plan:203 - [2m2025-09-24T05:05:56.546561Z[0m [[32m[1minfo     [0m] [1mExecution plan created        [0m [[0m[1m[34mplanning.plan_generator[0m][0m [36mplanned_entities[0m=[35m25[0m [36mtotal_commands[0m=[35m28[0m
2025-09-24 10:35:56,547 - connector - INFO - _discovery_phase:318 - [2m2025-09-24T05:05:56.546561Z[0m [[32m[1minfo     [0m] [1mDiscovery phase completed     [0m [[0m[1m[34mconnector[0m][0m [36mentities[0m=[35m26[0m [36mprocessing_levels[0m=[35m1[0m [36mtotal_records[0m=[35m11427[0m
2025-09-24 10:35:56,547 - connector - INFO - _discovery_phase:324 - [2m2025-09-24T05:05:56.547190Z[0m [[32m[1minfo     [0m] [1m📋 Execution plan summary:     [0m [[0m[1m[34mconnector[0m][0m
2025-09-24 10:35:56,547 - connector - INFO - _discovery_phase:327 - [2m2025-09-24T05:05:56.547745Z[0m [[32m[1minfo     [0m] [1m  Level 1: 26 entities, 11427 records[0m [[0m[1m[34mconnector[0m][0m
2025-09-24 10:35:56,548 - connector - INFO - _discovery_phase:330 - [2m2025-09-24T05:05:56.548323Z[0m [[32m[1minfo     [0m] [1m    - Shippers: 3 records     [0m [[0m[1m[34mconnector[0m][0m
2025-09-24 10:35:56,548 - connector - INFO - _discovery_phase:330 - [2m2025-09-24T05:05:56.548864Z[0m [[32m[1minfo     [0m] [1m    - Employees: 9 records    [0m [[0m[1m[34mconnector[0m][0m
2025-09-24 10:35:56,549 - connector - INFO - _discovery_phase:330 - [2m2025-09-24T05:05:56.548864Z[0m [[32m[1minfo     [0m] [1m    - Summary_of_Sales_by_Years: 809 records[0m [[0m[1m[34mconnector[0m][0m
2025-09-24 10:35:56,549 - connector - INFO - _discovery_phase:330 - [2m2025-09-24T05:05:56.549401Z[0m [[32m[1minfo     [0m] [1m    - Order_Subtotals: 830 records[0m [[0m[1m[34mconnector[0m][0m
2025-09-24 10:35:56,549 - connector - INFO - _discovery_phase:330 - [2m2025-09-24T05:05:56.549935Z[0m [[32m[1minfo     [0m] [1m    - Sales_by_Categories: 77 records[0m [[0m[1m[34mconnector[0m][0m
2025-09-24 10:35:56,550 - connector - INFO - _discovery_phase:330 - [2m2025-09-24T05:05:56.550466Z[0m [[32m[1minfo     [0m] [1m    - Customer_and_Suppliers_by_Cities: 120 records[0m [[0m[1m[34mconnector[0m][0m
2025-09-24 10:35:56,550 - connector - INFO - _discovery_phase:330 - [2m2025-09-24T05:05:56.550466Z[0m [[32m[1minfo     [0m] [1m    - Alphabetical_list_of_products: 69 records[0m [[0m[1m[34mconnector[0m][0m
2025-09-24 10:35:56,551 - connector - INFO - _discovery_phase:330 - [2m2025-09-24T05:05:56.551004Z[0m [[32m[1minfo     [0m] [1m    - Regions: 4 records      [0m [[0m[1m[34mconnector[0m][0m
2025-09-24 10:35:56,551 - connector - INFO - _discovery_phase:330 - [2m2025-09-24T05:05:56.551519Z[0m [[32m[1minfo     [0m] [1m    - Products: 77 records    [0m [[0m[1m[34mconnector[0m][0m
2025-09-24 10:35:56,552 - connector - INFO - _discovery_phase:330 - [2m2025-09-24T05:05:56.551519Z[0m [[32m[1minfo     [0m] [1m    - Orders: 830 records     [0m [[0m[1m[34mconnector[0m][0m
2025-09-24 10:35:56,552 - connector - INFO - _discovery_phase:330 - [2m2025-09-24T05:05:56.552304Z[0m [[32m[1minfo     [0m] [1m    - Invoices: 2155 records  [0m [[0m[1m[34mconnector[0m][0m
2025-09-24 10:35:56,552 - connector - INFO - _discovery_phase:330 - [2m2025-09-24T05:05:56.552875Z[0m [[32m[1minfo     [0m] [1m    - Order_Details: 2155 records[0m [[0m[1m[34mconnector[0m][0m
2025-09-24 10:35:56,553 - connector - INFO - _discovery_phase:330 - [2m2025-09-24T05:05:56.553418Z[0m [[32m[1minfo     [0m] [1m    - Order_Details_Extendeds: 2155 records[0m [[0m[1m[34mconnector[0m][0m
2025-09-24 10:35:56,553 - connector - INFO - _discovery_phase:330 - [2m2025-09-24T05:05:56.553418Z[0m [[32m[1minfo     [0m] [1m    - CustomerDemographics: 0 records[0m [[0m[1m[34mconnector[0m][0m
2025-09-24 10:35:56,553 - connector - INFO - _discovery_phase:330 - [2m2025-09-24T05:05:56.553959Z[0m [[32m[1minfo     [0m] [1m    - Orders_Qries: 830 records[0m [[0m[1m[34mconnector[0m][0m
2025-09-24 10:35:56,554 - connector - INFO - _discovery_phase:330 - [2m2025-09-24T05:05:56.554528Z[0m [[32m[1minfo     [0m] [1m    - Products_Above_Average_Prices: 25 records[0m [[0m[1m[34mconnector[0m][0m
2025-09-24 10:35:56,555 - connector - INFO - _discovery_phase:330 - [2m2025-09-24T05:05:56.554528Z[0m [[32m[1minfo     [0m] [1m    - Products_by_Categories: 69 records[0m [[0m[1m[34mconnector[0m][0m
2025-09-24 10:35:56,555 - connector - INFO - _discovery_phase:330 - [2m2025-09-24T05:05:56.555064Z[0m [[32m[1minfo     [0m] [1m    - Categories: 8 records   [0m [[0m[1m[34mconnector[0m][0m
2025-09-24 10:35:56,555 - connector - INFO - _discovery_phase:330 - [2m2025-09-24T05:05:56.555580Z[0m [[32m[1minfo     [0m] [1m    - Category_Sales_for_1997: 8 records[0m [[0m[1m[34mconnector[0m][0m
2025-09-24 10:35:56,557 - connector - INFO - _discovery_phase:330 - [2m2025-09-24T05:05:56.557436Z[0m [[32m[1minfo     [0m] [1m    - Customers: 91 records   [0m [[0m[1m[34mconnector[0m][0m
2025-09-24 10:35:56,558 - connector - INFO - _discovery_phase:330 - [2m2025-09-24T05:05:56.557942Z[0m [[32m[1minfo     [0m] [1m    - Summary_of_Sales_by_Quarters: 809 records[0m [[0m[1m[34mconnector[0m][0m
2025-09-24 10:35:56,559 - connector - INFO - _discovery_phase:330 - [2m2025-09-24T05:05:56.559054Z[0m [[32m[1minfo     [0m] [1m    - Sales_Totals_by_Amounts: 66 records[0m [[0m[1m[34mconnector[0m][0m
2025-09-24 10:35:56,560 - connector - INFO - _discovery_phase:330 - [2m2025-09-24T05:05:56.560224Z[0m [[32m[1minfo     [0m] [1m    - Territories: 53 records [0m [[0m[1m[34mconnector[0m][0m
2025-09-24 10:35:56,560 - connector - INFO - _discovery_phase:330 - [2m2025-09-24T05:05:56.560797Z[0m [[32m[1minfo     [0m] [1m    - Current_Product_Lists: 69 records[0m [[0m[1m[34mconnector[0m][0m
2025-09-24 10:35:56,561 - connector - INFO - _discovery_phase:330 - [2m2025-09-24T05:05:56.561345Z[0m [[32m[1minfo     [0m] [1m    - Product_Sales_for_1997: 77 records[0m [[0m[1m[34mconnector[0m][0m
2025-09-24 10:35:56,561 - connector - INFO - _discovery_phase:330 - [2m2025-09-24T05:05:56.561891Z[0m [[32m[1minfo     [0m] [1m    - Suppliers: 29 records   [0m [[0m[1m[34mconnector[0m][0m
2025-09-24 10:35:56,562 - connector - INFO - _execution_phase:334 - [2m2025-09-24T05:05:56.561891Z[0m [[32m[1minfo     [0m] [1mStarting execution phase      [0m [[0m[1m[34mconnector[0m][0m
2025-09-24 10:35:56,562 - workers.proxy_pool - INFO - start:370 - [2m2025-09-24T05:05:56.562440Z[0m [[32m[1minfo     [0m] [1mStarting proxy pool           [0m [[0m[1m[34mworkers.proxy_pool[0m][0m [36mmax_workers[0m=[35m3[0m
2025-09-24 10:35:56,562 - workers.proxy_pool - INFO - start:390 - [2m2025-09-24T05:05:56.562994Z[0m [[32m[1minfo     [0m] [1mProxy pool started successfully[0m [[0m[1m[34mworkers.proxy_pool[0m][0m
2025-09-24 10:35:56,563 - planning.plan_generator - INFO - get_initial_commands:236 - [2m2025-09-24T05:05:56.563538Z[0m [[32m[1minfo     [0m] [1mGenerated initial commands    [0m [[0m[1m[34mplanning.plan_generator[0m][0m [36mcommand_count[0m=[35m28[0m
2025-09-24 10:35:56,564 - workers.proxy_pool - INFO - add_commands:431 - [2m2025-09-24T05:05:56.564079Z[0m [[32m[1minfo     [0m] [1mCommands added to queue       [0m [[0m[1m[34mworkers.proxy_pool[0m][0m [36mcount[0m=[35m28[0m
2025-09-24 10:35:56,564 - connector - INFO - _monitor_execution:353 - [2m2025-09-24T05:05:56.564629Z[0m [[32m[1minfo     [0m] [1m🔍 Starting execution monitoring[0m [[0m[1m[34mconnector[0m][0m
2025-09-24 10:35:56,565 - connector - INFO - _monitor_execution:392 - [2m2025-09-24T05:05:56.565175Z[0m [[32m[1minfo     [0m] [1m📊 Execution progress          [0m [[0m[1m[34mconnector[0m][0m [36mactive_workers[0m=[35m0[0m [36mcommands_executed[0m=[35m0[0m [36mqueue_size[0m=[35m28[0m [36mrecords_processed[0m=[35m0[0m
2025-09-24 10:35:56,565 - workers.proxy_pool - INFO - _worker_loop:437 - [2m2025-09-24T05:05:56.565712Z[0m [[32m[1minfo     [0m] [1m🟢 Worker started and ready for commands[0m [[0m[1m[34mworkers.proxy_pool[0m][0m [36mworker_id[0m=[35mworker_0[0m [36mworker_status[0m=[35mACTIVE[0m
2025-09-24 10:35:56,566 - workers.proxy_pool - INFO - _worker_loop:460 - [2m2025-09-24T05:05:56.566226Z[0m [[32m[1minfo     [0m] [1m📋 Worker picked up command from queue[0m [[0m[1m[34mworkers.proxy_pool[0m][0m [36mcommand_id[0m=[35mShippers_page_1[0m [36mentity[0m=[35mShippers[0m [36mqueue_size_after_pickup[0m=[35m27[0m [36mworker_id[0m=[35mworker_0[0m [36mworker_status[0m=[35mPROCESSING[0m
2025-09-24 10:35:56,566 - workers.proxy_pool - INFO - execute:59 - [2m2025-09-24T05:05:56.566783Z[0m [[32m[1minfo     [0m] [1m🚀 Worker starting command execution[0m [[0m[1m[34mworkers.proxy_pool[0m][0m [36mcommand_id[0m=[35mShippers_page_1[0m [36mcommand_type[0m=[35mfetch_page[0m [36mentity[0m=[35mShippers[0m [36mpriority[0m=[35m1[0m [36mretry_count[0m=[35m0[0m [36mskip[0m=[35m0[0m [36mtop[0m=[35m1500[0m [36mworker_id[0m=[35mworker_0[0m
2025-09-24 10:35:56,567 - workers.proxy_pool - INFO - execute:82 - [2m2025-09-24T05:05:56.567300Z[0m [[32m[1minfo     [0m] [1m🔄 Worker executing request with resilience patterns[0m [[0m[1m[34mworkers.proxy_pool[0m][0m [36mcircuit_breaker_state[0m=[35mclosed[0m [36mcommand_id[0m=[35mShippers_page_1[0m [36mworker_id[0m=[35mworker_0[0m
2025-09-24 10:35:56,567 - planning.record_tracker - INFO - calculate_optimal_batch_size:206 - [2m2025-09-24T05:05:56.567824Z[0m [[32m[1minfo     [0m] [1mAdjusted batch size to prevent overfetching[0m [[0m[1m[34mplanning.record_tracker[0m][0m [36mdefault_size[0m=[35m1500[0m [36mentity[0m=[35mShippers[0m [36moptimal_size[0m=[35m3[0m [36mremaining_records[0m=[35m3[0m
2025-09-24 10:35:56,568 - workers.proxy_pool - INFO - _make_http_request:177 - [2m2025-09-24T05:05:56.568377Z[0m [[32m[1minfo     [0m] [1m📏 Adjusted batch size for optimal fetching[0m [[0m[1m[34mworkers.proxy_pool[0m][0m [36mcommand_id[0m=[35mShippers_page_1[0m [36mentity[0m=[35mShippers[0m [36moptimal_top[0m=[35m3[0m [36moriginal_top[0m=[35m1500[0m [36mworker_id[0m=[35mworker_0[0m
2025-09-24 10:35:56,570 - workers.proxy_pool - INFO - _worker_loop:437 - [2m2025-09-24T05:05:56.569580Z[0m [[32m[1minfo     [0m] [1m🟢 Worker started and ready for commands[0m [[0m[1m[34mworkers.proxy_pool[0m][0m [36mworker_id[0m=[35mworker_1[0m [36mworker_status[0m=[35mACTIVE[0m
2025-09-24 10:35:56,570 - workers.proxy_pool - INFO - _worker_loop:460 - [2m2025-09-24T05:05:56.570633Z[0m [[32m[1minfo     [0m] [1m📋 Worker picked up command from queue[0m [[0m[1m[34mworkers.proxy_pool[0m][0m [36mcommand_id[0m=[35mEmployees_page_1[0m [36mentity[0m=[35mEmployees[0m [36mqueue_size_after_pickup[0m=[35m26[0m [36mworker_id[0m=[35mworker_1[0m [36mworker_status[0m=[35mPROCESSING[0m
2025-09-24 10:35:56,571 - workers.proxy_pool - INFO - execute:59 - [2m2025-09-24T05:05:56.571190Z[0m [[32m[1minfo     [0m] [1m🚀 Worker starting command execution[0m [[0m[1m[34mworkers.proxy_pool[0m][0m [36mcommand_id[0m=[35mEmployees_page_1[0m [36mcommand_type[0m=[35mfetch_page[0m [36mentity[0m=[35mEmployees[0m [36mpriority[0m=[35m1[0m [36mretry_count[0m=[35m0[0m [36mskip[0m=[35m0[0m [36mtop[0m=[35m1500[0m [36mworker_id[0m=[35mworker_1[0m
2025-09-24 10:35:56,571 - workers.proxy_pool - INFO - execute:82 - [2m2025-09-24T05:05:56.571732Z[0m [[32m[1minfo     [0m] [1m🔄 Worker executing request with resilience patterns[0m [[0m[1m[34mworkers.proxy_pool[0m][0m [36mcircuit_breaker_state[0m=[35mclosed[0m [36mcommand_id[0m=[35mEmployees_page_1[0m [36mworker_id[0m=[35mworker_1[0m
2025-09-24 10:35:56,572 - planning.record_tracker - INFO - calculate_optimal_batch_size:206 - [2m2025-09-24T05:05:56.572272Z[0m [[32m[1minfo     [0m] [1mAdjusted batch size to prevent overfetching[0m [[0m[1m[34mplanning.record_tracker[0m][0m [36mdefault_size[0m=[35m1500[0m [36mentity[0m=[35mEmployees[0m [36moptimal_size[0m=[35m9[0m [36mremaining_records[0m=[35m9[0m
2025-09-24 10:35:56,574 - workers.proxy_pool - INFO - _make_http_request:177 - [2m2025-09-24T05:05:56.574487Z[0m [[32m[1minfo     [0m] [1m📏 Adjusted batch size for optimal fetching[0m [[0m[1m[34mworkers.proxy_pool[0m][0m [36mcommand_id[0m=[35mEmployees_page_1[0m [36mentity[0m=[35mEmployees[0m [36moptimal_top[0m=[35m9[0m [36moriginal_top[0m=[35m1500[0m [36mworker_id[0m=[35mworker_1[0m
2025-09-24 10:35:56,579 - workers.proxy_pool - INFO - _worker_loop:437 - [2m2025-09-24T05:05:56.579937Z[0m [[32m[1minfo     [0m] [1m🟢 Worker started and ready for commands[0m [[0m[1m[34mworkers.proxy_pool[0m][0m [36mworker_id[0m=[35mworker_2[0m [36mworker_status[0m=[35mACTIVE[0m
2025-09-24 10:35:56,581 - workers.proxy_pool - INFO - _worker_loop:460 - [2m2025-09-24T05:05:56.581438Z[0m [[32m[1minfo     [0m] [1m📋 Worker picked up command from queue[0m [[0m[1m[34mworkers.proxy_pool[0m][0m [36mcommand_id[0m=[35mSummary_of_Sales_by_Years_page_1[0m [36mentity[0m=[35mSummary_of_Sales_by_Years[0m [36mqueue_size_after_pickup[0m=[35m25[0m [36mworker_id[0m=[35mworker_2[0m [36mworker_status[0m=[35mPROCESSING[0m
2025-09-24 10:35:56,582 - workers.proxy_pool - INFO - execute:59 - [2m2025-09-24T05:05:56.582553Z[0m [[32m[1minfo     [0m] [1m🚀 Worker starting command execution[0m [[0m[1m[34mworkers.proxy_pool[0m][0m [36mcommand_id[0m=[35mSummary_of_Sales_by_Years_page_1[0m [36mcommand_type[0m=[35mfetch_page[0m [36mentity[0m=[35mSummary_of_Sales_by_Years[0m [36mpriority[0m=[35m1[0m [36mretry_count[0m=[35m0[0m [36mskip[0m=[35m0[0m [36mtop[0m=[35m1500[0m [36mworker_id[0m=[35mworker_2[0m
2025-09-24 10:35:56,583 - workers.proxy_pool - INFO - execute:82 - [2m2025-09-24T05:05:56.583776Z[0m [[32m[1minfo     [0m] [1m🔄 Worker executing request with resilience patterns[0m [[0m[1m[34mworkers.proxy_pool[0m][0m [36mcircuit_breaker_state[0m=[35mclosed[0m [36mcommand_id[0m=[35mSummary_of_Sales_by_Years_page_1[0m [36mworker_id[0m=[35mworker_2[0m
2025-09-24 10:35:56,584 - planning.record_tracker - INFO - calculate_optimal_batch_size:206 - [2m2025-09-24T05:05:56.584333Z[0m [[32m[1minfo     [0m] [1mAdjusted batch size to prevent overfetching[0m [[0m[1m[34mplanning.record_tracker[0m][0m [36mdefault_size[0m=[35m1500[0m [36mentity[0m=[35mSummary_of_Sales_by_Years[0m [36moptimal_size[0m=[35m809[0m [36mremaining_records[0m=[35m809[0m
2025-09-24 10:35:56,584 - workers.proxy_pool - INFO - _make_http_request:177 - [2m2025-09-24T05:05:56.584893Z[0m [[32m[1minfo     [0m] [1m📏 Adjusted batch size for optimal fetching[0m [[0m[1m[34mworkers.proxy_pool[0m][0m [36mcommand_id[0m=[35mSummary_of_Sales_by_Years_page_1[0m [36mentity[0m=[35mSummary_of_Sales_by_Years[0m [36moptimal_top[0m=[35m809[0m [36moriginal_top[0m=[35m1500[0m [36mworker_id[0m=[35mworker_2[0m
2025-09-24 10:35:56,586 - httpcore.http11 - DEBUG - atrace:87 - send_request_headers.started request=<Request [b'GET']>
2025-09-24 10:35:56,587 - httpcore.http11 - DEBUG - atrace:87 - send_request_headers.complete
2025-09-24 10:35:56,587 - httpcore.http11 - DEBUG - atrace:87 - send_request_body.started request=<Request [b'GET']>
2025-09-24 10:35:56,587 - httpcore.http11 - DEBUG - atrace:87 - send_request_body.complete
2025-09-24 10:35:56,587 - httpcore.http11 - DEBUG - atrace:87 - receive_response_headers.started request=<Request [b'GET']>
2025-09-24 10:35:56,587 - httpcore.connection - DEBUG - atrace:87 - connect_tcp.started host='services.odata.org' port=443 local_address=None timeout=30 socket_options=None
2025-09-24 10:35:56,588 - httpcore.connection - DEBUG - atrace:87 - connect_tcp.started host='services.odata.org' port=443 local_address=None timeout=30 socket_options=None
2025-09-24 10:35:57,368 - httpcore.http11 - DEBUG - atrace:87 - receive_response_headers.complete return_value=(b'HTTP/1.1', 200, b'OK', [(b'Content-Length', b'311'), (b'Content-Type', b'application/json;odata.metadata=minimal;odata.streaming=true;IEEE754Compatible=false;charset=utf-8'), (b'Date', b'Wed, 24 Sep 2025 05:05:57 GMT'), (b'Server', b'Microsoft-IIS/10.0'), (b'Access-Control-Allow-Headers', b'Accept, Origin, Content-Type, MaxDataServiceVersion'), (b'Access-Control-Allow-Methods', b'GET'), (b'Access-Control-Allow-Origin', b'*'), (b'Access-Control-Expose-Headers', b'DataServiceVersion'), (b'Cache-Control', b'private'), (b'Content-Encoding', b'gzip'), (b'Expires', b'Wed, 24 Sep 2025 05:06:57 GMT'), (b'Vary', b'*'), (b'X-Content-Type-Options', b'nosniff'), (b'OData-Version', b'4.0;'), (b'X-AspNet-Version', b'4.0.30319'), (b'X-Powered-By', b'ASP.NET')])
2025-09-24 10:35:57,370 - httpx - INFO - _send_single_request:1740 - HTTP Request: GET https://services.odata.org/V4/Northwind/Northwind.svc/Shippers?%24skip=0&%24top=3 "HTTP/1.1 200 OK"
2025-09-24 10:35:57,376 - httpcore.http11 - DEBUG - atrace:87 - receive_response_body.started request=<Request [b'GET']>
2025-09-24 10:35:57,376 - httpcore.http11 - DEBUG - atrace:87 - receive_response_body.complete
2025-09-24 10:35:57,376 - httpcore.http11 - DEBUG - atrace:87 - response_closed.started
2025-09-24 10:35:57,377 - httpcore.http11 - DEBUG - atrace:87 - response_closed.complete
2025-09-24 10:35:57,377 - planning.record_tracker - INFO - add_page_records:38 - [2m2025-09-24T05:05:57.377015Z[0m [[32m[1minfo     [0m] [1m✅ Entity record fetching complete[0m [[0m[1m[34mplanning.record_tracker[0m][0m [36mentity[0m=[35mShippers[0m [36mfetched[0m=[35m3[0m [36mtarget[0m=[35m3[0m
2025-09-24 10:35:57,378 - workers.proxy_pool - INFO - _make_http_request:243 - [2m2025-09-24T05:05:57.378008Z[0m [[32m[1minfo     [0m] [1m🎯 Stopping pagination due to record limits[0m [[0m[1m[34mworkers.proxy_pool[0m][0m [36mcommand_id[0m=[35mShippers_page_1[0m [36mentity[0m=[35mShippers[0m [36mentity_complete[0m=[35mTrue[0m [36mglobal_limit_reached[0m=[35mNone[0m [36mworker_id[0m=[35mworker_0[0m
2025-09-24 10:35:57,379 - workers.proxy_pool - INFO - _make_http_request:250 - [2m2025-09-24T05:05:57.379007Z[0m [[32m[1minfo     [0m] [1m📊 Worker successfully fetched data[0m [[0m[1m[34mworkers.proxy_pool[0m][0m [36mactual_records_added[0m=[35m3[0m [36mcommand_id[0m=[35mShippers_page_1[0m [36mentity[0m=[35mShippers[0m [36mentity_total_fetched[0m=[35m3[0m [36mglobal_total_fetched[0m=[35m3[0m [36mhas_next_page[0m=[35mFalse[0m [36mrecords_in_response[0m=[35m3[0m [36mworker_id[0m=[35mworker_0[0m
2025-09-24 10:35:57,380 - workers.proxy_pool - INFO - execute:110 - [2m2025-09-24T05:05:57.380014Z[0m [[32m[1minfo     [0m] [1m✅ Worker completed command successfully[0m [[0m[1m[34mworkers.proxy_pool[0m][0m [36mcommand_id[0m=[35mShippers_page_1[0m [36mentity[0m=[35mShippers[0m [36mexecution_time_seconds[0m=[35m0.81[0m [36mhas_next_page[0m=[35mFalse[0m [36mrecords_fetched[0m=[35m3[0m [36mworker_id[0m=[35mworker_0[0m
2025-09-24 10:35:57,381 - workers.proxy_pool - INFO - _worker_loop:460 - [2m2025-09-24T05:05:57.381616Z[0m [[32m[1minfo     [0m] [1m📋 Worker picked up command from queue[0m [[0m[1m[34mworkers.proxy_pool[0m][0m [36mcommand_id[0m=[35mOrder_Subtotals_page_1[0m [36mentity[0m=[35mOrder_Subtotals[0m [36mqueue_size_after_pickup[0m=[35m24[0m [36mworker_id[0m=[35mworker_0[0m [36mworker_status[0m=[35mPROCESSING[0m
2025-09-24 10:35:57,384 - workers.proxy_pool - INFO - execute:59 - [2m2025-09-24T05:05:57.384198Z[0m [[32m[1minfo     [0m] [1m🚀 Worker starting command execution[0m [[0m[1m[34mworkers.proxy_pool[0m][0m [36mcommand_id[0m=[35mOrder_Subtotals_page_1[0m [36mcommand_type[0m=[35mfetch_page[0m [36mentity[0m=[35mOrder_Subtotals[0m [36mpriority[0m=[35m1[0m [36mretry_count[0m=[35m0[0m [36mskip[0m=[35m0[0m [36mtop[0m=[35m1500[0m [36mworker_id[0m=[35mworker_0[0m
2025-09-24 10:35:57,386 - workers.proxy_pool - INFO - execute:82 - [2m2025-09-24T05:05:57.386306Z[0m [[32m[1minfo     [0m] [1m🔄 Worker executing request with resilience patterns[0m [[0m[1m[34mworkers.proxy_pool[0m][0m [36mcircuit_breaker_state[0m=[35mclosed[0m [36mcommand_id[0m=[35mOrder_Subtotals_page_1[0m [36mworker_id[0m=[35mworker_0[0m
2025-09-24 10:35:57,386 - planning.record_tracker - INFO - calculate_optimal_batch_size:206 - [2m2025-09-24T05:05:57.386306Z[0m [[32m[1minfo     [0m] [1mAdjusted batch size to prevent overfetching[0m [[0m[1m[34mplanning.record_tracker[0m][0m [36mdefault_size[0m=[35m1500[0m [36mentity[0m=[35mOrder_Subtotals[0m [36moptimal_size[0m=[35m830[0m [36mremaining_records[0m=[35m830[0m
2025-09-24 10:35:57,388 - workers.proxy_pool - INFO - _make_http_request:177 - [2m2025-09-24T05:05:57.388329Z[0m [[32m[1minfo     [0m] [1m📏 Adjusted batch size for optimal fetching[0m [[0m[1m[34mworkers.proxy_pool[0m][0m [36mcommand_id[0m=[35mOrder_Subtotals_page_1[0m [36mentity[0m=[35mOrder_Subtotals[0m [36moptimal_top[0m=[35m830[0m [36moriginal_top[0m=[35m1500[0m [36mworker_id[0m=[35mworker_0[0m
2025-09-24 10:35:57,389 - storage.transformer - INFO - transform_odata_response:62 - [2m2025-09-24T05:05:57.389721Z[0m [[32m[1minfo     [0m] [1mStarting transformation       [0m [[0m[1m[34mstorage.transformer[0m][0m [36mentity_name[0m=[35mShippers[0m [36mresponse_keys[0m=[35m['@odata.context', 'value'][0m
2025-09-24 10:35:57,391 - storage.transformer - INFO - transform_odata_response:101 - [2m2025-09-24T05:05:57.391779Z[0m [[32m[1minfo     [0m] [1mTransformation completed      [0m [[0m[1m[34mstorage.transformer[0m][0m [36mentity_name[0m=[35mShippers[0m [36minput_records[0m=[35m3[0m [36moutput_records[0m=[35m3[0m [36mtransformation_time_seconds[0m=[35m0.0[0m
2025-09-24 10:35:57,393 - storage.local_storage - INFO - store_processed_records:145 - [2m2025-09-24T05:05:57.392797Z[0m [[32m[1minfo     [0m] [1mStoring processed records     [0m [[0m[1m[34mstorage.local_storage[0m][0m [36mentity_name[0m=[35mShippers[0m [36mformat[0m=[35mjson[0m [36mrecord_count[0m=[35m3[0m
2025-09-24 10:35:57,395 - storage.local_storage - INFO - store_processed_records:160 - [2m2025-09-24T05:05:57.395845Z[0m [[32m[1minfo     [0m] [1mSuccessfully stored processed records[0m [[0m[1m[34mstorage.local_storage[0m][0m [36mentity_name[0m=[35mShippers[0m [36mfile_path[0m=[35m./test_output/processed\Shippers_20250924_050557.json[0m [36mrecord_count[0m=[35m3[0m [36mstorage_time_seconds[0m=[35m0.0[0m
2025-09-24 10:35:57,404 - storage.local_storage - INFO - store_raw_response:89 - [2m2025-09-24T05:05:57.404030Z[0m [[32m[1minfo     [0m] [1mSuccessfully stored raw data  [0m [[0m[1m[34mstorage.local_storage[0m][0m [36mentity_name[0m=[35mShippers[0m [36mfile_path[0m=[35m./test_output/raw\Shippers\2025/09/24\05\Shippers_page_1.json[0m [36msize_bytes[0m=[35m628[0m [36mstorage_time_seconds[0m=[35m0.016[0m
2025-09-24 10:35:57,407 - httpcore.http11 - DEBUG - atrace:87 - send_request_headers.started request=<Request [b'GET']>
2025-09-24 10:35:57,408 - httpcore.http11 - DEBUG - atrace:87 - send_request_headers.complete
2025-09-24 10:35:57,408 - httpcore.http11 - DEBUG - atrace:87 - send_request_body.started request=<Request [b'GET']>
2025-09-24 10:35:57,409 - httpcore.http11 - DEBUG - atrace:87 - send_request_body.complete
2025-09-24 10:35:57,409 - httpcore.http11 - DEBUG - atrace:87 - receive_response_headers.started request=<Request [b'GET']>
2025-09-24 10:35:57,997 - httpcore.connection - DEBUG - atrace:87 - connect_tcp.complete return_value=<httpcore._backends.anyio.AnyIOStream object at 0x000001C6B65C7D10>
2025-09-24 10:35:57,997 - httpcore.connection - DEBUG - atrace:87 - start_tls.started ssl_context=<ssl.SSLContext object at 0x000001C6B61795D0> server_hostname='services.odata.org' timeout=30
2025-09-24 10:35:58,018 - httpcore.connection - DEBUG - atrace:87 - connect_tcp.complete return_value=<httpcore._backends.anyio.AnyIOStream object at 0x000001C6B65C7E90>
2025-09-24 10:35:58,018 - httpcore.connection - DEBUG - atrace:87 - start_tls.started ssl_context=<ssl.SSLContext object at 0x000001C6B61795D0> server_hostname='services.odata.org' timeout=30
2025-09-24 10:35:58,051 - httpcore.http11 - DEBUG - atrace:87 - receive_response_headers.complete return_value=(b'HTTP/1.1', 200, b'OK', [(b'Content-Length', b'1172'), (b'Content-Type', b'application/json;odata.metadata=minimal;odata.streaming=true;IEEE754Compatible=false;charset=utf-8'), (b'Date', b'Wed, 24 Sep 2025 05:05:58 GMT'), (b'Server', b'Microsoft-IIS/10.0'), (b'Access-Control-Allow-Headers', b'Accept, Origin, Content-Type, MaxDataServiceVersion'), (b'Access-Control-Allow-Methods', b'GET'), (b'Access-Control-Allow-Origin', b'*'), (b'Access-Control-Expose-Headers', b'DataServiceVersion'), (b'Cache-Control', b'private'), (b'Content-Encoding', b'gzip'), (b'Expires', b'Wed, 24 Sep 2025 05:06:58 GMT'), (b'Vary', b'*'), (b'X-Content-Type-Options', b'nosniff'), (b'OData-Version', b'4.0;'), (b'X-AspNet-Version', b'4.0.30319'), (b'X-Powered-By', b'ASP.NET')])
2025-09-24 10:35:58,051 - httpx - INFO - _send_single_request:1740 - HTTP Request: GET https://services.odata.org/V4/Northwind/Northwind.svc/Order_Subtotals?%24skip=0&%24top=830 "HTTP/1.1 200 OK"
2025-09-24 10:35:58,053 - httpcore.http11 - DEBUG - atrace:87 - receive_response_body.started request=<Request [b'GET']>
2025-09-24 10:35:58,054 - httpcore.http11 - DEBUG - atrace:87 - receive_response_body.complete
2025-09-24 10:35:58,054 - httpcore.http11 - DEBUG - atrace:87 - response_closed.started
2025-09-24 10:35:58,054 - httpcore.http11 - DEBUG - atrace:87 - response_closed.complete
2025-09-24 10:35:58,055 - workers.proxy_pool - INFO - _make_http_request:250 - [2m2025-09-24T05:05:58.055327Z[0m [[32m[1minfo     [0m] [1m📊 Worker successfully fetched data[0m [[0m[1m[34mworkers.proxy_pool[0m][0m [36mactual_records_added[0m=[35m100[0m [36mcommand_id[0m=[35mOrder_Subtotals_page_1[0m [36mentity[0m=[35mOrder_Subtotals[0m [36mentity_total_fetched[0m=[35m100[0m [36mglobal_total_fetched[0m=[35m103[0m [36mhas_next_page[0m=[35mTrue[0m [36mrecords_in_response[0m=[35m100[0m [36mworker_id[0m=[35mworker_0[0m
2025-09-24 10:35:58,057 - workers.proxy_pool - INFO - execute:110 - [2m2025-09-24T05:05:58.057513Z[0m [[32m[1minfo     [0m] [1m✅ Worker completed command successfully[0m [[0m[1m[34mworkers.proxy_pool[0m][0m [36mcommand_id[0m=[35mOrder_Subtotals_page_1[0m [36mentity[0m=[35mOrder_Subtotals[0m [36mexecution_time_seconds[0m=[35m0.67[0m [36mhas_next_page[0m=[35mTrue[0m [36mrecords_fetched[0m=[35m100[0m [36mworker_id[0m=[35mworker_0[0m
2025-09-24 10:35:58,060 - workers.proxy_pool - INFO - _worker_loop:460 - [2m2025-09-24T05:05:58.060066Z[0m [[32m[1minfo     [0m] [1m📋 Worker picked up command from queue[0m [[0m[1m[34mworkers.proxy_pool[0m][0m [36mcommand_id[0m=[35mSales_by_Categories_page_1[0m [36mentity[0m=[35mSales_by_Categories[0m [36mqueue_size_after_pickup[0m=[35m23[0m [36mworker_id[0m=[35mworker_0[0m [36mworker_status[0m=[35mPROCESSING[0m
2025-09-24 10:35:58,063 - workers.proxy_pool - INFO - execute:59 - [2m2025-09-24T05:05:58.063748Z[0m [[32m[1minfo     [0m] [1m🚀 Worker starting command execution[0m [[0m[1m[34mworkers.proxy_pool[0m][0m [36mcommand_id[0m=[35mSales_by_Categories_page_1[0m [36mcommand_type[0m=[35mfetch_page[0m [36mentity[0m=[35mSales_by_Categories[0m [36mpriority[0m=[35m1[0m [36mretry_count[0m=[35m0[0m [36mskip[0m=[35m0[0m [36mtop[0m=[35m1500[0m [36mworker_id[0m=[35mworker_0[0m
2025-09-24 10:35:58,065 - workers.proxy_pool - INFO - execute:82 - [2m2025-09-24T05:05:58.065779Z[0m [[32m[1minfo     [0m] [1m🔄 Worker executing request with resilience patterns[0m [[0m[1m[34mworkers.proxy_pool[0m][0m [36mcircuit_breaker_state[0m=[35mclosed[0m [36mcommand_id[0m=[35mSales_by_Categories_page_1[0m [36mworker_id[0m=[35mworker_0[0m
2025-09-24 10:35:58,066 - planning.record_tracker - INFO - calculate_optimal_batch_size:206 - [2m2025-09-24T05:05:58.066782Z[0m [[32m[1minfo     [0m] [1mAdjusted batch size to prevent overfetching[0m [[0m[1m[34mplanning.record_tracker[0m][0m [36mdefault_size[0m=[35m1500[0m [36mentity[0m=[35mSales_by_Categories[0m [36moptimal_size[0m=[35m77[0m [36mremaining_records[0m=[35m77[0m
2025-09-24 10:35:58,069 - workers.proxy_pool - INFO - _make_http_request:177 - [2m2025-09-24T05:05:58.068301Z[0m [[32m[1minfo     [0m] [1m📏 Adjusted batch size for optimal fetching[0m [[0m[1m[34mworkers.proxy_pool[0m][0m [36mcommand_id[0m=[35mSales_by_Categories_page_1[0m [36mentity[0m=[35mSales_by_Categories[0m [36moptimal_top[0m=[35m77[0m [36moriginal_top[0m=[35m1500[0m [36mworker_id[0m=[35mworker_0[0m
2025-09-24 10:35:58,071 - storage.transformer - INFO - transform_odata_response:62 - [2m2025-09-24T05:05:58.071292Z[0m [[32m[1minfo     [0m] [1mStarting transformation       [0m [[0m[1m[34mstorage.transformer[0m][0m [36mentity_name[0m=[35mOrder_Subtotals[0m [36mresponse_keys[0m=[35m['@odata.context', 'value', '@odata.nextLink'][0m
2025-09-24 10:35:58,075 - storage.transformer - INFO - transform_odata_response:101 - [2m2025-09-24T05:05:58.075397Z[0m [[32m[1minfo     [0m] [1mTransformation completed      [0m [[0m[1m[34mstorage.transformer[0m][0m [36mentity_name[0m=[35mOrder_Subtotals[0m [36minput_records[0m=[35m100[0m [36moutput_records[0m=[35m100[0m [36mtransformation_time_seconds[0m=[35m0.0[0m
2025-09-24 10:35:58,076 - storage.local_storage - INFO - store_processed_records:145 - [2m2025-09-24T05:05:58.076362Z[0m [[32m[1minfo     [0m] [1mStoring processed records     [0m [[0m[1m[34mstorage.local_storage[0m][0m [36mentity_name[0m=[35mOrder_Subtotals[0m [36mformat[0m=[35mjson[0m [36mrecord_count[0m=[35m100[0m
2025-09-24 10:35:58,084 - storage.local_storage - INFO - store_processed_records:160 - [2m2025-09-24T05:05:58.084423Z[0m [[32m[1minfo     [0m] [1mSuccessfully stored processed records[0m [[0m[1m[34mstorage.local_storage[0m][0m [36mentity_name[0m=[35mOrder_Subtotals[0m [36mfile_path[0m=[35m./test_output/processed\Order_Subtotals_20250924_050558.json[0m [36mrecord_count[0m=[35m100[0m [36mstorage_time_seconds[0m=[35m0.0[0m
2025-09-24 10:35:58,096 - storage.local_storage - INFO - store_raw_response:89 - [2m2025-09-24T05:05:58.095978Z[0m [[32m[1minfo     [0m] [1mSuccessfully stored raw data  [0m [[0m[1m[34mstorage.local_storage[0m][0m [36mentity_name[0m=[35mOrder_Subtotals[0m [36mfile_path[0m=[35m./test_output/raw\Order_Subtotals\2025/09/24\05\Order_Subtotals_page_1.json[0m [36msize_bytes[0m=[35m7333[0m [36mstorage_time_seconds[0m=[35m0.0[0m
2025-09-24 10:35:58,099 - httpcore.http11 - DEBUG - atrace:87 - send_request_headers.started request=<Request [b'GET']>
2025-09-24 10:35:58,101 - httpcore.http11 - DEBUG - atrace:87 - send_request_headers.complete
2025-09-24 10:35:58,102 - httpcore.http11 - DEBUG - atrace:87 - send_request_body.started request=<Request [b'GET']>
2025-09-24 10:35:58,102 - httpcore.http11 - DEBUG - atrace:87 - send_request_body.complete
2025-09-24 10:35:58,102 - httpcore.http11 - DEBUG - atrace:87 - receive_response_headers.started request=<Request [b'GET']>
2025-09-24 10:35:58,722 - httpcore.connection - DEBUG - atrace:87 - start_tls.complete return_value=<httpcore._backends.anyio.AnyIOStream object at 0x000001C6B65ACF50>
2025-09-24 10:35:58,732 - httpcore.http11 - DEBUG - atrace:87 - receive_response_headers.complete return_value=(b'HTTP/1.1', 200, b'OK', [(b'Content-Length', b'2173'), (b'Content-Type', b'application/json;odata.metadata=minimal;odata.streaming=true;IEEE754Compatible=false;charset=utf-8'), (b'Date', b'Wed, 24 Sep 2025 05:05:58 GMT'), (b'Server', b'Microsoft-IIS/10.0'), (b'Access-Control-Allow-Headers', b'Accept, Origin, Content-Type, MaxDataServiceVersion'), (b'Access-Control-Allow-Methods', b'GET'), (b'Access-Control-Allow-Origin', b'*'), (b'Access-Control-Expose-Headers', b'DataServiceVersion'), (b'Cache-Control', b'private'), (b'Content-Encoding', b'gzip'), (b'Expires', b'Wed, 24 Sep 2025 05:06:59 GMT'), (b'Vary', b'*'), (b'X-Content-Type-Options', b'nosniff'), (b'OData-Version', b'4.0;'), (b'X-AspNet-Version', b'4.0.30319'), (b'X-Powered-By', b'ASP.NET')])
2025-09-24 10:35:58,732 - httpx - INFO - _send_single_request:1740 - HTTP Request: GET https://services.odata.org/V4/Northwind/Northwind.svc/Sales_by_Categories?%24skip=0&%24top=77 "HTTP/1.1 200 OK"
2025-09-24 10:35:58,733 - httpcore.http11 - DEBUG - atrace:87 - receive_response_body.started request=<Request [b'GET']>
2025-09-24 10:35:58,733 - httpcore.http11 - DEBUG - atrace:87 - receive_response_body.complete
2025-09-24 10:35:58,733 - httpcore.http11 - DEBUG - atrace:87 - response_closed.started
2025-09-24 10:35:58,734 - httpcore.http11 - DEBUG - atrace:87 - send_request_headers.started request=<Request [b'GET']>
2025-09-24 10:35:58,734 - httpcore.connection - DEBUG - atrace:87 - start_tls.complete return_value=<httpcore._backends.anyio.AnyIOStream object at 0x000001C6B65AEF00>
2025-09-24 10:35:58,735 - httpcore.http11 - DEBUG - atrace:87 - response_closed.complete
2025-09-24 10:35:58,736 - planning.record_tracker - INFO - add_page_records:38 - [2m2025-09-24T05:05:58.736121Z[0m [[32m[1minfo     [0m] [1m✅ Entity record fetching complete[0m [[0m[1m[34mplanning.record_tracker[0m][0m [36mentity[0m=[35mSales_by_Categories[0m [36mfetched[0m=[35m77[0m [36mtarget[0m=[35m77[0m
2025-09-24 10:35:58,737 - workers.proxy_pool - INFO - _make_http_request:243 - [2m2025-09-24T05:05:58.737209Z[0m [[32m[1minfo     [0m] [1m🎯 Stopping pagination due to record limits[0m [[0m[1m[34mworkers.proxy_pool[0m][0m [36mcommand_id[0m=[35mSales_by_Categories_page_1[0m [36mentity[0m=[35mSales_by_Categories[0m [36mentity_complete[0m=[35mTrue[0m [36mglobal_limit_reached[0m=[35mNone[0m [36mworker_id[0m=[35mworker_0[0m
2025-09-24 10:35:58,738 - workers.proxy_pool - INFO - _make_http_request:250 - [2m2025-09-24T05:05:58.737740Z[0m [[32m[1minfo     [0m] [1m📊 Worker successfully fetched data[0m [[0m[1m[34mworkers.proxy_pool[0m][0m [36mactual_records_added[0m=[35m77[0m [36mcommand_id[0m=[35mSales_by_Categories_page_1[0m [36mentity[0m=[35mSales_by_Categories[0m [36mentity_total_fetched[0m=[35m77[0m [36mglobal_total_fetched[0m=[35m180[0m [36mhas_next_page[0m=[35mFalse[0m [36mrecords_in_response[0m=[35m77[0m [36mworker_id[0m=[35mworker_0[0m
2025-09-24 10:35:58,745 - workers.proxy_pool - INFO - execute:110 - [2m2025-09-24T05:05:58.745036Z[0m [[32m[1minfo     [0m] [1m✅ Worker completed command successfully[0m [[0m[1m[34mworkers.proxy_pool[0m][0m [36mcommand_id[0m=[35mSales_by_Categories_page_1[0m [36mentity[0m=[35mSales_by_Categories[0m [36mexecution_time_seconds[0m=[35m0.69[0m [36mhas_next_page[0m=[35mFalse[0m [36mrecords_fetched[0m=[35m77[0m [36mworker_id[0m=[35mworker_0[0m
2025-09-24 10:35:58,747 - workers.proxy_pool - INFO - _worker_loop:460 - [2m2025-09-24T05:05:58.747156Z[0m [[32m[1minfo     [0m] [1m📋 Worker picked up command from queue[0m [[0m[1m[34mworkers.proxy_pool[0m][0m [36mcommand_id[0m=[35mCustomer_and_Suppliers_by_Cities_page_1[0m [36mentity[0m=[35mCustomer_and_Suppliers_by_Cities[0m [36mqueue_size_after_pickup[0m=[35m23[0m [36mworker_id[0m=[35mworker_0[0m [36mworker_status[0m=[35mPROCESSING[0m
2025-09-24 10:35:58,748 - workers.proxy_pool - INFO - execute:59 - [2m2025-09-24T05:05:58.748280Z[0m [[32m[1minfo     [0m] [1m🚀 Worker starting command execution[0m [[0m[1m[34mworkers.proxy_pool[0m][0m [36mcommand_id[0m=[35mCustomer_and_Suppliers_by_Cities_page_1[0m [36mcommand_type[0m=[35mfetch_page[0m [36mentity[0m=[35mCustomer_and_Suppliers_by_Cities[0m [36mpriority[0m=[35m1[0m [36mretry_count[0m=[35m0[0m [36mskip[0m=[35m0[0m [36mtop[0m=[35m1500[0m [36mworker_id[0m=[35mworker_0[0m
2025-09-24 10:35:58,750 - workers.proxy_pool - INFO - execute:82 - [2m2025-09-24T05:05:58.750120Z[0m [[32m[1minfo     [0m] [1m🔄 Worker executing request with resilience patterns[0m [[0m[1m[34mworkers.proxy_pool[0m][0m [36mcircuit_breaker_state[0m=[35mclosed[0m [36mcommand_id[0m=[35mCustomer_and_Suppliers_by_Cities_page_1[0m [36mworker_id[0m=[35mworker_0[0m
2025-09-24 10:35:58,750 - planning.record_tracker - INFO - calculate_optimal_batch_size:206 - [2m2025-09-24T05:05:58.750818Z[0m [[32m[1minfo     [0m] [1mAdjusted batch size to prevent overfetching[0m [[0m[1m[34mplanning.record_tracker[0m][0m [36mdefault_size[0m=[35m1500[0m [36mentity[0m=[35mCustomer_and_Suppliers_by_Cities[0m [36moptimal_size[0m=[35m120[0m [36mremaining_records[0m=[35m120[0m
2025-09-24 10:35:58,751 - workers.proxy_pool - INFO - _make_http_request:177 - [2m2025-09-24T05:05:58.751897Z[0m [[32m[1minfo     [0m] [1m📏 Adjusted batch size for optimal fetching[0m [[0m[1m[34mworkers.proxy_pool[0m][0m [36mcommand_id[0m=[35mCustomer_and_Suppliers_by_Cities_page_1[0m [36mentity[0m=[35mCustomer_and_Suppliers_by_Cities[0m [36moptimal_top[0m=[35m120[0m [36moriginal_top[0m=[35m1500[0m [36mworker_id[0m=[35mworker_0[0m
2025-09-24 10:35:58,754 - httpcore.http11 - DEBUG - atrace:87 - send_request_headers.complete
2025-09-24 10:35:58,754 - httpcore.http11 - DEBUG - atrace:87 - send_request_body.started request=<Request [b'GET']>
2025-09-24 10:35:58,754 - httpcore.http11 - DEBUG - atrace:87 - send_request_body.complete
2025-09-24 10:35:58,755 - httpcore.http11 - DEBUG - atrace:87 - receive_response_headers.started request=<Request [b'GET']>
2025-09-24 10:35:58,755 - httpcore.http11 - DEBUG - atrace:87 - send_request_headers.started request=<Request [b'GET']>
2025-09-24 10:35:58,760 - storage.transformer - INFO - transform_odata_response:62 - [2m2025-09-24T05:05:58.760139Z[0m [[32m[1minfo     [0m] [1mStarting transformation       [0m [[0m[1m[34mstorage.transformer[0m][0m [36mentity_name[0m=[35mSales_by_Categories[0m [36mresponse_keys[0m=[35m['@odata.context', 'value'][0m
2025-09-24 10:35:58,766 - storage.transformer - INFO - transform_odata_response:101 - [2m2025-09-24T05:05:58.766159Z[0m [[32m[1minfo     [0m] [1mTransformation completed      [0m [[0m[1m[34mstorage.transformer[0m][0m [36mentity_name[0m=[35mSales_by_Categories[0m [36minput_records[0m=[35m77[0m [36moutput_records[0m=[35m77[0m [36mtransformation_time_seconds[0m=[35m0.0[0m
2025-09-24 10:35:58,767 - storage.local_storage - INFO - store_processed_records:145 - [2m2025-09-24T05:05:58.767468Z[0m [[32m[1minfo     [0m] [1mStoring processed records     [0m [[0m[1m[34mstorage.local_storage[0m][0m [36mentity_name[0m=[35mSales_by_Categories[0m [36mformat[0m=[35mjson[0m [36mrecord_count[0m=[35m77[0m
2025-09-24 10:35:58,779 - storage.local_storage - INFO - store_processed_records:160 - [2m2025-09-24T05:05:58.779815Z[0m [[32m[1minfo     [0m] [1mSuccessfully stored processed records[0m [[0m[1m[34mstorage.local_storage[0m][0m [36mentity_name[0m=[35mSales_by_Categories[0m [36mfile_path[0m=[35m./test_output/processed\Sales_by_Categories_20250924_050558.json[0m [36mrecord_count[0m=[35m77[0m [36mstorage_time_seconds[0m=[35m0.016[0m
2025-09-24 10:35:58,794 - storage.local_storage - INFO - store_raw_response:89 - [2m2025-09-24T05:05:58.793984Z[0m [[32m[1minfo     [0m] [1mSuccessfully stored raw data  [0m [[0m[1m[34mstorage.local_storage[0m][0m [36mentity_name[0m=[35mSales_by_Categories[0m [36mfile_path[0m=[35m./test_output/raw\Sales_by_Categories\2025/09/24\05\Sales_by_Categories_page_1.json[0m [36msize_bytes[0m=[35m12298[0m [36mstorage_time_seconds[0m=[35m0.015[0m
2025-09-24 10:35:58,796 - httpcore.http11 - DEBUG - atrace:87 - send_request_headers.complete
2025-09-24 10:35:58,797 - httpcore.http11 - DEBUG - atrace:87 - send_request_body.started request=<Request [b'GET']>
2025-09-24 10:35:58,797 - httpcore.http11 - DEBUG - atrace:87 - send_request_body.complete
2025-09-24 10:35:58,797 - httpcore.http11 - DEBUG - atrace:87 - receive_response_headers.started request=<Request [b'GET']>
2025-09-24 10:35:58,797 - httpcore.http11 - DEBUG - atrace:87 - send_request_headers.started request=<Request [b'GET']>
2025-09-24 10:35:58,799 - httpcore.http11 - DEBUG - atrace:87 - send_request_headers.complete
2025-09-24 10:35:58,799 - httpcore.http11 - DEBUG - atrace:87 - send_request_body.started request=<Request [b'GET']>
2025-09-24 10:35:58,800 - httpcore.http11 - DEBUG - atrace:87 - send_request_body.complete
2025-09-24 10:35:58,800 - httpcore.http11 - DEBUG - atrace:87 - receive_response_headers.started request=<Request [b'GET']>
2025-09-24 10:35:59,043 - httpcore.http11 - DEBUG - atrace:87 - receive_response_headers.complete return_value=(b'HTTP/1.1', 200, b'OK', [(b'Content-Type', b'application/json;odata.metadata=minimal;odata.streaming=true;IEEE754Compatible=false;charset=utf-8'), (b'Date', b'Wed, 24 Sep 2025 05:05:59 GMT'), (b'Server', b'Microsoft-IIS/10.0'), (b'Access-Control-Allow-Headers', b'Accept, Origin, Content-Type, MaxDataServiceVersion'), (b'Access-Control-Allow-Methods', b'GET'), (b'Access-Control-Allow-Origin', b'*'), (b'Access-Control-Expose-Headers', b'DataServiceVersion'), (b'Cache-Control', b'private'), (b'Content-Encoding', b'gzip'), (b'Expires', b'Wed, 24 Sep 2025 05:06:59 GMT'), (b'Transfer-Encoding', b'chunked'), (b'Vary', b'*'), (b'X-Content-Type-Options', b'nosniff'), (b'OData-Version', b'4.0;'), (b'X-AspNet-Version', b'4.0.30319'), (b'X-Powered-By', b'ASP.NET')])
2025-09-24 10:35:59,044 - httpx - INFO - _send_single_request:1740 - HTTP Request: GET https://services.odata.org/V4/Northwind/Northwind.svc/Employees?%24skip=0&%24top=9 "HTTP/1.1 200 OK"
2025-09-24 10:35:59,046 - httpcore.http11 - DEBUG - atrace:87 - receive_response_body.started request=<Request [b'GET']>
2025-09-24 10:35:59,130 - httpcore.http11 - DEBUG - atrace:87 - receive_response_headers.complete return_value=(b'HTTP/1.1', 200, b'OK', [(b'Content-Length', b'4164'), (b'Content-Type', b'application/json;odata.metadata=minimal;odata.streaming=true;IEEE754Compatible=false;charset=utf-8'), (b'Date', b'Wed, 24 Sep 2025 05:05:59 GMT'), (b'Server', b'Microsoft-IIS/10.0'), (b'Access-Control-Allow-Headers', b'Accept, Origin, Content-Type, MaxDataServiceVersion'), (b'Access-Control-Allow-Methods', b'GET'), (b'Access-Control-Allow-Origin', b'*'), (b'Access-Control-Expose-Headers', b'DataServiceVersion'), (b'Cache-Control', b'private'), (b'Content-Encoding', b'gzip'), (b'Expires', b'Wed, 24 Sep 2025 05:06:59 GMT'), (b'Vary', b'*'), (b'X-Content-Type-Options', b'nosniff'), (b'OData-Version', b'4.0;'), (b'X-AspNet-Version', b'4.0.30319'), (b'X-Powered-By', b'ASP.NET')])
2025-09-24 10:35:59,131 - httpx - INFO - _send_single_request:1740 - HTTP Request: GET https://services.odata.org/V4/Northwind/Northwind.svc/Customer_and_Suppliers_by_Cities?%24skip=0&%24top=120 "HTTP/1.1 200 OK"
2025-09-24 10:35:59,133 - httpcore.http11 - DEBUG - atrace:87 - receive_response_body.started request=<Request [b'GET']>
2025-09-24 10:35:59,134 - httpcore.http11 - DEBUG - atrace:87 - receive_response_body.complete
2025-09-24 10:35:59,134 - httpcore.http11 - DEBUG - atrace:87 - response_closed.started
2025-09-24 10:35:59,134 - httpcore.http11 - DEBUG - atrace:87 - response_closed.complete
2025-09-24 10:35:59,135 - workers.proxy_pool - INFO - _make_http_request:250 - [2m2025-09-24T05:05:59.135780Z[0m [[32m[1minfo     [0m] [1m📊 Worker successfully fetched data[0m [[0m[1m[34mworkers.proxy_pool[0m][0m [36mactual_records_added[0m=[35m100[0m [36mcommand_id[0m=[35mCustomer_and_Suppliers_by_Cities_page_1[0m [36mentity[0m=[35mCustomer_and_Suppliers_by_Cities[0m [36mentity_total_fetched[0m=[35m100[0m [36mglobal_total_fetched[0m=[35m280[0m [36mhas_next_page[0m=[35mTrue[0m [36mrecords_in_response[0m=[35m100[0m [36mworker_id[0m=[35mworker_0[0m
2025-09-24 10:35:59,137 - workers.proxy_pool - INFO - execute:110 - [2m2025-09-24T05:05:59.136774Z[0m [[32m[1minfo     [0m] [1m✅ Worker completed command successfully[0m [[0m[1m[34mworkers.proxy_pool[0m][0m [36mcommand_id[0m=[35mCustomer_and_Suppliers_by_Cities_page_1[0m [36mentity[0m=[35mCustomer_and_Suppliers_by_Cities[0m [36mexecution_time_seconds[0m=[35m0.39[0m [36mhas_next_page[0m=[35mTrue[0m [36mrecords_fetched[0m=[35m100[0m [36mworker_id[0m=[35mworker_0[0m
2025-09-24 10:35:59,147 - workers.proxy_pool - INFO - _worker_loop:460 - [2m2025-09-24T05:05:59.146789Z[0m [[32m[1minfo     [0m] [1m📋 Worker picked up command from queue[0m [[0m[1m[34mworkers.proxy_pool[0m][0m [36mcommand_id[0m=[35mAlphabetical_list_of_products_page_1[0m [36mentity[0m=[35mAlphabetical_list_of_products[0m [36mqueue_size_after_pickup[0m=[35m22[0m [36mworker_id[0m=[35mworker_0[0m [36mworker_status[0m=[35mPROCESSING[0m
2025-09-24 10:35:59,149 - workers.proxy_pool - INFO - execute:59 - [2m2025-09-24T05:05:59.149796Z[0m [[32m[1minfo     [0m] [1m🚀 Worker starting command execution[0m [[0m[1m[34mworkers.proxy_pool[0m][0m [36mcommand_id[0m=[35mAlphabetical_list_of_products_page_1[0m [36mcommand_type[0m=[35mfetch_page[0m [36mentity[0m=[35mAlphabetical_list_of_products[0m [36mpriority[0m=[35m1[0m [36mretry_count[0m=[35m0[0m [36mskip[0m=[35m0[0m [36mtop[0m=[35m1500[0m [36mworker_id[0m=[35mworker_0[0m
2025-09-24 10:35:59,151 - workers.proxy_pool - INFO - execute:82 - [2m2025-09-24T05:05:59.151793Z[0m [[32m[1minfo     [0m] [1m🔄 Worker executing request with resilience patterns[0m [[0m[1m[34mworkers.proxy_pool[0m][0m [36mcircuit_breaker_state[0m=[35mclosed[0m [36mcommand_id[0m=[35mAlphabetical_list_of_products_page_1[0m [36mworker_id[0m=[35mworker_0[0m
2025-09-24 10:35:59,161 - planning.record_tracker - INFO - calculate_optimal_batch_size:206 - [2m2025-09-24T05:05:59.161940Z[0m [[32m[1minfo     [0m] [1mAdjusted batch size to prevent overfetching[0m [[0m[1m[34mplanning.record_tracker[0m][0m [36mdefault_size[0m=[35m1500[0m [36mentity[0m=[35mAlphabetical_list_of_products[0m [36moptimal_size[0m=[35m69[0m [36mremaining_records[0m=[35m69[0m
2025-09-24 10:35:59,164 - workers.proxy_pool - INFO - _make_http_request:177 - [2m2025-09-24T05:05:59.164939Z[0m [[32m[1minfo     [0m] [1m📏 Adjusted batch size for optimal fetching[0m [[0m[1m[34mworkers.proxy_pool[0m][0m [36mcommand_id[0m=[35mAlphabetical_list_of_products_page_1[0m [36mentity[0m=[35mAlphabetical_list_of_products[0m [36moptimal_top[0m=[35m69[0m [36moriginal_top[0m=[35m1500[0m [36mworker_id[0m=[35mworker_0[0m
2025-09-24 10:35:59,167 - storage.transformer - INFO - transform_odata_response:62 - [2m2025-09-24T05:05:59.166941Z[0m [[32m[1minfo     [0m] [1mStarting transformation       [0m [[0m[1m[34mstorage.transformer[0m][0m [36mentity_name[0m=[35mCustomer_and_Suppliers_by_Cities[0m [36mresponse_keys[0m=[35m['@odata.context', 'value', '@odata.nextLink'][0m
2025-09-24 10:35:59,172 - storage.transformer - INFO - transform_odata_response:101 - [2m2025-09-24T05:05:59.172486Z[0m [[32m[1minfo     [0m] [1mTransformation completed      [0m [[0m[1m[34mstorage.transformer[0m][0m [36mentity_name[0m=[35mCustomer_and_Suppliers_by_Cities[0m [36minput_records[0m=[35m100[0m [36moutput_records[0m=[35m100[0m [36mtransformation_time_seconds[0m=[35m0.0[0m
2025-09-24 10:35:59,174 - storage.local_storage - INFO - store_processed_records:145 - [2m2025-09-24T05:05:59.174477Z[0m [[32m[1minfo     [0m] [1mStoring processed records     [0m [[0m[1m[34mstorage.local_storage[0m][0m [36mentity_name[0m=[35mCustomer_and_Suppliers_by_Cities[0m [36mformat[0m=[35mjson[0m [36mrecord_count[0m=[35m100[0m
2025-09-24 10:35:59,182 - storage.local_storage - INFO - store_processed_records:160 - [2m2025-09-24T05:05:59.182573Z[0m [[32m[1minfo     [0m] [1mSuccessfully stored processed records[0m [[0m[1m[34mstorage.local_storage[0m][0m [36mentity_name[0m=[35mCustomer_and_Suppliers_by_Cities[0m [36mfile_path[0m=[35m./test_output/processed\Customer_and_Suppliers_by_Cities_20250924_050559.json[0m [36mrecord_count[0m=[35m100[0m [36mstorage_time_seconds[0m=[35m0.016[0m
2025-09-24 10:35:59,203 - storage.local_storage - INFO - store_raw_response:89 - [2m2025-09-24T05:05:59.203306Z[0m [[32m[1minfo     [0m] [1mSuccessfully stored raw data  [0m [[0m[1m[34mstorage.local_storage[0m][0m [36mentity_name[0m=[35mCustomer_and_Suppliers_by_Cities[0m [36mfile_path[0m=[35m./test_output/raw\Customer_and_Suppliers_by_Cities\2025/09/24\05\Customer_and_Suppliers_by_Cities_page_1.json[0m [36msize_bytes[0m=[35m17326[0m [36mstorage_time_seconds[0m=[35m0.016[0m
2025-09-24 10:35:59,207 - httpcore.http11 - DEBUG - atrace:87 - send_request_headers.started request=<Request [b'GET']>
2025-09-24 10:35:59,210 - httpcore.http11 - DEBUG - atrace:87 - send_request_headers.complete
2025-09-24 10:35:59,211 - httpcore.http11 - DEBUG - atrace:87 - send_request_body.started request=<Request [b'GET']>
2025-09-24 10:35:59,211 - httpcore.http11 - DEBUG - atrace:87 - send_request_body.complete
2025-09-24 10:35:59,211 - httpcore.http11 - DEBUG - atrace:87 - receive_response_headers.started request=<Request [b'GET']>
2025-09-24 10:35:59,561 - httpcore.http11 - DEBUG - atrace:87 - receive_response_headers.complete return_value=(b'HTTP/1.1', 200, b'OK', [(b'Content-Length', b'3863'), (b'Content-Type', b'application/json;odata.metadata=minimal;odata.streaming=true;IEEE754Compatible=false;charset=utf-8'), (b'Date', b'Wed, 24 Sep 2025 05:05:59 GMT'), (b'Server', b'Microsoft-IIS/10.0'), (b'Access-Control-Allow-Headers', b'Accept, Origin, Content-Type, MaxDataServiceVersion'), (b'Access-Control-Allow-Methods', b'GET'), (b'Access-Control-Allow-Origin', b'*'), (b'Access-Control-Expose-Headers', b'DataServiceVersion'), (b'Cache-Control', b'private'), (b'Content-Encoding', b'gzip'), (b'Expires', b'Wed, 24 Sep 2025 05:06:59 GMT'), (b'Vary', b'*'), (b'X-Content-Type-Options', b'nosniff'), (b'OData-Version', b'4.0;'), (b'X-AspNet-Version', b'4.0.30319'), (b'X-Powered-By', b'ASP.NET')])
2025-09-24 10:35:59,562 - httpx - INFO - _send_single_request:1740 - HTTP Request: GET https://services.odata.org/V4/Northwind/Northwind.svc/Alphabetical_list_of_products?%24skip=0&%24top=69 "HTTP/1.1 200 OK"
2025-09-24 10:35:59,563 - httpcore.http11 - DEBUG - atrace:87 - receive_response_body.started request=<Request [b'GET']>
2025-09-24 10:35:59,563 - httpcore.http11 - DEBUG - atrace:87 - receive_response_body.complete
2025-09-24 10:35:59,564 - httpcore.http11 - DEBUG - atrace:87 - response_closed.started
2025-09-24 10:35:59,564 - httpcore.http11 - DEBUG - atrace:87 - response_closed.complete
2025-09-24 10:35:59,565 - planning.record_tracker - INFO - add_page_records:38 - [2m2025-09-24T05:05:59.564230Z[0m [[32m[1minfo     [0m] [1m✅ Entity record fetching complete[0m [[0m[1m[34mplanning.record_tracker[0m][0m [36mentity[0m=[35mAlphabetical_list_of_products[0m [36mfetched[0m=[35m69[0m [36mtarget[0m=[35m69[0m
2025-09-24 10:35:59,566 - workers.proxy_pool - INFO - _make_http_request:243 - [2m2025-09-24T05:05:59.565228Z[0m [[32m[1minfo     [0m] [1m🎯 Stopping pagination due to record limits[0m [[0m[1m[34mworkers.proxy_pool[0m][0m [36mcommand_id[0m=[35mAlphabetical_list_of_products_page_1[0m [36mentity[0m=[35mAlphabetical_list_of_products[0m [36mentity_complete[0m=[35mTrue[0m [36mglobal_limit_reached[0m=[35mNone[0m [36mworker_id[0m=[35mworker_0[0m
2025-09-24 10:35:59,566 - workers.proxy_pool - INFO - _make_http_request:250 - [2m2025-09-24T05:05:59.566727Z[0m [[32m[1minfo     [0m] [1m📊 Worker successfully fetched data[0m [[0m[1m[34mworkers.proxy_pool[0m][0m [36mactual_records_added[0m=[35m69[0m [36mcommand_id[0m=[35mAlphabetical_list_of_products_page_1[0m [36mentity[0m=[35mAlphabetical_list_of_products[0m [36mentity_total_fetched[0m=[35m69[0m [36mglobal_total_fetched[0m=[35m349[0m [36mhas_next_page[0m=[35mFalse[0m [36mrecords_in_response[0m=[35m69[0m [36mworker_id[0m=[35mworker_0[0m
2025-09-24 10:35:59,567 - workers.proxy_pool - INFO - execute:110 - [2m2025-09-24T05:05:59.567739Z[0m [[32m[1minfo     [0m] [1m✅ Worker completed command successfully[0m [[0m[1m[34mworkers.proxy_pool[0m][0m [36mcommand_id[0m=[35mAlphabetical_list_of_products_page_1[0m [36mentity[0m=[35mAlphabetical_list_of_products[0m [36mexecution_time_seconds[0m=[35m0.41[0m [36mhas_next_page[0m=[35mFalse[0m [36mrecords_fetched[0m=[35m69[0m [36mworker_id[0m=[35mworker_0[0m
2025-09-24 10:35:59,568 - workers.proxy_pool - INFO - _worker_loop:460 - [2m2025-09-24T05:05:59.568740Z[0m [[32m[1minfo     [0m] [1m📋 Worker picked up command from queue[0m [[0m[1m[34mworkers.proxy_pool[0m][0m [36mcommand_id[0m=[35mRegions_page_1[0m [36mentity[0m=[35mRegions[0m [36mqueue_size_after_pickup[0m=[35m22[0m [36mworker_id[0m=[35mworker_0[0m [36mworker_status[0m=[35mPROCESSING[0m
2025-09-24 10:35:59,569 - workers.proxy_pool - INFO - execute:59 - [2m2025-09-24T05:05:59.568740Z[0m [[32m[1minfo     [0m] [1m🚀 Worker starting command execution[0m [[0m[1m[34mworkers.proxy_pool[0m][0m [36mcommand_id[0m=[35mRegions_page_1[0m [36mcommand_type[0m=[35mfetch_page[0m [36mentity[0m=[35mRegions[0m [36mpriority[0m=[35m1[0m [36mretry_count[0m=[35m0[0m [36mskip[0m=[35m0[0m [36mtop[0m=[35m1500[0m [36mworker_id[0m=[35mworker_0[0m
2025-09-24 10:35:59,569 - workers.proxy_pool - INFO - execute:82 - [2m2025-09-24T05:05:59.569747Z[0m [[32m[1minfo     [0m] [1m🔄 Worker executing request with resilience patterns[0m [[0m[1m[34mworkers.proxy_pool[0m][0m [36mcircuit_breaker_state[0m=[35mclosed[0m [36mcommand_id[0m=[35mRegions_page_1[0m [36mworker_id[0m=[35mworker_0[0m
2025-09-24 10:35:59,570 - planning.record_tracker - INFO - calculate_optimal_batch_size:206 - [2m2025-09-24T05:05:59.570743Z[0m [[32m[1minfo     [0m] [1mAdjusted batch size to prevent overfetching[0m [[0m[1m[34mplanning.record_tracker[0m][0m [36mdefault_size[0m=[35m1500[0m [36mentity[0m=[35mRegions[0m [36moptimal_size[0m=[35m4[0m [36mremaining_records[0m=[35m4[0m
2025-09-24 10:35:59,570 - workers.proxy_pool - INFO - _make_http_request:177 - [2m2025-09-24T05:05:59.570743Z[0m [[32m[1minfo     [0m] [1m📏 Adjusted batch size for optimal fetching[0m [[0m[1m[34mworkers.proxy_pool[0m][0m [36mcommand_id[0m=[35mRegions_page_1[0m [36mentity[0m=[35mRegions[0m [36moptimal_top[0m=[35m4[0m [36moriginal_top[0m=[35m1500[0m [36mworker_id[0m=[35mworker_0[0m
2025-09-24 10:35:59,577 - storage.transformer - INFO - transform_odata_response:62 - [2m2025-09-24T05:05:59.576284Z[0m [[32m[1minfo     [0m] [1mStarting transformation       [0m [[0m[1m[34mstorage.transformer[0m][0m [36mentity_name[0m=[35mAlphabetical_list_of_products[0m [36mresponse_keys[0m=[35m['@odata.context', 'value'][0m
2025-09-24 10:35:59,582 - storage.transformer - INFO - transform_odata_response:101 - [2m2025-09-24T05:05:59.582297Z[0m [[32m[1minfo     [0m] [1mTransformation completed      [0m [[0m[1m[34mstorage.transformer[0m][0m [36mentity_name[0m=[35mAlphabetical_list_of_products[0m [36minput_records[0m=[35m69[0m [36moutput_records[0m=[35m69[0m [36mtransformation_time_seconds[0m=[35m0.0[0m
2025-09-24 10:35:59,583 - storage.local_storage - INFO - store_processed_records:145 - [2m2025-09-24T05:05:59.583816Z[0m [[32m[1minfo     [0m] [1mStoring processed records     [0m [[0m[1m[34mstorage.local_storage[0m][0m [36mentity_name[0m=[35mAlphabetical_list_of_products[0m [36mformat[0m=[35mjson[0m [36mrecord_count[0m=[35m69[0m
2025-09-24 10:35:59,587 - storage.local_storage - INFO - store_processed_records:160 - [2m2025-09-24T05:05:59.585896Z[0m [[32m[1minfo     [0m] [1mSuccessfully stored processed records[0m [[0m[1m[34mstorage.local_storage[0m][0m [36mentity_name[0m=[35mAlphabetical_list_of_products[0m [36mfile_path[0m=[35m./test_output/processed\Alphabetical_list_of_products_20250924_050559.json[0m [36mrecord_count[0m=[35m69[0m [36mstorage_time_seconds[0m=[35m0.015[0m
2025-09-24 10:35:59,596 - storage.local_storage - INFO - store_raw_response:89 - [2m2025-09-24T05:05:59.596563Z[0m [[32m[1minfo     [0m] [1mSuccessfully stored raw data  [0m [[0m[1m[34mstorage.local_storage[0m][0m [36mentity_name[0m=[35mAlphabetical_list_of_products[0m [36mfile_path[0m=[35m./test_output/raw\Alphabetical_list_of_products\2025/09/24\05\Alphabetical_list_of_products_page_1.json[0m [36msize_bytes[0m=[35m25179[0m [36mstorage_time_seconds[0m=[35m0.0[0m
2025-09-24 10:35:59,598 - httpcore.http11 - DEBUG - atrace:87 - send_request_headers.started request=<Request [b'GET']>
2025-09-24 10:35:59,599 - httpcore.http11 - DEBUG - atrace:87 - send_request_headers.complete
2025-09-24 10:35:59,599 - httpcore.http11 - DEBUG - atrace:87 - send_request_body.started request=<Request [b'GET']>
2025-09-24 10:35:59,599 - httpcore.http11 - DEBUG - atrace:87 - send_request_body.complete
2025-09-24 10:35:59,599 - httpcore.http11 - DEBUG - atrace:87 - receive_response_headers.started request=<Request [b'GET']>
2025-09-24 10:35:59,903 - httpcore.http11 - DEBUG - atrace:87 - receive_response_body.complete
2025-09-24 10:35:59,903 - httpcore.http11 - DEBUG - atrace:87 - response_closed.started
2025-09-24 10:35:59,903 - httpcore.http11 - DEBUG - atrace:87 - response_closed.complete
2025-09-24 10:35:59,904 - planning.record_tracker - INFO - add_page_records:38 - [2m2025-09-24T05:05:59.904555Z[0m [[32m[1minfo     [0m] [1m✅ Entity record fetching complete[0m [[0m[1m[34mplanning.record_tracker[0m][0m [36mentity[0m=[35mEmployees[0m [36mfetched[0m=[35m9[0m [36mtarget[0m=[35m9[0m
2025-09-24 10:35:59,905 - workers.proxy_pool - INFO - _make_http_request:243 - [2m2025-09-24T05:05:59.905554Z[0m [[32m[1minfo     [0m] [1m🎯 Stopping pagination due to record limits[0m [[0m[1m[34mworkers.proxy_pool[0m][0m [36mcommand_id[0m=[35mEmployees_page_1[0m [36mentity[0m=[35mEmployees[0m [36mentity_complete[0m=[35mTrue[0m [36mglobal_limit_reached[0m=[35mNone[0m [36mworker_id[0m=[35mworker_1[0m
2025-09-24 10:35:59,906 - workers.proxy_pool - INFO - _make_http_request:250 - [2m2025-09-24T05:05:59.905554Z[0m [[32m[1minfo     [0m] [1m📊 Worker successfully fetched data[0m [[0m[1m[34mworkers.proxy_pool[0m][0m [36mactual_records_added[0m=[35m9[0m [36mcommand_id[0m=[35mEmployees_page_1[0m [36mentity[0m=[35mEmployees[0m [36mentity_total_fetched[0m=[35m9[0m [36mglobal_total_fetched[0m=[35m358[0m [36mhas_next_page[0m=[35mFalse[0m [36mrecords_in_response[0m=[35m9[0m [36mworker_id[0m=[35mworker_1[0m
2025-09-24 10:35:59,908 - workers.proxy_pool - INFO - execute:110 - [2m2025-09-24T05:05:59.907558Z[0m [[32m[1minfo     [0m] [1m✅ Worker completed command successfully[0m [[0m[1m[34mworkers.proxy_pool[0m][0m [36mcommand_id[0m=[35mEmployees_page_1[0m [36mentity[0m=[35mEmployees[0m [36mexecution_time_seconds[0m=[35m3.33[0m [36mhas_next_page[0m=[35mFalse[0m [36mrecords_fetched[0m=[35m9[0m [36mworker_id[0m=[35mworker_1[0m
2025-09-24 10:35:59,909 - workers.proxy_pool - INFO - _worker_loop:460 - [2m2025-09-24T05:05:59.908551Z[0m [[32m[1minfo     [0m] [1m📋 Worker picked up command from queue[0m [[0m[1m[34mworkers.proxy_pool[0m][0m [36mcommand_id[0m=[35mProducts_page_1[0m [36mentity[0m=[35mProducts[0m [36mqueue_size_after_pickup[0m=[35m21[0m [36mworker_id[0m=[35mworker_1[0m [36mworker_status[0m=[35mPROCESSING[0m
2025-09-24 10:35:59,909 - workers.proxy_pool - INFO - execute:59 - [2m2025-09-24T05:05:59.909553Z[0m [[32m[1minfo     [0m] [1m🚀 Worker starting command execution[0m [[0m[1m[34mworkers.proxy_pool[0m][0m [36mcommand_id[0m=[35mProducts_page_1[0m [36mcommand_type[0m=[35mfetch_page[0m [36mentity[0m=[35mProducts[0m [36mpriority[0m=[35m1[0m [36mretry_count[0m=[35m0[0m [36mskip[0m=[35m0[0m [36mtop[0m=[35m1500[0m [36mworker_id[0m=[35mworker_1[0m
2025-09-24 10:35:59,910 - workers.proxy_pool - INFO - execute:82 - [2m2025-09-24T05:05:59.910556Z[0m [[32m[1minfo     [0m] [1m🔄 Worker executing request with resilience patterns[0m [[0m[1m[34mworkers.proxy_pool[0m][0m [36mcircuit_breaker_state[0m=[35mclosed[0m [36mcommand_id[0m=[35mProducts_page_1[0m [36mworker_id[0m=[35mworker_1[0m
2025-09-24 10:35:59,910 - planning.record_tracker - INFO - calculate_optimal_batch_size:206 - [2m2025-09-24T05:05:59.910556Z[0m [[32m[1minfo     [0m] [1mAdjusted batch size to prevent overfetching[0m [[0m[1m[34mplanning.record_tracker[0m][0m [36mdefault_size[0m=[35m1500[0m [36mentity[0m=[35mProducts[0m [36moptimal_size[0m=[35m77[0m [36mremaining_records[0m=[35m77[0m
2025-09-24 10:35:59,911 - workers.proxy_pool - INFO - _make_http_request:177 - [2m2025-09-24T05:05:59.911555Z[0m [[32m[1minfo     [0m] [1m📏 Adjusted batch size for optimal fetching[0m [[0m[1m[34mworkers.proxy_pool[0m][0m [36mcommand_id[0m=[35mProducts_page_1[0m [36mentity[0m=[35mProducts[0m [36moptimal_top[0m=[35m77[0m [36moriginal_top[0m=[35m1500[0m [36mworker_id[0m=[35mworker_1[0m
2025-09-24 10:35:59,913 - storage.transformer - INFO - transform_odata_response:62 - [2m2025-09-24T05:05:59.913535Z[0m [[32m[1minfo     [0m] [1mStarting transformation       [0m [[0m[1m[34mstorage.transformer[0m][0m [36mentity_name[0m=[35mEmployees[0m [36mresponse_keys[0m=[35m['@odata.context', 'value'][0m
2025-09-24 10:35:59,914 - storage.transformer - INFO - transform_odata_response:101 - [2m2025-09-24T05:05:59.914798Z[0m [[32m[1minfo     [0m] [1mTransformation completed      [0m [[0m[1m[34mstorage.transformer[0m][0m [36mentity_name[0m=[35mEmployees[0m [36minput_records[0m=[35m9[0m [36moutput_records[0m=[35m9[0m [36mtransformation_time_seconds[0m=[35m0.015[0m
2025-09-24 10:35:59,916 - storage.local_storage - INFO - store_processed_records:145 - [2m2025-09-24T05:05:59.916335Z[0m [[32m[1minfo     [0m] [1mStoring processed records     [0m [[0m[1m[34mstorage.local_storage[0m][0m [36mentity_name[0m=[35mEmployees[0m [36mformat[0m=[35mjson[0m [36mrecord_count[0m=[35m9[0m
2025-09-24 10:35:59,919 - storage.local_storage - INFO - store_processed_records:160 - [2m2025-09-24T05:05:59.919366Z[0m [[32m[1minfo     [0m] [1mSuccessfully stored processed records[0m [[0m[1m[34mstorage.local_storage[0m][0m [36mentity_name[0m=[35mEmployees[0m [36mfile_path[0m=[35m./test_output/processed\Employees_20250924_050559.json[0m [36mrecord_count[0m=[35m9[0m [36mstorage_time_seconds[0m=[35m0.0[0m
2025-09-24 10:35:59,925 - storage.local_storage - INFO - store_raw_response:89 - [2m2025-09-24T05:05:59.925510Z[0m [[32m[1minfo     [0m] [1mSuccessfully stored raw data  [0m [[0m[1m[34mstorage.local_storage[0m][0m [36mentity_name[0m=[35mEmployees[0m [36mfile_path[0m=[35m./test_output/raw\Employees\2025/09/24\05\Employees_page_1.json[0m [36msize_bytes[0m=[35m268167[0m [36mstorage_time_seconds[0m=[35m0.0[0m
2025-09-24 10:35:59,926 - httpcore.http11 - DEBUG - atrace:87 - send_request_headers.started request=<Request [b'GET']>
2025-09-24 10:35:59,927 - httpcore.http11 - DEBUG - atrace:87 - send_request_headers.complete
2025-09-24 10:35:59,927 - httpcore.http11 - DEBUG - atrace:87 - send_request_body.started request=<Request [b'GET']>
2025-09-24 10:35:59,927 - httpcore.http11 - DEBUG - atrace:87 - send_request_body.complete
2025-09-24 10:35:59,927 - httpcore.http11 - DEBUG - atrace:87 - receive_response_headers.started request=<Request [b'GET']>
2025-09-24 10:35:59,928 - httpcore.http11 - DEBUG - atrace:87 - receive_response_headers.complete return_value=(b'HTTP/1.1', 200, b'OK', [(b'Content-Length', b'267'), (b'Content-Type', b'application/json;odata.metadata=minimal;odata.streaming=true;IEEE754Compatible=false;charset=utf-8'), (b'Date', b'Wed, 24 Sep 2025 05:05:59 GMT'), (b'Server', b'Microsoft-IIS/10.0'), (b'Access-Control-Allow-Headers', b'Accept, Origin, Content-Type, MaxDataServiceVersion'), (b'Access-Control-Allow-Methods', b'GET'), (b'Access-Control-Allow-Origin', b'*'), (b'Access-Control-Expose-Headers', b'DataServiceVersion'), (b'Cache-Control', b'private'), (b'Content-Encoding', b'gzip'), (b'Expires', b'Wed, 24 Sep 2025 05:07:00 GMT'), (b'Vary', b'*'), (b'X-Content-Type-Options', b'nosniff'), (b'OData-Version', b'4.0;'), (b'X-AspNet-Version', b'4.0.30319'), (b'X-Powered-By', b'ASP.NET')])
2025-09-24 10:35:59,928 - httpx - INFO - _send_single_request:1740 - HTTP Request: GET https://services.odata.org/V4/Northwind/Northwind.svc/Regions?%24skip=0&%24top=4 "HTTP/1.1 200 OK"
2025-09-24 10:35:59,929 - httpcore.http11 - DEBUG - atrace:87 - receive_response_body.started request=<Request [b'GET']>
2025-09-24 10:35:59,930 - httpcore.http11 - DEBUG - atrace:87 - receive_response_body.complete
2025-09-24 10:35:59,930 - httpcore.http11 - DEBUG - atrace:87 - response_closed.started
2025-09-24 10:35:59,931 - httpcore.http11 - DEBUG - atrace:87 - response_closed.complete
2025-09-24 10:35:59,932 - planning.record_tracker - INFO - add_page_records:38 - [2m2025-09-24T05:05:59.931629Z[0m [[32m[1minfo     [0m] [1m✅ Entity record fetching complete[0m [[0m[1m[34mplanning.record_tracker[0m][0m [36mentity[0m=[35mRegions[0m [36mfetched[0m=[35m4[0m [36mtarget[0m=[35m4[0m
2025-09-24 10:35:59,932 - workers.proxy_pool - INFO - _make_http_request:243 - [2m2025-09-24T05:05:59.932621Z[0m [[32m[1minfo     [0m] [1m🎯 Stopping pagination due to record limits[0m [[0m[1m[34mworkers.proxy_pool[0m][0m [36mcommand_id[0m=[35mRegions_page_1[0m [36mentity[0m=[35mRegions[0m [36mentity_complete[0m=[35mTrue[0m [36mglobal_limit_reached[0m=[35mNone[0m [36mworker_id[0m=[35mworker_0[0m
2025-09-24 10:35:59,934 - workers.proxy_pool - INFO - _make_http_request:250 - [2m2025-09-24T05:05:59.934649Z[0m [[32m[1minfo     [0m] [1m📊 Worker successfully fetched data[0m [[0m[1m[34mworkers.proxy_pool[0m][0m [36mactual_records_added[0m=[35m4[0m [36mcommand_id[0m=[35mRegions_page_1[0m [36mentity[0m=[35mRegions[0m [36mentity_total_fetched[0m=[35m4[0m [36mglobal_total_fetched[0m=[35m362[0m [36mhas_next_page[0m=[35mFalse[0m [36mrecords_in_response[0m=[35m4[0m [36mworker_id[0m=[35mworker_0[0m
2025-09-24 10:35:59,936 - workers.proxy_pool - INFO - execute:110 - [2m2025-09-24T05:05:59.936179Z[0m [[32m[1minfo     [0m] [1m✅ Worker completed command successfully[0m [[0m[1m[34mworkers.proxy_pool[0m][0m [36mcommand_id[0m=[35mRegions_page_1[0m [36mentity[0m=[35mRegions[0m [36mexecution_time_seconds[0m=[35m0.38[0m [36mhas_next_page[0m=[35mFalse[0m [36mrecords_fetched[0m=[35m4[0m [36mworker_id[0m=[35mworker_0[0m
2025-09-24 10:35:59,937 - workers.proxy_pool - INFO - _worker_loop:460 - [2m2025-09-24T05:05:59.937455Z[0m [[32m[1minfo     [0m] [1m📋 Worker picked up command from queue[0m [[0m[1m[34mworkers.proxy_pool[0m][0m [36mcommand_id[0m=[35mOrders_page_1[0m [36mentity[0m=[35mOrders[0m [36mqueue_size_after_pickup[0m=[35m20[0m [36mworker_id[0m=[35mworker_0[0m [36mworker_status[0m=[35mPROCESSING[0m
2025-09-24 10:35:59,938 - workers.proxy_pool - INFO - execute:59 - [2m2025-09-24T05:05:59.938018Z[0m [[32m[1minfo     [0m] [1m🚀 Worker starting command execution[0m [[0m[1m[34mworkers.proxy_pool[0m][0m [36mcommand_id[0m=[35mOrders_page_1[0m [36mcommand_type[0m=[35mfetch_page[0m [36mentity[0m=[35mOrders[0m [36mpriority[0m=[35m1[0m [36mretry_count[0m=[35m0[0m [36mskip[0m=[35m0[0m [36mtop[0m=[35m1500[0m [36mworker_id[0m=[35mworker_0[0m
2025-09-24 10:35:59,939 - workers.proxy_pool - INFO - execute:82 - [2m2025-09-24T05:05:59.939032Z[0m [[32m[1minfo     [0m] [1m🔄 Worker executing request with resilience patterns[0m [[0m[1m[34mworkers.proxy_pool[0m][0m [36mcircuit_breaker_state[0m=[35mclosed[0m [36mcommand_id[0m=[35mOrders_page_1[0m [36mworker_id[0m=[35mworker_0[0m
2025-09-24 10:35:59,939 - planning.record_tracker - INFO - calculate_optimal_batch_size:206 - [2m2025-09-24T05:05:59.939032Z[0m [[32m[1minfo     [0m] [1mAdjusted batch size to prevent overfetching[0m [[0m[1m[34mplanning.record_tracker[0m][0m [36mdefault_size[0m=[35m1500[0m [36mentity[0m=[35mOrders[0m [36moptimal_size[0m=[35m830[0m [36mremaining_records[0m=[35m830[0m
2025-09-24 10:35:59,940 - workers.proxy_pool - INFO - _make_http_request:177 - [2m2025-09-24T05:05:59.940060Z[0m [[32m[1minfo     [0m] [1m📏 Adjusted batch size for optimal fetching[0m [[0m[1m[34mworkers.proxy_pool[0m][0m [36mcommand_id[0m=[35mOrders_page_1[0m [36mentity[0m=[35mOrders[0m [36moptimal_top[0m=[35m830[0m [36moriginal_top[0m=[35m1500[0m [36mworker_id[0m=[35mworker_0[0m
2025-09-24 10:35:59,942 - storage.transformer - INFO - transform_odata_response:62 - [2m2025-09-24T05:05:59.941583Z[0m [[32m[1minfo     [0m] [1mStarting transformation       [0m [[0m[1m[34mstorage.transformer[0m][0m [36mentity_name[0m=[35mRegions[0m [36mresponse_keys[0m=[35m['@odata.context', 'value'][0m
2025-09-24 10:35:59,942 - storage.transformer - INFO - transform_odata_response:101 - [2m2025-09-24T05:05:59.942598Z[0m [[32m[1minfo     [0m] [1mTransformation completed      [0m [[0m[1m[34mstorage.transformer[0m][0m [36mentity_name[0m=[35mRegions[0m [36minput_records[0m=[35m4[0m [36moutput_records[0m=[35m4[0m [36mtransformation_time_seconds[0m=[35m0.0[0m
2025-09-24 10:35:59,944 - storage.local_storage - INFO - store_processed_records:145 - [2m2025-09-24T05:05:59.944425Z[0m [[32m[1minfo     [0m] [1mStoring processed records     [0m [[0m[1m[34mstorage.local_storage[0m][0m [36mentity_name[0m=[35mRegions[0m [36mformat[0m=[35mjson[0m [36mrecord_count[0m=[35m4[0m
2025-09-24 10:35:59,949 - storage.local_storage - INFO - store_processed_records:160 - [2m2025-09-24T05:05:59.948732Z[0m [[32m[1minfo     [0m] [1mSuccessfully stored processed records[0m [[0m[1m[34mstorage.local_storage[0m][0m [36mentity_name[0m=[35mRegions[0m [36mfile_path[0m=[35m./test_output/processed\Regions_20250924_050559.json[0m [36mrecord_count[0m=[35m4[0m [36mstorage_time_seconds[0m=[35m0.016[0m
2025-09-24 10:35:59,954 - storage.local_storage - INFO - store_raw_response:89 - [2m2025-09-24T05:05:59.954858Z[0m [[32m[1minfo     [0m] [1mSuccessfully stored raw data  [0m [[0m[1m[34mstorage.local_storage[0m][0m [36mentity_name[0m=[35mRegions[0m [36mfile_path[0m=[35m./test_output/raw\Regions\2025/09/24\05\Regions_page_1.json[0m [36msize_bytes[0m=[35m763[0m [36mstorage_time_seconds[0m=[35m0.0[0m
2025-09-24 10:35:59,955 - httpcore.http11 - DEBUG - atrace:87 - send_request_headers.started request=<Request [b'GET']>
2025-09-24 10:35:59,958 - httpcore.http11 - DEBUG - atrace:87 - send_request_headers.complete
2025-09-24 10:35:59,958 - httpcore.http11 - DEBUG - atrace:87 - send_request_body.started request=<Request [b'GET']>
2025-09-24 10:35:59,959 - httpcore.http11 - DEBUG - atrace:87 - send_request_body.complete
2025-09-24 10:35:59,959 - httpcore.http11 - DEBUG - atrace:87 - receive_response_headers.started request=<Request [b'GET']>
2025-09-24 10:36:00,195 - httpcore.http11 - DEBUG - atrace:87 - receive_response_headers.complete return_value=(b'HTTP/1.1', 200, b'OK', [(b'Content-Length', b'1594'), (b'Content-Type', b'application/json;odata.metadata=minimal;odata.streaming=true;IEEE754Compatible=false;charset=utf-8'), (b'Date', b'Wed, 24 Sep 2025 05:06:00 GMT'), (b'Server', b'Microsoft-IIS/10.0'), (b'Access-Control-Allow-Headers', b'Accept, Origin, Content-Type, MaxDataServiceVersion'), (b'Access-Control-Allow-Methods', b'GET'), (b'Access-Control-Allow-Origin', b'*'), (b'Access-Control-Expose-Headers', b'DataServiceVersion'), (b'Cache-Control', b'private'), (b'Content-Encoding', b'gzip'), (b'Expires', b'Wed, 24 Sep 2025 05:06:59 GMT'), (b'Vary', b'*'), (b'X-Content-Type-Options', b'nosniff'), (b'OData-Version', b'4.0;'), (b'X-AspNet-Version', b'4.0.30319'), (b'X-Powered-By', b'ASP.NET')])
2025-09-24 10:36:00,196 - httpx - INFO - _send_single_request:1740 - HTTP Request: GET https://services.odata.org/V4/Northwind/Northwind.svc/Summary_of_Sales_by_Years?%24skip=0&%24top=809 "HTTP/1.1 200 OK"
2025-09-24 10:36:00,198 - httpcore.http11 - DEBUG - atrace:87 - receive_response_body.started request=<Request [b'GET']>
2025-09-24 10:36:00,199 - httpcore.http11 - DEBUG - atrace:87 - receive_response_body.complete
2025-09-24 10:36:00,201 - httpcore.http11 - DEBUG - atrace:87 - response_closed.started
2025-09-24 10:36:00,201 - httpcore.http11 - DEBUG - atrace:87 - response_closed.complete
2025-09-24 10:36:00,202 - workers.proxy_pool - INFO - _make_http_request:250 - [2m2025-09-24T05:06:00.202923Z[0m [[32m[1minfo     [0m] [1m📊 Worker successfully fetched data[0m [[0m[1m[34mworkers.proxy_pool[0m][0m [36mactual_records_added[0m=[35m100[0m [36mcommand_id[0m=[35mSummary_of_Sales_by_Years_page_1[0m [36mentity[0m=[35mSummary_of_Sales_by_Years[0m [36mentity_total_fetched[0m=[35m100[0m [36mglobal_total_fetched[0m=[35m462[0m [36mhas_next_page[0m=[35mTrue[0m [36mrecords_in_response[0m=[35m100[0m [36mworker_id[0m=[35mworker_2[0m
2025-09-24 10:36:00,204 - workers.proxy_pool - INFO - execute:110 - [2m2025-09-24T05:06:00.204455Z[0m [[32m[1minfo     [0m] [1m✅ Worker completed command successfully[0m [[0m[1m[34mworkers.proxy_pool[0m][0m [36mcommand_id[0m=[35mSummary_of_Sales_by_Years_page_1[0m [36mentity[0m=[35mSummary_of_Sales_by_Years[0m [36mexecution_time_seconds[0m=[35m3.62[0m [36mhas_next_page[0m=[35mTrue[0m [36mrecords_fetched[0m=[35m100[0m [36mworker_id[0m=[35mworker_2[0m
2025-09-24 10:36:00,205 - workers.proxy_pool - INFO - _worker_loop:460 - [2m2025-09-24T05:06:00.204455Z[0m [[32m[1minfo     [0m] [1m📋 Worker picked up command from queue[0m [[0m[1m[34mworkers.proxy_pool[0m][0m [36mcommand_id[0m=[35mInvoices_page_1[0m [36mentity[0m=[35mInvoices[0m [36mqueue_size_after_pickup[0m=[35m19[0m [36mworker_id[0m=[35mworker_2[0m [36mworker_status[0m=[35mPROCESSING[0m
2025-09-24 10:36:00,207 - workers.proxy_pool - INFO - execute:59 - [2m2025-09-24T05:06:00.207479Z[0m [[32m[1minfo     [0m] [1m🚀 Worker starting command execution[0m [[0m[1m[34mworkers.proxy_pool[0m][0m [36mcommand_id[0m=[35mInvoices_page_1[0m [36mcommand_type[0m=[35mfetch_page[0m [36mentity[0m=[35mInvoices[0m [36mpriority[0m=[35m1[0m [36mretry_count[0m=[35m0[0m [36mskip[0m=[35m0[0m [36mtop[0m=[35m1500[0m [36mworker_id[0m=[35mworker_2[0m
2025-09-24 10:36:00,211 - workers.proxy_pool - INFO - execute:82 - [2m2025-09-24T05:06:00.211008Z[0m [[32m[1minfo     [0m] [1m🔄 Worker executing request with resilience patterns[0m [[0m[1m[34mworkers.proxy_pool[0m][0m [36mcircuit_breaker_state[0m=[35mclosed[0m [36mcommand_id[0m=[35mInvoices_page_1[0m [36mworker_id[0m=[35mworker_2[0m
2025-09-24 10:36:00,213 - storage.transformer - INFO - transform_odata_response:62 - [2m2025-09-24T05:06:00.213016Z[0m [[32m[1minfo     [0m] [1mStarting transformation       [0m [[0m[1m[34mstorage.transformer[0m][0m [36mentity_name[0m=[35mSummary_of_Sales_by_Years[0m [36mresponse_keys[0m=[35m['@odata.context', 'value', '@odata.nextLink'][0m
2025-09-24 10:36:00,217 - storage.transformer - INFO - transform_odata_response:101 - [2m2025-09-24T05:06:00.217643Z[0m [[32m[1minfo     [0m] [1mTransformation completed      [0m [[0m[1m[34mstorage.transformer[0m][0m [36mentity_name[0m=[35mSummary_of_Sales_by_Years[0m [36minput_records[0m=[35m100[0m [36moutput_records[0m=[35m100[0m [36mtransformation_time_seconds[0m=[35m0.0[0m
2025-09-24 10:36:00,218 - storage.local_storage - INFO - store_processed_records:145 - [2m2025-09-24T05:06:00.218732Z[0m [[32m[1minfo     [0m] [1mStoring processed records     [0m [[0m[1m[34mstorage.local_storage[0m][0m [36mentity_name[0m=[35mSummary_of_Sales_by_Years[0m [36mformat[0m=[35mjson[0m [36mrecord_count[0m=[35m100[0m
2025-09-24 10:36:00,221 - storage.local_storage - INFO - store_processed_records:160 - [2m2025-09-24T05:06:00.221705Z[0m [[32m[1minfo     [0m] [1mSuccessfully stored processed records[0m [[0m[1m[34mstorage.local_storage[0m][0m [36mentity_name[0m=[35mSummary_of_Sales_by_Years[0m [36mfile_path[0m=[35m./test_output/processed\Summary_of_Sales_by_Years_20250924_050600.json[0m [36mrecord_count[0m=[35m100[0m [36mstorage_time_seconds[0m=[35m0.0[0m
2025-09-24 10:36:00,231 - storage.local_storage - INFO - store_raw_response:89 - [2m2025-09-24T05:06:00.230456Z[0m [[32m[1minfo     [0m] [1mSuccessfully stored raw data  [0m [[0m[1m[34mstorage.local_storage[0m][0m [36mentity_name[0m=[35mSummary_of_Sales_by_Years[0m [36mfile_path[0m=[35m./test_output/raw\Summary_of_Sales_by_Years\2025/09/24\05\Summary_of_Sales_by_Years_page_1.json[0m [36msize_bytes[0m=[35m12073[0m [36mstorage_time_seconds[0m=[35m0.016[0m
2025-09-24 10:36:00,234 - httpcore.http11 - DEBUG - atrace:87 - send_request_headers.started request=<Request [b'GET']>
2025-09-24 10:36:00,236 - httpcore.http11 - DEBUG - atrace:87 - send_request_headers.complete
2025-09-24 10:36:00,236 - httpcore.http11 - DEBUG - atrace:87 - send_request_body.started request=<Request [b'GET']>
2025-09-24 10:36:00,236 - httpcore.http11 - DEBUG - atrace:87 - send_request_body.complete
2025-09-24 10:36:00,236 - httpcore.http11 - DEBUG - atrace:87 - receive_response_headers.started request=<Request [b'GET']>
2025-09-24 10:36:00,262 - httpcore.http11 - DEBUG - atrace:87 - receive_response_headers.complete return_value=(b'HTTP/1.1', 200, b'OK', [(b'Content-Length', b'18516'), (b'Content-Type', b'application/json;odata.metadata=minimal;odata.streaming=true;IEEE754Compatible=false;charset=utf-8'), (b'Date', b'Wed, 24 Sep 2025 05:06:00 GMT'), (b'Server', b'Microsoft-IIS/10.0'), (b'Access-Control-Allow-Headers', b'Accept, Origin, Content-Type, MaxDataServiceVersion'), (b'Access-Control-Allow-Methods', b'GET'), (b'Access-Control-Allow-Origin', b'*'), (b'Access-Control-Expose-Headers', b'DataServiceVersion'), (b'Cache-Control', b'private'), (b'Content-Encoding', b'gzip'), (b'Expires', b'Wed, 24 Sep 2025 05:07:00 GMT'), (b'Vary', b'*'), (b'X-Content-Type-Options', b'nosniff'), (b'OData-Version', b'4.0;'), (b'X-AspNet-Version', b'4.0.30319'), (b'X-Powered-By', b'ASP.NET')])
2025-09-24 10:36:00,263 - httpx - INFO - _send_single_request:1740 - HTTP Request: GET https://services.odata.org/V4/Northwind/Northwind.svc/Orders?%24skip=0&%24top=830 "HTTP/1.1 200 OK"
2025-09-24 10:36:00,264 - httpcore.http11 - DEBUG - atrace:87 - receive_response_body.started request=<Request [b'GET']>
2025-09-24 10:36:00,267 - httpcore.http11 - DEBUG - atrace:87 - receive_response_body.complete
2025-09-24 10:36:00,267 - httpcore.http11 - DEBUG - atrace:87 - response_closed.started
2025-09-24 10:36:00,267 - httpcore.http11 - DEBUG - atrace:87 - response_closed.complete
2025-09-24 10:36:00,269 - workers.proxy_pool - INFO - _make_http_request:250 - [2m2025-09-24T05:06:00.268045Z[0m [[32m[1minfo     [0m] [1m📊 Worker successfully fetched data[0m [[0m[1m[34mworkers.proxy_pool[0m][0m [36mactual_records_added[0m=[35m200[0m [36mcommand_id[0m=[35mOrders_page_1[0m [36mentity[0m=[35mOrders[0m [36mentity_total_fetched[0m=[35m200[0m [36mglobal_total_fetched[0m=[35m662[0m [36mhas_next_page[0m=[35mTrue[0m [36mrecords_in_response[0m=[35m200[0m [36mworker_id[0m=[35mworker_0[0m
2025-09-24 10:36:00,270 - workers.proxy_pool - INFO - execute:110 - [2m2025-09-24T05:06:00.270572Z[0m [[32m[1minfo     [0m] [1m✅ Worker completed command successfully[0m [[0m[1m[34mworkers.proxy_pool[0m][0m [36mcommand_id[0m=[35mOrders_page_1[0m [36mentity[0m=[35mOrders[0m [36mexecution_time_seconds[0m=[35m0.33[0m [36mhas_next_page[0m=[35mTrue[0m [36mrecords_fetched[0m=[35m200[0m [36mworker_id[0m=[35mworker_0[0m
2025-09-24 10:36:00,271 - workers.proxy_pool - INFO - _worker_loop:460 - [2m2025-09-24T05:06:00.271572Z[0m [[32m[1minfo     [0m] [1m📋 Worker picked up command from queue[0m [[0m[1m[34mworkers.proxy_pool[0m][0m [36mcommand_id[0m=[35mInvoices_page_2[0m [36mentity[0m=[35mInvoices[0m [36mqueue_size_after_pickup[0m=[35m19[0m [36mworker_id[0m=[35mworker_0[0m [36mworker_status[0m=[35mPROCESSING[0m
2025-09-24 10:36:00,275 - workers.proxy_pool - INFO - execute:59 - [2m2025-09-24T05:06:00.274129Z[0m [[32m[1minfo     [0m] [1m🚀 Worker starting command execution[0m [[0m[1m[34mworkers.proxy_pool[0m][0m [36mcommand_id[0m=[35mInvoices_page_2[0m [36mcommand_type[0m=[35mfetch_page[0m [36mentity[0m=[35mInvoices[0m [36mpriority[0m=[35m1[0m [36mretry_count[0m=[35m0[0m [36mskip[0m=[35m1500[0m [36mtop[0m=[35m1500[0m [36mworker_id[0m=[35mworker_0[0m
2025-09-24 10:36:00,276 - workers.proxy_pool - INFO - execute:82 - [2m2025-09-24T05:06:00.276112Z[0m [[32m[1minfo     [0m] [1m🔄 Worker executing request with resilience patterns[0m [[0m[1m[34mworkers.proxy_pool[0m][0m [36mcircuit_breaker_state[0m=[35mclosed[0m [36mcommand_id[0m=[35mInvoices_page_2[0m [36mworker_id[0m=[35mworker_0[0m
2025-09-24 10:36:00,278 - storage.transformer - INFO - transform_odata_response:62 - [2m2025-09-24T05:06:00.278117Z[0m [[32m[1minfo     [0m] [1mStarting transformation       [0m [[0m[1m[34mstorage.transformer[0m][0m [36mentity_name[0m=[35mOrders[0m [36mresponse_keys[0m=[35m['@odata.context', 'value', '@odata.nextLink'][0m
2025-09-24 10:36:00,287 - storage.transformer - INFO - transform_odata_response:101 - [2m2025-09-24T05:06:00.287440Z[0m [[32m[1minfo     [0m] [1mTransformation completed      [0m [[0m[1m[34mstorage.transformer[0m][0m [36mentity_name[0m=[35mOrders[0m [36minput_records[0m=[35m200[0m [36moutput_records[0m=[35m200[0m [36mtransformation_time_seconds[0m=[35m0.0[0m
2025-09-24 10:36:00,287 - storage.local_storage - INFO - store_processed_records:145 - [2m2025-09-24T05:06:00.287998Z[0m [[32m[1minfo     [0m] [1mStoring processed records     [0m [[0m[1m[34mstorage.local_storage[0m][0m [36mentity_name[0m=[35mOrders[0m [36mformat[0m=[35mjson[0m [36mrecord_count[0m=[35m200[0m
2025-09-24 10:36:00,295 - storage.local_storage - INFO - store_processed_records:160 - [2m2025-09-24T05:06:00.295508Z[0m [[32m[1minfo     [0m] [1mSuccessfully stored processed records[0m [[0m[1m[34mstorage.local_storage[0m][0m [36mentity_name[0m=[35mOrders[0m [36mfile_path[0m=[35m./test_output/processed\Orders_20250924_050600.json[0m [36mrecord_count[0m=[35m200[0m [36mstorage_time_seconds[0m=[35m0.015[0m
2025-09-24 10:36:00,305 - storage.local_storage - INFO - store_raw_response:89 - [2m2025-09-24T05:06:00.305036Z[0m [[32m[1minfo     [0m] [1mSuccessfully stored raw data  [0m [[0m[1m[34mstorage.local_storage[0m][0m [36mentity_name[0m=[35mOrders[0m [36mfile_path[0m=[35m./test_output/raw\Orders\2025/09/24\05\Orders_page_1.json[0m [36msize_bytes[0m=[35m109620[0m [36mstorage_time_seconds[0m=[35m0.016[0m
2025-09-24 10:36:00,310 - httpcore.http11 - DEBUG - atrace:87 - send_request_headers.started request=<Request [b'GET']>
2025-09-24 10:36:00,311 - httpcore.http11 - DEBUG - atrace:87 - send_request_headers.complete
2025-09-24 10:36:00,311 - httpcore.http11 - DEBUG - atrace:87 - send_request_body.started request=<Request [b'GET']>
2025-09-24 10:36:00,312 - httpcore.http11 - DEBUG - atrace:87 - send_request_body.complete
2025-09-24 10:36:00,312 - httpcore.http11 - DEBUG - atrace:87 - receive_response_headers.started request=<Request [b'GET']>
2025-09-24 10:36:00,783 - httpcore.http11 - DEBUG - atrace:87 - receive_response_headers.complete return_value=(b'HTTP/1.1', 200, b'OK', [(b'Content-Length', b'37906'), (b'Content-Type', b'application/json;odata.metadata=minimal;odata.streaming=true;IEEE754Compatible=false;charset=utf-8'), (b'Date', b'Wed, 24 Sep 2025 05:06:00 GMT'), (b'Server', b'Microsoft-IIS/10.0'), (b'Access-Control-Allow-Headers', b'Accept, Origin, Content-Type, MaxDataServiceVersion'), (b'Access-Control-Allow-Methods', b'GET'), (b'Access-Control-Allow-Origin', b'*'), (b'Access-Control-Expose-Headers', b'DataServiceVersion'), (b'Cache-Control', b'private'), (b'Content-Encoding', b'gzip'), (b'Expires', b'Wed, 24 Sep 2025 05:07:01 GMT'), (b'Vary', b'*'), (b'X-Content-Type-Options', b'nosniff'), (b'OData-Version', b'4.0;'), (b'X-AspNet-Version', b'4.0.30319'), (b'X-Powered-By', b'ASP.NET')])
2025-09-24 10:36:00,783 - httpx - INFO - _send_single_request:1740 - HTTP Request: GET https://services.odata.org/V4/Northwind/Northwind.svc/Invoices?%24skip=0&%24top=1500 "HTTP/1.1 200 OK"
2025-09-24 10:36:00,784 - httpcore.http11 - DEBUG - atrace:87 - receive_response_body.started request=<Request [b'GET']>
2025-09-24 10:36:00,995 - httpcore.http11 - DEBUG - atrace:87 - receive_response_headers.complete return_value=(b'HTTP/1.1', 200, b'OK', [(b'Content-Length', b'37481'), (b'Content-Type', b'application/json;odata.metadata=minimal;odata.streaming=true;IEEE754Compatible=false;charset=utf-8'), (b'Date', b'Wed, 24 Sep 2025 05:06:00 GMT'), (b'Server', b'Microsoft-IIS/10.0'), (b'Access-Control-Allow-Headers', b'Accept, Origin, Content-Type, MaxDataServiceVersion'), (b'Access-Control-Allow-Methods', b'GET'), (b'Access-Control-Allow-Origin', b'*'), (b'Access-Control-Expose-Headers', b'DataServiceVersion'), (b'Cache-Control', b'private'), (b'Content-Encoding', b'gzip'), (b'Expires', b'Wed, 24 Sep 2025 05:07:01 GMT'), (b'Vary', b'*'), (b'X-Content-Type-Options', b'nosniff'), (b'OData-Version', b'4.0;'), (b'X-AspNet-Version', b'4.0.30319'), (b'X-Powered-By', b'ASP.NET')])
2025-09-24 10:36:00,995 - httpx - INFO - _send_single_request:1740 - HTTP Request: GET https://services.odata.org/V4/Northwind/Northwind.svc/Invoices?%24skip=1500&%24top=1500 "HTTP/1.1 200 OK"
2025-09-24 10:36:00,996 - httpcore.http11 - DEBUG - atrace:87 - receive_response_body.started request=<Request [b'GET']>
2025-09-24 10:36:00,999 - httpcore.http11 - DEBUG - atrace:87 - receive_response_body.complete
2025-09-24 10:36:00,999 - httpcore.http11 - DEBUG - atrace:87 - response_closed.started
2025-09-24 10:36:00,999 - httpcore.http11 - DEBUG - atrace:87 - response_closed.complete
2025-09-24 10:36:01,003 - workers.proxy_pool - INFO - _make_http_request:250 - [2m2025-09-24T05:06:01.003441Z[0m [[32m[1minfo     [0m] [1m📊 Worker successfully fetched data[0m [[0m[1m[34mworkers.proxy_pool[0m][0m [36mactual_records_added[0m=[35m500[0m [36mcommand_id[0m=[35mInvoices_page_2[0m [36mentity[0m=[35mInvoices[0m [36mentity_total_fetched[0m=[35m500[0m [36mglobal_total_fetched[0m=[35m1162[0m [36mhas_next_page[0m=[35mTrue[0m [36mrecords_in_response[0m=[35m500[0m [36mworker_id[0m=[35mworker_0[0m
2025-09-24 10:36:01,004 - workers.proxy_pool - INFO - execute:110 - [2m2025-09-24T05:06:01.004441Z[0m [[32m[1minfo     [0m] [1m✅ Worker completed command successfully[0m [[0m[1m[34mworkers.proxy_pool[0m][0m [36mcommand_id[0m=[35mInvoices_page_2[0m [36mentity[0m=[35mInvoices[0m [36mexecution_time_seconds[0m=[35m0.72[0m [36mhas_next_page[0m=[35mTrue[0m [36mrecords_fetched[0m=[35m500[0m [36mworker_id[0m=[35mworker_0[0m
2025-09-24 10:36:01,004 - workers.proxy_pool - INFO - _worker_loop:460 - [2m2025-09-24T05:06:01.004441Z[0m [[32m[1minfo     [0m] [1m📋 Worker picked up command from queue[0m [[0m[1m[34mworkers.proxy_pool[0m][0m [36mcommand_id[0m=[35mOrder_Details_page_1[0m [36mentity[0m=[35mOrder_Details[0m [36mqueue_size_after_pickup[0m=[35m19[0m [36mworker_id[0m=[35mworker_0[0m [36mworker_status[0m=[35mPROCESSING[0m
2025-09-24 10:36:01,005 - workers.proxy_pool - INFO - execute:59 - [2m2025-09-24T05:06:01.005441Z[0m [[32m[1minfo     [0m] [1m🚀 Worker starting command execution[0m [[0m[1m[34mworkers.proxy_pool[0m][0m [36mcommand_id[0m=[35mOrder_Details_page_1[0m [36mcommand_type[0m=[35mfetch_page[0m [36mentity[0m=[35mOrder_Details[0m [36mpriority[0m=[35m1[0m [36mretry_count[0m=[35m0[0m [36mskip[0m=[35m0[0m [36mtop[0m=[35m1500[0m [36mworker_id[0m=[35mworker_0[0m
2025-09-24 10:36:01,006 - workers.proxy_pool - INFO - execute:82 - [2m2025-09-24T05:06:01.006446Z[0m [[32m[1minfo     [0m] [1m🔄 Worker executing request with resilience patterns[0m [[0m[1m[34mworkers.proxy_pool[0m][0m [36mcircuit_breaker_state[0m=[35mclosed[0m [36mcommand_id[0m=[35mOrder_Details_page_1[0m [36mworker_id[0m=[35mworker_0[0m
2025-09-24 10:36:01,011 - storage.transformer - INFO - transform_odata_response:62 - [2m2025-09-24T05:06:01.010738Z[0m [[32m[1minfo     [0m] [1mStarting transformation       [0m [[0m[1m[34mstorage.transformer[0m][0m [36mentity_name[0m=[35mInvoices[0m [36mresponse_keys[0m=[35m['@odata.context', 'value', '@odata.nextLink'][0m
2025-09-24 10:36:01,040 - storage.transformer - INFO - transform_odata_response:101 - [2m2025-09-24T05:06:01.039548Z[0m [[32m[1minfo     [0m] [1mTransformation completed      [0m [[0m[1m[34mstorage.transformer[0m][0m [36mentity_name[0m=[35mInvoices[0m [36minput_records[0m=[35m500[0m [36moutput_records[0m=[35m500[0m [36mtransformation_time_seconds[0m=[35m0.031[0m
2025-09-24 10:36:01,040 - storage.local_storage - INFO - store_processed_records:145 - [2m2025-09-24T05:06:01.040266Z[0m [[32m[1minfo     [0m] [1mStoring processed records     [0m [[0m[1m[34mstorage.local_storage[0m][0m [36mentity_name[0m=[35mInvoices[0m [36mformat[0m=[35mjson[0m [36mrecord_count[0m=[35m500[0m
2025-09-24 10:36:01,048 - storage.local_storage - INFO - store_processed_records:160 - [2m2025-09-24T05:06:01.048863Z[0m [[32m[1minfo     [0m] [1mSuccessfully stored processed records[0m [[0m[1m[34mstorage.local_storage[0m][0m [36mentity_name[0m=[35mInvoices[0m [36mfile_path[0m=[35m./test_output/processed\Invoices_20250924_050601.json[0m [36mrecord_count[0m=[35m500[0m [36mstorage_time_seconds[0m=[35m0.0[0m
2025-09-24 10:36:01,055 - storage.local_storage - INFO - store_raw_response:89 - [2m2025-09-24T05:06:01.055708Z[0m [[32m[1minfo     [0m] [1mSuccessfully stored raw data  [0m [[0m[1m[34mstorage.local_storage[0m][0m [36mentity_name[0m=[35mInvoices[0m [36mfile_path[0m=[35m./test_output/raw\Invoices\2025/09/24\05\Invoices_page_2.json[0m [36msize_bytes[0m=[35m453355[0m [36mstorage_time_seconds[0m=[35m0.016[0m
2025-09-24 10:36:01,062 - httpcore.http11 - DEBUG - atrace:87 - send_request_headers.started request=<Request [b'GET']>
2025-09-24 10:36:01,063 - httpcore.http11 - DEBUG - atrace:87 - send_request_headers.complete
2025-09-24 10:36:01,064 - httpcore.http11 - DEBUG - atrace:87 - send_request_body.started request=<Request [b'GET']>
2025-09-24 10:36:01,064 - httpcore.http11 - DEBUG - atrace:87 - send_request_body.complete
2025-09-24 10:36:01,064 - httpcore.http11 - DEBUG - atrace:87 - receive_response_headers.started request=<Request [b'GET']>
2025-09-24 10:36:01,066 - httpcore.http11 - DEBUG - atrace:87 - receive_response_body.complete
2025-09-24 10:36:01,066 - httpcore.http11 - DEBUG - atrace:87 - response_closed.started
2025-09-24 10:36:01,066 - httpcore.http11 - DEBUG - atrace:87 - response_closed.complete
2025-09-24 10:36:01,070 - workers.proxy_pool - INFO - _make_http_request:250 - [2m2025-09-24T05:06:01.070782Z[0m [[32m[1minfo     [0m] [1m📊 Worker successfully fetched data[0m [[0m[1m[34mworkers.proxy_pool[0m][0m [36mactual_records_added[0m=[35m500[0m [36mcommand_id[0m=[35mInvoices_page_1[0m [36mentity[0m=[35mInvoices[0m [36mentity_total_fetched[0m=[35m1000[0m [36mglobal_total_fetched[0m=[35m1662[0m [36mhas_next_page[0m=[35mTrue[0m [36mrecords_in_response[0m=[35m500[0m [36mworker_id[0m=[35mworker_2[0m
2025-09-24 10:36:01,071 - workers.proxy_pool - INFO - execute:110 - [2m2025-09-24T05:06:01.071455Z[0m [[32m[1minfo     [0m] [1m✅ Worker completed command successfully[0m [[0m[1m[34mworkers.proxy_pool[0m][0m [36mcommand_id[0m=[35mInvoices_page_1[0m [36mentity[0m=[35mInvoices[0m [36mexecution_time_seconds[0m=[35m0.88[0m [36mhas_next_page[0m=[35mTrue[0m [36mrecords_fetched[0m=[35m500[0m [36mworker_id[0m=[35mworker_2[0m
2025-09-24 10:36:01,073 - workers.proxy_pool - INFO - _worker_loop:460 - [2m2025-09-24T05:06:01.073483Z[0m [[32m[1minfo     [0m] [1m📋 Worker picked up command from queue[0m [[0m[1m[34mworkers.proxy_pool[0m][0m [36mcommand_id[0m=[35mOrder_Details_page_2[0m [36mentity[0m=[35mOrder_Details[0m [36mqueue_size_after_pickup[0m=[35m19[0m [36mworker_id[0m=[35mworker_2[0m [36mworker_status[0m=[35mPROCESSING[0m
2025-09-24 10:36:01,074 - workers.proxy_pool - INFO - execute:59 - [2m2025-09-24T05:06:01.074468Z[0m [[32m[1minfo     [0m] [1m🚀 Worker starting command execution[0m [[0m[1m[34mworkers.proxy_pool[0m][0m [36mcommand_id[0m=[35mOrder_Details_page_2[0m [36mcommand_type[0m=[35mfetch_page[0m [36mentity[0m=[35mOrder_Details[0m [36mpriority[0m=[35m1[0m [36mretry_count[0m=[35m0[0m [36mskip[0m=[35m1500[0m [36mtop[0m=[35m1500[0m [36mworker_id[0m=[35mworker_2[0m
2025-09-24 10:36:01,077 - workers.proxy_pool - INFO - execute:82 - [2m2025-09-24T05:06:01.077019Z[0m [[32m[1minfo     [0m] [1m🔄 Worker executing request with resilience patterns[0m [[0m[1m[34mworkers.proxy_pool[0m][0m [36mcircuit_breaker_state[0m=[35mclosed[0m [36mcommand_id[0m=[35mOrder_Details_page_2[0m [36mworker_id[0m=[35mworker_2[0m
2025-09-24 10:36:01,079 - storage.transformer - INFO - transform_odata_response:62 - [2m2025-09-24T05:06:01.079018Z[0m [[32m[1minfo     [0m] [1mStarting transformation       [0m [[0m[1m[34mstorage.transformer[0m][0m [36mentity_name[0m=[35mInvoices[0m [36mresponse_keys[0m=[35m['@odata.context', 'value', '@odata.nextLink'][0m
2025-09-24 10:36:01,105 - storage.transformer - INFO - transform_odata_response:101 - [2m2025-09-24T05:06:01.105451Z[0m [[32m[1minfo     [0m] [1mTransformation completed      [0m [[0m[1m[34mstorage.transformer[0m][0m [36mentity_name[0m=[35mInvoices[0m [36minput_records[0m=[35m500[0m [36moutput_records[0m=[35m500[0m [36mtransformation_time_seconds[0m=[35m0.031[0m
2025-09-24 10:36:01,108 - storage.local_storage - INFO - store_processed_records:145 - [2m2025-09-24T05:06:01.107460Z[0m [[32m[1minfo     [0m] [1mStoring processed records     [0m [[0m[1m[34mstorage.local_storage[0m][0m [36mentity_name[0m=[35mInvoices[0m [36mformat[0m=[35mjson[0m [36mrecord_count[0m=[35m500[0m
2025-09-24 10:36:01,115 - storage.local_storage - INFO - store_processed_records:160 - [2m2025-09-24T05:06:01.115455Z[0m [[32m[1minfo     [0m] [1mSuccessfully stored processed records[0m [[0m[1m[34mstorage.local_storage[0m][0m [36mentity_name[0m=[35mInvoices[0m [36mfile_path[0m=[35m./test_output/processed\Invoices_20250924_050601.json[0m [36mrecord_count[0m=[35m500[0m [36mstorage_time_seconds[0m=[35m0.0[0m
2025-09-24 10:36:01,121 - storage.local_storage - INFO - store_raw_response:89 - [2m2025-09-24T05:06:01.121510Z[0m [[32m[1minfo     [0m] [1mSuccessfully stored raw data  [0m [[0m[1m[34mstorage.local_storage[0m][0m [36mentity_name[0m=[35mInvoices[0m [36mfile_path[0m=[35m./test_output/raw\Invoices\2025/09/24\05\Invoices_page_1.json[0m [36msize_bytes[0m=[35m452778[0m [36mstorage_time_seconds[0m=[35m0.015[0m
2025-09-24 10:36:01,128 - httpcore.http11 - DEBUG - atrace:87 - send_request_headers.started request=<Request [b'GET']>
2025-09-24 10:36:01,129 - httpcore.http11 - DEBUG - atrace:87 - send_request_headers.complete
2025-09-24 10:36:01,129 - httpcore.http11 - DEBUG - atrace:87 - send_request_body.started request=<Request [b'GET']>
2025-09-24 10:36:01,130 - httpcore.http11 - DEBUG - atrace:87 - send_request_body.complete
2025-09-24 10:36:01,130 - httpcore.http11 - DEBUG - atrace:87 - receive_response_headers.started request=<Request [b'GET']>
2025-09-24 10:36:01,271 - httpcore.http11 - DEBUG - atrace:87 - receive_response_headers.complete return_value=(b'HTTP/1.1', 200, b'OK', [(b'Content-Length', b'1435'), (b'Content-Type', b'application/json;odata.metadata=minimal;odata.streaming=true;IEEE754Compatible=false;charset=utf-8'), (b'Date', b'Wed, 24 Sep 2025 05:06:01 GMT'), (b'Server', b'Microsoft-IIS/10.0'), (b'Access-Control-Allow-Headers', b'Accept, Origin, Content-Type, MaxDataServiceVersion'), (b'Access-Control-Allow-Methods', b'GET'), (b'Access-Control-Allow-Origin', b'*'), (b'Access-Control-Expose-Headers', b'DataServiceVersion'), (b'Cache-Control', b'private'), (b'Content-Encoding', b'gzip'), (b'Expires', b'Wed, 24 Sep 2025 05:07:00 GMT'), (b'Vary', b'*'), (b'X-Content-Type-Options', b'nosniff'), (b'OData-Version', b'4.0;'), (b'X-AspNet-Version', b'4.0.30319'), (b'X-Powered-By', b'ASP.NET')])
2025-09-24 10:36:01,273 - httpx - INFO - _send_single_request:1740 - HTTP Request: GET https://services.odata.org/V4/Northwind/Northwind.svc/Products?%24skip=0&%24top=77 "HTTP/1.1 200 OK"
2025-09-24 10:36:01,273 - httpcore.http11 - DEBUG - atrace:87 - receive_response_body.started request=<Request [b'GET']>
2025-09-24 10:36:01,274 - httpcore.http11 - DEBUG - atrace:87 - receive_response_body.complete
2025-09-24 10:36:01,274 - httpcore.http11 - DEBUG - atrace:87 - response_closed.started
2025-09-24 10:36:01,274 - httpcore.http11 - DEBUG - atrace:87 - response_closed.complete
2025-09-24 10:36:01,276 - workers.proxy_pool - INFO - _make_http_request:250 - [2m2025-09-24T05:06:01.275577Z[0m [[32m[1minfo     [0m] [1m📊 Worker successfully fetched data[0m [[0m[1m[34mworkers.proxy_pool[0m][0m [36mactual_records_added[0m=[35m20[0m [36mcommand_id[0m=[35mProducts_page_1[0m [36mentity[0m=[35mProducts[0m [36mentity_total_fetched[0m=[35m20[0m [36mglobal_total_fetched[0m=[35m1682[0m [36mhas_next_page[0m=[35mTrue[0m [36mrecords_in_response[0m=[35m20[0m [36mworker_id[0m=[35mworker_1[0m
2025-09-24 10:36:01,280 - workers.proxy_pool - INFO - execute:110 - [2m2025-09-24T05:06:01.280028Z[0m [[32m[1minfo     [0m] [1m✅ Worker completed command successfully[0m [[0m[1m[34mworkers.proxy_pool[0m][0m [36mcommand_id[0m=[35mProducts_page_1[0m [36mentity[0m=[35mProducts[0m [36mexecution_time_seconds[0m=[35m1.38[0m [36mhas_next_page[0m=[35mTrue[0m [36mrecords_fetched[0m=[35m20[0m [36mworker_id[0m=[35mworker_1[0m
2025-09-24 10:36:01,284 - workers.proxy_pool - INFO - _worker_loop:460 - [2m2025-09-24T05:06:01.284553Z[0m [[32m[1minfo     [0m] [1m📋 Worker picked up command from queue[0m [[0m[1m[34mworkers.proxy_pool[0m][0m [36mcommand_id[0m=[35mOrder_Details_Extendeds_page_1[0m [36mentity[0m=[35mOrder_Details_Extendeds[0m [36mqueue_size_after_pickup[0m=[35m19[0m [36mworker_id[0m=[35mworker_1[0m [36mworker_status[0m=[35mPROCESSING[0m
2025-09-24 10:36:01,286 - workers.proxy_pool - INFO - execute:59 - [2m2025-09-24T05:06:01.285722Z[0m [[32m[1minfo     [0m] [1m🚀 Worker starting command execution[0m [[0m[1m[34mworkers.proxy_pool[0m][0m [36mcommand_id[0m=[35mOrder_Details_Extendeds_page_1[0m [36mcommand_type[0m=[35mfetch_page[0m [36mentity[0m=[35mOrder_Details_Extendeds[0m [36mpriority[0m=[35m1[0m [36mretry_count[0m=[35m0[0m [36mskip[0m=[35m0[0m [36mtop[0m=[35m1500[0m [36mworker_id[0m=[35mworker_1[0m
2025-09-24 10:36:01,287 - workers.proxy_pool - INFO - execute:82 - [2m2025-09-24T05:06:01.287145Z[0m [[32m[1minfo     [0m] [1m🔄 Worker executing request with resilience patterns[0m [[0m[1m[34mworkers.proxy_pool[0m][0m [36mcircuit_breaker_state[0m=[35mclosed[0m [36mcommand_id[0m=[35mOrder_Details_Extendeds_page_1[0m [36mworker_id[0m=[35mworker_1[0m
2025-09-24 10:36:01,291 - storage.transformer - INFO - transform_odata_response:62 - [2m2025-09-24T05:06:01.289278Z[0m [[32m[1minfo     [0m] [1mStarting transformation       [0m [[0m[1m[34mstorage.transformer[0m][0m [36mentity_name[0m=[35mProducts[0m [36mresponse_keys[0m=[35m['@odata.context', 'value', '@odata.nextLink'][0m
2025-09-24 10:36:01,293 - storage.transformer - INFO - transform_odata_response:101 - [2m2025-09-24T05:06:01.293537Z[0m [[32m[1minfo     [0m] [1mTransformation completed      [0m [[0m[1m[34mstorage.transformer[0m][0m [36mentity_name[0m=[35mProducts[0m [36minput_records[0m=[35m20[0m [36moutput_records[0m=[35m20[0m [36mtransformation_time_seconds[0m=[35m0.0[0m
2025-09-24 10:36:01,299 - storage.local_storage - INFO - store_processed_records:145 - [2m2025-09-24T05:06:01.298711Z[0m [[32m[1minfo     [0m] [1mStoring processed records     [0m [[0m[1m[34mstorage.local_storage[0m][0m [36mentity_name[0m=[35mProducts[0m [36mformat[0m=[35mjson[0m [36mrecord_count[0m=[35m20[0m
2025-09-24 10:36:01,304 - storage.local_storage - INFO - store_processed_records:160 - [2m2025-09-24T05:06:01.303817Z[0m [[32m[1minfo     [0m] [1mSuccessfully stored processed records[0m [[0m[1m[34mstorage.local_storage[0m][0m [36mentity_name[0m=[35mProducts[0m [36mfile_path[0m=[35m./test_output/processed\Products_20250924_050601.json[0m [36mrecord_count[0m=[35m20[0m [36mstorage_time_seconds[0m=[35m0.0[0m
2025-09-24 10:36:01,313 - storage.local_storage - INFO - store_raw_response:89 - [2m2025-09-24T05:06:01.313514Z[0m [[32m[1minfo     [0m] [1mSuccessfully stored raw data  [0m [[0m[1m[34mstorage.local_storage[0m][0m [36mentity_name[0m=[35mProducts[0m [36mfile_path[0m=[35m./test_output/raw\Products\2025/09/24\05\Products_page_1.json[0m [36msize_bytes[0m=[35m7446[0m [36mstorage_time_seconds[0m=[35m0.0[0m
2025-09-24 10:36:01,316 - httpcore.http11 - DEBUG - atrace:87 - send_request_headers.started request=<Request [b'GET']>
2025-09-24 10:36:01,317 - httpcore.http11 - DEBUG - atrace:87 - send_request_headers.complete
2025-09-24 10:36:01,318 - httpcore.http11 - DEBUG - atrace:87 - send_request_body.started request=<Request [b'GET']>
2025-09-24 10:36:01,318 - httpcore.http11 - DEBUG - atrace:87 - send_request_body.complete
2025-09-24 10:36:01,318 - httpcore.http11 - DEBUG - atrace:87 - receive_response_headers.started request=<Request [b'GET']>
2025-09-24 10:36:01,437 - httpcore.http11 - DEBUG - atrace:87 - receive_response_headers.complete return_value=(b'HTTP/1.1', 200, b'OK', [(b'Content-Length', b'6023'), (b'Content-Type', b'application/json;odata.metadata=minimal;odata.streaming=true;IEEE754Compatible=false;charset=utf-8'), (b'Date', b'Wed, 24 Sep 2025 05:06:01 GMT'), (b'Server', b'Microsoft-IIS/10.0'), (b'Access-Control-Allow-Headers', b'Accept, Origin, Content-Type, MaxDataServiceVersion'), (b'Access-Control-Allow-Methods', b'GET'), (b'Access-Control-Allow-Origin', b'*'), (b'Access-Control-Expose-Headers', b'DataServiceVersion'), (b'Cache-Control', b'private'), (b'Content-Encoding', b'gzip'), (b'Expires', b'Wed, 24 Sep 2025 05:07:01 GMT'), (b'Vary', b'*'), (b'X-Content-Type-Options', b'nosniff'), (b'OData-Version', b'4.0;'), (b'X-AspNet-Version', b'4.0.30319'), (b'X-Powered-By', b'ASP.NET')])
2025-09-24 10:36:01,438 - httpx - INFO - _send_single_request:1740 - HTTP Request: GET https://services.odata.org/V4/Northwind/Northwind.svc/Order_Details?%24skip=0&%24top=1500 "HTTP/1.1 200 OK"
2025-09-24 10:36:01,438 - httpcore.http11 - DEBUG - atrace:87 - receive_response_body.started request=<Request [b'GET']>
2025-09-24 10:36:01,440 - httpcore.http11 - DEBUG - atrace:87 - receive_response_body.complete
2025-09-24 10:36:01,440 - httpcore.http11 - DEBUG - atrace:87 - response_closed.started
2025-09-24 10:36:01,440 - httpcore.http11 - DEBUG - atrace:87 - response_closed.complete
2025-09-24 10:36:01,442 - workers.proxy_pool - INFO - _make_http_request:250 - [2m2025-09-24T05:06:01.442558Z[0m [[32m[1minfo     [0m] [1m📊 Worker successfully fetched data[0m [[0m[1m[34mworkers.proxy_pool[0m][0m [36mactual_records_added[0m=[35m500[0m [36mcommand_id[0m=[35mOrder_Details_page_1[0m [36mentity[0m=[35mOrder_Details[0m [36mentity_total_fetched[0m=[35m500[0m [36mglobal_total_fetched[0m=[35m2182[0m [36mhas_next_page[0m=[35mTrue[0m [36mrecords_in_response[0m=[35m500[0m [36mworker_id[0m=[35mworker_0[0m
2025-09-24 10:36:01,444 - workers.proxy_pool - INFO - execute:110 - [2m2025-09-24T05:06:01.444085Z[0m [[32m[1minfo     [0m] [1m✅ Worker completed command successfully[0m [[0m[1m[34mworkers.proxy_pool[0m][0m [36mcommand_id[0m=[35mOrder_Details_page_1[0m [36mentity[0m=[35mOrder_Details[0m [36mexecution_time_seconds[0m=[35m0.44[0m [36mhas_next_page[0m=[35mTrue[0m [36mrecords_fetched[0m=[35m500[0m [36mworker_id[0m=[35mworker_0[0m
2025-09-24 10:36:01,448 - workers.proxy_pool - INFO - _worker_loop:460 - [2m2025-09-24T05:06:01.448098Z[0m [[32m[1minfo     [0m] [1m📋 Worker picked up command from queue[0m [[0m[1m[34mworkers.proxy_pool[0m][0m [36mcommand_id[0m=[35mOrder_Details_Extendeds_page_2[0m [36mentity[0m=[35mOrder_Details_Extendeds[0m [36mqueue_size_after_pickup[0m=[35m19[0m [36mworker_id[0m=[35mworker_0[0m [36mworker_status[0m=[35mPROCESSING[0m
2025-09-24 10:36:01,449 - workers.proxy_pool - INFO - execute:59 - [2m2025-09-24T05:06:01.449092Z[0m [[32m[1minfo     [0m] [1m🚀 Worker starting command execution[0m [[0m[1m[34mworkers.proxy_pool[0m][0m [36mcommand_id[0m=[35mOrder_Details_Extendeds_page_2[0m [36mcommand_type[0m=[35mfetch_page[0m [36mentity[0m=[35mOrder_Details_Extendeds[0m [36mpriority[0m=[35m1[0m [36mretry_count[0m=[35m0[0m [36mskip[0m=[35m1500[0m [36mtop[0m=[35m1500[0m [36mworker_id[0m=[35mworker_0[0m
2025-09-24 10:36:01,449 - workers.proxy_pool - INFO - execute:82 - [2m2025-09-24T05:06:01.449092Z[0m [[32m[1minfo     [0m] [1m🔄 Worker executing request with resilience patterns[0m [[0m[1m[34mworkers.proxy_pool[0m][0m [36mcircuit_breaker_state[0m=[35mclosed[0m [36mcommand_id[0m=[35mOrder_Details_Extendeds_page_2[0m [36mworker_id[0m=[35mworker_0[0m
2025-09-24 10:36:01,450 - storage.transformer - INFO - transform_odata_response:62 - [2m2025-09-24T05:06:01.450607Z[0m [[32m[1minfo     [0m] [1mStarting transformation       [0m [[0m[1m[34mstorage.transformer[0m][0m [36mentity_name[0m=[35mOrder_Details[0m [36mresponse_keys[0m=[35m['@odata.context', 'value', '@odata.nextLink'][0m
2025-09-24 10:36:01,458 - storage.transformer - INFO - transform_odata_response:101 - [2m2025-09-24T05:06:01.458836Z[0m [[32m[1minfo     [0m] [1mTransformation completed      [0m [[0m[1m[34mstorage.transformer[0m][0m [36mentity_name[0m=[35mOrder_Details[0m [36minput_records[0m=[35m500[0m [36moutput_records[0m=[35m500[0m [36mtransformation_time_seconds[0m=[35m0.0[0m
2025-09-24 10:36:01,460 - storage.local_storage - INFO - store_processed_records:145 - [2m2025-09-24T05:06:01.459841Z[0m [[32m[1minfo     [0m] [1mStoring processed records     [0m [[0m[1m[34mstorage.local_storage[0m][0m [36mentity_name[0m=[35mOrder_Details[0m [36mformat[0m=[35mjson[0m [36mrecord_count[0m=[35m500[0m
2025-09-24 10:36:01,468 - storage.local_storage - INFO - store_processed_records:160 - [2m2025-09-24T05:06:01.467365Z[0m [[32m[1minfo     [0m] [1mSuccessfully stored processed records[0m [[0m[1m[34mstorage.local_storage[0m][0m [36mentity_name[0m=[35mOrder_Details[0m [36mfile_path[0m=[35m./test_output/processed\Order_Details_20250924_050601.json[0m [36mrecord_count[0m=[35m500[0m [36mstorage_time_seconds[0m=[35m0.015[0m
2025-09-24 10:36:01,476 - storage.local_storage - INFO - store_raw_response:89 - [2m2025-09-24T05:06:01.475938Z[0m [[32m[1minfo     [0m] [1mSuccessfully stored raw data  [0m [[0m[1m[34mstorage.local_storage[0m][0m [36mentity_name[0m=[35mOrder_Details[0m [36mfile_path[0m=[35m./test_output/raw\Order_Details\2025/09/24\05\Order_Details_page_1.json[0m [36msize_bytes[0m=[35m71134[0m [36mstorage_time_seconds[0m=[35m0.0[0m
2025-09-24 10:36:01,479 - httpcore.http11 - DEBUG - atrace:87 - send_request_headers.started request=<Request [b'GET']>
2025-09-24 10:36:01,482 - httpcore.http11 - DEBUG - atrace:87 - send_request_headers.complete
2025-09-24 10:36:01,483 - httpcore.http11 - DEBUG - atrace:87 - send_request_body.started request=<Request [b'GET']>
2025-09-24 10:36:01,483 - httpcore.http11 - DEBUG - atrace:87 - send_request_body.complete
2025-09-24 10:36:01,483 - httpcore.http11 - DEBUG - atrace:87 - receive_response_headers.started request=<Request [b'GET']>
2025-09-24 10:36:01,535 - httpcore.http11 - DEBUG - atrace:87 - receive_response_headers.complete return_value=(b'HTTP/1.1', 200, b'OK', [(b'Content-Length', b'6232'), (b'Content-Type', b'application/json;odata.metadata=minimal;odata.streaming=true;IEEE754Compatible=false;charset=utf-8'), (b'Date', b'Wed, 24 Sep 2025 05:06:01 GMT'), (b'Server', b'Microsoft-IIS/10.0'), (b'Access-Control-Allow-Headers', b'Accept, Origin, Content-Type, MaxDataServiceVersion'), (b'Access-Control-Allow-Methods', b'GET'), (b'Access-Control-Allow-Origin', b'*'), (b'Access-Control-Expose-Headers', b'DataServiceVersion'), (b'Cache-Control', b'private'), (b'Content-Encoding', b'gzip'), (b'Expires', b'Wed, 24 Sep 2025 05:07:01 GMT'), (b'Vary', b'*'), (b'X-Content-Type-Options', b'nosniff'), (b'OData-Version', b'4.0;'), (b'X-AspNet-Version', b'4.0.30319'), (b'X-Powered-By', b'ASP.NET')])
2025-09-24 10:36:01,535 - httpx - INFO - _send_single_request:1740 - HTTP Request: GET https://services.odata.org/V4/Northwind/Northwind.svc/Order_Details?%24skip=1500&%24top=1500 "HTTP/1.1 200 OK"
2025-09-24 10:36:01,536 - httpcore.http11 - DEBUG - atrace:87 - receive_response_body.started request=<Request [b'GET']>
2025-09-24 10:36:01,536 - httpcore.http11 - DEBUG - atrace:87 - receive_response_body.complete
2025-09-24 10:36:01,536 - httpcore.http11 - DEBUG - atrace:87 - response_closed.started
2025-09-24 10:36:01,537 - httpcore.http11 - DEBUG - atrace:87 - response_closed.complete
2025-09-24 10:36:01,538 - workers.proxy_pool - INFO - _make_http_request:250 - [2m2025-09-24T05:06:01.538824Z[0m [[32m[1minfo     [0m] [1m📊 Worker successfully fetched data[0m [[0m[1m[34mworkers.proxy_pool[0m][0m [36mactual_records_added[0m=[35m500[0m [36mcommand_id[0m=[35mOrder_Details_page_2[0m [36mentity[0m=[35mOrder_Details[0m [36mentity_total_fetched[0m=[35m1000[0m [36mglobal_total_fetched[0m=[35m2682[0m [36mhas_next_page[0m=[35mTrue[0m [36mrecords_in_response[0m=[35m500[0m [36mworker_id[0m=[35mworker_2[0m
2025-09-24 10:36:01,539 - workers.proxy_pool - INFO - execute:110 - [2m2025-09-24T05:06:01.539831Z[0m [[32m[1minfo     [0m] [1m✅ Worker completed command successfully[0m [[0m[1m[34mworkers.proxy_pool[0m][0m [36mcommand_id[0m=[35mOrder_Details_page_2[0m [36mentity[0m=[35mOrder_Details[0m [36mexecution_time_seconds[0m=[35m0.47[0m [36mhas_next_page[0m=[35mTrue[0m [36mrecords_fetched[0m=[35m500[0m [36mworker_id[0m=[35mworker_2[0m
2025-09-24 10:36:01,541 - workers.proxy_pool - INFO - _worker_loop:460 - [2m2025-09-24T05:06:01.541827Z[0m [[32m[1minfo     [0m] [1m📋 Worker picked up command from queue[0m [[0m[1m[34mworkers.proxy_pool[0m][0m [36mcommand_id[0m=[35mOrders_Qries_page_1[0m [36mentity[0m=[35mOrders_Qries[0m [36mqueue_size_after_pickup[0m=[35m19[0m [36mworker_id[0m=[35mworker_2[0m [36mworker_status[0m=[35mPROCESSING[0m
2025-09-24 10:36:01,543 - workers.proxy_pool - INFO - execute:59 - [2m2025-09-24T05:06:01.543858Z[0m [[32m[1minfo     [0m] [1m🚀 Worker starting command execution[0m [[0m[1m[34mworkers.proxy_pool[0m][0m [36mcommand_id[0m=[35mOrders_Qries_page_1[0m [36mcommand_type[0m=[35mfetch_page[0m [36mentity[0m=[35mOrders_Qries[0m [36mpriority[0m=[35m1[0m [36mretry_count[0m=[35m0[0m [36mskip[0m=[35m0[0m [36mtop[0m=[35m1500[0m [36mworker_id[0m=[35mworker_2[0m
2025-09-24 10:36:01,544 - workers.proxy_pool - INFO - execute:82 - [2m2025-09-24T05:06:01.544877Z[0m [[32m[1minfo     [0m] [1m🔄 Worker executing request with resilience patterns[0m [[0m[1m[34mworkers.proxy_pool[0m][0m [36mcircuit_breaker_state[0m=[35mclosed[0m [36mcommand_id[0m=[35mOrders_Qries_page_1[0m [36mworker_id[0m=[35mworker_2[0m
2025-09-24 10:36:01,544 - planning.record_tracker - INFO - calculate_optimal_batch_size:206 - [2m2025-09-24T05:06:01.544877Z[0m [[32m[1minfo     [0m] [1mAdjusted batch size to prevent overfetching[0m [[0m[1m[34mplanning.record_tracker[0m][0m [36mdefault_size[0m=[35m1500[0m [36mentity[0m=[35mOrders_Qries[0m [36moptimal_size[0m=[35m830[0m [36mremaining_records[0m=[35m830[0m
2025-09-24 10:36:01,546 - workers.proxy_pool - INFO - _make_http_request:177 - [2m2025-09-24T05:06:01.546389Z[0m [[32m[1minfo     [0m] [1m📏 Adjusted batch size for optimal fetching[0m [[0m[1m[34mworkers.proxy_pool[0m][0m [36mcommand_id[0m=[35mOrders_Qries_page_1[0m [36mentity[0m=[35mOrders_Qries[0m [36moptimal_top[0m=[35m830[0m [36moriginal_top[0m=[35m1500[0m [36mworker_id[0m=[35mworker_2[0m
2025-09-24 10:36:01,550 - storage.transformer - INFO - transform_odata_response:62 - [2m2025-09-24T05:06:01.549909Z[0m [[32m[1minfo     [0m] [1mStarting transformation       [0m [[0m[1m[34mstorage.transformer[0m][0m [36mentity_name[0m=[35mOrder_Details[0m [36mresponse_keys[0m=[35m['@odata.context', 'value', '@odata.nextLink'][0m
2025-09-24 10:36:01,558 - storage.transformer - INFO - transform_odata_response:101 - [2m2025-09-24T05:06:01.557028Z[0m [[32m[1minfo     [0m] [1mTransformation completed      [0m [[0m[1m[34mstorage.transformer[0m][0m [36mentity_name[0m=[35mOrder_Details[0m [36minput_records[0m=[35m500[0m [36moutput_records[0m=[35m500[0m [36mtransformation_time_seconds[0m=[35m0.016[0m
2025-09-24 10:36:01,559 - storage.local_storage - INFO - store_processed_records:145 - [2m2025-09-24T05:06:01.559029Z[0m [[32m[1minfo     [0m] [1mStoring processed records     [0m [[0m[1m[34mstorage.local_storage[0m][0m [36mentity_name[0m=[35mOrder_Details[0m [36mformat[0m=[35mjson[0m [36mrecord_count[0m=[35m500[0m
2025-09-24 10:36:01,567 - storage.local_storage - INFO - store_processed_records:160 - [2m2025-09-24T05:06:01.567554Z[0m [[32m[1minfo     [0m] [1mSuccessfully stored processed records[0m [[0m[1m[34mstorage.local_storage[0m][0m [36mentity_name[0m=[35mOrder_Details[0m [36mfile_path[0m=[35m./test_output/processed\Order_Details_20250924_050601.json[0m [36mrecord_count[0m=[35m500[0m [36mstorage_time_seconds[0m=[35m0.0[0m
2025-09-24 10:36:01,571 - storage.local_storage - INFO - store_raw_response:89 - [2m2025-09-24T05:06:01.571576Z[0m [[32m[1minfo     [0m] [1mSuccessfully stored raw data  [0m [[0m[1m[34mstorage.local_storage[0m][0m [36mentity_name[0m=[35mOrder_Details[0m [36mfile_path[0m=[35m./test_output/raw\Order_Details\2025/09/24\05\Order_Details_page_2.json[0m [36msize_bytes[0m=[35m71190[0m [36mstorage_time_seconds[0m=[35m0.016[0m
2025-09-24 10:36:01,573 - httpcore.http11 - DEBUG - atrace:87 - send_request_headers.started request=<Request [b'GET']>
2025-09-24 10:36:01,574 - httpcore.http11 - DEBUG - atrace:87 - send_request_headers.complete
2025-09-24 10:36:01,575 - httpcore.http11 - DEBUG - atrace:87 - send_request_body.started request=<Request [b'GET']>
2025-09-24 10:36:01,575 - httpcore.http11 - DEBUG - atrace:87 - send_request_body.complete
2025-09-24 10:36:01,575 - httpcore.http11 - DEBUG - atrace:87 - receive_response_headers.started request=<Request [b'GET']>
2025-09-24 10:36:01,657 - httpcore.http11 - DEBUG - atrace:87 - receive_response_headers.complete return_value=(b'HTTP/1.1', 200, b'OK', [(b'Content-Length', b'3140'), (b'Content-Type', b'application/json;odata.metadata=minimal;odata.streaming=true;IEEE754Compatible=false;charset=utf-8'), (b'Date', b'Wed, 24 Sep 2025 05:06:01 GMT'), (b'Server', b'Microsoft-IIS/10.0'), (b'Access-Control-Allow-Headers', b'Accept, Origin, Content-Type, MaxDataServiceVersion'), (b'Access-Control-Allow-Methods', b'GET'), (b'Access-Control-Allow-Origin', b'*'), (b'Access-Control-Expose-Headers', b'DataServiceVersion'), (b'Cache-Control', b'private'), (b'Content-Encoding', b'gzip'), (b'Expires', b'Wed, 24 Sep 2025 05:07:02 GMT'), (b'Vary', b'*'), (b'X-Content-Type-Options', b'nosniff'), (b'OData-Version', b'4.0;'), (b'X-AspNet-Version', b'4.0.30319'), (b'X-Powered-By', b'ASP.NET')])
2025-09-24 10:36:01,657 - httpx - INFO - _send_single_request:1740 - HTTP Request: GET https://services.odata.org/V4/Northwind/Northwind.svc/Order_Details_Extendeds?%24skip=0&%24top=1500 "HTTP/1.1 200 OK"
2025-09-24 10:36:01,659 - httpcore.http11 - DEBUG - atrace:87 - receive_response_body.started request=<Request [b'GET']>
2025-09-24 10:36:01,660 - httpcore.http11 - DEBUG - atrace:87 - receive_response_body.complete
2025-09-24 10:36:01,660 - httpcore.http11 - DEBUG - atrace:87 - response_closed.started
2025-09-24 10:36:01,661 - httpcore.http11 - DEBUG - atrace:87 - response_closed.complete
2025-09-24 10:36:01,663 - workers.proxy_pool - INFO - _make_http_request:250 - [2m2025-09-24T05:06:01.662728Z[0m [[32m[1minfo     [0m] [1m📊 Worker successfully fetched data[0m [[0m[1m[34mworkers.proxy_pool[0m][0m [36mactual_records_added[0m=[35m100[0m [36mcommand_id[0m=[35mOrder_Details_Extendeds_page_1[0m [36mentity[0m=[35mOrder_Details_Extendeds[0m [36mentity_total_fetched[0m=[35m100[0m [36mglobal_total_fetched[0m=[35m2782[0m [36mhas_next_page[0m=[35mTrue[0m [36mrecords_in_response[0m=[35m100[0m [36mworker_id[0m=[35mworker_1[0m
2025-09-24 10:36:01,664 - workers.proxy_pool - INFO - execute:110 - [2m2025-09-24T05:06:01.664721Z[0m [[32m[1minfo     [0m] [1m✅ Worker completed command successfully[0m [[0m[1m[34mworkers.proxy_pool[0m][0m [36mcommand_id[0m=[35mOrder_Details_Extendeds_page_1[0m [36mentity[0m=[35mOrder_Details_Extendeds[0m [36mexecution_time_seconds[0m=[35m0.39[0m [36mhas_next_page[0m=[35mTrue[0m [36mrecords_fetched[0m=[35m100[0m [36mworker_id[0m=[35mworker_1[0m
2025-09-24 10:36:01,664 - workers.proxy_pool - INFO - _worker_loop:460 - [2m2025-09-24T05:06:01.664721Z[0m [[32m[1minfo     [0m] [1m📋 Worker picked up command from queue[0m [[0m[1m[34mworkers.proxy_pool[0m][0m [36mcommand_id[0m=[35mProducts_Above_Average_Prices_page_1[0m [36mentity[0m=[35mProducts_Above_Average_Prices[0m [36mqueue_size_after_pickup[0m=[35m19[0m [36mworker_id[0m=[35mworker_1[0m [36mworker_status[0m=[35mPROCESSING[0m
2025-09-24 10:36:01,666 - workers.proxy_pool - INFO - execute:59 - [2m2025-09-24T05:06:01.666232Z[0m [[32m[1minfo     [0m] [1m🚀 Worker starting command execution[0m [[0m[1m[34mworkers.proxy_pool[0m][0m [36mcommand_id[0m=[35mProducts_Above_Average_Prices_page_1[0m [36mcommand_type[0m=[35mfetch_page[0m [36mentity[0m=[35mProducts_Above_Average_Prices[0m [36mpriority[0m=[35m1[0m [36mretry_count[0m=[35m0[0m [36mskip[0m=[35m0[0m [36mtop[0m=[35m1500[0m [36mworker_id[0m=[35mworker_1[0m
2025-09-24 10:36:01,667 - workers.proxy_pool - INFO - execute:82 - [2m2025-09-24T05:06:01.667245Z[0m [[32m[1minfo     [0m] [1m🔄 Worker executing request with resilience patterns[0m [[0m[1m[34mworkers.proxy_pool[0m][0m [36mcircuit_breaker_state[0m=[35mclosed[0m [36mcommand_id[0m=[35mProducts_Above_Average_Prices_page_1[0m [36mworker_id[0m=[35mworker_1[0m
2025-09-24 10:36:01,667 - planning.record_tracker - INFO - calculate_optimal_batch_size:206 - [2m2025-09-24T05:06:01.667245Z[0m [[32m[1minfo     [0m] [1mAdjusted batch size to prevent overfetching[0m [[0m[1m[34mplanning.record_tracker[0m][0m [36mdefault_size[0m=[35m1500[0m [36mentity[0m=[35mProducts_Above_Average_Prices[0m [36moptimal_size[0m=[35m25[0m [36mremaining_records[0m=[35m25[0m
2025-09-24 10:36:01,668 - workers.proxy_pool - INFO - _make_http_request:177 - [2m2025-09-24T05:06:01.668242Z[0m [[32m[1minfo     [0m] [1m📏 Adjusted batch size for optimal fetching[0m [[0m[1m[34mworkers.proxy_pool[0m][0m [36mcommand_id[0m=[35mProducts_Above_Average_Prices_page_1[0m [36mentity[0m=[35mProducts_Above_Average_Prices[0m [36moptimal_top[0m=[35m25[0m [36moriginal_top[0m=[35m1500[0m [36mworker_id[0m=[35mworker_1[0m
2025-09-24 10:36:01,669 - storage.transformer - INFO - transform_odata_response:62 - [2m2025-09-24T05:06:01.669245Z[0m [[32m[1minfo     [0m] [1mStarting transformation       [0m [[0m[1m[34mstorage.transformer[0m][0m [36mentity_name[0m=[35mOrder_Details_Extendeds[0m [36mresponse_keys[0m=[35m['@odata.context', 'value', '@odata.nextLink'][0m
2025-09-24 10:36:01,673 - storage.transformer - INFO - transform_odata_response:101 - [2m2025-09-24T05:06:01.673246Z[0m [[32m[1minfo     [0m] [1mTransformation completed      [0m [[0m[1m[34mstorage.transformer[0m][0m [36mentity_name[0m=[35mOrder_Details_Extendeds[0m [36minput_records[0m=[35m100[0m [36moutput_records[0m=[35m100[0m [36mtransformation_time_seconds[0m=[35m0.0[0m
2025-09-24 10:36:01,675 - storage.local_storage - INFO - store_processed_records:145 - [2m2025-09-24T05:06:01.675316Z[0m [[32m[1minfo     [0m] [1mStoring processed records     [0m [[0m[1m[34mstorage.local_storage[0m][0m [36mentity_name[0m=[35mOrder_Details_Extendeds[0m [36mformat[0m=[35mjson[0m [36mrecord_count[0m=[35m100[0m
2025-09-24 10:36:01,682 - storage.local_storage - INFO - store_processed_records:160 - [2m2025-09-24T05:06:01.682407Z[0m [[32m[1minfo     [0m] [1mSuccessfully stored processed records[0m [[0m[1m[34mstorage.local_storage[0m][0m [36mentity_name[0m=[35mOrder_Details_Extendeds[0m [36mfile_path[0m=[35m./test_output/processed\Order_Details_Extendeds_20250924_050601.json[0m [36mrecord_count[0m=[35m100[0m [36mstorage_time_seconds[0m=[35m0.016[0m
2025-09-24 10:36:01,688 - storage.local_storage - INFO - store_raw_response:89 - [2m2025-09-24T05:06:01.688432Z[0m [[32m[1minfo     [0m] [1mSuccessfully stored raw data  [0m [[0m[1m[34mstorage.local_storage[0m][0m [36mentity_name[0m=[35mOrder_Details_Extendeds[0m [36mfile_path[0m=[35m./test_output/raw\Order_Details_Extendeds\2025/09/24\05\Order_Details_Extendeds_page_1.json[0m [36msize_bytes[0m=[35m22068[0m [36mstorage_time_seconds[0m=[35m0.0[0m
2025-09-24 10:36:01,690 - httpcore.http11 - DEBUG - atrace:87 - send_request_headers.started request=<Request [b'GET']>
2025-09-24 10:36:01,690 - httpcore.http11 - DEBUG - atrace:87 - send_request_headers.complete
2025-09-24 10:36:01,691 - httpcore.http11 - DEBUG - atrace:87 - send_request_body.started request=<Request [b'GET']>
2025-09-24 10:36:01,692 - httpcore.http11 - DEBUG - atrace:87 - send_request_body.complete
2025-09-24 10:36:01,692 - httpcore.http11 - DEBUG - atrace:87 - receive_response_headers.started request=<Request [b'GET']>
2025-09-24 10:36:01,758 - httpcore.http11 - DEBUG - atrace:87 - receive_response_headers.complete return_value=(b'HTTP/1.1', 200, b'OK', [(b'Content-Length', b'3390'), (b'Content-Type', b'application/json;odata.metadata=minimal;odata.streaming=true;IEEE754Compatible=false;charset=utf-8'), (b'Date', b'Wed, 24 Sep 2025 05:06:01 GMT'), (b'Server', b'Microsoft-IIS/10.0'), (b'Access-Control-Allow-Headers', b'Accept, Origin, Content-Type, MaxDataServiceVersion'), (b'Access-Control-Allow-Methods', b'GET'), (b'Access-Control-Allow-Origin', b'*'), (b'Access-Control-Expose-Headers', b'DataServiceVersion'), (b'Cache-Control', b'private'), (b'Content-Encoding', b'gzip'), (b'Expires', b'Wed, 24 Sep 2025 05:07:02 GMT'), (b'Vary', b'*'), (b'X-Content-Type-Options', b'nosniff'), (b'OData-Version', b'4.0;'), (b'X-AspNet-Version', b'4.0.30319'), (b'X-Powered-By', b'ASP.NET')])
2025-09-24 10:36:01,759 - httpx - INFO - _send_single_request:1740 - HTTP Request: GET https://services.odata.org/V4/Northwind/Northwind.svc/Order_Details_Extendeds?%24skip=1500&%24top=1500 "HTTP/1.1 200 OK"
2025-09-24 10:36:01,759 - httpcore.http11 - DEBUG - atrace:87 - receive_response_body.started request=<Request [b'GET']>
2025-09-24 10:36:01,760 - httpcore.http11 - DEBUG - atrace:87 - receive_response_body.complete
2025-09-24 10:36:01,760 - httpcore.http11 - DEBUG - atrace:87 - response_closed.started
2025-09-24 10:36:01,760 - httpcore.http11 - DEBUG - atrace:87 - response_closed.complete
2025-09-24 10:36:01,761 - workers.proxy_pool - INFO - _make_http_request:250 - [2m2025-09-24T05:06:01.761085Z[0m [[32m[1minfo     [0m] [1m📊 Worker successfully fetched data[0m [[0m[1m[34mworkers.proxy_pool[0m][0m [36mactual_records_added[0m=[35m100[0m [36mcommand_id[0m=[35mOrder_Details_Extendeds_page_2[0m [36mentity[0m=[35mOrder_Details_Extendeds[0m [36mentity_total_fetched[0m=[35m200[0m [36mglobal_total_fetched[0m=[35m2882[0m [36mhas_next_page[0m=[35mTrue[0m [36mrecords_in_response[0m=[35m100[0m [36mworker_id[0m=[35mworker_0[0m
2025-09-24 10:36:01,762 - workers.proxy_pool - INFO - execute:110 - [2m2025-09-24T05:06:01.762085Z[0m [[32m[1minfo     [0m] [1m✅ Worker completed command successfully[0m [[0m[1m[34mworkers.proxy_pool[0m][0m [36mcommand_id[0m=[35mOrder_Details_Extendeds_page_2[0m [36mentity[0m=[35mOrder_Details_Extendeds[0m [36mexecution_time_seconds[0m=[35m0.31[0m [36mhas_next_page[0m=[35mTrue[0m [36mrecords_fetched[0m=[35m100[0m [36mworker_id[0m=[35mworker_0[0m
2025-09-24 10:36:01,762 - workers.proxy_pool - INFO - _worker_loop:460 - [2m2025-09-24T05:06:01.762085Z[0m [[32m[1minfo     [0m] [1m📋 Worker picked up command from queue[0m [[0m[1m[34mworkers.proxy_pool[0m][0m [36mcommand_id[0m=[35mProducts_by_Categories_page_1[0m [36mentity[0m=[35mProducts_by_Categories[0m [36mqueue_size_after_pickup[0m=[35m19[0m [36mworker_id[0m=[35mworker_0[0m [36mworker_status[0m=[35mPROCESSING[0m
2025-09-24 10:36:01,763 - workers.proxy_pool - INFO - execute:59 - [2m2025-09-24T05:06:01.763089Z[0m [[32m[1minfo     [0m] [1m🚀 Worker starting command execution[0m [[0m[1m[34mworkers.proxy_pool[0m][0m [36mcommand_id[0m=[35mProducts_by_Categories_page_1[0m [36mcommand_type[0m=[35mfetch_page[0m [36mentity[0m=[35mProducts_by_Categories[0m [36mpriority[0m=[35m1[0m [36mretry_count[0m=[35m0[0m [36mskip[0m=[35m0[0m [36mtop[0m=[35m1500[0m [36mworker_id[0m=[35mworker_0[0m
2025-09-24 10:36:01,764 - workers.proxy_pool - INFO - execute:82 - [2m2025-09-24T05:06:01.764095Z[0m [[32m[1minfo     [0m] [1m🔄 Worker executing request with resilience patterns[0m [[0m[1m[34mworkers.proxy_pool[0m][0m [36mcircuit_breaker_state[0m=[35mclosed[0m [36mcommand_id[0m=[35mProducts_by_Categories_page_1[0m [36mworker_id[0m=[35mworker_0[0m
2025-09-24 10:36:01,764 - planning.record_tracker - INFO - calculate_optimal_batch_size:206 - [2m2025-09-24T05:06:01.764095Z[0m [[32m[1minfo     [0m] [1mAdjusted batch size to prevent overfetching[0m [[0m[1m[34mplanning.record_tracker[0m][0m [36mdefault_size[0m=[35m1500[0m [36mentity[0m=[35mProducts_by_Categories[0m [36moptimal_size[0m=[35m69[0m [36mremaining_records[0m=[35m69[0m
2025-09-24 10:36:01,765 - workers.proxy_pool - INFO - _make_http_request:177 - [2m2025-09-24T05:06:01.765089Z[0m [[32m[1minfo     [0m] [1m📏 Adjusted batch size for optimal fetching[0m [[0m[1m[34mworkers.proxy_pool[0m][0m [36mcommand_id[0m=[35mProducts_by_Categories_page_1[0m [36mentity[0m=[35mProducts_by_Categories[0m [36moptimal_top[0m=[35m69[0m [36moriginal_top[0m=[35m1500[0m [36mworker_id[0m=[35mworker_0[0m
2025-09-24 10:36:01,766 - storage.transformer - INFO - transform_odata_response:62 - [2m2025-09-24T05:06:01.766093Z[0m [[32m[1minfo     [0m] [1mStarting transformation       [0m [[0m[1m[34mstorage.transformer[0m][0m [36mentity_name[0m=[35mOrder_Details_Extendeds[0m [36mresponse_keys[0m=[35m['@odata.context', 'value', '@odata.nextLink'][0m
2025-09-24 10:36:01,769 - storage.transformer - INFO - transform_odata_response:101 - [2m2025-09-24T05:06:01.768974Z[0m [[32m[1minfo     [0m] [1mTransformation completed      [0m [[0m[1m[34mstorage.transformer[0m][0m [36mentity_name[0m=[35mOrder_Details_Extendeds[0m [36minput_records[0m=[35m100[0m [36moutput_records[0m=[35m100[0m [36mtransformation_time_seconds[0m=[35m0.0[0m
2025-09-24 10:36:01,769 - storage.local_storage - INFO - store_processed_records:145 - [2m2025-09-24T05:06:01.769994Z[0m [[32m[1minfo     [0m] [1mStoring processed records     [0m [[0m[1m[34mstorage.local_storage[0m][0m [36mentity_name[0m=[35mOrder_Details_Extendeds[0m [36mformat[0m=[35mjson[0m [36mrecord_count[0m=[35m100[0m
2025-09-24 10:36:01,776 - storage.local_storage - INFO - store_processed_records:160 - [2m2025-09-24T05:06:01.776991Z[0m [[32m[1minfo     [0m] [1mSuccessfully stored processed records[0m [[0m[1m[34mstorage.local_storage[0m][0m [36mentity_name[0m=[35mOrder_Details_Extendeds[0m [36mfile_path[0m=[35m./test_output/processed\Order_Details_Extendeds_20250924_050601.json[0m [36mrecord_count[0m=[35m100[0m [36mstorage_time_seconds[0m=[35m0.016[0m
2025-09-24 10:36:01,782 - storage.local_storage - INFO - store_raw_response:89 - [2m2025-09-24T05:06:01.782002Z[0m [[32m[1minfo     [0m] [1mSuccessfully stored raw data  [0m [[0m[1m[34mstorage.local_storage[0m][0m [36mentity_name[0m=[35mOrder_Details_Extendeds[0m [36mfile_path[0m=[35m./test_output/raw\Order_Details_Extendeds\2025/09/24\05\Order_Details_Extendeds_page_2.json[0m [36msize_bytes[0m=[35m22422[0m [36mstorage_time_seconds[0m=[35m0.0[0m
2025-09-24 10:36:01,782 - httpcore.http11 - DEBUG - atrace:87 - send_request_headers.started request=<Request [b'GET']>
2025-09-24 10:36:01,783 - httpcore.http11 - DEBUG - atrace:87 - send_request_headers.complete
2025-09-24 10:36:01,783 - httpcore.http11 - DEBUG - atrace:87 - send_request_body.started request=<Request [b'GET']>
2025-09-24 10:36:01,784 - httpcore.http11 - DEBUG - atrace:87 - send_request_body.complete
2025-09-24 10:36:01,784 - httpcore.http11 - DEBUG - atrace:87 - receive_response_headers.started request=<Request [b'GET']>
2025-09-24 10:36:01,894 - httpcore.http11 - DEBUG - atrace:87 - receive_response_headers.complete return_value=(b'HTTP/1.1', 200, b'OK', [(b'Content-Length', b'6604'), (b'Content-Type', b'application/json;odata.metadata=minimal;odata.streaming=true;IEEE754Compatible=false;charset=utf-8'), (b'Date', b'Wed, 24 Sep 2025 05:06:01 GMT'), (b'Server', b'Microsoft-IIS/10.0'), (b'Access-Control-Allow-Headers', b'Accept, Origin, Content-Type, MaxDataServiceVersion'), (b'Access-Control-Allow-Methods', b'GET'), (b'Access-Control-Allow-Origin', b'*'), (b'Access-Control-Expose-Headers', b'DataServiceVersion'), (b'Cache-Control', b'private'), (b'Content-Encoding', b'gzip'), (b'Expires', b'Wed, 24 Sep 2025 05:07:02 GMT'), (b'Vary', b'*'), (b'X-Content-Type-Options', b'nosniff'), (b'OData-Version', b'4.0;'), (b'X-AspNet-Version', b'4.0.30319'), (b'X-Powered-By', b'ASP.NET')])
2025-09-24 10:36:01,895 - httpx - INFO - _send_single_request:1740 - HTTP Request: GET https://services.odata.org/V4/Northwind/Northwind.svc/Orders_Qries?%24skip=0&%24top=830 "HTTP/1.1 200 OK"
2025-09-24 10:36:01,896 - httpcore.http11 - DEBUG - atrace:87 - receive_response_body.started request=<Request [b'GET']>
2025-09-24 10:36:01,897 - httpcore.http11 - DEBUG - atrace:87 - receive_response_body.complete
2025-09-24 10:36:01,898 - httpcore.http11 - DEBUG - atrace:87 - response_closed.started
2025-09-24 10:36:01,898 - httpcore.http11 - DEBUG - atrace:87 - response_closed.complete
2025-09-24 10:36:01,900 - workers.proxy_pool - INFO - _make_http_request:250 - [2m2025-09-24T05:06:01.900168Z[0m [[32m[1minfo     [0m] [1m📊 Worker successfully fetched data[0m [[0m[1m[34mworkers.proxy_pool[0m][0m [36mactual_records_added[0m=[35m100[0m [36mcommand_id[0m=[35mOrders_Qries_page_1[0m [36mentity[0m=[35mOrders_Qries[0m [36mentity_total_fetched[0m=[35m100[0m [36mglobal_total_fetched[0m=[35m2982[0m [36mhas_next_page[0m=[35mTrue[0m [36mrecords_in_response[0m=[35m100[0m [36mworker_id[0m=[35mworker_2[0m
2025-09-24 10:36:01,902 - workers.proxy_pool - INFO - execute:110 - [2m2025-09-24T05:06:01.902703Z[0m [[32m[1minfo     [0m] [1m✅ Worker completed command successfully[0m [[0m[1m[34mworkers.proxy_pool[0m][0m [36mcommand_id[0m=[35mOrders_Qries_page_1[0m [36mentity[0m=[35mOrders_Qries[0m [36mexecution_time_seconds[0m=[35m0.36[0m [36mhas_next_page[0m=[35mTrue[0m [36mrecords_fetched[0m=[35m100[0m [36mworker_id[0m=[35mworker_2[0m
2025-09-24 10:36:01,903 - workers.proxy_pool - INFO - _worker_loop:460 - [2m2025-09-24T05:06:01.903697Z[0m [[32m[1minfo     [0m] [1m📋 Worker picked up command from queue[0m [[0m[1m[34mworkers.proxy_pool[0m][0m [36mcommand_id[0m=[35mCategories_page_1[0m [36mentity[0m=[35mCategories[0m [36mqueue_size_after_pickup[0m=[35m19[0m [36mworker_id[0m=[35mworker_2[0m [36mworker_status[0m=[35mPROCESSING[0m
2025-09-24 10:36:01,904 - workers.proxy_pool - INFO - execute:59 - [2m2025-09-24T05:06:01.904701Z[0m [[32m[1minfo     [0m] [1m🚀 Worker starting command execution[0m [[0m[1m[34mworkers.proxy_pool[0m][0m [36mcommand_id[0m=[35mCategories_page_1[0m [36mcommand_type[0m=[35mfetch_page[0m [36mentity[0m=[35mCategories[0m [36mpriority[0m=[35m1[0m [36mretry_count[0m=[35m0[0m [36mskip[0m=[35m0[0m [36mtop[0m=[35m1500[0m [36mworker_id[0m=[35mworker_2[0m
2025-09-24 10:36:01,905 - workers.proxy_pool - INFO - execute:82 - [2m2025-09-24T05:06:01.904701Z[0m [[32m[1minfo     [0m] [1m🔄 Worker executing request with resilience patterns[0m [[0m[1m[34mworkers.proxy_pool[0m][0m [36mcircuit_breaker_state[0m=[35mclosed[0m [36mcommand_id[0m=[35mCategories_page_1[0m [36mworker_id[0m=[35mworker_2[0m
2025-09-24 10:36:01,906 - planning.record_tracker - INFO - calculate_optimal_batch_size:206 - [2m2025-09-24T05:06:01.906413Z[0m [[32m[1minfo     [0m] [1mAdjusted batch size to prevent overfetching[0m [[0m[1m[34mplanning.record_tracker[0m][0m [36mdefault_size[0m=[35m1500[0m [36mentity[0m=[35mCategories[0m [36moptimal_size[0m=[35m8[0m [36mremaining_records[0m=[35m8[0m
2025-09-24 10:36:01,907 - workers.proxy_pool - INFO - _make_http_request:177 - [2m2025-09-24T05:06:01.907431Z[0m [[32m[1minfo     [0m] [1m📏 Adjusted batch size for optimal fetching[0m [[0m[1m[34mworkers.proxy_pool[0m][0m [36mcommand_id[0m=[35mCategories_page_1[0m [36mentity[0m=[35mCategories[0m [36moptimal_top[0m=[35m8[0m [36moriginal_top[0m=[35m1500[0m [36mworker_id[0m=[35mworker_2[0m
2025-09-24 10:36:01,911 - storage.transformer - INFO - transform_odata_response:62 - [2m2025-09-24T05:06:01.911435Z[0m [[32m[1minfo     [0m] [1mStarting transformation       [0m [[0m[1m[34mstorage.transformer[0m][0m [36mentity_name[0m=[35mOrders_Qries[0m [36mresponse_keys[0m=[35m['@odata.context', 'value', '@odata.nextLink'][0m
2025-09-24 10:36:01,915 - storage.transformer - INFO - transform_odata_response:101 - [2m2025-09-24T05:06:01.915972Z[0m [[32m[1minfo     [0m] [1mTransformation completed      [0m [[0m[1m[34mstorage.transformer[0m][0m [36mentity_name[0m=[35mOrders_Qries[0m [36minput_records[0m=[35m100[0m [36moutput_records[0m=[35m100[0m [36mtransformation_time_seconds[0m=[35m0.015[0m
2025-09-24 10:36:01,915 - storage.local_storage - INFO - store_processed_records:145 - [2m2025-09-24T05:06:01.915972Z[0m [[32m[1minfo     [0m] [1mStoring processed records     [0m [[0m[1m[34mstorage.local_storage[0m][0m [36mentity_name[0m=[35mOrders_Qries[0m [36mformat[0m=[35mjson[0m [36mrecord_count[0m=[35m100[0m
2025-09-24 10:36:01,919 - storage.local_storage - INFO - store_processed_records:160 - [2m2025-09-24T05:06:01.919471Z[0m [[32m[1minfo     [0m] [1mSuccessfully stored processed records[0m [[0m[1m[34mstorage.local_storage[0m][0m [36mentity_name[0m=[35mOrders_Qries[0m [36mfile_path[0m=[35m./test_output/processed\Orders_Qries_20250924_050601.json[0m [36mrecord_count[0m=[35m100[0m [36mstorage_time_seconds[0m=[35m0.0[0m
2025-09-24 10:36:01,928 - storage.local_storage - INFO - store_raw_response:89 - [2m2025-09-24T05:06:01.928181Z[0m [[32m[1minfo     [0m] [1mSuccessfully stored raw data  [0m [[0m[1m[34mstorage.local_storage[0m][0m [36mentity_name[0m=[35mOrders_Qries[0m [36mfile_path[0m=[35m./test_output/raw\Orders_Qries\2025/09/24\05\Orders_Qries_page_1.json[0m [36msize_bytes[0m=[35m70626[0m [36mstorage_time_seconds[0m=[35m0.0[0m
2025-09-24 10:36:01,930 - httpcore.http11 - DEBUG - atrace:87 - send_request_headers.started request=<Request [b'GET']>
2025-09-24 10:36:01,932 - httpcore.http11 - DEBUG - atrace:87 - send_request_headers.complete
2025-09-24 10:36:01,933 - httpcore.http11 - DEBUG - atrace:87 - send_request_body.started request=<Request [b'GET']>
2025-09-24 10:36:01,933 - httpcore.http11 - DEBUG - atrace:87 - send_request_body.complete
2025-09-24 10:36:01,933 - httpcore.http11 - DEBUG - atrace:87 - receive_response_headers.started request=<Request [b'GET']>
2025-09-24 10:36:01,992 - httpcore.http11 - DEBUG - atrace:87 - receive_response_headers.complete return_value=(b'HTTP/1.1', 200, b'OK', [(b'Content-Length', b'764'), (b'Content-Type', b'application/json;odata.metadata=minimal;odata.streaming=true;IEEE754Compatible=false;charset=utf-8'), (b'Date', b'Wed, 24 Sep 2025 05:06:01 GMT'), (b'Server', b'Microsoft-IIS/10.0'), (b'Access-Control-Allow-Headers', b'Accept, Origin, Content-Type, MaxDataServiceVersion'), (b'Access-Control-Allow-Methods', b'GET'), (b'Access-Control-Allow-Origin', b'*'), (b'Access-Control-Expose-Headers', b'DataServiceVersion'), (b'Cache-Control', b'private'), (b'Content-Encoding', b'gzip'), (b'Expires', b'Wed, 24 Sep 2025 05:07:02 GMT'), (b'Vary', b'*'), (b'X-Content-Type-Options', b'nosniff'), (b'OData-Version', b'4.0;'), (b'X-AspNet-Version', b'4.0.30319'), (b'X-Powered-By', b'ASP.NET')])
2025-09-24 10:36:01,992 - httpx - INFO - _send_single_request:1740 - HTTP Request: GET https://services.odata.org/V4/Northwind/Northwind.svc/Products_Above_Average_Prices?%24skip=0&%24top=25 "HTTP/1.1 200 OK"
2025-09-24 10:36:02,005 - httpcore.http11 - DEBUG - atrace:87 - receive_response_body.started request=<Request [b'GET']>
2025-09-24 10:36:02,008 - httpcore.http11 - DEBUG - atrace:87 - receive_response_body.complete
2025-09-24 10:36:02,008 - httpcore.http11 - DEBUG - atrace:87 - response_closed.started
2025-09-24 10:36:02,009 - httpcore.http11 - DEBUG - atrace:87 - response_closed.complete
2025-09-24 10:36:02,009 - planning.record_tracker - INFO - add_page_records:38 - [2m2025-09-24T05:06:02.009603Z[0m [[32m[1minfo     [0m] [1m✅ Entity record fetching complete[0m [[0m[1m[34mplanning.record_tracker[0m][0m [36mentity[0m=[35mProducts_Above_Average_Prices[0m [36mfetched[0m=[35m25[0m [36mtarget[0m=[35m25[0m
2025-09-24 10:36:02,010 - workers.proxy_pool - INFO - _make_http_request:243 - [2m2025-09-24T05:06:02.010971Z[0m [[32m[1minfo     [0m] [1m🎯 Stopping pagination due to record limits[0m [[0m[1m[34mworkers.proxy_pool[0m][0m [36mcommand_id[0m=[35mProducts_Above_Average_Prices_page_1[0m [36mentity[0m=[35mProducts_Above_Average_Prices[0m [36mentity_complete[0m=[35mTrue[0m [36mglobal_limit_reached[0m=[35mNone[0m [36mworker_id[0m=[35mworker_1[0m
2025-09-24 10:36:02,013 - workers.proxy_pool - INFO - _make_http_request:250 - [2m2025-09-24T05:06:02.012507Z[0m [[32m[1minfo     [0m] [1m📊 Worker successfully fetched data[0m [[0m[1m[34mworkers.proxy_pool[0m][0m [36mactual_records_added[0m=[35m25[0m [36mcommand_id[0m=[35mProducts_Above_Average_Prices_page_1[0m [36mentity[0m=[35mProducts_Above_Average_Prices[0m [36mentity_total_fetched[0m=[35m25[0m [36mglobal_total_fetched[0m=[35m3007[0m [36mhas_next_page[0m=[35mFalse[0m [36mrecords_in_response[0m=[35m25[0m [36mworker_id[0m=[35mworker_1[0m
2025-09-24 10:36:02,016 - workers.proxy_pool - INFO - execute:110 - [2m2025-09-24T05:06:02.016535Z[0m [[32m[1minfo     [0m] [1m✅ Worker completed command successfully[0m [[0m[1m[34mworkers.proxy_pool[0m][0m [36mcommand_id[0m=[35mProducts_Above_Average_Prices_page_1[0m [36mentity[0m=[35mProducts_Above_Average_Prices[0m [36mexecution_time_seconds[0m=[35m0.34[0m [36mhas_next_page[0m=[35mFalse[0m [36mrecords_fetched[0m=[35m25[0m [36mworker_id[0m=[35mworker_1[0m
2025-09-24 10:36:02,020 - workers.proxy_pool - INFO - _worker_loop:460 - [2m2025-09-24T05:06:02.019579Z[0m [[32m[1minfo     [0m] [1m📋 Worker picked up command from queue[0m [[0m[1m[34mworkers.proxy_pool[0m][0m [36mcommand_id[0m=[35mCategory_Sales_for_1997_page_1[0m [36mentity[0m=[35mCategory_Sales_for_1997[0m [36mqueue_size_after_pickup[0m=[35m19[0m [36mworker_id[0m=[35mworker_1[0m [36mworker_status[0m=[35mPROCESSING[0m
2025-09-24 10:36:02,021 - workers.proxy_pool - INFO - execute:59 - [2m2025-09-24T05:06:02.021638Z[0m [[32m[1minfo     [0m] [1m🚀 Worker starting command execution[0m [[0m[1m[34mworkers.proxy_pool[0m][0m [36mcommand_id[0m=[35mCategory_Sales_for_1997_page_1[0m [36mcommand_type[0m=[35mfetch_page[0m [36mentity[0m=[35mCategory_Sales_for_1997[0m [36mpriority[0m=[35m1[0m [36mretry_count[0m=[35m0[0m [36mskip[0m=[35m0[0m [36mtop[0m=[35m1500[0m [36mworker_id[0m=[35mworker_1[0m
2025-09-24 10:36:02,025 - workers.proxy_pool - INFO - execute:82 - [2m2025-09-24T05:06:02.024574Z[0m [[32m[1minfo     [0m] [1m🔄 Worker executing request with resilience patterns[0m [[0m[1m[34mworkers.proxy_pool[0m][0m [36mcircuit_breaker_state[0m=[35mclosed[0m [36mcommand_id[0m=[35mCategory_Sales_for_1997_page_1[0m [36mworker_id[0m=[35mworker_1[0m
2025-09-24 10:36:02,027 - planning.record_tracker - INFO - calculate_optimal_batch_size:206 - [2m2025-09-24T05:06:02.027092Z[0m [[32m[1minfo     [0m] [1mAdjusted batch size to prevent overfetching[0m [[0m[1m[34mplanning.record_tracker[0m][0m [36mdefault_size[0m=[35m1500[0m [36mentity[0m=[35mCategory_Sales_for_1997[0m [36moptimal_size[0m=[35m8[0m [36mremaining_records[0m=[35m8[0m
2025-09-24 10:36:02,028 - workers.proxy_pool - INFO - _make_http_request:177 - [2m2025-09-24T05:06:02.028716Z[0m [[32m[1minfo     [0m] [1m📏 Adjusted batch size for optimal fetching[0m [[0m[1m[34mworkers.proxy_pool[0m][0m [36mcommand_id[0m=[35mCategory_Sales_for_1997_page_1[0m [36mentity[0m=[35mCategory_Sales_for_1997[0m [36moptimal_top[0m=[35m8[0m [36moriginal_top[0m=[35m1500[0m [36mworker_id[0m=[35mworker_1[0m
2025-09-24 10:36:02,032 - storage.transformer - INFO - transform_odata_response:62 - [2m2025-09-24T05:06:02.032392Z[0m [[32m[1minfo     [0m] [1mStarting transformation       [0m [[0m[1m[34mstorage.transformer[0m][0m [36mentity_name[0m=[35mProducts_Above_Average_Prices[0m [36mresponse_keys[0m=[35m['@odata.context', 'value'][0m
2025-09-24 10:36:02,035 - storage.transformer - INFO - transform_odata_response:101 - [2m2025-09-24T05:06:02.035920Z[0m [[32m[1minfo     [0m] [1mTransformation completed      [0m [[0m[1m[34mstorage.transformer[0m][0m [36mentity_name[0m=[35mProducts_Above_Average_Prices[0m [36minput_records[0m=[35m25[0m [36moutput_records[0m=[35m25[0m [36mtransformation_time_seconds[0m=[35m0.0[0m
2025-09-24 10:36:02,038 - storage.local_storage - INFO - store_processed_records:145 - [2m2025-09-24T05:06:02.037908Z[0m [[32m[1minfo     [0m] [1mStoring processed records     [0m [[0m[1m[34mstorage.local_storage[0m][0m [36mentity_name[0m=[35mProducts_Above_Average_Prices[0m [36mformat[0m=[35mjson[0m [36mrecord_count[0m=[35m25[0m
2025-09-24 10:36:02,047 - storage.local_storage - INFO - store_processed_records:160 - [2m2025-09-24T05:06:02.046974Z[0m [[32m[1minfo     [0m] [1mSuccessfully stored processed records[0m [[0m[1m[34mstorage.local_storage[0m][0m [36mentity_name[0m=[35mProducts_Above_Average_Prices[0m [36mfile_path[0m=[35m./test_output/processed\Products_Above_Average_Prices_20250924_050602.json[0m [36mrecord_count[0m=[35m25[0m [36mstorage_time_seconds[0m=[35m0.015[0m
2025-09-24 10:36:02,053 - storage.local_storage - INFO - store_raw_response:89 - [2m2025-09-24T05:06:02.053588Z[0m [[32m[1minfo     [0m] [1mSuccessfully stored raw data  [0m [[0m[1m[34mstorage.local_storage[0m][0m [36mentity_name[0m=[35mProducts_Above_Average_Prices[0m [36mfile_path[0m=[35m./test_output/raw\Products_Above_Average_Prices\2025/09/24\05\Products_Above_Average_Prices_page_1.json[0m [36msize_bytes[0m=[35m2555[0m [36mstorage_time_seconds[0m=[35m0.0[0m
2025-09-24 10:36:02,061 - httpcore.http11 - DEBUG - atrace:87 - send_request_headers.started request=<Request [b'GET']>
2025-09-24 10:36:02,062 - httpcore.http11 - DEBUG - atrace:87 - send_request_headers.complete
2025-09-24 10:36:02,062 - httpcore.http11 - DEBUG - atrace:87 - send_request_body.started request=<Request [b'GET']>
2025-09-24 10:36:02,063 - httpcore.http11 - DEBUG - atrace:87 - send_request_body.complete
2025-09-24 10:36:02,063 - httpcore.http11 - DEBUG - atrace:87 - receive_response_headers.started request=<Request [b'GET']>
2025-09-24 10:36:02,110 - httpcore.http11 - DEBUG - atrace:87 - receive_response_headers.complete return_value=(b'HTTP/1.1', 200, b'OK', [(b'Content-Length', b'2280'), (b'Content-Type', b'application/json;odata.metadata=minimal;odata.streaming=true;IEEE754Compatible=false;charset=utf-8'), (b'Date', b'Wed, 24 Sep 2025 05:06:02 GMT'), (b'Server', b'Microsoft-IIS/10.0'), (b'Access-Control-Allow-Headers', b'Accept, Origin, Content-Type, MaxDataServiceVersion'), (b'Access-Control-Allow-Methods', b'GET'), (b'Access-Control-Allow-Origin', b'*'), (b'Access-Control-Expose-Headers', b'DataServiceVersion'), (b'Cache-Control', b'private'), (b'Content-Encoding', b'gzip'), (b'Expires', b'Wed, 24 Sep 2025 05:07:02 GMT'), (b'Vary', b'*'), (b'X-Content-Type-Options', b'nosniff'), (b'OData-Version', b'4.0;'), (b'X-AspNet-Version', b'4.0.30319'), (b'X-Powered-By', b'ASP.NET')])
2025-09-24 10:36:02,111 - httpx - INFO - _send_single_request:1740 - HTTP Request: GET https://services.odata.org/V4/Northwind/Northwind.svc/Products_by_Categories?%24skip=0&%24top=69 "HTTP/1.1 200 OK"
2025-09-24 10:36:02,112 - httpcore.http11 - DEBUG - atrace:87 - receive_response_body.started request=<Request [b'GET']>
2025-09-24 10:36:02,113 - httpcore.http11 - DEBUG - atrace:87 - receive_response_body.complete
2025-09-24 10:36:02,113 - httpcore.http11 - DEBUG - atrace:87 - response_closed.started
2025-09-24 10:36:02,113 - httpcore.http11 - DEBUG - atrace:87 - response_closed.complete
2025-09-24 10:36:02,114 - planning.record_tracker - INFO - add_page_records:38 - [2m2025-09-24T05:06:02.114470Z[0m [[32m[1minfo     [0m] [1m✅ Entity record fetching complete[0m [[0m[1m[34mplanning.record_tracker[0m][0m [36mentity[0m=[35mProducts_by_Categories[0m [36mfetched[0m=[35m69[0m [36mtarget[0m=[35m69[0m
2025-09-24 10:36:02,117 - workers.proxy_pool - INFO - _make_http_request:243 - [2m2025-09-24T05:06:02.117990Z[0m [[32m[1minfo     [0m] [1m🎯 Stopping pagination due to record limits[0m [[0m[1m[34mworkers.proxy_pool[0m][0m [36mcommand_id[0m=[35mProducts_by_Categories_page_1[0m [36mentity[0m=[35mProducts_by_Categories[0m [36mentity_complete[0m=[35mTrue[0m [36mglobal_limit_reached[0m=[35mNone[0m [36mworker_id[0m=[35mworker_0[0m
2025-09-24 10:36:02,124 - workers.proxy_pool - INFO - _make_http_request:250 - [2m2025-09-24T05:06:02.122029Z[0m [[32m[1minfo     [0m] [1m📊 Worker successfully fetched data[0m [[0m[1m[34mworkers.proxy_pool[0m][0m [36mactual_records_added[0m=[35m69[0m [36mcommand_id[0m=[35mProducts_by_Categories_page_1[0m [36mentity[0m=[35mProducts_by_Categories[0m [36mentity_total_fetched[0m=[35m69[0m [36mglobal_total_fetched[0m=[35m3076[0m [36mhas_next_page[0m=[35mFalse[0m [36mrecords_in_response[0m=[35m69[0m [36mworker_id[0m=[35mworker_0[0m
2025-09-24 10:36:02,131 - workers.proxy_pool - INFO - execute:110 - [2m2025-09-24T05:06:02.131027Z[0m [[32m[1minfo     [0m] [1m✅ Worker completed command successfully[0m [[0m[1m[34mworkers.proxy_pool[0m][0m [36mcommand_id[0m=[35mProducts_by_Categories_page_1[0m [36mentity[0m=[35mProducts_by_Categories[0m [36mexecution_time_seconds[0m=[35m0.36[0m [36mhas_next_page[0m=[35mFalse[0m [36mrecords_fetched[0m=[35m69[0m [36mworker_id[0m=[35mworker_0[0m
2025-09-24 10:36:02,134 - workers.proxy_pool - INFO - _worker_loop:460 - [2m2025-09-24T05:06:02.133030Z[0m [[32m[1minfo     [0m] [1m📋 Worker picked up command from queue[0m [[0m[1m[34mworkers.proxy_pool[0m][0m [36mcommand_id[0m=[35mCustomers_page_1[0m [36mentity[0m=[35mCustomers[0m [36mqueue_size_after_pickup[0m=[35m18[0m [36mworker_id[0m=[35mworker_0[0m [36mworker_status[0m=[35mPROCESSING[0m
2025-09-24 10:36:02,141 - workers.proxy_pool - INFO - execute:59 - [2m2025-09-24T05:06:02.141619Z[0m [[32m[1minfo     [0m] [1m🚀 Worker starting command execution[0m [[0m[1m[34mworkers.proxy_pool[0m][0m [36mcommand_id[0m=[35mCustomers_page_1[0m [36mcommand_type[0m=[35mfetch_page[0m [36mentity[0m=[35mCustomers[0m [36mpriority[0m=[35m1[0m [36mretry_count[0m=[35m0[0m [36mskip[0m=[35m0[0m [36mtop[0m=[35m1500[0m [36mworker_id[0m=[35mworker_0[0m
2025-09-24 10:36:02,146 - workers.proxy_pool - INFO - execute:82 - [2m2025-09-24T05:06:02.146550Z[0m [[32m[1minfo     [0m] [1m🔄 Worker executing request with resilience patterns[0m [[0m[1m[34mworkers.proxy_pool[0m][0m [36mcircuit_breaker_state[0m=[35mclosed[0m [36mcommand_id[0m=[35mCustomers_page_1[0m [36mworker_id[0m=[35mworker_0[0m
2025-09-24 10:36:02,147 - planning.record_tracker - INFO - calculate_optimal_batch_size:206 - [2m2025-09-24T05:06:02.147549Z[0m [[32m[1minfo     [0m] [1mAdjusted batch size to prevent overfetching[0m [[0m[1m[34mplanning.record_tracker[0m][0m [36mdefault_size[0m=[35m1500[0m [36mentity[0m=[35mCustomers[0m [36moptimal_size[0m=[35m91[0m [36mremaining_records[0m=[35m91[0m
2025-09-24 10:36:02,148 - workers.proxy_pool - INFO - _make_http_request:177 - [2m2025-09-24T05:06:02.147549Z[0m [[32m[1minfo     [0m] [1m📏 Adjusted batch size for optimal fetching[0m [[0m[1m[34mworkers.proxy_pool[0m][0m [36mcommand_id[0m=[35mCustomers_page_1[0m [36mentity[0m=[35mCustomers[0m [36moptimal_top[0m=[35m91[0m [36moriginal_top[0m=[35m1500[0m [36mworker_id[0m=[35mworker_0[0m
2025-09-24 10:36:02,149 - storage.transformer - INFO - transform_odata_response:62 - [2m2025-09-24T05:06:02.149549Z[0m [[32m[1minfo     [0m] [1mStarting transformation       [0m [[0m[1m[34mstorage.transformer[0m][0m [36mentity_name[0m=[35mProducts_by_Categories[0m [36mresponse_keys[0m=[35m['@odata.context', 'value'][0m
2025-09-24 10:36:02,159 - storage.transformer - INFO - transform_odata_response:101 - [2m2025-09-24T05:06:02.158620Z[0m [[32m[1minfo     [0m] [1mTransformation completed      [0m [[0m[1m[34mstorage.transformer[0m][0m [36mentity_name[0m=[35mProducts_by_Categories[0m [36minput_records[0m=[35m69[0m [36moutput_records[0m=[35m69[0m [36mtransformation_time_seconds[0m=[35m0.0[0m
2025-09-24 10:36:02,162 - storage.local_storage - INFO - store_processed_records:145 - [2m2025-09-24T05:06:02.162620Z[0m [[32m[1minfo     [0m] [1mStoring processed records     [0m [[0m[1m[34mstorage.local_storage[0m][0m [36mentity_name[0m=[35mProducts_by_Categories[0m [36mformat[0m=[35mjson[0m [36mrecord_count[0m=[35m69[0m
2025-09-24 10:36:02,171 - storage.local_storage - INFO - store_processed_records:160 - [2m2025-09-24T05:06:02.171824Z[0m [[32m[1minfo     [0m] [1mSuccessfully stored processed records[0m [[0m[1m[34mstorage.local_storage[0m][0m [36mentity_name[0m=[35mProducts_by_Categories[0m [36mfile_path[0m=[35m./test_output/processed\Products_by_Categories_20250924_050602.json[0m [36mrecord_count[0m=[35m69[0m [36mstorage_time_seconds[0m=[35m0.015[0m
2025-09-24 10:36:02,183 - storage.local_storage - INFO - store_raw_response:89 - [2m2025-09-24T05:06:02.183354Z[0m [[32m[1minfo     [0m] [1mSuccessfully stored raw data  [0m [[0m[1m[34mstorage.local_storage[0m][0m [36mentity_name[0m=[35mProducts_by_Categories[0m [36mfile_path[0m=[35m./test_output/raw\Products_by_Categories\2025/09/24\05\Products_by_Categories_page_1.json[0m [36msize_bytes[0m=[35m14291[0m [36mstorage_time_seconds[0m=[35m0.0[0m
2025-09-24 10:36:02,187 - httpcore.http11 - DEBUG - atrace:87 - send_request_headers.started request=<Request [b'GET']>
2025-09-24 10:36:02,187 - httpcore.http11 - DEBUG - atrace:87 - send_request_headers.complete
2025-09-24 10:36:02,188 - httpcore.http11 - DEBUG - atrace:87 - send_request_body.started request=<Request [b'GET']>
2025-09-24 10:36:02,188 - httpcore.http11 - DEBUG - atrace:87 - send_request_body.complete
2025-09-24 10:36:02,190 - httpcore.http11 - DEBUG - atrace:87 - receive_response_headers.started request=<Request [b'GET']>
2025-09-24 10:36:02,742 - httpcore.http11 - DEBUG - atrace:87 - receive_response_headers.complete return_value=(b'HTTP/1.1', 200, b'OK', [(b'Content-Length', b'2317'), (b'Content-Type', b'application/json;odata.metadata=minimal;odata.streaming=true;IEEE754Compatible=false;charset=utf-8'), (b'Date', b'Wed, 24 Sep 2025 05:06:02 GMT'), (b'Server', b'Microsoft-IIS/10.0'), (b'Access-Control-Allow-Headers', b'Accept, Origin, Content-Type, MaxDataServiceVersion'), (b'Access-Control-Allow-Methods', b'GET'), (b'Access-Control-Allow-Origin', b'*'), (b'Access-Control-Expose-Headers', b'DataServiceVersion'), (b'Cache-Control', b'private'), (b'Content-Encoding', b'gzip'), (b'Expires', b'Wed, 24 Sep 2025 05:07:03 GMT'), (b'Vary', b'*'), (b'X-Content-Type-Options', b'nosniff'), (b'OData-Version', b'4.0;'), (b'X-AspNet-Version', b'4.0.30319'), (b'X-Powered-By', b'ASP.NET')])
2025-09-24 10:36:02,743 - httpx - INFO - _send_single_request:1740 - HTTP Request: GET https://services.odata.org/V4/Northwind/Northwind.svc/Customers?%24skip=0&%24top=91 "HTTP/1.1 200 OK"
2025-09-24 10:36:02,744 - httpcore.http11 - DEBUG - atrace:87 - receive_response_body.started request=<Request [b'GET']>
2025-09-24 10:36:02,744 - httpcore.http11 - DEBUG - atrace:87 - receive_response_body.complete
2025-09-24 10:36:02,745 - httpcore.http11 - DEBUG - atrace:87 - response_closed.started
2025-09-24 10:36:02,745 - httpcore.http11 - DEBUG - atrace:87 - response_closed.complete
2025-09-24 10:36:02,746 - workers.proxy_pool - INFO - _make_http_request:250 - [2m2025-09-24T05:06:02.745603Z[0m [[32m[1minfo     [0m] [1m📊 Worker successfully fetched data[0m [[0m[1m[34mworkers.proxy_pool[0m][0m [36mactual_records_added[0m=[35m20[0m [36mcommand_id[0m=[35mCustomers_page_1[0m [36mentity[0m=[35mCustomers[0m [36mentity_total_fetched[0m=[35m20[0m [36mglobal_total_fetched[0m=[35m3096[0m [36mhas_next_page[0m=[35mTrue[0m [36mrecords_in_response[0m=[35m20[0m [36mworker_id[0m=[35mworker_0[0m
2025-09-24 10:36:02,747 - workers.proxy_pool - INFO - execute:110 - [2m2025-09-24T05:06:02.747605Z[0m [[32m[1minfo     [0m] [1m✅ Worker completed command successfully[0m [[0m[1m[34mworkers.proxy_pool[0m][0m [36mcommand_id[0m=[35mCustomers_page_1[0m [36mentity[0m=[35mCustomers[0m [36mexecution_time_seconds[0m=[35m0.61[0m [36mhas_next_page[0m=[35mTrue[0m [36mrecords_fetched[0m=[35m20[0m [36mworker_id[0m=[35mworker_0[0m
2025-09-24 10:36:02,748 - workers.proxy_pool - INFO - _worker_loop:460 - [2m2025-09-24T05:06:02.747605Z[0m [[32m[1minfo     [0m] [1m📋 Worker picked up command from queue[0m [[0m[1m[34mworkers.proxy_pool[0m][0m [36mcommand_id[0m=[35mSummary_of_Sales_by_Quarters_page_1[0m [36mentity[0m=[35mSummary_of_Sales_by_Quarters[0m [36mqueue_size_after_pickup[0m=[35m17[0m [36mworker_id[0m=[35mworker_0[0m [36mworker_status[0m=[35mPROCESSING[0m
2025-09-24 10:36:02,748 - workers.proxy_pool - INFO - execute:59 - [2m2025-09-24T05:06:02.748606Z[0m [[32m[1minfo     [0m] [1m🚀 Worker starting command execution[0m [[0m[1m[34mworkers.proxy_pool[0m][0m [36mcommand_id[0m=[35mSummary_of_Sales_by_Quarters_page_1[0m [36mcommand_type[0m=[35mfetch_page[0m [36mentity[0m=[35mSummary_of_Sales_by_Quarters[0m [36mpriority[0m=[35m1[0m [36mretry_count[0m=[35m0[0m [36mskip[0m=[35m0[0m [36mtop[0m=[35m1500[0m [36mworker_id[0m=[35mworker_0[0m
2025-09-24 10:36:02,749 - workers.proxy_pool - INFO - execute:82 - [2m2025-09-24T05:06:02.749608Z[0m [[32m[1minfo     [0m] [1m🔄 Worker executing request with resilience patterns[0m [[0m[1m[34mworkers.proxy_pool[0m][0m [36mcircuit_breaker_state[0m=[35mclosed[0m [36mcommand_id[0m=[35mSummary_of_Sales_by_Quarters_page_1[0m [36mworker_id[0m=[35mworker_0[0m
2025-09-24 10:36:02,750 - planning.record_tracker - INFO - calculate_optimal_batch_size:206 - [2m2025-09-24T05:06:02.750608Z[0m [[32m[1minfo     [0m] [1mAdjusted batch size to prevent overfetching[0m [[0m[1m[34mplanning.record_tracker[0m][0m [36mdefault_size[0m=[35m1500[0m [36mentity[0m=[35mSummary_of_Sales_by_Quarters[0m [36moptimal_size[0m=[35m809[0m [36mremaining_records[0m=[35m809[0m
2025-09-24 10:36:02,750 - workers.proxy_pool - INFO - _make_http_request:177 - [2m2025-09-24T05:06:02.750608Z[0m [[32m[1minfo     [0m] [1m📏 Adjusted batch size for optimal fetching[0m [[0m[1m[34mworkers.proxy_pool[0m][0m [36mcommand_id[0m=[35mSummary_of_Sales_by_Quarters_page_1[0m [36mentity[0m=[35mSummary_of_Sales_by_Quarters[0m [36moptimal_top[0m=[35m809[0m [36moriginal_top[0m=[35m1500[0m [36mworker_id[0m=[35mworker_0[0m
2025-09-24 10:36:02,752 - storage.transformer - INFO - transform_odata_response:62 - [2m2025-09-24T05:06:02.752114Z[0m [[32m[1minfo     [0m] [1mStarting transformation       [0m [[0m[1m[34mstorage.transformer[0m][0m [36mentity_name[0m=[35mCustomers[0m [36mresponse_keys[0m=[35m['@odata.context', 'value', '@odata.nextLink'][0m
2025-09-24 10:36:02,754 - storage.transformer - INFO - transform_odata_response:101 - [2m2025-09-24T05:06:02.754133Z[0m [[32m[1minfo     [0m] [1mTransformation completed      [0m [[0m[1m[34mstorage.transformer[0m][0m [36mentity_name[0m=[35mCustomers[0m [36minput_records[0m=[35m20[0m [36moutput_records[0m=[35m20[0m [36mtransformation_time_seconds[0m=[35m0.0[0m
2025-09-24 10:36:02,755 - storage.local_storage - INFO - store_processed_records:145 - [2m2025-09-24T05:06:02.754133Z[0m [[32m[1minfo     [0m] [1mStoring processed records     [0m [[0m[1m[34mstorage.local_storage[0m][0m [36mentity_name[0m=[35mCustomers[0m [36mformat[0m=[35mjson[0m [36mrecord_count[0m=[35m20[0m
2025-09-24 10:36:02,759 - storage.local_storage - INFO - store_processed_records:160 - [2m2025-09-24T05:06:02.758990Z[0m [[32m[1minfo     [0m] [1mSuccessfully stored processed records[0m [[0m[1m[34mstorage.local_storage[0m][0m [36mentity_name[0m=[35mCustomers[0m [36mfile_path[0m=[35m./test_output/processed\Customers_20250924_050602.json[0m [36mrecord_count[0m=[35m20[0m [36mstorage_time_seconds[0m=[35m0.016[0m
2025-09-24 10:36:02,768 - storage.local_storage - INFO - store_raw_response:89 - [2m2025-09-24T05:06:02.768132Z[0m [[32m[1minfo     [0m] [1mSuccessfully stored raw data  [0m [[0m[1m[34mstorage.local_storage[0m][0m [36mentity_name[0m=[35mCustomers[0m [36mfile_path[0m=[35m./test_output/raw\Customers\2025/09/24\05\Customers_page_1.json[0m [36msize_bytes[0m=[35m8172[0m [36mstorage_time_seconds[0m=[35m0.0[0m
2025-09-24 10:36:02,770 - httpcore.http11 - DEBUG - atrace:87 - send_request_headers.started request=<Request [b'GET']>
2025-09-24 10:36:02,771 - httpcore.http11 - DEBUG - atrace:87 - send_request_headers.complete
2025-09-24 10:36:02,771 - httpcore.http11 - DEBUG - atrace:87 - send_request_body.started request=<Request [b'GET']>
2025-09-24 10:36:02,772 - httpcore.http11 - DEBUG - atrace:87 - send_request_body.complete
2025-09-24 10:36:02,772 - httpcore.http11 - DEBUG - atrace:87 - receive_response_headers.started request=<Request [b'GET']>
2025-09-24 10:36:02,775 - httpcore.http11 - DEBUG - atrace:87 - receive_response_headers.complete return_value=(b'HTTP/1.1', 200, b'OK', [(b'Content-Type', b'application/json;odata.metadata=minimal;odata.streaming=true;IEEE754Compatible=false;charset=utf-8'), (b'Date', b'Wed, 24 Sep 2025 05:06:02 GMT'), (b'Server', b'Microsoft-IIS/10.0'), (b'Access-Control-Allow-Headers', b'Accept, Origin, Content-Type, MaxDataServiceVersion'), (b'Access-Control-Allow-Methods', b'GET'), (b'Access-Control-Allow-Origin', b'*'), (b'Access-Control-Expose-Headers', b'DataServiceVersion'), (b'Cache-Control', b'private'), (b'Content-Encoding', b'gzip'), (b'Expires', b'Wed, 24 Sep 2025 05:07:03 GMT'), (b'Transfer-Encoding', b'chunked'), (b'Vary', b'*'), (b'X-Content-Type-Options', b'nosniff'), (b'OData-Version', b'4.0;'), (b'X-AspNet-Version', b'4.0.30319'), (b'X-Powered-By', b'ASP.NET')])
2025-09-24 10:36:02,777 - httpx - INFO - _send_single_request:1740 - HTTP Request: GET https://services.odata.org/V4/Northwind/Northwind.svc/Categories?%24skip=0&%24top=8 "HTTP/1.1 200 OK"
2025-09-24 10:36:02,778 - httpcore.http11 - DEBUG - atrace:87 - receive_response_body.started request=<Request [b'GET']>
2025-09-24 10:36:03,136 - httpcore.http11 - DEBUG - atrace:87 - receive_response_headers.complete return_value=(b'HTTP/1.1', 200, b'OK', [(b'Content-Length', b'1596'), (b'Content-Type', b'application/json;odata.metadata=minimal;odata.streaming=true;IEEE754Compatible=false;charset=utf-8'), (b'Date', b'Wed, 24 Sep 2025 05:06:03 GMT'), (b'Server', b'Microsoft-IIS/10.0'), (b'Access-Control-Allow-Headers', b'Accept, Origin, Content-Type, MaxDataServiceVersion'), (b'Access-Control-Allow-Methods', b'GET'), (b'Access-Control-Allow-Origin', b'*'), (b'Access-Control-Expose-Headers', b'DataServiceVersion'), (b'Cache-Control', b'private'), (b'Content-Encoding', b'gzip'), (b'Expires', b'Wed, 24 Sep 2025 05:07:03 GMT'), (b'Vary', b'*'), (b'X-Content-Type-Options', b'nosniff'), (b'OData-Version', b'4.0;'), (b'X-AspNet-Version', b'4.0.30319'), (b'X-Powered-By', b'ASP.NET')])
2025-09-24 10:36:03,136 - httpx - INFO - _send_single_request:1740 - HTTP Request: GET https://services.odata.org/V4/Northwind/Northwind.svc/Summary_of_Sales_by_Quarters?%24skip=0&%24top=809 "HTTP/1.1 200 OK"
2025-09-24 10:36:03,137 - httpcore.http11 - DEBUG - atrace:87 - receive_response_body.started request=<Request [b'GET']>
2025-09-24 10:36:03,137 - httpcore.http11 - DEBUG - atrace:87 - receive_response_body.complete
2025-09-24 10:36:03,140 - httpcore.http11 - DEBUG - atrace:87 - response_closed.started
2025-09-24 10:36:03,141 - httpcore.http11 - DEBUG - atrace:87 - response_closed.complete
2025-09-24 10:36:03,144 - workers.proxy_pool - INFO - _make_http_request:250 - [2m2025-09-24T05:06:03.142698Z[0m [[32m[1minfo     [0m] [1m📊 Worker successfully fetched data[0m [[0m[1m[34mworkers.proxy_pool[0m][0m [36mactual_records_added[0m=[35m100[0m [36mcommand_id[0m=[35mSummary_of_Sales_by_Quarters_page_1[0m [36mentity[0m=[35mSummary_of_Sales_by_Quarters[0m [36mentity_total_fetched[0m=[35m100[0m [36mglobal_total_fetched[0m=[35m3196[0m [36mhas_next_page[0m=[35mTrue[0m [36mrecords_in_response[0m=[35m100[0m [36mworker_id[0m=[35mworker_0[0m
2025-09-24 10:36:03,146 - workers.proxy_pool - INFO - execute:110 - [2m2025-09-24T05:06:03.146060Z[0m [[32m[1minfo     [0m] [1m✅ Worker completed command successfully[0m [[0m[1m[34mworkers.proxy_pool[0m][0m [36mcommand_id[0m=[35mSummary_of_Sales_by_Quarters_page_1[0m [36mentity[0m=[35mSummary_of_Sales_by_Quarters[0m [36mexecution_time_seconds[0m=[35m0.39[0m [36mhas_next_page[0m=[35mTrue[0m [36mrecords_fetched[0m=[35m100[0m [36mworker_id[0m=[35mworker_0[0m
2025-09-24 10:36:03,148 - workers.proxy_pool - INFO - _worker_loop:460 - [2m2025-09-24T05:06:03.147073Z[0m [[32m[1minfo     [0m] [1m📋 Worker picked up command from queue[0m [[0m[1m[34mworkers.proxy_pool[0m][0m [36mcommand_id[0m=[35mSales_Totals_by_Amounts_page_1[0m [36mentity[0m=[35mSales_Totals_by_Amounts[0m [36mqueue_size_after_pickup[0m=[35m17[0m [36mworker_id[0m=[35mworker_0[0m [36mworker_status[0m=[35mPROCESSING[0m
2025-09-24 10:36:03,150 - workers.proxy_pool - INFO - execute:59 - [2m2025-09-24T05:06:03.149084Z[0m [[32m[1minfo     [0m] [1m🚀 Worker starting command execution[0m [[0m[1m[34mworkers.proxy_pool[0m][0m [36mcommand_id[0m=[35mSales_Totals_by_Amounts_page_1[0m [36mcommand_type[0m=[35mfetch_page[0m [36mentity[0m=[35mSales_Totals_by_Amounts[0m [36mpriority[0m=[35m1[0m [36mretry_count[0m=[35m0[0m [36mskip[0m=[35m0[0m [36mtop[0m=[35m1500[0m [36mworker_id[0m=[35mworker_0[0m
2025-09-24 10:36:03,150 - workers.proxy_pool - INFO - execute:82 - [2m2025-09-24T05:06:03.150076Z[0m [[32m[1minfo     [0m] [1m🔄 Worker executing request with resilience patterns[0m [[0m[1m[34mworkers.proxy_pool[0m][0m [36mcircuit_breaker_state[0m=[35mclosed[0m [36mcommand_id[0m=[35mSales_Totals_by_Amounts_page_1[0m [36mworker_id[0m=[35mworker_0[0m
2025-09-24 10:36:03,152 - planning.record_tracker - INFO - calculate_optimal_batch_size:206 - [2m2025-09-24T05:06:03.152614Z[0m [[32m[1minfo     [0m] [1mAdjusted batch size to prevent overfetching[0m [[0m[1m[34mplanning.record_tracker[0m][0m [36mdefault_size[0m=[35m1500[0m [36mentity[0m=[35mSales_Totals_by_Amounts[0m [36moptimal_size[0m=[35m66[0m [36mremaining_records[0m=[35m66[0m
2025-09-24 10:36:03,153 - workers.proxy_pool - INFO - _make_http_request:177 - [2m2025-09-24T05:06:03.153631Z[0m [[32m[1minfo     [0m] [1m📏 Adjusted batch size for optimal fetching[0m [[0m[1m[34mworkers.proxy_pool[0m][0m [36mcommand_id[0m=[35mSales_Totals_by_Amounts_page_1[0m [36mentity[0m=[35mSales_Totals_by_Amounts[0m [36moptimal_top[0m=[35m66[0m [36moriginal_top[0m=[35m1500[0m [36mworker_id[0m=[35mworker_0[0m
2025-09-24 10:36:03,155 - storage.transformer - INFO - transform_odata_response:62 - [2m2025-09-24T05:06:03.154618Z[0m [[32m[1minfo     [0m] [1mStarting transformation       [0m [[0m[1m[34mstorage.transformer[0m][0m [36mentity_name[0m=[35mSummary_of_Sales_by_Quarters[0m [36mresponse_keys[0m=[35m['@odata.context', 'value', '@odata.nextLink'][0m
2025-09-24 10:36:03,160 - storage.transformer - INFO - transform_odata_response:101 - [2m2025-09-24T05:06:03.160269Z[0m [[32m[1minfo     [0m] [1mTransformation completed      [0m [[0m[1m[34mstorage.transformer[0m][0m [36mentity_name[0m=[35mSummary_of_Sales_by_Quarters[0m [36minput_records[0m=[35m100[0m [36moutput_records[0m=[35m100[0m [36mtransformation_time_seconds[0m=[35m0.0[0m
2025-09-24 10:36:03,162 - storage.local_storage - INFO - store_processed_records:145 - [2m2025-09-24T05:06:03.162623Z[0m [[32m[1minfo     [0m] [1mStoring processed records     [0m [[0m[1m[34mstorage.local_storage[0m][0m [36mentity_name[0m=[35mSummary_of_Sales_by_Quarters[0m [36mformat[0m=[35mjson[0m [36mrecord_count[0m=[35m100[0m
2025-09-24 10:36:03,168 - storage.local_storage - INFO - store_processed_records:160 - [2m2025-09-24T05:06:03.168129Z[0m [[32m[1minfo     [0m] [1mSuccessfully stored processed records[0m [[0m[1m[34mstorage.local_storage[0m][0m [36mentity_name[0m=[35mSummary_of_Sales_by_Quarters[0m [36mfile_path[0m=[35m./test_output/processed\Summary_of_Sales_by_Quarters_20250924_050603.json[0m [36mrecord_count[0m=[35m100[0m [36mstorage_time_seconds[0m=[35m0.015[0m
2025-09-24 10:36:03,175 - storage.local_storage - INFO - store_raw_response:89 - [2m2025-09-24T05:06:03.174133Z[0m [[32m[1minfo     [0m] [1mSuccessfully stored raw data  [0m [[0m[1m[34mstorage.local_storage[0m][0m [36mentity_name[0m=[35mSummary_of_Sales_by_Quarters[0m [36mfile_path[0m=[35m./test_output/raw\Summary_of_Sales_by_Quarters\2025/09/24\05\Summary_of_Sales_by_Quarters_page_1.json[0m [36msize_bytes[0m=[35m12085[0m [36mstorage_time_seconds[0m=[35m0.0[0m
2025-09-24 10:36:03,180 - httpcore.http11 - DEBUG - atrace:87 - send_request_headers.started request=<Request [b'GET']>
2025-09-24 10:36:03,181 - httpcore.http11 - DEBUG - atrace:87 - send_request_headers.complete
2025-09-24 10:36:03,181 - httpcore.http11 - DEBUG - atrace:87 - send_request_body.started request=<Request [b'GET']>
2025-09-24 10:36:03,181 - httpcore.http11 - DEBUG - atrace:87 - send_request_body.complete
2025-09-24 10:36:03,181 - httpcore.http11 - DEBUG - atrace:87 - receive_response_headers.started request=<Request [b'GET']>
2025-09-24 10:36:03,269 - httpcore.http11 - DEBUG - atrace:87 - receive_response_headers.complete return_value=(b'HTTP/1.1', 200, b'OK', [(b'Content-Length', b'402'), (b'Content-Type', b'application/json;odata.metadata=minimal;odata.streaming=true;IEEE754Compatible=false;charset=utf-8'), (b'Date', b'Wed, 24 Sep 2025 05:06:03 GMT'), (b'Server', b'Microsoft-IIS/10.0'), (b'Access-Control-Allow-Headers', b'Accept, Origin, Content-Type, MaxDataServiceVersion'), (b'Access-Control-Allow-Methods', b'GET'), (b'Access-Control-Allow-Origin', b'*'), (b'Access-Control-Expose-Headers', b'DataServiceVersion'), (b'Cache-Control', b'private'), (b'Content-Encoding', b'gzip'), (b'Expires', b'Wed, 24 Sep 2025 05:07:03 GMT'), (b'Vary', b'*'), (b'X-Content-Type-Options', b'nosniff'), (b'OData-Version', b'4.0;'), (b'X-AspNet-Version', b'4.0.30319'), (b'X-Powered-By', b'ASP.NET')])
2025-09-24 10:36:03,270 - httpx - INFO - _send_single_request:1740 - HTTP Request: GET https://services.odata.org/V4/Northwind/Northwind.svc/Category_Sales_for_1997?%24skip=0&%24top=8 "HTTP/1.1 200 OK"
2025-09-24 10:36:03,270 - httpcore.http11 - DEBUG - atrace:87 - receive_response_body.started request=<Request [b'GET']>
2025-09-24 10:36:03,271 - httpcore.http11 - DEBUG - atrace:87 - receive_response_body.complete
2025-09-24 10:36:03,271 - httpcore.http11 - DEBUG - atrace:87 - response_closed.started
2025-09-24 10:36:03,271 - httpcore.http11 - DEBUG - atrace:87 - response_closed.complete
2025-09-24 10:36:03,272 - planning.record_tracker - INFO - add_page_records:38 - [2m2025-09-24T05:06:03.272148Z[0m [[32m[1minfo     [0m] [1m✅ Entity record fetching complete[0m [[0m[1m[34mplanning.record_tracker[0m][0m [36mentity[0m=[35mCategory_Sales_for_1997[0m [36mfetched[0m=[35m8[0m [36mtarget[0m=[35m8[0m
2025-09-24 10:36:03,273 - workers.proxy_pool - INFO - _make_http_request:243 - [2m2025-09-24T05:06:03.273147Z[0m [[32m[1minfo     [0m] [1m🎯 Stopping pagination due to record limits[0m [[0m[1m[34mworkers.proxy_pool[0m][0m [36mcommand_id[0m=[35mCategory_Sales_for_1997_page_1[0m [36mentity[0m=[35mCategory_Sales_for_1997[0m [36mentity_complete[0m=[35mTrue[0m [36mglobal_limit_reached[0m=[35mNone[0m [36mworker_id[0m=[35mworker_1[0m
2025-09-24 10:36:03,274 - workers.proxy_pool - INFO - _make_http_request:250 - [2m2025-09-24T05:06:03.274142Z[0m [[32m[1minfo     [0m] [1m📊 Worker successfully fetched data[0m [[0m[1m[34mworkers.proxy_pool[0m][0m [36mactual_records_added[0m=[35m8[0m [36mcommand_id[0m=[35mCategory_Sales_for_1997_page_1[0m [36mentity[0m=[35mCategory_Sales_for_1997[0m [36mentity_total_fetched[0m=[35m8[0m [36mglobal_total_fetched[0m=[35m3204[0m [36mhas_next_page[0m=[35mFalse[0m [36mrecords_in_response[0m=[35m8[0m [36mworker_id[0m=[35mworker_1[0m
2025-09-24 10:36:03,276 - workers.proxy_pool - INFO - execute:110 - [2m2025-09-24T05:06:03.275151Z[0m [[32m[1minfo     [0m] [1m✅ Worker completed command successfully[0m [[0m[1m[34mworkers.proxy_pool[0m][0m [36mcommand_id[0m=[35mCategory_Sales_for_1997_page_1[0m [36mentity[0m=[35mCategory_Sales_for_1997[0m [36mexecution_time_seconds[0m=[35m1.27[0m [36mhas_next_page[0m=[35mFalse[0m [36mrecords_fetched[0m=[35m8[0m [36mworker_id[0m=[35mworker_1[0m
2025-09-24 10:36:03,278 - workers.proxy_pool - INFO - _worker_loop:460 - [2m2025-09-24T05:06:03.277139Z[0m [[32m[1minfo     [0m] [1m📋 Worker picked up command from queue[0m [[0m[1m[34mworkers.proxy_pool[0m][0m [36mcommand_id[0m=[35mTerritories_page_1[0m [36mentity[0m=[35mTerritories[0m [36mqueue_size_after_pickup[0m=[35m17[0m [36mworker_id[0m=[35mworker_1[0m [36mworker_status[0m=[35mPROCESSING[0m
2025-09-24 10:36:03,279 - workers.proxy_pool - INFO - execute:59 - [2m2025-09-24T05:06:03.279137Z[0m [[32m[1minfo     [0m] [1m🚀 Worker starting command execution[0m [[0m[1m[34mworkers.proxy_pool[0m][0m [36mcommand_id[0m=[35mTerritories_page_1[0m [36mcommand_type[0m=[35mfetch_page[0m [36mentity[0m=[35mTerritories[0m [36mpriority[0m=[35m1[0m [36mretry_count[0m=[35m0[0m [36mskip[0m=[35m0[0m [36mtop[0m=[35m1500[0m [36mworker_id[0m=[35mworker_1[0m
2025-09-24 10:36:03,280 - workers.proxy_pool - INFO - execute:82 - [2m2025-09-24T05:06:03.280137Z[0m [[32m[1minfo     [0m] [1m🔄 Worker executing request with resilience patterns[0m [[0m[1m[34mworkers.proxy_pool[0m][0m [36mcircuit_breaker_state[0m=[35mclosed[0m [36mcommand_id[0m=[35mTerritories_page_1[0m [36mworker_id[0m=[35mworker_1[0m
2025-09-24 10:36:03,280 - planning.record_tracker - INFO - calculate_optimal_batch_size:206 - [2m2025-09-24T05:06:03.280137Z[0m [[32m[1minfo     [0m] [1mAdjusted batch size to prevent overfetching[0m [[0m[1m[34mplanning.record_tracker[0m][0m [36mdefault_size[0m=[35m1500[0m [36mentity[0m=[35mTerritories[0m [36moptimal_size[0m=[35m53[0m [36mremaining_records[0m=[35m53[0m
2025-09-24 10:36:03,281 - workers.proxy_pool - INFO - _make_http_request:177 - [2m2025-09-24T05:06:03.281139Z[0m [[32m[1minfo     [0m] [1m📏 Adjusted batch size for optimal fetching[0m [[0m[1m[34mworkers.proxy_pool[0m][0m [36mcommand_id[0m=[35mTerritories_page_1[0m [36mentity[0m=[35mTerritories[0m [36moptimal_top[0m=[35m53[0m [36moriginal_top[0m=[35m1500[0m [36mworker_id[0m=[35mworker_1[0m
2025-09-24 10:36:03,282 - storage.transformer - INFO - transform_odata_response:62 - [2m2025-09-24T05:06:03.282143Z[0m [[32m[1minfo     [0m] [1mStarting transformation       [0m [[0m[1m[34mstorage.transformer[0m][0m [36mentity_name[0m=[35mCategory_Sales_for_1997[0m [36mresponse_keys[0m=[35m['@odata.context', 'value'][0m
2025-09-24 10:36:03,284 - storage.transformer - INFO - transform_odata_response:101 - [2m2025-09-24T05:06:03.284140Z[0m [[32m[1minfo     [0m] [1mTransformation completed      [0m [[0m[1m[34mstorage.transformer[0m][0m [36mentity_name[0m=[35mCategory_Sales_for_1997[0m [36minput_records[0m=[35m8[0m [36moutput_records[0m=[35m8[0m [36mtransformation_time_seconds[0m=[35m0.0[0m
2025-09-24 10:36:03,284 - storage.local_storage - INFO - store_processed_records:145 - [2m2025-09-24T05:06:03.284650Z[0m [[32m[1minfo     [0m] [1mStoring processed records     [0m [[0m[1m[34mstorage.local_storage[0m][0m [36mentity_name[0m=[35mCategory_Sales_for_1997[0m [36mformat[0m=[35mjson[0m [36mrecord_count[0m=[35m8[0m
2025-09-24 10:36:03,286 - storage.local_storage - INFO - store_processed_records:160 - [2m2025-09-24T05:06:03.286183Z[0m [[32m[1minfo     [0m] [1mSuccessfully stored processed records[0m [[0m[1m[34mstorage.local_storage[0m][0m [36mentity_name[0m=[35mCategory_Sales_for_1997[0m [36mfile_path[0m=[35m./test_output/processed\Category_Sales_for_1997_20250924_050603.json[0m [36mrecord_count[0m=[35m8[0m [36mstorage_time_seconds[0m=[35m0.0[0m
2025-09-24 10:36:03,292 - storage.local_storage - INFO - store_raw_response:89 - [2m2025-09-24T05:06:03.292107Z[0m [[32m[1minfo     [0m] [1mSuccessfully stored raw data  [0m [[0m[1m[34mstorage.local_storage[0m][0m [36mentity_name[0m=[35mCategory_Sales_for_1997[0m [36mfile_path[0m=[35m./test_output/raw\Category_Sales_for_1997\2025/09/24\05\Category_Sales_for_1997_page_1.json[0m [36msize_bytes[0m=[35m1040[0m [36mstorage_time_seconds[0m=[35m0.015[0m
2025-09-24 10:36:03,294 - httpcore.http11 - DEBUG - atrace:87 - send_request_headers.started request=<Request [b'GET']>
2025-09-24 10:36:03,295 - httpcore.http11 - DEBUG - atrace:87 - send_request_headers.complete
2025-09-24 10:36:03,295 - httpcore.http11 - DEBUG - atrace:87 - send_request_body.started request=<Request [b'GET']>
2025-09-24 10:36:03,295 - httpcore.http11 - DEBUG - atrace:87 - send_request_body.complete
2025-09-24 10:36:03,295 - httpcore.http11 - DEBUG - atrace:87 - receive_response_headers.started request=<Request [b'GET']>
2025-09-24 10:36:03,542 - httpcore.http11 - DEBUG - atrace:87 - receive_response_body.complete
2025-09-24 10:36:03,542 - httpcore.http11 - DEBUG - atrace:87 - response_closed.started
2025-09-24 10:36:03,542 - httpcore.http11 - DEBUG - atrace:87 - receive_response_headers.complete return_value=(b'HTTP/1.1', 200, b'OK', [(b'Content-Length', b'1905'), (b'Content-Type', b'application/json;odata.metadata=minimal;odata.streaming=true;IEEE754Compatible=false;charset=utf-8'), (b'Date', b'Wed, 24 Sep 2025 05:06:03 GMT'), (b'Server', b'Microsoft-IIS/10.0'), (b'Access-Control-Allow-Headers', b'Accept, Origin, Content-Type, MaxDataServiceVersion'), (b'Access-Control-Allow-Methods', b'GET'), (b'Access-Control-Allow-Origin', b'*'), (b'Access-Control-Expose-Headers', b'DataServiceVersion'), (b'Cache-Control', b'private'), (b'Content-Encoding', b'gzip'), (b'Expires', b'Wed, 24 Sep 2025 05:07:03 GMT'), (b'Vary', b'*'), (b'X-Content-Type-Options', b'nosniff'), (b'OData-Version', b'4.0;'), (b'X-AspNet-Version', b'4.0.30319'), (b'X-Powered-By', b'ASP.NET')])
2025-09-24 10:36:03,542 - httpx - INFO - _send_single_request:1740 - HTTP Request: GET https://services.odata.org/V4/Northwind/Northwind.svc/Sales_Totals_by_Amounts?%24skip=0&%24top=66 "HTTP/1.1 200 OK"
2025-09-24 10:36:03,544 - httpcore.http11 - DEBUG - atrace:87 - receive_response_body.started request=<Request [b'GET']>
2025-09-24 10:36:03,544 - httpcore.http11 - DEBUG - atrace:87 - receive_response_body.complete
2025-09-24 10:36:03,545 - httpcore.http11 - DEBUG - atrace:87 - response_closed.started
2025-09-24 10:36:03,545 - httpcore.http11 - DEBUG - atrace:87 - response_closed.complete
2025-09-24 10:36:03,545 - planning.record_tracker - INFO - add_page_records:38 - [2m2025-09-24T05:06:03.545278Z[0m [[32m[1minfo     [0m] [1m✅ Entity record fetching complete[0m [[0m[1m[34mplanning.record_tracker[0m][0m [36mentity[0m=[35mCategories[0m [36mfetched[0m=[35m8[0m [36mtarget[0m=[35m8[0m
2025-09-24 10:36:03,546 - workers.proxy_pool - INFO - _make_http_request:243 - [2m2025-09-24T05:06:03.546938Z[0m [[32m[1minfo     [0m] [1m🎯 Stopping pagination due to record limits[0m [[0m[1m[34mworkers.proxy_pool[0m][0m [36mcommand_id[0m=[35mCategories_page_1[0m [36mentity[0m=[35mCategories[0m [36mentity_complete[0m=[35mTrue[0m [36mglobal_limit_reached[0m=[35mNone[0m [36mworker_id[0m=[35mworker_2[0m
2025-09-24 10:36:03,546 - workers.proxy_pool - INFO - _make_http_request:250 - [2m2025-09-24T05:06:03.546938Z[0m [[32m[1minfo     [0m] [1m📊 Worker successfully fetched data[0m [[0m[1m[34mworkers.proxy_pool[0m][0m [36mactual_records_added[0m=[35m8[0m [36mcommand_id[0m=[35mCategories_page_1[0m [36mentity[0m=[35mCategories[0m [36mentity_total_fetched[0m=[35m8[0m [36mglobal_total_fetched[0m=[35m3212[0m [36mhas_next_page[0m=[35mFalse[0m [36mrecords_in_response[0m=[35m8[0m [36mworker_id[0m=[35mworker_2[0m
2025-09-24 10:36:03,547 - workers.proxy_pool - INFO - execute:110 - [2m2025-09-24T05:06:03.547954Z[0m [[32m[1minfo     [0m] [1m✅ Worker completed command successfully[0m [[0m[1m[34mworkers.proxy_pool[0m][0m [36mcommand_id[0m=[35mCategories_page_1[0m [36mentity[0m=[35mCategories[0m [36mexecution_time_seconds[0m=[35m1.64[0m [36mhas_next_page[0m=[35mFalse[0m [36mrecords_fetched[0m=[35m8[0m [36mworker_id[0m=[35mworker_2[0m
2025-09-24 10:36:03,548 - workers.proxy_pool - INFO - _worker_loop:460 - [2m2025-09-24T05:06:03.548952Z[0m [[32m[1minfo     [0m] [1m📋 Worker picked up command from queue[0m [[0m[1m[34mworkers.proxy_pool[0m][0m [36mcommand_id[0m=[35mCurrent_Product_Lists_page_1[0m [36mentity[0m=[35mCurrent_Product_Lists[0m [36mqueue_size_after_pickup[0m=[35m16[0m [36mworker_id[0m=[35mworker_2[0m [36mworker_status[0m=[35mPROCESSING[0m
2025-09-24 10:36:03,549 - workers.proxy_pool - INFO - execute:59 - [2m2025-09-24T05:06:03.549915Z[0m [[32m[1minfo     [0m] [1m🚀 Worker starting command execution[0m [[0m[1m[34mworkers.proxy_pool[0m][0m [36mcommand_id[0m=[35mCurrent_Product_Lists_page_1[0m [36mcommand_type[0m=[35mfetch_page[0m [36mentity[0m=[35mCurrent_Product_Lists[0m [36mpriority[0m=[35m1[0m [36mretry_count[0m=[35m0[0m [36mskip[0m=[35m0[0m [36mtop[0m=[35m1500[0m [36mworker_id[0m=[35mworker_2[0m
2025-09-24 10:36:03,550 - workers.proxy_pool - INFO - execute:82 - [2m2025-09-24T05:06:03.550427Z[0m [[32m[1minfo     [0m] [1m🔄 Worker executing request with resilience patterns[0m [[0m[1m[34mworkers.proxy_pool[0m][0m [36mcircuit_breaker_state[0m=[35mclosed[0m [36mcommand_id[0m=[35mCurrent_Product_Lists_page_1[0m [36mworker_id[0m=[35mworker_2[0m
2025-09-24 10:36:03,551 - planning.record_tracker - INFO - calculate_optimal_batch_size:206 - [2m2025-09-24T05:06:03.551112Z[0m [[32m[1minfo     [0m] [1mAdjusted batch size to prevent overfetching[0m [[0m[1m[34mplanning.record_tracker[0m][0m [36mdefault_size[0m=[35m1500[0m [36mentity[0m=[35mCurrent_Product_Lists[0m [36moptimal_size[0m=[35m69[0m [36mremaining_records[0m=[35m69[0m
2025-09-24 10:36:03,551 - workers.proxy_pool - INFO - _make_http_request:177 - [2m2025-09-24T05:06:03.551637Z[0m [[32m[1minfo     [0m] [1m📏 Adjusted batch size for optimal fetching[0m [[0m[1m[34mworkers.proxy_pool[0m][0m [36mcommand_id[0m=[35mCurrent_Product_Lists_page_1[0m [36mentity[0m=[35mCurrent_Product_Lists[0m [36moptimal_top[0m=[35m69[0m [36moriginal_top[0m=[35m1500[0m [36mworker_id[0m=[35mworker_2[0m
2025-09-24 10:36:03,552 - httpcore.http11 - DEBUG - atrace:87 - response_closed.complete
2025-09-24 10:36:03,553 - planning.record_tracker - INFO - add_page_records:38 - [2m2025-09-24T05:06:03.553339Z[0m [[32m[1minfo     [0m] [1m✅ Entity record fetching complete[0m [[0m[1m[34mplanning.record_tracker[0m][0m [36mentity[0m=[35mSales_Totals_by_Amounts[0m [36mfetched[0m=[35m66[0m [36mtarget[0m=[35m66[0m
2025-09-24 10:36:03,553 - workers.proxy_pool - INFO - _make_http_request:243 - [2m2025-09-24T05:06:03.553888Z[0m [[32m[1minfo     [0m] [1m🎯 Stopping pagination due to record limits[0m [[0m[1m[34mworkers.proxy_pool[0m][0m [36mcommand_id[0m=[35mSales_Totals_by_Amounts_page_1[0m [36mentity[0m=[35mSales_Totals_by_Amounts[0m [36mentity_complete[0m=[35mTrue[0m [36mglobal_limit_reached[0m=[35mNone[0m [36mworker_id[0m=[35mworker_0[0m
2025-09-24 10:36:03,554 - workers.proxy_pool - INFO - _make_http_request:250 - [2m2025-09-24T05:06:03.554448Z[0m [[32m[1minfo     [0m] [1m📊 Worker successfully fetched data[0m [[0m[1m[34mworkers.proxy_pool[0m][0m [36mactual_records_added[0m=[35m66[0m [36mcommand_id[0m=[35mSales_Totals_by_Amounts_page_1[0m [36mentity[0m=[35mSales_Totals_by_Amounts[0m [36mentity_total_fetched[0m=[35m66[0m [36mglobal_total_fetched[0m=[35m3278[0m [36mhas_next_page[0m=[35mFalse[0m [36mrecords_in_response[0m=[35m66[0m [36mworker_id[0m=[35mworker_0[0m
2025-09-24 10:36:03,555 - workers.proxy_pool - INFO - execute:110 - [2m2025-09-24T05:06:03.555560Z[0m [[32m[1minfo     [0m] [1m✅ Worker completed command successfully[0m [[0m[1m[34mworkers.proxy_pool[0m][0m [36mcommand_id[0m=[35mSales_Totals_by_Amounts_page_1[0m [36mentity[0m=[35mSales_Totals_by_Amounts[0m [36mexecution_time_seconds[0m=[35m0.41[0m [36mhas_next_page[0m=[35mFalse[0m [36mrecords_fetched[0m=[35m66[0m [36mworker_id[0m=[35mworker_0[0m
2025-09-24 10:36:03,557 - workers.proxy_pool - INFO - _worker_loop:460 - [2m2025-09-24T05:06:03.557266Z[0m [[32m[1minfo     [0m] [1m📋 Worker picked up command from queue[0m [[0m[1m[34mworkers.proxy_pool[0m][0m [36mcommand_id[0m=[35mProduct_Sales_for_1997_page_1[0m [36mentity[0m=[35mProduct_Sales_for_1997[0m [36mqueue_size_after_pickup[0m=[35m15[0m [36mworker_id[0m=[35mworker_0[0m [36mworker_status[0m=[35mPROCESSING[0m
2025-09-24 10:36:03,558 - workers.proxy_pool - INFO - execute:59 - [2m2025-09-24T05:06:03.558375Z[0m [[32m[1minfo     [0m] [1m🚀 Worker starting command execution[0m [[0m[1m[34mworkers.proxy_pool[0m][0m [36mcommand_id[0m=[35mProduct_Sales_for_1997_page_1[0m [36mcommand_type[0m=[35mfetch_page[0m [36mentity[0m=[35mProduct_Sales_for_1997[0m [36mpriority[0m=[35m1[0m [36mretry_count[0m=[35m0[0m [36mskip[0m=[35m0[0m [36mtop[0m=[35m1500[0m [36mworker_id[0m=[35mworker_0[0m
2025-09-24 10:36:03,559 - workers.proxy_pool - INFO - execute:82 - [2m2025-09-24T05:06:03.559442Z[0m [[32m[1minfo     [0m] [1m🔄 Worker executing request with resilience patterns[0m [[0m[1m[34mworkers.proxy_pool[0m][0m [36mcircuit_breaker_state[0m=[35mclosed[0m [36mcommand_id[0m=[35mProduct_Sales_for_1997_page_1[0m [36mworker_id[0m=[35mworker_0[0m
2025-09-24 10:36:03,559 - planning.record_tracker - INFO - calculate_optimal_batch_size:206 - [2m2025-09-24T05:06:03.559991Z[0m [[32m[1minfo     [0m] [1mAdjusted batch size to prevent overfetching[0m [[0m[1m[34mplanning.record_tracker[0m][0m [36mdefault_size[0m=[35m1500[0m [36mentity[0m=[35mProduct_Sales_for_1997[0m [36moptimal_size[0m=[35m77[0m [36mremaining_records[0m=[35m77[0m
2025-09-24 10:36:03,560 - workers.proxy_pool - INFO - _make_http_request:177 - [2m2025-09-24T05:06:03.560541Z[0m [[32m[1minfo     [0m] [1m📏 Adjusted batch size for optimal fetching[0m [[0m[1m[34mworkers.proxy_pool[0m][0m [36mcommand_id[0m=[35mProduct_Sales_for_1997_page_1[0m [36mentity[0m=[35mProduct_Sales_for_1997[0m [36moptimal_top[0m=[35m77[0m [36moriginal_top[0m=[35m1500[0m [36mworker_id[0m=[35mworker_0[0m
2025-09-24 10:36:03,561 - storage.transformer - INFO - transform_odata_response:62 - [2m2025-09-24T05:06:03.561627Z[0m [[32m[1minfo     [0m] [1mStarting transformation       [0m [[0m[1m[34mstorage.transformer[0m][0m [36mentity_name[0m=[35mCategories[0m [36mresponse_keys[0m=[35m['@odata.context', 'value'][0m
2025-09-24 10:36:03,563 - storage.transformer - INFO - transform_odata_response:101 - [2m2025-09-24T05:06:03.563621Z[0m [[32m[1minfo     [0m] [1mTransformation completed      [0m [[0m[1m[34mstorage.transformer[0m][0m [36mentity_name[0m=[35mCategories[0m [36minput_records[0m=[35m8[0m [36moutput_records[0m=[35m8[0m [36mtransformation_time_seconds[0m=[35m0.0[0m
2025-09-24 10:36:03,564 - storage.local_storage - INFO - store_processed_records:145 - [2m2025-09-24T05:06:03.564183Z[0m [[32m[1minfo     [0m] [1mStoring processed records     [0m [[0m[1m[34mstorage.local_storage[0m][0m [36mentity_name[0m=[35mCategories[0m [36mformat[0m=[35mjson[0m [36mrecord_count[0m=[35m8[0m
2025-09-24 10:36:03,567 - storage.local_storage - INFO - store_processed_records:160 - [2m2025-09-24T05:06:03.567068Z[0m [[32m[1minfo     [0m] [1mSuccessfully stored processed records[0m [[0m[1m[34mstorage.local_storage[0m][0m [36mentity_name[0m=[35mCategories[0m [36mfile_path[0m=[35m./test_output/processed\Categories_20250924_050603.json[0m [36mrecord_count[0m=[35m8[0m [36mstorage_time_seconds[0m=[35m0.0[0m
2025-09-24 10:36:03,574 - storage.local_storage - INFO - store_raw_response:89 - [2m2025-09-24T05:06:03.573112Z[0m [[32m[1minfo     [0m] [1mSuccessfully stored raw data  [0m [[0m[1m[34mstorage.local_storage[0m][0m [36mentity_name[0m=[35mCategories[0m [36mfile_path[0m=[35m./test_output/raw\Categories\2025/09/24\05\Categories_page_1.json[0m [36msize_bytes[0m=[35m116177[0m [36mstorage_time_seconds[0m=[35m0.016[0m
2025-09-24 10:36:03,575 - storage.transformer - INFO - transform_odata_response:62 - [2m2025-09-24T05:06:03.575117Z[0m [[32m[1minfo     [0m] [1mStarting transformation       [0m [[0m[1m[34mstorage.transformer[0m][0m [36mentity_name[0m=[35mSales_Totals_by_Amounts[0m [36mresponse_keys[0m=[35m['@odata.context', 'value'][0m
2025-09-24 10:36:03,577 - storage.transformer - INFO - transform_odata_response:101 - [2m2025-09-24T05:06:03.577113Z[0m [[32m[1minfo     [0m] [1mTransformation completed      [0m [[0m[1m[34mstorage.transformer[0m][0m [36mentity_name[0m=[35mSales_Totals_by_Amounts[0m [36minput_records[0m=[35m66[0m [36moutput_records[0m=[35m66[0m [36mtransformation_time_seconds[0m=[35m0.0[0m
2025-09-24 10:36:03,578 - storage.local_storage - INFO - store_processed_records:145 - [2m2025-09-24T05:06:03.578114Z[0m [[32m[1minfo     [0m] [1mStoring processed records     [0m [[0m[1m[34mstorage.local_storage[0m][0m [36mentity_name[0m=[35mSales_Totals_by_Amounts[0m [36mformat[0m=[35mjson[0m [36mrecord_count[0m=[35m66[0m
2025-09-24 10:36:03,580 - storage.local_storage - INFO - store_processed_records:160 - [2m2025-09-24T05:06:03.580121Z[0m [[32m[1minfo     [0m] [1mSuccessfully stored processed records[0m [[0m[1m[34mstorage.local_storage[0m][0m [36mentity_name[0m=[35mSales_Totals_by_Amounts[0m [36mfile_path[0m=[35m./test_output/processed\Sales_Totals_by_Amounts_20250924_050603.json[0m [36mrecord_count[0m=[35m66[0m [36mstorage_time_seconds[0m=[35m0.0[0m
2025-09-24 10:36:03,586 - storage.local_storage - INFO - store_raw_response:89 - [2m2025-09-24T05:06:03.586186Z[0m [[32m[1minfo     [0m] [1mSuccessfully stored raw data  [0m [[0m[1m[34mstorage.local_storage[0m][0m [36mentity_name[0m=[35mSales_Totals_by_Amounts[0m [36mfile_path[0m=[35m./test_output/raw\Sales_Totals_by_Amounts\2025/09/24\05\Sales_Totals_by_Amounts_page_1.json[0m [36msize_bytes[0m=[35m11057[0m [36mstorage_time_seconds[0m=[35m0.015[0m
2025-09-24 10:36:03,587 - httpcore.http11 - DEBUG - atrace:87 - send_request_headers.started request=<Request [b'GET']>
2025-09-24 10:36:03,587 - httpcore.http11 - DEBUG - atrace:87 - send_request_headers.started request=<Request [b'GET']>
2025-09-24 10:36:03,589 - httpcore.http11 - DEBUG - atrace:87 - send_request_headers.complete
2025-09-24 10:36:03,589 - httpcore.http11 - DEBUG - atrace:87 - send_request_body.started request=<Request [b'GET']>
2025-09-24 10:36:03,589 - httpcore.http11 - DEBUG - atrace:87 - send_request_body.complete
2025-09-24 10:36:03,589 - httpcore.http11 - DEBUG - atrace:87 - receive_response_headers.started request=<Request [b'GET']>
2025-09-24 10:36:03,590 - httpcore.http11 - DEBUG - atrace:87 - send_request_headers.complete
2025-09-24 10:36:03,590 - httpcore.http11 - DEBUG - atrace:87 - send_request_body.started request=<Request [b'GET']>
2025-09-24 10:36:03,590 - httpcore.http11 - DEBUG - atrace:87 - send_request_body.complete
2025-09-24 10:36:03,590 - httpcore.http11 - DEBUG - atrace:87 - receive_response_headers.started request=<Request [b'GET']>
2025-09-24 10:36:03,590 - httpcore.http11 - DEBUG - atrace:87 - receive_response_headers.complete return_value=(b'HTTP/1.1', 200, b'OK', [(b'Content-Length', b'1290'), (b'Content-Type', b'application/json;odata.metadata=minimal;odata.streaming=true;IEEE754Compatible=false;charset=utf-8'), (b'Date', b'Wed, 24 Sep 2025 05:06:03 GMT'), (b'Server', b'Microsoft-IIS/10.0'), (b'Access-Control-Allow-Headers', b'Accept, Origin, Content-Type, MaxDataServiceVersion'), (b'Access-Control-Allow-Methods', b'GET'), (b'Access-Control-Allow-Origin', b'*'), (b'Access-Control-Expose-Headers', b'DataServiceVersion'), (b'Cache-Control', b'private'), (b'Content-Encoding', b'gzip'), (b'Expires', b'Wed, 24 Sep 2025 05:07:04 GMT'), (b'Vary', b'*'), (b'X-Content-Type-Options', b'nosniff'), (b'OData-Version', b'4.0;'), (b'X-AspNet-Version', b'4.0.30319'), (b'X-Powered-By', b'ASP.NET')])
2025-09-24 10:36:03,591 - httpx - INFO - _send_single_request:1740 - HTTP Request: GET https://services.odata.org/V4/Northwind/Northwind.svc/Territories?%24skip=0&%24top=53 "HTTP/1.1 200 OK"
2025-09-24 10:36:03,592 - httpcore.http11 - DEBUG - atrace:87 - receive_response_body.started request=<Request [b'GET']>
2025-09-24 10:36:03,593 - httpcore.http11 - DEBUG - atrace:87 - receive_response_body.complete
2025-09-24 10:36:03,594 - httpcore.http11 - DEBUG - atrace:87 - response_closed.started
2025-09-24 10:36:03,594 - httpcore.http11 - DEBUG - atrace:87 - response_closed.complete
2025-09-24 10:36:03,595 - planning.record_tracker - INFO - add_page_records:38 - [2m2025-09-24T05:06:03.595430Z[0m [[32m[1minfo     [0m] [1m✅ Entity record fetching complete[0m [[0m[1m[34mplanning.record_tracker[0m][0m [36mentity[0m=[35mTerritories[0m [36mfetched[0m=[35m53[0m [36mtarget[0m=[35m53[0m
2025-09-24 10:36:03,596 - workers.proxy_pool - INFO - _make_http_request:243 - [2m2025-09-24T05:06:03.596441Z[0m [[32m[1minfo     [0m] [1m🎯 Stopping pagination due to record limits[0m [[0m[1m[34mworkers.proxy_pool[0m][0m [36mcommand_id[0m=[35mTerritories_page_1[0m [36mentity[0m=[35mTerritories[0m [36mentity_complete[0m=[35mTrue[0m [36mglobal_limit_reached[0m=[35mNone[0m [36mworker_id[0m=[35mworker_1[0m
2025-09-24 10:36:03,597 - workers.proxy_pool - INFO - _make_http_request:250 - [2m2025-09-24T05:06:03.596441Z[0m [[32m[1minfo     [0m] [1m📊 Worker successfully fetched data[0m [[0m[1m[34mworkers.proxy_pool[0m][0m [36mactual_records_added[0m=[35m53[0m [36mcommand_id[0m=[35mTerritories_page_1[0m [36mentity[0m=[35mTerritories[0m [36mentity_total_fetched[0m=[35m53[0m [36mglobal_total_fetched[0m=[35m3331[0m [36mhas_next_page[0m=[35mFalse[0m [36mrecords_in_response[0m=[35m53[0m [36mworker_id[0m=[35mworker_1[0m
2025-09-24 10:36:03,597 - workers.proxy_pool - INFO - execute:110 - [2m2025-09-24T05:06:03.597440Z[0m [[32m[1minfo     [0m] [1m✅ Worker completed command successfully[0m [[0m[1m[34mworkers.proxy_pool[0m][0m [36mcommand_id[0m=[35mTerritories_page_1[0m [36mentity[0m=[35mTerritories[0m [36mexecution_time_seconds[0m=[35m0.31[0m [36mhas_next_page[0m=[35mFalse[0m [36mrecords_fetched[0m=[35m53[0m [36mworker_id[0m=[35mworker_1[0m
2025-09-24 10:36:03,598 - workers.proxy_pool - INFO - _worker_loop:460 - [2m2025-09-24T05:06:03.598440Z[0m [[32m[1minfo     [0m] [1m📋 Worker picked up command from queue[0m [[0m[1m[34mworkers.proxy_pool[0m][0m [36mcommand_id[0m=[35mSuppliers_page_1[0m [36mentity[0m=[35mSuppliers[0m [36mqueue_size_after_pickup[0m=[35m14[0m [36mworker_id[0m=[35mworker_1[0m [36mworker_status[0m=[35mPROCESSING[0m
2025-09-24 10:36:03,599 - workers.proxy_pool - INFO - execute:59 - [2m2025-09-24T05:06:03.599443Z[0m [[32m[1minfo     [0m] [1m🚀 Worker starting command execution[0m [[0m[1m[34mworkers.proxy_pool[0m][0m [36mcommand_id[0m=[35mSuppliers_page_1[0m [36mcommand_type[0m=[35mfetch_page[0m [36mentity[0m=[35mSuppliers[0m [36mpriority[0m=[35m1[0m [36mretry_count[0m=[35m0[0m [36mskip[0m=[35m0[0m [36mtop[0m=[35m1500[0m [36mworker_id[0m=[35mworker_1[0m
2025-09-24 10:36:03,599 - workers.proxy_pool - INFO - execute:82 - [2m2025-09-24T05:06:03.599443Z[0m [[32m[1minfo     [0m] [1m🔄 Worker executing request with resilience patterns[0m [[0m[1m[34mworkers.proxy_pool[0m][0m [36mcircuit_breaker_state[0m=[35mclosed[0m [36mcommand_id[0m=[35mSuppliers_page_1[0m [36mworker_id[0m=[35mworker_1[0m
2025-09-24 10:36:03,600 - planning.record_tracker - INFO - calculate_optimal_batch_size:206 - [2m2025-09-24T05:06:03.600439Z[0m [[32m[1minfo     [0m] [1mAdjusted batch size to prevent overfetching[0m [[0m[1m[34mplanning.record_tracker[0m][0m [36mdefault_size[0m=[35m1500[0m [36mentity[0m=[35mSuppliers[0m [36moptimal_size[0m=[35m29[0m [36mremaining_records[0m=[35m29[0m
2025-09-24 10:36:03,600 - workers.proxy_pool - INFO - _make_http_request:177 - [2m2025-09-24T05:06:03.600439Z[0m [[32m[1minfo     [0m] [1m📏 Adjusted batch size for optimal fetching[0m [[0m[1m[34mworkers.proxy_pool[0m][0m [36mcommand_id[0m=[35mSuppliers_page_1[0m [36mentity[0m=[35mSuppliers[0m [36moptimal_top[0m=[35m29[0m [36moriginal_top[0m=[35m1500[0m [36mworker_id[0m=[35mworker_1[0m
2025-09-24 10:36:03,601 - storage.transformer - INFO - transform_odata_response:62 - [2m2025-09-24T05:06:03.601949Z[0m [[32m[1minfo     [0m] [1mStarting transformation       [0m [[0m[1m[34mstorage.transformer[0m][0m [36mentity_name[0m=[35mTerritories[0m [36mresponse_keys[0m=[35m['@odata.context', 'value'][0m
2025-09-24 10:36:03,603 - storage.transformer - INFO - transform_odata_response:101 - [2m2025-09-24T05:06:03.602959Z[0m [[32m[1minfo     [0m] [1mTransformation completed      [0m [[0m[1m[34mstorage.transformer[0m][0m [36mentity_name[0m=[35mTerritories[0m [36minput_records[0m=[35m53[0m [36moutput_records[0m=[35m53[0m [36mtransformation_time_seconds[0m=[35m0.0[0m
2025-09-24 10:36:03,604 - storage.local_storage - INFO - store_processed_records:145 - [2m2025-09-24T05:06:03.604465Z[0m [[32m[1minfo     [0m] [1mStoring processed records     [0m [[0m[1m[34mstorage.local_storage[0m][0m [36mentity_name[0m=[35mTerritories[0m [36mformat[0m=[35mjson[0m [36mrecord_count[0m=[35m53[0m
2025-09-24 10:36:03,608 - storage.local_storage - INFO - store_processed_records:160 - [2m2025-09-24T05:06:03.608481Z[0m [[32m[1minfo     [0m] [1mSuccessfully stored processed records[0m [[0m[1m[34mstorage.local_storage[0m][0m [36mentity_name[0m=[35mTerritories[0m [36mfile_path[0m=[35m./test_output/processed\Territories_20250924_050603.json[0m [36mrecord_count[0m=[35m53[0m [36mstorage_time_seconds[0m=[35m0.0[0m
2025-09-24 10:36:03,616 - storage.local_storage - INFO - store_raw_response:89 - [2m2025-09-24T05:06:03.616738Z[0m [[32m[1minfo     [0m] [1mSuccessfully stored raw data  [0m [[0m[1m[34mstorage.local_storage[0m][0m [36mentity_name[0m=[35mTerritories[0m [36mfile_path[0m=[35m./test_output/raw\Territories\2025/09/24\05\Territories_page_1.json[0m [36msize_bytes[0m=[35m10410[0m [36mstorage_time_seconds[0m=[35m0.0[0m
2025-09-24 10:36:03,617 - httpcore.http11 - DEBUG - atrace:87 - send_request_headers.started request=<Request [b'GET']>
2025-09-24 10:36:03,619 - httpcore.http11 - DEBUG - atrace:87 - send_request_headers.complete
2025-09-24 10:36:03,619 - httpcore.http11 - DEBUG - atrace:87 - send_request_body.started request=<Request [b'GET']>
2025-09-24 10:36:03,619 - httpcore.http11 - DEBUG - atrace:87 - send_request_body.complete
2025-09-24 10:36:03,619 - httpcore.http11 - DEBUG - atrace:87 - receive_response_headers.started request=<Request [b'GET']>
2025-09-24 10:36:03,863 - httpcore.http11 - DEBUG - atrace:87 - receive_response_headers.complete return_value=(b'HTTP/1.1', 200, b'OK', [(b'Content-Length', b'2134'), (b'Content-Type', b'application/json;odata.metadata=minimal;odata.streaming=true;IEEE754Compatible=false;charset=utf-8'), (b'Date', b'Wed, 24 Sep 2025 05:06:03 GMT'), (b'Server', b'Microsoft-IIS/10.0'), (b'Access-Control-Allow-Headers', b'Accept, Origin, Content-Type, MaxDataServiceVersion'), (b'Access-Control-Allow-Methods', b'GET'), (b'Access-Control-Allow-Origin', b'*'), (b'Access-Control-Expose-Headers', b'DataServiceVersion'), (b'Cache-Control', b'private'), (b'Content-Encoding', b'gzip'), (b'Expires', b'Wed, 24 Sep 2025 05:07:04 GMT'), (b'Vary', b'*'), (b'X-Content-Type-Options', b'nosniff'), (b'OData-Version', b'4.0;'), (b'X-AspNet-Version', b'4.0.30319'), (b'X-Powered-By', b'ASP.NET')])
2025-09-24 10:36:03,864 - httpx - INFO - _send_single_request:1740 - HTTP Request: GET https://services.odata.org/V4/Northwind/Northwind.svc/Product_Sales_for_1997?%24skip=0&%24top=77 "HTTP/1.1 200 OK"
2025-09-24 10:36:03,874 - httpcore.http11 - DEBUG - atrace:87 - receive_response_body.started request=<Request [b'GET']>
2025-09-24 10:36:03,874 - httpcore.http11 - DEBUG - atrace:87 - receive_response_body.complete
2025-09-24 10:36:03,874 - httpcore.http11 - DEBUG - atrace:87 - response_closed.started
2025-09-24 10:36:03,875 - httpcore.http11 - DEBUG - atrace:87 - response_closed.complete
2025-09-24 10:36:03,876 - planning.record_tracker - INFO - add_page_records:38 - [2m2025-09-24T05:06:03.876283Z[0m [[32m[1minfo     [0m] [1m✅ Entity record fetching complete[0m [[0m[1m[34mplanning.record_tracker[0m][0m [36mentity[0m=[35mProduct_Sales_for_1997[0m [36mfetched[0m=[35m77[0m [36mtarget[0m=[35m77[0m
2025-09-24 10:36:03,881 - workers.proxy_pool - INFO - _make_http_request:243 - [2m2025-09-24T05:06:03.880828Z[0m [[32m[1minfo     [0m] [1m🎯 Stopping pagination due to record limits[0m [[0m[1m[34mworkers.proxy_pool[0m][0m [36mcommand_id[0m=[35mProduct_Sales_for_1997_page_1[0m [36mentity[0m=[35mProduct_Sales_for_1997[0m [36mentity_complete[0m=[35mTrue[0m [36mglobal_limit_reached[0m=[35mNone[0m [36mworker_id[0m=[35mworker_0[0m
2025-09-24 10:36:03,883 - workers.proxy_pool - INFO - _make_http_request:250 - [2m2025-09-24T05:06:03.882619Z[0m [[32m[1minfo     [0m] [1m📊 Worker successfully fetched data[0m [[0m[1m[34mworkers.proxy_pool[0m][0m [36mactual_records_added[0m=[35m77[0m [36mcommand_id[0m=[35mProduct_Sales_for_1997_page_1[0m [36mentity[0m=[35mProduct_Sales_for_1997[0m [36mentity_total_fetched[0m=[35m77[0m [36mglobal_total_fetched[0m=[35m3408[0m [36mhas_next_page[0m=[35mFalse[0m [36mrecords_in_response[0m=[35m77[0m [36mworker_id[0m=[35mworker_0[0m
2025-09-24 10:36:03,888 - workers.proxy_pool - INFO - execute:110 - [2m2025-09-24T05:06:03.887761Z[0m [[32m[1minfo     [0m] [1m✅ Worker completed command successfully[0m [[0m[1m[34mworkers.proxy_pool[0m][0m [36mcommand_id[0m=[35mProduct_Sales_for_1997_page_1[0m [36mentity[0m=[35mProduct_Sales_for_1997[0m [36mexecution_time_seconds[0m=[35m0.33[0m [36mhas_next_page[0m=[35mFalse[0m [36mrecords_fetched[0m=[35m77[0m [36mworker_id[0m=[35mworker_0[0m
2025-09-24 10:36:03,891 - workers.proxy_pool - INFO - _worker_loop:460 - [2m2025-09-24T05:06:03.891859Z[0m [[32m[1minfo     [0m] [1m📋 Worker picked up command from queue[0m [[0m[1m[34mworkers.proxy_pool[0m][0m [36mcommand_id[0m=[35mOrder_Subtotals_page_next_1500[0m [36mentity[0m=[35mOrder_Subtotals[0m [36mqueue_size_after_pickup[0m=[35m13[0m [36mworker_id[0m=[35mworker_0[0m [36mworker_status[0m=[35mPROCESSING[0m
2025-09-24 10:36:03,895 - workers.proxy_pool - INFO - execute:59 - [2m2025-09-24T05:06:03.895697Z[0m [[32m[1minfo     [0m] [1m🚀 Worker starting command execution[0m [[0m[1m[34mworkers.proxy_pool[0m][0m [36mcommand_id[0m=[35mOrder_Subtotals_page_next_1500[0m [36mcommand_type[0m=[35mfetch_page[0m [36mentity[0m=[35mOrder_Subtotals[0m [36mpriority[0m=[35m1[0m [36mretry_count[0m=[35m0[0m [36mskip[0m=[35m1500[0m [36mtop[0m=[35m1500[0m [36mworker_id[0m=[35mworker_0[0m
2025-09-24 10:36:03,898 - workers.proxy_pool - INFO - execute:82 - [2m2025-09-24T05:06:03.898760Z[0m [[32m[1minfo     [0m] [1m🔄 Worker executing request with resilience patterns[0m [[0m[1m[34mworkers.proxy_pool[0m][0m [36mcircuit_breaker_state[0m=[35mclosed[0m [36mcommand_id[0m=[35mOrder_Subtotals_page_next_1500[0m [36mworker_id[0m=[35mworker_0[0m
2025-09-24 10:36:03,901 - planning.record_tracker - INFO - calculate_optimal_batch_size:206 - [2m2025-09-24T05:06:03.901972Z[0m [[32m[1minfo     [0m] [1mAdjusted batch size to prevent overfetching[0m [[0m[1m[34mplanning.record_tracker[0m][0m [36mdefault_size[0m=[35m1500[0m [36mentity[0m=[35mOrder_Subtotals[0m [36moptimal_size[0m=[35m730[0m [36mremaining_records[0m=[35m730[0m
2025-09-24 10:36:03,938 - workers.proxy_pool - INFO - _make_http_request:177 - [2m2025-09-24T05:06:03.937619Z[0m [[32m[1minfo     [0m] [1m📏 Adjusted batch size for optimal fetching[0m [[0m[1m[34mworkers.proxy_pool[0m][0m [36mcommand_id[0m=[35mOrder_Subtotals_page_next_1500[0m [36mentity[0m=[35mOrder_Subtotals[0m [36moptimal_top[0m=[35m730[0m [36moriginal_top[0m=[35m1500[0m [36mworker_id[0m=[35mworker_0[0m
2025-09-24 10:36:03,949 - storage.transformer - INFO - transform_odata_response:62 - [2m2025-09-24T05:06:03.949228Z[0m [[32m[1minfo     [0m] [1mStarting transformation       [0m [[0m[1m[34mstorage.transformer[0m][0m [36mentity_name[0m=[35mProduct_Sales_for_1997[0m [36mresponse_keys[0m=[35m['@odata.context', 'value'][0m
2025-09-24 10:36:03,954 - storage.transformer - INFO - transform_odata_response:101 - [2m2025-09-24T05:06:03.954914Z[0m [[32m[1minfo     [0m] [1mTransformation completed      [0m [[0m[1m[34mstorage.transformer[0m][0m [36mentity_name[0m=[35mProduct_Sales_for_1997[0m [36minput_records[0m=[35m77[0m [36moutput_records[0m=[35m77[0m [36mtransformation_time_seconds[0m=[35m0.0[0m
2025-09-24 10:36:03,963 - storage.local_storage - INFO - store_processed_records:145 - [2m2025-09-24T05:06:03.962235Z[0m [[32m[1minfo     [0m] [1mStoring processed records     [0m [[0m[1m[34mstorage.local_storage[0m][0m [36mentity_name[0m=[35mProduct_Sales_for_1997[0m [36mformat[0m=[35mjson[0m [36mrecord_count[0m=[35m77[0m
2025-09-24 10:36:03,968 - storage.local_storage - INFO - store_processed_records:160 - [2m2025-09-24T05:06:03.968224Z[0m [[32m[1minfo     [0m] [1mSuccessfully stored processed records[0m [[0m[1m[34mstorage.local_storage[0m][0m [36mentity_name[0m=[35mProduct_Sales_for_1997[0m [36mfile_path[0m=[35m./test_output/processed\Product_Sales_for_1997_20250924_050603.json[0m [36mrecord_count[0m=[35m77[0m [36mstorage_time_seconds[0m=[35m0.0[0m
2025-09-24 10:36:03,997 - storage.local_storage - INFO - store_raw_response:89 - [2m2025-09-24T05:06:03.984896Z[0m [[32m[1minfo     [0m] [1mSuccessfully stored raw data  [0m [[0m[1m[34mstorage.local_storage[0m][0m [36mentity_name[0m=[35mProduct_Sales_for_1997[0m [36mfile_path[0m=[35m./test_output/raw\Product_Sales_for_1997\2025/09/24\05\Product_Sales_for_1997_page_1.json[0m [36msize_bytes[0m=[35m10385[0m [36mstorage_time_seconds[0m=[35m0.016[0m
2025-09-24 10:36:04,013 - httpcore.http11 - DEBUG - atrace:87 - send_request_headers.started request=<Request [b'GET']>
2025-09-24 10:36:04,015 - httpcore.http11 - DEBUG - atrace:87 - send_request_headers.complete
2025-09-24 10:36:04,015 - httpcore.http11 - DEBUG - atrace:87 - send_request_body.started request=<Request [b'GET']>
2025-09-24 10:36:04,015 - httpcore.http11 - DEBUG - atrace:87 - send_request_body.complete
2025-09-24 10:36:04,016 - httpcore.http11 - DEBUG - atrace:87 - receive_response_headers.started request=<Request [b'GET']>
2025-09-24 10:36:05,935 - httpcore.http11 - DEBUG - atrace:87 - receive_response_headers.complete return_value=(b'HTTP/1.1', 200, b'OK', [(b'Content-Length', b'3492'), (b'Content-Type', b'application/json;odata.metadata=minimal;odata.streaming=true;IEEE754Compatible=false;charset=utf-8'), (b'Date', b'Wed, 24 Sep 2025 05:06:05 GMT'), (b'Server', b'Microsoft-IIS/10.0'), (b'Access-Control-Allow-Headers', b'Accept, Origin, Content-Type, MaxDataServiceVersion'), (b'Access-Control-Allow-Methods', b'GET'), (b'Access-Control-Allow-Origin', b'*'), (b'Access-Control-Expose-Headers', b'DataServiceVersion'), (b'Cache-Control', b'private'), (b'Content-Encoding', b'gzip'), (b'Expires', b'Wed, 24 Sep 2025 05:07:06 GMT'), (b'Vary', b'*'), (b'X-Content-Type-Options', b'nosniff'), (b'OData-Version', b'4.0;'), (b'X-AspNet-Version', b'4.0.30319'), (b'X-Powered-By', b'ASP.NET')])
2025-09-24 10:36:05,935 - httpx - INFO - _send_single_request:1740 - HTTP Request: GET https://services.odata.org/V4/Northwind/Northwind.svc/Suppliers?%24skip=0&%24top=29 "HTTP/1.1 200 OK"
2025-09-24 10:36:05,937 - httpcore.http11 - DEBUG - atrace:87 - receive_response_body.started request=<Request [b'GET']>
2025-09-24 10:36:05,937 - httpcore.http11 - DEBUG - atrace:87 - receive_response_body.complete
2025-09-24 10:36:05,938 - httpcore.http11 - DEBUG - atrace:87 - response_closed.started
2025-09-24 10:36:05,938 - httpcore.http11 - DEBUG - atrace:87 - response_closed.complete
2025-09-24 10:36:05,938 - planning.record_tracker - INFO - add_page_records:38 - [2m2025-09-24T05:06:05.938398Z[0m [[32m[1minfo     [0m] [1m✅ Entity record fetching complete[0m [[0m[1m[34mplanning.record_tracker[0m][0m [36mentity[0m=[35mSuppliers[0m [36mfetched[0m=[35m29[0m [36mtarget[0m=[35m29[0m
2025-09-24 10:36:05,939 - workers.proxy_pool - INFO - _make_http_request:243 - [2m2025-09-24T05:06:05.939390Z[0m [[32m[1minfo     [0m] [1m🎯 Stopping pagination due to record limits[0m [[0m[1m[34mworkers.proxy_pool[0m][0m [36mcommand_id[0m=[35mSuppliers_page_1[0m [36mentity[0m=[35mSuppliers[0m [36mentity_complete[0m=[35mTrue[0m [36mglobal_limit_reached[0m=[35mNone[0m [36mworker_id[0m=[35mworker_1[0m
2025-09-24 10:36:05,942 - workers.proxy_pool - INFO - _make_http_request:250 - [2m2025-09-24T05:06:05.942936Z[0m [[32m[1minfo     [0m] [1m📊 Worker successfully fetched data[0m [[0m[1m[34mworkers.proxy_pool[0m][0m [36mactual_records_added[0m=[35m29[0m [36mcommand_id[0m=[35mSuppliers_page_1[0m [36mentity[0m=[35mSuppliers[0m [36mentity_total_fetched[0m=[35m29[0m [36mglobal_total_fetched[0m=[35m3437[0m [36mhas_next_page[0m=[35mFalse[0m [36mrecords_in_response[0m=[35m29[0m [36mworker_id[0m=[35mworker_1[0m
2025-09-24 10:36:05,947 - workers.proxy_pool - INFO - execute:110 - [2m2025-09-24T05:06:05.946727Z[0m [[32m[1minfo     [0m] [1m✅ Worker completed command successfully[0m [[0m[1m[34mworkers.proxy_pool[0m][0m [36mcommand_id[0m=[35mSuppliers_page_1[0m [36mentity[0m=[35mSuppliers[0m [36mexecution_time_seconds[0m=[35m2.36[0m [36mhas_next_page[0m=[35mFalse[0m [36mrecords_fetched[0m=[35m29[0m [36mworker_id[0m=[35mworker_1[0m
2025-09-24 10:36:05,950 - workers.proxy_pool - INFO - _worker_loop:460 - [2m2025-09-24T05:06:05.949222Z[0m [[32m[1minfo     [0m] [1m📋 Worker picked up command from queue[0m [[0m[1m[34mworkers.proxy_pool[0m][0m [36mcommand_id[0m=[35mCustomer_and_Suppliers_by_Cities_page_next_1500[0m [36mentity[0m=[35mCustomer_and_Suppliers_by_Cities[0m [36mqueue_size_after_pickup[0m=[35m12[0m [36mworker_id[0m=[35mworker_1[0m [36mworker_status[0m=[35mPROCESSING[0m
2025-09-24 10:36:05,951 - workers.proxy_pool - INFO - execute:59 - [2m2025-09-24T05:06:05.951207Z[0m [[32m[1minfo     [0m] [1m🚀 Worker starting command execution[0m [[0m[1m[34mworkers.proxy_pool[0m][0m [36mcommand_id[0m=[35mCustomer_and_Suppliers_by_Cities_page_next_1500[0m [36mcommand_type[0m=[35mfetch_page[0m [36mentity[0m=[35mCustomer_and_Suppliers_by_Cities[0m [36mpriority[0m=[35m1[0m [36mretry_count[0m=[35m0[0m [36mskip[0m=[35m1500[0m [36mtop[0m=[35m1500[0m [36mworker_id[0m=[35mworker_1[0m
2025-09-24 10:36:05,955 - workers.proxy_pool - INFO - execute:82 - [2m2025-09-24T05:06:05.953920Z[0m [[32m[1minfo     [0m] [1m🔄 Worker executing request with resilience patterns[0m [[0m[1m[34mworkers.proxy_pool[0m][0m [36mcircuit_breaker_state[0m=[35mclosed[0m [36mcommand_id[0m=[35mCustomer_and_Suppliers_by_Cities_page_next_1500[0m [36mworker_id[0m=[35mworker_1[0m
2025-09-24 10:36:05,957 - planning.record_tracker - INFO - calculate_optimal_batch_size:206 - [2m2025-09-24T05:06:05.957176Z[0m [[32m[1minfo     [0m] [1mAdjusted batch size to prevent overfetching[0m [[0m[1m[34mplanning.record_tracker[0m][0m [36mdefault_size[0m=[35m1500[0m [36mentity[0m=[35mCustomer_and_Suppliers_by_Cities[0m [36moptimal_size[0m=[35m20[0m [36mremaining_records[0m=[35m20[0m
2025-09-24 10:36:05,959 - workers.proxy_pool - INFO - _make_http_request:177 - [2m2025-09-24T05:06:05.959171Z[0m [[32m[1minfo     [0m] [1m📏 Adjusted batch size for optimal fetching[0m [[0m[1m[34mworkers.proxy_pool[0m][0m [36mcommand_id[0m=[35mCustomer_and_Suppliers_by_Cities_page_next_1500[0m [36mentity[0m=[35mCustomer_and_Suppliers_by_Cities[0m [36moptimal_top[0m=[35m20[0m [36moriginal_top[0m=[35m1500[0m [36mworker_id[0m=[35mworker_1[0m
2025-09-24 10:36:05,963 - storage.transformer - INFO - transform_odata_response:62 - [2m2025-09-24T05:06:05.963943Z[0m [[32m[1minfo     [0m] [1mStarting transformation       [0m [[0m[1m[34mstorage.transformer[0m][0m [36mentity_name[0m=[35mSuppliers[0m [36mresponse_keys[0m=[35m['@odata.context', 'value'][0m
2025-09-24 10:36:05,967 - storage.transformer - INFO - transform_odata_response:101 - [2m2025-09-24T05:06:05.967161Z[0m [[32m[1minfo     [0m] [1mTransformation completed      [0m [[0m[1m[34mstorage.transformer[0m][0m [36mentity_name[0m=[35mSuppliers[0m [36minput_records[0m=[35m29[0m [36moutput_records[0m=[35m29[0m [36mtransformation_time_seconds[0m=[35m0.0[0m
2025-09-24 10:36:05,968 - storage.local_storage - INFO - store_processed_records:145 - [2m2025-09-24T05:06:05.968184Z[0m [[32m[1minfo     [0m] [1mStoring processed records     [0m [[0m[1m[34mstorage.local_storage[0m][0m [36mentity_name[0m=[35mSuppliers[0m [36mformat[0m=[35mjson[0m [36mrecord_count[0m=[35m29[0m
2025-09-24 10:36:05,974 - storage.local_storage - INFO - store_processed_records:160 - [2m2025-09-24T05:06:05.973726Z[0m [[32m[1minfo     [0m] [1mSuccessfully stored processed records[0m [[0m[1m[34mstorage.local_storage[0m][0m [36mentity_name[0m=[35mSuppliers[0m [36mfile_path[0m=[35m./test_output/processed\Suppliers_20250924_050605.json[0m [36mrecord_count[0m=[35m29[0m [36mstorage_time_seconds[0m=[35m0.0[0m
2025-09-24 10:36:05,987 - storage.local_storage - INFO - store_raw_response:89 - [2m2025-09-24T05:06:05.987438Z[0m [[32m[1minfo     [0m] [1mSuccessfully stored raw data  [0m [[0m[1m[34mstorage.local_storage[0m][0m [36mentity_name[0m=[35mSuppliers[0m [36mfile_path[0m=[35m./test_output/raw\Suppliers\2025/09/24\05\Suppliers_page_1.json[0m [36msize_bytes[0m=[35m12636[0m [36mstorage_time_seconds[0m=[35m0.0[0m
2025-09-24 10:36:05,998 - httpcore.http11 - DEBUG - atrace:87 - send_request_headers.started request=<Request [b'GET']>
2025-09-24 10:36:06,002 - httpcore.http11 - DEBUG - atrace:87 - send_request_headers.complete
2025-09-24 10:36:06,003 - httpcore.http11 - DEBUG - atrace:87 - send_request_body.started request=<Request [b'GET']>
2025-09-24 10:36:06,003 - httpcore.http11 - DEBUG - atrace:87 - send_request_body.complete
2025-09-24 10:36:06,003 - httpcore.http11 - DEBUG - atrace:87 - receive_response_headers.started request=<Request [b'GET']>
2025-09-24 10:36:06,242 - httpcore.http11 - DEBUG - atrace:87 - receive_response_headers.complete return_value=(b'HTTP/1.1', 200, b'OK', [(b'Content-Length', b'212'), (b'Content-Type', b'application/json;odata.metadata=minimal;odata.streaming=true;IEEE754Compatible=false;charset=utf-8'), (b'Date', b'Wed, 24 Sep 2025 05:06:06 GMT'), (b'Server', b'Microsoft-IIS/10.0'), (b'Access-Control-Allow-Headers', b'Accept, Origin, Content-Type, MaxDataServiceVersion'), (b'Access-Control-Allow-Methods', b'GET'), (b'Access-Control-Allow-Origin', b'*'), (b'Access-Control-Expose-Headers', b'DataServiceVersion'), (b'Cache-Control', b'private'), (b'Content-Encoding', b'gzip'), (b'Expires', b'Wed, 24 Sep 2025 05:07:06 GMT'), (b'Vary', b'*'), (b'X-Content-Type-Options', b'nosniff'), (b'OData-Version', b'4.0;'), (b'X-AspNet-Version', b'4.0.30319'), (b'X-Powered-By', b'ASP.NET')])
2025-09-24 10:36:06,243 - httpx - INFO - _send_single_request:1740 - HTTP Request: GET https://services.odata.org/V4/Northwind/Northwind.svc/Order_Subtotals?%24skip=1500&%24top=730 "HTTP/1.1 200 OK"
2025-09-24 10:36:06,245 - httpcore.http11 - DEBUG - atrace:87 - receive_response_body.started request=<Request [b'GET']>
2025-09-24 10:36:06,246 - httpcore.http11 - DEBUG - atrace:87 - receive_response_body.complete
2025-09-24 10:36:06,246 - httpcore.http11 - DEBUG - atrace:87 - response_closed.started
2025-09-24 10:36:06,246 - httpcore.http11 - DEBUG - atrace:87 - response_closed.complete
2025-09-24 10:36:06,247 - workers.proxy_pool - INFO - _make_http_request:250 - [2m2025-09-24T05:06:06.247369Z[0m [[32m[1minfo     [0m] [1m📊 Worker successfully fetched data[0m [[0m[1m[34mworkers.proxy_pool[0m][0m [36mactual_records_added[0m=[35m0[0m [36mcommand_id[0m=[35mOrder_Subtotals_page_next_1500[0m [36mentity[0m=[35mOrder_Subtotals[0m [36mentity_total_fetched[0m=[35m100[0m [36mglobal_total_fetched[0m=[35m3437[0m [36mhas_next_page[0m=[35mFalse[0m [36mrecords_in_response[0m=[35m0[0m [36mworker_id[0m=[35mworker_0[0m
2025-09-24 10:36:06,248 - workers.proxy_pool - INFO - execute:110 - [2m2025-09-24T05:06:06.247369Z[0m [[32m[1minfo     [0m] [1m✅ Worker completed command successfully[0m [[0m[1m[34mworkers.proxy_pool[0m][0m [36mcommand_id[0m=[35mOrder_Subtotals_page_next_1500[0m [36mentity[0m=[35mOrder_Subtotals[0m [36mexecution_time_seconds[0m=[35m2.36[0m [36mhas_next_page[0m=[35mFalse[0m [36mrecords_fetched[0m=[35m0[0m [36mworker_id[0m=[35mworker_0[0m
2025-09-24 10:36:06,248 - workers.proxy_pool - INFO - _worker_loop:460 - [2m2025-09-24T05:06:06.248384Z[0m [[32m[1minfo     [0m] [1m📋 Worker picked up command from queue[0m [[0m[1m[34mworkers.proxy_pool[0m][0m [36mcommand_id[0m=[35mSummary_of_Sales_by_Years_page_next_1500[0m [36mentity[0m=[35mSummary_of_Sales_by_Years[0m [36mqueue_size_after_pickup[0m=[35m11[0m [36mworker_id[0m=[35mworker_0[0m [36mworker_status[0m=[35mPROCESSING[0m
2025-09-24 10:36:06,249 - workers.proxy_pool - INFO - execute:59 - [2m2025-09-24T05:06:06.249460Z[0m [[32m[1minfo     [0m] [1m🚀 Worker starting command execution[0m [[0m[1m[34mworkers.proxy_pool[0m][0m [36mcommand_id[0m=[35mSummary_of_Sales_by_Years_page_next_1500[0m [36mcommand_type[0m=[35mfetch_page[0m [36mentity[0m=[35mSummary_of_Sales_by_Years[0m [36mpriority[0m=[35m1[0m [36mretry_count[0m=[35m0[0m [36mskip[0m=[35m1500[0m [36mtop[0m=[35m1500[0m [36mworker_id[0m=[35mworker_0[0m
2025-09-24 10:36:06,250 - workers.proxy_pool - INFO - execute:82 - [2m2025-09-24T05:06:06.250178Z[0m [[32m[1minfo     [0m] [1m🔄 Worker executing request with resilience patterns[0m [[0m[1m[34mworkers.proxy_pool[0m][0m [36mcircuit_breaker_state[0m=[35mclosed[0m [36mcommand_id[0m=[35mSummary_of_Sales_by_Years_page_next_1500[0m [36mworker_id[0m=[35mworker_0[0m
2025-09-24 10:36:06,250 - planning.record_tracker - INFO - calculate_optimal_batch_size:206 - [2m2025-09-24T05:06:06.250178Z[0m [[32m[1minfo     [0m] [1mAdjusted batch size to prevent overfetching[0m [[0m[1m[34mplanning.record_tracker[0m][0m [36mdefault_size[0m=[35m1500[0m [36mentity[0m=[35mSummary_of_Sales_by_Years[0m [36moptimal_size[0m=[35m709[0m [36mremaining_records[0m=[35m709[0m
2025-09-24 10:36:06,250 - workers.proxy_pool - INFO - _make_http_request:177 - [2m2025-09-24T05:06:06.250178Z[0m [[32m[1minfo     [0m] [1m📏 Adjusted batch size for optimal fetching[0m [[0m[1m[34mworkers.proxy_pool[0m][0m [36mcommand_id[0m=[35mSummary_of_Sales_by_Years_page_next_1500[0m [36mentity[0m=[35mSummary_of_Sales_by_Years[0m [36moptimal_top[0m=[35m709[0m [36moriginal_top[0m=[35m1500[0m [36mworker_id[0m=[35mworker_0[0m
2025-09-24 10:36:06,251 - storage.transformer - INFO - transform_odata_response:62 - [2m2025-09-24T05:06:06.251779Z[0m [[32m[1minfo     [0m] [1mStarting transformation       [0m [[0m[1m[34mstorage.transformer[0m][0m [36mentity_name[0m=[35mOrder_Subtotals[0m [36mresponse_keys[0m=[35m['@odata.context', 'value'][0m
2025-09-24 10:36:06,252 - storage.transformer - INFO - transform_odata_response:101 - [2m2025-09-24T05:06:06.252790Z[0m [[32m[1minfo     [0m] [1mTransformation completed      [0m [[0m[1m[34mstorage.transformer[0m][0m [36mentity_name[0m=[35mOrder_Subtotals[0m [36minput_records[0m=[35m0[0m [36moutput_records[0m=[35m0[0m [36mtransformation_time_seconds[0m=[35m0.0[0m
2025-09-24 10:36:06,252 - httpcore.http11 - DEBUG - atrace:87 - send_request_headers.started request=<Request [b'GET']>
2025-09-24 10:36:06,253 - httpcore.http11 - DEBUG - atrace:87 - send_request_headers.complete
2025-09-24 10:36:06,253 - httpcore.http11 - DEBUG - atrace:87 - send_request_body.started request=<Request [b'GET']>
2025-09-24 10:36:06,253 - httpcore.http11 - DEBUG - atrace:87 - send_request_body.complete
2025-09-24 10:36:06,253 - httpcore.http11 - DEBUG - atrace:87 - receive_response_headers.started request=<Request [b'GET']>
2025-09-24 10:36:06,290 - httpcore.http11 - DEBUG - atrace:87 - receive_response_headers.complete return_value=(b'HTTP/1.1', 200, b'OK', [(b'Content-Length', b'228'), (b'Content-Type', b'application/json;odata.metadata=minimal;odata.streaming=true;IEEE754Compatible=false;charset=utf-8'), (b'Date', b'Wed, 24 Sep 2025 05:06:06 GMT'), (b'Server', b'Microsoft-IIS/10.0'), (b'Access-Control-Allow-Headers', b'Accept, Origin, Content-Type, MaxDataServiceVersion'), (b'Access-Control-Allow-Methods', b'GET'), (b'Access-Control-Allow-Origin', b'*'), (b'Access-Control-Expose-Headers', b'DataServiceVersion'), (b'Cache-Control', b'private'), (b'Content-Encoding', b'gzip'), (b'Expires', b'Wed, 24 Sep 2025 05:07:06 GMT'), (b'Vary', b'*'), (b'X-Content-Type-Options', b'nosniff'), (b'OData-Version', b'4.0;'), (b'X-AspNet-Version', b'4.0.30319'), (b'X-Powered-By', b'ASP.NET')])
2025-09-24 10:36:06,292 - httpx - INFO - _send_single_request:1740 - HTTP Request: GET https://services.odata.org/V4/Northwind/Northwind.svc/Customer_and_Suppliers_by_Cities?%24skip=1500&%24top=20 "HTTP/1.1 200 OK"
2025-09-24 10:36:06,293 - httpcore.http11 - DEBUG - atrace:87 - receive_response_body.started request=<Request [b'GET']>
2025-09-24 10:36:06,293 - httpcore.http11 - DEBUG - atrace:87 - receive_response_body.complete
2025-09-24 10:36:06,294 - httpcore.http11 - DEBUG - atrace:87 - response_closed.started
2025-09-24 10:36:06,294 - httpcore.http11 - DEBUG - atrace:87 - response_closed.complete
2025-09-24 10:36:06,294 - workers.proxy_pool - INFO - _make_http_request:250 - [2m2025-09-24T05:06:06.294828Z[0m [[32m[1minfo     [0m] [1m📊 Worker successfully fetched data[0m [[0m[1m[34mworkers.proxy_pool[0m][0m [36mactual_records_added[0m=[35m0[0m [36mcommand_id[0m=[35mCustomer_and_Suppliers_by_Cities_page_next_1500[0m [36mentity[0m=[35mCustomer_and_Suppliers_by_Cities[0m [36mentity_total_fetched[0m=[35m100[0m [36mglobal_total_fetched[0m=[35m3437[0m [36mhas_next_page[0m=[35mFalse[0m [36mrecords_in_response[0m=[35m0[0m [36mworker_id[0m=[35mworker_1[0m
2025-09-24 10:36:06,295 - workers.proxy_pool - INFO - execute:110 - [2m2025-09-24T05:06:06.295986Z[0m [[32m[1minfo     [0m] [1m✅ Worker completed command successfully[0m [[0m[1m[34mworkers.proxy_pool[0m][0m [36mcommand_id[0m=[35mCustomer_and_Suppliers_by_Cities_page_next_1500[0m [36mentity[0m=[35mCustomer_and_Suppliers_by_Cities[0m [36mexecution_time_seconds[0m=[35m0.34[0m [36mhas_next_page[0m=[35mFalse[0m [36mrecords_fetched[0m=[35m0[0m [36mworker_id[0m=[35mworker_1[0m
2025-09-24 10:36:06,297 - workers.proxy_pool - INFO - _worker_loop:460 - [2m2025-09-24T05:06:06.297008Z[0m [[32m[1minfo     [0m] [1m📋 Worker picked up command from queue[0m [[0m[1m[34mworkers.proxy_pool[0m][0m [36mcommand_id[0m=[35mOrders_page_next_1500[0m [36mentity[0m=[35mOrders[0m [36mqueue_size_after_pickup[0m=[35m10[0m [36mworker_id[0m=[35mworker_1[0m [36mworker_status[0m=[35mPROCESSING[0m
2025-09-24 10:36:06,297 - workers.proxy_pool - INFO - execute:59 - [2m2025-09-24T05:06:06.297993Z[0m [[32m[1minfo     [0m] [1m🚀 Worker starting command execution[0m [[0m[1m[34mworkers.proxy_pool[0m][0m [36mcommand_id[0m=[35mOrders_page_next_1500[0m [36mcommand_type[0m=[35mfetch_page[0m [36mentity[0m=[35mOrders[0m [36mpriority[0m=[35m1[0m [36mretry_count[0m=[35m0[0m [36mskip[0m=[35m1500[0m [36mtop[0m=[35m1500[0m [36mworker_id[0m=[35mworker_1[0m
2025-09-24 10:36:06,297 - workers.proxy_pool - INFO - execute:82 - [2m2025-09-24T05:06:06.297993Z[0m [[32m[1minfo     [0m] [1m🔄 Worker executing request with resilience patterns[0m [[0m[1m[34mworkers.proxy_pool[0m][0m [36mcircuit_breaker_state[0m=[35mclosed[0m [36mcommand_id[0m=[35mOrders_page_next_1500[0m [36mworker_id[0m=[35mworker_1[0m
2025-09-24 10:36:06,298 - planning.record_tracker - INFO - calculate_optimal_batch_size:206 - [2m2025-09-24T05:06:06.298997Z[0m [[32m[1minfo     [0m] [1mAdjusted batch size to prevent overfetching[0m [[0m[1m[34mplanning.record_tracker[0m][0m [36mdefault_size[0m=[35m1500[0m [36mentity[0m=[35mOrders[0m [36moptimal_size[0m=[35m630[0m [36mremaining_records[0m=[35m630[0m
2025-09-24 10:36:06,298 - workers.proxy_pool - INFO - _make_http_request:177 - [2m2025-09-24T05:06:06.298997Z[0m [[32m[1minfo     [0m] [1m📏 Adjusted batch size for optimal fetching[0m [[0m[1m[34mworkers.proxy_pool[0m][0m [36mcommand_id[0m=[35mOrders_page_next_1500[0m [36mentity[0m=[35mOrders[0m [36moptimal_top[0m=[35m630[0m [36moriginal_top[0m=[35m1500[0m [36mworker_id[0m=[35mworker_1[0m
2025-09-24 10:36:06,299 - storage.transformer - INFO - transform_odata_response:62 - [2m2025-09-24T05:06:06.299997Z[0m [[32m[1minfo     [0m] [1mStarting transformation       [0m [[0m[1m[34mstorage.transformer[0m][0m [36mentity_name[0m=[35mCustomer_and_Suppliers_by_Cities[0m [36mresponse_keys[0m=[35m['@odata.context', 'value'][0m
2025-09-24 10:36:06,299 - storage.transformer - INFO - transform_odata_response:101 - [2m2025-09-24T05:06:06.299997Z[0m [[32m[1minfo     [0m] [1mTransformation completed      [0m [[0m[1m[34mstorage.transformer[0m][0m [36mentity_name[0m=[35mCustomer_and_Suppliers_by_Cities[0m [36minput_records[0m=[35m0[0m [36moutput_records[0m=[35m0[0m [36mtransformation_time_seconds[0m=[35m0.0[0m
2025-09-24 10:36:06,301 - httpcore.http11 - DEBUG - atrace:87 - send_request_headers.started request=<Request [b'GET']>
2025-09-24 10:36:06,301 - httpcore.http11 - DEBUG - atrace:87 - send_request_headers.complete
2025-09-24 10:36:06,302 - httpcore.http11 - DEBUG - atrace:87 - send_request_body.started request=<Request [b'GET']>
2025-09-24 10:36:06,302 - httpcore.http11 - DEBUG - atrace:87 - send_request_body.complete
2025-09-24 10:36:06,302 - httpcore.http11 - DEBUG - atrace:87 - receive_response_headers.started request=<Request [b'GET']>
2025-09-24 10:36:06,514 - httpcore.http11 - DEBUG - atrace:87 - receive_response_headers.complete return_value=(b'HTTP/1.1', 200, b'OK', [(b'Content-Length', b'224'), (b'Content-Type', b'application/json;odata.metadata=minimal;odata.streaming=true;IEEE754Compatible=false;charset=utf-8'), (b'Date', b'Wed, 24 Sep 2025 05:06:06 GMT'), (b'Server', b'Microsoft-IIS/10.0'), (b'Access-Control-Allow-Headers', b'Accept, Origin, Content-Type, MaxDataServiceVersion'), (b'Access-Control-Allow-Methods', b'GET'), (b'Access-Control-Allow-Origin', b'*'), (b'Access-Control-Expose-Headers', b'DataServiceVersion'), (b'Cache-Control', b'private'), (b'Content-Encoding', b'gzip'), (b'Expires', b'Wed, 24 Sep 2025 05:07:06 GMT'), (b'Vary', b'*'), (b'X-Content-Type-Options', b'nosniff'), (b'OData-Version', b'4.0;'), (b'X-AspNet-Version', b'4.0.30319'), (b'X-Powered-By', b'ASP.NET')])
2025-09-24 10:36:06,516 - httpx - INFO - _send_single_request:1740 - HTTP Request: GET https://services.odata.org/V4/Northwind/Northwind.svc/Summary_of_Sales_by_Years?%24skip=1500&%24top=709 "HTTP/1.1 200 OK"
2025-09-24 10:36:06,517 - httpcore.http11 - DEBUG - atrace:87 - receive_response_body.started request=<Request [b'GET']>
2025-09-24 10:36:06,517 - httpcore.http11 - DEBUG - atrace:87 - receive_response_body.complete
2025-09-24 10:36:06,517 - httpcore.http11 - DEBUG - atrace:87 - response_closed.started
2025-09-24 10:36:06,517 - httpcore.http11 - DEBUG - atrace:87 - response_closed.complete
2025-09-24 10:36:06,517 - workers.proxy_pool - INFO - _make_http_request:250 - [2m2025-09-24T05:06:06.517770Z[0m [[32m[1minfo     [0m] [1m📊 Worker successfully fetched data[0m [[0m[1m[34mworkers.proxy_pool[0m][0m [36mactual_records_added[0m=[35m0[0m [36mcommand_id[0m=[35mSummary_of_Sales_by_Years_page_next_1500[0m [36mentity[0m=[35mSummary_of_Sales_by_Years[0m [36mentity_total_fetched[0m=[35m100[0m [36mglobal_total_fetched[0m=[35m3437[0m [36mhas_next_page[0m=[35mFalse[0m [36mrecords_in_response[0m=[35m0[0m [36mworker_id[0m=[35mworker_0[0m
2025-09-24 10:36:06,518 - workers.proxy_pool - INFO - execute:110 - [2m2025-09-24T05:06:06.518793Z[0m [[32m[1minfo     [0m] [1m✅ Worker completed command successfully[0m [[0m[1m[34mworkers.proxy_pool[0m][0m [36mcommand_id[0m=[35mSummary_of_Sales_by_Years_page_next_1500[0m [36mentity[0m=[35mSummary_of_Sales_by_Years[0m [36mexecution_time_seconds[0m=[35m0.27[0m [36mhas_next_page[0m=[35mFalse[0m [36mrecords_fetched[0m=[35m0[0m [36mworker_id[0m=[35mworker_0[0m
2025-09-24 10:36:06,518 - workers.proxy_pool - INFO - _worker_loop:460 - [2m2025-09-24T05:06:06.518793Z[0m [[32m[1minfo     [0m] [1m📋 Worker picked up command from queue[0m [[0m[1m[34mworkers.proxy_pool[0m][0m [36mcommand_id[0m=[35mInvoices_page_next_3000[0m [36mentity[0m=[35mInvoices[0m [36mqueue_size_after_pickup[0m=[35m9[0m [36mworker_id[0m=[35mworker_0[0m [36mworker_status[0m=[35mPROCESSING[0m
2025-09-24 10:36:06,519 - workers.proxy_pool - INFO - execute:59 - [2m2025-09-24T05:06:06.519804Z[0m [[32m[1minfo     [0m] [1m🚀 Worker starting command execution[0m [[0m[1m[34mworkers.proxy_pool[0m][0m [36mcommand_id[0m=[35mInvoices_page_next_3000[0m [36mcommand_type[0m=[35mfetch_page[0m [36mentity[0m=[35mInvoices[0m [36mpriority[0m=[35m1[0m [36mretry_count[0m=[35m0[0m [36mskip[0m=[35m3000[0m [36mtop[0m=[35m1500[0m [36mworker_id[0m=[35mworker_0[0m
2025-09-24 10:36:06,519 - workers.proxy_pool - INFO - execute:82 - [2m2025-09-24T05:06:06.519804Z[0m [[32m[1minfo     [0m] [1m🔄 Worker executing request with resilience patterns[0m [[0m[1m[34mworkers.proxy_pool[0m][0m [36mcircuit_breaker_state[0m=[35mclosed[0m [36mcommand_id[0m=[35mInvoices_page_next_3000[0m [36mworker_id[0m=[35mworker_0[0m
2025-09-24 10:36:06,520 - planning.record_tracker - INFO - calculate_optimal_batch_size:206 - [2m2025-09-24T05:06:06.520810Z[0m [[32m[1minfo     [0m] [1mAdjusted batch size to prevent overfetching[0m [[0m[1m[34mplanning.record_tracker[0m][0m [36mdefault_size[0m=[35m1500[0m [36mentity[0m=[35mInvoices[0m [36moptimal_size[0m=[35m1155[0m [36mremaining_records[0m=[35m1155[0m
2025-09-24 10:36:06,521 - workers.proxy_pool - INFO - _make_http_request:177 - [2m2025-09-24T05:06:06.520810Z[0m [[32m[1minfo     [0m] [1m📏 Adjusted batch size for optimal fetching[0m [[0m[1m[34mworkers.proxy_pool[0m][0m [36mcommand_id[0m=[35mInvoices_page_next_3000[0m [36mentity[0m=[35mInvoices[0m [36moptimal_top[0m=[35m1155[0m [36moriginal_top[0m=[35m1500[0m [36mworker_id[0m=[35mworker_0[0m
2025-09-24 10:36:06,522 - storage.transformer - INFO - transform_odata_response:62 - [2m2025-09-24T05:06:06.522575Z[0m [[32m[1minfo     [0m] [1mStarting transformation       [0m [[0m[1m[34mstorage.transformer[0m][0m [36mentity_name[0m=[35mSummary_of_Sales_by_Years[0m [36mresponse_keys[0m=[35m['@odata.context', 'value'][0m
2025-09-24 10:36:06,525 - storage.transformer - INFO - transform_odata_response:101 - [2m2025-09-24T05:06:06.525650Z[0m [[32m[1minfo     [0m] [1mTransformation completed      [0m [[0m[1m[34mstorage.transformer[0m][0m [36mentity_name[0m=[35mSummary_of_Sales_by_Years[0m [36minput_records[0m=[35m0[0m [36moutput_records[0m=[35m0[0m [36mtransformation_time_seconds[0m=[35m0.016[0m
2025-09-24 10:36:06,527 - httpcore.http11 - DEBUG - atrace:87 - send_request_headers.started request=<Request [b'GET']>
2025-09-24 10:36:06,529 - httpcore.http11 - DEBUG - atrace:87 - send_request_headers.complete
2025-09-24 10:36:06,530 - httpcore.http11 - DEBUG - atrace:87 - send_request_body.started request=<Request [b'GET']>
2025-09-24 10:36:06,530 - httpcore.http11 - DEBUG - atrace:87 - send_request_body.complete
2025-09-24 10:36:06,530 - httpcore.http11 - DEBUG - atrace:87 - receive_response_headers.started request=<Request [b'GET']>
2025-09-24 10:36:06,562 - httpcore.http11 - DEBUG - atrace:87 - receive_response_headers.complete return_value=(b'HTTP/1.1', 200, b'OK', [(b'Content-Length', b'203'), (b'Content-Type', b'application/json;odata.metadata=minimal;odata.streaming=true;IEEE754Compatible=false;charset=utf-8'), (b'Date', b'Wed, 24 Sep 2025 05:06:06 GMT'), (b'Server', b'Microsoft-IIS/10.0'), (b'Access-Control-Allow-Headers', b'Accept, Origin, Content-Type, MaxDataServiceVersion'), (b'Access-Control-Allow-Methods', b'GET'), (b'Access-Control-Allow-Origin', b'*'), (b'Access-Control-Expose-Headers', b'DataServiceVersion'), (b'Cache-Control', b'private'), (b'Content-Encoding', b'gzip'), (b'Expires', b'Wed, 24 Sep 2025 05:07:07 GMT'), (b'Vary', b'*'), (b'X-Content-Type-Options', b'nosniff'), (b'OData-Version', b'4.0;'), (b'X-AspNet-Version', b'4.0.30319'), (b'X-Powered-By', b'ASP.NET')])
2025-09-24 10:36:06,562 - httpx - INFO - _send_single_request:1740 - HTTP Request: GET https://services.odata.org/V4/Northwind/Northwind.svc/Orders?%24skip=1500&%24top=630 "HTTP/1.1 200 OK"
2025-09-24 10:36:06,563 - httpcore.http11 - DEBUG - atrace:87 - receive_response_body.started request=<Request [b'GET']>
2025-09-24 10:36:06,563 - httpcore.http11 - DEBUG - atrace:87 - receive_response_body.complete
2025-09-24 10:36:06,563 - httpcore.http11 - DEBUG - atrace:87 - response_closed.started
2025-09-24 10:36:06,564 - httpcore.http11 - DEBUG - atrace:87 - response_closed.complete
2025-09-24 10:36:06,564 - workers.proxy_pool - INFO - _make_http_request:250 - [2m2025-09-24T05:06:06.564920Z[0m [[32m[1minfo     [0m] [1m📊 Worker successfully fetched data[0m [[0m[1m[34mworkers.proxy_pool[0m][0m [36mactual_records_added[0m=[35m0[0m [36mcommand_id[0m=[35mOrders_page_next_1500[0m [36mentity[0m=[35mOrders[0m [36mentity_total_fetched[0m=[35m200[0m [36mglobal_total_fetched[0m=[35m3437[0m [36mhas_next_page[0m=[35mFalse[0m [36mrecords_in_response[0m=[35m0[0m [36mworker_id[0m=[35mworker_1[0m
2025-09-24 10:36:06,564 - workers.proxy_pool - INFO - execute:110 - [2m2025-09-24T05:06:06.564920Z[0m [[32m[1minfo     [0m] [1m✅ Worker completed command successfully[0m [[0m[1m[34mworkers.proxy_pool[0m][0m [36mcommand_id[0m=[35mOrders_page_next_1500[0m [36mentity[0m=[35mOrders[0m [36mexecution_time_seconds[0m=[35m0.27[0m [36mhas_next_page[0m=[35mFalse[0m [36mrecords_fetched[0m=[35m0[0m [36mworker_id[0m=[35mworker_1[0m
2025-09-24 10:36:06,566 - workers.proxy_pool - INFO - _worker_loop:460 - [2m2025-09-24T05:06:06.566429Z[0m [[32m[1minfo     [0m] [1m📋 Worker picked up command from queue[0m [[0m[1m[34mworkers.proxy_pool[0m][0m [36mcommand_id[0m=[35mInvoices_page_next_1500[0m [36mentity[0m=[35mInvoices[0m [36mqueue_size_after_pickup[0m=[35m8[0m [36mworker_id[0m=[35mworker_1[0m [36mworker_status[0m=[35mPROCESSING[0m
2025-09-24 10:36:06,566 - workers.proxy_pool - INFO - execute:59 - [2m2025-09-24T05:06:06.566429Z[0m [[32m[1minfo     [0m] [1m🚀 Worker starting command execution[0m [[0m[1m[34mworkers.proxy_pool[0m][0m [36mcommand_id[0m=[35mInvoices_page_next_1500[0m [36mcommand_type[0m=[35mfetch_page[0m [36mentity[0m=[35mInvoices[0m [36mpriority[0m=[35m1[0m [36mretry_count[0m=[35m0[0m [36mskip[0m=[35m1500[0m [36mtop[0m=[35m1500[0m [36mworker_id[0m=[35mworker_1[0m
2025-09-24 10:36:06,567 - workers.proxy_pool - INFO - execute:82 - [2m2025-09-24T05:06:06.567441Z[0m [[32m[1minfo     [0m] [1m🔄 Worker executing request with resilience patterns[0m [[0m[1m[34mworkers.proxy_pool[0m][0m [36mcircuit_breaker_state[0m=[35mclosed[0m [36mcommand_id[0m=[35mInvoices_page_next_1500[0m [36mworker_id[0m=[35mworker_1[0m
2025-09-24 10:36:06,567 - planning.record_tracker - INFO - calculate_optimal_batch_size:206 - [2m2025-09-24T05:06:06.567441Z[0m [[32m[1minfo     [0m] [1mAdjusted batch size to prevent overfetching[0m [[0m[1m[34mplanning.record_tracker[0m][0m [36mdefault_size[0m=[35m1500[0m [36mentity[0m=[35mInvoices[0m [36moptimal_size[0m=[35m1155[0m [36mremaining_records[0m=[35m1155[0m
2025-09-24 10:36:06,568 - workers.proxy_pool - INFO - _make_http_request:177 - [2m2025-09-24T05:06:06.568083Z[0m [[32m[1minfo     [0m] [1m📏 Adjusted batch size for optimal fetching[0m [[0m[1m[34mworkers.proxy_pool[0m][0m [36mcommand_id[0m=[35mInvoices_page_next_1500[0m [36mentity[0m=[35mInvoices[0m [36moptimal_top[0m=[35m1155[0m [36moriginal_top[0m=[35m1500[0m [36mworker_id[0m=[35mworker_1[0m
2025-09-24 10:36:06,569 - storage.transformer - INFO - transform_odata_response:62 - [2m2025-09-24T05:06:06.569100Z[0m [[32m[1minfo     [0m] [1mStarting transformation       [0m [[0m[1m[34mstorage.transformer[0m][0m [36mentity_name[0m=[35mOrders[0m [36mresponse_keys[0m=[35m['@odata.context', 'value'][0m
2025-09-24 10:36:06,571 - storage.transformer - INFO - transform_odata_response:101 - [2m2025-09-24T05:06:06.570100Z[0m [[32m[1minfo     [0m] [1mTransformation completed      [0m [[0m[1m[34mstorage.transformer[0m][0m [36mentity_name[0m=[35mOrders[0m [36minput_records[0m=[35m0[0m [36moutput_records[0m=[35m0[0m [36mtransformation_time_seconds[0m=[35m0.016[0m
2025-09-24 10:36:06,572 - httpcore.http11 - DEBUG - atrace:87 - send_request_headers.started request=<Request [b'GET']>
2025-09-24 10:36:06,573 - httpcore.http11 - DEBUG - atrace:87 - send_request_headers.complete
2025-09-24 10:36:06,573 - httpcore.http11 - DEBUG - atrace:87 - send_request_body.started request=<Request [b'GET']>
2025-09-24 10:36:06,573 - httpcore.http11 - DEBUG - atrace:87 - send_request_body.complete
2025-09-24 10:36:06,573 - httpcore.http11 - DEBUG - atrace:87 - receive_response_headers.started request=<Request [b'GET']>
2025-09-24 10:36:06,662 - connector - INFO - _monitor_execution:392 - [2m2025-09-24T05:06:06.662915Z[0m [[32m[1minfo     [0m] [1m📊 Execution progress          [0m [[0m[1m[34mconnector[0m][0m [36mactive_workers[0m=[35m3[0m [36mcommands_executed[0m=[35m31[0m [36mqueue_size[0m=[35m8[0m [36mrecords_processed[0m=[35m3437[0m
2025-09-24 10:36:06,810 - httpcore.http11 - DEBUG - atrace:87 - receive_response_headers.complete return_value=(b'HTTP/1.1', 200, b'OK', [(b'Content-Length', b'1429'), (b'Content-Type', b'application/json;odata.metadata=minimal;odata.streaming=true;IEEE754Compatible=false;charset=utf-8'), (b'Date', b'Wed, 24 Sep 2025 05:06:06 GMT'), (b'Server', b'Microsoft-IIS/10.0'), (b'Access-Control-Allow-Headers', b'Accept, Origin, Content-Type, MaxDataServiceVersion'), (b'Access-Control-Allow-Methods', b'GET'), (b'Access-Control-Allow-Origin', b'*'), (b'Access-Control-Expose-Headers', b'DataServiceVersion'), (b'Cache-Control', b'private'), (b'Content-Encoding', b'gzip'), (b'Expires', b'Wed, 24 Sep 2025 05:07:04 GMT'), (b'Vary', b'*'), (b'X-Content-Type-Options', b'nosniff'), (b'OData-Version', b'4.0;'), (b'X-AspNet-Version', b'4.0.30319'), (b'X-Powered-By', b'ASP.NET')])
2025-09-24 10:36:06,811 - httpx - INFO - _send_single_request:1740 - HTTP Request: GET https://services.odata.org/V4/Northwind/Northwind.svc/Current_Product_Lists?%24skip=0&%24top=69 "HTTP/1.1 200 OK"
2025-09-24 10:36:06,811 - httpcore.http11 - DEBUG - atrace:87 - receive_response_body.started request=<Request [b'GET']>
2025-09-24 10:36:06,812 - httpcore.http11 - DEBUG - atrace:87 - receive_response_body.complete
2025-09-24 10:36:06,812 - httpcore.http11 - DEBUG - atrace:87 - response_closed.started
2025-09-24 10:36:06,812 - httpcore.http11 - DEBUG - atrace:87 - response_closed.complete
2025-09-24 10:36:06,813 - planning.record_tracker - INFO - add_page_records:38 - [2m2025-09-24T05:06:06.813529Z[0m [[32m[1minfo     [0m] [1m✅ Entity record fetching complete[0m [[0m[1m[34mplanning.record_tracker[0m][0m [36mentity[0m=[35mCurrent_Product_Lists[0m [36mfetched[0m=[35m69[0m [36mtarget[0m=[35m69[0m
2025-09-24 10:36:06,813 - workers.proxy_pool - INFO - _make_http_request:243 - [2m2025-09-24T05:06:06.813529Z[0m [[32m[1minfo     [0m] [1m🎯 Stopping pagination due to record limits[0m [[0m[1m[34mworkers.proxy_pool[0m][0m [36mcommand_id[0m=[35mCurrent_Product_Lists_page_1[0m [36mentity[0m=[35mCurrent_Product_Lists[0m [36mentity_complete[0m=[35mTrue[0m [36mglobal_limit_reached[0m=[35mNone[0m [36mworker_id[0m=[35mworker_2[0m
2025-09-24 10:36:06,814 - workers.proxy_pool - INFO - _make_http_request:250 - [2m2025-09-24T05:06:06.814527Z[0m [[32m[1minfo     [0m] [1m📊 Worker successfully fetched data[0m [[0m[1m[34mworkers.proxy_pool[0m][0m [36mactual_records_added[0m=[35m69[0m [36mcommand_id[0m=[35mCurrent_Product_Lists_page_1[0m [36mentity[0m=[35mCurrent_Product_Lists[0m [36mentity_total_fetched[0m=[35m69[0m [36mglobal_total_fetched[0m=[35m3506[0m [36mhas_next_page[0m=[35mFalse[0m [36mrecords_in_response[0m=[35m69[0m [36mworker_id[0m=[35mworker_2[0m
2025-09-24 10:36:06,814 - workers.proxy_pool - INFO - execute:110 - [2m2025-09-24T05:06:06.814527Z[0m [[32m[1minfo     [0m] [1m✅ Worker completed command successfully[0m [[0m[1m[34mworkers.proxy_pool[0m][0m [36mcommand_id[0m=[35mCurrent_Product_Lists_page_1[0m [36mentity[0m=[35mCurrent_Product_Lists[0m [36mexecution_time_seconds[0m=[35m3.27[0m [36mhas_next_page[0m=[35mFalse[0m [36mrecords_fetched[0m=[35m69[0m [36mworker_id[0m=[35mworker_2[0m
2025-09-24 10:36:06,816 - workers.proxy_pool - INFO - _worker_loop:460 - [2m2025-09-24T05:06:06.816049Z[0m [[32m[1minfo     [0m] [1m📋 Worker picked up command from queue[0m [[0m[1m[34mworkers.proxy_pool[0m][0m [36mcommand_id[0m=[35mProducts_page_next_1500[0m [36mentity[0m=[35mProducts[0m [36mqueue_size_after_pickup[0m=[35m7[0m [36mworker_id[0m=[35mworker_2[0m [36mworker_status[0m=[35mPROCESSING[0m
2025-09-24 10:36:06,816 - workers.proxy_pool - INFO - execute:59 - [2m2025-09-24T05:06:06.816937Z[0m [[32m[1minfo     [0m] [1m🚀 Worker starting command execution[0m [[0m[1m[34mworkers.proxy_pool[0m][0m [36mcommand_id[0m=[35mProducts_page_next_1500[0m [36mcommand_type[0m=[35mfetch_page[0m [36mentity[0m=[35mProducts[0m [36mpriority[0m=[35m1[0m [36mretry_count[0m=[35m0[0m [36mskip[0m=[35m1500[0m [36mtop[0m=[35m1500[0m [36mworker_id[0m=[35mworker_2[0m
2025-09-24 10:36:06,816 - workers.proxy_pool - INFO - execute:82 - [2m2025-09-24T05:06:06.816937Z[0m [[32m[1minfo     [0m] [1m🔄 Worker executing request with resilience patterns[0m [[0m[1m[34mworkers.proxy_pool[0m][0m [36mcircuit_breaker_state[0m=[35mclosed[0m [36mcommand_id[0m=[35mProducts_page_next_1500[0m [36mworker_id[0m=[35mworker_2[0m
2025-09-24 10:36:06,817 - planning.record_tracker - INFO - calculate_optimal_batch_size:206 - [2m2025-09-24T05:06:06.817951Z[0m [[32m[1minfo     [0m] [1mAdjusted batch size to prevent overfetching[0m [[0m[1m[34mplanning.record_tracker[0m][0m [36mdefault_size[0m=[35m1500[0m [36mentity[0m=[35mProducts[0m [36moptimal_size[0m=[35m57[0m [36mremaining_records[0m=[35m57[0m
2025-09-24 10:36:06,818 - workers.proxy_pool - INFO - _make_http_request:177 - [2m2025-09-24T05:06:06.818956Z[0m [[32m[1minfo     [0m] [1m📏 Adjusted batch size for optimal fetching[0m [[0m[1m[34mworkers.proxy_pool[0m][0m [36mcommand_id[0m=[35mProducts_page_next_1500[0m [36mentity[0m=[35mProducts[0m [36moptimal_top[0m=[35m57[0m [36moriginal_top[0m=[35m1500[0m [36mworker_id[0m=[35mworker_2[0m
2025-09-24 10:36:06,819 - storage.transformer - INFO - transform_odata_response:62 - [2m2025-09-24T05:06:06.819953Z[0m [[32m[1minfo     [0m] [1mStarting transformation       [0m [[0m[1m[34mstorage.transformer[0m][0m [36mentity_name[0m=[35mCurrent_Product_Lists[0m [36mresponse_keys[0m=[35m['@odata.context', 'value'][0m
2025-09-24 10:36:06,822 - storage.transformer - INFO - transform_odata_response:101 - [2m2025-09-24T05:06:06.822958Z[0m [[32m[1minfo     [0m] [1mTransformation completed      [0m [[0m[1m[34mstorage.transformer[0m][0m [36mentity_name[0m=[35mCurrent_Product_Lists[0m [36minput_records[0m=[35m69[0m [36moutput_records[0m=[35m69[0m [36mtransformation_time_seconds[0m=[35m0.0[0m
2025-09-24 10:36:06,826 - storage.local_storage - INFO - store_processed_records:145 - [2m2025-09-24T05:06:06.824962Z[0m [[32m[1minfo     [0m] [1mStoring processed records     [0m [[0m[1m[34mstorage.local_storage[0m][0m [36mentity_name[0m=[35mCurrent_Product_Lists[0m [36mformat[0m=[35mjson[0m [36mrecord_count[0m=[35m69[0m
2025-09-24 10:36:06,829 - storage.local_storage - INFO - store_processed_records:160 - [2m2025-09-24T05:06:06.829565Z[0m [[32m[1minfo     [0m] [1mSuccessfully stored processed records[0m [[0m[1m[34mstorage.local_storage[0m][0m [36mentity_name[0m=[35mCurrent_Product_Lists[0m [36mfile_path[0m=[35m./test_output/processed\Current_Product_Lists_20250924_050606.json[0m [36mrecord_count[0m=[35m69[0m [36mstorage_time_seconds[0m=[35m0.0[0m
2025-09-24 10:36:06,835 - storage.local_storage - INFO - store_raw_response:89 - [2m2025-09-24T05:06:06.835829Z[0m [[32m[1minfo     [0m] [1mSuccessfully stored raw data  [0m [[0m[1m[34mstorage.local_storage[0m][0m [36mentity_name[0m=[35mCurrent_Product_Lists[0m [36mfile_path[0m=[35m./test_output/raw\Current_Product_Lists\2025/09/24\05\Current_Product_Lists_page_1.json[0m [36msize_bytes[0m=[35m6133[0m [36mstorage_time_seconds[0m=[35m0.015[0m
2025-09-24 10:36:06,836 - httpcore.http11 - DEBUG - atrace:87 - send_request_headers.started request=<Request [b'GET']>
2025-09-24 10:36:06,838 - httpcore.http11 - DEBUG - atrace:87 - send_request_headers.complete
2025-09-24 10:36:06,838 - httpcore.http11 - DEBUG - atrace:87 - send_request_body.started request=<Request [b'GET']>
2025-09-24 10:36:06,838 - httpcore.http11 - DEBUG - atrace:87 - send_request_body.complete
2025-09-24 10:36:06,838 - httpcore.http11 - DEBUG - atrace:87 - receive_response_headers.started request=<Request [b'GET']>
2025-09-24 10:36:07,642 - httpcore.http11 - DEBUG - atrace:87 - receive_response_headers.complete return_value=(b'HTTP/1.1', 200, b'OK', [(b'Content-Length', b'203'), (b'Content-Type', b'application/json;odata.metadata=minimal;odata.streaming=true;IEEE754Compatible=false;charset=utf-8'), (b'Date', b'Wed, 24 Sep 2025 05:06:07 GMT'), (b'Server', b'Microsoft-IIS/10.0'), (b'Access-Control-Allow-Headers', b'Accept, Origin, Content-Type, MaxDataServiceVersion'), (b'Access-Control-Allow-Methods', b'GET'), (b'Access-Control-Allow-Origin', b'*'), (b'Access-Control-Expose-Headers', b'DataServiceVersion'), (b'Cache-Control', b'private'), (b'Content-Encoding', b'gzip'), (b'Expires', b'Wed, 24 Sep 2025 05:07:07 GMT'), (b'Vary', b'*'), (b'X-Content-Type-Options', b'nosniff'), (b'OData-Version', b'4.0;'), (b'X-AspNet-Version', b'4.0.30319'), (b'X-Powered-By', b'ASP.NET')])
2025-09-24 10:36:07,644 - httpx - INFO - _send_single_request:1740 - HTTP Request: GET https://services.odata.org/V4/Northwind/Northwind.svc/Invoices?%24skip=3000&%24top=1155 "HTTP/1.1 200 OK"
2025-09-24 10:36:07,645 - httpcore.http11 - DEBUG - atrace:87 - receive_response_body.started request=<Request [b'GET']>
2025-09-24 10:36:07,646 - httpcore.http11 - DEBUG - atrace:87 - receive_response_body.complete
2025-09-24 10:36:07,647 - httpcore.http11 - DEBUG - atrace:87 - response_closed.started
2025-09-24 10:36:07,647 - httpcore.http11 - DEBUG - atrace:87 - response_closed.complete
2025-09-24 10:36:07,649 - workers.proxy_pool - INFO - _make_http_request:250 - [2m2025-09-24T05:06:07.648971Z[0m [[32m[1minfo     [0m] [1m📊 Worker successfully fetched data[0m [[0m[1m[34mworkers.proxy_pool[0m][0m [36mactual_records_added[0m=[35m0[0m [36mcommand_id[0m=[35mInvoices_page_next_3000[0m [36mentity[0m=[35mInvoices[0m [36mentity_total_fetched[0m=[35m1000[0m [36mglobal_total_fetched[0m=[35m3506[0m [36mhas_next_page[0m=[35mFalse[0m [36mrecords_in_response[0m=[35m0[0m [36mworker_id[0m=[35mworker_0[0m
2025-09-24 10:36:07,650 - workers.proxy_pool - INFO - execute:110 - [2m2025-09-24T05:06:07.650680Z[0m [[32m[1minfo     [0m] [1m✅ Worker completed command successfully[0m [[0m[1m[34mworkers.proxy_pool[0m][0m [36mcommand_id[0m=[35mInvoices_page_next_3000[0m [36mentity[0m=[35mInvoices[0m [36mexecution_time_seconds[0m=[35m1.14[0m [36mhas_next_page[0m=[35mFalse[0m [36mrecords_fetched[0m=[35m0[0m [36mworker_id[0m=[35mworker_0[0m
2025-09-24 10:36:07,652 - workers.proxy_pool - INFO - _worker_loop:460 - [2m2025-09-24T05:06:07.652221Z[0m [[32m[1minfo     [0m] [1m📋 Worker picked up command from queue[0m [[0m[1m[34mworkers.proxy_pool[0m][0m [36mcommand_id[0m=[35mOrder_Details_page_next_1500[0m [36mentity[0m=[35mOrder_Details[0m [36mqueue_size_after_pickup[0m=[35m6[0m [36mworker_id[0m=[35mworker_0[0m [36mworker_status[0m=[35mPROCESSING[0m
2025-09-24 10:36:07,654 - workers.proxy_pool - INFO - execute:59 - [2m2025-09-24T05:06:07.653449Z[0m [[32m[1minfo     [0m] [1m🚀 Worker starting command execution[0m [[0m[1m[34mworkers.proxy_pool[0m][0m [36mcommand_id[0m=[35mOrder_Details_page_next_1500[0m [36mcommand_type[0m=[35mfetch_page[0m [36mentity[0m=[35mOrder_Details[0m [36mpriority[0m=[35m1[0m [36mretry_count[0m=[35m0[0m [36mskip[0m=[35m1500[0m [36mtop[0m=[35m1500[0m [36mworker_id[0m=[35mworker_0[0m
2025-09-24 10:36:07,655 - workers.proxy_pool - INFO - execute:82 - [2m2025-09-24T05:06:07.655520Z[0m [[32m[1minfo     [0m] [1m🔄 Worker executing request with resilience patterns[0m [[0m[1m[34mworkers.proxy_pool[0m][0m [36mcircuit_breaker_state[0m=[35mclosed[0m [36mcommand_id[0m=[35mOrder_Details_page_next_1500[0m [36mworker_id[0m=[35mworker_0[0m
2025-09-24 10:36:07,658 - planning.record_tracker - INFO - calculate_optimal_batch_size:206 - [2m2025-09-24T05:06:07.658146Z[0m [[32m[1minfo     [0m] [1mAdjusted batch size to prevent overfetching[0m [[0m[1m[34mplanning.record_tracker[0m][0m [36mdefault_size[0m=[35m1500[0m [36mentity[0m=[35mOrder_Details[0m [36moptimal_size[0m=[35m1155[0m [36mremaining_records[0m=[35m1155[0m
2025-09-24 10:36:07,659 - workers.proxy_pool - INFO - _make_http_request:177 - [2m2025-09-24T05:06:07.659288Z[0m [[32m[1minfo     [0m] [1m📏 Adjusted batch size for optimal fetching[0m [[0m[1m[34mworkers.proxy_pool[0m][0m [36mcommand_id[0m=[35mOrder_Details_page_next_1500[0m [36mentity[0m=[35mOrder_Details[0m [36moptimal_top[0m=[35m1155[0m [36moriginal_top[0m=[35m1500[0m [36mworker_id[0m=[35mworker_0[0m
2025-09-24 10:36:07,660 - storage.transformer - INFO - transform_odata_response:62 - [2m2025-09-24T05:06:07.660986Z[0m [[32m[1minfo     [0m] [1mStarting transformation       [0m [[0m[1m[34mstorage.transformer[0m][0m [36mentity_name[0m=[35mInvoices[0m [36mresponse_keys[0m=[35m['@odata.context', 'value'][0m
2025-09-24 10:36:07,662 - storage.transformer - INFO - transform_odata_response:101 - [2m2025-09-24T05:06:07.662113Z[0m [[32m[1minfo     [0m] [1mTransformation completed      [0m [[0m[1m[34mstorage.transformer[0m][0m [36mentity_name[0m=[35mInvoices[0m [36minput_records[0m=[35m0[0m [36moutput_records[0m=[35m0[0m [36mtransformation_time_seconds[0m=[35m0.0[0m
2025-09-24 10:36:07,663 - httpcore.http11 - DEBUG - atrace:87 - send_request_headers.started request=<Request [b'GET']>
2025-09-24 10:36:07,664 - httpcore.http11 - DEBUG - atrace:87 - send_request_headers.complete
2025-09-24 10:36:07,664 - httpcore.http11 - DEBUG - atrace:87 - send_request_body.started request=<Request [b'GET']>
2025-09-24 10:36:07,664 - httpcore.http11 - DEBUG - atrace:87 - send_request_body.complete
2025-09-24 10:36:07,664 - httpcore.http11 - DEBUG - atrace:87 - receive_response_headers.started request=<Request [b'GET']>
2025-09-24 10:36:07,978 - httpcore.http11 - DEBUG - atrace:87 - receive_response_headers.complete return_value=(b'HTTP/1.1', 200, b'OK', [(b'Content-Length', b'37482'), (b'Content-Type', b'application/json;odata.metadata=minimal;odata.streaming=true;IEEE754Compatible=false;charset=utf-8'), (b'Date', b'Wed, 24 Sep 2025 05:06:07 GMT'), (b'Server', b'Microsoft-IIS/10.0'), (b'Access-Control-Allow-Headers', b'Accept, Origin, Content-Type, MaxDataServiceVersion'), (b'Access-Control-Allow-Methods', b'GET'), (b'Access-Control-Allow-Origin', b'*'), (b'Access-Control-Expose-Headers', b'DataServiceVersion'), (b'Cache-Control', b'private'), (b'Content-Encoding', b'gzip'), (b'Expires', b'Wed, 24 Sep 2025 05:07:08 GMT'), (b'Vary', b'*'), (b'X-Content-Type-Options', b'nosniff'), (b'OData-Version', b'4.0;'), (b'X-AspNet-Version', b'4.0.30319'), (b'X-Powered-By', b'ASP.NET')])
2025-09-24 10:36:07,980 - httpx - INFO - _send_single_request:1740 - HTTP Request: GET https://services.odata.org/V4/Northwind/Northwind.svc/Invoices?%24skip=1500&%24top=1155 "HTTP/1.1 200 OK"
2025-09-24 10:36:07,981 - httpcore.http11 - DEBUG - atrace:87 - receive_response_body.started request=<Request [b'GET']>
2025-09-24 10:36:07,984 - httpcore.http11 - DEBUG - atrace:87 - receive_response_body.complete
2025-09-24 10:36:07,984 - httpcore.http11 - DEBUG - atrace:87 - response_closed.started
2025-09-24 10:36:07,984 - httpcore.http11 - DEBUG - atrace:87 - response_closed.complete
2025-09-24 10:36:07,991 - planning.record_tracker - WARNING - add_page_records:27 - [2m2025-09-24T05:06:07.991620Z[0m [[33m[1mwarning  [0m] [1mPage already completed        [0m [[0m[1m[34mplanning.record_tracker[0m][0m [36mentity[0m=[35mInvoices[0m [36mpage[0m=[35m2[0m
2025-09-24 10:36:07,992 - workers.proxy_pool - INFO - _make_http_request:250 - [2m2025-09-24T05:06:07.992658Z[0m [[32m[1minfo     [0m] [1m📊 Worker successfully fetched data[0m [[0m[1m[34mworkers.proxy_pool[0m][0m [36mactual_records_added[0m=[35m500[0m [36mcommand_id[0m=[35mInvoices_page_next_1500[0m [36mentity[0m=[35mInvoices[0m [36mentity_total_fetched[0m=[35m1000[0m [36mglobal_total_fetched[0m=[35m4006[0m [36mhas_next_page[0m=[35mTrue[0m [36mrecords_in_response[0m=[35m500[0m [36mworker_id[0m=[35mworker_1[0m
2025-09-24 10:36:07,995 - workers.proxy_pool - INFO - execute:110 - [2m2025-09-24T05:06:07.995639Z[0m [[32m[1minfo     [0m] [1m✅ Worker completed command successfully[0m [[0m[1m[34mworkers.proxy_pool[0m][0m [36mcommand_id[0m=[35mInvoices_page_next_1500[0m [36mentity[0m=[35mInvoices[0m [36mexecution_time_seconds[0m=[35m1.44[0m [36mhas_next_page[0m=[35mTrue[0m [36mrecords_fetched[0m=[35m500[0m [36mworker_id[0m=[35mworker_1[0m
2025-09-24 10:36:07,996 - workers.proxy_pool - INFO - _worker_loop:460 - [2m2025-09-24T05:06:07.996148Z[0m [[32m[1minfo     [0m] [1m📋 Worker picked up command from queue[0m [[0m[1m[34mworkers.proxy_pool[0m][0m [36mcommand_id[0m=[35mOrder_Details_page_next_3000[0m [36mentity[0m=[35mOrder_Details[0m [36mqueue_size_after_pickup[0m=[35m5[0m [36mworker_id[0m=[35mworker_1[0m [36mworker_status[0m=[35mPROCESSING[0m
2025-09-24 10:36:07,997 - workers.proxy_pool - INFO - execute:59 - [2m2025-09-24T05:06:07.997166Z[0m [[32m[1minfo     [0m] [1m🚀 Worker starting command execution[0m [[0m[1m[34mworkers.proxy_pool[0m][0m [36mcommand_id[0m=[35mOrder_Details_page_next_3000[0m [36mcommand_type[0m=[35mfetch_page[0m [36mentity[0m=[35mOrder_Details[0m [36mpriority[0m=[35m1[0m [36mretry_count[0m=[35m0[0m [36mskip[0m=[35m3000[0m [36mtop[0m=[35m1500[0m [36mworker_id[0m=[35mworker_1[0m
2025-09-24 10:36:07,998 - workers.proxy_pool - INFO - execute:82 - [2m2025-09-24T05:06:07.998160Z[0m [[32m[1minfo     [0m] [1m🔄 Worker executing request with resilience patterns[0m [[0m[1m[34mworkers.proxy_pool[0m][0m [36mcircuit_breaker_state[0m=[35mclosed[0m [36mcommand_id[0m=[35mOrder_Details_page_next_3000[0m [36mworker_id[0m=[35mworker_1[0m
2025-09-24 10:36:07,998 - planning.record_tracker - INFO - calculate_optimal_batch_size:206 - [2m2025-09-24T05:06:07.998160Z[0m [[32m[1minfo     [0m] [1mAdjusted batch size to prevent overfetching[0m [[0m[1m[34mplanning.record_tracker[0m][0m [36mdefault_size[0m=[35m1500[0m [36mentity[0m=[35mOrder_Details[0m [36moptimal_size[0m=[35m1155[0m [36mremaining_records[0m=[35m1155[0m
2025-09-24 10:36:07,999 - workers.proxy_pool - INFO - _make_http_request:177 - [2m2025-09-24T05:06:07.999166Z[0m [[32m[1minfo     [0m] [1m📏 Adjusted batch size for optimal fetching[0m [[0m[1m[34mworkers.proxy_pool[0m][0m [36mcommand_id[0m=[35mOrder_Details_page_next_3000[0m [36mentity[0m=[35mOrder_Details[0m [36moptimal_top[0m=[35m1155[0m [36moriginal_top[0m=[35m1500[0m [36mworker_id[0m=[35mworker_1[0m
2025-09-24 10:36:08,000 - storage.transformer - INFO - transform_odata_response:62 - [2m2025-09-24T05:06:08.000161Z[0m [[32m[1minfo     [0m] [1mStarting transformation       [0m [[0m[1m[34mstorage.transformer[0m][0m [36mentity_name[0m=[35mInvoices[0m [36mresponse_keys[0m=[35m['@odata.context', 'value', '@odata.nextLink'][0m
2025-09-24 10:36:08,024 - storage.transformer - INFO - transform_odata_response:101 - [2m2025-09-24T05:06:08.024311Z[0m [[32m[1minfo     [0m] [1mTransformation completed      [0m [[0m[1m[34mstorage.transformer[0m][0m [36mentity_name[0m=[35mInvoices[0m [36minput_records[0m=[35m500[0m [36moutput_records[0m=[35m500[0m [36mtransformation_time_seconds[0m=[35m0.032[0m
2025-09-24 10:36:08,025 - storage.local_storage - INFO - store_processed_records:145 - [2m2025-09-24T05:06:08.025310Z[0m [[32m[1minfo     [0m] [1mStoring processed records     [0m [[0m[1m[34mstorage.local_storage[0m][0m [36mentity_name[0m=[35mInvoices[0m [36mformat[0m=[35mjson[0m [36mrecord_count[0m=[35m500[0m
2025-09-24 10:36:08,032 - storage.local_storage - INFO - store_processed_records:160 - [2m2025-09-24T05:06:08.032822Z[0m [[32m[1minfo     [0m] [1mSuccessfully stored processed records[0m [[0m[1m[34mstorage.local_storage[0m][0m [36mentity_name[0m=[35mInvoices[0m [36mfile_path[0m=[35m./test_output/processed\Invoices_20250924_050608.json[0m [36mrecord_count[0m=[35m500[0m [36mstorage_time_seconds[0m=[35m0.0[0m
2025-09-24 10:36:08,037 - storage.local_storage - INFO - store_raw_response:89 - [2m2025-09-24T05:06:08.037907Z[0m [[32m[1minfo     [0m] [1mSuccessfully stored raw data  [0m [[0m[1m[34mstorage.local_storage[0m][0m [36mentity_name[0m=[35mInvoices[0m [36mfile_path[0m=[35m./test_output/raw\Invoices\2025/09/24\05\Invoices_page_next_1500.json[0m [36msize_bytes[0m=[35m453362[0m [36mstorage_time_seconds[0m=[35m0.0[0m
2025-09-24 10:36:08,040 - httpcore.http11 - DEBUG - atrace:87 - send_request_headers.started request=<Request [b'GET']>
2025-09-24 10:36:08,041 - httpcore.http11 - DEBUG - atrace:87 - send_request_headers.complete
2025-09-24 10:36:08,042 - httpcore.http11 - DEBUG - atrace:87 - send_request_body.started request=<Request [b'GET']>
2025-09-24 10:36:08,042 - httpcore.http11 - DEBUG - atrace:87 - send_request_body.complete
2025-09-24 10:36:08,042 - httpcore.http11 - DEBUG - atrace:87 - receive_response_headers.started request=<Request [b'GET']>
2025-09-24 10:36:08,307 - httpcore.http11 - DEBUG - atrace:87 - receive_response_headers.complete return_value=(b'HTTP/1.1', 200, b'OK', [(b'Content-Length', b'6233'), (b'Content-Type', b'application/json;odata.metadata=minimal;odata.streaming=true;IEEE754Compatible=false;charset=utf-8'), (b'Date', b'Wed, 24 Sep 2025 05:06:08 GMT'), (b'Server', b'Microsoft-IIS/10.0'), (b'Access-Control-Allow-Headers', b'Accept, Origin, Content-Type, MaxDataServiceVersion'), (b'Access-Control-Allow-Methods', b'GET'), (b'Access-Control-Allow-Origin', b'*'), (b'Access-Control-Expose-Headers', b'DataServiceVersion'), (b'Cache-Control', b'private'), (b'Content-Encoding', b'gzip'), (b'Expires', b'Wed, 24 Sep 2025 05:07:08 GMT'), (b'Vary', b'*'), (b'X-Content-Type-Options', b'nosniff'), (b'OData-Version', b'4.0;'), (b'X-AspNet-Version', b'4.0.30319'), (b'X-Powered-By', b'ASP.NET')])
2025-09-24 10:36:08,307 - httpx - INFO - _send_single_request:1740 - HTTP Request: GET https://services.odata.org/V4/Northwind/Northwind.svc/Order_Details?%24skip=1500&%24top=1155 "HTTP/1.1 200 OK"
2025-09-24 10:36:08,308 - httpcore.http11 - DEBUG - atrace:87 - receive_response_body.started request=<Request [b'GET']>
2025-09-24 10:36:08,309 - httpcore.http11 - DEBUG - atrace:87 - receive_response_body.complete
2025-09-24 10:36:08,309 - httpcore.http11 - DEBUG - atrace:87 - response_closed.started
2025-09-24 10:36:08,309 - httpcore.http11 - DEBUG - atrace:87 - response_closed.complete
2025-09-24 10:36:08,311 - planning.record_tracker - WARNING - add_page_records:27 - [2m2025-09-24T05:06:08.311851Z[0m [[33m[1mwarning  [0m] [1mPage already completed        [0m [[0m[1m[34mplanning.record_tracker[0m][0m [36mentity[0m=[35mOrder_Details[0m [36mpage[0m=[35m2[0m
2025-09-24 10:36:08,311 - workers.proxy_pool - INFO - _make_http_request:250 - [2m2025-09-24T05:06:08.311851Z[0m [[32m[1minfo     [0m] [1m📊 Worker successfully fetched data[0m [[0m[1m[34mworkers.proxy_pool[0m][0m [36mactual_records_added[0m=[35m500[0m [36mcommand_id[0m=[35mOrder_Details_page_next_1500[0m [36mentity[0m=[35mOrder_Details[0m [36mentity_total_fetched[0m=[35m1000[0m [36mglobal_total_fetched[0m=[35m4506[0m [36mhas_next_page[0m=[35mTrue[0m [36mrecords_in_response[0m=[35m500[0m [36mworker_id[0m=[35mworker_0[0m
2025-09-24 10:36:08,312 - workers.proxy_pool - INFO - execute:110 - [2m2025-09-24T05:06:08.312810Z[0m [[32m[1minfo     [0m] [1m✅ Worker completed command successfully[0m [[0m[1m[34mworkers.proxy_pool[0m][0m [36mcommand_id[0m=[35mOrder_Details_page_next_1500[0m [36mentity[0m=[35mOrder_Details[0m [36mexecution_time_seconds[0m=[35m0.66[0m [36mhas_next_page[0m=[35mTrue[0m [36mrecords_fetched[0m=[35m500[0m [36mworker_id[0m=[35mworker_0[0m
2025-09-24 10:36:08,313 - workers.proxy_pool - INFO - _worker_loop:460 - [2m2025-09-24T05:06:08.313850Z[0m [[32m[1minfo     [0m] [1m📋 Worker picked up command from queue[0m [[0m[1m[34mworkers.proxy_pool[0m][0m [36mcommand_id[0m=[35mOrder_Details_Extendeds_page_next_1500[0m [36mentity[0m=[35mOrder_Details_Extendeds[0m [36mqueue_size_after_pickup[0m=[35m5[0m [36mworker_id[0m=[35mworker_0[0m [36mworker_status[0m=[35mPROCESSING[0m
2025-09-24 10:36:08,313 - workers.proxy_pool - INFO - execute:59 - [2m2025-09-24T05:06:08.313850Z[0m [[32m[1minfo     [0m] [1m🚀 Worker starting command execution[0m [[0m[1m[34mworkers.proxy_pool[0m][0m [36mcommand_id[0m=[35mOrder_Details_Extendeds_page_next_1500[0m [36mcommand_type[0m=[35mfetch_page[0m [36mentity[0m=[35mOrder_Details_Extendeds[0m [36mpriority[0m=[35m1[0m [36mretry_count[0m=[35m0[0m [36mskip[0m=[35m1500[0m [36mtop[0m=[35m1500[0m [36mworker_id[0m=[35mworker_0[0m
2025-09-24 10:36:08,314 - workers.proxy_pool - INFO - execute:82 - [2m2025-09-24T05:06:08.314840Z[0m [[32m[1minfo     [0m] [1m🔄 Worker executing request with resilience patterns[0m [[0m[1m[34mworkers.proxy_pool[0m][0m [36mcircuit_breaker_state[0m=[35mclosed[0m [36mcommand_id[0m=[35mOrder_Details_Extendeds_page_next_1500[0m [36mworker_id[0m=[35mworker_0[0m
2025-09-24 10:36:08,315 - storage.transformer - INFO - transform_odata_response:62 - [2m2025-09-24T05:06:08.315846Z[0m [[32m[1minfo     [0m] [1mStarting transformation       [0m [[0m[1m[34mstorage.transformer[0m][0m [36mentity_name[0m=[35mOrder_Details[0m [36mresponse_keys[0m=[35m['@odata.context', 'value', '@odata.nextLink'][0m
2025-09-24 10:36:08,323 - storage.transformer - INFO - transform_odata_response:101 - [2m2025-09-24T05:06:08.323229Z[0m [[32m[1minfo     [0m] [1mTransformation completed      [0m [[0m[1m[34mstorage.transformer[0m][0m [36mentity_name[0m=[35mOrder_Details[0m [36minput_records[0m=[35m500[0m [36moutput_records[0m=[35m500[0m [36mtransformation_time_seconds[0m=[35m0.016[0m
2025-09-24 10:36:08,324 - storage.local_storage - INFO - store_processed_records:145 - [2m2025-09-24T05:06:08.323229Z[0m [[32m[1minfo     [0m] [1mStoring processed records     [0m [[0m[1m[34mstorage.local_storage[0m][0m [36mentity_name[0m=[35mOrder_Details[0m [36mformat[0m=[35mjson[0m [36mrecord_count[0m=[35m500[0m
2025-09-24 10:36:08,327 - storage.local_storage - INFO - store_processed_records:160 - [2m2025-09-24T05:06:08.327274Z[0m [[32m[1minfo     [0m] [1mSuccessfully stored processed records[0m [[0m[1m[34mstorage.local_storage[0m][0m [36mentity_name[0m=[35mOrder_Details[0m [36mfile_path[0m=[35m./test_output/processed\Order_Details_20250924_050608.json[0m [36mrecord_count[0m=[35m500[0m [36mstorage_time_seconds[0m=[35m0.0[0m
2025-09-24 10:36:08,332 - storage.local_storage - INFO - store_raw_response:89 - [2m2025-09-24T05:06:08.332859Z[0m [[32m[1minfo     [0m] [1mSuccessfully stored raw data  [0m [[0m[1m[34mstorage.local_storage[0m][0m [36mentity_name[0m=[35mOrder_Details[0m [36mfile_path[0m=[35m./test_output/raw\Order_Details\2025/09/24\05\Order_Details_page_next_1500.json[0m [36msize_bytes[0m=[35m71197[0m [36mstorage_time_seconds[0m=[35m0.0[0m
2025-09-24 10:36:08,334 - httpcore.http11 - DEBUG - atrace:87 - send_request_headers.started request=<Request [b'GET']>
2025-09-24 10:36:08,335 - httpcore.http11 - DEBUG - atrace:87 - send_request_headers.complete
2025-09-24 10:36:08,335 - httpcore.http11 - DEBUG - atrace:87 - send_request_body.started request=<Request [b'GET']>
2025-09-24 10:36:08,335 - httpcore.http11 - DEBUG - atrace:87 - send_request_body.complete
2025-09-24 10:36:08,335 - httpcore.http11 - DEBUG - atrace:87 - receive_response_headers.started request=<Request [b'GET']>
2025-09-24 10:36:08,427 - httpcore.http11 - DEBUG - atrace:87 - receive_response_headers.complete return_value=(b'HTTP/1.1', 200, b'OK', [(b'Content-Length', b'205'), (b'Content-Type', b'application/json;odata.metadata=minimal;odata.streaming=true;IEEE754Compatible=false;charset=utf-8'), (b'Date', b'Wed, 24 Sep 2025 05:06:08 GMT'), (b'Server', b'Microsoft-IIS/10.0'), (b'Access-Control-Allow-Headers', b'Accept, Origin, Content-Type, MaxDataServiceVersion'), (b'Access-Control-Allow-Methods', b'GET'), (b'Access-Control-Allow-Origin', b'*'), (b'Access-Control-Expose-Headers', b'DataServiceVersion'), (b'Cache-Control', b'private'), (b'Content-Encoding', b'gzip'), (b'Expires', b'Wed, 24 Sep 2025 05:07:08 GMT'), (b'Vary', b'*'), (b'X-Content-Type-Options', b'nosniff'), (b'OData-Version', b'4.0;'), (b'X-AspNet-Version', b'4.0.30319'), (b'X-Powered-By', b'ASP.NET')])
2025-09-24 10:36:08,427 - httpx - INFO - _send_single_request:1740 - HTTP Request: GET https://services.odata.org/V4/Northwind/Northwind.svc/Products?%24skip=1500&%24top=57 "HTTP/1.1 200 OK"
2025-09-24 10:36:08,428 - httpcore.http11 - DEBUG - atrace:87 - receive_response_body.started request=<Request [b'GET']>
2025-09-24 10:36:08,428 - httpcore.http11 - DEBUG - atrace:87 - receive_response_body.complete
2025-09-24 10:36:08,428 - httpcore.http11 - DEBUG - atrace:87 - response_closed.started
2025-09-24 10:36:08,428 - httpcore.http11 - DEBUG - atrace:87 - response_closed.complete
2025-09-24 10:36:08,428 - workers.proxy_pool - INFO - _make_http_request:250 - [2m2025-09-24T05:06:08.428334Z[0m [[32m[1minfo     [0m] [1m📊 Worker successfully fetched data[0m [[0m[1m[34mworkers.proxy_pool[0m][0m [36mactual_records_added[0m=[35m0[0m [36mcommand_id[0m=[35mProducts_page_next_1500[0m [36mentity[0m=[35mProducts[0m [36mentity_total_fetched[0m=[35m20[0m [36mglobal_total_fetched[0m=[35m4506[0m [36mhas_next_page[0m=[35mFalse[0m [36mrecords_in_response[0m=[35m0[0m [36mworker_id[0m=[35mworker_2[0m
2025-09-24 10:36:08,429 - workers.proxy_pool - INFO - execute:110 - [2m2025-09-24T05:06:08.429331Z[0m [[32m[1minfo     [0m] [1m✅ Worker completed command successfully[0m [[0m[1m[34mworkers.proxy_pool[0m][0m [36mcommand_id[0m=[35mProducts_page_next_1500[0m [36mentity[0m=[35mProducts[0m [36mexecution_time_seconds[0m=[35m1.62[0m [36mhas_next_page[0m=[35mFalse[0m [36mrecords_fetched[0m=[35m0[0m [36mworker_id[0m=[35mworker_2[0m
2025-09-24 10:36:08,429 - workers.proxy_pool - INFO - _worker_loop:460 - [2m2025-09-24T05:06:08.429331Z[0m [[32m[1minfo     [0m] [1m📋 Worker picked up command from queue[0m [[0m[1m[34mworkers.proxy_pool[0m][0m [36mcommand_id[0m=[35mOrder_Details_Extendeds_page_next_3000[0m [36mentity[0m=[35mOrder_Details_Extendeds[0m [36mqueue_size_after_pickup[0m=[35m5[0m [36mworker_id[0m=[35mworker_2[0m [36mworker_status[0m=[35mPROCESSING[0m
2025-09-24 10:36:08,430 - workers.proxy_pool - INFO - execute:59 - [2m2025-09-24T05:06:08.430330Z[0m [[32m[1minfo     [0m] [1m🚀 Worker starting command execution[0m [[0m[1m[34mworkers.proxy_pool[0m][0m [36mcommand_id[0m=[35mOrder_Details_Extendeds_page_next_3000[0m [36mcommand_type[0m=[35mfetch_page[0m [36mentity[0m=[35mOrder_Details_Extendeds[0m [36mpriority[0m=[35m1[0m [36mretry_count[0m=[35m0[0m [36mskip[0m=[35m3000[0m [36mtop[0m=[35m1500[0m [36mworker_id[0m=[35mworker_2[0m
2025-09-24 10:36:08,430 - workers.proxy_pool - INFO - execute:82 - [2m2025-09-24T05:06:08.430977Z[0m [[32m[1minfo     [0m] [1m🔄 Worker executing request with resilience patterns[0m [[0m[1m[34mworkers.proxy_pool[0m][0m [36mcircuit_breaker_state[0m=[35mclosed[0m [36mcommand_id[0m=[35mOrder_Details_Extendeds_page_next_3000[0m [36mworker_id[0m=[35mworker_2[0m
2025-09-24 10:36:08,430 - storage.transformer - INFO - transform_odata_response:62 - [2m2025-09-24T05:06:08.430977Z[0m [[32m[1minfo     [0m] [1mStarting transformation       [0m [[0m[1m[34mstorage.transformer[0m][0m [36mentity_name[0m=[35mProducts[0m [36mresponse_keys[0m=[35m['@odata.context', 'value'][0m
2025-09-24 10:36:08,431 - storage.transformer - INFO - transform_odata_response:101 - [2m2025-09-24T05:06:08.431987Z[0m [[32m[1minfo     [0m] [1mTransformation completed      [0m [[0m[1m[34mstorage.transformer[0m][0m [36mentity_name[0m=[35mProducts[0m [36minput_records[0m=[35m0[0m [36moutput_records[0m=[35m0[0m [36mtransformation_time_seconds[0m=[35m0.0[0m
2025-09-24 10:36:08,431 - httpcore.http11 - DEBUG - atrace:87 - send_request_headers.started request=<Request [b'GET']>
2025-09-24 10:36:08,431 - httpcore.http11 - DEBUG - atrace:87 - send_request_headers.complete
2025-09-24 10:36:08,431 - httpcore.http11 - DEBUG - atrace:87 - send_request_body.started request=<Request [b'GET']>
2025-09-24 10:36:08,431 - httpcore.http11 - DEBUG - atrace:87 - send_request_body.complete
2025-09-24 10:36:08,431 - httpcore.http11 - DEBUG - atrace:87 - receive_response_headers.started request=<Request [b'GET']>
2025-09-24 10:36:08,601 - httpcore.http11 - DEBUG - atrace:87 - receive_response_headers.complete return_value=(b'HTTP/1.1', 200, b'OK', [(b'Content-Length', b'3390'), (b'Content-Type', b'application/json;odata.metadata=minimal;odata.streaming=true;IEEE754Compatible=false;charset=utf-8'), (b'Date', b'Wed, 24 Sep 2025 05:06:08 GMT'), (b'Server', b'Microsoft-IIS/10.0'), (b'Access-Control-Allow-Headers', b'Accept, Origin, Content-Type, MaxDataServiceVersion'), (b'Access-Control-Allow-Methods', b'GET'), (b'Access-Control-Allow-Origin', b'*'), (b'Access-Control-Expose-Headers', b'DataServiceVersion'), (b'Cache-Control', b'private'), (b'Content-Encoding', b'gzip'), (b'Expires', b'Wed, 24 Sep 2025 05:07:02 GMT'), (b'Vary', b'*'), (b'X-Content-Type-Options', b'nosniff'), (b'OData-Version', b'4.0;'), (b'X-AspNet-Version', b'4.0.30319'), (b'X-Powered-By', b'ASP.NET')])
2025-09-24 10:36:08,602 - httpx - INFO - _send_single_request:1740 - HTTP Request: GET https://services.odata.org/V4/Northwind/Northwind.svc/Order_Details_Extendeds?%24skip=1500&%24top=1500 "HTTP/1.1 200 OK"
2025-09-24 10:36:08,602 - httpcore.http11 - DEBUG - atrace:87 - receive_response_body.started request=<Request [b'GET']>
2025-09-24 10:36:08,603 - httpcore.http11 - DEBUG - atrace:87 - receive_response_body.complete
2025-09-24 10:36:08,603 - httpcore.http11 - DEBUG - atrace:87 - response_closed.started
2025-09-24 10:36:08,603 - httpcore.http11 - DEBUG - atrace:87 - receive_response_headers.complete return_value=(b'HTTP/1.1', 200, b'OK', [(b'Content-Length', b'209'), (b'Content-Type', b'application/json;odata.metadata=minimal;odata.streaming=true;IEEE754Compatible=false;charset=utf-8'), (b'Date', b'Wed, 24 Sep 2025 05:06:08 GMT'), (b'Server', b'Microsoft-IIS/10.0'), (b'Access-Control-Allow-Headers', b'Accept, Origin, Content-Type, MaxDataServiceVersion'), (b'Access-Control-Allow-Methods', b'GET'), (b'Access-Control-Allow-Origin', b'*'), (b'Access-Control-Expose-Headers', b'DataServiceVersion'), (b'Cache-Control', b'private'), (b'Content-Encoding', b'gzip'), (b'Expires', b'Wed, 24 Sep 2025 05:07:09 GMT'), (b'Vary', b'*'), (b'X-Content-Type-Options', b'nosniff'), (b'OData-Version', b'4.0;'), (b'X-AspNet-Version', b'4.0.30319'), (b'X-Powered-By', b'ASP.NET')])
2025-09-24 10:36:08,604 - httpx - INFO - _send_single_request:1740 - HTTP Request: GET https://services.odata.org/V4/Northwind/Northwind.svc/Order_Details?%24skip=3000&%24top=1155 "HTTP/1.1 200 OK"
2025-09-24 10:36:08,604 - httpcore.http11 - DEBUG - atrace:87 - receive_response_body.started request=<Request [b'GET']>
2025-09-24 10:36:08,604 - httpcore.http11 - DEBUG - atrace:87 - receive_response_body.complete
2025-09-24 10:36:08,604 - httpcore.http11 - DEBUG - atrace:87 - response_closed.started
2025-09-24 10:36:08,604 - httpcore.http11 - DEBUG - atrace:87 - response_closed.complete
2025-09-24 10:36:08,605 - planning.record_tracker - WARNING - add_page_records:27 - [2m2025-09-24T05:06:08.605599Z[0m [[33m[1mwarning  [0m] [1mPage already completed        [0m [[0m[1m[34mplanning.record_tracker[0m][0m [36mentity[0m=[35mOrder_Details_Extendeds[0m [36mpage[0m=[35m2[0m
2025-09-24 10:36:08,606 - workers.proxy_pool - INFO - _make_http_request:250 - [2m2025-09-24T05:06:08.606599Z[0m [[32m[1minfo     [0m] [1m📊 Worker successfully fetched data[0m [[0m[1m[34mworkers.proxy_pool[0m][0m [36mactual_records_added[0m=[35m100[0m [36mcommand_id[0m=[35mOrder_Details_Extendeds_page_next_1500[0m [36mentity[0m=[35mOrder_Details_Extendeds[0m [36mentity_total_fetched[0m=[35m200[0m [36mglobal_total_fetched[0m=[35m4606[0m [36mhas_next_page[0m=[35mTrue[0m [36mrecords_in_response[0m=[35m100[0m [36mworker_id[0m=[35mworker_0[0m
2025-09-24 10:36:08,607 - workers.proxy_pool - INFO - execute:110 - [2m2025-09-24T05:06:08.607603Z[0m [[32m[1minfo     [0m] [1m✅ Worker completed command successfully[0m [[0m[1m[34mworkers.proxy_pool[0m][0m [36mcommand_id[0m=[35mOrder_Details_Extendeds_page_next_1500[0m [36mentity[0m=[35mOrder_Details_Extendeds[0m [36mexecution_time_seconds[0m=[35m0.3[0m [36mhas_next_page[0m=[35mTrue[0m [36mrecords_fetched[0m=[35m100[0m [36mworker_id[0m=[35mworker_0[0m
2025-09-24 10:36:08,608 - workers.proxy_pool - INFO - _worker_loop:460 - [2m2025-09-24T05:06:08.608603Z[0m [[32m[1minfo     [0m] [1m📋 Worker picked up command from queue[0m [[0m[1m[34mworkers.proxy_pool[0m][0m [36mcommand_id[0m=[35mOrders_Qries_page_next_1500[0m [36mentity[0m=[35mOrders_Qries[0m [36mqueue_size_after_pickup[0m=[35m4[0m [36mworker_id[0m=[35mworker_0[0m [36mworker_status[0m=[35mPROCESSING[0m
2025-09-24 10:36:08,609 - workers.proxy_pool - INFO - execute:59 - [2m2025-09-24T05:06:08.609619Z[0m [[32m[1minfo     [0m] [1m🚀 Worker starting command execution[0m [[0m[1m[34mworkers.proxy_pool[0m][0m [36mcommand_id[0m=[35mOrders_Qries_page_next_1500[0m [36mcommand_type[0m=[35mfetch_page[0m [36mentity[0m=[35mOrders_Qries[0m [36mpriority[0m=[35m1[0m [36mretry_count[0m=[35m0[0m [36mskip[0m=[35m1500[0m [36mtop[0m=[35m1500[0m [36mworker_id[0m=[35mworker_0[0m
2025-09-24 10:36:08,610 - workers.proxy_pool - INFO - execute:82 - [2m2025-09-24T05:06:08.610603Z[0m [[32m[1minfo     [0m] [1m🔄 Worker executing request with resilience patterns[0m [[0m[1m[34mworkers.proxy_pool[0m][0m [36mcircuit_breaker_state[0m=[35mclosed[0m [36mcommand_id[0m=[35mOrders_Qries_page_next_1500[0m [36mworker_id[0m=[35mworker_0[0m
2025-09-24 10:36:08,611 - planning.record_tracker - INFO - calculate_optimal_batch_size:206 - [2m2025-09-24T05:06:08.611602Z[0m [[32m[1minfo     [0m] [1mAdjusted batch size to prevent overfetching[0m [[0m[1m[34mplanning.record_tracker[0m][0m [36mdefault_size[0m=[35m1500[0m [36mentity[0m=[35mOrders_Qries[0m [36moptimal_size[0m=[35m730[0m [36mremaining_records[0m=[35m730[0m
2025-09-24 10:36:08,611 - workers.proxy_pool - INFO - _make_http_request:177 - [2m2025-09-24T05:06:08.611602Z[0m [[32m[1minfo     [0m] [1m📏 Adjusted batch size for optimal fetching[0m [[0m[1m[34mworkers.proxy_pool[0m][0m [36mcommand_id[0m=[35mOrders_Qries_page_next_1500[0m [36mentity[0m=[35mOrders_Qries[0m [36moptimal_top[0m=[35m730[0m [36moriginal_top[0m=[35m1500[0m [36mworker_id[0m=[35mworker_0[0m
2025-09-24 10:36:08,612 - httpcore.http11 - DEBUG - atrace:87 - response_closed.complete
2025-09-24 10:36:08,613 - workers.proxy_pool - INFO - _make_http_request:250 - [2m2025-09-24T05:06:08.613608Z[0m [[32m[1minfo     [0m] [1m📊 Worker successfully fetched data[0m [[0m[1m[34mworkers.proxy_pool[0m][0m [36mactual_records_added[0m=[35m0[0m [36mcommand_id[0m=[35mOrder_Details_page_next_3000[0m [36mentity[0m=[35mOrder_Details[0m [36mentity_total_fetched[0m=[35m1000[0m [36mglobal_total_fetched[0m=[35m4606[0m [36mhas_next_page[0m=[35mFalse[0m [36mrecords_in_response[0m=[35m0[0m [36mworker_id[0m=[35mworker_1[0m
2025-09-24 10:36:08,614 - workers.proxy_pool - INFO - execute:110 - [2m2025-09-24T05:06:08.613608Z[0m [[32m[1minfo     [0m] [1m✅ Worker completed command successfully[0m [[0m[1m[34mworkers.proxy_pool[0m][0m [36mcommand_id[0m=[35mOrder_Details_page_next_3000[0m [36mentity[0m=[35mOrder_Details[0m [36mexecution_time_seconds[0m=[35m0.61[0m [36mhas_next_page[0m=[35mFalse[0m [36mrecords_fetched[0m=[35m0[0m [36mworker_id[0m=[35mworker_1[0m
2025-09-24 10:36:08,615 - workers.proxy_pool - INFO - _worker_loop:460 - [2m2025-09-24T05:06:08.615491Z[0m [[32m[1minfo     [0m] [1m📋 Worker picked up command from queue[0m [[0m[1m[34mworkers.proxy_pool[0m][0m [36mcommand_id[0m=[35mCustomers_page_next_1500[0m [36mentity[0m=[35mCustomers[0m [36mqueue_size_after_pickup[0m=[35m3[0m [36mworker_id[0m=[35mworker_1[0m [36mworker_status[0m=[35mPROCESSING[0m
2025-09-24 10:36:08,616 - workers.proxy_pool - INFO - execute:59 - [2m2025-09-24T05:06:08.616017Z[0m [[32m[1minfo     [0m] [1m🚀 Worker starting command execution[0m [[0m[1m[34mworkers.proxy_pool[0m][0m [36mcommand_id[0m=[35mCustomers_page_next_1500[0m [36mcommand_type[0m=[35mfetch_page[0m [36mentity[0m=[35mCustomers[0m [36mpriority[0m=[35m1[0m [36mretry_count[0m=[35m0[0m [36mskip[0m=[35m1500[0m [36mtop[0m=[35m1500[0m [36mworker_id[0m=[35mworker_1[0m
2025-09-24 10:36:08,616 - workers.proxy_pool - INFO - execute:82 - [2m2025-09-24T05:06:08.616577Z[0m [[32m[1minfo     [0m] [1m🔄 Worker executing request with resilience patterns[0m [[0m[1m[34mworkers.proxy_pool[0m][0m [36mcircuit_breaker_state[0m=[35mclosed[0m [36mcommand_id[0m=[35mCustomers_page_next_1500[0m [36mworker_id[0m=[35mworker_1[0m
2025-09-24 10:36:08,618 - planning.record_tracker - INFO - calculate_optimal_batch_size:206 - [2m2025-09-24T05:06:08.618589Z[0m [[32m[1minfo     [0m] [1mAdjusted batch size to prevent overfetching[0m [[0m[1m[34mplanning.record_tracker[0m][0m [36mdefault_size[0m=[35m1500[0m [36mentity[0m=[35mCustomers[0m [36moptimal_size[0m=[35m71[0m [36mremaining_records[0m=[35m71[0m
2025-09-24 10:36:08,619 - workers.proxy_pool - INFO - _make_http_request:177 - [2m2025-09-24T05:06:08.619592Z[0m [[32m[1minfo     [0m] [1m📏 Adjusted batch size for optimal fetching[0m [[0m[1m[34mworkers.proxy_pool[0m][0m [36mcommand_id[0m=[35mCustomers_page_next_1500[0m [36mentity[0m=[35mCustomers[0m [36moptimal_top[0m=[35m71[0m [36moriginal_top[0m=[35m1500[0m [36mworker_id[0m=[35mworker_1[0m
2025-09-24 10:36:08,620 - storage.transformer - INFO - transform_odata_response:62 - [2m2025-09-24T05:06:08.620591Z[0m [[32m[1minfo     [0m] [1mStarting transformation       [0m [[0m[1m[34mstorage.transformer[0m][0m [36mentity_name[0m=[35mOrder_Details_Extendeds[0m [36mresponse_keys[0m=[35m['@odata.context', 'value', '@odata.nextLink'][0m
2025-09-24 10:36:08,624 - storage.transformer - INFO - transform_odata_response:101 - [2m2025-09-24T05:06:08.623594Z[0m [[32m[1minfo     [0m] [1mTransformation completed      [0m [[0m[1m[34mstorage.transformer[0m][0m [36mentity_name[0m=[35mOrder_Details_Extendeds[0m [36minput_records[0m=[35m100[0m [36moutput_records[0m=[35m100[0m [36mtransformation_time_seconds[0m=[35m0.0[0m
2025-09-24 10:36:08,625 - storage.local_storage - INFO - store_processed_records:145 - [2m2025-09-24T05:06:08.625593Z[0m [[32m[1minfo     [0m] [1mStoring processed records     [0m [[0m[1m[34mstorage.local_storage[0m][0m [36mentity_name[0m=[35mOrder_Details_Extendeds[0m [36mformat[0m=[35mjson[0m [36mrecord_count[0m=[35m100[0m
2025-09-24 10:36:08,628 - storage.local_storage - INFO - store_processed_records:160 - [2m2025-09-24T05:06:08.628740Z[0m [[32m[1minfo     [0m] [1mSuccessfully stored processed records[0m [[0m[1m[34mstorage.local_storage[0m][0m [36mentity_name[0m=[35mOrder_Details_Extendeds[0m [36mfile_path[0m=[35m./test_output/processed\Order_Details_Extendeds_20250924_050608.json[0m [36mrecord_count[0m=[35m100[0m [36mstorage_time_seconds[0m=[35m0.0[0m
2025-09-24 10:36:08,631 - storage.local_storage - INFO - store_raw_response:89 - [2m2025-09-24T05:06:08.631737Z[0m [[32m[1minfo     [0m] [1mSuccessfully stored raw data  [0m [[0m[1m[34mstorage.local_storage[0m][0m [36mentity_name[0m=[35mOrder_Details_Extendeds[0m [36mfile_path[0m=[35m./test_output/raw\Order_Details_Extendeds\2025/09/24\05\Order_Details_Extendeds_page_next_1500.json[0m [36msize_bytes[0m=[35m22430[0m [36mstorage_time_seconds[0m=[35m0.0[0m
2025-09-24 10:36:08,633 - storage.transformer - INFO - transform_odata_response:62 - [2m2025-09-24T05:06:08.633969Z[0m [[32m[1minfo     [0m] [1mStarting transformation       [0m [[0m[1m[34mstorage.transformer[0m][0m [36mentity_name[0m=[35mOrder_Details[0m [36mresponse_keys[0m=[35m['@odata.context', 'value'][0m
2025-09-24 10:36:08,634 - storage.transformer - INFO - transform_odata_response:101 - [2m2025-09-24T05:06:08.634981Z[0m [[32m[1minfo     [0m] [1mTransformation completed      [0m [[0m[1m[34mstorage.transformer[0m][0m [36mentity_name[0m=[35mOrder_Details[0m [36minput_records[0m=[35m0[0m [36moutput_records[0m=[35m0[0m [36mtransformation_time_seconds[0m=[35m0.0[0m
2025-09-24 10:36:08,635 - httpcore.http11 - DEBUG - atrace:87 - send_request_headers.started request=<Request [b'GET']>
2025-09-24 10:36:08,635 - httpcore.http11 - DEBUG - atrace:87 - send_request_headers.complete
2025-09-24 10:36:08,635 - httpcore.http11 - DEBUG - atrace:87 - send_request_body.started request=<Request [b'GET']>
2025-09-24 10:36:08,637 - httpcore.http11 - DEBUG - atrace:87 - send_request_body.complete
2025-09-24 10:36:08,637 - httpcore.http11 - DEBUG - atrace:87 - receive_response_headers.started request=<Request [b'GET']>
2025-09-24 10:36:08,637 - httpcore.http11 - DEBUG - atrace:87 - send_request_headers.started request=<Request [b'GET']>
2025-09-24 10:36:08,637 - httpcore.http11 - DEBUG - atrace:87 - send_request_headers.complete
2025-09-24 10:36:08,637 - httpcore.http11 - DEBUG - atrace:87 - send_request_body.started request=<Request [b'GET']>
2025-09-24 10:36:08,637 - httpcore.http11 - DEBUG - atrace:87 - send_request_body.complete
2025-09-24 10:36:08,637 - httpcore.http11 - DEBUG - atrace:87 - receive_response_headers.started request=<Request [b'GET']>
2025-09-24 10:36:08,926 - httpcore.http11 - DEBUG - atrace:87 - receive_response_headers.complete return_value=(b'HTTP/1.1', 200, b'OK', [(b'Content-Length', b'205'), (b'Content-Type', b'application/json;odata.metadata=minimal;odata.streaming=true;IEEE754Compatible=false;charset=utf-8'), (b'Date', b'Wed, 24 Sep 2025 05:06:08 GMT'), (b'Server', b'Microsoft-IIS/10.0'), (b'Access-Control-Allow-Headers', b'Accept, Origin, Content-Type, MaxDataServiceVersion'), (b'Access-Control-Allow-Methods', b'GET'), (b'Access-Control-Allow-Origin', b'*'), (b'Access-Control-Expose-Headers', b'DataServiceVersion'), (b'Cache-Control', b'private'), (b'Content-Encoding', b'gzip'), (b'Expires', b'Wed, 24 Sep 2025 05:07:09 GMT'), (b'Vary', b'*'), (b'X-Content-Type-Options', b'nosniff'), (b'OData-Version', b'4.0;'), (b'X-AspNet-Version', b'4.0.30319'), (b'X-Powered-By', b'ASP.NET')])
2025-09-24 10:36:08,926 - httpx - INFO - _send_single_request:1740 - HTTP Request: GET https://services.odata.org/V4/Northwind/Northwind.svc/Customers?%24skip=1500&%24top=71 "HTTP/1.1 200 OK"
2025-09-24 10:36:08,927 - httpcore.http11 - DEBUG - atrace:87 - receive_response_body.started request=<Request [b'GET']>
2025-09-24 10:36:08,927 - httpcore.http11 - DEBUG - atrace:87 - receive_response_body.complete
2025-09-24 10:36:08,927 - httpcore.http11 - DEBUG - atrace:87 - response_closed.started
2025-09-24 10:36:08,927 - httpcore.http11 - DEBUG - atrace:87 - response_closed.complete
2025-09-24 10:36:08,928 - workers.proxy_pool - INFO - _make_http_request:250 - [2m2025-09-24T05:06:08.928599Z[0m [[32m[1minfo     [0m] [1m📊 Worker successfully fetched data[0m [[0m[1m[34mworkers.proxy_pool[0m][0m [36mactual_records_added[0m=[35m0[0m [36mcommand_id[0m=[35mCustomers_page_next_1500[0m [36mentity[0m=[35mCustomers[0m [36mentity_total_fetched[0m=[35m20[0m [36mglobal_total_fetched[0m=[35m4606[0m [36mhas_next_page[0m=[35mFalse[0m [36mrecords_in_response[0m=[35m0[0m [36mworker_id[0m=[35mworker_1[0m
2025-09-24 10:36:08,928 - workers.proxy_pool - INFO - execute:110 - [2m2025-09-24T05:06:08.928599Z[0m [[32m[1minfo     [0m] [1m✅ Worker completed command successfully[0m [[0m[1m[34mworkers.proxy_pool[0m][0m [36mcommand_id[0m=[35mCustomers_page_next_1500[0m [36mentity[0m=[35mCustomers[0m [36mexecution_time_seconds[0m=[35m0.31[0m [36mhas_next_page[0m=[35mFalse[0m [36mrecords_fetched[0m=[35m0[0m [36mworker_id[0m=[35mworker_1[0m
2025-09-24 10:36:08,929 - workers.proxy_pool - INFO - _worker_loop:460 - [2m2025-09-24T05:06:08.929633Z[0m [[32m[1minfo     [0m] [1m📋 Worker picked up command from queue[0m [[0m[1m[34mworkers.proxy_pool[0m][0m [36mcommand_id[0m=[35mSummary_of_Sales_by_Quarters_page_next_1500[0m [36mentity[0m=[35mSummary_of_Sales_by_Quarters[0m [36mqueue_size_after_pickup[0m=[35m3[0m [36mworker_id[0m=[35mworker_1[0m [36mworker_status[0m=[35mPROCESSING[0m
2025-09-24 10:36:08,930 - workers.proxy_pool - INFO - execute:59 - [2m2025-09-24T05:06:08.929633Z[0m [[32m[1minfo     [0m] [1m🚀 Worker starting command execution[0m [[0m[1m[34mworkers.proxy_pool[0m][0m [36mcommand_id[0m=[35mSummary_of_Sales_by_Quarters_page_next_1500[0m [36mcommand_type[0m=[35mfetch_page[0m [36mentity[0m=[35mSummary_of_Sales_by_Quarters[0m [36mpriority[0m=[35m1[0m [36mretry_count[0m=[35m0[0m [36mskip[0m=[35m1500[0m [36mtop[0m=[35m1500[0m [36mworker_id[0m=[35mworker_1[0m
2025-09-24 10:36:08,930 - workers.proxy_pool - INFO - execute:82 - [2m2025-09-24T05:06:08.930247Z[0m [[32m[1minfo     [0m] [1m🔄 Worker executing request with resilience patterns[0m [[0m[1m[34mworkers.proxy_pool[0m][0m [36mcircuit_breaker_state[0m=[35mclosed[0m [36mcommand_id[0m=[35mSummary_of_Sales_by_Quarters_page_next_1500[0m [36mworker_id[0m=[35mworker_1[0m
2025-09-24 10:36:08,930 - planning.record_tracker - INFO - calculate_optimal_batch_size:206 - [2m2025-09-24T05:06:08.930247Z[0m [[32m[1minfo     [0m] [1mAdjusted batch size to prevent overfetching[0m [[0m[1m[34mplanning.record_tracker[0m][0m [36mdefault_size[0m=[35m1500[0m [36mentity[0m=[35mSummary_of_Sales_by_Quarters[0m [36moptimal_size[0m=[35m709[0m [36mremaining_records[0m=[35m709[0m
2025-09-24 10:36:08,931 - workers.proxy_pool - INFO - _make_http_request:177 - [2m2025-09-24T05:06:08.930247Z[0m [[32m[1minfo     [0m] [1m📏 Adjusted batch size for optimal fetching[0m [[0m[1m[34mworkers.proxy_pool[0m][0m [36mcommand_id[0m=[35mSummary_of_Sales_by_Quarters_page_next_1500[0m [36mentity[0m=[35mSummary_of_Sales_by_Quarters[0m [36moptimal_top[0m=[35m709[0m [36moriginal_top[0m=[35m1500[0m [36mworker_id[0m=[35mworker_1[0m
2025-09-24 10:36:08,931 - storage.transformer - INFO - transform_odata_response:62 - [2m2025-09-24T05:06:08.931257Z[0m [[32m[1minfo     [0m] [1mStarting transformation       [0m [[0m[1m[34mstorage.transformer[0m][0m [36mentity_name[0m=[35mCustomers[0m [36mresponse_keys[0m=[35m['@odata.context', 'value'][0m
2025-09-24 10:36:08,931 - storage.transformer - INFO - transform_odata_response:101 - [2m2025-09-24T05:06:08.931257Z[0m [[32m[1minfo     [0m] [1mTransformation completed      [0m [[0m[1m[34mstorage.transformer[0m][0m [36mentity_name[0m=[35mCustomers[0m [36minput_records[0m=[35m0[0m [36moutput_records[0m=[35m0[0m [36mtransformation_time_seconds[0m=[35m0.0[0m
2025-09-24 10:36:08,932 - httpcore.http11 - DEBUG - atrace:87 - send_request_headers.started request=<Request [b'GET']>
2025-09-24 10:36:08,932 - httpcore.http11 - DEBUG - atrace:87 - send_request_headers.complete
2025-09-24 10:36:08,932 - httpcore.http11 - DEBUG - atrace:87 - send_request_body.started request=<Request [b'GET']>
2025-09-24 10:36:08,932 - httpcore.http11 - DEBUG - atrace:87 - send_request_body.complete
2025-09-24 10:36:08,932 - httpcore.http11 - DEBUG - atrace:87 - receive_response_headers.started request=<Request [b'GET']>
2025-09-24 10:36:08,970 - httpcore.http11 - DEBUG - atrace:87 - receive_response_headers.complete return_value=(b'HTTP/1.1', 200, b'OK', [(b'Content-Length', b'219'), (b'Content-Type', b'application/json;odata.metadata=minimal;odata.streaming=true;IEEE754Compatible=false;charset=utf-8'), (b'Date', b'Wed, 24 Sep 2025 05:06:08 GMT'), (b'Server', b'Microsoft-IIS/10.0'), (b'Access-Control-Allow-Headers', b'Accept, Origin, Content-Type, MaxDataServiceVersion'), (b'Access-Control-Allow-Methods', b'GET'), (b'Access-Control-Allow-Origin', b'*'), (b'Access-Control-Expose-Headers', b'DataServiceVersion'), (b'Cache-Control', b'private'), (b'Content-Encoding', b'gzip'), (b'Expires', b'Wed, 24 Sep 2025 05:07:09 GMT'), (b'Vary', b'*'), (b'X-Content-Type-Options', b'nosniff'), (b'OData-Version', b'4.0;'), (b'X-AspNet-Version', b'4.0.30319'), (b'X-Powered-By', b'ASP.NET')])
2025-09-24 10:36:08,970 - httpx - INFO - _send_single_request:1740 - HTTP Request: GET https://services.odata.org/V4/Northwind/Northwind.svc/Order_Details_Extendeds?%24skip=3000&%24top=1500 "HTTP/1.1 200 OK"
2025-09-24 10:36:08,971 - httpcore.http11 - DEBUG - atrace:87 - receive_response_body.started request=<Request [b'GET']>
2025-09-24 10:36:08,971 - httpcore.http11 - DEBUG - atrace:87 - receive_response_body.complete
2025-09-24 10:36:08,971 - httpcore.http11 - DEBUG - atrace:87 - response_closed.started
2025-09-24 10:36:08,971 - httpcore.http11 - DEBUG - atrace:87 - response_closed.complete
2025-09-24 10:36:08,971 - workers.proxy_pool - INFO - _make_http_request:250 - [2m2025-09-24T05:06:08.971672Z[0m [[32m[1minfo     [0m] [1m📊 Worker successfully fetched data[0m [[0m[1m[34mworkers.proxy_pool[0m][0m [36mactual_records_added[0m=[35m0[0m [36mcommand_id[0m=[35mOrder_Details_Extendeds_page_next_3000[0m [36mentity[0m=[35mOrder_Details_Extendeds[0m [36mentity_total_fetched[0m=[35m200[0m [36mglobal_total_fetched[0m=[35m4606[0m [36mhas_next_page[0m=[35mFalse[0m [36mrecords_in_response[0m=[35m0[0m [36mworker_id[0m=[35mworker_2[0m
2025-09-24 10:36:08,972 - workers.proxy_pool - INFO - execute:110 - [2m2025-09-24T05:06:08.972675Z[0m [[32m[1minfo     [0m] [1m✅ Worker completed command successfully[0m [[0m[1m[34mworkers.proxy_pool[0m][0m [36mcommand_id[0m=[35mOrder_Details_Extendeds_page_next_3000[0m [36mentity[0m=[35mOrder_Details_Extendeds[0m [36mexecution_time_seconds[0m=[35m0.53[0m [36mhas_next_page[0m=[35mFalse[0m [36mrecords_fetched[0m=[35m0[0m [36mworker_id[0m=[35mworker_2[0m
2025-09-24 10:36:08,973 - workers.proxy_pool - INFO - _worker_loop:460 - [2m2025-09-24T05:06:08.973678Z[0m [[32m[1minfo     [0m] [1m📋 Worker picked up command from queue[0m [[0m[1m[34mworkers.proxy_pool[0m][0m [36mcommand_id[0m=[35mInvoices_page_next_3000[0m [36mentity[0m=[35mInvoices[0m [36mqueue_size_after_pickup[0m=[35m2[0m [36mworker_id[0m=[35mworker_2[0m [36mworker_status[0m=[35mPROCESSING[0m
2025-09-24 10:36:08,974 - workers.proxy_pool - INFO - execute:59 - [2m2025-09-24T05:06:08.974677Z[0m [[32m[1minfo     [0m] [1m🚀 Worker starting command execution[0m [[0m[1m[34mworkers.proxy_pool[0m][0m [36mcommand_id[0m=[35mInvoices_page_next_3000[0m [36mcommand_type[0m=[35mfetch_page[0m [36mentity[0m=[35mInvoices[0m [36mpriority[0m=[35m1[0m [36mretry_count[0m=[35m0[0m [36mskip[0m=[35m3000[0m [36mtop[0m=[35m1500[0m [36mworker_id[0m=[35mworker_2[0m
2025-09-24 10:36:08,974 - workers.proxy_pool - INFO - execute:82 - [2m2025-09-24T05:06:08.974677Z[0m [[32m[1minfo     [0m] [1m🔄 Worker executing request with resilience patterns[0m [[0m[1m[34mworkers.proxy_pool[0m][0m [36mcircuit_breaker_state[0m=[35mclosed[0m [36mcommand_id[0m=[35mInvoices_page_next_3000[0m [36mworker_id[0m=[35mworker_2[0m
2025-09-24 10:36:08,975 - planning.record_tracker - INFO - calculate_optimal_batch_size:206 - [2m2025-09-24T05:06:08.975691Z[0m [[32m[1minfo     [0m] [1mAdjusted batch size to prevent overfetching[0m [[0m[1m[34mplanning.record_tracker[0m][0m [36mdefault_size[0m=[35m1500[0m [36mentity[0m=[35mInvoices[0m [36moptimal_size[0m=[35m1155[0m [36mremaining_records[0m=[35m1155[0m
2025-09-24 10:36:08,976 - workers.proxy_pool - INFO - _make_http_request:177 - [2m2025-09-24T05:06:08.976205Z[0m [[32m[1minfo     [0m] [1m📏 Adjusted batch size for optimal fetching[0m [[0m[1m[34mworkers.proxy_pool[0m][0m [36mcommand_id[0m=[35mInvoices_page_next_3000[0m [36mentity[0m=[35mInvoices[0m [36moptimal_top[0m=[35m1155[0m [36moriginal_top[0m=[35m1500[0m [36mworker_id[0m=[35mworker_2[0m
2025-09-24 10:36:08,977 - storage.transformer - INFO - transform_odata_response:62 - [2m2025-09-24T05:06:08.977091Z[0m [[32m[1minfo     [0m] [1mStarting transformation       [0m [[0m[1m[34mstorage.transformer[0m][0m [36mentity_name[0m=[35mOrder_Details_Extendeds[0m [36mresponse_keys[0m=[35m['@odata.context', 'value'][0m
2025-09-24 10:36:08,978 - storage.transformer - INFO - transform_odata_response:101 - [2m2025-09-24T05:06:08.977091Z[0m [[32m[1minfo     [0m] [1mTransformation completed      [0m [[0m[1m[34mstorage.transformer[0m][0m [36mentity_name[0m=[35mOrder_Details_Extendeds[0m [36minput_records[0m=[35m0[0m [36moutput_records[0m=[35m0[0m [36mtransformation_time_seconds[0m=[35m0.0[0m
2025-09-24 10:36:08,978 - httpcore.http11 - DEBUG - atrace:87 - send_request_headers.started request=<Request [b'GET']>
2025-09-24 10:36:08,978 - httpcore.http11 - DEBUG - atrace:87 - send_request_headers.complete
2025-09-24 10:36:08,979 - httpcore.http11 - DEBUG - atrace:87 - send_request_body.started request=<Request [b'GET']>
2025-09-24 10:36:08,979 - httpcore.http11 - DEBUG - atrace:87 - send_request_body.complete
2025-09-24 10:36:08,979 - httpcore.http11 - DEBUG - atrace:87 - receive_response_headers.started request=<Request [b'GET']>
2025-09-24 10:36:09,356 - httpcore.http11 - DEBUG - atrace:87 - receive_response_headers.complete return_value=(b'HTTP/1.1', 200, b'OK', [(b'Content-Length', b'203'), (b'Content-Type', b'application/json;odata.metadata=minimal;odata.streaming=true;IEEE754Compatible=false;charset=utf-8'), (b'Date', b'Wed, 24 Sep 2025 05:06:09 GMT'), (b'Server', b'Microsoft-IIS/10.0'), (b'Access-Control-Allow-Headers', b'Accept, Origin, Content-Type, MaxDataServiceVersion'), (b'Access-Control-Allow-Methods', b'GET'), (b'Access-Control-Allow-Origin', b'*'), (b'Access-Control-Expose-Headers', b'DataServiceVersion'), (b'Cache-Control', b'private'), (b'Content-Encoding', b'gzip'), (b'Expires', b'Wed, 24 Sep 2025 05:07:07 GMT'), (b'Vary', b'*'), (b'X-Content-Type-Options', b'nosniff'), (b'OData-Version', b'4.0;'), (b'X-AspNet-Version', b'4.0.30319'), (b'X-Powered-By', b'ASP.NET')])
2025-09-24 10:36:09,357 - httpx - INFO - _send_single_request:1740 - HTTP Request: GET https://services.odata.org/V4/Northwind/Northwind.svc/Invoices?%24skip=3000&%24top=1155 "HTTP/1.1 200 OK"
2025-09-24 10:36:09,358 - httpcore.http11 - DEBUG - atrace:87 - receive_response_body.started request=<Request [b'GET']>
2025-09-24 10:36:09,358 - httpcore.http11 - DEBUG - atrace:87 - receive_response_body.complete
2025-09-24 10:36:09,358 - httpcore.http11 - DEBUG - atrace:87 - response_closed.started
2025-09-24 10:36:09,359 - httpcore.http11 - DEBUG - atrace:87 - response_closed.complete
2025-09-24 10:36:09,359 - planning.record_tracker - WARNING - add_page_records:27 - [2m2025-09-24T05:06:09.359086Z[0m [[33m[1mwarning  [0m] [1mPage already completed        [0m [[0m[1m[34mplanning.record_tracker[0m][0m [36mentity[0m=[35mInvoices[0m [36mpage[0m=[35m3[0m
2025-09-24 10:36:09,360 - workers.proxy_pool - INFO - _make_http_request:250 - [2m2025-09-24T05:06:09.360093Z[0m [[32m[1minfo     [0m] [1m📊 Worker successfully fetched data[0m [[0m[1m[34mworkers.proxy_pool[0m][0m [36mactual_records_added[0m=[35m0[0m [36mcommand_id[0m=[35mInvoices_page_next_3000[0m [36mentity[0m=[35mInvoices[0m [36mentity_total_fetched[0m=[35m1000[0m [36mglobal_total_fetched[0m=[35m4606[0m [36mhas_next_page[0m=[35mFalse[0m [36mrecords_in_response[0m=[35m0[0m [36mworker_id[0m=[35mworker_2[0m
2025-09-24 10:36:09,361 - workers.proxy_pool - INFO - execute:110 - [2m2025-09-24T05:06:09.361769Z[0m [[32m[1minfo     [0m] [1m✅ Worker completed command successfully[0m [[0m[1m[34mworkers.proxy_pool[0m][0m [36mcommand_id[0m=[35mInvoices_page_next_3000[0m [36mentity[0m=[35mInvoices[0m [36mexecution_time_seconds[0m=[35m0.39[0m [36mhas_next_page[0m=[35mFalse[0m [36mrecords_fetched[0m=[35m0[0m [36mworker_id[0m=[35mworker_2[0m
2025-09-24 10:36:09,361 - workers.proxy_pool - INFO - _worker_loop:460 - [2m2025-09-24T05:06:09.361769Z[0m [[32m[1minfo     [0m] [1m📋 Worker picked up command from queue[0m [[0m[1m[34mworkers.proxy_pool[0m][0m [36mcommand_id[0m=[35mOrder_Details_page_next_3000[0m [36mentity[0m=[35mOrder_Details[0m [36mqueue_size_after_pickup[0m=[35m1[0m [36mworker_id[0m=[35mworker_2[0m [36mworker_status[0m=[35mPROCESSING[0m
2025-09-24 10:36:09,362 - workers.proxy_pool - INFO - execute:59 - [2m2025-09-24T05:06:09.362781Z[0m [[32m[1minfo     [0m] [1m🚀 Worker starting command execution[0m [[0m[1m[34mworkers.proxy_pool[0m][0m [36mcommand_id[0m=[35mOrder_Details_page_next_3000[0m [36mcommand_type[0m=[35mfetch_page[0m [36mentity[0m=[35mOrder_Details[0m [36mpriority[0m=[35m1[0m [36mretry_count[0m=[35m0[0m [36mskip[0m=[35m3000[0m [36mtop[0m=[35m1500[0m [36mworker_id[0m=[35mworker_2[0m
2025-09-24 10:36:09,362 - workers.proxy_pool - INFO - execute:82 - [2m2025-09-24T05:06:09.362781Z[0m [[32m[1minfo     [0m] [1m🔄 Worker executing request with resilience patterns[0m [[0m[1m[34mworkers.proxy_pool[0m][0m [36mcircuit_breaker_state[0m=[35mclosed[0m [36mcommand_id[0m=[35mOrder_Details_page_next_3000[0m [36mworker_id[0m=[35mworker_2[0m
2025-09-24 10:36:09,363 - planning.record_tracker - INFO - calculate_optimal_batch_size:206 - [2m2025-09-24T05:06:09.363781Z[0m [[32m[1minfo     [0m] [1mAdjusted batch size to prevent overfetching[0m [[0m[1m[34mplanning.record_tracker[0m][0m [36mdefault_size[0m=[35m1500[0m [36mentity[0m=[35mOrder_Details[0m [36moptimal_size[0m=[35m1155[0m [36mremaining_records[0m=[35m1155[0m
2025-09-24 10:36:09,363 - workers.proxy_pool - INFO - _make_http_request:177 - [2m2025-09-24T05:06:09.363781Z[0m [[32m[1minfo     [0m] [1m📏 Adjusted batch size for optimal fetching[0m [[0m[1m[34mworkers.proxy_pool[0m][0m [36mcommand_id[0m=[35mOrder_Details_page_next_3000[0m [36mentity[0m=[35mOrder_Details[0m [36moptimal_top[0m=[35m1155[0m [36moriginal_top[0m=[35m1500[0m [36mworker_id[0m=[35mworker_2[0m
2025-09-24 10:36:09,364 - storage.transformer - INFO - transform_odata_response:62 - [2m2025-09-24T05:06:09.364782Z[0m [[32m[1minfo     [0m] [1mStarting transformation       [0m [[0m[1m[34mstorage.transformer[0m][0m [36mentity_name[0m=[35mInvoices[0m [36mresponse_keys[0m=[35m['@odata.context', 'value'][0m
2025-09-24 10:36:09,364 - storage.transformer - INFO - transform_odata_response:101 - [2m2025-09-24T05:06:09.364782Z[0m [[32m[1minfo     [0m] [1mTransformation completed      [0m [[0m[1m[34mstorage.transformer[0m][0m [36mentity_name[0m=[35mInvoices[0m [36minput_records[0m=[35m0[0m [36moutput_records[0m=[35m0[0m [36mtransformation_time_seconds[0m=[35m0.0[0m
2025-09-24 10:36:09,366 - httpcore.http11 - DEBUG - atrace:87 - send_request_headers.started request=<Request [b'GET']>
2025-09-24 10:36:09,366 - httpcore.http11 - DEBUG - atrace:87 - send_request_headers.complete
2025-09-24 10:36:09,367 - httpcore.http11 - DEBUG - atrace:87 - send_request_body.started request=<Request [b'GET']>
2025-09-24 10:36:09,367 - httpcore.http11 - DEBUG - atrace:87 - send_request_body.complete
2025-09-24 10:36:09,367 - httpcore.http11 - DEBUG - atrace:87 - receive_response_headers.started request=<Request [b'GET']>
2025-09-24 10:36:09,374 - httpcore.http11 - DEBUG - atrace:87 - receive_response_headers.complete return_value=(b'HTTP/1.1', 200, b'OK', [(b'Content-Length', b'226'), (b'Content-Type', b'application/json;odata.metadata=minimal;odata.streaming=true;IEEE754Compatible=false;charset=utf-8'), (b'Date', b'Wed, 24 Sep 2025 05:06:09 GMT'), (b'Server', b'Microsoft-IIS/10.0'), (b'Access-Control-Allow-Headers', b'Accept, Origin, Content-Type, MaxDataServiceVersion'), (b'Access-Control-Allow-Methods', b'GET'), (b'Access-Control-Allow-Origin', b'*'), (b'Access-Control-Expose-Headers', b'DataServiceVersion'), (b'Cache-Control', b'private'), (b'Content-Encoding', b'gzip'), (b'Expires', b'Wed, 24 Sep 2025 05:07:09 GMT'), (b'Vary', b'*'), (b'X-Content-Type-Options', b'nosniff'), (b'OData-Version', b'4.0;'), (b'X-AspNet-Version', b'4.0.30319'), (b'X-Powered-By', b'ASP.NET')])
2025-09-24 10:36:09,375 - httpx - INFO - _send_single_request:1740 - HTTP Request: GET https://services.odata.org/V4/Northwind/Northwind.svc/Summary_of_Sales_by_Quarters?%24skip=1500&%24top=709 "HTTP/1.1 200 OK"
2025-09-24 10:36:09,376 - httpcore.http11 - DEBUG - atrace:87 - receive_response_body.started request=<Request [b'GET']>
2025-09-24 10:36:09,376 - httpcore.http11 - DEBUG - atrace:87 - receive_response_body.complete
2025-09-24 10:36:09,377 - httpcore.http11 - DEBUG - atrace:87 - response_closed.started
2025-09-24 10:36:09,377 - httpcore.http11 - DEBUG - atrace:87 - response_closed.complete
2025-09-24 10:36:09,377 - workers.proxy_pool - INFO - _make_http_request:250 - [2m2025-09-24T05:06:09.377892Z[0m [[32m[1minfo     [0m] [1m📊 Worker successfully fetched data[0m [[0m[1m[34mworkers.proxy_pool[0m][0m [36mactual_records_added[0m=[35m0[0m [36mcommand_id[0m=[35mSummary_of_Sales_by_Quarters_page_next_1500[0m [36mentity[0m=[35mSummary_of_Sales_by_Quarters[0m [36mentity_total_fetched[0m=[35m100[0m [36mglobal_total_fetched[0m=[35m4606[0m [36mhas_next_page[0m=[35mFalse[0m [36mrecords_in_response[0m=[35m0[0m [36mworker_id[0m=[35mworker_1[0m
2025-09-24 10:36:09,377 - workers.proxy_pool - INFO - execute:110 - [2m2025-09-24T05:06:09.377892Z[0m [[32m[1minfo     [0m] [1m✅ Worker completed command successfully[0m [[0m[1m[34mworkers.proxy_pool[0m][0m [36mcommand_id[0m=[35mSummary_of_Sales_by_Quarters_page_next_1500[0m [36mentity[0m=[35mSummary_of_Sales_by_Quarters[0m [36mexecution_time_seconds[0m=[35m0.44[0m [36mhas_next_page[0m=[35mFalse[0m [36mrecords_fetched[0m=[35m0[0m [36mworker_id[0m=[35mworker_1[0m
2025-09-24 10:36:09,379 - workers.proxy_pool - INFO - _worker_loop:460 - [2m2025-09-24T05:06:09.378910Z[0m [[32m[1minfo     [0m] [1m📋 Worker picked up command from queue[0m [[0m[1m[34mworkers.proxy_pool[0m][0m [36mcommand_id[0m=[35mOrder_Details_Extendeds_page_next_3000[0m [36mentity[0m=[35mOrder_Details_Extendeds[0m [36mqueue_size_after_pickup[0m=[35m0[0m [36mworker_id[0m=[35mworker_1[0m [36mworker_status[0m=[35mPROCESSING[0m
2025-09-24 10:36:09,379 - workers.proxy_pool - INFO - execute:59 - [2m2025-09-24T05:06:09.379433Z[0m [[32m[1minfo     [0m] [1m🚀 Worker starting command execution[0m [[0m[1m[34mworkers.proxy_pool[0m][0m [36mcommand_id[0m=[35mOrder_Details_Extendeds_page_next_3000[0m [36mcommand_type[0m=[35mfetch_page[0m [36mentity[0m=[35mOrder_Details_Extendeds[0m [36mpriority[0m=[35m1[0m [36mretry_count[0m=[35m0[0m [36mskip[0m=[35m3000[0m [36mtop[0m=[35m1500[0m [36mworker_id[0m=[35mworker_1[0m
2025-09-24 10:36:09,380 - workers.proxy_pool - INFO - execute:82 - [2m2025-09-24T05:06:09.379433Z[0m [[32m[1minfo     [0m] [1m🔄 Worker executing request with resilience patterns[0m [[0m[1m[34mworkers.proxy_pool[0m][0m [36mcircuit_breaker_state[0m=[35mclosed[0m [36mcommand_id[0m=[35mOrder_Details_Extendeds_page_next_3000[0m [36mworker_id[0m=[35mworker_1[0m
2025-09-24 10:36:09,381 - storage.transformer - INFO - transform_odata_response:62 - [2m2025-09-24T05:06:09.381444Z[0m [[32m[1minfo     [0m] [1mStarting transformation       [0m [[0m[1m[34mstorage.transformer[0m][0m [36mentity_name[0m=[35mSummary_of_Sales_by_Quarters[0m [36mresponse_keys[0m=[35m['@odata.context', 'value'][0m
2025-09-24 10:36:09,381 - storage.transformer - INFO - transform_odata_response:101 - [2m2025-09-24T05:06:09.381444Z[0m [[32m[1minfo     [0m] [1mTransformation completed      [0m [[0m[1m[34mstorage.transformer[0m][0m [36mentity_name[0m=[35mSummary_of_Sales_by_Quarters[0m [36minput_records[0m=[35m0[0m [36moutput_records[0m=[35m0[0m [36mtransformation_time_seconds[0m=[35m0.0[0m
2025-09-24 10:36:09,381 - httpcore.http11 - DEBUG - atrace:87 - send_request_headers.started request=<Request [b'GET']>
2025-09-24 10:36:09,382 - httpcore.http11 - DEBUG - atrace:87 - send_request_headers.complete
2025-09-24 10:36:09,382 - httpcore.http11 - DEBUG - atrace:87 - send_request_body.started request=<Request [b'GET']>
2025-09-24 10:36:09,382 - httpcore.http11 - DEBUG - atrace:87 - send_request_body.complete
2025-09-24 10:36:09,382 - httpcore.http11 - DEBUG - atrace:87 - receive_response_headers.started request=<Request [b'GET']>
2025-09-24 10:36:09,440 - httpcore.http11 - DEBUG - atrace:87 - receive_response_headers.complete return_value=(b'HTTP/1.1', 200, b'OK', [(b'Content-Length', b'209'), (b'Content-Type', b'application/json;odata.metadata=minimal;odata.streaming=true;IEEE754Compatible=false;charset=utf-8'), (b'Date', b'Wed, 24 Sep 2025 05:06:09 GMT'), (b'Server', b'Microsoft-IIS/10.0'), (b'Access-Control-Allow-Headers', b'Accept, Origin, Content-Type, MaxDataServiceVersion'), (b'Access-Control-Allow-Methods', b'GET'), (b'Access-Control-Allow-Origin', b'*'), (b'Access-Control-Expose-Headers', b'DataServiceVersion'), (b'Cache-Control', b'private'), (b'Content-Encoding', b'gzip'), (b'Expires', b'Wed, 24 Sep 2025 05:07:09 GMT'), (b'Vary', b'*'), (b'X-Content-Type-Options', b'nosniff'), (b'OData-Version', b'4.0;'), (b'X-AspNet-Version', b'4.0.30319'), (b'X-Powered-By', b'ASP.NET')])
2025-09-24 10:36:09,441 - httpx - INFO - _send_single_request:1740 - HTTP Request: GET https://services.odata.org/V4/Northwind/Northwind.svc/Orders_Qries?%24skip=1500&%24top=730 "HTTP/1.1 200 OK"
2025-09-24 10:36:09,442 - httpcore.http11 - DEBUG - atrace:87 - receive_response_body.started request=<Request [b'GET']>
2025-09-24 10:36:09,443 - httpcore.http11 - DEBUG - atrace:87 - receive_response_body.complete
2025-09-24 10:36:09,443 - httpcore.http11 - DEBUG - atrace:87 - response_closed.started
2025-09-24 10:36:09,443 - httpcore.http11 - DEBUG - atrace:87 - response_closed.complete
2025-09-24 10:36:09,444 - workers.proxy_pool - INFO - _make_http_request:250 - [2m2025-09-24T05:06:09.444406Z[0m [[32m[1minfo     [0m] [1m📊 Worker successfully fetched data[0m [[0m[1m[34mworkers.proxy_pool[0m][0m [36mactual_records_added[0m=[35m0[0m [36mcommand_id[0m=[35mOrders_Qries_page_next_1500[0m [36mentity[0m=[35mOrders_Qries[0m [36mentity_total_fetched[0m=[35m100[0m [36mglobal_total_fetched[0m=[35m4606[0m [36mhas_next_page[0m=[35mFalse[0m [36mrecords_in_response[0m=[35m0[0m [36mworker_id[0m=[35mworker_0[0m
2025-09-24 10:36:09,446 - workers.proxy_pool - INFO - execute:110 - [2m2025-09-24T05:06:09.446217Z[0m [[32m[1minfo     [0m] [1m✅ Worker completed command successfully[0m [[0m[1m[34mworkers.proxy_pool[0m][0m [36mcommand_id[0m=[35mOrders_Qries_page_next_1500[0m [36mentity[0m=[35mOrders_Qries[0m [36mexecution_time_seconds[0m=[35m0.84[0m [36mhas_next_page[0m=[35mFalse[0m [36mrecords_fetched[0m=[35m0[0m [36mworker_id[0m=[35mworker_0[0m
2025-09-24 10:36:09,447 - storage.transformer - INFO - transform_odata_response:62 - [2m2025-09-24T05:06:09.447313Z[0m [[32m[1minfo     [0m] [1mStarting transformation       [0m [[0m[1m[34mstorage.transformer[0m][0m [36mentity_name[0m=[35mOrders_Qries[0m [36mresponse_keys[0m=[35m['@odata.context', 'value'][0m
2025-09-24 10:36:09,447 - storage.transformer - INFO - transform_odata_response:101 - [2m2025-09-24T05:06:09.447898Z[0m [[32m[1minfo     [0m] [1mTransformation completed      [0m [[0m[1m[34mstorage.transformer[0m][0m [36mentity_name[0m=[35mOrders_Qries[0m [36minput_records[0m=[35m0[0m [36moutput_records[0m=[35m0[0m [36mtransformation_time_seconds[0m=[35m0.0[0m
2025-09-24 10:36:09,632 - httpcore.http11 - DEBUG - atrace:87 - receive_response_headers.complete return_value=(b'HTTP/1.1', 200, b'OK', [(b'Content-Length', b'209'), (b'Content-Type', b'application/json;odata.metadata=minimal;odata.streaming=true;IEEE754Compatible=false;charset=utf-8'), (b'Date', b'Wed, 24 Sep 2025 05:06:09 GMT'), (b'Server', b'Microsoft-IIS/10.0'), (b'Access-Control-Allow-Headers', b'Accept, Origin, Content-Type, MaxDataServiceVersion'), (b'Access-Control-Allow-Methods', b'GET'), (b'Access-Control-Allow-Origin', b'*'), (b'Access-Control-Expose-Headers', b'DataServiceVersion'), (b'Cache-Control', b'private'), (b'Content-Encoding', b'gzip'), (b'Expires', b'Wed, 24 Sep 2025 05:07:09 GMT'), (b'Vary', b'*'), (b'X-Content-Type-Options', b'nosniff'), (b'OData-Version', b'4.0;'), (b'X-AspNet-Version', b'4.0.30319'), (b'X-Powered-By', b'ASP.NET')])
2025-09-24 10:36:09,633 - httpx - INFO - _send_single_request:1740 - HTTP Request: GET https://services.odata.org/V4/Northwind/Northwind.svc/Order_Details?%24skip=3000&%24top=1155 "HTTP/1.1 200 OK"
2025-09-24 10:36:09,633 - httpcore.http11 - DEBUG - atrace:87 - receive_response_body.started request=<Request [b'GET']>
2025-09-24 10:36:09,633 - httpcore.http11 - DEBUG - atrace:87 - receive_response_body.complete
2025-09-24 10:36:09,633 - httpcore.http11 - DEBUG - atrace:87 - response_closed.started
2025-09-24 10:36:09,634 - httpcore.http11 - DEBUG - atrace:87 - receive_response_headers.complete return_value=(b'HTTP/1.1', 200, b'OK', [(b'Content-Length', b'219'), (b'Content-Type', b'application/json;odata.metadata=minimal;odata.streaming=true;IEEE754Compatible=false;charset=utf-8'), (b'Date', b'Wed, 24 Sep 2025 05:06:09 GMT'), (b'Server', b'Microsoft-IIS/10.0'), (b'Access-Control-Allow-Headers', b'Accept, Origin, Content-Type, MaxDataServiceVersion'), (b'Access-Control-Allow-Methods', b'GET'), (b'Access-Control-Allow-Origin', b'*'), (b'Access-Control-Expose-Headers', b'DataServiceVersion'), (b'Cache-Control', b'private'), (b'Content-Encoding', b'gzip'), (b'Expires', b'Wed, 24 Sep 2025 05:07:09 GMT'), (b'Vary', b'*'), (b'X-Content-Type-Options', b'nosniff'), (b'OData-Version', b'4.0;'), (b'X-AspNet-Version', b'4.0.30319'), (b'X-Powered-By', b'ASP.NET')])
2025-09-24 10:36:09,634 - httpx - INFO - _send_single_request:1740 - HTTP Request: GET https://services.odata.org/V4/Northwind/Northwind.svc/Order_Details_Extendeds?%24skip=3000&%24top=1500 "HTTP/1.1 200 OK"
2025-09-24 10:36:09,634 - httpcore.http11 - DEBUG - atrace:87 - receive_response_body.started request=<Request [b'GET']>
2025-09-24 10:36:09,634 - httpcore.http11 - DEBUG - atrace:87 - receive_response_body.complete
2025-09-24 10:36:09,634 - httpcore.http11 - DEBUG - atrace:87 - response_closed.started
2025-09-24 10:36:09,634 - httpcore.http11 - DEBUG - atrace:87 - response_closed.complete
2025-09-24 10:36:09,635 - planning.record_tracker - WARNING - add_page_records:27 - [2m2025-09-24T05:06:09.635936Z[0m [[33m[1mwarning  [0m] [1mPage already completed        [0m [[0m[1m[34mplanning.record_tracker[0m][0m [36mentity[0m=[35mOrder_Details[0m [36mpage[0m=[35m3[0m
2025-09-24 10:36:09,635 - workers.proxy_pool - INFO - _make_http_request:250 - [2m2025-09-24T05:06:09.635936Z[0m [[32m[1minfo     [0m] [1m📊 Worker successfully fetched data[0m [[0m[1m[34mworkers.proxy_pool[0m][0m [36mactual_records_added[0m=[35m0[0m [36mcommand_id[0m=[35mOrder_Details_page_next_3000[0m [36mentity[0m=[35mOrder_Details[0m [36mentity_total_fetched[0m=[35m1000[0m [36mglobal_total_fetched[0m=[35m4606[0m [36mhas_next_page[0m=[35mFalse[0m [36mrecords_in_response[0m=[35m0[0m [36mworker_id[0m=[35mworker_2[0m
2025-09-24 10:36:09,635 - workers.proxy_pool - INFO - execute:110 - [2m2025-09-24T05:06:09.635936Z[0m [[32m[1minfo     [0m] [1m✅ Worker completed command successfully[0m [[0m[1m[34mworkers.proxy_pool[0m][0m [36mcommand_id[0m=[35mOrder_Details_page_next_3000[0m [36mentity[0m=[35mOrder_Details[0m [36mexecution_time_seconds[0m=[35m0.28[0m [36mhas_next_page[0m=[35mFalse[0m [36mrecords_fetched[0m=[35m0[0m [36mworker_id[0m=[35mworker_2[0m
2025-09-24 10:36:09,635 - httpcore.http11 - DEBUG - atrace:87 - response_closed.complete
2025-09-24 10:36:09,637 - planning.record_tracker - WARNING - add_page_records:27 - [2m2025-09-24T05:06:09.637444Z[0m [[33m[1mwarning  [0m] [1mPage already completed        [0m [[0m[1m[34mplanning.record_tracker[0m][0m [36mentity[0m=[35mOrder_Details_Extendeds[0m [36mpage[0m=[35m3[0m
2025-09-24 10:36:09,637 - workers.proxy_pool - INFO - _make_http_request:250 - [2m2025-09-24T05:06:09.637444Z[0m [[32m[1minfo     [0m] [1m📊 Worker successfully fetched data[0m [[0m[1m[34mworkers.proxy_pool[0m][0m [36mactual_records_added[0m=[35m0[0m [36mcommand_id[0m=[35mOrder_Details_Extendeds_page_next_3000[0m [36mentity[0m=[35mOrder_Details_Extendeds[0m [36mentity_total_fetched[0m=[35m200[0m [36mglobal_total_fetched[0m=[35m4606[0m [36mhas_next_page[0m=[35mFalse[0m [36mrecords_in_response[0m=[35m0[0m [36mworker_id[0m=[35mworker_1[0m
2025-09-24 10:36:09,637 - workers.proxy_pool - INFO - execute:110 - [2m2025-09-24T05:06:09.637444Z[0m [[32m[1minfo     [0m] [1m✅ Worker completed command successfully[0m [[0m[1m[34mworkers.proxy_pool[0m][0m [36mcommand_id[0m=[35mOrder_Details_Extendeds_page_next_3000[0m [36mentity[0m=[35mOrder_Details_Extendeds[0m [36mexecution_time_seconds[0m=[35m0.27[0m [36mhas_next_page[0m=[35mFalse[0m [36mrecords_fetched[0m=[35m0[0m [36mworker_id[0m=[35mworker_1[0m
2025-09-24 10:36:09,638 - storage.transformer - INFO - transform_odata_response:62 - [2m2025-09-24T05:06:09.637444Z[0m [[32m[1minfo     [0m] [1mStarting transformation       [0m [[0m[1m[34mstorage.transformer[0m][0m [36mentity_name[0m=[35mOrder_Details[0m [36mresponse_keys[0m=[35m['@odata.context', 'value'][0m
2025-09-24 10:36:09,638 - storage.transformer - INFO - transform_odata_response:101 - [2m2025-09-24T05:06:09.638454Z[0m [[32m[1minfo     [0m] [1mTransformation completed      [0m [[0m[1m[34mstorage.transformer[0m][0m [36mentity_name[0m=[35mOrder_Details[0m [36minput_records[0m=[35m0[0m [36moutput_records[0m=[35m0[0m [36mtransformation_time_seconds[0m=[35m0.0[0m
2025-09-24 10:36:09,638 - storage.transformer - INFO - transform_odata_response:62 - [2m2025-09-24T05:06:09.638454Z[0m [[32m[1minfo     [0m] [1mStarting transformation       [0m [[0m[1m[34mstorage.transformer[0m][0m [36mentity_name[0m=[35mOrder_Details_Extendeds[0m [36mresponse_keys[0m=[35m['@odata.context', 'value'][0m
2025-09-24 10:36:09,638 - storage.transformer - INFO - transform_odata_response:101 - [2m2025-09-24T05:06:09.638454Z[0m [[32m[1minfo     [0m] [1mTransformation completed      [0m [[0m[1m[34mstorage.transformer[0m][0m [36mentity_name[0m=[35mOrder_Details_Extendeds[0m [36minput_records[0m=[35m0[0m [36moutput_records[0m=[35m0[0m [36mtransformation_time_seconds[0m=[35m0.0[0m
2025-09-24 10:36:16,784 - connector - INFO - _monitor_execution:392 - [2m2025-09-24T05:06:16.782613Z[0m [[32m[1minfo     [0m] [1m📊 Execution progress          [0m [[0m[1m[34mconnector[0m][0m [36mactive_workers[0m=[35m3[0m [36mcommands_executed[0m=[35m45[0m [36mqueue_size[0m=[35m0[0m [36mrecords_processed[0m=[35m4606[0m
2025-09-24 10:36:26,842 - connector - INFO - _monitor_execution:392 - [2m2025-09-24T05:06:26.842328Z[0m [[32m[1minfo     [0m] [1m📊 Execution progress          [0m [[0m[1m[34mconnector[0m][0m [36mactive_workers[0m=[35m3[0m [36mcommands_executed[0m=[35m45[0m [36mqueue_size[0m=[35m0[0m [36mrecords_processed[0m=[35m4606[0m
2025-09-24 10:36:36,946 - connector - INFO - _monitor_execution:392 - [2m2025-09-24T05:06:36.946455Z[0m [[32m[1minfo     [0m] [1m📊 Execution progress          [0m [[0m[1m[34mconnector[0m][0m [36mactive_workers[0m=[35m3[0m [36mcommands_executed[0m=[35m45[0m [36mqueue_size[0m=[35m0[0m [36mrecords_processed[0m=[35m4606[0m
2025-09-24 10:36:46,991 - connector - INFO - _monitor_execution:392 - [2m2025-09-24T05:06:46.991270Z[0m [[32m[1minfo     [0m] [1m📊 Execution progress          [0m [[0m[1m[34mconnector[0m][0m [36mactive_workers[0m=[35m3[0m [36mcommands_executed[0m=[35m45[0m [36mqueue_size[0m=[35m0[0m [36mrecords_processed[0m=[35m4606[0m
2025-09-24 10:36:57,047 - connector - INFO - _monitor_execution:392 - [2m2025-09-24T05:06:57.046979Z[0m [[32m[1minfo     [0m] [1m📊 Execution progress          [0m [[0m[1m[34mconnector[0m][0m [36mactive_workers[0m=[35m3[0m [36mcommands_executed[0m=[35m45[0m [36mqueue_size[0m=[35m0[0m [36mrecords_processed[0m=[35m4606[0m
2025-09-24 10:37:07,110 - connector - INFO - _monitor_execution:392 - [2m2025-09-24T05:07:07.110415Z[0m [[32m[1minfo     [0m] [1m📊 Execution progress          [0m [[0m[1m[34mconnector[0m][0m [36mactive_workers[0m=[35m3[0m [36mcommands_executed[0m=[35m45[0m [36mqueue_size[0m=[35m0[0m [36mrecords_processed[0m=[35m4606[0m
2025-09-24 10:37:17,174 - connector - INFO - _monitor_execution:392 - [2m2025-09-24T05:07:17.174880Z[0m [[32m[1minfo     [0m] [1m📊 Execution progress          [0m [[0m[1m[34mconnector[0m][0m [36mactive_workers[0m=[35m3[0m [36mcommands_executed[0m=[35m45[0m [36mqueue_size[0m=[35m0[0m [36mrecords_processed[0m=[35m4606[0m
2025-09-24 10:37:27,259 - connector - INFO - _monitor_execution:392 - [2m2025-09-24T05:07:27.259079Z[0m [[32m[1minfo     [0m] [1m📊 Execution progress          [0m [[0m[1m[34mconnector[0m][0m [36mactive_workers[0m=[35m3[0m [36mcommands_executed[0m=[35m45[0m [36mqueue_size[0m=[35m0[0m [36mrecords_processed[0m=[35m4606[0m
2025-09-24 10:37:37,327 - connector - INFO - _monitor_execution:392 - [2m2025-09-24T05:07:37.327729Z[0m [[32m[1minfo     [0m] [1m📊 Execution progress          [0m [[0m[1m[34mconnector[0m][0m [36mactive_workers[0m=[35m3[0m [36mcommands_executed[0m=[35m45[0m [36mqueue_size[0m=[35m0[0m [36mrecords_processed[0m=[35m4606[0m
2025-09-24 10:37:47,363 - connector - INFO - _monitor_execution:392 - [2m2025-09-24T05:07:47.363083Z[0m [[32m[1minfo     [0m] [1m📊 Execution progress          [0m [[0m[1m[34mconnector[0m][0m [36mactive_workers[0m=[35m3[0m [36mcommands_executed[0m=[35m45[0m [36mqueue_size[0m=[35m0[0m [36mrecords_processed[0m=[35m4606[0m
2025-09-24 10:37:57,409 - connector - INFO - _monitor_execution:392 - [2m2025-09-24T05:07:57.409258Z[0m [[32m[1minfo     [0m] [1m📊 Execution progress          [0m [[0m[1m[34mconnector[0m][0m [36mactive_workers[0m=[35m3[0m [36mcommands_executed[0m=[35m45[0m [36mqueue_size[0m=[35m0[0m [36mrecords_processed[0m=[35m4606[0m
2025-09-24 10:38:07,425 - connector - INFO - _monitor_execution:392 - [2m2025-09-24T05:08:07.425031Z[0m [[32m[1minfo     [0m] [1m📊 Execution progress          [0m [[0m[1m[34mconnector[0m][0m [36mactive_workers[0m=[35m3[0m [36mcommands_executed[0m=[35m45[0m [36mqueue_size[0m=[35m0[0m [36mrecords_processed[0m=[35m4606[0m
2025-09-24 10:38:17,445 - connector - INFO - _monitor_execution:392 - [2m2025-09-24T05:08:17.445871Z[0m [[32m[1minfo     [0m] [1m📊 Execution progress          [0m [[0m[1m[34mconnector[0m][0m [36mactive_workers[0m=[35m3[0m [36mcommands_executed[0m=[35m45[0m [36mqueue_size[0m=[35m0[0m [36mrecords_processed[0m=[35m4606[0m
2025-09-24 10:38:27,509 - connector - INFO - _monitor_execution:392 - [2m2025-09-24T05:08:27.509774Z[0m [[32m[1minfo     [0m] [1m📊 Execution progress          [0m [[0m[1m[34mconnector[0m][0m [36mactive_workers[0m=[35m3[0m [36mcommands_executed[0m=[35m45[0m [36mqueue_size[0m=[35m0[0m [36mrecords_processed[0m=[35m4606[0m
2025-09-24 10:38:37,580 - connector - INFO - _monitor_execution:392 - [2m2025-09-24T05:08:37.580505Z[0m [[32m[1minfo     [0m] [1m📊 Execution progress          [0m [[0m[1m[34mconnector[0m][0m [36mactive_workers[0m=[35m3[0m [36mcommands_executed[0m=[35m45[0m [36mqueue_size[0m=[35m0[0m [36mrecords_processed[0m=[35m4606[0m
2025-09-24 10:38:47,632 - connector - INFO - _monitor_execution:392 - [2m2025-09-24T05:08:47.632522Z[0m [[32m[1minfo     [0m] [1m📊 Execution progress          [0m [[0m[1m[34mconnector[0m][0m [36mactive_workers[0m=[35m3[0m [36mcommands_executed[0m=[35m45[0m [36mqueue_size[0m=[35m0[0m [36mrecords_processed[0m=[35m4606[0m
2025-09-24 10:38:57,695 - connector - INFO - _monitor_execution:392 - [2m2025-09-24T05:08:57.695862Z[0m [[32m[1minfo     [0m] [1m📊 Execution progress          [0m [[0m[1m[34mconnector[0m][0m [36mactive_workers[0m=[35m3[0m [36mcommands_executed[0m=[35m45[0m [36mqueue_size[0m=[35m0[0m [36mrecords_processed[0m=[35m4606[0m
2025-09-24 10:39:07,761 - connector - INFO - _monitor_execution:392 - [2m2025-09-24T05:09:07.760681Z[0m [[32m[1minfo     [0m] [1m📊 Execution progress          [0m [[0m[1m[34mconnector[0m][0m [36mactive_workers[0m=[35m3[0m [36mcommands_executed[0m=[35m45[0m [36mqueue_size[0m=[35m0[0m [36mrecords_processed[0m=[35m4606[0m
2025-09-24 10:39:17,847 - connector - INFO - _monitor_execution:392 - [2m2025-09-24T05:09:17.847416Z[0m [[32m[1minfo     [0m] [1m📊 Execution progress          [0m [[0m[1m[34mconnector[0m][0m [36mactive_workers[0m=[35m3[0m [36mcommands_executed[0m=[35m45[0m [36mqueue_size[0m=[35m0[0m [36mrecords_processed[0m=[35m4606[0m
2025-09-24 10:39:27,928 - connector - INFO - _monitor_execution:392 - [2m2025-09-24T05:09:27.928381Z[0m [[32m[1minfo     [0m] [1m📊 Execution progress          [0m [[0m[1m[34mconnector[0m][0m [36mactive_workers[0m=[35m3[0m [36mcommands_executed[0m=[35m45[0m [36mqueue_size[0m=[35m0[0m [36mrecords_processed[0m=[35m4606[0m
2025-09-24 10:39:37,963 - connector - INFO - _monitor_execution:392 - [2m2025-09-24T05:09:37.963143Z[0m [[32m[1minfo     [0m] [1m📊 Execution progress          [0m [[0m[1m[34mconnector[0m][0m [36mactive_workers[0m=[35m3[0m [36mcommands_executed[0m=[35m45[0m [36mqueue_size[0m=[35m0[0m [36mrecords_processed[0m=[35m4606[0m
2025-09-24 10:39:48,028 - connector - INFO - _monitor_execution:392 - [2m2025-09-24T05:09:48.028498Z[0m [[32m[1minfo     [0m] [1m📊 Execution progress          [0m [[0m[1m[34mconnector[0m][0m [36mactive_workers[0m=[35m3[0m [36mcommands_executed[0m=[35m45[0m [36mqueue_size[0m=[35m0[0m [36mrecords_processed[0m=[35m4606[0m
2025-09-24 10:39:58,078 - connector - INFO - _monitor_execution:392 - [2m2025-09-24T05:09:58.078593Z[0m [[32m[1minfo     [0m] [1m📊 Execution progress          [0m [[0m[1m[34mconnector[0m][0m [36mactive_workers[0m=[35m3[0m [36mcommands_executed[0m=[35m45[0m [36mqueue_size[0m=[35m0[0m [36mrecords_processed[0m=[35m4606[0m
2025-09-24 10:40:08,129 - connector - INFO - _monitor_execution:392 - [2m2025-09-24T05:10:08.129644Z[0m [[32m[1minfo     [0m] [1m📊 Execution progress          [0m [[0m[1m[34mconnector[0m][0m [36mactive_workers[0m=[35m3[0m [36mcommands_executed[0m=[35m45[0m [36mqueue_size[0m=[35m0[0m [36mrecords_processed[0m=[35m4606[0m
2025-09-24 10:40:18,184 - connector - INFO - _monitor_execution:392 - [2m2025-09-24T05:10:18.184062Z[0m [[32m[1minfo     [0m] [1m📊 Execution progress          [0m [[0m[1m[34mconnector[0m][0m [36mactive_workers[0m=[35m3[0m [36mcommands_executed[0m=[35m45[0m [36mqueue_size[0m=[35m0[0m [36mrecords_processed[0m=[35m4606[0m
2025-09-24 10:40:28,263 - connector - INFO - _monitor_execution:392 - [2m2025-09-24T05:10:28.263233Z[0m [[32m[1minfo     [0m] [1m📊 Execution progress          [0m [[0m[1m[34mconnector[0m][0m [36mactive_workers[0m=[35m3[0m [36mcommands_executed[0m=[35m45[0m [36mqueue_size[0m=[35m0[0m [36mrecords_processed[0m=[35m4606[0m
2025-09-24 10:40:38,305 - connector - INFO - _monitor_execution:392 - [2m2025-09-24T05:10:38.305085Z[0m [[32m[1minfo     [0m] [1m📊 Execution progress          [0m [[0m[1m[34mconnector[0m][0m [36mactive_workers[0m=[35m3[0m [36mcommands_executed[0m=[35m45[0m [36mqueue_size[0m=[35m0[0m [36mrecords_processed[0m=[35m4606[0m
2025-09-24 10:40:48,366 - connector - INFO - _monitor_execution:392 - [2m2025-09-24T05:10:48.366209Z[0m [[32m[1minfo     [0m] [1m📊 Execution progress          [0m [[0m[1m[34mconnector[0m][0m [36mactive_workers[0m=[35m3[0m [36mcommands_executed[0m=[35m45[0m [36mqueue_size[0m=[35m0[0m [36mrecords_processed[0m=[35m4606[0m
2025-09-24 10:40:58,418 - connector - INFO - _monitor_execution:392 - [2m2025-09-24T05:10:58.418789Z[0m [[32m[1minfo     [0m] [1m📊 Execution progress          [0m [[0m[1m[34mconnector[0m][0m [36mactive_workers[0m=[35m3[0m [36mcommands_executed[0m=[35m45[0m [36mqueue_size[0m=[35m0[0m [36mrecords_processed[0m=[35m4606[0m
2025-09-24 10:41:08,481 - connector - INFO - _monitor_execution:392 - [2m2025-09-24T05:11:08.481835Z[0m [[32m[1minfo     [0m] [1m📊 Execution progress          [0m [[0m[1m[34mconnector[0m][0m [36mactive_workers[0m=[35m3[0m [36mcommands_executed[0m=[35m45[0m [36mqueue_size[0m=[35m0[0m [36mrecords_processed[0m=[35m4606[0m
2025-09-24 10:41:18,547 - connector - INFO - _monitor_execution:392 - [2m2025-09-24T05:11:18.546671Z[0m [[32m[1minfo     [0m] [1m📊 Execution progress          [0m [[0m[1m[34mconnector[0m][0m [36mactive_workers[0m=[35m3[0m [36mcommands_executed[0m=[35m45[0m [36mqueue_size[0m=[35m0[0m [36mrecords_processed[0m=[35m4606[0m
2025-09-24 10:41:28,598 - connector - INFO - _monitor_execution:392 - [2m2025-09-24T05:11:28.598541Z[0m [[32m[1minfo     [0m] [1m📊 Execution progress          [0m [[0m[1m[34mconnector[0m][0m [36mactive_workers[0m=[35m3[0m [36mcommands_executed[0m=[35m45[0m [36mqueue_size[0m=[35m0[0m [36mrecords_processed[0m=[35m4606[0m
2025-09-24 10:41:38,685 - connector - INFO - _monitor_execution:392 - [2m2025-09-24T05:11:38.685727Z[0m [[32m[1minfo     [0m] [1m📊 Execution progress          [0m [[0m[1m[34mconnector[0m][0m [36mactive_workers[0m=[35m3[0m [36mcommands_executed[0m=[35m45[0m [36mqueue_size[0m=[35m0[0m [36mrecords_processed[0m=[35m4606[0m
2025-09-24 10:41:48,793 - connector - INFO - _monitor_execution:392 - [2m2025-09-24T05:11:48.793833Z[0m [[32m[1minfo     [0m] [1m📊 Execution progress          [0m [[0m[1m[34mconnector[0m][0m [36mactive_workers[0m=[35m3[0m [36mcommands_executed[0m=[35m45[0m [36mqueue_size[0m=[35m0[0m [36mrecords_processed[0m=[35m4606[0m
2025-09-24 10:41:58,860 - connector - INFO - _monitor_execution:392 - [2m2025-09-24T05:11:58.860931Z[0m [[32m[1minfo     [0m] [1m📊 Execution progress          [0m [[0m[1m[34mconnector[0m][0m [36mactive_workers[0m=[35m3[0m [36mcommands_executed[0m=[35m45[0m [36mqueue_size[0m=[35m0[0m [36mrecords_processed[0m=[35m4606[0m
2025-09-24 10:42:08,929 - connector - INFO - _monitor_execution:392 - [2m2025-09-24T05:12:08.929105Z[0m [[32m[1minfo     [0m] [1m📊 Execution progress          [0m [[0m[1m[34mconnector[0m][0m [36mactive_workers[0m=[35m3[0m [36mcommands_executed[0m=[35m45[0m [36mqueue_size[0m=[35m0[0m [36mrecords_processed[0m=[35m4606[0m
2025-09-24 10:42:19,018 - connector - INFO - _monitor_execution:392 - [2m2025-09-24T05:12:19.018958Z[0m [[32m[1minfo     [0m] [1m📊 Execution progress          [0m [[0m[1m[34mconnector[0m][0m [36mactive_workers[0m=[35m3[0m [36mcommands_executed[0m=[35m45[0m [36mqueue_size[0m=[35m0[0m [36mrecords_processed[0m=[35m4606[0m
2025-09-24 10:42:29,101 - connector - INFO - _monitor_execution:392 - [2m2025-09-24T05:12:29.101749Z[0m [[32m[1minfo     [0m] [1m📊 Execution progress          [0m [[0m[1m[34mconnector[0m][0m [36mactive_workers[0m=[35m3[0m [36mcommands_executed[0m=[35m45[0m [36mqueue_size[0m=[35m0[0m [36mrecords_processed[0m=[35m4606[0m
2025-09-24 10:42:39,163 - connector - INFO - _monitor_execution:392 - [2m2025-09-24T05:12:39.163414Z[0m [[32m[1minfo     [0m] [1m📊 Execution progress          [0m [[0m[1m[34mconnector[0m][0m [36mactive_workers[0m=[35m3[0m [36mcommands_executed[0m=[35m45[0m [36mqueue_size[0m=[35m0[0m [36mrecords_processed[0m=[35m4606[0m
2025-09-24 10:42:49,262 - connector - INFO - _monitor_execution:392 - [2m2025-09-24T05:12:49.262342Z[0m [[32m[1minfo     [0m] [1m📊 Execution progress          [0m [[0m[1m[34mconnector[0m][0m [36mactive_workers[0m=[35m3[0m [36mcommands_executed[0m=[35m45[0m [36mqueue_size[0m=[35m0[0m [36mrecords_processed[0m=[35m4606[0m
2025-09-24 10:42:59,340 - connector - INFO - _monitor_execution:392 - [2m2025-09-24T05:12:59.340343Z[0m [[32m[1minfo     [0m] [1m📊 Execution progress          [0m [[0m[1m[34mconnector[0m][0m [36mactive_workers[0m=[35m3[0m [36mcommands_executed[0m=[35m45[0m [36mqueue_size[0m=[35m0[0m [36mrecords_processed[0m=[35m4606[0m
2025-09-24 10:43:09,423 - connector - INFO - _monitor_execution:392 - [2m2025-09-24T05:13:09.423708Z[0m [[32m[1minfo     [0m] [1m📊 Execution progress          [0m [[0m[1m[34mconnector[0m][0m [36mactive_workers[0m=[35m3[0m [36mcommands_executed[0m=[35m45[0m [36mqueue_size[0m=[35m0[0m [36mrecords_processed[0m=[35m4606[0m
2025-09-24 10:43:19,499 - connector - INFO - _monitor_execution:392 - [2m2025-09-24T05:13:19.499365Z[0m [[32m[1minfo     [0m] [1m📊 Execution progress          [0m [[0m[1m[34mconnector[0m][0m [36mactive_workers[0m=[35m3[0m [36mcommands_executed[0m=[35m45[0m [36mqueue_size[0m=[35m0[0m [36mrecords_processed[0m=[35m4606[0m
2025-09-24 10:43:29,592 - connector - INFO - _monitor_execution:392 - [2m2025-09-24T05:13:29.592088Z[0m [[32m[1minfo     [0m] [1m📊 Execution progress          [0m [[0m[1m[34mconnector[0m][0m [36mactive_workers[0m=[35m3[0m [36mcommands_executed[0m=[35m45[0m [36mqueue_size[0m=[35m0[0m [36mrecords_processed[0m=[35m4606[0m
2025-09-24 10:43:39,647 - connector - INFO - _monitor_execution:392 - [2m2025-09-24T05:13:39.647079Z[0m [[32m[1minfo     [0m] [1m📊 Execution progress          [0m [[0m[1m[34mconnector[0m][0m [36mactive_workers[0m=[35m3[0m [36mcommands_executed[0m=[35m45[0m [36mqueue_size[0m=[35m0[0m [36mrecords_processed[0m=[35m4606[0m
2025-09-24 10:43:49,716 - connector - INFO - _monitor_execution:392 - [2m2025-09-24T05:13:49.716321Z[0m [[32m[1minfo     [0m] [1m📊 Execution progress          [0m [[0m[1m[34mconnector[0m][0m [36mactive_workers[0m=[35m3[0m [36mcommands_executed[0m=[35m45[0m [36mqueue_size[0m=[35m0[0m [36mrecords_processed[0m=[35m4606[0m
2025-09-24 10:43:59,801 - connector - INFO - _monitor_execution:392 - [2m2025-09-24T05:13:59.800459Z[0m [[32m[1minfo     [0m] [1m📊 Execution progress          [0m [[0m[1m[34mconnector[0m][0m [36mactive_workers[0m=[35m3[0m [36mcommands_executed[0m=[35m45[0m [36mqueue_size[0m=[35m0[0m [36mrecords_processed[0m=[35m4606[0m
2025-09-24 10:44:09,881 - connector - INFO - _monitor_execution:392 - [2m2025-09-24T05:14:09.881814Z[0m [[32m[1minfo     [0m] [1m📊 Execution progress          [0m [[0m[1m[34mconnector[0m][0m [36mactive_workers[0m=[35m3[0m [36mcommands_executed[0m=[35m45[0m [36mqueue_size[0m=[35m0[0m [36mrecords_processed[0m=[35m4606[0m
2025-09-24 10:44:19,944 - connector - INFO - _monitor_execution:392 - [2m2025-09-24T05:14:19.944831Z[0m [[32m[1minfo     [0m] [1m📊 Execution progress          [0m [[0m[1m[34mconnector[0m][0m [36mactive_workers[0m=[35m3[0m [36mcommands_executed[0m=[35m45[0m [36mqueue_size[0m=[35m0[0m [36mrecords_processed[0m=[35m4606[0m
2025-09-24 10:44:30,001 - connector - INFO - _monitor_execution:392 - [2m2025-09-24T05:14:30.001585Z[0m [[32m[1minfo     [0m] [1m📊 Execution progress          [0m [[0m[1m[34mconnector[0m][0m [36mactive_workers[0m=[35m3[0m [36mcommands_executed[0m=[35m45[0m [36mqueue_size[0m=[35m0[0m [36mrecords_processed[0m=[35m4606[0m
2025-09-24 11:15:37,430 - connector - INFO - _monitor_execution:392 - [2m2025-09-24T05:45:37.428929Z[0m [[32m[1minfo     [0m] [1m📊 Execution progress          [0m [[0m[1m[34mconnector[0m][0m [36mactive_workers[0m=[35m3[0m [36mcommands_executed[0m=[35m45[0m [36mqueue_size[0m=[35m0[0m [36mrecords_processed[0m=[35m4606[0m
2025-09-24 11:15:47,725 - connector - INFO - _monitor_execution:392 - [2m2025-09-24T05:45:47.724874Z[0m [[32m[1minfo     [0m] [1m📊 Execution progress          [0m [[0m[1m[34mconnector[0m][0m [36mactive_workers[0m=[35m3[0m [36mcommands_executed[0m=[35m45[0m [36mqueue_size[0m=[35m0[0m [36mrecords_processed[0m=[35m4606[0m
2025-09-24 11:15:57,808 - connector - INFO - _monitor_execution:392 - [2m2025-09-24T05:45:57.807943Z[0m [[32m[1minfo     [0m] [1m📊 Execution progress          [0m [[0m[1m[34mconnector[0m][0m [36mactive_workers[0m=[35m3[0m [36mcommands_executed[0m=[35m45[0m [36mqueue_size[0m=[35m0[0m [36mrecords_processed[0m=[35m4606[0m
2025-09-24 11:16:07,884 - connector - INFO - _monitor_execution:392 - [2m2025-09-24T05:46:07.883030Z[0m [[32m[1minfo     [0m] [1m📊 Execution progress          [0m [[0m[1m[34mconnector[0m][0m [36mactive_workers[0m=[35m3[0m [36mcommands_executed[0m=[35m45[0m [36mqueue_size[0m=[35m0[0m [36mrecords_processed[0m=[35m4606[0m
2025-09-24 11:16:17,951 - connector - INFO - _monitor_execution:392 - [2m2025-09-24T05:46:17.951890Z[0m [[32m[1minfo     [0m] [1m📊 Execution progress          [0m [[0m[1m[34mconnector[0m][0m [36mactive_workers[0m=[35m3[0m [36mcommands_executed[0m=[35m45[0m [36mqueue_size[0m=[35m0[0m [36mrecords_processed[0m=[35m4606[0m
2025-09-24 11:16:28,015 - connector - INFO - _monitor_execution:392 - [2m2025-09-24T05:46:28.014719Z[0m [[32m[1minfo     [0m] [1m📊 Execution progress          [0m [[0m[1m[34mconnector[0m][0m [36mactive_workers[0m=[35m3[0m [36mcommands_executed[0m=[35m45[0m [36mqueue_size[0m=[35m0[0m [36mrecords_processed[0m=[35m4606[0m
2025-09-24 11:16:38,103 - connector - INFO - _monitor_execution:392 - [2m2025-09-24T05:46:38.103501Z[0m [[32m[1minfo     [0m] [1m📊 Execution progress          [0m [[0m[1m[34mconnector[0m][0m [36mactive_workers[0m=[35m3[0m [36mcommands_executed[0m=[35m45[0m [36mqueue_size[0m=[35m0[0m [36mrecords_processed[0m=[35m4606[0m
2025-09-24 11:16:48,198 - connector - INFO - _monitor_execution:392 - [2m2025-09-24T05:46:48.198019Z[0m [[32m[1minfo     [0m] [1m📊 Execution progress          [0m [[0m[1m[34mconnector[0m][0m [36mactive_workers[0m=[35m3[0m [36mcommands_executed[0m=[35m45[0m [36mqueue_size[0m=[35m0[0m [36mrecords_processed[0m=[35m4606[0m
2025-09-24 11:16:58,300 - connector - INFO - _monitor_execution:392 - [2m2025-09-24T05:46:58.300528Z[0m [[32m[1minfo     [0m] [1m📊 Execution progress          [0m [[0m[1m[34mconnector[0m][0m [36mactive_workers[0m=[35m3[0m [36mcommands_executed[0m=[35m45[0m [36mqueue_size[0m=[35m0[0m [36mrecords_processed[0m=[35m4606[0m
2025-09-24 11:17:08,369 - connector - INFO - _monitor_execution:392 - [2m2025-09-24T05:47:08.369965Z[0m [[32m[1minfo     [0m] [1m📊 Execution progress          [0m [[0m[1m[34mconnector[0m][0m [36mactive_workers[0m=[35m3[0m [36mcommands_executed[0m=[35m45[0m [36mqueue_size[0m=[35m0[0m [36mrecords_processed[0m=[35m4606[0m
2025-09-24 11:17:18,460 - connector - INFO - _monitor_execution:392 - [2m2025-09-24T05:47:18.460160Z[0m [[32m[1minfo     [0m] [1m📊 Execution progress          [0m [[0m[1m[34mconnector[0m][0m [36mactive_workers[0m=[35m3[0m [36mcommands_executed[0m=[35m45[0m [36mqueue_size[0m=[35m0[0m [36mrecords_processed[0m=[35m4606[0m
2025-09-24 11:17:28,534 - connector - INFO - _monitor_execution:392 - [2m2025-09-24T05:47:28.534523Z[0m [[32m[1minfo     [0m] [1m📊 Execution progress          [0m [[0m[1m[34mconnector[0m][0m [36mactive_workers[0m=[35m3[0m [36mcommands_executed[0m=[35m45[0m [36mqueue_size[0m=[35m0[0m [36mrecords_processed[0m=[35m4606[0m
2025-09-24 11:17:38,636 - connector - INFO - _monitor_execution:392 - [2m2025-09-24T05:47:38.636757Z[0m [[32m[1minfo     [0m] [1m📊 Execution progress          [0m [[0m[1m[34mconnector[0m][0m [36mactive_workers[0m=[35m3[0m [36mcommands_executed[0m=[35m45[0m [36mqueue_size[0m=[35m0[0m [36mrecords_processed[0m=[35m4606[0m
2025-09-24 11:17:48,727 - connector - INFO - _monitor_execution:392 - [2m2025-09-24T05:47:48.727736Z[0m [[32m[1minfo     [0m] [1m📊 Execution progress          [0m [[0m[1m[34mconnector[0m][0m [36mactive_workers[0m=[35m3[0m [36mcommands_executed[0m=[35m45[0m [36mqueue_size[0m=[35m0[0m [36mrecords_processed[0m=[35m4606[0m
2025-09-24 11:17:58,814 - connector - INFO - _monitor_execution:392 - [2m2025-09-24T05:47:58.814918Z[0m [[32m[1minfo     [0m] [1m📊 Execution progress          [0m [[0m[1m[34mconnector[0m][0m [36mactive_workers[0m=[35m3[0m [36mcommands_executed[0m=[35m45[0m [36mqueue_size[0m=[35m0[0m [36mrecords_processed[0m=[35m4606[0m
2025-09-24 11:18:08,902 - connector - INFO - _monitor_execution:392 - [2m2025-09-24T05:48:08.902289Z[0m [[32m[1minfo     [0m] [1m📊 Execution progress          [0m [[0m[1m[34mconnector[0m][0m [36mactive_workers[0m=[35m3[0m [36mcommands_executed[0m=[35m45[0m [36mqueue_size[0m=[35m0[0m [36mrecords_processed[0m=[35m4606[0m
2025-09-24 11:18:18,956 - connector - INFO - _monitor_execution:392 - [2m2025-09-24T05:48:18.956925Z[0m [[32m[1minfo     [0m] [1m📊 Execution progress          [0m [[0m[1m[34mconnector[0m][0m [36mactive_workers[0m=[35m3[0m [36mcommands_executed[0m=[35m45[0m [36mqueue_size[0m=[35m0[0m [36mrecords_processed[0m=[35m4606[0m
2025-09-24 11:18:29,036 - connector - INFO - _monitor_execution:392 - [2m2025-09-24T05:48:29.036402Z[0m [[32m[1minfo     [0m] [1m📊 Execution progress          [0m [[0m[1m[34mconnector[0m][0m [36mactive_workers[0m=[35m3[0m [36mcommands_executed[0m=[35m45[0m [36mqueue_size[0m=[35m0[0m [36mrecords_processed[0m=[35m4606[0m
2025-09-24 11:18:39,110 - connector - INFO - _monitor_execution:392 - [2m2025-09-24T05:48:39.110034Z[0m [[32m[1minfo     [0m] [1m📊 Execution progress          [0m [[0m[1m[34mconnector[0m][0m [36mactive_workers[0m=[35m3[0m [36mcommands_executed[0m=[35m45[0m [36mqueue_size[0m=[35m0[0m [36mrecords_processed[0m=[35m4606[0m
2025-09-24 11:18:49,216 - connector - INFO - _monitor_execution:392 - [2m2025-09-24T05:48:49.216452Z[0m [[32m[1minfo     [0m] [1m📊 Execution progress          [0m [[0m[1m[34mconnector[0m][0m [36mactive_workers[0m=[35m3[0m [36mcommands_executed[0m=[35m45[0m [36mqueue_size[0m=[35m0[0m [36mrecords_processed[0m=[35m4606[0m
2025-09-24 11:18:59,301 - connector - INFO - _monitor_execution:392 - [2m2025-09-24T05:48:59.301878Z[0m [[32m[1minfo     [0m] [1m📊 Execution progress          [0m [[0m[1m[34mconnector[0m][0m [36mactive_workers[0m=[35m3[0m [36mcommands_executed[0m=[35m45[0m [36mqueue_size[0m=[35m0[0m [36mrecords_processed[0m=[35m4606[0m
2025-09-24 11:19:09,370 - connector - INFO - _monitor_execution:392 - [2m2025-09-24T05:49:09.370248Z[0m [[32m[1minfo     [0m] [1m📊 Execution progress          [0m [[0m[1m[34mconnector[0m][0m [36mactive_workers[0m=[35m3[0m [36mcommands_executed[0m=[35m45[0m [36mqueue_size[0m=[35m0[0m [36mrecords_processed[0m=[35m4606[0m
2025-09-24 11:19:19,392 - connector - INFO - _monitor_execution:392 - [2m2025-09-24T05:49:19.391915Z[0m [[32m[1minfo     [0m] [1m📊 Execution progress          [0m [[0m[1m[34mconnector[0m][0m [36mactive_workers[0m=[35m3[0m [36mcommands_executed[0m=[35m45[0m [36mqueue_size[0m=[35m0[0m [36mrecords_processed[0m=[35m4606[0m
2025-09-24 11:19:29,469 - connector - INFO - _monitor_execution:392 - [2m2025-09-24T05:49:29.468254Z[0m [[32m[1minfo     [0m] [1m📊 Execution progress          [0m [[0m[1m[34mconnector[0m][0m [36mactive_workers[0m=[35m3[0m [36mcommands_executed[0m=[35m45[0m [36mqueue_size[0m=[35m0[0m [36mrecords_processed[0m=[35m4606[0m
2025-09-24 11:19:39,533 - connector - INFO - _monitor_execution:392 - [2m2025-09-24T05:49:39.533486Z[0m [[32m[1minfo     [0m] [1m📊 Execution progress          [0m [[0m[1m[34mconnector[0m][0m [36mactive_workers[0m=[35m3[0m [36mcommands_executed[0m=[35m45[0m [36mqueue_size[0m=[35m0[0m [36mrecords_processed[0m=[35m4606[0m
2025-09-24 11:19:49,606 - connector - INFO - _monitor_execution:392 - [2m2025-09-24T05:49:49.606873Z[0m [[32m[1minfo     [0m] [1m📊 Execution progress          [0m [[0m[1m[34mconnector[0m][0m [36mactive_workers[0m=[35m3[0m [36mcommands_executed[0m=[35m45[0m [36mqueue_size[0m=[35m0[0m [36mrecords_processed[0m=[35m4606[0m
2025-09-24 11:19:59,724 - connector - INFO - _monitor_execution:392 - [2m2025-09-24T05:49:59.724790Z[0m [[32m[1minfo     [0m] [1m📊 Execution progress          [0m [[0m[1m[34mconnector[0m][0m [36mactive_workers[0m=[35m3[0m [36mcommands_executed[0m=[35m45[0m [36mqueue_size[0m=[35m0[0m [36mrecords_processed[0m=[35m4606[0m
2025-09-24 11:20:09,797 - connector - INFO - _monitor_execution:392 - [2m2025-09-24T05:50:09.797667Z[0m [[32m[1minfo     [0m] [1m📊 Execution progress          [0m [[0m[1m[34mconnector[0m][0m [36mactive_workers[0m=[35m3[0m [36mcommands_executed[0m=[35m45[0m [36mqueue_size[0m=[35m0[0m [36mrecords_processed[0m=[35m4606[0m
2025-09-24 11:20:19,921 - connector - INFO - _monitor_execution:392 - [2m2025-09-24T05:50:19.921620Z[0m [[32m[1minfo     [0m] [1m📊 Execution progress          [0m [[0m[1m[34mconnector[0m][0m [36mactive_workers[0m=[35m3[0m [36mcommands_executed[0m=[35m45[0m [36mqueue_size[0m=[35m0[0m [36mrecords_processed[0m=[35m4606[0m
2025-09-24 11:20:30,004 - connector - INFO - _monitor_execution:392 - [2m2025-09-24T05:50:30.004650Z[0m [[32m[1minfo     [0m] [1m📊 Execution progress          [0m [[0m[1m[34mconnector[0m][0m [36mactive_workers[0m=[35m3[0m [36mcommands_executed[0m=[35m45[0m [36mqueue_size[0m=[35m0[0m [36mrecords_processed[0m=[35m4606[0m
2025-09-24 11:20:40,103 - connector - INFO - _monitor_execution:392 - [2m2025-09-24T05:50:40.103606Z[0m [[32m[1minfo     [0m] [1m📊 Execution progress          [0m [[0m[1m[34mconnector[0m][0m [36mactive_workers[0m=[35m3[0m [36mcommands_executed[0m=[35m45[0m [36mqueue_size[0m=[35m0[0m [36mrecords_processed[0m=[35m4606[0m
2025-09-24 11:20:50,205 - connector - INFO - _monitor_execution:392 - [2m2025-09-24T05:50:50.205143Z[0m [[32m[1minfo     [0m] [1m📊 Execution progress          [0m [[0m[1m[34mconnector[0m][0m [36mactive_workers[0m=[35m3[0m [36mcommands_executed[0m=[35m45[0m [36mqueue_size[0m=[35m0[0m [36mrecords_processed[0m=[35m4606[0m
2025-09-24 11:21:00,251 - connector - INFO - _monitor_execution:392 - [2m2025-09-24T05:51:00.250279Z[0m [[32m[1minfo     [0m] [1m📊 Execution progress          [0m [[0m[1m[34mconnector[0m][0m [36mactive_workers[0m=[35m3[0m [36mcommands_executed[0m=[35m45[0m [36mqueue_size[0m=[35m0[0m [36mrecords_processed[0m=[35m4606[0m
2025-09-24 11:21:10,350 - connector - INFO - _monitor_execution:392 - [2m2025-09-24T05:51:10.349773Z[0m [[32m[1minfo     [0m] [1m📊 Execution progress          [0m [[0m[1m[34mconnector[0m][0m [36mactive_workers[0m=[35m3[0m [36mcommands_executed[0m=[35m45[0m [36mqueue_size[0m=[35m0[0m [36mrecords_processed[0m=[35m4606[0m
2025-09-24 11:21:20,476 - connector - INFO - _monitor_execution:392 - [2m2025-09-24T05:51:20.475809Z[0m [[32m[1minfo     [0m] [1m📊 Execution progress          [0m [[0m[1m[34mconnector[0m][0m [36mactive_workers[0m=[35m3[0m [36mcommands_executed[0m=[35m45[0m [36mqueue_size[0m=[35m0[0m [36mrecords_processed[0m=[35m4606[0m
2025-09-24 11:21:30,581 - connector - INFO - _monitor_execution:392 - [2m2025-09-24T05:51:30.581569Z[0m [[32m[1minfo     [0m] [1m📊 Execution progress          [0m [[0m[1m[34mconnector[0m][0m [36mactive_workers[0m=[35m3[0m [36mcommands_executed[0m=[35m45[0m [36mqueue_size[0m=[35m0[0m [36mrecords_processed[0m=[35m4606[0m
2025-09-24 11:21:40,700 - connector - INFO - _monitor_execution:392 - [2m2025-09-24T05:51:40.700212Z[0m [[32m[1minfo     [0m] [1m📊 Execution progress          [0m [[0m[1m[34mconnector[0m][0m [36mactive_workers[0m=[35m3[0m [36mcommands_executed[0m=[35m45[0m [36mqueue_size[0m=[35m0[0m [36mrecords_processed[0m=[35m4606[0m
2025-09-24 11:21:50,796 - connector - INFO - _monitor_execution:392 - [2m2025-09-24T05:51:50.796831Z[0m [[32m[1minfo     [0m] [1m📊 Execution progress          [0m [[0m[1m[34mconnector[0m][0m [36mactive_workers[0m=[35m3[0m [36mcommands_executed[0m=[35m45[0m [36mqueue_size[0m=[35m0[0m [36mrecords_processed[0m=[35m4606[0m
2025-09-24 11:22:00,851 - connector - INFO - _monitor_execution:392 - [2m2025-09-24T05:52:00.851307Z[0m [[32m[1minfo     [0m] [1m📊 Execution progress          [0m [[0m[1m[34mconnector[0m][0m [36mactive_workers[0m=[35m3[0m [36mcommands_executed[0m=[35m45[0m [36mqueue_size[0m=[35m0[0m [36mrecords_processed[0m=[35m4606[0m
2025-09-24 11:22:10,948 - connector - INFO - _monitor_execution:392 - [2m2025-09-24T05:52:10.948207Z[0m [[32m[1minfo     [0m] [1m📊 Execution progress          [0m [[0m[1m[34mconnector[0m][0m [36mactive_workers[0m=[35m3[0m [36mcommands_executed[0m=[35m45[0m [36mqueue_size[0m=[35m0[0m [36mrecords_processed[0m=[35m4606[0m
2025-09-24 11:22:21,048 - connector - INFO - _monitor_execution:392 - [2m2025-09-24T05:52:21.048540Z[0m [[32m[1minfo     [0m] [1m📊 Execution progress          [0m [[0m[1m[34mconnector[0m][0m [36mactive_workers[0m=[35m3[0m [36mcommands_executed[0m=[35m45[0m [36mqueue_size[0m=[35m0[0m [36mrecords_processed[0m=[35m4606[0m
2025-09-24 11:22:31,080 - connector - INFO - _monitor_execution:392 - [2m2025-09-24T05:52:31.080910Z[0m [[32m[1minfo     [0m] [1m📊 Execution progress          [0m [[0m[1m[34mconnector[0m][0m [36mactive_workers[0m=[35m3[0m [36mcommands_executed[0m=[35m45[0m [36mqueue_size[0m=[35m0[0m [36mrecords_processed[0m=[35m4606[0m
2025-09-24 11:22:41,163 - connector - INFO - _monitor_execution:392 - [2m2025-09-24T05:52:41.163651Z[0m [[32m[1minfo     [0m] [1m📊 Execution progress          [0m [[0m[1m[34mconnector[0m][0m [36mactive_workers[0m=[35m3[0m [36mcommands_executed[0m=[35m45[0m [36mqueue_size[0m=[35m0[0m [36mrecords_processed[0m=[35m4606[0m
2025-09-24 11:22:51,264 - connector - INFO - _monitor_execution:392 - [2m2025-09-24T05:52:51.264005Z[0m [[32m[1minfo     [0m] [1m📊 Execution progress          [0m [[0m[1m[34mconnector[0m][0m [36mactive_workers[0m=[35m3[0m [36mcommands_executed[0m=[35m45[0m [36mqueue_size[0m=[35m0[0m [36mrecords_processed[0m=[35m4606[0m
2025-09-24 11:23:01,371 - connector - INFO - _monitor_execution:392 - [2m2025-09-24T05:53:01.371366Z[0m [[32m[1minfo     [0m] [1m📊 Execution progress          [0m [[0m[1m[34mconnector[0m][0m [36mactive_workers[0m=[35m3[0m [36mcommands_executed[0m=[35m45[0m [36mqueue_size[0m=[35m0[0m [36mrecords_processed[0m=[35m4606[0m
2025-09-24 11:23:11,422 - connector - INFO - _monitor_execution:392 - [2m2025-09-24T05:53:11.422066Z[0m [[32m[1minfo     [0m] [1m📊 Execution progress          [0m [[0m[1m[34mconnector[0m][0m [36mactive_workers[0m=[35m3[0m [36mcommands_executed[0m=[35m45[0m [36mqueue_size[0m=[35m0[0m [36mrecords_processed[0m=[35m4606[0m
2025-09-24 11:23:21,497 - connector - INFO - _monitor_execution:392 - [2m2025-09-24T05:53:21.497087Z[0m [[32m[1minfo     [0m] [1m📊 Execution progress          [0m [[0m[1m[34mconnector[0m][0m [36mactive_workers[0m=[35m3[0m [36mcommands_executed[0m=[35m45[0m [36mqueue_size[0m=[35m0[0m [36mrecords_processed[0m=[35m4606[0m
2025-09-24 11:23:31,526 - connector - INFO - _monitor_execution:392 - [2m2025-09-24T05:53:31.525398Z[0m [[32m[1minfo     [0m] [1m📊 Execution progress          [0m [[0m[1m[34mconnector[0m][0m [36mactive_workers[0m=[35m3[0m [36mcommands_executed[0m=[35m45[0m [36mqueue_size[0m=[35m0[0m [36mrecords_processed[0m=[35m4606[0m
2025-09-24 11:23:41,637 - connector - INFO - _monitor_execution:392 - [2m2025-09-24T05:53:41.637576Z[0m [[32m[1minfo     [0m] [1m📊 Execution progress          [0m [[0m[1m[34mconnector[0m][0m [36mactive_workers[0m=[35m3[0m [36mcommands_executed[0m=[35m45[0m [36mqueue_size[0m=[35m0[0m [36mrecords_processed[0m=[35m4606[0m
2025-09-24 11:23:51,721 - connector - INFO - _monitor_execution:392 - [2m2025-09-24T05:53:51.721688Z[0m [[32m[1minfo     [0m] [1m📊 Execution progress          [0m [[0m[1m[34mconnector[0m][0m [36mactive_workers[0m=[35m3[0m [36mcommands_executed[0m=[35m45[0m [36mqueue_size[0m=[35m0[0m [36mrecords_processed[0m=[35m4606[0m
2025-09-24 11:24:01,829 - connector - INFO - _monitor_execution:392 - [2m2025-09-24T05:54:01.829867Z[0m [[32m[1minfo     [0m] [1m📊 Execution progress          [0m [[0m[1m[34mconnector[0m][0m [36mactive_workers[0m=[35m3[0m [36mcommands_executed[0m=[35m45[0m [36mqueue_size[0m=[35m0[0m [36mrecords_processed[0m=[35m4606[0m
2025-09-24 11:24:11,869 - connector - INFO - _monitor_execution:392 - [2m2025-09-24T05:54:11.869762Z[0m [[32m[1minfo     [0m] [1m📊 Execution progress          [0m [[0m[1m[34mconnector[0m][0m [36mactive_workers[0m=[35m3[0m [36mcommands_executed[0m=[35m45[0m [36mqueue_size[0m=[35m0[0m [36mrecords_processed[0m=[35m4606[0m
2025-09-24 11:24:21,953 - connector - INFO - _monitor_execution:392 - [2m2025-09-24T05:54:21.953296Z[0m [[32m[1minfo     [0m] [1m📊 Execution progress          [0m [[0m[1m[34mconnector[0m][0m [36mactive_workers[0m=[35m3[0m [36mcommands_executed[0m=[35m45[0m [36mqueue_size[0m=[35m0[0m [36mrecords_processed[0m=[35m4606[0m
2025-09-24 11:24:32,054 - connector - INFO - _monitor_execution:392 - [2m2025-09-24T05:54:32.054355Z[0m [[32m[1minfo     [0m] [1m📊 Execution progress          [0m [[0m[1m[34mconnector[0m][0m [36mactive_workers[0m=[35m3[0m [36mcommands_executed[0m=[35m45[0m [36mqueue_size[0m=[35m0[0m [36mrecords_processed[0m=[35m4606[0m
2025-09-24 11:24:42,128 - connector - INFO - _monitor_execution:392 - [2m2025-09-24T05:54:42.128088Z[0m [[32m[1minfo     [0m] [1m📊 Execution progress          [0m [[0m[1m[34mconnector[0m][0m [36mactive_workers[0m=[35m3[0m [36mcommands_executed[0m=[35m45[0m [36mqueue_size[0m=[35m0[0m [36mrecords_processed[0m=[35m4606[0m
2025-09-24 11:24:52,175 - connector - INFO - _monitor_execution:392 - [2m2025-09-24T05:54:52.175713Z[0m [[32m[1minfo     [0m] [1m📊 Execution progress          [0m [[0m[1m[34mconnector[0m][0m [36mactive_workers[0m=[35m3[0m [36mcommands_executed[0m=[35m45[0m [36mqueue_size[0m=[35m0[0m [36mrecords_processed[0m=[35m4606[0m
2025-09-24 11:25:02,294 - connector - INFO - _monitor_execution:392 - [2m2025-09-24T05:55:02.294286Z[0m [[32m[1minfo     [0m] [1m📊 Execution progress          [0m [[0m[1m[34mconnector[0m][0m [36mactive_workers[0m=[35m3[0m [36mcommands_executed[0m=[35m45[0m [36mqueue_size[0m=[35m0[0m [36mrecords_processed[0m=[35m4606[0m
2025-09-24 11:25:12,361 - connector - INFO - _monitor_execution:392 - [2m2025-09-24T05:55:12.361921Z[0m [[32m[1minfo     [0m] [1m📊 Execution progress          [0m [[0m[1m[34mconnector[0m][0m [36mactive_workers[0m=[35m3[0m [36mcommands_executed[0m=[35m45[0m [36mqueue_size[0m=[35m0[0m [36mrecords_processed[0m=[35m4606[0m
2025-09-24 11:25:22,436 - connector - INFO - _monitor_execution:392 - [2m2025-09-24T05:55:22.436068Z[0m [[32m[1minfo     [0m] [1m📊 Execution progress          [0m [[0m[1m[34mconnector[0m][0m [36mactive_workers[0m=[35m3[0m [36mcommands_executed[0m=[35m45[0m [36mqueue_size[0m=[35m0[0m [36mrecords_processed[0m=[35m4606[0m
2025-09-24 11:25:32,460 - connector - INFO - _monitor_execution:392 - [2m2025-09-24T05:55:32.460248Z[0m [[32m[1minfo     [0m] [1m📊 Execution progress          [0m [[0m[1m[34mconnector[0m][0m [36mactive_workers[0m=[35m3[0m [36mcommands_executed[0m=[35m45[0m [36mqueue_size[0m=[35m0[0m [36mrecords_processed[0m=[35m4606[0m
2025-09-24 11:25:42,554 - connector - INFO - _monitor_execution:392 - [2m2025-09-24T05:55:42.553533Z[0m [[32m[1minfo     [0m] [1m📊 Execution progress          [0m [[0m[1m[34mconnector[0m][0m [36mactive_workers[0m=[35m3[0m [36mcommands_executed[0m=[35m45[0m [36mqueue_size[0m=[35m0[0m [36mrecords_processed[0m=[35m4606[0m
2025-09-24 11:25:52,690 - connector - INFO - _monitor_execution:392 - [2m2025-09-24T05:55:52.690466Z[0m [[32m[1minfo     [0m] [1m📊 Execution progress          [0m [[0m[1m[34mconnector[0m][0m [36mactive_workers[0m=[35m3[0m [36mcommands_executed[0m=[35m45[0m [36mqueue_size[0m=[35m0[0m [36mrecords_processed[0m=[35m4606[0m
2025-09-24 11:26:02,746 - connector - INFO - _monitor_execution:392 - [2m2025-09-24T05:56:02.746391Z[0m [[32m[1minfo     [0m] [1m📊 Execution progress          [0m [[0m[1m[34mconnector[0m][0m [36mactive_workers[0m=[35m3[0m [36mcommands_executed[0m=[35m45[0m [36mqueue_size[0m=[35m0[0m [36mrecords_processed[0m=[35m4606[0m
2025-09-24 11:26:12,858 - connector - INFO - _monitor_execution:392 - [2m2025-09-24T05:56:12.858128Z[0m [[32m[1minfo     [0m] [1m📊 Execution progress          [0m [[0m[1m[34mconnector[0m][0m [36mactive_workers[0m=[35m3[0m [36mcommands_executed[0m=[35m45[0m [36mqueue_size[0m=[35m0[0m [36mrecords_processed[0m=[35m4606[0m
2025-09-24 11:26:22,924 - connector - INFO - _monitor_execution:392 - [2m2025-09-24T05:56:22.924149Z[0m [[32m[1minfo     [0m] [1m📊 Execution progress          [0m [[0m[1m[34mconnector[0m][0m [36mactive_workers[0m=[35m3[0m [36mcommands_executed[0m=[35m45[0m [36mqueue_size[0m=[35m0[0m [36mrecords_processed[0m=[35m4606[0m
2025-09-24 11:26:33,027 - connector - INFO - _monitor_execution:392 - [2m2025-09-24T05:56:33.027386Z[0m [[32m[1minfo     [0m] [1m📊 Execution progress          [0m [[0m[1m[34mconnector[0m][0m [36mactive_workers[0m=[35m3[0m [36mcommands_executed[0m=[35m45[0m [36mqueue_size[0m=[35m0[0m [36mrecords_processed[0m=[35m4606[0m
2025-09-24 11:26:43,072 - connector - INFO - _monitor_execution:392 - [2m2025-09-24T05:56:43.072266Z[0m [[32m[1minfo     [0m] [1m📊 Execution progress          [0m [[0m[1m[34mconnector[0m][0m [36mactive_workers[0m=[35m3[0m [36mcommands_executed[0m=[35m45[0m [36mqueue_size[0m=[35m0[0m [36mrecords_processed[0m=[35m4606[0m
2025-09-24 11:26:53,157 - connector - INFO - _monitor_execution:392 - [2m2025-09-24T05:56:53.157735Z[0m [[32m[1minfo     [0m] [1m📊 Execution progress          [0m [[0m[1m[34mconnector[0m][0m [36mactive_workers[0m=[35m3[0m [36mcommands_executed[0m=[35m45[0m [36mqueue_size[0m=[35m0[0m [36mrecords_processed[0m=[35m4606[0m
2025-09-24 11:27:03,226 - connector - INFO - _monitor_execution:392 - [2m2025-09-24T05:57:03.225921Z[0m [[32m[1minfo     [0m] [1m📊 Execution progress          [0m [[0m[1m[34mconnector[0m][0m [36mactive_workers[0m=[35m3[0m [36mcommands_executed[0m=[35m45[0m [36mqueue_size[0m=[35m0[0m [36mrecords_processed[0m=[35m4606[0m
2025-09-24 11:27:13,331 - connector - INFO - _monitor_execution:392 - [2m2025-09-24T05:57:13.331213Z[0m [[32m[1minfo     [0m] [1m📊 Execution progress          [0m [[0m[1m[34mconnector[0m][0m [36mactive_workers[0m=[35m3[0m [36mcommands_executed[0m=[35m45[0m [36mqueue_size[0m=[35m0[0m [36mrecords_processed[0m=[35m4606[0m
2025-09-24 11:27:23,426 - connector - INFO - _monitor_execution:392 - [2m2025-09-24T05:57:23.426706Z[0m [[32m[1minfo     [0m] [1m📊 Execution progress          [0m [[0m[1m[34mconnector[0m][0m [36mactive_workers[0m=[35m3[0m [36mcommands_executed[0m=[35m45[0m [36mqueue_size[0m=[35m0[0m [36mrecords_processed[0m=[35m4606[0m
2025-09-24 11:27:33,476 - connector - INFO - _monitor_execution:392 - [2m2025-09-24T05:57:33.476092Z[0m [[32m[1minfo     [0m] [1m📊 Execution progress          [0m [[0m[1m[34mconnector[0m][0m [36mactive_workers[0m=[35m3[0m [36mcommands_executed[0m=[35m45[0m [36mqueue_size[0m=[35m0[0m [36mrecords_processed[0m=[35m4606[0m
2025-09-24 11:27:43,557 - connector - INFO - _monitor_execution:392 - [2m2025-09-24T05:57:43.557314Z[0m [[32m[1minfo     [0m] [1m📊 Execution progress          [0m [[0m[1m[34mconnector[0m][0m [36mactive_workers[0m=[35m3[0m [36mcommands_executed[0m=[35m45[0m [36mqueue_size[0m=[35m0[0m [36mrecords_processed[0m=[35m4606[0m
2025-09-24 11:27:53,677 - connector - INFO - _monitor_execution:392 - [2m2025-09-24T05:57:53.677670Z[0m [[32m[1minfo     [0m] [1m📊 Execution progress          [0m [[0m[1m[34mconnector[0m][0m [36mactive_workers[0m=[35m3[0m [36mcommands_executed[0m=[35m45[0m [36mqueue_size[0m=[35m0[0m [36mrecords_processed[0m=[35m4606[0m
2025-09-24 11:28:03,735 - connector - INFO - _monitor_execution:392 - [2m2025-09-24T05:58:03.735791Z[0m [[32m[1minfo     [0m] [1m📊 Execution progress          [0m [[0m[1m[34mconnector[0m][0m [36mactive_workers[0m=[35m3[0m [36mcommands_executed[0m=[35m45[0m [36mqueue_size[0m=[35m0[0m [36mrecords_processed[0m=[35m4606[0m
2025-09-24 11:28:13,742 - connector - INFO - _monitor_execution:392 - [2m2025-09-24T05:58:13.742978Z[0m [[32m[1minfo     [0m] [1m📊 Execution progress          [0m [[0m[1m[34mconnector[0m][0m [36mactive_workers[0m=[35m3[0m [36mcommands_executed[0m=[35m45[0m [36mqueue_size[0m=[35m0[0m [36mrecords_processed[0m=[35m4606[0m
2025-09-24 11:28:23,825 - connector - INFO - _monitor_execution:392 - [2m2025-09-24T05:58:23.825614Z[0m [[32m[1minfo     [0m] [1m📊 Execution progress          [0m [[0m[1m[34mconnector[0m][0m [36mactive_workers[0m=[35m3[0m [36mcommands_executed[0m=[35m45[0m [36mqueue_size[0m=[35m0[0m [36mrecords_processed[0m=[35m4606[0m
2025-09-24 11:28:33,923 - connector - INFO - _monitor_execution:392 - [2m2025-09-24T05:58:33.923704Z[0m [[32m[1minfo     [0m] [1m📊 Execution progress          [0m [[0m[1m[34mconnector[0m][0m [36mactive_workers[0m=[35m3[0m [36mcommands_executed[0m=[35m45[0m [36mqueue_size[0m=[35m0[0m [36mrecords_processed[0m=[35m4606[0m
2025-09-24 11:28:43,978 - connector - INFO - _monitor_execution:392 - [2m2025-09-24T05:58:43.978708Z[0m [[32m[1minfo     [0m] [1m📊 Execution progress          [0m [[0m[1m[34mconnector[0m][0m [36mactive_workers[0m=[35m3[0m [36mcommands_executed[0m=[35m45[0m [36mqueue_size[0m=[35m0[0m [36mrecords_processed[0m=[35m4606[0m
2025-09-24 11:28:54,107 - connector - INFO - _monitor_execution:392 - [2m2025-09-24T05:58:54.107275Z[0m [[32m[1minfo     [0m] [1m📊 Execution progress          [0m [[0m[1m[34mconnector[0m][0m [36mactive_workers[0m=[35m3[0m [36mcommands_executed[0m=[35m45[0m [36mqueue_size[0m=[35m0[0m [36mrecords_processed[0m=[35m4606[0m
2025-09-24 11:29:04,205 - connector - INFO - _monitor_execution:392 - [2m2025-09-24T05:59:04.205395Z[0m [[32m[1minfo     [0m] [1m📊 Execution progress          [0m [[0m[1m[34mconnector[0m][0m [36mactive_workers[0m=[35m3[0m [36mcommands_executed[0m=[35m45[0m [36mqueue_size[0m=[35m0[0m [36mrecords_processed[0m=[35m4606[0m
2025-09-24 11:29:14,247 - connector - INFO - _monitor_execution:392 - [2m2025-09-24T05:59:14.246574Z[0m [[32m[1minfo     [0m] [1m📊 Execution progress          [0m [[0m[1m[34mconnector[0m][0m [36mactive_workers[0m=[35m3[0m [36mcommands_executed[0m=[35m45[0m [36mqueue_size[0m=[35m0[0m [36mrecords_processed[0m=[35m4606[0m
2025-09-24 11:29:24,338 - connector - INFO - _monitor_execution:392 - [2m2025-09-24T05:59:24.337672Z[0m [[32m[1minfo     [0m] [1m📊 Execution progress          [0m [[0m[1m[34mconnector[0m][0m [36mactive_workers[0m=[35m3[0m [36mcommands_executed[0m=[35m45[0m [36mqueue_size[0m=[35m0[0m [36mrecords_processed[0m=[35m4606[0m
2025-09-24 11:29:34,377 - connector - INFO - _monitor_execution:392 - [2m2025-09-24T05:59:34.377448Z[0m [[32m[1minfo     [0m] [1m📊 Execution progress          [0m [[0m[1m[34mconnector[0m][0m [36mactive_workers[0m=[35m3[0m [36mcommands_executed[0m=[35m45[0m [36mqueue_size[0m=[35m0[0m [36mrecords_processed[0m=[35m4606[0m
2025-09-24 11:29:44,398 - connector - INFO - _monitor_execution:392 - [2m2025-09-24T05:59:44.397674Z[0m [[32m[1minfo     [0m] [1m📊 Execution progress          [0m [[0m[1m[34mconnector[0m][0m [36mactive_workers[0m=[35m3[0m [36mcommands_executed[0m=[35m45[0m [36mqueue_size[0m=[35m0[0m [36mrecords_processed[0m=[35m4606[0m
2025-09-24 11:29:54,450 - connector - INFO - _monitor_execution:392 - [2m2025-09-24T05:59:54.450506Z[0m [[32m[1minfo     [0m] [1m📊 Execution progress          [0m [[0m[1m[34mconnector[0m][0m [36mactive_workers[0m=[35m3[0m [36mcommands_executed[0m=[35m45[0m [36mqueue_size[0m=[35m0[0m [36mrecords_processed[0m=[35m4606[0m
2025-09-24 11:30:04,532 - connector - INFO - _monitor_execution:392 - [2m2025-09-24T06:00:04.532842Z[0m [[32m[1minfo     [0m] [1m📊 Execution progress          [0m [[0m[1m[34mconnector[0m][0m [36mactive_workers[0m=[35m3[0m [36mcommands_executed[0m=[35m45[0m [36mqueue_size[0m=[35m0[0m [36mrecords_processed[0m=[35m4606[0m
2025-09-24 11:30:14,601 - connector - INFO - _monitor_execution:392 - [2m2025-09-24T06:00:14.601700Z[0m [[32m[1minfo     [0m] [1m📊 Execution progress          [0m [[0m[1m[34mconnector[0m][0m [36mactive_workers[0m=[35m3[0m [36mcommands_executed[0m=[35m45[0m [36mqueue_size[0m=[35m0[0m [36mrecords_processed[0m=[35m4606[0m
2025-09-24 11:30:24,694 - connector - INFO - _monitor_execution:392 - [2m2025-09-24T06:00:24.694779Z[0m [[32m[1minfo     [0m] [1m📊 Execution progress          [0m [[0m[1m[34mconnector[0m][0m [36mactive_workers[0m=[35m3[0m [36mcommands_executed[0m=[35m45[0m [36mqueue_size[0m=[35m0[0m [36mrecords_processed[0m=[35m4606[0m
2025-09-24 11:30:34,751 - connector - INFO - _monitor_execution:392 - [2m2025-09-24T06:00:34.751660Z[0m [[32m[1minfo     [0m] [1m📊 Execution progress          [0m [[0m[1m[34mconnector[0m][0m [36mactive_workers[0m=[35m3[0m [36mcommands_executed[0m=[35m45[0m [36mqueue_size[0m=[35m0[0m [36mrecords_processed[0m=[35m4606[0m
2025-09-24 11:30:44,814 - connector - INFO - _monitor_execution:392 - [2m2025-09-24T06:00:44.814844Z[0m [[32m[1minfo     [0m] [1m📊 Execution progress          [0m [[0m[1m[34mconnector[0m][0m [36mactive_workers[0m=[35m3[0m [36mcommands_executed[0m=[35m45[0m [36mqueue_size[0m=[35m0[0m [36mrecords_processed[0m=[35m4606[0m
2025-09-24 11:30:54,882 - connector - INFO - _monitor_execution:392 - [2m2025-09-24T06:00:54.882953Z[0m [[32m[1minfo     [0m] [1m📊 Execution progress          [0m [[0m[1m[34mconnector[0m][0m [36mactive_workers[0m=[35m3[0m [36mcommands_executed[0m=[35m45[0m [36mqueue_size[0m=[35m0[0m [36mrecords_processed[0m=[35m4606[0m
2025-09-24 11:31:04,965 - connector - INFO - _monitor_execution:392 - [2m2025-09-24T06:01:04.965596Z[0m [[32m[1minfo     [0m] [1m📊 Execution progress          [0m [[0m[1m[34mconnector[0m][0m [36mactive_workers[0m=[35m3[0m [36mcommands_executed[0m=[35m45[0m [36mqueue_size[0m=[35m0[0m [36mrecords_processed[0m=[35m4606[0m
2025-09-24 11:31:15,058 - connector - INFO - _monitor_execution:392 - [2m2025-09-24T06:01:15.058537Z[0m [[32m[1minfo     [0m] [1m📊 Execution progress          [0m [[0m[1m[34mconnector[0m][0m [36mactive_workers[0m=[35m3[0m [36mcommands_executed[0m=[35m45[0m [36mqueue_size[0m=[35m0[0m [36mrecords_processed[0m=[35m4606[0m
2025-09-24 11:31:25,140 - connector - INFO - _monitor_execution:392 - [2m2025-09-24T06:01:25.140682Z[0m [[32m[1minfo     [0m] [1m📊 Execution progress          [0m [[0m[1m[34mconnector[0m][0m [36mactive_workers[0m=[35m3[0m [36mcommands_executed[0m=[35m45[0m [36mqueue_size[0m=[35m0[0m [36mrecords_processed[0m=[35m4606[0m
2025-09-24 11:31:35,219 - connector - INFO - _monitor_execution:392 - [2m2025-09-24T06:01:35.219809Z[0m [[32m[1minfo     [0m] [1m📊 Execution progress          [0m [[0m[1m[34mconnector[0m][0m [36mactive_workers[0m=[35m3[0m [36mcommands_executed[0m=[35m45[0m [36mqueue_size[0m=[35m0[0m [36mrecords_processed[0m=[35m4606[0m
2025-09-24 11:31:45,301 - connector - INFO - _monitor_execution:392 - [2m2025-09-24T06:01:45.301665Z[0m [[32m[1minfo     [0m] [1m📊 Execution progress          [0m [[0m[1m[34mconnector[0m][0m [36mactive_workers[0m=[35m3[0m [36mcommands_executed[0m=[35m45[0m [36mqueue_size[0m=[35m0[0m [36mrecords_processed[0m=[35m4606[0m
2025-09-24 11:31:55,349 - connector - INFO - _monitor_execution:392 - [2m2025-09-24T06:01:55.349157Z[0m [[32m[1minfo     [0m] [1m📊 Execution progress          [0m [[0m[1m[34mconnector[0m][0m [36mactive_workers[0m=[35m3[0m [36mcommands_executed[0m=[35m45[0m [36mqueue_size[0m=[35m0[0m [36mrecords_processed[0m=[35m4606[0m
2025-09-24 11:32:05,438 - connector - INFO - _monitor_execution:392 - [2m2025-09-24T06:02:05.438611Z[0m [[32m[1minfo     [0m] [1m📊 Execution progress          [0m [[0m[1m[34mconnector[0m][0m [36mactive_workers[0m=[35m3[0m [36mcommands_executed[0m=[35m45[0m [36mqueue_size[0m=[35m0[0m [36mrecords_processed[0m=[35m4606[0m
2025-09-24 11:32:15,518 - connector - INFO - _monitor_execution:392 - [2m2025-09-24T06:02:15.518021Z[0m [[32m[1minfo     [0m] [1m📊 Execution progress          [0m [[0m[1m[34mconnector[0m][0m [36mactive_workers[0m=[35m3[0m [36mcommands_executed[0m=[35m45[0m [36mqueue_size[0m=[35m0[0m [36mrecords_processed[0m=[35m4606[0m
2025-09-24 11:32:25,618 - connector - INFO - _monitor_execution:392 - [2m2025-09-24T06:02:25.618071Z[0m [[32m[1minfo     [0m] [1m📊 Execution progress          [0m [[0m[1m[34mconnector[0m][0m [36mactive_workers[0m=[35m3[0m [36mcommands_executed[0m=[35m45[0m [36mqueue_size[0m=[35m0[0m [36mrecords_processed[0m=[35m4606[0m
2025-09-24 11:32:35,679 - connector - INFO - _monitor_execution:392 - [2m2025-09-24T06:02:35.679410Z[0m [[32m[1minfo     [0m] [1m📊 Execution progress          [0m [[0m[1m[34mconnector[0m][0m [36mactive_workers[0m=[35m3[0m [36mcommands_executed[0m=[35m45[0m [36mqueue_size[0m=[35m0[0m [36mrecords_processed[0m=[35m4606[0m
2025-09-24 11:32:45,740 - connector - INFO - _monitor_execution:392 - [2m2025-09-24T06:02:45.740794Z[0m [[32m[1minfo     [0m] [1m📊 Execution progress          [0m [[0m[1m[34mconnector[0m][0m [36mactive_workers[0m=[35m3[0m [36mcommands_executed[0m=[35m45[0m [36mqueue_size[0m=[35m0[0m [36mrecords_processed[0m=[35m4606[0m
2025-09-24 11:32:55,849 - connector - INFO - _monitor_execution:392 - [2m2025-09-24T06:02:55.849914Z[0m [[32m[1minfo     [0m] [1m📊 Execution progress          [0m [[0m[1m[34mconnector[0m][0m [36mactive_workers[0m=[35m3[0m [36mcommands_executed[0m=[35m45[0m [36mqueue_size[0m=[35m0[0m [36mrecords_processed[0m=[35m4606[0m
2025-09-24 11:33:05,909 - connector - INFO - _monitor_execution:392 - [2m2025-09-24T06:03:05.909907Z[0m [[32m[1minfo     [0m] [1m📊 Execution progress          [0m [[0m[1m[34mconnector[0m][0m [36mactive_workers[0m=[35m3[0m [36mcommands_executed[0m=[35m45[0m [36mqueue_size[0m=[35m0[0m [36mrecords_processed[0m=[35m4606[0m
2025-09-24 11:33:16,009 - connector - INFO - _monitor_execution:392 - [2m2025-09-24T06:03:16.009098Z[0m [[32m[1minfo     [0m] [1m📊 Execution progress          [0m [[0m[1m[34mconnector[0m][0m [36mactive_workers[0m=[35m3[0m [36mcommands_executed[0m=[35m45[0m [36mqueue_size[0m=[35m0[0m [36mrecords_processed[0m=[35m4606[0m
2025-09-24 11:33:26,132 - connector - INFO - _monitor_execution:392 - [2m2025-09-24T06:03:26.132050Z[0m [[32m[1minfo     [0m] [1m📊 Execution progress          [0m [[0m[1m[34mconnector[0m][0m [36mactive_workers[0m=[35m3[0m [36mcommands_executed[0m=[35m45[0m [36mqueue_size[0m=[35m0[0m [36mrecords_processed[0m=[35m4606[0m
2025-09-24 11:33:36,234 - connector - INFO - _monitor_execution:392 - [2m2025-09-24T06:03:36.234771Z[0m [[32m[1minfo     [0m] [1m📊 Execution progress          [0m [[0m[1m[34mconnector[0m][0m [36mactive_workers[0m=[35m3[0m [36mcommands_executed[0m=[35m45[0m [36mqueue_size[0m=[35m0[0m [36mrecords_processed[0m=[35m4606[0m
2025-09-24 11:33:46,317 - connector - INFO - _monitor_execution:392 - [2m2025-09-24T06:03:46.317605Z[0m [[32m[1minfo     [0m] [1m📊 Execution progress          [0m [[0m[1m[34mconnector[0m][0m [36mactive_workers[0m=[35m3[0m [36mcommands_executed[0m=[35m45[0m [36mqueue_size[0m=[35m0[0m [36mrecords_processed[0m=[35m4606[0m
2025-09-24 11:33:56,375 - connector - INFO - _monitor_execution:392 - [2m2025-09-24T06:03:56.375808Z[0m [[32m[1minfo     [0m] [1m📊 Execution progress          [0m [[0m[1m[34mconnector[0m][0m [36mactive_workers[0m=[35m3[0m [36mcommands_executed[0m=[35m45[0m [36mqueue_size[0m=[35m0[0m [36mrecords_processed[0m=[35m4606[0m
2025-09-24 11:34:06,446 - connector - INFO - _monitor_execution:392 - [2m2025-09-24T06:04:06.446388Z[0m [[32m[1minfo     [0m] [1m📊 Execution progress          [0m [[0m[1m[34mconnector[0m][0m [36mactive_workers[0m=[35m3[0m [36mcommands_executed[0m=[35m45[0m [36mqueue_size[0m=[35m0[0m [36mrecords_processed[0m=[35m4606[0m
2025-09-24 11:34:16,515 - connector - INFO - _monitor_execution:392 - [2m2025-09-24T06:04:16.515935Z[0m [[32m[1minfo     [0m] [1m📊 Execution progress          [0m [[0m[1m[34mconnector[0m][0m [36mactive_workers[0m=[35m3[0m [36mcommands_executed[0m=[35m45[0m [36mqueue_size[0m=[35m0[0m [36mrecords_processed[0m=[35m4606[0m
2025-09-24 11:34:26,629 - connector - INFO - _monitor_execution:392 - [2m2025-09-24T06:04:26.628118Z[0m [[32m[1minfo     [0m] [1m📊 Execution progress          [0m [[0m[1m[34mconnector[0m][0m [36mactive_workers[0m=[35m3[0m [36mcommands_executed[0m=[35m45[0m [36mqueue_size[0m=[35m0[0m [36mrecords_processed[0m=[35m4606[0m
2025-09-24 11:34:36,661 - connector - INFO - _monitor_execution:392 - [2m2025-09-24T06:04:36.661535Z[0m [[32m[1minfo     [0m] [1m📊 Execution progress          [0m [[0m[1m[34mconnector[0m][0m [36mactive_workers[0m=[35m3[0m [36mcommands_executed[0m=[35m45[0m [36mqueue_size[0m=[35m0[0m [36mrecords_processed[0m=[35m4606[0m
2025-09-24 11:34:46,735 - connector - INFO - _monitor_execution:392 - [2m2025-09-24T06:04:46.735661Z[0m [[32m[1minfo     [0m] [1m📊 Execution progress          [0m [[0m[1m[34mconnector[0m][0m [36mactive_workers[0m=[35m3[0m [36mcommands_executed[0m=[35m45[0m [36mqueue_size[0m=[35m0[0m [36mrecords_processed[0m=[35m4606[0m
2025-09-24 11:34:56,836 - connector - INFO - _monitor_execution:392 - [2m2025-09-24T06:04:56.836169Z[0m [[32m[1minfo     [0m] [1m📊 Execution progress          [0m [[0m[1m[34mconnector[0m][0m [36mactive_workers[0m=[35m3[0m [36mcommands_executed[0m=[35m45[0m [36mqueue_size[0m=[35m0[0m [36mrecords_processed[0m=[35m4606[0m
2025-09-24 11:35:06,898 - connector - INFO - _monitor_execution:392 - [2m2025-09-24T06:05:06.898687Z[0m [[32m[1minfo     [0m] [1m📊 Execution progress          [0m [[0m[1m[34mconnector[0m][0m [36mactive_workers[0m=[35m3[0m [36mcommands_executed[0m=[35m45[0m [36mqueue_size[0m=[35m0[0m [36mrecords_processed[0m=[35m4606[0m
2025-09-24 11:35:17,009 - connector - INFO - _monitor_execution:392 - [2m2025-09-24T06:05:17.009692Z[0m [[32m[1minfo     [0m] [1m📊 Execution progress          [0m [[0m[1m[34mconnector[0m][0m [36mactive_workers[0m=[35m3[0m [36mcommands_executed[0m=[35m45[0m [36mqueue_size[0m=[35m0[0m [36mrecords_processed[0m=[35m4606[0m
2025-09-24 11:35:27,075 - connector - INFO - _monitor_execution:392 - [2m2025-09-24T06:05:27.074605Z[0m [[32m[1minfo     [0m] [1m📊 Execution progress          [0m [[0m[1m[34mconnector[0m][0m [36mactive_workers[0m=[35m3[0m [36mcommands_executed[0m=[35m45[0m [36mqueue_size[0m=[35m0[0m [36mrecords_processed[0m=[35m4606[0m
2025-09-24 11:35:37,158 - connector - INFO - _monitor_execution:392 - [2m2025-09-24T06:05:37.158775Z[0m [[32m[1minfo     [0m] [1m📊 Execution progress          [0m [[0m[1m[34mconnector[0m][0m [36mactive_workers[0m=[35m3[0m [36mcommands_executed[0m=[35m45[0m [36mqueue_size[0m=[35m0[0m [36mrecords_processed[0m=[35m4606[0m
2025-09-24 11:35:47,230 - connector - INFO - _monitor_execution:392 - [2m2025-09-24T06:05:47.230920Z[0m [[32m[1minfo     [0m] [1m📊 Execution progress          [0m [[0m[1m[34mconnector[0m][0m [36mactive_workers[0m=[35m3[0m [36mcommands_executed[0m=[35m45[0m [36mqueue_size[0m=[35m0[0m [36mrecords_processed[0m=[35m4606[0m
2025-09-24 11:35:57,292 - connector - INFO - _monitor_execution:392 - [2m2025-09-24T06:05:57.292049Z[0m [[32m[1minfo     [0m] [1m📊 Execution progress          [0m [[0m[1m[34mconnector[0m][0m [36mactive_workers[0m=[35m3[0m [36mcommands_executed[0m=[35m45[0m [36mqueue_size[0m=[35m0[0m [36mrecords_processed[0m=[35m4606[0m
2025-09-24 11:36:07,382 - connector - INFO - _monitor_execution:392 - [2m2025-09-24T06:06:07.382550Z[0m [[32m[1minfo     [0m] [1m📊 Execution progress          [0m [[0m[1m[34mconnector[0m][0m [36mactive_workers[0m=[35m3[0m [36mcommands_executed[0m=[35m45[0m [36mqueue_size[0m=[35m0[0m [36mrecords_processed[0m=[35m4606[0m
2025-09-24 11:36:17,450 - connector - INFO - _monitor_execution:392 - [2m2025-09-24T06:06:17.450583Z[0m [[32m[1minfo     [0m] [1m📊 Execution progress          [0m [[0m[1m[34mconnector[0m][0m [36mactive_workers[0m=[35m3[0m [36mcommands_executed[0m=[35m45[0m [36mqueue_size[0m=[35m0[0m [36mrecords_processed[0m=[35m4606[0m
2025-09-24 11:36:27,507 - connector - INFO - _monitor_execution:392 - [2m2025-09-24T06:06:27.507463Z[0m [[32m[1minfo     [0m] [1m📊 Execution progress          [0m [[0m[1m[34mconnector[0m][0m [36mactive_workers[0m=[35m3[0m [36mcommands_executed[0m=[35m45[0m [36mqueue_size[0m=[35m0[0m [36mrecords_processed[0m=[35m4606[0m
2025-09-24 11:36:37,584 - connector - INFO - _monitor_execution:392 - [2m2025-09-24T06:06:37.584036Z[0m [[32m[1minfo     [0m] [1m📊 Execution progress          [0m [[0m[1m[34mconnector[0m][0m [36mactive_workers[0m=[35m3[0m [36mcommands_executed[0m=[35m45[0m [36mqueue_size[0m=[35m0[0m [36mrecords_processed[0m=[35m4606[0m
2025-09-24 11:36:47,611 - connector - INFO - _monitor_execution:392 - [2m2025-09-24T06:06:47.611060Z[0m [[32m[1minfo     [0m] [1m📊 Execution progress          [0m [[0m[1m[34mconnector[0m][0m [36mactive_workers[0m=[35m3[0m [36mcommands_executed[0m=[35m45[0m [36mqueue_size[0m=[35m0[0m [36mrecords_processed[0m=[35m4606[0m
2025-09-24 11:36:57,654 - connector - INFO - _monitor_execution:392 - [2m2025-09-24T06:06:57.654240Z[0m [[32m[1minfo     [0m] [1m📊 Execution progress          [0m [[0m[1m[34mconnector[0m][0m [36mactive_workers[0m=[35m3[0m [36mcommands_executed[0m=[35m45[0m [36mqueue_size[0m=[35m0[0m [36mrecords_processed[0m=[35m4606[0m
2025-09-24 11:37:07,709 - connector - INFO - _monitor_execution:392 - [2m2025-09-24T06:07:07.709636Z[0m [[32m[1minfo     [0m] [1m📊 Execution progress          [0m [[0m[1m[34mconnector[0m][0m [36mactive_workers[0m=[35m3[0m [36mcommands_executed[0m=[35m45[0m [36mqueue_size[0m=[35m0[0m [36mrecords_processed[0m=[35m4606[0m
2025-09-24 11:37:17,798 - connector - INFO - _monitor_execution:392 - [2m2025-09-24T06:07:17.798715Z[0m [[32m[1minfo     [0m] [1m📊 Execution progress          [0m [[0m[1m[34mconnector[0m][0m [36mactive_workers[0m=[35m3[0m [36mcommands_executed[0m=[35m45[0m [36mqueue_size[0m=[35m0[0m [36mrecords_processed[0m=[35m4606[0m
2025-09-24 11:37:27,866 - connector - INFO - _monitor_execution:392 - [2m2025-09-24T06:07:27.866787Z[0m [[32m[1minfo     [0m] [1m📊 Execution progress          [0m [[0m[1m[34mconnector[0m][0m [36mactive_workers[0m=[35m3[0m [36mcommands_executed[0m=[35m45[0m [36mqueue_size[0m=[35m0[0m [36mrecords_processed[0m=[35m4606[0m
2025-09-24 11:37:37,928 - connector - INFO - _monitor_execution:392 - [2m2025-09-24T06:07:37.928212Z[0m [[32m[1minfo     [0m] [1m📊 Execution progress          [0m [[0m[1m[34mconnector[0m][0m [36mactive_workers[0m=[35m3[0m [36mcommands_executed[0m=[35m45[0m [36mqueue_size[0m=[35m0[0m [36mrecords_processed[0m=[35m4606[0m
2025-09-24 11:37:47,988 - connector - INFO - _monitor_execution:392 - [2m2025-09-24T06:07:47.988694Z[0m [[32m[1minfo     [0m] [1m📊 Execution progress          [0m [[0m[1m[34mconnector[0m][0m [36mactive_workers[0m=[35m3[0m [36mcommands_executed[0m=[35m45[0m [36mqueue_size[0m=[35m0[0m [36mrecords_processed[0m=[35m4606[0m
2025-09-24 11:37:58,054 - connector - INFO - _monitor_execution:392 - [2m2025-09-24T06:07:58.054088Z[0m [[32m[1minfo     [0m] [1m📊 Execution progress          [0m [[0m[1m[34mconnector[0m][0m [36mactive_workers[0m=[35m3[0m [36mcommands_executed[0m=[35m45[0m [36mqueue_size[0m=[35m0[0m [36mrecords_processed[0m=[35m4606[0m
2025-09-24 11:38:08,117 - connector - INFO - _monitor_execution:392 - [2m2025-09-24T06:08:08.116177Z[0m [[32m[1minfo     [0m] [1m📊 Execution progress          [0m [[0m[1m[34mconnector[0m][0m [36mactive_workers[0m=[35m3[0m [36mcommands_executed[0m=[35m45[0m [36mqueue_size[0m=[35m0[0m [36mrecords_processed[0m=[35m4606[0m
2025-09-24 11:38:18,192 - connector - INFO - _monitor_execution:392 - [2m2025-09-24T06:08:18.192646Z[0m [[32m[1minfo     [0m] [1m📊 Execution progress          [0m [[0m[1m[34mconnector[0m][0m [36mactive_workers[0m=[35m3[0m [36mcommands_executed[0m=[35m45[0m [36mqueue_size[0m=[35m0[0m [36mrecords_processed[0m=[35m4606[0m
2025-09-24 11:38:28,266 - connector - INFO - _monitor_execution:392 - [2m2025-09-24T06:08:28.266154Z[0m [[32m[1minfo     [0m] [1m📊 Execution progress          [0m [[0m[1m[34mconnector[0m][0m [36mactive_workers[0m=[35m3[0m [36mcommands_executed[0m=[35m45[0m [36mqueue_size[0m=[35m0[0m [36mrecords_processed[0m=[35m4606[0m
2025-09-24 11:38:38,343 - connector - INFO - _monitor_execution:392 - [2m2025-09-24T06:08:38.343151Z[0m [[32m[1minfo     [0m] [1m📊 Execution progress          [0m [[0m[1m[34mconnector[0m][0m [36mactive_workers[0m=[35m3[0m [36mcommands_executed[0m=[35m45[0m [36mqueue_size[0m=[35m0[0m [36mrecords_processed[0m=[35m4606[0m
2025-09-24 11:38:48,420 - connector - INFO - _monitor_execution:392 - [2m2025-09-24T06:08:48.420823Z[0m [[32m[1minfo     [0m] [1m📊 Execution progress          [0m [[0m[1m[34mconnector[0m][0m [36mactive_workers[0m=[35m3[0m [36mcommands_executed[0m=[35m45[0m [36mqueue_size[0m=[35m0[0m [36mrecords_processed[0m=[35m4606[0m
2025-09-24 11:38:58,505 - connector - INFO - _monitor_execution:392 - [2m2025-09-24T06:08:58.505688Z[0m [[32m[1minfo     [0m] [1m📊 Execution progress          [0m [[0m[1m[34mconnector[0m][0m [36mactive_workers[0m=[35m3[0m [36mcommands_executed[0m=[35m45[0m [36mqueue_size[0m=[35m0[0m [36mrecords_processed[0m=[35m4606[0m
2025-09-24 11:39:08,577 - connector - INFO - _monitor_execution:392 - [2m2025-09-24T06:09:08.577139Z[0m [[32m[1minfo     [0m] [1m📊 Execution progress          [0m [[0m[1m[34mconnector[0m][0m [36mactive_workers[0m=[35m3[0m [36mcommands_executed[0m=[35m45[0m [36mqueue_size[0m=[35m0[0m [36mrecords_processed[0m=[35m4606[0m
2025-09-24 11:39:18,634 - connector - INFO - _monitor_execution:392 - [2m2025-09-24T06:09:18.634391Z[0m [[32m[1minfo     [0m] [1m📊 Execution progress          [0m [[0m[1m[34mconnector[0m][0m [36mactive_workers[0m=[35m3[0m [36mcommands_executed[0m=[35m45[0m [36mqueue_size[0m=[35m0[0m [36mrecords_processed[0m=[35m4606[0m
2025-09-24 11:39:28,685 - connector - INFO - _monitor_execution:392 - [2m2025-09-24T06:09:28.685016Z[0m [[32m[1minfo     [0m] [1m📊 Execution progress          [0m [[0m[1m[34mconnector[0m][0m [36mactive_workers[0m=[35m3[0m [36mcommands_executed[0m=[35m45[0m [36mqueue_size[0m=[35m0[0m [36mrecords_processed[0m=[35m4606[0m
2025-09-24 11:39:38,768 - connector - INFO - _monitor_execution:392 - [2m2025-09-24T06:09:38.768592Z[0m [[32m[1minfo     [0m] [1m📊 Execution progress          [0m [[0m[1m[34mconnector[0m][0m [36mactive_workers[0m=[35m3[0m [36mcommands_executed[0m=[35m45[0m [36mqueue_size[0m=[35m0[0m [36mrecords_processed[0m=[35m4606[0m
2025-09-24 11:39:48,822 - connector - INFO - _monitor_execution:392 - [2m2025-09-24T06:09:48.822104Z[0m [[32m[1minfo     [0m] [1m📊 Execution progress          [0m [[0m[1m[34mconnector[0m][0m [36mactive_workers[0m=[35m3[0m [36mcommands_executed[0m=[35m45[0m [36mqueue_size[0m=[35m0[0m [36mrecords_processed[0m=[35m4606[0m
2025-09-24 11:39:58,886 - connector - INFO - _monitor_execution:392 - [2m2025-09-24T06:09:58.886418Z[0m [[32m[1minfo     [0m] [1m📊 Execution progress          [0m [[0m[1m[34mconnector[0m][0m [36mactive_workers[0m=[35m3[0m [36mcommands_executed[0m=[35m45[0m [36mqueue_size[0m=[35m0[0m [36mrecords_processed[0m=[35m4606[0m
2025-09-24 11:40:08,969 - connector - INFO - _monitor_execution:392 - [2m2025-09-24T06:10:08.969944Z[0m [[32m[1minfo     [0m] [1m📊 Execution progress          [0m [[0m[1m[34mconnector[0m][0m [36mactive_workers[0m=[35m3[0m [36mcommands_executed[0m=[35m45[0m [36mqueue_size[0m=[35m0[0m [36mrecords_processed[0m=[35m4606[0m
2025-09-24 11:40:19,052 - connector - INFO - _monitor_execution:392 - [2m2025-09-24T06:10:19.051654Z[0m [[32m[1minfo     [0m] [1m📊 Execution progress          [0m [[0m[1m[34mconnector[0m][0m [36mactive_workers[0m=[35m3[0m [36mcommands_executed[0m=[35m45[0m [36mqueue_size[0m=[35m0[0m [36mrecords_processed[0m=[35m4606[0m
2025-09-24 11:40:29,116 - connector - INFO - _monitor_execution:392 - [2m2025-09-24T06:10:29.116297Z[0m [[32m[1minfo     [0m] [1m📊 Execution progress          [0m [[0m[1m[34mconnector[0m][0m [36mactive_workers[0m=[35m3[0m [36mcommands_executed[0m=[35m45[0m [36mqueue_size[0m=[35m0[0m [36mrecords_processed[0m=[35m4606[0m
2025-09-24 11:40:39,160 - connector - INFO - _monitor_execution:392 - [2m2025-09-24T06:10:39.159814Z[0m [[32m[1minfo     [0m] [1m📊 Execution progress          [0m [[0m[1m[34mconnector[0m][0m [36mactive_workers[0m=[35m3[0m [36mcommands_executed[0m=[35m45[0m [36mqueue_size[0m=[35m0[0m [36mrecords_processed[0m=[35m4606[0m
2025-09-24 11:40:49,248 - connector - INFO - _monitor_execution:392 - [2m2025-09-24T06:10:49.247004Z[0m [[32m[1minfo     [0m] [1m📊 Execution progress          [0m [[0m[1m[34mconnector[0m][0m [36mactive_workers[0m=[35m3[0m [36mcommands_executed[0m=[35m45[0m [36mqueue_size[0m=[35m0[0m [36mrecords_processed[0m=[35m4606[0m
2025-09-24 11:40:59,337 - connector - INFO - _monitor_execution:392 - [2m2025-09-24T06:10:59.337035Z[0m [[32m[1minfo     [0m] [1m📊 Execution progress          [0m [[0m[1m[34mconnector[0m][0m [36mactive_workers[0m=[35m3[0m [36mcommands_executed[0m=[35m45[0m [36mqueue_size[0m=[35m0[0m [36mrecords_processed[0m=[35m4606[0m
2025-09-24 11:41:09,432 - connector - INFO - _monitor_execution:392 - [2m2025-09-24T06:11:09.432977Z[0m [[32m[1minfo     [0m] [1m📊 Execution progress          [0m [[0m[1m[34mconnector[0m][0m [36mactive_workers[0m=[35m3[0m [36mcommands_executed[0m=[35m45[0m [36mqueue_size[0m=[35m0[0m [36mrecords_processed[0m=[35m4606[0m
2025-09-24 11:41:19,484 - connector - INFO - _monitor_execution:392 - [2m2025-09-24T06:11:19.484966Z[0m [[32m[1minfo     [0m] [1m📊 Execution progress          [0m [[0m[1m[34mconnector[0m][0m [36mactive_workers[0m=[35m3[0m [36mcommands_executed[0m=[35m45[0m [36mqueue_size[0m=[35m0[0m [36mrecords_processed[0m=[35m4606[0m
2025-09-24 11:41:29,551 - connector - INFO - _monitor_execution:392 - [2m2025-09-24T06:11:29.550265Z[0m [[32m[1minfo     [0m] [1m📊 Execution progress          [0m [[0m[1m[34mconnector[0m][0m [36mactive_workers[0m=[35m3[0m [36mcommands_executed[0m=[35m45[0m [36mqueue_size[0m=[35m0[0m [36mrecords_processed[0m=[35m4606[0m
2025-09-24 11:41:39,609 - connector - INFO - _monitor_execution:392 - [2m2025-09-24T06:11:39.609623Z[0m [[32m[1minfo     [0m] [1m📊 Execution progress          [0m [[0m[1m[34mconnector[0m][0m [36mactive_workers[0m=[35m3[0m [36mcommands_executed[0m=[35m45[0m [36mqueue_size[0m=[35m0[0m [36mrecords_processed[0m=[35m4606[0m
2025-09-24 11:41:49,688 - connector - INFO - _monitor_execution:392 - [2m2025-09-24T06:11:49.688611Z[0m [[32m[1minfo     [0m] [1m📊 Execution progress          [0m [[0m[1m[34mconnector[0m][0m [36mactive_workers[0m=[35m3[0m [36mcommands_executed[0m=[35m45[0m [36mqueue_size[0m=[35m0[0m [36mrecords_processed[0m=[35m4606[0m
2025-09-24 11:41:59,759 - connector - INFO - _monitor_execution:392 - [2m2025-09-24T06:11:59.759728Z[0m [[32m[1minfo     [0m] [1m📊 Execution progress          [0m [[0m[1m[34mconnector[0m][0m [36mactive_workers[0m=[35m3[0m [36mcommands_executed[0m=[35m45[0m [36mqueue_size[0m=[35m0[0m [36mrecords_processed[0m=[35m4606[0m
2025-09-24 11:42:09,838 - connector - INFO - _monitor_execution:392 - [2m2025-09-24T06:12:09.838055Z[0m [[32m[1minfo     [0m] [1m📊 Execution progress          [0m [[0m[1m[34mconnector[0m][0m [36mactive_workers[0m=[35m3[0m [36mcommands_executed[0m=[35m45[0m [36mqueue_size[0m=[35m0[0m [36mrecords_processed[0m=[35m4606[0m
2025-09-24 11:42:19,922 - connector - INFO - _monitor_execution:392 - [2m2025-09-24T06:12:19.921794Z[0m [[32m[1minfo     [0m] [1m📊 Execution progress          [0m [[0m[1m[34mconnector[0m][0m [36mactive_workers[0m=[35m3[0m [36mcommands_executed[0m=[35m45[0m [36mqueue_size[0m=[35m0[0m [36mrecords_processed[0m=[35m4606[0m
2025-09-24 11:42:29,979 - connector - INFO - _monitor_execution:392 - [2m2025-09-24T06:12:29.979950Z[0m [[32m[1minfo     [0m] [1m📊 Execution progress          [0m [[0m[1m[34mconnector[0m][0m [36mactive_workers[0m=[35m3[0m [36mcommands_executed[0m=[35m45[0m [36mqueue_size[0m=[35m0[0m [36mrecords_processed[0m=[35m4606[0m
2025-09-24 11:42:40,061 - connector - INFO - _monitor_execution:392 - [2m2025-09-24T06:12:40.061213Z[0m [[32m[1minfo     [0m] [1m📊 Execution progress          [0m [[0m[1m[34mconnector[0m][0m [36mactive_workers[0m=[35m3[0m [36mcommands_executed[0m=[35m45[0m [36mqueue_size[0m=[35m0[0m [36mrecords_processed[0m=[35m4606[0m
2025-09-24 11:42:50,136 - connector - INFO - _monitor_execution:392 - [2m2025-09-24T06:12:50.135885Z[0m [[32m[1minfo     [0m] [1m📊 Execution progress          [0m [[0m[1m[34mconnector[0m][0m [36mactive_workers[0m=[35m3[0m [36mcommands_executed[0m=[35m45[0m [36mqueue_size[0m=[35m0[0m [36mrecords_processed[0m=[35m4606[0m
2025-09-24 11:43:00,202 - connector - INFO - _monitor_execution:392 - [2m2025-09-24T06:13:00.202150Z[0m [[32m[1minfo     [0m] [1m📊 Execution progress          [0m [[0m[1m[34mconnector[0m][0m [36mactive_workers[0m=[35m3[0m [36mcommands_executed[0m=[35m45[0m [36mqueue_size[0m=[35m0[0m [36mrecords_processed[0m=[35m4606[0m
2025-09-24 11:43:10,286 - connector - INFO - _monitor_execution:392 - [2m2025-09-24T06:13:10.286369Z[0m [[32m[1minfo     [0m] [1m📊 Execution progress          [0m [[0m[1m[34mconnector[0m][0m [36mactive_workers[0m=[35m3[0m [36mcommands_executed[0m=[35m45[0m [36mqueue_size[0m=[35m0[0m [36mrecords_processed[0m=[35m4606[0m
2025-09-24 11:43:20,336 - connector - INFO - _monitor_execution:392 - [2m2025-09-24T06:13:20.336010Z[0m [[32m[1minfo     [0m] [1m📊 Execution progress          [0m [[0m[1m[34mconnector[0m][0m [36mactive_workers[0m=[35m3[0m [36mcommands_executed[0m=[35m45[0m [36mqueue_size[0m=[35m0[0m [36mrecords_processed[0m=[35m4606[0m
2025-09-24 11:43:30,406 - connector - INFO - _monitor_execution:392 - [2m2025-09-24T06:13:30.406353Z[0m [[32m[1minfo     [0m] [1m📊 Execution progress          [0m [[0m[1m[34mconnector[0m][0m [36mactive_workers[0m=[35m3[0m [36mcommands_executed[0m=[35m45[0m [36mqueue_size[0m=[35m0[0m [36mrecords_processed[0m=[35m4606[0m
2025-09-24 11:43:40,474 - connector - INFO - _monitor_execution:392 - [2m2025-09-24T06:13:40.474987Z[0m [[32m[1minfo     [0m] [1m📊 Execution progress          [0m [[0m[1m[34mconnector[0m][0m [36mactive_workers[0m=[35m3[0m [36mcommands_executed[0m=[35m45[0m [36mqueue_size[0m=[35m0[0m [36mrecords_processed[0m=[35m4606[0m
2025-09-24 11:43:50,553 - connector - INFO - _monitor_execution:392 - [2m2025-09-24T06:13:50.552672Z[0m [[32m[1minfo     [0m] [1m📊 Execution progress          [0m [[0m[1m[34mconnector[0m][0m [36mactive_workers[0m=[35m3[0m [36mcommands_executed[0m=[35m45[0m [36mqueue_size[0m=[35m0[0m [36mrecords_processed[0m=[35m4606[0m
2025-09-24 11:44:00,607 - connector - INFO - _monitor_execution:392 - [2m2025-09-24T06:14:00.607649Z[0m [[32m[1minfo     [0m] [1m📊 Execution progress          [0m [[0m[1m[34mconnector[0m][0m [36mactive_workers[0m=[35m3[0m [36mcommands_executed[0m=[35m45[0m [36mqueue_size[0m=[35m0[0m [36mrecords_processed[0m=[35m4606[0m
2025-09-24 11:44:10,685 - connector - INFO - _monitor_execution:392 - [2m2025-09-24T06:14:10.684348Z[0m [[32m[1minfo     [0m] [1m📊 Execution progress          [0m [[0m[1m[34mconnector[0m][0m [36mactive_workers[0m=[35m3[0m [36mcommands_executed[0m=[35m45[0m [36mqueue_size[0m=[35m0[0m [36mrecords_processed[0m=[35m4606[0m
2025-09-24 11:44:20,778 - connector - INFO - _monitor_execution:392 - [2m2025-09-24T06:14:20.778332Z[0m [[32m[1minfo     [0m] [1m📊 Execution progress          [0m [[0m[1m[34mconnector[0m][0m [36mactive_workers[0m=[35m3[0m [36mcommands_executed[0m=[35m45[0m [36mqueue_size[0m=[35m0[0m [36mrecords_processed[0m=[35m4606[0m
2025-09-24 11:44:30,895 - connector - INFO - _monitor_execution:392 - [2m2025-09-24T06:14:30.895148Z[0m [[32m[1minfo     [0m] [1m📊 Execution progress          [0m [[0m[1m[34mconnector[0m][0m [36mactive_workers[0m=[35m3[0m [36mcommands_executed[0m=[35m45[0m [36mqueue_size[0m=[35m0[0m [36mrecords_processed[0m=[35m4606[0m
2025-09-24 11:44:40,944 - connector - INFO - _monitor_execution:392 - [2m2025-09-24T06:14:40.944048Z[0m [[32m[1minfo     [0m] [1m📊 Execution progress          [0m [[0m[1m[34mconnector[0m][0m [36mactive_workers[0m=[35m3[0m [36mcommands_executed[0m=[35m45[0m [36mqueue_size[0m=[35m0[0m [36mrecords_processed[0m=[35m4606[0m
2025-09-24 11:44:50,977 - connector - INFO - _monitor_execution:392 - [2m2025-09-24T06:14:50.977455Z[0m [[32m[1minfo     [0m] [1m📊 Execution progress          [0m [[0m[1m[34mconnector[0m][0m [36mactive_workers[0m=[35m3[0m [36mcommands_executed[0m=[35m45[0m [36mqueue_size[0m=[35m0[0m [36mrecords_processed[0m=[35m4606[0m
2025-09-24 11:45:01,027 - connector - INFO - _monitor_execution:392 - [2m2025-09-24T06:15:01.027526Z[0m [[32m[1minfo     [0m] [1m📊 Execution progress          [0m [[0m[1m[34mconnector[0m][0m [36mactive_workers[0m=[35m3[0m [36mcommands_executed[0m=[35m45[0m [36mqueue_size[0m=[35m0[0m [36mrecords_processed[0m=[35m4606[0m
2025-09-24 11:45:11,112 - connector - INFO - _monitor_execution:392 - [2m2025-09-24T06:15:11.112694Z[0m [[32m[1minfo     [0m] [1m📊 Execution progress          [0m [[0m[1m[34mconnector[0m][0m [36mactive_workers[0m=[35m3[0m [36mcommands_executed[0m=[35m45[0m [36mqueue_size[0m=[35m0[0m [36mrecords_processed[0m=[35m4606[0m
2025-09-24 11:45:21,213 - connector - INFO - _monitor_execution:392 - [2m2025-09-24T06:15:21.213024Z[0m [[32m[1minfo     [0m] [1m📊 Execution progress          [0m [[0m[1m[34mconnector[0m][0m [36mactive_workers[0m=[35m3[0m [36mcommands_executed[0m=[35m45[0m [36mqueue_size[0m=[35m0[0m [36mrecords_processed[0m=[35m4606[0m
2025-09-24 11:45:31,289 - connector - INFO - _monitor_execution:392 - [2m2025-09-24T06:15:31.289726Z[0m [[32m[1minfo     [0m] [1m📊 Execution progress          [0m [[0m[1m[34mconnector[0m][0m [36mactive_workers[0m=[35m3[0m [36mcommands_executed[0m=[35m45[0m [36mqueue_size[0m=[35m0[0m [36mrecords_processed[0m=[35m4606[0m
2025-09-24 11:45:41,336 - connector - INFO - _monitor_execution:392 - [2m2025-09-24T06:15:41.336124Z[0m [[32m[1minfo     [0m] [1m📊 Execution progress          [0m [[0m[1m[34mconnector[0m][0m [36mactive_workers[0m=[35m3[0m [36mcommands_executed[0m=[35m45[0m [36mqueue_size[0m=[35m0[0m [36mrecords_processed[0m=[35m4606[0m
2025-09-24 11:45:51,421 - connector - INFO - _monitor_execution:392 - [2m2025-09-24T06:15:51.421993Z[0m [[32m[1minfo     [0m] [1m📊 Execution progress          [0m [[0m[1m[34mconnector[0m][0m [36mactive_workers[0m=[35m3[0m [36mcommands_executed[0m=[35m45[0m [36mqueue_size[0m=[35m0[0m [36mrecords_processed[0m=[35m4606[0m
2025-09-24 11:46:01,523 - connector - INFO - _monitor_execution:392 - [2m2025-09-24T06:16:01.523516Z[0m [[32m[1minfo     [0m] [1m📊 Execution progress          [0m [[0m[1m[34mconnector[0m][0m [36mactive_workers[0m=[35m3[0m [36mcommands_executed[0m=[35m45[0m [36mqueue_size[0m=[35m0[0m [36mrecords_processed[0m=[35m4606[0m
2025-09-24 11:46:11,618 - connector - INFO - _monitor_execution:392 - [2m2025-09-24T06:16:11.618454Z[0m [[32m[1minfo     [0m] [1m📊 Execution progress          [0m [[0m[1m[34mconnector[0m][0m [36mactive_workers[0m=[35m3[0m [36mcommands_executed[0m=[35m45[0m [36mqueue_size[0m=[35m0[0m [36mrecords_processed[0m=[35m4606[0m
2025-09-24 11:46:21,731 - connector - INFO - _monitor_execution:392 - [2m2025-09-24T06:16:21.731782Z[0m [[32m[1minfo     [0m] [1m📊 Execution progress          [0m [[0m[1m[34mconnector[0m][0m [36mactive_workers[0m=[35m3[0m [36mcommands_executed[0m=[35m45[0m [36mqueue_size[0m=[35m0[0m [36mrecords_processed[0m=[35m4606[0m
2025-09-24 11:46:31,853 - connector - INFO - _monitor_execution:392 - [2m2025-09-24T06:16:31.852046Z[0m [[32m[1minfo     [0m] [1m📊 Execution progress          [0m [[0m[1m[34mconnector[0m][0m [36mactive_workers[0m=[35m3[0m [36mcommands_executed[0m=[35m45[0m [36mqueue_size[0m=[35m0[0m [36mrecords_processed[0m=[35m4606[0m
2025-09-24 11:46:41,921 - connector - INFO - _monitor_execution:392 - [2m2025-09-24T06:16:41.921485Z[0m [[32m[1minfo     [0m] [1m📊 Execution progress          [0m [[0m[1m[34mconnector[0m][0m [36mactive_workers[0m=[35m3[0m [36mcommands_executed[0m=[35m45[0m [36mqueue_size[0m=[35m0[0m [36mrecords_processed[0m=[35m4606[0m
2025-09-24 11:46:52,010 - connector - INFO - _monitor_execution:392 - [2m2025-09-24T06:16:52.010353Z[0m [[32m[1minfo     [0m] [1m📊 Execution progress          [0m [[0m[1m[34mconnector[0m][0m [36mactive_workers[0m=[35m3[0m [36mcommands_executed[0m=[35m45[0m [36mqueue_size[0m=[35m0[0m [36mrecords_processed[0m=[35m4606[0m
2025-09-24 11:47:02,098 - connector - INFO - _monitor_execution:392 - [2m2025-09-24T06:17:02.098824Z[0m [[32m[1minfo     [0m] [1m📊 Execution progress          [0m [[0m[1m[34mconnector[0m][0m [36mactive_workers[0m=[35m3[0m [36mcommands_executed[0m=[35m45[0m [36mqueue_size[0m=[35m0[0m [36mrecords_processed[0m=[35m4606[0m
2025-09-24 11:47:12,200 - connector - INFO - _monitor_execution:392 - [2m2025-09-24T06:17:12.200417Z[0m [[32m[1minfo     [0m] [1m📊 Execution progress          [0m [[0m[1m[34mconnector[0m][0m [36mactive_workers[0m=[35m3[0m [36mcommands_executed[0m=[35m45[0m [36mqueue_size[0m=[35m0[0m [36mrecords_processed[0m=[35m4606[0m
2025-09-24 11:47:22,299 - connector - INFO - _monitor_execution:392 - [2m2025-09-24T06:17:22.299363Z[0m [[32m[1minfo     [0m] [1m📊 Execution progress          [0m [[0m[1m[34mconnector[0m][0m [36mactive_workers[0m=[35m3[0m [36mcommands_executed[0m=[35m45[0m [36mqueue_size[0m=[35m0[0m [36mrecords_processed[0m=[35m4606[0m
2025-09-24 11:47:32,368 - connector - INFO - _monitor_execution:392 - [2m2025-09-24T06:17:32.368812Z[0m [[32m[1minfo     [0m] [1m📊 Execution progress          [0m [[0m[1m[34mconnector[0m][0m [36mactive_workers[0m=[35m3[0m [36mcommands_executed[0m=[35m45[0m [36mqueue_size[0m=[35m0[0m [36mrecords_processed[0m=[35m4606[0m
2025-09-24 11:47:42,402 - connector - INFO - _monitor_execution:392 - [2m2025-09-24T06:17:42.402195Z[0m [[32m[1minfo     [0m] [1m📊 Execution progress          [0m [[0m[1m[34mconnector[0m][0m [36mactive_workers[0m=[35m3[0m [36mcommands_executed[0m=[35m45[0m [36mqueue_size[0m=[35m0[0m [36mrecords_processed[0m=[35m4606[0m
2025-09-24 11:47:52,496 - connector - INFO - _monitor_execution:392 - [2m2025-09-24T06:17:52.496318Z[0m [[32m[1minfo     [0m] [1m📊 Execution progress          [0m [[0m[1m[34mconnector[0m][0m [36mactive_workers[0m=[35m3[0m [36mcommands_executed[0m=[35m45[0m [36mqueue_size[0m=[35m0[0m [36mrecords_processed[0m=[35m4606[0m
2025-09-24 11:48:02,602 - connector - INFO - _monitor_execution:392 - [2m2025-09-24T06:18:02.602515Z[0m [[32m[1minfo     [0m] [1m📊 Execution progress          [0m [[0m[1m[34mconnector[0m][0m [36mactive_workers[0m=[35m3[0m [36mcommands_executed[0m=[35m45[0m [36mqueue_size[0m=[35m0[0m [36mrecords_processed[0m=[35m4606[0m
2025-09-24 11:48:12,657 - connector - INFO - _monitor_execution:392 - [2m2025-09-24T06:18:12.657831Z[0m [[32m[1minfo     [0m] [1m📊 Execution progress          [0m [[0m[1m[34mconnector[0m][0m [36mactive_workers[0m=[35m3[0m [36mcommands_executed[0m=[35m45[0m [36mqueue_size[0m=[35m0[0m [36mrecords_processed[0m=[35m4606[0m
2025-09-24 11:48:22,707 - connector - INFO - _monitor_execution:392 - [2m2025-09-24T06:18:22.707115Z[0m [[32m[1minfo     [0m] [1m📊 Execution progress          [0m [[0m[1m[34mconnector[0m][0m [36mactive_workers[0m=[35m3[0m [36mcommands_executed[0m=[35m45[0m [36mqueue_size[0m=[35m0[0m [36mrecords_processed[0m=[35m4606[0m
2025-09-24 11:48:32,773 - connector - INFO - _monitor_execution:392 - [2m2025-09-24T06:18:32.773021Z[0m [[32m[1minfo     [0m] [1m📊 Execution progress          [0m [[0m[1m[34mconnector[0m][0m [36mactive_workers[0m=[35m3[0m [36mcommands_executed[0m=[35m45[0m [36mqueue_size[0m=[35m0[0m [36mrecords_processed[0m=[35m4606[0m
2025-09-24 11:48:42,827 - connector - INFO - _monitor_execution:392 - [2m2025-09-24T06:18:42.827963Z[0m [[32m[1minfo     [0m] [1m📊 Execution progress          [0m [[0m[1m[34mconnector[0m][0m [36mactive_workers[0m=[35m3[0m [36mcommands_executed[0m=[35m45[0m [36mqueue_size[0m=[35m0[0m [36mrecords_processed[0m=[35m4606[0m
2025-09-24 11:48:52,882 - connector - INFO - _monitor_execution:392 - [2m2025-09-24T06:18:52.882722Z[0m [[32m[1minfo     [0m] [1m📊 Execution progress          [0m [[0m[1m[34mconnector[0m][0m [36mactive_workers[0m=[35m3[0m [36mcommands_executed[0m=[35m45[0m [36mqueue_size[0m=[35m0[0m [36mrecords_processed[0m=[35m4606[0m
2025-09-24 11:49:02,948 - connector - INFO - _monitor_execution:392 - [2m2025-09-24T06:19:02.948672Z[0m [[32m[1minfo     [0m] [1m📊 Execution progress          [0m [[0m[1m[34mconnector[0m][0m [36mactive_workers[0m=[35m3[0m [36mcommands_executed[0m=[35m45[0m [36mqueue_size[0m=[35m0[0m [36mrecords_processed[0m=[35m4606[0m
2025-09-24 11:49:13,027 - connector - INFO - _monitor_execution:392 - [2m2025-09-24T06:19:13.027537Z[0m [[32m[1minfo     [0m] [1m📊 Execution progress          [0m [[0m[1m[34mconnector[0m][0m [36mactive_workers[0m=[35m3[0m [36mcommands_executed[0m=[35m45[0m [36mqueue_size[0m=[35m0[0m [36mrecords_processed[0m=[35m4606[0m
2025-09-24 11:49:23,105 - connector - INFO - _monitor_execution:392 - [2m2025-09-24T06:19:23.104335Z[0m [[32m[1minfo     [0m] [1m📊 Execution progress          [0m [[0m[1m[34mconnector[0m][0m [36mactive_workers[0m=[35m3[0m [36mcommands_executed[0m=[35m45[0m [36mqueue_size[0m=[35m0[0m [36mrecords_processed[0m=[35m4606[0m
2025-09-24 11:49:33,181 - connector - INFO - _monitor_execution:392 - [2m2025-09-24T06:19:33.181220Z[0m [[32m[1minfo     [0m] [1m📊 Execution progress          [0m [[0m[1m[34mconnector[0m][0m [36mactive_workers[0m=[35m3[0m [36mcommands_executed[0m=[35m45[0m [36mqueue_size[0m=[35m0[0m [36mrecords_processed[0m=[35m4606[0m
2025-09-24 11:49:43,252 - connector - INFO - _monitor_execution:392 - [2m2025-09-24T06:19:43.252582Z[0m [[32m[1minfo     [0m] [1m📊 Execution progress          [0m [[0m[1m[34mconnector[0m][0m [36mactive_workers[0m=[35m3[0m [36mcommands_executed[0m=[35m45[0m [36mqueue_size[0m=[35m0[0m [36mrecords_processed[0m=[35m4606[0m
