2025-09-22 14:54:15,730 - logging_config - INFO - setup_connector_logging:106 - [2m2025-09-22T09:24:15.730972Z[0m [[32m[1minfo     [0m] [1mSAP OData Connector logging configured[0m [[0m[1m[34mlogging_config[0m][0m [36mlog_file[0m=[35mlogs\sap_odata_connector_20250922_145415.log[0m [36mlog_level[0m=[35mINFO[0m [36mlog_to_file[0m=[35mTrue[0m
2025-09-22 14:54:15,986 - logging_config - INFO - setup_connector_logging:106 - [2m2025-09-22T09:24:15.986113Z[0m [[32m[1minfo     [0m] [1mSAP OData Connector logging configured[0m [[0m[1m[34mlogging_config[0m][0m [36mlog_file[0m=[35mlogs\sap_odata_connector_20250922_145415.log[0m [36mlog_level[0m=[35mINFO[0m [36mlog_to_file[0m=[35mTrue[0m
2025-09-22 14:54:16,511 - asyncio - DEBUG - __init__:634 - Using proactor: IocpProactor
2025-09-22 14:54:16,523 - odc.connector - INFO - initialize:98 - [2m2025-09-22T09:24:16.511865Z[0m [[32m[1minfo     [0m] [1mInitializing SAP OData Connector[0m [[0m[1m[34modc.connector[0m][0m
2025-09-22 14:54:16,526 - odc.connector - INFO - initialize:124 - [2m2025-09-22T09:24:16.525416Z[0m [[32m[1minfo     [0m] [1mConnector initialization completed[0m [[0m[1m[34modc.connector[0m][0m
2025-09-22 14:54:16,527 - odc.connector - INFO - run:152 - [2m2025-09-22T09:24:16.527434Z[0m [[32m[1minfo     [0m] [1mStarting SAP OData connector execution[0m [[0m[1m[34modc.connector[0m][0m
2025-09-22 14:54:16,527 - odc.connector - INFO - _discovery_phase:187 - [2m2025-09-22T09:24:16.527434Z[0m [[32m[1minfo     [0m] [1mStarting discovery phase      [0m [[0m[1m[34modc.connector[0m][0m
2025-09-22 14:54:16,978 - services.metadata - INFO - fetch_metadata:64 - [2m2025-09-22T09:24:16.978235Z[0m [[32m[1minfo     [0m] [1mFetching metadata from OData service[0m [[0m[1m[34mservices.metadata[0m][0m [36murl[0m=[35mhttps://services.odata.org/V4/Northwind/Northwind.svc/$metadata[0m
2025-09-22 14:54:16,986 - httpcore.connection - DEBUG - atrace:87 - connect_tcp.started host='services.odata.org' port=443 local_address=None timeout=30 socket_options=None
2025-09-22 14:54:17,274 - httpcore.connection - DEBUG - atrace:87 - connect_tcp.complete return_value=<httpcore._backends.anyio.AnyIOStream object at 0x000001DCFC3553A0>
2025-09-22 14:54:17,275 - httpcore.connection - DEBUG - atrace:87 - start_tls.started ssl_context=<ssl.SSLContext object at 0x000001DCFC39CC50> server_hostname='services.odata.org' timeout=30
2025-09-22 14:54:17,761 - httpcore.connection - DEBUG - atrace:87 - start_tls.complete return_value=<httpcore._backends.anyio.AnyIOStream object at 0x000001DCFBF2C140>
2025-09-22 14:54:17,762 - httpcore.http11 - DEBUG - atrace:87 - send_request_headers.started request=<Request [b'GET']>
2025-09-22 14:54:17,762 - httpcore.http11 - DEBUG - atrace:87 - send_request_headers.complete
2025-09-22 14:54:17,762 - httpcore.http11 - DEBUG - atrace:87 - send_request_body.started request=<Request [b'GET']>
2025-09-22 14:54:17,762 - httpcore.http11 - DEBUG - atrace:87 - send_request_body.complete
2025-09-22 14:54:17,764 - httpcore.http11 - DEBUG - atrace:87 - receive_response_headers.started request=<Request [b'GET']>
2025-09-22 14:54:18,010 - httpcore.http11 - DEBUG - atrace:87 - receive_response_headers.complete return_value=(b'HTTP/1.1', 200, b'OK', [(b'Content-Length', b'19406'), (b'Content-Type', b'application/xml;charset=utf-8'), (b'Date', b'Mon, 22 Sep 2025 09:24:18 GMT'), (b'Server', b'Microsoft-IIS/10.0'), (b'Access-Control-Allow-Headers', b'Accept, Origin, Content-Type, MaxDataServiceVersion'), (b'Access-Control-Allow-Methods', b'GET'), (b'Access-Control-Allow-Origin', b'*'), (b'Access-Control-Expose-Headers', b'DataServiceVersion'), (b'Cache-Control', b'private'), (b'Expires', b'Mon, 22 Sep 2025 09:25:19 GMT'), (b'Vary', b'*'), (b'X-Content-Type-Options', b'nosniff'), (b'OData-Version', b'4.0;'), (b'X-AspNet-Version', b'4.0.30319'), (b'X-Powered-By', b'ASP.NET')])
2025-09-22 14:54:18,011 - httpx - INFO - _send_single_request:1740 - HTTP Request: GET https://services.odata.org/V4/Northwind/Northwind.svc/$metadata "HTTP/1.1 200 OK"
2025-09-22 14:54:18,011 - httpcore.http11 - DEBUG - atrace:87 - receive_response_body.started request=<Request [b'GET']>
2025-09-22 14:54:18,234 - httpcore.http11 - DEBUG - atrace:87 - receive_response_body.complete
2025-09-22 14:54:18,234 - httpcore.http11 - DEBUG - atrace:87 - response_closed.started
2025-09-22 14:54:18,234 - httpcore.http11 - DEBUG - atrace:87 - response_closed.complete
2025-09-22 14:54:18,236 - services.metadata - INFO - fetch_metadata:82 - [2m2025-09-22T09:24:18.236530Z[0m [[32m[1minfo     [0m] [1mSuccessfully parsed metadata  [0m [[0m[1m[34mservices.metadata[0m][0m [36mentity_count[0m=[35m26[0m
2025-09-22 14:54:18,236 - httpcore.connection - DEBUG - atrace:87 - close.started
2025-09-22 14:54:18,236 - httpcore.connection - DEBUG - atrace:87 - close.complete
2025-09-22 14:54:18,550 - services.count - INFO - get_entity_counts:34 - [2m2025-09-22T09:24:18.550283Z[0m [[32m[1minfo     [0m] [1mFetching entity counts        [0m [[0m[1m[34mservices.count[0m][0m [36mentity_count[0m=[35m26[0m
2025-09-22 14:54:18,551 - httpcore.connection - DEBUG - atrace:87 - connect_tcp.started host='services.odata.org' port=443 local_address=None timeout=30 socket_options=None
2025-09-22 14:54:18,551 - httpcore.connection - DEBUG - atrace:87 - connect_tcp.started host='services.odata.org' port=443 local_address=None timeout=30 socket_options=None
2025-09-22 14:54:18,551 - httpcore.connection - DEBUG - atrace:87 - connect_tcp.started host='services.odata.org' port=443 local_address=None timeout=30 socket_options=None
2025-09-22 14:54:18,551 - httpcore.connection - DEBUG - atrace:87 - connect_tcp.started host='services.odata.org' port=443 local_address=None timeout=30 socket_options=None
2025-09-22 14:54:18,551 - httpcore.connection - DEBUG - atrace:87 - connect_tcp.started host='services.odata.org' port=443 local_address=None timeout=30 socket_options=None
2025-09-22 14:54:18,551 - httpcore.connection - DEBUG - atrace:87 - connect_tcp.started host='services.odata.org' port=443 local_address=None timeout=30 socket_options=None
2025-09-22 14:54:18,551 - httpcore.connection - DEBUG - atrace:87 - connect_tcp.started host='services.odata.org' port=443 local_address=None timeout=30 socket_options=None
2025-09-22 14:54:18,551 - httpcore.connection - DEBUG - atrace:87 - connect_tcp.started host='services.odata.org' port=443 local_address=None timeout=30 socket_options=None
2025-09-22 14:54:18,551 - httpcore.connection - DEBUG - atrace:87 - connect_tcp.started host='services.odata.org' port=443 local_address=None timeout=30 socket_options=None
2025-09-22 14:54:18,551 - httpcore.connection - DEBUG - atrace:87 - connect_tcp.started host='services.odata.org' port=443 local_address=None timeout=30 socket_options=None
2025-09-22 14:54:18,551 - httpcore.connection - DEBUG - atrace:87 - connect_tcp.started host='services.odata.org' port=443 local_address=None timeout=30 socket_options=None
2025-09-22 14:54:18,551 - httpcore.connection - DEBUG - atrace:87 - connect_tcp.started host='services.odata.org' port=443 local_address=None timeout=30 socket_options=None
2025-09-22 14:54:18,560 - httpcore.connection - DEBUG - atrace:87 - connect_tcp.started host='services.odata.org' port=443 local_address=None timeout=30 socket_options=None
2025-09-22 14:54:18,561 - httpcore.connection - DEBUG - atrace:87 - connect_tcp.started host='services.odata.org' port=443 local_address=None timeout=30 socket_options=None
2025-09-22 14:54:18,561 - httpcore.connection - DEBUG - atrace:87 - connect_tcp.started host='services.odata.org' port=443 local_address=None timeout=30 socket_options=None
2025-09-22 14:54:18,561 - httpcore.connection - DEBUG - atrace:87 - connect_tcp.started host='services.odata.org' port=443 local_address=None timeout=30 socket_options=None
2025-09-22 14:54:18,562 - httpcore.connection - DEBUG - atrace:87 - connect_tcp.started host='services.odata.org' port=443 local_address=None timeout=30 socket_options=None
2025-09-22 14:54:18,562 - httpcore.connection - DEBUG - atrace:87 - connect_tcp.started host='services.odata.org' port=443 local_address=None timeout=30 socket_options=None
2025-09-22 14:54:18,563 - httpcore.connection - DEBUG - atrace:87 - connect_tcp.started host='services.odata.org' port=443 local_address=None timeout=30 socket_options=None
2025-09-22 14:54:18,563 - httpcore.connection - DEBUG - atrace:87 - connect_tcp.started host='services.odata.org' port=443 local_address=None timeout=30 socket_options=None
2025-09-22 14:54:18,563 - httpcore.connection - DEBUG - atrace:87 - connect_tcp.started host='services.odata.org' port=443 local_address=None timeout=30 socket_options=None
2025-09-22 14:54:18,563 - httpcore.connection - DEBUG - atrace:87 - connect_tcp.started host='services.odata.org' port=443 local_address=None timeout=30 socket_options=None
2025-09-22 14:54:18,565 - httpcore.connection - DEBUG - atrace:87 - connect_tcp.started host='services.odata.org' port=443 local_address=None timeout=30 socket_options=None
2025-09-22 14:54:18,565 - httpcore.connection - DEBUG - atrace:87 - connect_tcp.started host='services.odata.org' port=443 local_address=None timeout=30 socket_options=None
2025-09-22 14:54:18,566 - httpcore.connection - DEBUG - atrace:87 - connect_tcp.started host='services.odata.org' port=443 local_address=None timeout=30 socket_options=None
2025-09-22 14:54:18,567 - httpcore.connection - DEBUG - atrace:87 - connect_tcp.started host='services.odata.org' port=443 local_address=None timeout=30 socket_options=None
2025-09-22 14:54:18,794 - httpcore.connection - DEBUG - atrace:87 - connect_tcp.complete return_value=<httpcore._backends.anyio.AnyIOStream object at 0x000001DCFC46C590>
2025-09-22 14:54:18,794 - httpcore.connection - DEBUG - atrace:87 - start_tls.started ssl_context=<ssl.SSLContext object at 0x000001DCFC39DA50> server_hostname='services.odata.org' timeout=30
2025-09-22 14:54:18,794 - httpcore.connection - DEBUG - atrace:87 - connect_tcp.complete return_value=<httpcore._backends.anyio.AnyIOStream object at 0x000001DCFC46CBC0>
2025-09-22 14:54:18,794 - httpcore.connection - DEBUG - atrace:87 - start_tls.started ssl_context=<ssl.SSLContext object at 0x000001DCFC39DA50> server_hostname='services.odata.org' timeout=30
2025-09-22 14:54:18,794 - httpcore.connection - DEBUG - atrace:87 - connect_tcp.complete return_value=<httpcore._backends.anyio.AnyIOStream object at 0x000001DCFC4904A0>
2025-09-22 14:54:18,794 - httpcore.connection - DEBUG - atrace:87 - start_tls.started ssl_context=<ssl.SSLContext object at 0x000001DCFC39DA50> server_hostname='services.odata.org' timeout=30
2025-09-22 14:54:18,800 - httpcore.connection - DEBUG - atrace:87 - connect_tcp.complete return_value=<httpcore._backends.anyio.AnyIOStream object at 0x000001DCFC491A90>
2025-09-22 14:54:18,800 - httpcore.connection - DEBUG - atrace:87 - start_tls.started ssl_context=<ssl.SSLContext object at 0x000001DCFC39DA50> server_hostname='services.odata.org' timeout=30
2025-09-22 14:54:18,800 - httpcore.connection - DEBUG - atrace:87 - connect_tcp.complete return_value=<httpcore._backends.anyio.AnyIOStream object at 0x000001DCFC46F8C0>
2025-09-22 14:54:18,800 - httpcore.connection - DEBUG - atrace:87 - start_tls.started ssl_context=<ssl.SSLContext object at 0x000001DCFC39DA50> server_hostname='services.odata.org' timeout=30
2025-09-22 14:54:18,803 - httpcore.connection - DEBUG - atrace:87 - connect_tcp.complete return_value=<httpcore._backends.anyio.AnyIOStream object at 0x000001DCFC422690>
2025-09-22 14:54:18,803 - httpcore.connection - DEBUG - atrace:87 - start_tls.started ssl_context=<ssl.SSLContext object at 0x000001DCFC39DA50> server_hostname='services.odata.org' timeout=30
2025-09-22 14:54:18,803 - httpcore.connection - DEBUG - atrace:87 - connect_tcp.complete return_value=<httpcore._backends.anyio.AnyIOStream object at 0x000001DCFC421F10>
2025-09-22 14:54:18,803 - httpcore.connection - DEBUG - atrace:87 - start_tls.started ssl_context=<ssl.SSLContext object at 0x000001DCFC39DA50> server_hostname='services.odata.org' timeout=30
2025-09-22 14:54:18,803 - httpcore.connection - DEBUG - atrace:87 - connect_tcp.complete return_value=<httpcore._backends.anyio.AnyIOStream object at 0x000001DCFC46EBA0>
2025-09-22 14:54:18,803 - httpcore.connection - DEBUG - atrace:87 - start_tls.started ssl_context=<ssl.SSLContext object at 0x000001DCFC39DA50> server_hostname='services.odata.org' timeout=30
2025-09-22 14:54:18,803 - httpcore.connection - DEBUG - atrace:87 - connect_tcp.complete return_value=<httpcore._backends.anyio.AnyIOStream object at 0x000001DCFC4232F0>
2025-09-22 14:54:18,803 - httpcore.connection - DEBUG - atrace:87 - start_tls.started ssl_context=<ssl.SSLContext object at 0x000001DCFC39DA50> server_hostname='services.odata.org' timeout=30
2025-09-22 14:54:18,803 - httpcore.connection - DEBUG - atrace:87 - connect_tcp.complete return_value=<httpcore._backends.anyio.AnyIOStream object at 0x000001DCFC7EF1D0>
2025-09-22 14:54:18,803 - httpcore.connection - DEBUG - atrace:87 - start_tls.started ssl_context=<ssl.SSLContext object at 0x000001DCFC39DA50> server_hostname='services.odata.org' timeout=30
2025-09-22 14:54:18,808 - httpcore.connection - DEBUG - atrace:87 - connect_tcp.complete return_value=<httpcore._backends.anyio.AnyIOStream object at 0x000001DCFC47ADE0>
2025-09-22 14:54:18,808 - httpcore.connection - DEBUG - atrace:87 - start_tls.started ssl_context=<ssl.SSLContext object at 0x000001DCFC39DA50> server_hostname='services.odata.org' timeout=30
2025-09-22 14:54:18,809 - httpcore.connection - DEBUG - atrace:87 - connect_tcp.complete return_value=<httpcore._backends.anyio.AnyIOStream object at 0x000001DCFC46F230>
2025-09-22 14:54:18,809 - httpcore.connection - DEBUG - atrace:87 - start_tls.started ssl_context=<ssl.SSLContext object at 0x000001DCFC39DA50> server_hostname='services.odata.org' timeout=30
2025-09-22 14:54:18,810 - httpcore.connection - DEBUG - atrace:87 - connect_tcp.complete return_value=<httpcore._backends.anyio.AnyIOStream object at 0x000001DCFC422CC0>
2025-09-22 14:54:18,811 - httpcore.connection - DEBUG - atrace:87 - start_tls.started ssl_context=<ssl.SSLContext object at 0x000001DCFC39DA50> server_hostname='services.odata.org' timeout=30
2025-09-22 14:54:18,811 - httpcore.connection - DEBUG - atrace:87 - connect_tcp.complete return_value=<httpcore._backends.anyio.AnyIOStream object at 0x000001DCFC46DEB0>
2025-09-22 14:54:18,811 - httpcore.connection - DEBUG - atrace:87 - start_tls.started ssl_context=<ssl.SSLContext object at 0x000001DCFC39DA50> server_hostname='services.odata.org' timeout=30
2025-09-22 14:54:18,811 - httpcore.connection - DEBUG - atrace:87 - connect_tcp.complete return_value=<httpcore._backends.anyio.AnyIOStream object at 0x000001DCFC46D1C0>
2025-09-22 14:54:18,811 - httpcore.connection - DEBUG - atrace:87 - start_tls.started ssl_context=<ssl.SSLContext object at 0x000001DCFC39DA50> server_hostname='services.odata.org' timeout=30
2025-09-22 14:54:18,811 - httpcore.connection - DEBUG - atrace:87 - connect_tcp.complete return_value=<httpcore._backends.anyio.AnyIOStream object at 0x000001DCFC46D820>
2025-09-22 14:54:18,811 - httpcore.connection - DEBUG - atrace:87 - start_tls.started ssl_context=<ssl.SSLContext object at 0x000001DCFC39DA50> server_hostname='services.odata.org' timeout=30
2025-09-22 14:54:18,811 - httpcore.connection - DEBUG - atrace:87 - connect_tcp.complete return_value=<httpcore._backends.anyio.AnyIOStream object at 0x000001DCFC423920>
2025-09-22 14:54:18,814 - httpcore.connection - DEBUG - atrace:87 - start_tls.started ssl_context=<ssl.SSLContext object at 0x000001DCFC39DA50> server_hostname='services.odata.org' timeout=30
2025-09-22 14:54:18,814 - httpcore.connection - DEBUG - atrace:87 - connect_tcp.complete return_value=<httpcore._backends.anyio.AnyIOStream object at 0x000001DCFC47ADB0>
2025-09-22 14:54:18,814 - httpcore.connection - DEBUG - atrace:87 - start_tls.started ssl_context=<ssl.SSLContext object at 0x000001DCFC39DA50> server_hostname='services.odata.org' timeout=30
2025-09-22 14:54:18,814 - httpcore.connection - DEBUG - atrace:87 - connect_tcp.complete return_value=<httpcore._backends.anyio.AnyIOStream object at 0x000001DCFC479940>
2025-09-22 14:54:18,814 - httpcore.connection - DEBUG - atrace:87 - start_tls.started ssl_context=<ssl.SSLContext object at 0x000001DCFC39DA50> server_hostname='services.odata.org' timeout=30
2025-09-22 14:54:18,814 - httpcore.connection - DEBUG - atrace:87 - connect_tcp.complete return_value=<httpcore._backends.anyio.AnyIOStream object at 0x000001DCFC47A660>
2025-09-22 14:54:18,814 - httpcore.connection - DEBUG - atrace:87 - start_tls.started ssl_context=<ssl.SSLContext object at 0x000001DCFC39DA50> server_hostname='services.odata.org' timeout=30
2025-09-22 14:54:18,814 - httpcore.connection - DEBUG - atrace:87 - connect_tcp.complete return_value=<httpcore._backends.anyio.AnyIOStream object at 0x000001DCFC46E540>
2025-09-22 14:54:18,814 - httpcore.connection - DEBUG - atrace:87 - start_tls.started ssl_context=<ssl.SSLContext object at 0x000001DCFC39DA50> server_hostname='services.odata.org' timeout=30
2025-09-22 14:54:18,814 - httpcore.connection - DEBUG - atrace:87 - connect_tcp.complete return_value=<httpcore._backends.anyio.AnyIOStream object at 0x000001DCFC478C20>
2025-09-22 14:54:18,814 - httpcore.connection - DEBUG - atrace:87 - start_tls.started ssl_context=<ssl.SSLContext object at 0x000001DCFC39DA50> server_hostname='services.odata.org' timeout=30
2025-09-22 14:54:18,814 - httpcore.connection - DEBUG - atrace:87 - connect_tcp.complete return_value=<httpcore._backends.anyio.AnyIOStream object at 0x000001DCFC47BD10>
2025-09-22 14:54:18,814 - httpcore.connection - DEBUG - atrace:87 - start_tls.started ssl_context=<ssl.SSLContext object at 0x000001DCFC39DA50> server_hostname='services.odata.org' timeout=30
2025-09-22 14:54:18,814 - httpcore.connection - DEBUG - atrace:87 - connect_tcp.complete return_value=<httpcore._backends.anyio.AnyIOStream object at 0x000001DCFC4792B0>
2025-09-22 14:54:18,814 - httpcore.connection - DEBUG - atrace:87 - start_tls.started ssl_context=<ssl.SSLContext object at 0x000001DCFC39DA50> server_hostname='services.odata.org' timeout=30
2025-09-22 14:54:18,814 - httpcore.connection - DEBUG - atrace:87 - connect_tcp.complete return_value=<httpcore._backends.anyio.AnyIOStream object at 0x000001DCFC479FD0>
2025-09-22 14:54:18,814 - httpcore.connection - DEBUG - atrace:87 - start_tls.started ssl_context=<ssl.SSLContext object at 0x000001DCFC39DA50> server_hostname='services.odata.org' timeout=30
2025-09-22 14:54:18,814 - httpcore.connection - DEBUG - atrace:87 - connect_tcp.complete return_value=<httpcore._backends.anyio.AnyIOStream object at 0x000001DCFC4785C0>
2025-09-22 14:54:18,814 - httpcore.connection - DEBUG - atrace:87 - start_tls.started ssl_context=<ssl.SSLContext object at 0x000001DCFC39DA50> server_hostname='services.odata.org' timeout=30
2025-09-22 14:54:19,296 - httpcore.connection - DEBUG - atrace:87 - start_tls.complete return_value=<httpcore._backends.anyio.AnyIOStream object at 0x000001DCFC46FEC0>
2025-09-22 14:54:19,297 - httpcore.connection - DEBUG - atrace:87 - start_tls.complete return_value=<httpcore._backends.anyio.AnyIOStream object at 0x000001DCFC46D190>
2025-09-22 14:54:19,316 - httpcore.http11 - DEBUG - atrace:87 - send_request_headers.started request=<Request [b'GET']>
2025-09-22 14:54:19,316 - httpcore.http11 - DEBUG - atrace:87 - send_request_headers.started request=<Request [b'GET']>
2025-09-22 14:54:19,317 - httpcore.connection - DEBUG - atrace:87 - start_tls.complete return_value=<httpcore._backends.anyio.AnyIOStream object at 0x000001DCFC46CB60>
2025-09-22 14:54:19,317 - httpcore.http11 - DEBUG - atrace:87 - send_request_headers.complete
2025-09-22 14:54:19,318 - httpcore.http11 - DEBUG - atrace:87 - send_request_body.started request=<Request [b'GET']>
2025-09-22 14:54:19,318 - httpcore.http11 - DEBUG - atrace:87 - send_request_body.complete
2025-09-22 14:54:19,318 - httpcore.http11 - DEBUG - atrace:87 - receive_response_headers.started request=<Request [b'GET']>
2025-09-22 14:54:19,318 - httpcore.http11 - DEBUG - atrace:87 - send_request_headers.complete
2025-09-22 14:54:19,318 - httpcore.http11 - DEBUG - atrace:87 - send_request_body.started request=<Request [b'GET']>
2025-09-22 14:54:19,319 - httpcore.http11 - DEBUG - atrace:87 - send_request_body.complete
2025-09-22 14:54:19,319 - httpcore.http11 - DEBUG - atrace:87 - receive_response_headers.started request=<Request [b'GET']>
2025-09-22 14:54:19,319 - httpcore.http11 - DEBUG - atrace:87 - send_request_headers.started request=<Request [b'GET']>
2025-09-22 14:54:19,319 - httpcore.http11 - DEBUG - atrace:87 - send_request_headers.complete
2025-09-22 14:54:19,320 - httpcore.http11 - DEBUG - atrace:87 - send_request_body.started request=<Request [b'GET']>
2025-09-22 14:54:19,320 - httpcore.http11 - DEBUG - atrace:87 - send_request_body.complete
2025-09-22 14:54:19,320 - httpcore.http11 - DEBUG - atrace:87 - receive_response_headers.started request=<Request [b'GET']>
2025-09-22 14:54:19,398 - httpcore.connection - DEBUG - atrace:87 - start_tls.complete return_value=<httpcore._backends.anyio.AnyIOStream object at 0x000001DCFC478590>
2025-09-22 14:54:19,399 - httpcore.connection - DEBUG - atrace:87 - start_tls.complete return_value=<httpcore._backends.anyio.AnyIOStream object at 0x000001DCFC47BC80>
2025-09-22 14:54:19,400 - httpcore.http11 - DEBUG - atrace:87 - send_request_headers.started request=<Request [b'GET']>
2025-09-22 14:54:19,400 - httpcore.http11 - DEBUG - atrace:87 - send_request_headers.started request=<Request [b'GET']>
2025-09-22 14:54:19,603 - httpcore.http11 - DEBUG - atrace:87 - send_request_headers.complete
2025-09-22 14:54:19,603 - httpcore.http11 - DEBUG - atrace:87 - send_request_body.started request=<Request [b'GET']>
2025-09-22 14:54:19,603 - httpcore.http11 - DEBUG - atrace:87 - send_request_body.complete
2025-09-22 14:54:19,603 - httpcore.http11 - DEBUG - atrace:87 - receive_response_headers.started request=<Request [b'GET']>
2025-09-22 14:54:19,604 - httpcore.http11 - DEBUG - atrace:87 - send_request_headers.complete
2025-09-22 14:54:19,604 - httpcore.http11 - DEBUG - atrace:87 - send_request_body.started request=<Request [b'GET']>
2025-09-22 14:54:19,604 - httpcore.http11 - DEBUG - atrace:87 - send_request_body.complete
2025-09-22 14:54:19,604 - httpcore.http11 - DEBUG - atrace:87 - receive_response_headers.started request=<Request [b'GET']>
2025-09-22 14:54:19,604 - httpcore.connection - DEBUG - atrace:87 - start_tls.complete return_value=<httpcore._backends.anyio.AnyIOStream object at 0x000001DCFC479910>
2025-09-22 14:54:19,605 - httpcore.connection - DEBUG - atrace:87 - start_tls.complete return_value=<httpcore._backends.anyio.AnyIOStream object at 0x000001DCFC7ED280>
2025-09-22 14:54:19,606 - httpcore.connection - DEBUG - atrace:87 - start_tls.complete return_value=<httpcore._backends.anyio.AnyIOStream object at 0x000001DCFC46D7F0>
2025-09-22 14:54:19,606 - httpcore.connection - DEBUG - atrace:87 - start_tls.complete return_value=<httpcore._backends.anyio.AnyIOStream object at 0x000001DCFC46DE80>
2025-09-22 14:54:19,606 - httpcore.connection - DEBUG - atrace:87 - start_tls.complete return_value=<httpcore._backends.anyio.AnyIOStream object at 0x000001DCFC423EF0>
2025-09-22 14:54:19,610 - httpcore.connection - DEBUG - atrace:87 - start_tls.complete return_value=<httpcore._backends.anyio.AnyIOStream object at 0x000001DCFC479FA0>
2025-09-22 14:54:19,612 - httpcore.connection - DEBUG - atrace:87 - start_tls.complete return_value=<httpcore._backends.anyio.AnyIOStream object at 0x000001DCFC479280>
2025-09-22 14:54:19,614 - httpcore.connection - DEBUG - atrace:87 - start_tls.complete return_value=<httpcore._backends.anyio.AnyIOStream object at 0x000001DCFC47AD20>
2025-09-22 14:54:19,614 - httpcore.connection - DEBUG - atrace:87 - start_tls.complete return_value=<httpcore._backends.anyio.AnyIOStream object at 0x000001DCFC47AE10>
2025-09-22 14:54:19,614 - httpcore.connection - DEBUG - atrace:87 - start_tls.complete return_value=<httpcore._backends.anyio.AnyIOStream object at 0x000001DCFC46F890>
2025-09-22 14:54:19,615 - httpcore.connection - DEBUG - atrace:87 - start_tls.complete return_value=<httpcore._backends.anyio.AnyIOStream object at 0x000001DCFC423290>
2025-09-22 14:54:19,616 - httpcore.connection - DEBUG - atrace:87 - start_tls.complete return_value=<httpcore._backends.anyio.AnyIOStream object at 0x000001DCFC46E510>
2025-09-22 14:54:19,617 - httpcore.connection - DEBUG - atrace:87 - start_tls.complete return_value=<httpcore._backends.anyio.AnyIOStream object at 0x000001DCFC478BF0>
2025-09-22 14:54:19,618 - httpcore.connection - DEBUG - atrace:87 - start_tls.complete return_value=<httpcore._backends.anyio.AnyIOStream object at 0x000001DCFC47A630>
2025-09-22 14:54:19,619 - httpcore.connection - DEBUG - atrace:87 - start_tls.complete return_value=<httpcore._backends.anyio.AnyIOStream object at 0x000001DCFC46EB70>
2025-09-22 14:54:19,619 - httpcore.http11 - DEBUG - atrace:87 - send_request_headers.started request=<Request [b'GET']>
2025-09-22 14:54:19,619 - httpcore.http11 - DEBUG - atrace:87 - send_request_headers.started request=<Request [b'GET']>
2025-09-22 14:54:19,620 - httpcore.http11 - DEBUG - atrace:87 - send_request_headers.started request=<Request [b'GET']>
2025-09-22 14:54:19,621 - httpcore.http11 - DEBUG - atrace:87 - send_request_headers.started request=<Request [b'GET']>
2025-09-22 14:54:19,621 - httpcore.http11 - DEBUG - atrace:87 - send_request_headers.started request=<Request [b'GET']>
2025-09-22 14:54:19,622 - httpcore.http11 - DEBUG - atrace:87 - send_request_headers.started request=<Request [b'GET']>
2025-09-22 14:54:19,622 - httpcore.http11 - DEBUG - atrace:87 - send_request_headers.started request=<Request [b'GET']>
2025-09-22 14:54:19,624 - httpcore.http11 - DEBUG - atrace:87 - send_request_headers.started request=<Request [b'GET']>
2025-09-22 14:54:19,627 - httpcore.http11 - DEBUG - atrace:87 - send_request_headers.started request=<Request [b'GET']>
2025-09-22 14:54:19,629 - httpcore.http11 - DEBUG - atrace:87 - send_request_headers.started request=<Request [b'GET']>
2025-09-22 14:54:19,629 - httpcore.http11 - DEBUG - atrace:87 - send_request_headers.started request=<Request [b'GET']>
2025-09-22 14:54:19,629 - httpcore.http11 - DEBUG - atrace:87 - send_request_headers.started request=<Request [b'GET']>
2025-09-22 14:54:19,630 - httpcore.http11 - DEBUG - atrace:87 - send_request_headers.started request=<Request [b'GET']>
2025-09-22 14:54:19,630 - httpcore.http11 - DEBUG - atrace:87 - send_request_headers.started request=<Request [b'GET']>
2025-09-22 14:54:19,631 - httpcore.http11 - DEBUG - atrace:87 - send_request_headers.started request=<Request [b'GET']>
2025-09-22 14:54:19,632 - httpcore.http11 - DEBUG - atrace:87 - send_request_headers.complete
2025-09-22 14:54:19,633 - httpcore.http11 - DEBUG - atrace:87 - send_request_body.started request=<Request [b'GET']>
2025-09-22 14:54:19,633 - httpcore.http11 - DEBUG - atrace:87 - send_request_body.complete
2025-09-22 14:54:19,634 - httpcore.http11 - DEBUG - atrace:87 - receive_response_headers.started request=<Request [b'GET']>
2025-09-22 14:54:19,634 - httpcore.http11 - DEBUG - atrace:87 - send_request_headers.complete
2025-09-22 14:54:19,634 - httpcore.http11 - DEBUG - atrace:87 - send_request_body.started request=<Request [b'GET']>
2025-09-22 14:54:19,634 - httpcore.http11 - DEBUG - atrace:87 - send_request_body.complete
2025-09-22 14:54:19,634 - httpcore.http11 - DEBUG - atrace:87 - receive_response_headers.started request=<Request [b'GET']>
2025-09-22 14:54:19,635 - httpcore.http11 - DEBUG - atrace:87 - send_request_headers.complete
2025-09-22 14:54:19,636 - httpcore.http11 - DEBUG - atrace:87 - send_request_body.started request=<Request [b'GET']>
2025-09-22 14:54:19,636 - httpcore.http11 - DEBUG - atrace:87 - send_request_body.complete
2025-09-22 14:54:19,636 - httpcore.http11 - DEBUG - atrace:87 - receive_response_headers.started request=<Request [b'GET']>
2025-09-22 14:54:19,636 - httpcore.http11 - DEBUG - atrace:87 - send_request_headers.complete
2025-09-22 14:54:19,636 - httpcore.http11 - DEBUG - atrace:87 - send_request_body.started request=<Request [b'GET']>
2025-09-22 14:54:19,637 - httpcore.http11 - DEBUG - atrace:87 - send_request_body.complete
2025-09-22 14:54:19,637 - httpcore.http11 - DEBUG - atrace:87 - receive_response_headers.started request=<Request [b'GET']>
2025-09-22 14:54:19,638 - httpcore.http11 - DEBUG - atrace:87 - send_request_headers.complete
2025-09-22 14:54:19,639 - httpcore.http11 - DEBUG - atrace:87 - send_request_body.started request=<Request [b'GET']>
2025-09-22 14:54:19,639 - httpcore.http11 - DEBUG - atrace:87 - send_request_body.complete
2025-09-22 14:54:19,639 - httpcore.http11 - DEBUG - atrace:87 - receive_response_headers.started request=<Request [b'GET']>
2025-09-22 14:54:19,640 - httpcore.http11 - DEBUG - atrace:87 - send_request_headers.complete
2025-09-22 14:54:19,640 - httpcore.http11 - DEBUG - atrace:87 - send_request_body.started request=<Request [b'GET']>
2025-09-22 14:54:19,640 - httpcore.http11 - DEBUG - atrace:87 - send_request_body.complete
2025-09-22 14:54:19,641 - httpcore.http11 - DEBUG - atrace:87 - receive_response_headers.started request=<Request [b'GET']>
2025-09-22 14:54:19,643 - httpcore.http11 - DEBUG - atrace:87 - send_request_headers.complete
2025-09-22 14:54:19,643 - httpcore.http11 - DEBUG - atrace:87 - send_request_body.started request=<Request [b'GET']>
2025-09-22 14:54:19,643 - httpcore.http11 - DEBUG - atrace:87 - send_request_body.complete
2025-09-22 14:54:19,644 - httpcore.http11 - DEBUG - atrace:87 - receive_response_headers.started request=<Request [b'GET']>
2025-09-22 14:54:19,644 - httpcore.http11 - DEBUG - atrace:87 - send_request_headers.complete
2025-09-22 14:54:19,644 - httpcore.http11 - DEBUG - atrace:87 - send_request_body.started request=<Request [b'GET']>
2025-09-22 14:54:19,644 - httpcore.http11 - DEBUG - atrace:87 - send_request_body.complete
2025-09-22 14:54:19,644 - httpcore.http11 - DEBUG - atrace:87 - receive_response_headers.started request=<Request [b'GET']>
2025-09-22 14:54:19,644 - httpcore.http11 - DEBUG - atrace:87 - send_request_headers.complete
2025-09-22 14:54:19,646 - httpcore.http11 - DEBUG - atrace:87 - send_request_body.started request=<Request [b'GET']>
2025-09-22 14:54:19,646 - httpcore.http11 - DEBUG - atrace:87 - send_request_body.complete
2025-09-22 14:54:19,646 - httpcore.http11 - DEBUG - atrace:87 - receive_response_headers.started request=<Request [b'GET']>
2025-09-22 14:54:19,647 - httpcore.http11 - DEBUG - atrace:87 - send_request_headers.complete
2025-09-22 14:54:19,647 - httpcore.http11 - DEBUG - atrace:87 - send_request_body.started request=<Request [b'GET']>
2025-09-22 14:54:19,647 - httpcore.http11 - DEBUG - atrace:87 - send_request_body.complete
2025-09-22 14:54:19,647 - httpcore.http11 - DEBUG - atrace:87 - receive_response_headers.started request=<Request [b'GET']>
2025-09-22 14:54:19,647 - httpcore.http11 - DEBUG - atrace:87 - send_request_headers.complete
2025-09-22 14:54:19,647 - httpcore.http11 - DEBUG - atrace:87 - send_request_body.started request=<Request [b'GET']>
2025-09-22 14:54:19,647 - httpcore.http11 - DEBUG - atrace:87 - send_request_body.complete
2025-09-22 14:54:19,647 - httpcore.http11 - DEBUG - atrace:87 - receive_response_headers.started request=<Request [b'GET']>
2025-09-22 14:54:19,648 - httpcore.http11 - DEBUG - atrace:87 - send_request_headers.complete
2025-09-22 14:54:19,648 - httpcore.http11 - DEBUG - atrace:87 - send_request_body.started request=<Request [b'GET']>
2025-09-22 14:54:19,648 - httpcore.http11 - DEBUG - atrace:87 - send_request_body.complete
2025-09-22 14:54:19,648 - httpcore.http11 - DEBUG - atrace:87 - receive_response_headers.started request=<Request [b'GET']>
2025-09-22 14:54:19,648 - httpcore.http11 - DEBUG - atrace:87 - send_request_headers.complete
2025-09-22 14:54:19,648 - httpcore.http11 - DEBUG - atrace:87 - send_request_body.started request=<Request [b'GET']>
2025-09-22 14:54:19,648 - httpcore.http11 - DEBUG - atrace:87 - send_request_body.complete
2025-09-22 14:54:19,648 - httpcore.http11 - DEBUG - atrace:87 - receive_response_headers.started request=<Request [b'GET']>
2025-09-22 14:54:19,649 - httpcore.http11 - DEBUG - atrace:87 - send_request_headers.complete
2025-09-22 14:54:19,649 - httpcore.http11 - DEBUG - atrace:87 - send_request_body.started request=<Request [b'GET']>
2025-09-22 14:54:19,650 - httpcore.http11 - DEBUG - atrace:87 - send_request_body.complete
2025-09-22 14:54:19,650 - httpcore.http11 - DEBUG - atrace:87 - receive_response_headers.started request=<Request [b'GET']>
2025-09-22 14:54:19,650 - httpcore.http11 - DEBUG - atrace:87 - send_request_headers.complete
2025-09-22 14:54:19,650 - httpcore.http11 - DEBUG - atrace:87 - send_request_body.started request=<Request [b'GET']>
2025-09-22 14:54:19,651 - httpcore.http11 - DEBUG - atrace:87 - send_request_body.complete
2025-09-22 14:54:19,651 - httpcore.http11 - DEBUG - atrace:87 - receive_response_headers.started request=<Request [b'GET']>
2025-09-22 14:54:19,651 - httpcore.http11 - DEBUG - atrace:87 - receive_response_headers.complete return_value=(b'HTTP/1.1', 200, b'OK', [(b'Content-Length', b'124'), (b'Content-Type', b'text/plain;charset=utf-8'), (b'Date', b'Mon, 22 Sep 2025 09:24:21 GMT'), (b'Server', b'Microsoft-IIS/10.0'), (b'Access-Control-Allow-Headers', b'Accept, Origin, Content-Type, MaxDataServiceVersion'), (b'Access-Control-Allow-Methods', b'GET'), (b'Access-Control-Allow-Origin', b'*'), (b'Access-Control-Expose-Headers', b'DataServiceVersion'), (b'Cache-Control', b'private'), (b'Content-Encoding', b'gzip'), (b'Expires', b'Mon, 22 Sep 2025 09:24:29 GMT'), (b'Vary', b'*'), (b'X-Content-Type-Options', b'nosniff'), (b'OData-Version', b'4.0;'), (b'X-AspNet-Version', b'4.0.30319'), (b'X-Powered-By', b'ASP.NET')])
2025-09-22 14:54:19,652 - httpx - INFO - _send_single_request:1740 - HTTP Request: GET https://services.odata.org/V4/Northwind/Northwind.svc/Invoices/$count "HTTP/1.1 200 OK"
2025-09-22 14:54:19,653 - httpcore.http11 - DEBUG - atrace:87 - receive_response_body.started request=<Request [b'GET']>
2025-09-22 14:54:19,653 - httpcore.http11 - DEBUG - atrace:87 - receive_response_body.complete
2025-09-22 14:54:19,654 - httpcore.http11 - DEBUG - atrace:87 - response_closed.started
2025-09-22 14:54:19,654 - httpcore.http11 - DEBUG - atrace:87 - receive_response_headers.complete return_value=(b'HTTP/1.1', 200, b'OK', [(b'Content-Length', b'120'), (b'Content-Type', b'text/plain;charset=utf-8'), (b'Date', b'Mon, 22 Sep 2025 09:24:21 GMT'), (b'Server', b'Microsoft-IIS/10.0'), (b'Access-Control-Allow-Headers', b'Accept, Origin, Content-Type, MaxDataServiceVersion'), (b'Access-Control-Allow-Methods', b'GET'), (b'Access-Control-Allow-Origin', b'*'), (b'Access-Control-Expose-Headers', b'DataServiceVersion'), (b'Cache-Control', b'private'), (b'Content-Encoding', b'gzip'), (b'Expires', b'Mon, 22 Sep 2025 09:24:29 GMT'), (b'Vary', b'*'), (b'X-Content-Type-Options', b'nosniff'), (b'OData-Version', b'4.0;'), (b'X-AspNet-Version', b'4.0.30319'), (b'X-Powered-By', b'ASP.NET')])
2025-09-22 14:54:19,655 - httpx - INFO - _send_single_request:1740 - HTTP Request: GET https://services.odata.org/V4/Northwind/Northwind.svc/Shippers/$count "HTTP/1.1 200 OK"
2025-09-22 14:54:19,655 - httpcore.http11 - DEBUG - atrace:87 - receive_response_body.started request=<Request [b'GET']>
2025-09-22 14:54:19,655 - httpcore.http11 - DEBUG - atrace:87 - receive_response_body.complete
2025-09-22 14:54:19,655 - httpcore.http11 - DEBUG - atrace:87 - response_closed.started
2025-09-22 14:54:19,656 - httpcore.http11 - DEBUG - atrace:87 - receive_response_headers.complete return_value=(b'HTTP/1.1', 200, b'OK', [(b'Content-Length', b'120'), (b'Content-Type', b'text/plain;charset=utf-8'), (b'Date', b'Mon, 22 Sep 2025 09:24:21 GMT'), (b'Server', b'Microsoft-IIS/10.0'), (b'Access-Control-Allow-Headers', b'Accept, Origin, Content-Type, MaxDataServiceVersion'), (b'Access-Control-Allow-Methods', b'GET'), (b'Access-Control-Allow-Origin', b'*'), (b'Access-Control-Expose-Headers', b'DataServiceVersion'), (b'Cache-Control', b'private'), (b'Content-Encoding', b'gzip'), (b'Expires', b'Mon, 22 Sep 2025 09:24:29 GMT'), (b'Vary', b'*'), (b'X-Content-Type-Options', b'nosniff'), (b'OData-Version', b'4.0;'), (b'X-AspNet-Version', b'4.0.30319'), (b'X-Powered-By', b'ASP.NET')])
2025-09-22 14:54:19,657 - httpx - INFO - _send_single_request:1740 - HTTP Request: GET https://services.odata.org/V4/Northwind/Northwind.svc/Regions/$count "HTTP/1.1 200 OK"
2025-09-22 14:54:19,657 - httpcore.http11 - DEBUG - atrace:87 - receive_response_body.started request=<Request [b'GET']>
2025-09-22 14:54:19,657 - httpcore.http11 - DEBUG - atrace:87 - receive_response_body.complete
2025-09-22 14:54:19,657 - httpcore.http11 - DEBUG - atrace:87 - response_closed.started
2025-09-22 14:54:19,659 - httpcore.http11 - DEBUG - atrace:87 - response_closed.complete
2025-09-22 14:54:19,660 - httpcore.connection - DEBUG - atrace:87 - close.started
2025-09-22 14:54:19,661 - httpcore.http11 - DEBUG - atrace:87 - response_closed.complete
2025-09-22 14:54:19,661 - httpcore.connection - DEBUG - atrace:87 - close.started
2025-09-22 14:54:19,661 - httpcore.http11 - DEBUG - atrace:87 - response_closed.complete
2025-09-22 14:54:19,661 - httpcore.connection - DEBUG - atrace:87 - close.started
2025-09-22 14:54:19,663 - httpcore.connection - DEBUG - atrace:87 - close.complete
2025-09-22 14:54:19,663 - httpcore.connection - DEBUG - atrace:87 - close.complete
2025-09-22 14:54:19,664 - httpcore.connection - DEBUG - atrace:87 - close.complete
2025-09-22 14:54:19,834 - httpcore.http11 - DEBUG - atrace:87 - receive_response_headers.complete return_value=(b'HTTP/1.1', 200, b'OK', [(b'Content-Length', b'124'), (b'Content-Type', b'text/plain;charset=utf-8'), (b'Date', b'Mon, 22 Sep 2025 09:24:21 GMT'), (b'Server', b'Microsoft-IIS/10.0'), (b'Access-Control-Allow-Headers', b'Accept, Origin, Content-Type, MaxDataServiceVersion'), (b'Access-Control-Allow-Methods', b'GET'), (b'Access-Control-Allow-Origin', b'*'), (b'Access-Control-Expose-Headers', b'DataServiceVersion'), (b'Cache-Control', b'private'), (b'Content-Encoding', b'gzip'), (b'Expires', b'Mon, 22 Sep 2025 09:24:29 GMT'), (b'Vary', b'*'), (b'X-Content-Type-Options', b'nosniff'), (b'OData-Version', b'4.0;'), (b'X-AspNet-Version', b'4.0.30319'), (b'X-Powered-By', b'ASP.NET')])
2025-09-22 14:54:19,834 - httpx - INFO - _send_single_request:1740 - HTTP Request: GET https://services.odata.org/V4/Northwind/Northwind.svc/Order_Details_Extendeds/$count "HTTP/1.1 200 OK"
2025-09-22 14:54:19,834 - httpcore.http11 - DEBUG - atrace:87 - receive_response_body.started request=<Request [b'GET']>
2025-09-22 14:54:19,836 - httpcore.http11 - DEBUG - atrace:87 - receive_response_body.complete
2025-09-22 14:54:19,836 - httpcore.http11 - DEBUG - atrace:87 - response_closed.started
2025-09-22 14:54:19,836 - httpcore.http11 - DEBUG - atrace:87 - response_closed.complete
2025-09-22 14:54:19,836 - httpcore.connection - DEBUG - atrace:87 - close.started
2025-09-22 14:54:19,837 - httpcore.connection - DEBUG - atrace:87 - close.complete
2025-09-22 14:54:19,857 - httpcore.connection - DEBUG - atrace:87 - start_tls.complete return_value=<httpcore._backends.anyio.AnyIOStream object at 0x000001DCFC46C530>
2025-09-22 14:54:19,858 - httpcore.http11 - DEBUG - atrace:87 - send_request_headers.started request=<Request [b'GET']>
2025-09-22 14:54:19,869 - httpcore.http11 - DEBUG - atrace:87 - send_request_headers.complete
2025-09-22 14:54:19,869 - httpcore.http11 - DEBUG - atrace:87 - send_request_body.started request=<Request [b'GET']>
2025-09-22 14:54:19,869 - httpcore.http11 - DEBUG - atrace:87 - send_request_body.complete
2025-09-22 14:54:19,869 - httpcore.http11 - DEBUG - atrace:87 - receive_response_headers.started request=<Request [b'GET']>
2025-09-22 14:54:19,870 - httpcore.connection - DEBUG - atrace:87 - start_tls.complete return_value=<httpcore._backends.anyio.AnyIOStream object at 0x000001DCFC4904D0>
2025-09-22 14:54:19,870 - httpcore.http11 - DEBUG - atrace:87 - send_request_headers.started request=<Request [b'GET']>
2025-09-22 14:54:19,914 - httpcore.http11 - DEBUG - atrace:87 - receive_response_headers.complete return_value=(b'HTTP/1.1', 200, b'OK', [(b'Content-Length', b'122'), (b'Content-Type', b'text/plain;charset=utf-8'), (b'Date', b'Mon, 22 Sep 2025 09:24:21 GMT'), (b'Server', b'Microsoft-IIS/10.0'), (b'Access-Control-Allow-Headers', b'Accept, Origin, Content-Type, MaxDataServiceVersion'), (b'Access-Control-Allow-Methods', b'GET'), (b'Access-Control-Allow-Origin', b'*'), (b'Access-Control-Expose-Headers', b'DataServiceVersion'), (b'Cache-Control', b'private'), (b'Content-Encoding', b'gzip'), (b'Expires', b'Mon, 22 Sep 2025 09:24:29 GMT'), (b'Vary', b'*'), (b'X-Content-Type-Options', b'nosniff'), (b'OData-Version', b'4.0;'), (b'X-AspNet-Version', b'4.0.30319'), (b'X-Powered-By', b'ASP.NET')])
2025-09-22 14:54:19,916 - httpx - INFO - _send_single_request:1740 - HTTP Request: GET https://services.odata.org/V4/Northwind/Northwind.svc/Product_Sales_for_1997/$count "HTTP/1.1 200 OK"
2025-09-22 14:54:19,916 - httpcore.http11 - DEBUG - atrace:87 - receive_response_body.started request=<Request [b'GET']>
2025-09-22 14:54:19,916 - httpcore.http11 - DEBUG - atrace:87 - receive_response_body.complete
2025-09-22 14:54:19,918 - httpcore.http11 - DEBUG - atrace:87 - response_closed.started
2025-09-22 14:54:19,918 - httpcore.http11 - DEBUG - atrace:87 - send_request_headers.complete
2025-09-22 14:54:19,918 - httpcore.http11 - DEBUG - atrace:87 - send_request_body.started request=<Request [b'GET']>
2025-09-22 14:54:19,918 - httpcore.http11 - DEBUG - atrace:87 - send_request_body.complete
2025-09-22 14:54:19,918 - httpcore.http11 - DEBUG - atrace:87 - receive_response_headers.started request=<Request [b'GET']>
2025-09-22 14:54:19,918 - httpcore.connection - DEBUG - atrace:87 - start_tls.complete return_value=<httpcore._backends.anyio.AnyIOStream object at 0x000001DCFC4238C0>
2025-09-22 14:54:19,920 - httpcore.connection - DEBUG - atrace:87 - start_tls.complete return_value=<httpcore._backends.anyio.AnyIOStream object at 0x000001DCFC422C60>
2025-09-22 14:54:19,920 - httpcore.connection - DEBUG - atrace:87 - start_tls.complete return_value=<httpcore._backends.anyio.AnyIOStream object at 0x000001DCFC46F200>
2025-09-22 14:54:19,920 - httpcore.connection - DEBUG - atrace:87 - start_tls.complete return_value=<httpcore._backends.anyio.AnyIOStream object at 0x000001DCFC422630>
2025-09-22 14:54:19,920 - httpcore.http11 - DEBUG - atrace:87 - response_closed.complete
2025-09-22 14:54:19,920 - httpcore.connection - DEBUG - atrace:87 - close.started
2025-09-22 14:54:19,920 - httpcore.http11 - DEBUG - atrace:87 - send_request_headers.started request=<Request [b'GET']>
2025-09-22 14:54:19,920 - httpcore.http11 - DEBUG - atrace:87 - send_request_headers.started request=<Request [b'GET']>
2025-09-22 14:54:19,920 - httpcore.http11 - DEBUG - atrace:87 - send_request_headers.started request=<Request [b'GET']>
2025-09-22 14:54:19,920 - httpcore.http11 - DEBUG - atrace:87 - send_request_headers.started request=<Request [b'GET']>
2025-09-22 14:54:19,920 - httpcore.connection - DEBUG - atrace:87 - close.complete
2025-09-22 14:54:19,924 - httpcore.http11 - DEBUG - atrace:87 - receive_response_headers.complete return_value=(b'HTTP/1.1', 200, b'OK', [(b'Content-Length', b'122'), (b'Content-Type', b'text/plain;charset=utf-8'), (b'Date', b'Mon, 22 Sep 2025 09:24:21 GMT'), (b'Server', b'Microsoft-IIS/10.0'), (b'Access-Control-Allow-Headers', b'Accept, Origin, Content-Type, MaxDataServiceVersion'), (b'Access-Control-Allow-Methods', b'GET'), (b'Access-Control-Allow-Origin', b'*'), (b'Access-Control-Expose-Headers', b'DataServiceVersion'), (b'Cache-Control', b'private'), (b'Content-Encoding', b'gzip'), (b'Expires', b'Mon, 22 Sep 2025 09:24:29 GMT'), (b'Vary', b'*'), (b'X-Content-Type-Options', b'nosniff'), (b'OData-Version', b'4.0;'), (b'X-AspNet-Version', b'4.0.30319'), (b'X-Powered-By', b'ASP.NET')])
2025-09-22 14:54:19,924 - httpx - INFO - _send_single_request:1740 - HTTP Request: GET https://services.odata.org/V4/Northwind/Northwind.svc/Summary_of_Sales_by_Years/$count "HTTP/1.1 200 OK"
2025-09-22 14:54:19,925 - httpcore.http11 - DEBUG - atrace:87 - receive_response_body.started request=<Request [b'GET']>
2025-09-22 14:54:19,926 - httpcore.http11 - DEBUG - atrace:87 - receive_response_body.complete
2025-09-22 14:54:19,927 - httpcore.http11 - DEBUG - atrace:87 - response_closed.started
2025-09-22 14:54:19,928 - httpcore.http11 - DEBUG - atrace:87 - receive_response_headers.complete return_value=(b'HTTP/1.1', 200, b'OK', [(b'Content-Length', b'121'), (b'Content-Type', b'text/plain;charset=utf-8'), (b'Date', b'Mon, 22 Sep 2025 09:24:21 GMT'), (b'Server', b'Microsoft-IIS/10.0'), (b'Access-Control-Allow-Headers', b'Accept, Origin, Content-Type, MaxDataServiceVersion'), (b'Access-Control-Allow-Methods', b'GET'), (b'Access-Control-Allow-Origin', b'*'), (b'Access-Control-Expose-Headers', b'DataServiceVersion'), (b'Cache-Control', b'private'), (b'Content-Encoding', b'gzip'), (b'Expires', b'Mon, 22 Sep 2025 09:24:29 GMT'), (b'Vary', b'*'), (b'X-Content-Type-Options', b'nosniff'), (b'OData-Version', b'4.0;'), (b'X-AspNet-Version', b'4.0.30319'), (b'X-Powered-By', b'ASP.NET')])
2025-09-22 14:54:19,930 - httpx - INFO - _send_single_request:1740 - HTTP Request: GET https://services.odata.org/V4/Northwind/Northwind.svc/Suppliers/$count "HTTP/1.1 200 OK"
2025-09-22 14:54:19,932 - httpcore.http11 - DEBUG - atrace:87 - receive_response_body.started request=<Request [b'GET']>
2025-09-22 14:54:19,933 - httpcore.http11 - DEBUG - atrace:87 - receive_response_body.complete
2025-09-22 14:54:19,933 - httpcore.http11 - DEBUG - atrace:87 - response_closed.started
2025-09-22 14:54:19,933 - httpcore.http11 - DEBUG - atrace:87 - receive_response_headers.complete return_value=(b'HTTP/1.1', 200, b'OK', [(b'Content-Length', b'122'), (b'Content-Type', b'text/plain;charset=utf-8'), (b'Date', b'Mon, 22 Sep 2025 09:24:21 GMT'), (b'Server', b'Microsoft-IIS/10.0'), (b'Access-Control-Allow-Headers', b'Accept, Origin, Content-Type, MaxDataServiceVersion'), (b'Access-Control-Allow-Methods', b'GET'), (b'Access-Control-Allow-Origin', b'*'), (b'Access-Control-Expose-Headers', b'DataServiceVersion'), (b'Cache-Control', b'private'), (b'Content-Encoding', b'gzip'), (b'Expires', b'Mon, 22 Sep 2025 09:24:29 GMT'), (b'Vary', b'*'), (b'X-Content-Type-Options', b'nosniff'), (b'OData-Version', b'4.0;'), (b'X-AspNet-Version', b'4.0.30319'), (b'X-Powered-By', b'ASP.NET')])
2025-09-22 14:54:19,934 - httpx - INFO - _send_single_request:1740 - HTTP Request: GET https://services.odata.org/V4/Northwind/Northwind.svc/Territories/$count "HTTP/1.1 200 OK"
2025-09-22 14:54:19,934 - httpcore.http11 - DEBUG - atrace:87 - receive_response_body.started request=<Request [b'GET']>
2025-09-22 14:54:19,935 - httpcore.http11 - DEBUG - atrace:87 - receive_response_body.complete
2025-09-22 14:54:19,935 - httpcore.http11 - DEBUG - atrace:87 - response_closed.started
2025-09-22 14:54:19,936 - httpcore.http11 - DEBUG - atrace:87 - receive_response_headers.complete return_value=(b'HTTP/1.1', 200, b'OK', [(b'Content-Length', b'122'), (b'Content-Type', b'text/plain;charset=utf-8'), (b'Date', b'Mon, 22 Sep 2025 09:24:21 GMT'), (b'Server', b'Microsoft-IIS/10.0'), (b'Access-Control-Allow-Headers', b'Accept, Origin, Content-Type, MaxDataServiceVersion'), (b'Access-Control-Allow-Methods', b'GET'), (b'Access-Control-Allow-Origin', b'*'), (b'Access-Control-Expose-Headers', b'DataServiceVersion'), (b'Cache-Control', b'private'), (b'Content-Encoding', b'gzip'), (b'Expires', b'Mon, 22 Sep 2025 09:24:29 GMT'), (b'Vary', b'*'), (b'X-Content-Type-Options', b'nosniff'), (b'OData-Version', b'4.0;'), (b'X-AspNet-Version', b'4.0.30319'), (b'X-Powered-By', b'ASP.NET')])
2025-09-22 14:54:19,936 - httpx - INFO - _send_single_request:1740 - HTTP Request: GET https://services.odata.org/V4/Northwind/Northwind.svc/Orders_Qries/$count "HTTP/1.1 200 OK"
2025-09-22 14:54:19,937 - httpcore.http11 - DEBUG - atrace:87 - receive_response_body.started request=<Request [b'GET']>
2025-09-22 14:54:19,937 - httpcore.http11 - DEBUG - atrace:87 - receive_response_body.complete
2025-09-22 14:54:19,937 - httpcore.http11 - DEBUG - atrace:87 - response_closed.started
2025-09-22 14:54:19,938 - httpcore.http11 - DEBUG - atrace:87 - receive_response_headers.complete return_value=(b'HTTP/1.1', 200, b'OK', [(b'Content-Length', b'122'), (b'Content-Type', b'text/plain;charset=utf-8'), (b'Date', b'Mon, 22 Sep 2025 09:24:21 GMT'), (b'Server', b'Microsoft-IIS/10.0'), (b'Access-Control-Allow-Headers', b'Accept, Origin, Content-Type, MaxDataServiceVersion'), (b'Access-Control-Allow-Methods', b'GET'), (b'Access-Control-Allow-Origin', b'*'), (b'Access-Control-Expose-Headers', b'DataServiceVersion'), (b'Cache-Control', b'private'), (b'Content-Encoding', b'gzip'), (b'Expires', b'Mon, 22 Sep 2025 09:24:29 GMT'), (b'Vary', b'*'), (b'X-Content-Type-Options', b'nosniff'), (b'OData-Version', b'4.0;'), (b'X-AspNet-Version', b'4.0.30319'), (b'X-Powered-By', b'ASP.NET')])
2025-09-22 14:54:19,938 - httpx - INFO - _send_single_request:1740 - HTTP Request: GET https://services.odata.org/V4/Northwind/Northwind.svc/Sales_by_Categories/$count "HTTP/1.1 200 OK"
2025-09-22 14:54:19,939 - httpcore.http11 - DEBUG - atrace:87 - receive_response_body.started request=<Request [b'GET']>
2025-09-22 14:54:19,939 - httpcore.http11 - DEBUG - atrace:87 - receive_response_body.complete
2025-09-22 14:54:19,939 - httpcore.http11 - DEBUG - atrace:87 - response_closed.started
2025-09-22 14:54:19,939 - httpcore.http11 - DEBUG - atrace:87 - receive_response_headers.complete return_value=(b'HTTP/1.1', 200, b'OK', [(b'Content-Length', b'121'), (b'Content-Type', b'text/plain;charset=utf-8'), (b'Date', b'Mon, 22 Sep 2025 09:24:21 GMT'), (b'Server', b'Microsoft-IIS/10.0'), (b'Access-Control-Allow-Headers', b'Accept, Origin, Content-Type, MaxDataServiceVersion'), (b'Access-Control-Allow-Methods', b'GET'), (b'Access-Control-Allow-Origin', b'*'), (b'Access-Control-Expose-Headers', b'DataServiceVersion'), (b'Cache-Control', b'private'), (b'Content-Encoding', b'gzip'), (b'Expires', b'Mon, 22 Sep 2025 09:24:29 GMT'), (b'Vary', b'*'), (b'X-Content-Type-Options', b'nosniff'), (b'OData-Version', b'4.0;'), (b'X-AspNet-Version', b'4.0.30319'), (b'X-Powered-By', b'ASP.NET')])
2025-09-22 14:54:19,940 - httpx - INFO - _send_single_request:1740 - HTTP Request: GET https://services.odata.org/V4/Northwind/Northwind.svc/Products_Above_Average_Prices/$count "HTTP/1.1 200 OK"
2025-09-22 14:54:19,941 - httpcore.http11 - DEBUG - atrace:87 - receive_response_body.started request=<Request [b'GET']>
2025-09-22 14:54:19,941 - httpcore.http11 - DEBUG - atrace:87 - receive_response_body.complete
2025-09-22 14:54:19,941 - httpcore.http11 - DEBUG - atrace:87 - response_closed.started
2025-09-22 14:54:19,943 - httpcore.http11 - DEBUG - atrace:87 - receive_response_headers.complete return_value=(b'HTTP/1.1', 200, b'OK', [(b'Content-Length', b'122'), (b'Content-Type', b'text/plain;charset=utf-8'), (b'Date', b'Mon, 22 Sep 2025 09:24:21 GMT'), (b'Server', b'Microsoft-IIS/10.0'), (b'Access-Control-Allow-Headers', b'Accept, Origin, Content-Type, MaxDataServiceVersion'), (b'Access-Control-Allow-Methods', b'GET'), (b'Access-Control-Allow-Origin', b'*'), (b'Access-Control-Expose-Headers', b'DataServiceVersion'), (b'Cache-Control', b'private'), (b'Content-Encoding', b'gzip'), (b'Expires', b'Mon, 22 Sep 2025 09:24:29 GMT'), (b'Vary', b'*'), (b'X-Content-Type-Options', b'nosniff'), (b'OData-Version', b'4.0;'), (b'X-AspNet-Version', b'4.0.30319'), (b'X-Powered-By', b'ASP.NET')])
2025-09-22 14:54:19,947 - httpx - INFO - _send_single_request:1740 - HTTP Request: GET https://services.odata.org/V4/Northwind/Northwind.svc/Customer_and_Suppliers_by_Cities/$count "HTTP/1.1 200 OK"
2025-09-22 14:54:19,948 - httpcore.http11 - DEBUG - atrace:87 - receive_response_body.started request=<Request [b'GET']>
2025-09-22 14:54:19,948 - httpcore.http11 - DEBUG - atrace:87 - receive_response_body.complete
2025-09-22 14:54:19,949 - httpcore.http11 - DEBUG - atrace:87 - response_closed.started
2025-09-22 14:54:19,950 - httpcore.http11 - DEBUG - atrace:87 - receive_response_headers.complete return_value=(b'HTTP/1.1', 200, b'OK', [(b'Content-Length', b'122'), (b'Content-Type', b'text/plain;charset=utf-8'), (b'Date', b'Mon, 22 Sep 2025 09:24:21 GMT'), (b'Server', b'Microsoft-IIS/10.0'), (b'Access-Control-Allow-Headers', b'Accept, Origin, Content-Type, MaxDataServiceVersion'), (b'Access-Control-Allow-Methods', b'GET'), (b'Access-Control-Allow-Origin', b'*'), (b'Access-Control-Expose-Headers', b'DataServiceVersion'), (b'Cache-Control', b'private'), (b'Content-Encoding', b'gzip'), (b'Expires', b'Mon, 22 Sep 2025 09:24:29 GMT'), (b'Vary', b'*'), (b'X-Content-Type-Options', b'nosniff'), (b'OData-Version', b'4.0;'), (b'X-AspNet-Version', b'4.0.30319'), (b'X-Powered-By', b'ASP.NET')])
2025-09-22 14:54:19,951 - httpx - INFO - _send_single_request:1740 - HTTP Request: GET https://services.odata.org/V4/Northwind/Northwind.svc/Orders/$count "HTTP/1.1 200 OK"
2025-09-22 14:54:19,952 - httpcore.http11 - DEBUG - atrace:87 - receive_response_body.started request=<Request [b'GET']>
2025-09-22 14:54:19,952 - httpcore.http11 - DEBUG - atrace:87 - receive_response_body.complete
2025-09-22 14:54:19,953 - httpcore.http11 - DEBUG - atrace:87 - response_closed.started
2025-09-22 14:54:19,953 - httpcore.http11 - DEBUG - atrace:87 - send_request_headers.complete
2025-09-22 14:54:19,953 - httpcore.http11 - DEBUG - atrace:87 - send_request_body.started request=<Request [b'GET']>
2025-09-22 14:54:19,954 - httpcore.http11 - DEBUG - atrace:87 - send_request_body.complete
2025-09-22 14:54:19,954 - httpcore.http11 - DEBUG - atrace:87 - receive_response_headers.started request=<Request [b'GET']>
2025-09-22 14:54:19,954 - httpcore.http11 - DEBUG - atrace:87 - send_request_headers.complete
2025-09-22 14:54:19,954 - httpcore.http11 - DEBUG - atrace:87 - send_request_body.started request=<Request [b'GET']>
2025-09-22 14:54:19,955 - httpcore.http11 - DEBUG - atrace:87 - send_request_body.complete
2025-09-22 14:54:19,955 - httpcore.http11 - DEBUG - atrace:87 - receive_response_headers.started request=<Request [b'GET']>
2025-09-22 14:54:19,955 - httpcore.http11 - DEBUG - atrace:87 - send_request_headers.complete
2025-09-22 14:54:19,955 - httpcore.http11 - DEBUG - atrace:87 - send_request_body.started request=<Request [b'GET']>
2025-09-22 14:54:19,955 - httpcore.http11 - DEBUG - atrace:87 - send_request_body.complete
2025-09-22 14:54:19,956 - httpcore.http11 - DEBUG - atrace:87 - receive_response_headers.started request=<Request [b'GET']>
2025-09-22 14:54:19,956 - httpcore.http11 - DEBUG - atrace:87 - send_request_headers.complete
2025-09-22 14:54:19,956 - httpcore.http11 - DEBUG - atrace:87 - send_request_body.started request=<Request [b'GET']>
2025-09-22 14:54:19,957 - httpcore.http11 - DEBUG - atrace:87 - send_request_body.complete
2025-09-22 14:54:19,957 - httpcore.http11 - DEBUG - atrace:87 - receive_response_headers.started request=<Request [b'GET']>
2025-09-22 14:54:19,957 - httpcore.http11 - DEBUG - atrace:87 - response_closed.complete
2025-09-22 14:54:19,957 - httpcore.connection - DEBUG - atrace:87 - close.started
2025-09-22 14:54:19,958 - httpcore.http11 - DEBUG - atrace:87 - response_closed.complete
2025-09-22 14:54:19,960 - httpcore.http11 - DEBUG - atrace:87 - response_closed.complete
2025-09-22 14:54:19,960 - httpcore.http11 - DEBUG - atrace:87 - response_closed.complete
2025-09-22 14:54:19,962 - httpcore.http11 - DEBUG - atrace:87 - response_closed.complete
2025-09-22 14:54:19,962 - httpcore.http11 - DEBUG - atrace:87 - response_closed.complete
2025-09-22 14:54:19,963 - httpcore.http11 - DEBUG - atrace:87 - response_closed.complete
2025-09-22 14:54:19,963 - httpcore.http11 - DEBUG - atrace:87 - response_closed.complete
2025-09-22 14:54:19,965 - httpcore.http11 - DEBUG - atrace:87 - receive_response_headers.complete return_value=(b'HTTP/1.1', 200, b'OK', [(b'Content-Length', b'120'), (b'Content-Type', b'text/plain;charset=utf-8'), (b'Date', b'Mon, 22 Sep 2025 09:24:21 GMT'), (b'Server', b'Microsoft-IIS/10.0'), (b'Access-Control-Allow-Headers', b'Accept, Origin, Content-Type, MaxDataServiceVersion'), (b'Access-Control-Allow-Methods', b'GET'), (b'Access-Control-Allow-Origin', b'*'), (b'Access-Control-Expose-Headers', b'DataServiceVersion'), (b'Cache-Control', b'private'), (b'Content-Encoding', b'gzip'), (b'Expires', b'Mon, 22 Sep 2025 09:24:29 GMT'), (b'Vary', b'*'), (b'X-Content-Type-Options', b'nosniff'), (b'OData-Version', b'4.0;'), (b'X-AspNet-Version', b'4.0.30319'), (b'X-Powered-By', b'ASP.NET')])
2025-09-22 14:54:19,966 - httpx - INFO - _send_single_request:1740 - HTTP Request: GET https://services.odata.org/V4/Northwind/Northwind.svc/Employees/$count "HTTP/1.1 200 OK"
2025-09-22 14:54:19,968 - httpcore.http11 - DEBUG - atrace:87 - receive_response_body.started request=<Request [b'GET']>
2025-09-22 14:54:19,968 - httpcore.http11 - DEBUG - atrace:87 - receive_response_body.complete
2025-09-22 14:54:19,968 - httpcore.http11 - DEBUG - atrace:87 - response_closed.started
2025-09-22 14:54:19,969 - httpcore.http11 - DEBUG - atrace:87 - receive_response_headers.complete return_value=(b'HTTP/1.1', 200, b'OK', [(b'Content-Length', b'122'), (b'Content-Type', b'text/plain;charset=utf-8'), (b'Date', b'Mon, 22 Sep 2025 09:24:21 GMT'), (b'Server', b'Microsoft-IIS/10.0'), (b'Access-Control-Allow-Headers', b'Accept, Origin, Content-Type, MaxDataServiceVersion'), (b'Access-Control-Allow-Methods', b'GET'), (b'Access-Control-Allow-Origin', b'*'), (b'Access-Control-Expose-Headers', b'DataServiceVersion'), (b'Cache-Control', b'private'), (b'Content-Encoding', b'gzip'), (b'Expires', b'Mon, 22 Sep 2025 09:24:29 GMT'), (b'Vary', b'*'), (b'X-Content-Type-Options', b'nosniff'), (b'OData-Version', b'4.0;'), (b'X-AspNet-Version', b'4.0.30319'), (b'X-Powered-By', b'ASP.NET')])
2025-09-22 14:54:19,969 - httpx - INFO - _send_single_request:1740 - HTTP Request: GET https://services.odata.org/V4/Northwind/Northwind.svc/Alphabetical_list_of_products/$count "HTTP/1.1 200 OK"
2025-09-22 14:54:19,971 - httpcore.http11 - DEBUG - atrace:87 - receive_response_body.started request=<Request [b'GET']>
2025-09-22 14:54:19,971 - httpcore.http11 - DEBUG - atrace:87 - receive_response_body.complete
2025-09-22 14:54:19,971 - httpcore.http11 - DEBUG - atrace:87 - response_closed.started
2025-09-22 14:54:19,972 - httpcore.http11 - DEBUG - atrace:87 - receive_response_headers.complete return_value=(b'HTTP/1.1', 200, b'OK', [(b'Content-Length', b'122'), (b'Content-Type', b'text/plain;charset=utf-8'), (b'Date', b'Mon, 22 Sep 2025 09:24:21 GMT'), (b'Server', b'Microsoft-IIS/10.0'), (b'Access-Control-Allow-Headers', b'Accept, Origin, Content-Type, MaxDataServiceVersion'), (b'Access-Control-Allow-Methods', b'GET'), (b'Access-Control-Allow-Origin', b'*'), (b'Access-Control-Expose-Headers', b'DataServiceVersion'), (b'Cache-Control', b'private'), (b'Content-Encoding', b'gzip'), (b'Expires', b'Mon, 22 Sep 2025 09:24:29 GMT'), (b'Vary', b'*'), (b'X-Content-Type-Options', b'nosniff'), (b'OData-Version', b'4.0;'), (b'X-AspNet-Version', b'4.0.30319'), (b'X-Powered-By', b'ASP.NET')])
2025-09-22 14:54:19,972 - httpx - INFO - _send_single_request:1740 - HTTP Request: GET https://services.odata.org/V4/Northwind/Northwind.svc/Order_Subtotals/$count "HTTP/1.1 200 OK"
2025-09-22 14:54:19,973 - httpcore.http11 - DEBUG - atrace:87 - receive_response_body.started request=<Request [b'GET']>
2025-09-22 14:54:19,973 - httpcore.http11 - DEBUG - atrace:87 - receive_response_body.complete
2025-09-22 14:54:19,973 - httpcore.http11 - DEBUG - atrace:87 - response_closed.started
2025-09-22 14:54:19,974 - httpcore.http11 - DEBUG - atrace:87 - receive_response_headers.complete return_value=(b'HTTP/1.1', 200, b'OK', [(b'Content-Length', b'122'), (b'Content-Type', b'text/plain;charset=utf-8'), (b'Date', b'Mon, 22 Sep 2025 09:24:21 GMT'), (b'Server', b'Microsoft-IIS/10.0'), (b'Access-Control-Allow-Headers', b'Accept, Origin, Content-Type, MaxDataServiceVersion'), (b'Access-Control-Allow-Methods', b'GET'), (b'Access-Control-Allow-Origin', b'*'), (b'Access-Control-Expose-Headers', b'DataServiceVersion'), (b'Cache-Control', b'private'), (b'Content-Encoding', b'gzip'), (b'Expires', b'Mon, 22 Sep 2025 09:24:29 GMT'), (b'Vary', b'*'), (b'X-Content-Type-Options', b'nosniff'), (b'OData-Version', b'4.0;'), (b'X-AspNet-Version', b'4.0.30319'), (b'X-Powered-By', b'ASP.NET')])
2025-09-22 14:54:19,974 - httpx - INFO - _send_single_request:1740 - HTTP Request: GET https://services.odata.org/V4/Northwind/Northwind.svc/Products_by_Categories/$count "HTTP/1.1 200 OK"
2025-09-22 14:54:19,976 - httpcore.http11 - DEBUG - atrace:87 - receive_response_body.started request=<Request [b'GET']>
2025-09-22 14:54:19,977 - httpcore.http11 - DEBUG - atrace:87 - receive_response_body.complete
2025-09-22 14:54:19,977 - httpcore.http11 - DEBUG - atrace:87 - response_closed.started
2025-09-22 14:54:19,977 - httpcore.connection - DEBUG - atrace:87 - close.complete
2025-09-22 14:54:19,979 - httpcore.http11 - DEBUG - atrace:87 - response_closed.complete
2025-09-22 14:54:19,980 - httpcore.http11 - DEBUG - atrace:87 - response_closed.complete
2025-09-22 14:54:19,983 - httpcore.http11 - DEBUG - atrace:87 - response_closed.complete
2025-09-22 14:54:19,983 - httpcore.http11 - DEBUG - atrace:87 - response_closed.complete
2025-09-22 14:54:19,986 - httpcore.http11 - DEBUG - atrace:87 - receive_response_headers.complete return_value=(b'HTTP/1.1', 200, b'OK', [(b'Content-Length', b'122'), (b'Content-Type', b'text/plain;charset=utf-8'), (b'Date', b'Mon, 22 Sep 2025 09:24:21 GMT'), (b'Server', b'Microsoft-IIS/10.0'), (b'Access-Control-Allow-Headers', b'Accept, Origin, Content-Type, MaxDataServiceVersion'), (b'Access-Control-Allow-Methods', b'GET'), (b'Access-Control-Allow-Origin', b'*'), (b'Access-Control-Expose-Headers', b'DataServiceVersion'), (b'Cache-Control', b'private'), (b'Content-Encoding', b'gzip'), (b'Expires', b'Mon, 22 Sep 2025 09:24:29 GMT'), (b'Vary', b'*'), (b'X-Content-Type-Options', b'nosniff'), (b'OData-Version', b'4.0;'), (b'X-AspNet-Version', b'4.0.30319'), (b'X-Powered-By', b'ASP.NET')])
2025-09-22 14:54:19,986 - httpx - INFO - _send_single_request:1740 - HTTP Request: GET https://services.odata.org/V4/Northwind/Northwind.svc/Sales_Totals_by_Amounts/$count "HTTP/1.1 200 OK"
2025-09-22 14:54:19,986 - httpcore.http11 - DEBUG - atrace:87 - receive_response_body.started request=<Request [b'GET']>
2025-09-22 14:54:19,986 - httpcore.http11 - DEBUG - atrace:87 - receive_response_body.complete
2025-09-22 14:54:19,988 - httpcore.http11 - DEBUG - atrace:87 - response_closed.started
2025-09-22 14:54:19,988 - httpcore.http11 - DEBUG - atrace:87 - receive_response_headers.complete return_value=(b'HTTP/1.1', 200, b'OK', [(b'Content-Length', b'120'), (b'Content-Type', b'text/plain;charset=utf-8'), (b'Date', b'Mon, 22 Sep 2025 09:24:21 GMT'), (b'Server', b'Microsoft-IIS/10.0'), (b'Access-Control-Allow-Headers', b'Accept, Origin, Content-Type, MaxDataServiceVersion'), (b'Access-Control-Allow-Methods', b'GET'), (b'Access-Control-Allow-Origin', b'*'), (b'Access-Control-Expose-Headers', b'DataServiceVersion'), (b'Cache-Control', b'private'), (b'Content-Encoding', b'gzip'), (b'Expires', b'Mon, 22 Sep 2025 09:24:29 GMT'), (b'Vary', b'*'), (b'X-Content-Type-Options', b'nosniff'), (b'OData-Version', b'4.0;'), (b'X-AspNet-Version', b'4.0.30319'), (b'X-Powered-By', b'ASP.NET')])
2025-09-22 14:54:19,988 - httpx - INFO - _send_single_request:1740 - HTTP Request: GET https://services.odata.org/V4/Northwind/Northwind.svc/Category_Sales_for_1997/$count "HTTP/1.1 200 OK"
2025-09-22 14:54:19,988 - httpcore.http11 - DEBUG - atrace:87 - receive_response_body.started request=<Request [b'GET']>
2025-09-22 14:54:19,988 - httpcore.http11 - DEBUG - atrace:87 - receive_response_body.complete
2025-09-22 14:54:19,988 - httpcore.http11 - DEBUG - atrace:87 - response_closed.started
2025-09-22 14:54:19,988 - httpcore.http11 - DEBUG - atrace:87 - response_closed.complete
2025-09-22 14:54:19,988 - httpcore.http11 - DEBUG - atrace:87 - response_closed.complete
2025-09-22 14:54:20,109 - httpcore.http11 - DEBUG - atrace:87 - receive_response_headers.complete return_value=(b'HTTP/1.1', 200, b'OK', [(b'Content-Length', b'122'), (b'Content-Type', b'text/plain;charset=utf-8'), (b'Date', b'Mon, 22 Sep 2025 09:24:21 GMT'), (b'Server', b'Microsoft-IIS/10.0'), (b'Access-Control-Allow-Headers', b'Accept, Origin, Content-Type, MaxDataServiceVersion'), (b'Access-Control-Allow-Methods', b'GET'), (b'Access-Control-Allow-Origin', b'*'), (b'Access-Control-Expose-Headers', b'DataServiceVersion'), (b'Cache-Control', b'private'), (b'Content-Encoding', b'gzip'), (b'Expires', b'Mon, 22 Sep 2025 09:24:29 GMT'), (b'Vary', b'*'), (b'X-Content-Type-Options', b'nosniff'), (b'OData-Version', b'4.0;'), (b'X-AspNet-Version', b'4.0.30319'), (b'X-Powered-By', b'ASP.NET')])
2025-09-22 14:54:20,110 - httpx - INFO - _send_single_request:1740 - HTTP Request: GET https://services.odata.org/V4/Northwind/Northwind.svc/Products/$count "HTTP/1.1 200 OK"
2025-09-22 14:54:20,110 - httpcore.http11 - DEBUG - atrace:87 - receive_response_body.started request=<Request [b'GET']>
2025-09-22 14:54:20,111 - httpcore.http11 - DEBUG - atrace:87 - receive_response_body.complete
2025-09-22 14:54:20,111 - httpcore.http11 - DEBUG - atrace:87 - response_closed.started
2025-09-22 14:54:20,111 - httpcore.http11 - DEBUG - atrace:87 - response_closed.complete
2025-09-22 14:54:20,150 - httpcore.http11 - DEBUG - atrace:87 - receive_response_headers.complete return_value=(b'HTTP/1.1', 200, b'OK', [(b'Content-Length', b'120'), (b'Content-Type', b'text/plain;charset=utf-8'), (b'Date', b'Mon, 22 Sep 2025 09:24:21 GMT'), (b'Server', b'Microsoft-IIS/10.0'), (b'Access-Control-Allow-Headers', b'Accept, Origin, Content-Type, MaxDataServiceVersion'), (b'Access-Control-Allow-Methods', b'GET'), (b'Access-Control-Allow-Origin', b'*'), (b'Access-Control-Expose-Headers', b'DataServiceVersion'), (b'Cache-Control', b'private'), (b'Content-Encoding', b'gzip'), (b'Expires', b'Mon, 22 Sep 2025 09:24:29 GMT'), (b'Vary', b'*'), (b'X-Content-Type-Options', b'nosniff'), (b'OData-Version', b'4.0;'), (b'X-AspNet-Version', b'4.0.30319'), (b'X-Powered-By', b'ASP.NET')])
2025-09-22 14:54:20,151 - httpx - INFO - _send_single_request:1740 - HTTP Request: GET https://services.odata.org/V4/Northwind/Northwind.svc/Categories/$count "HTTP/1.1 200 OK"
2025-09-22 14:54:20,151 - httpcore.http11 - DEBUG - atrace:87 - receive_response_body.started request=<Request [b'GET']>
2025-09-22 14:54:20,151 - httpcore.http11 - DEBUG - atrace:87 - receive_response_body.complete
2025-09-22 14:54:20,152 - httpcore.http11 - DEBUG - atrace:87 - response_closed.started
2025-09-22 14:54:20,152 - httpcore.http11 - DEBUG - atrace:87 - response_closed.complete
2025-09-22 14:54:20,185 - httpcore.http11 - DEBUG - atrace:87 - receive_response_headers.complete return_value=(b'HTTP/1.1', 200, b'OK', [(b'Content-Length', b'124'), (b'Content-Type', b'text/plain;charset=utf-8'), (b'Date', b'Mon, 22 Sep 2025 09:24:21 GMT'), (b'Server', b'Microsoft-IIS/10.0'), (b'Access-Control-Allow-Headers', b'Accept, Origin, Content-Type, MaxDataServiceVersion'), (b'Access-Control-Allow-Methods', b'GET'), (b'Access-Control-Allow-Origin', b'*'), (b'Access-Control-Expose-Headers', b'DataServiceVersion'), (b'Cache-Control', b'private'), (b'Content-Encoding', b'gzip'), (b'Expires', b'Mon, 22 Sep 2025 09:24:29 GMT'), (b'Vary', b'*'), (b'X-Content-Type-Options', b'nosniff'), (b'OData-Version', b'4.0;'), (b'X-AspNet-Version', b'4.0.30319'), (b'X-Powered-By', b'ASP.NET')])
2025-09-22 14:54:20,186 - httpx - INFO - _send_single_request:1740 - HTTP Request: GET https://services.odata.org/V4/Northwind/Northwind.svc/Order_Details/$count "HTTP/1.1 200 OK"
2025-09-22 14:54:20,186 - httpcore.http11 - DEBUG - atrace:87 - receive_response_body.started request=<Request [b'GET']>
2025-09-22 14:54:20,186 - httpcore.http11 - DEBUG - atrace:87 - receive_response_body.complete
2025-09-22 14:54:20,186 - httpcore.http11 - DEBUG - atrace:87 - response_closed.started
2025-09-22 14:54:20,187 - httpcore.http11 - DEBUG - atrace:87 - response_closed.complete
2025-09-22 14:54:20,197 - httpcore.http11 - DEBUG - atrace:87 - receive_response_headers.complete return_value=(b'HTTP/1.1', 200, b'OK', [(b'Content-Length', b'121'), (b'Content-Type', b'text/plain;charset=utf-8'), (b'Date', b'Mon, 22 Sep 2025 09:24:21 GMT'), (b'Server', b'Microsoft-IIS/10.0'), (b'Access-Control-Allow-Headers', b'Accept, Origin, Content-Type, MaxDataServiceVersion'), (b'Access-Control-Allow-Methods', b'GET'), (b'Access-Control-Allow-Origin', b'*'), (b'Access-Control-Expose-Headers', b'DataServiceVersion'), (b'Cache-Control', b'private'), (b'Content-Encoding', b'gzip'), (b'Expires', b'Mon, 22 Sep 2025 09:24:29 GMT'), (b'Vary', b'*'), (b'X-Content-Type-Options', b'nosniff'), (b'OData-Version', b'4.0;'), (b'X-AspNet-Version', b'4.0.30319'), (b'X-Powered-By', b'ASP.NET')])
2025-09-22 14:54:20,197 - httpx - INFO - _send_single_request:1740 - HTTP Request: GET https://services.odata.org/V4/Northwind/Northwind.svc/Customers/$count "HTTP/1.1 200 OK"
2025-09-22 14:54:20,199 - httpcore.http11 - DEBUG - atrace:87 - receive_response_body.started request=<Request [b'GET']>
2025-09-22 14:54:20,199 - httpcore.http11 - DEBUG - atrace:87 - receive_response_body.complete
2025-09-22 14:54:20,200 - httpcore.http11 - DEBUG - atrace:87 - response_closed.started
2025-09-22 14:54:20,200 - httpcore.http11 - DEBUG - atrace:87 - receive_response_headers.complete return_value=(b'HTTP/1.1', 200, b'OK', [(b'Content-Length', b'122'), (b'Content-Type', b'text/plain;charset=utf-8'), (b'Date', b'Mon, 22 Sep 2025 09:24:21 GMT'), (b'Server', b'Microsoft-IIS/10.0'), (b'Access-Control-Allow-Headers', b'Accept, Origin, Content-Type, MaxDataServiceVersion'), (b'Access-Control-Allow-Methods', b'GET'), (b'Access-Control-Allow-Origin', b'*'), (b'Access-Control-Expose-Headers', b'DataServiceVersion'), (b'Cache-Control', b'private'), (b'Content-Encoding', b'gzip'), (b'Expires', b'Mon, 22 Sep 2025 09:24:29 GMT'), (b'Vary', b'*'), (b'X-Content-Type-Options', b'nosniff'), (b'OData-Version', b'4.0;'), (b'X-AspNet-Version', b'4.0.30319'), (b'X-Powered-By', b'ASP.NET')])
2025-09-22 14:54:20,200 - httpx - INFO - _send_single_request:1740 - HTTP Request: GET https://services.odata.org/V4/Northwind/Northwind.svc/Current_Product_Lists/$count "HTTP/1.1 200 OK"
2025-09-22 14:54:20,203 - httpcore.http11 - DEBUG - atrace:87 - receive_response_body.started request=<Request [b'GET']>
2025-09-22 14:54:20,203 - httpcore.http11 - DEBUG - atrace:87 - receive_response_body.complete
2025-09-22 14:54:20,203 - httpcore.http11 - DEBUG - atrace:87 - response_closed.started
2025-09-22 14:54:20,203 - httpcore.http11 - DEBUG - atrace:87 - response_closed.complete
2025-09-22 14:54:20,205 - httpcore.http11 - DEBUG - atrace:87 - response_closed.complete
2025-09-22 14:54:20,205 - httpcore.http11 - DEBUG - atrace:87 - receive_response_headers.complete return_value=(b'HTTP/1.1', 200, b'OK', [(b'Content-Length', b'120'), (b'Content-Type', b'text/plain;charset=utf-8'), (b'Date', b'Mon, 22 Sep 2025 09:24:21 GMT'), (b'Server', b'Microsoft-IIS/10.0'), (b'Access-Control-Allow-Headers', b'Accept, Origin, Content-Type, MaxDataServiceVersion'), (b'Access-Control-Allow-Methods', b'GET'), (b'Access-Control-Allow-Origin', b'*'), (b'Access-Control-Expose-Headers', b'DataServiceVersion'), (b'Cache-Control', b'private'), (b'Content-Encoding', b'gzip'), (b'Expires', b'Mon, 22 Sep 2025 09:24:29 GMT'), (b'Vary', b'*'), (b'X-Content-Type-Options', b'nosniff'), (b'OData-Version', b'4.0;'), (b'X-AspNet-Version', b'4.0.30319'), (b'X-Powered-By', b'ASP.NET')])
2025-09-22 14:54:20,205 - httpx - INFO - _send_single_request:1740 - HTTP Request: GET https://services.odata.org/V4/Northwind/Northwind.svc/CustomerDemographics/$count "HTTP/1.1 200 OK"
2025-09-22 14:54:20,207 - httpcore.http11 - DEBUG - atrace:87 - receive_response_body.started request=<Request [b'GET']>
2025-09-22 14:54:20,207 - httpcore.http11 - DEBUG - atrace:87 - receive_response_body.complete
2025-09-22 14:54:20,207 - httpcore.http11 - DEBUG - atrace:87 - response_closed.started
2025-09-22 14:54:20,207 - httpcore.http11 - DEBUG - atrace:87 - response_closed.complete
2025-09-22 14:54:20,360 - httpcore.http11 - DEBUG - atrace:87 - receive_response_headers.complete return_value=(b'HTTP/1.1', 200, b'OK', [(b'Content-Length', b'122'), (b'Content-Type', b'text/plain;charset=utf-8'), (b'Date', b'Mon, 22 Sep 2025 09:24:22 GMT'), (b'Server', b'Microsoft-IIS/10.0'), (b'Access-Control-Allow-Headers', b'Accept, Origin, Content-Type, MaxDataServiceVersion'), (b'Access-Control-Allow-Methods', b'GET'), (b'Access-Control-Allow-Origin', b'*'), (b'Access-Control-Expose-Headers', b'DataServiceVersion'), (b'Cache-Control', b'private'), (b'Content-Encoding', b'gzip'), (b'Expires', b'Mon, 22 Sep 2025 09:24:29 GMT'), (b'Vary', b'*'), (b'X-Content-Type-Options', b'nosniff'), (b'OData-Version', b'4.0;'), (b'X-AspNet-Version', b'4.0.30319'), (b'X-Powered-By', b'ASP.NET')])
2025-09-22 14:54:20,360 - httpx - INFO - _send_single_request:1740 - HTTP Request: GET https://services.odata.org/V4/Northwind/Northwind.svc/Summary_of_Sales_by_Quarters/$count "HTTP/1.1 200 OK"
2025-09-22 14:54:20,361 - httpcore.http11 - DEBUG - atrace:87 - receive_response_body.started request=<Request [b'GET']>
2025-09-22 14:54:20,361 - httpcore.http11 - DEBUG - atrace:87 - receive_response_body.complete
2025-09-22 14:54:20,361 - httpcore.http11 - DEBUG - atrace:87 - response_closed.started
2025-09-22 14:54:20,361 - httpcore.http11 - DEBUG - atrace:87 - response_closed.complete
2025-09-22 14:54:20,363 - services.count - INFO - get_entity_counts:61 - [2m2025-09-22T09:24:20.363490Z[0m [[32m[1minfo     [0m] [1mSuccessfully retrieved entity counts[0m [[0m[1m[34mservices.count[0m][0m [36mcounts[0m=[35m{'Categories': 8, 'CustomerDemographics': 0, 'Customers': 91, 'Employees': 9, 'Order_Details': 2155, 'Orders': 830, 'Products': 77, 'Regions': 4, 'Shippers': 3, 'Suppliers': 29, 'Territories': 53, 'Alphabetical_list_of_products': 69, 'Category_Sales_for_1997': 8, 'Current_Product_Lists': 69, 'Customer_and_Suppliers_by_Cities': 120, 'Invoices': 2155, 'Order_Details_Extendeds': 2155, 'Order_Subtotals': 830, 'Orders_Qries': 830, 'Product_Sales_for_1997': 77, 'Products_Above_Average_Prices': 25, 'Products_by_Categories': 69, 'Sales_by_Categories': 77, 'Sales_Totals_by_Amounts': 66, 'Summary_of_Sales_by_Quarters': 809, 'Summary_of_Sales_by_Years': 809}[0m
2025-09-22 14:54:20,364 - httpcore.connection - DEBUG - atrace:87 - close.started
2025-09-22 14:54:20,364 - httpcore.connection - DEBUG - atrace:87 - close.complete
2025-09-22 14:54:20,364 - httpcore.connection - DEBUG - atrace:87 - close.started
2025-09-22 14:54:20,365 - httpcore.connection - DEBUG - atrace:87 - close.complete
2025-09-22 14:54:20,365 - httpcore.connection - DEBUG - atrace:87 - close.started
2025-09-22 14:54:20,365 - httpcore.connection - DEBUG - atrace:87 - close.complete
2025-09-22 14:54:20,365 - httpcore.connection - DEBUG - atrace:87 - close.started
2025-09-22 14:54:20,365 - httpcore.connection - DEBUG - atrace:87 - close.complete
2025-09-22 14:54:20,365 - httpcore.connection - DEBUG - atrace:87 - close.started
2025-09-22 14:54:20,365 - httpcore.connection - DEBUG - atrace:87 - close.complete
2025-09-22 14:54:20,365 - httpcore.connection - DEBUG - atrace:87 - close.started
2025-09-22 14:54:20,366 - httpcore.connection - DEBUG - atrace:87 - close.complete
2025-09-22 14:54:20,366 - httpcore.connection - DEBUG - atrace:87 - close.started
2025-09-22 14:54:20,366 - httpcore.connection - DEBUG - atrace:87 - close.complete
2025-09-22 14:54:20,366 - httpcore.connection - DEBUG - atrace:87 - close.started
2025-09-22 14:54:20,367 - httpcore.connection - DEBUG - atrace:87 - close.complete
2025-09-22 14:54:20,367 - httpcore.connection - DEBUG - atrace:87 - close.started
2025-09-22 14:54:20,367 - httpcore.connection - DEBUG - atrace:87 - close.complete
2025-09-22 14:54:20,367 - httpcore.connection - DEBUG - atrace:87 - close.started
2025-09-22 14:54:20,367 - httpcore.connection - DEBUG - atrace:87 - close.complete
2025-09-22 14:54:20,367 - httpcore.connection - DEBUG - atrace:87 - close.started
2025-09-22 14:54:20,367 - httpcore.connection - DEBUG - atrace:87 - close.complete
2025-09-22 14:54:20,367 - httpcore.connection - DEBUG - atrace:87 - close.started
2025-09-22 14:54:20,367 - httpcore.connection - DEBUG - atrace:87 - close.complete
2025-09-22 14:54:20,368 - httpcore.connection - DEBUG - atrace:87 - close.started
2025-09-22 14:54:20,368 - httpcore.connection - DEBUG - atrace:87 - close.complete
2025-09-22 14:54:20,368 - httpcore.connection - DEBUG - atrace:87 - close.started
2025-09-22 14:54:20,368 - httpcore.connection - DEBUG - atrace:87 - close.complete
2025-09-22 14:54:20,368 - httpcore.connection - DEBUG - atrace:87 - close.started
2025-09-22 14:54:20,368 - httpcore.connection - DEBUG - atrace:87 - close.complete
2025-09-22 14:54:20,368 - httpcore.connection - DEBUG - atrace:87 - close.started
2025-09-22 14:54:20,369 - httpcore.connection - DEBUG - atrace:87 - close.complete
2025-09-22 14:54:20,369 - httpcore.connection - DEBUG - atrace:87 - close.started
2025-09-22 14:54:20,369 - httpcore.connection - DEBUG - atrace:87 - close.complete
2025-09-22 14:54:20,369 - httpcore.connection - DEBUG - atrace:87 - close.started
2025-09-22 14:54:20,370 - httpcore.connection - DEBUG - atrace:87 - close.complete
2025-09-22 14:54:20,370 - httpcore.connection - DEBUG - atrace:87 - close.started
2025-09-22 14:54:20,370 - httpcore.connection - DEBUG - atrace:87 - close.complete
2025-09-22 14:54:20,370 - httpcore.connection - DEBUG - atrace:87 - close.started
2025-09-22 14:54:20,370 - httpcore.connection - DEBUG - atrace:87 - close.complete
2025-09-22 14:54:20,371 - planning.graph_builder - INFO - add_entities:32 - [2m2025-09-22T09:24:20.371092Z[0m [[32m[1minfo     [0m] [1mAdded entities to graph       [0m [[0m[1m[34mplanning.graph_builder[0m][0m [36mentity_count[0m=[35m26[0m
2025-09-22 14:54:20,374 - planning.graph_builder - INFO - add_relationships:54 - [2m2025-09-22T09:24:20.373217Z[0m [[32m[1minfo     [0m] [1mAdded relationships to graph  [0m [[0m[1m[34mplanning.graph_builder[0m][0m [36mrelationship_count[0m=[35m0[0m
2025-09-22 14:54:20,377 - planning.graph_builder - INFO - get_processing_order:72 - [2m2025-09-22T09:24:20.377458Z[0m [[32m[1minfo     [0m] [1mGenerated processing order    [0m [[0m[1m[34mplanning.graph_builder[0m][0m [36mlevels[0m=[35m1[0m [36mtotal_entities[0m=[35m26[0m
2025-09-22 14:54:20,377 - planning.plan_generator - INFO - create_execution_plan:134 - [2m2025-09-22T09:24:20.377972Z[0m [[32m[1minfo     [0m] [1mCreating execution plan       [0m [[0m[1m[34mplanning.plan_generator[0m][0m [36mselected_entities[0m=[35mall[0m [36mtotal_entities[0m=[35m26[0m
2025-09-22 14:54:20,379 - planning.plan_generator - INFO - create_execution_plan:152 - [2m2025-09-22T09:24:20.378523Z[0m [[32m[1minfo     [0m] [1mSkipping empty entity         [0m [[0m[1m[34mplanning.plan_generator[0m][0m [36mentity[0m=[35mCustomerDemographics[0m
2025-09-22 14:54:20,379 - planning.plan_generator - INFO - create_execution_plan:186 - [2m2025-09-22T09:24:20.379628Z[0m [[32m[1minfo     [0m] [1mExecution plan created        [0m [[0m[1m[34mplanning.plan_generator[0m][0m [36mplanned_entities[0m=[35m25[0m [36mtotal_commands[0m=[35m28[0m
2025-09-22 14:54:20,379 - odc.connector - INFO - _discovery_phase:213 - [2m2025-09-22T09:24:20.379628Z[0m [[32m[1minfo     [0m] [1mDiscovery phase completed     [0m [[0m[1m[34modc.connector[0m][0m [36mentities[0m=[35m26[0m [36mprocessing_levels[0m=[35m1[0m [36mtotal_records[0m=[35m11427[0m
2025-09-22 14:54:20,380 - odc.connector - INFO - _execution_phase:220 - [2m2025-09-22T09:24:20.380646Z[0m [[32m[1minfo     [0m] [1mStarting execution phase      [0m [[0m[1m[34modc.connector[0m][0m
2025-09-22 14:54:20,380 - workers.proxy_pool - INFO - start:306 - [2m2025-09-22T09:24:20.380646Z[0m [[32m[1minfo     [0m] [1mStarting proxy pool           [0m [[0m[1m[34mworkers.proxy_pool[0m][0m [36mmax_workers[0m=[35m3[0m
2025-09-22 14:54:20,380 - workers.proxy_pool - INFO - start:326 - [2m2025-09-22T09:24:20.380646Z[0m [[32m[1minfo     [0m] [1mProxy pool started successfully[0m [[0m[1m[34mworkers.proxy_pool[0m][0m
2025-09-22 14:54:20,382 - planning.plan_generator - INFO - get_initial_commands:219 - [2m2025-09-22T09:24:20.382266Z[0m [[32m[1minfo     [0m] [1mGenerated initial commands    [0m [[0m[1m[34mplanning.plan_generator[0m][0m [36mcommand_count[0m=[35m28[0m
2025-09-22 14:54:20,382 - workers.proxy_pool - INFO - add_commands:367 - [2m2025-09-22T09:24:20.382266Z[0m [[32m[1minfo     [0m] [1mCommands added to queue       [0m [[0m[1m[34mworkers.proxy_pool[0m][0m [36mcount[0m=[35m28[0m
2025-09-22 14:54:20,383 - workers.proxy_pool - INFO - _worker_loop:373 - [2m2025-09-22T09:24:20.383278Z[0m [[32m[1minfo     [0m] [1m🟢 Worker started and ready for commands[0m [[0m[1m[34mworkers.proxy_pool[0m][0m [36mworker_id[0m=[35mworker_0[0m [36mworker_status[0m=[35mACTIVE[0m
2025-09-22 14:54:20,383 - workers.proxy_pool - INFO - _worker_loop:396 - [2m2025-09-22T09:24:20.383278Z[0m [[32m[1minfo     [0m] [1m📋 Worker picked up command from queue[0m [[0m[1m[34mworkers.proxy_pool[0m][0m [36mcommand_id[0m=[35mEmployees_page_1[0m [36mentity[0m=[35mEmployees[0m [36mqueue_size_after_pickup[0m=[35m27[0m [36mworker_id[0m=[35mworker_0[0m [36mworker_status[0m=[35mPROCESSING[0m
2025-09-22 14:54:20,384 - workers.proxy_pool - INFO - execute:51 - [2m2025-09-22T09:24:20.384277Z[0m [[32m[1minfo     [0m] [1m🚀 Worker starting command execution[0m [[0m[1m[34mworkers.proxy_pool[0m][0m [36mcommand_id[0m=[35mEmployees_page_1[0m [36mcommand_type[0m=[35mfetch_page[0m [36mentity[0m=[35mEmployees[0m [36mpriority[0m=[35m1[0m [36mretry_count[0m=[35m0[0m [36mskip[0m=[35m0[0m [36mtop[0m=[35m1500[0m [36mworker_id[0m=[35mworker_0[0m
2025-09-22 14:54:20,385 - workers.proxy_pool - INFO - execute:74 - [2m2025-09-22T09:24:20.384277Z[0m [[32m[1minfo     [0m] [1m🔄 Worker executing request with resilience patterns[0m [[0m[1m[34mworkers.proxy_pool[0m][0m [36mcircuit_breaker_state[0m=[35mclosed[0m [36mcommand_id[0m=[35mEmployees_page_1[0m [36mworker_id[0m=[35mworker_0[0m
2025-09-22 14:54:21,153 - workers.proxy_pool - INFO - _worker_loop:373 - [2m2025-09-22T09:24:21.153594Z[0m [[32m[1minfo     [0m] [1m🟢 Worker started and ready for commands[0m [[0m[1m[34mworkers.proxy_pool[0m][0m [36mworker_id[0m=[35mworker_1[0m [36mworker_status[0m=[35mACTIVE[0m
2025-09-22 14:54:21,157 - workers.proxy_pool - INFO - _worker_loop:396 - [2m2025-09-22T09:24:21.153594Z[0m [[32m[1minfo     [0m] [1m📋 Worker picked up command from queue[0m [[0m[1m[34mworkers.proxy_pool[0m][0m [36mcommand_id[0m=[35mShippers_page_1[0m [36mentity[0m=[35mShippers[0m [36mqueue_size_after_pickup[0m=[35m26[0m [36mworker_id[0m=[35mworker_1[0m [36mworker_status[0m=[35mPROCESSING[0m
2025-09-22 14:54:21,157 - workers.proxy_pool - INFO - execute:51 - [2m2025-09-22T09:24:21.157230Z[0m [[32m[1minfo     [0m] [1m🚀 Worker starting command execution[0m [[0m[1m[34mworkers.proxy_pool[0m][0m [36mcommand_id[0m=[35mShippers_page_1[0m [36mcommand_type[0m=[35mfetch_page[0m [36mentity[0m=[35mShippers[0m [36mpriority[0m=[35m1[0m [36mretry_count[0m=[35m0[0m [36mskip[0m=[35m0[0m [36mtop[0m=[35m1500[0m [36mworker_id[0m=[35mworker_1[0m
2025-09-22 14:54:21,160 - workers.proxy_pool - INFO - execute:74 - [2m2025-09-22T09:24:21.160185Z[0m [[32m[1minfo     [0m] [1m🔄 Worker executing request with resilience patterns[0m [[0m[1m[34mworkers.proxy_pool[0m][0m [36mcircuit_breaker_state[0m=[35mclosed[0m [36mcommand_id[0m=[35mShippers_page_1[0m [36mworker_id[0m=[35mworker_1[0m
2025-09-22 14:54:21,161 - workers.proxy_pool - INFO - _worker_loop:373 - [2m2025-09-22T09:24:21.161471Z[0m [[32m[1minfo     [0m] [1m🟢 Worker started and ready for commands[0m [[0m[1m[34mworkers.proxy_pool[0m][0m [36mworker_id[0m=[35mworker_2[0m [36mworker_status[0m=[35mACTIVE[0m
2025-09-22 14:54:21,161 - workers.proxy_pool - INFO - _worker_loop:396 - [2m2025-09-22T09:24:21.161471Z[0m [[32m[1minfo     [0m] [1m📋 Worker picked up command from queue[0m [[0m[1m[34mworkers.proxy_pool[0m][0m [36mcommand_id[0m=[35mCategory_Sales_for_1997_page_1[0m [36mentity[0m=[35mCategory_Sales_for_1997[0m [36mqueue_size_after_pickup[0m=[35m25[0m [36mworker_id[0m=[35mworker_2[0m [36mworker_status[0m=[35mPROCESSING[0m
2025-09-22 14:54:21,161 - workers.proxy_pool - INFO - execute:51 - [2m2025-09-22T09:24:21.161471Z[0m [[32m[1minfo     [0m] [1m🚀 Worker starting command execution[0m [[0m[1m[34mworkers.proxy_pool[0m][0m [36mcommand_id[0m=[35mCategory_Sales_for_1997_page_1[0m [36mcommand_type[0m=[35mfetch_page[0m [36mentity[0m=[35mCategory_Sales_for_1997[0m [36mpriority[0m=[35m1[0m [36mretry_count[0m=[35m0[0m [36mskip[0m=[35m0[0m [36mtop[0m=[35m1500[0m [36mworker_id[0m=[35mworker_2[0m
2025-09-22 14:54:21,161 - workers.proxy_pool - INFO - execute:74 - [2m2025-09-22T09:24:21.161471Z[0m [[32m[1minfo     [0m] [1m🔄 Worker executing request with resilience patterns[0m [[0m[1m[34mworkers.proxy_pool[0m][0m [36mcircuit_breaker_state[0m=[35mclosed[0m [36mcommand_id[0m=[35mCategory_Sales_for_1997_page_1[0m [36mworker_id[0m=[35mworker_2[0m
2025-09-22 14:54:21,161 - httpcore.connection - DEBUG - atrace:87 - connect_tcp.started host='services.odata.org' port=443 local_address=None timeout=30 socket_options=None
2025-09-22 14:54:21,161 - httpcore.connection - DEBUG - atrace:87 - connect_tcp.started host='services.odata.org' port=443 local_address=None timeout=30 socket_options=None
2025-09-22 14:54:21,161 - httpcore.connection - DEBUG - atrace:87 - connect_tcp.started host='services.odata.org' port=443 local_address=None timeout=30 socket_options=None
2025-09-22 14:54:21,400 - httpcore.connection - DEBUG - atrace:87 - connect_tcp.complete return_value=<httpcore._backends.anyio.AnyIOStream object at 0x000001DCFC83F800>
2025-09-22 14:54:21,400 - httpcore.connection - DEBUG - atrace:87 - start_tls.started ssl_context=<ssl.SSLContext object at 0x000001DCFC7F3AD0> server_hostname='services.odata.org' timeout=30
2025-09-22 14:54:21,400 - httpcore.connection - DEBUG - atrace:87 - connect_tcp.complete return_value=<httpcore._backends.anyio.AnyIOStream object at 0x000001DCFC83F8C0>
2025-09-22 14:54:21,400 - httpcore.connection - DEBUG - atrace:87 - start_tls.started ssl_context=<ssl.SSLContext object at 0x000001DCFC7F3AD0> server_hostname='services.odata.org' timeout=30
2025-09-22 14:54:21,400 - httpcore.connection - DEBUG - atrace:87 - connect_tcp.complete return_value=<httpcore._backends.anyio.AnyIOStream object at 0x000001DCFC83F680>
2025-09-22 14:54:21,400 - httpcore.connection - DEBUG - atrace:87 - start_tls.started ssl_context=<ssl.SSLContext object at 0x000001DCFC7F3AD0> server_hostname='services.odata.org' timeout=30
2025-09-22 14:54:21,903 - httpcore.connection - DEBUG - atrace:87 - start_tls.complete return_value=<httpcore._backends.anyio.AnyIOStream object at 0x000001DCFC83FAD0>
2025-09-22 14:54:21,903 - httpcore.connection - DEBUG - atrace:87 - start_tls.complete return_value=<httpcore._backends.anyio.AnyIOStream object at 0x000001DCFC83F8F0>
2025-09-22 14:54:21,907 - httpcore.http11 - DEBUG - atrace:87 - send_request_headers.started request=<Request [b'GET']>
2025-09-22 14:54:21,907 - httpcore.http11 - DEBUG - atrace:87 - send_request_headers.started request=<Request [b'GET']>
2025-09-22 14:54:21,907 - httpcore.connection - DEBUG - atrace:87 - start_tls.complete return_value=<httpcore._backends.anyio.AnyIOStream object at 0x000001DCFC83F530>
2025-09-22 14:54:21,907 - httpcore.http11 - DEBUG - atrace:87 - send_request_headers.complete
2025-09-22 14:54:21,913 - httpcore.http11 - DEBUG - atrace:87 - send_request_body.started request=<Request [b'GET']>
2025-09-22 14:54:21,913 - httpcore.http11 - DEBUG - atrace:87 - send_request_body.complete
2025-09-22 14:54:21,913 - httpcore.http11 - DEBUG - atrace:87 - receive_response_headers.started request=<Request [b'GET']>
2025-09-22 14:54:21,913 - httpcore.http11 - DEBUG - atrace:87 - send_request_headers.complete
2025-09-22 14:54:21,913 - httpcore.http11 - DEBUG - atrace:87 - send_request_body.started request=<Request [b'GET']>
2025-09-22 14:54:21,913 - httpcore.http11 - DEBUG - atrace:87 - send_request_body.complete
2025-09-22 14:54:21,913 - httpcore.http11 - DEBUG - atrace:87 - receive_response_headers.started request=<Request [b'GET']>
2025-09-22 14:54:21,913 - httpcore.http11 - DEBUG - atrace:87 - send_request_headers.started request=<Request [b'GET']>
2025-09-22 14:54:21,913 - httpcore.http11 - DEBUG - atrace:87 - send_request_headers.complete
2025-09-22 14:54:21,913 - httpcore.http11 - DEBUG - atrace:87 - send_request_body.started request=<Request [b'GET']>
2025-09-22 14:54:21,913 - httpcore.http11 - DEBUG - atrace:87 - send_request_body.complete
2025-09-22 14:54:21,913 - httpcore.http11 - DEBUG - atrace:87 - receive_response_headers.started request=<Request [b'GET']>
2025-09-22 14:54:22,149 - httpcore.http11 - DEBUG - atrace:87 - receive_response_headers.complete return_value=(b'HTTP/1.1', 200, b'OK', [(b'Content-Length', b'402'), (b'Content-Type', b'application/json;odata.metadata=minimal;odata.streaming=true;IEEE754Compatible=false;charset=utf-8'), (b'Date', b'Mon, 22 Sep 2025 09:24:23 GMT'), (b'Server', b'Microsoft-IIS/10.0'), (b'Access-Control-Allow-Headers', b'Accept, Origin, Content-Type, MaxDataServiceVersion'), (b'Access-Control-Allow-Methods', b'GET'), (b'Access-Control-Allow-Origin', b'*'), (b'Access-Control-Expose-Headers', b'DataServiceVersion'), (b'Cache-Control', b'private'), (b'Content-Encoding', b'gzip'), (b'Expires', b'Mon, 22 Sep 2025 09:24:50 GMT'), (b'Vary', b'*'), (b'X-Content-Type-Options', b'nosniff'), (b'OData-Version', b'4.0;'), (b'X-AspNet-Version', b'4.0.30319'), (b'X-Powered-By', b'ASP.NET')])
2025-09-22 14:54:22,150 - httpx - INFO - _send_single_request:1740 - HTTP Request: GET https://services.odata.org/V4/Northwind/Northwind.svc/Category_Sales_for_1997?%24skip=0&%24top=1500 "HTTP/1.1 200 OK"
2025-09-22 14:54:22,150 - httpcore.http11 - DEBUG - atrace:87 - receive_response_body.started request=<Request [b'GET']>
2025-09-22 14:54:22,150 - httpcore.http11 - DEBUG - atrace:87 - receive_response_body.complete
2025-09-22 14:54:22,150 - httpcore.http11 - DEBUG - atrace:87 - response_closed.started
2025-09-22 14:54:22,150 - httpcore.http11 - DEBUG - atrace:87 - response_closed.complete
2025-09-22 14:54:22,150 - workers.proxy_pool - INFO - _make_http_request:189 - [2m2025-09-22T09:24:22.150359Z[0m [[32m[1minfo     [0m] [1m📊 Worker successfully fetched data[0m [[0m[1m[34mworkers.proxy_pool[0m][0m [36mcommand_id[0m=[35mCategory_Sales_for_1997_page_1[0m [36mentity[0m=[35mCategory_Sales_for_1997[0m [36mhas_next_page[0m=[35mFalse[0m [36mrecords_in_response[0m=[35m8[0m [36mworker_id[0m=[35mworker_2[0m
2025-09-22 14:54:22,152 - workers.proxy_pool - INFO - execute:102 - [2m2025-09-22T09:24:22.152379Z[0m [[32m[1minfo     [0m] [1m✅ Worker completed command successfully[0m [[0m[1m[34mworkers.proxy_pool[0m][0m [36mcommand_id[0m=[35mCategory_Sales_for_1997_page_1[0m [36mentity[0m=[35mCategory_Sales_for_1997[0m [36mexecution_time_seconds[0m=[35m1.0[0m [36mhas_next_page[0m=[35mFalse[0m [36mrecords_fetched[0m=[35m8[0m [36mworker_id[0m=[35mworker_2[0m
2025-09-22 14:54:22,152 - workers.proxy_pool - INFO - _worker_loop:396 - [2m2025-09-22T09:24:22.152379Z[0m [[32m[1minfo     [0m] [1m📋 Worker picked up command from queue[0m [[0m[1m[34mworkers.proxy_pool[0m][0m [36mcommand_id[0m=[35mSuppliers_page_1[0m [36mentity[0m=[35mSuppliers[0m [36mqueue_size_after_pickup[0m=[35m24[0m [36mworker_id[0m=[35mworker_2[0m [36mworker_status[0m=[35mPROCESSING[0m
2025-09-22 14:54:22,153 - workers.proxy_pool - INFO - execute:51 - [2m2025-09-22T09:24:22.153904Z[0m [[32m[1minfo     [0m] [1m🚀 Worker starting command execution[0m [[0m[1m[34mworkers.proxy_pool[0m][0m [36mcommand_id[0m=[35mSuppliers_page_1[0m [36mcommand_type[0m=[35mfetch_page[0m [36mentity[0m=[35mSuppliers[0m [36mpriority[0m=[35m1[0m [36mretry_count[0m=[35m0[0m [36mskip[0m=[35m0[0m [36mtop[0m=[35m1500[0m [36mworker_id[0m=[35mworker_2[0m
2025-09-22 14:54:22,153 - workers.proxy_pool - INFO - execute:74 - [2m2025-09-22T09:24:22.153904Z[0m [[32m[1minfo     [0m] [1m🔄 Worker executing request with resilience patterns[0m [[0m[1m[34mworkers.proxy_pool[0m][0m [36mcircuit_breaker_state[0m=[35mclosed[0m [36mcommand_id[0m=[35mSuppliers_page_1[0m [36mworker_id[0m=[35mworker_2[0m
2025-09-22 14:54:22,159 - httpcore.http11 - DEBUG - atrace:87 - send_request_headers.started request=<Request [b'GET']>
2025-09-22 14:54:22,159 - httpcore.http11 - DEBUG - atrace:87 - send_request_headers.complete
2025-09-22 14:54:22,159 - httpcore.http11 - DEBUG - atrace:87 - send_request_body.started request=<Request [b'GET']>
2025-09-22 14:54:22,159 - httpcore.http11 - DEBUG - atrace:87 - send_request_body.complete
2025-09-22 14:54:22,159 - httpcore.http11 - DEBUG - atrace:87 - receive_response_headers.started request=<Request [b'GET']>
2025-09-22 14:54:22,159 - httpcore.http11 - DEBUG - atrace:87 - receive_response_headers.complete return_value=(b'HTTP/1.1', 200, b'OK', [(b'Content-Type', b'application/json;odata.metadata=minimal;odata.streaming=true;IEEE754Compatible=false;charset=utf-8'), (b'Date', b'Mon, 22 Sep 2025 09:24:23 GMT'), (b'Server', b'Microsoft-IIS/10.0'), (b'Access-Control-Allow-Headers', b'Accept, Origin, Content-Type, MaxDataServiceVersion'), (b'Access-Control-Allow-Methods', b'GET'), (b'Access-Control-Allow-Origin', b'*'), (b'Access-Control-Expose-Headers', b'DataServiceVersion'), (b'Cache-Control', b'private'), (b'Content-Encoding', b'gzip'), (b'Expires', b'Mon, 22 Sep 2025 09:24:49 GMT'), (b'Transfer-Encoding', b'chunked'), (b'Vary', b'*'), (b'X-Content-Type-Options', b'nosniff'), (b'OData-Version', b'4.0;'), (b'X-AspNet-Version', b'4.0.30319'), (b'X-Powered-By', b'ASP.NET')])
2025-09-22 14:54:22,159 - httpx - INFO - _send_single_request:1740 - HTTP Request: GET https://services.odata.org/V4/Northwind/Northwind.svc/Employees?%24skip=0&%24top=1500 "HTTP/1.1 200 OK"
2025-09-22 14:54:22,159 - httpcore.http11 - DEBUG - atrace:87 - receive_response_body.started request=<Request [b'GET']>
2025-09-22 14:54:22,167 - httpcore.http11 - DEBUG - atrace:87 - receive_response_headers.complete return_value=(b'HTTP/1.1', 200, b'OK', [(b'Content-Length', b'311'), (b'Content-Type', b'application/json;odata.metadata=minimal;odata.streaming=true;IEEE754Compatible=false;charset=utf-8'), (b'Date', b'Mon, 22 Sep 2025 09:24:23 GMT'), (b'Server', b'Microsoft-IIS/10.0'), (b'Access-Control-Allow-Headers', b'Accept, Origin, Content-Type, MaxDataServiceVersion'), (b'Access-Control-Allow-Methods', b'GET'), (b'Access-Control-Allow-Origin', b'*'), (b'Access-Control-Expose-Headers', b'DataServiceVersion'), (b'Cache-Control', b'private'), (b'Content-Encoding', b'gzip'), (b'Expires', b'Mon, 22 Sep 2025 09:24:47 GMT'), (b'Vary', b'*'), (b'X-Content-Type-Options', b'nosniff'), (b'OData-Version', b'4.0;'), (b'X-AspNet-Version', b'4.0.30319'), (b'X-Powered-By', b'ASP.NET')])
2025-09-22 14:54:22,167 - httpx - INFO - _send_single_request:1740 - HTTP Request: GET https://services.odata.org/V4/Northwind/Northwind.svc/Shippers?%24skip=0&%24top=1500 "HTTP/1.1 200 OK"
2025-09-22 14:54:22,167 - httpcore.http11 - DEBUG - atrace:87 - receive_response_body.started request=<Request [b'GET']>
2025-09-22 14:54:22,167 - httpcore.http11 - DEBUG - atrace:87 - receive_response_body.complete
2025-09-22 14:54:22,167 - httpcore.http11 - DEBUG - atrace:87 - response_closed.started
2025-09-22 14:54:22,167 - httpcore.http11 - DEBUG - atrace:87 - response_closed.complete
2025-09-22 14:54:22,167 - workers.proxy_pool - INFO - _make_http_request:189 - [2m2025-09-22T09:24:22.167284Z[0m [[32m[1minfo     [0m] [1m📊 Worker successfully fetched data[0m [[0m[1m[34mworkers.proxy_pool[0m][0m [36mcommand_id[0m=[35mShippers_page_1[0m [36mentity[0m=[35mShippers[0m [36mhas_next_page[0m=[35mFalse[0m [36mrecords_in_response[0m=[35m3[0m [36mworker_id[0m=[35mworker_1[0m
2025-09-22 14:54:22,174 - workers.proxy_pool - INFO - execute:102 - [2m2025-09-22T09:24:22.174038Z[0m [[32m[1minfo     [0m] [1m✅ Worker completed command successfully[0m [[0m[1m[34mworkers.proxy_pool[0m][0m [36mcommand_id[0m=[35mShippers_page_1[0m [36mentity[0m=[35mShippers[0m [36mexecution_time_seconds[0m=[35m1.02[0m [36mhas_next_page[0m=[35mFalse[0m [36mrecords_fetched[0m=[35m3[0m [36mworker_id[0m=[35mworker_1[0m
2025-09-22 14:54:22,174 - workers.proxy_pool - INFO - _worker_loop:396 - [2m2025-09-22T09:24:22.174038Z[0m [[32m[1minfo     [0m] [1m📋 Worker picked up command from queue[0m [[0m[1m[34mworkers.proxy_pool[0m][0m [36mcommand_id[0m=[35mAlphabetical_list_of_products_page_1[0m [36mentity[0m=[35mAlphabetical_list_of_products[0m [36mqueue_size_after_pickup[0m=[35m23[0m [36mworker_id[0m=[35mworker_1[0m [36mworker_status[0m=[35mPROCESSING[0m
2025-09-22 14:54:22,175 - workers.proxy_pool - INFO - execute:51 - [2m2025-09-22T09:24:22.175228Z[0m [[32m[1minfo     [0m] [1m🚀 Worker starting command execution[0m [[0m[1m[34mworkers.proxy_pool[0m][0m [36mcommand_id[0m=[35mAlphabetical_list_of_products_page_1[0m [36mcommand_type[0m=[35mfetch_page[0m [36mentity[0m=[35mAlphabetical_list_of_products[0m [36mpriority[0m=[35m1[0m [36mretry_count[0m=[35m0[0m [36mskip[0m=[35m0[0m [36mtop[0m=[35m1500[0m [36mworker_id[0m=[35mworker_1[0m
2025-09-22 14:54:22,175 - workers.proxy_pool - INFO - execute:74 - [2m2025-09-22T09:24:22.175228Z[0m [[32m[1minfo     [0m] [1m🔄 Worker executing request with resilience patterns[0m [[0m[1m[34mworkers.proxy_pool[0m][0m [36mcircuit_breaker_state[0m=[35mclosed[0m [36mcommand_id[0m=[35mAlphabetical_list_of_products_page_1[0m [36mworker_id[0m=[35mworker_1[0m
2025-09-22 14:54:22,176 - httpcore.http11 - DEBUG - atrace:87 - send_request_headers.started request=<Request [b'GET']>
2025-09-22 14:54:22,177 - httpcore.http11 - DEBUG - atrace:87 - send_request_headers.complete
2025-09-22 14:54:22,177 - httpcore.http11 - DEBUG - atrace:87 - send_request_body.started request=<Request [b'GET']>
2025-09-22 14:54:22,177 - httpcore.http11 - DEBUG - atrace:87 - send_request_body.complete
2025-09-22 14:54:22,177 - httpcore.http11 - DEBUG - atrace:87 - receive_response_headers.started request=<Request [b'GET']>
2025-09-22 14:54:22,400 - httpcore.http11 - DEBUG - atrace:87 - receive_response_headers.complete return_value=(b'HTTP/1.1', 200, b'OK', [(b'Content-Length', b'3492'), (b'Content-Type', b'application/json;odata.metadata=minimal;odata.streaming=true;IEEE754Compatible=false;charset=utf-8'), (b'Date', b'Mon, 22 Sep 2025 09:24:24 GMT'), (b'Server', b'Microsoft-IIS/10.0'), (b'Access-Control-Allow-Headers', b'Accept, Origin, Content-Type, MaxDataServiceVersion'), (b'Access-Control-Allow-Methods', b'GET'), (b'Access-Control-Allow-Origin', b'*'), (b'Access-Control-Expose-Headers', b'DataServiceVersion'), (b'Cache-Control', b'private'), (b'Content-Encoding', b'gzip'), (b'Expires', b'Mon, 22 Sep 2025 09:24:49 GMT'), (b'Vary', b'*'), (b'X-Content-Type-Options', b'nosniff'), (b'OData-Version', b'4.0;'), (b'X-AspNet-Version', b'4.0.30319'), (b'X-Powered-By', b'ASP.NET')])
2025-09-22 14:54:22,400 - httpx - INFO - _send_single_request:1740 - HTTP Request: GET https://services.odata.org/V4/Northwind/Northwind.svc/Suppliers?%24skip=0&%24top=1500 "HTTP/1.1 200 OK"
2025-09-22 14:54:22,402 - httpcore.http11 - DEBUG - atrace:87 - receive_response_body.started request=<Request [b'GET']>
2025-09-22 14:54:22,402 - httpcore.http11 - DEBUG - atrace:87 - receive_response_body.complete
2025-09-22 14:54:22,402 - httpcore.http11 - DEBUG - atrace:87 - response_closed.started
2025-09-22 14:54:22,402 - httpcore.http11 - DEBUG - atrace:87 - response_closed.complete
2025-09-22 14:54:22,402 - workers.proxy_pool - INFO - _make_http_request:189 - [2m2025-09-22T09:24:22.402523Z[0m [[32m[1minfo     [0m] [1m📊 Worker successfully fetched data[0m [[0m[1m[34mworkers.proxy_pool[0m][0m [36mcommand_id[0m=[35mSuppliers_page_1[0m [36mentity[0m=[35mSuppliers[0m [36mhas_next_page[0m=[35mFalse[0m [36mrecords_in_response[0m=[35m29[0m [36mworker_id[0m=[35mworker_2[0m
2025-09-22 14:54:22,402 - workers.proxy_pool - INFO - execute:102 - [2m2025-09-22T09:24:22.402523Z[0m [[32m[1minfo     [0m] [1m✅ Worker completed command successfully[0m [[0m[1m[34mworkers.proxy_pool[0m][0m [36mcommand_id[0m=[35mSuppliers_page_1[0m [36mentity[0m=[35mSuppliers[0m [36mexecution_time_seconds[0m=[35m0.25[0m [36mhas_next_page[0m=[35mFalse[0m [36mrecords_fetched[0m=[35m29[0m [36mworker_id[0m=[35mworker_2[0m
2025-09-22 14:54:22,402 - workers.proxy_pool - INFO - _worker_loop:396 - [2m2025-09-22T09:24:22.402523Z[0m [[32m[1minfo     [0m] [1m📋 Worker picked up command from queue[0m [[0m[1m[34mworkers.proxy_pool[0m][0m [36mcommand_id[0m=[35mCurrent_Product_Lists_page_1[0m [36mentity[0m=[35mCurrent_Product_Lists[0m [36mqueue_size_after_pickup[0m=[35m22[0m [36mworker_id[0m=[35mworker_2[0m [36mworker_status[0m=[35mPROCESSING[0m
2025-09-22 14:54:22,402 - workers.proxy_pool - INFO - execute:51 - [2m2025-09-22T09:24:22.402523Z[0m [[32m[1minfo     [0m] [1m🚀 Worker starting command execution[0m [[0m[1m[34mworkers.proxy_pool[0m][0m [36mcommand_id[0m=[35mCurrent_Product_Lists_page_1[0m [36mcommand_type[0m=[35mfetch_page[0m [36mentity[0m=[35mCurrent_Product_Lists[0m [36mpriority[0m=[35m1[0m [36mretry_count[0m=[35m0[0m [36mskip[0m=[35m0[0m [36mtop[0m=[35m1500[0m [36mworker_id[0m=[35mworker_2[0m
2025-09-22 14:54:22,407 - workers.proxy_pool - INFO - execute:74 - [2m2025-09-22T09:24:22.407351Z[0m [[32m[1minfo     [0m] [1m🔄 Worker executing request with resilience patterns[0m [[0m[1m[34mworkers.proxy_pool[0m][0m [36mcircuit_breaker_state[0m=[35mclosed[0m [36mcommand_id[0m=[35mCurrent_Product_Lists_page_1[0m [36mworker_id[0m=[35mworker_2[0m
2025-09-22 14:54:22,408 - httpcore.http11 - DEBUG - atrace:87 - send_request_headers.started request=<Request [b'GET']>
2025-09-22 14:54:22,409 - httpcore.http11 - DEBUG - atrace:87 - send_request_headers.complete
2025-09-22 14:54:22,409 - httpcore.http11 - DEBUG - atrace:87 - send_request_body.started request=<Request [b'GET']>
2025-09-22 14:54:22,409 - httpcore.http11 - DEBUG - atrace:87 - send_request_body.complete
2025-09-22 14:54:22,409 - httpcore.http11 - DEBUG - atrace:87 - receive_response_headers.started request=<Request [b'GET']>
2025-09-22 14:54:22,409 - httpcore.http11 - DEBUG - atrace:87 - receive_response_headers.complete return_value=(b'HTTP/1.1', 200, b'OK', [(b'Content-Length', b'3863'), (b'Content-Type', b'application/json;odata.metadata=minimal;odata.streaming=true;IEEE754Compatible=false;charset=utf-8'), (b'Date', b'Mon, 22 Sep 2025 09:24:24 GMT'), (b'Server', b'Microsoft-IIS/10.0'), (b'Access-Control-Allow-Headers', b'Accept, Origin, Content-Type, MaxDataServiceVersion'), (b'Access-Control-Allow-Methods', b'GET'), (b'Access-Control-Allow-Origin', b'*'), (b'Access-Control-Expose-Headers', b'DataServiceVersion'), (b'Cache-Control', b'private'), (b'Content-Encoding', b'gzip'), (b'Expires', b'Mon, 22 Sep 2025 09:24:53 GMT'), (b'Vary', b'*'), (b'X-Content-Type-Options', b'nosniff'), (b'OData-Version', b'4.0;'), (b'X-AspNet-Version', b'4.0.30319'), (b'X-Powered-By', b'ASP.NET')])
2025-09-22 14:54:22,409 - httpx - INFO - _send_single_request:1740 - HTTP Request: GET https://services.odata.org/V4/Northwind/Northwind.svc/Alphabetical_list_of_products?%24skip=0&%24top=1500 "HTTP/1.1 200 OK"
2025-09-22 14:54:22,409 - httpcore.http11 - DEBUG - atrace:87 - receive_response_body.started request=<Request [b'GET']>
2025-09-22 14:54:22,409 - httpcore.http11 - DEBUG - atrace:87 - receive_response_body.complete
2025-09-22 14:54:22,409 - httpcore.http11 - DEBUG - atrace:87 - response_closed.started
2025-09-22 14:54:22,409 - httpcore.http11 - DEBUG - atrace:87 - response_closed.complete
2025-09-22 14:54:22,417 - workers.proxy_pool - INFO - _make_http_request:189 - [2m2025-09-22T09:24:22.417335Z[0m [[32m[1minfo     [0m] [1m📊 Worker successfully fetched data[0m [[0m[1m[34mworkers.proxy_pool[0m][0m [36mcommand_id[0m=[35mAlphabetical_list_of_products_page_1[0m [36mentity[0m=[35mAlphabetical_list_of_products[0m [36mhas_next_page[0m=[35mFalse[0m [36mrecords_in_response[0m=[35m69[0m [36mworker_id[0m=[35mworker_1[0m
2025-09-22 14:54:22,417 - workers.proxy_pool - INFO - execute:102 - [2m2025-09-22T09:24:22.417335Z[0m [[32m[1minfo     [0m] [1m✅ Worker completed command successfully[0m [[0m[1m[34mworkers.proxy_pool[0m][0m [36mcommand_id[0m=[35mAlphabetical_list_of_products_page_1[0m [36mentity[0m=[35mAlphabetical_list_of_products[0m [36mexecution_time_seconds[0m=[35m0.25[0m [36mhas_next_page[0m=[35mFalse[0m [36mrecords_fetched[0m=[35m69[0m [36mworker_id[0m=[35mworker_1[0m
2025-09-22 14:54:22,417 - workers.proxy_pool - INFO - _worker_loop:396 - [2m2025-09-22T09:24:22.417335Z[0m [[32m[1minfo     [0m] [1m📋 Worker picked up command from queue[0m [[0m[1m[34mworkers.proxy_pool[0m][0m [36mcommand_id[0m=[35mOrders_page_1[0m [36mentity[0m=[35mOrders[0m [36mqueue_size_after_pickup[0m=[35m21[0m [36mworker_id[0m=[35mworker_1[0m [36mworker_status[0m=[35mPROCESSING[0m
2025-09-22 14:54:22,417 - workers.proxy_pool - INFO - execute:51 - [2m2025-09-22T09:24:22.417335Z[0m [[32m[1minfo     [0m] [1m🚀 Worker starting command execution[0m [[0m[1m[34mworkers.proxy_pool[0m][0m [36mcommand_id[0m=[35mOrders_page_1[0m [36mcommand_type[0m=[35mfetch_page[0m [36mentity[0m=[35mOrders[0m [36mpriority[0m=[35m1[0m [36mretry_count[0m=[35m0[0m [36mskip[0m=[35m0[0m [36mtop[0m=[35m1500[0m [36mworker_id[0m=[35mworker_1[0m
2025-09-22 14:54:22,417 - workers.proxy_pool - INFO - execute:74 - [2m2025-09-22T09:24:22.417335Z[0m [[32m[1minfo     [0m] [1m🔄 Worker executing request with resilience patterns[0m [[0m[1m[34mworkers.proxy_pool[0m][0m [36mcircuit_breaker_state[0m=[35mclosed[0m [36mcommand_id[0m=[35mOrders_page_1[0m [36mworker_id[0m=[35mworker_1[0m
2025-09-22 14:54:22,417 - httpcore.http11 - DEBUG - atrace:87 - send_request_headers.started request=<Request [b'GET']>
2025-09-22 14:54:22,417 - httpcore.http11 - DEBUG - atrace:87 - send_request_headers.complete
2025-09-22 14:54:22,417 - httpcore.http11 - DEBUG - atrace:87 - send_request_body.started request=<Request [b'GET']>
2025-09-22 14:54:22,417 - httpcore.http11 - DEBUG - atrace:87 - send_request_body.complete
2025-09-22 14:54:22,417 - httpcore.http11 - DEBUG - atrace:87 - receive_response_headers.started request=<Request [b'GET']>
2025-09-22 14:54:22,643 - httpcore.http11 - DEBUG - atrace:87 - receive_response_headers.complete return_value=(b'HTTP/1.1', 200, b'OK', [(b'Content-Length', b'1429'), (b'Content-Type', b'application/json;odata.metadata=minimal;odata.streaming=true;IEEE754Compatible=false;charset=utf-8'), (b'Date', b'Mon, 22 Sep 2025 09:24:24 GMT'), (b'Server', b'Microsoft-IIS/10.0'), (b'Access-Control-Allow-Headers', b'Accept, Origin, Content-Type, MaxDataServiceVersion'), (b'Access-Control-Allow-Methods', b'GET'), (b'Access-Control-Allow-Origin', b'*'), (b'Access-Control-Expose-Headers', b'DataServiceVersion'), (b'Cache-Control', b'private'), (b'Content-Encoding', b'gzip'), (b'Expires', b'Mon, 22 Sep 2025 09:24:48 GMT'), (b'Vary', b'*'), (b'X-Content-Type-Options', b'nosniff'), (b'OData-Version', b'4.0;'), (b'X-AspNet-Version', b'4.0.30319'), (b'X-Powered-By', b'ASP.NET')])
2025-09-22 14:54:22,643 - httpx - INFO - _send_single_request:1740 - HTTP Request: GET https://services.odata.org/V4/Northwind/Northwind.svc/Current_Product_Lists?%24skip=0&%24top=1500 "HTTP/1.1 200 OK"
2025-09-22 14:54:22,646 - httpcore.http11 - DEBUG - atrace:87 - receive_response_body.started request=<Request [b'GET']>
2025-09-22 14:54:22,646 - httpcore.http11 - DEBUG - atrace:87 - receive_response_body.complete
2025-09-22 14:54:22,647 - httpcore.http11 - DEBUG - atrace:87 - response_closed.started
2025-09-22 14:54:22,647 - httpcore.http11 - DEBUG - atrace:87 - response_closed.complete
2025-09-22 14:54:22,647 - workers.proxy_pool - INFO - _make_http_request:189 - [2m2025-09-22T09:24:22.647245Z[0m [[32m[1minfo     [0m] [1m📊 Worker successfully fetched data[0m [[0m[1m[34mworkers.proxy_pool[0m][0m [36mcommand_id[0m=[35mCurrent_Product_Lists_page_1[0m [36mentity[0m=[35mCurrent_Product_Lists[0m [36mhas_next_page[0m=[35mFalse[0m [36mrecords_in_response[0m=[35m69[0m [36mworker_id[0m=[35mworker_2[0m
2025-09-22 14:54:22,650 - workers.proxy_pool - INFO - execute:102 - [2m2025-09-22T09:24:22.649302Z[0m [[32m[1minfo     [0m] [1m✅ Worker completed command successfully[0m [[0m[1m[34mworkers.proxy_pool[0m][0m [36mcommand_id[0m=[35mCurrent_Product_Lists_page_1[0m [36mentity[0m=[35mCurrent_Product_Lists[0m [36mexecution_time_seconds[0m=[35m0.23[0m [36mhas_next_page[0m=[35mFalse[0m [36mrecords_fetched[0m=[35m69[0m [36mworker_id[0m=[35mworker_2[0m
2025-09-22 14:54:22,651 - workers.proxy_pool - INFO - _worker_loop:396 - [2m2025-09-22T09:24:22.650419Z[0m [[32m[1minfo     [0m] [1m📋 Worker picked up command from queue[0m [[0m[1m[34mworkers.proxy_pool[0m][0m [36mcommand_id[0m=[35mProducts_page_1[0m [36mentity[0m=[35mProducts[0m [36mqueue_size_after_pickup[0m=[35m20[0m [36mworker_id[0m=[35mworker_2[0m [36mworker_status[0m=[35mPROCESSING[0m
2025-09-22 14:54:22,651 - workers.proxy_pool - INFO - execute:51 - [2m2025-09-22T09:24:22.651997Z[0m [[32m[1minfo     [0m] [1m🚀 Worker starting command execution[0m [[0m[1m[34mworkers.proxy_pool[0m][0m [36mcommand_id[0m=[35mProducts_page_1[0m [36mcommand_type[0m=[35mfetch_page[0m [36mentity[0m=[35mProducts[0m [36mpriority[0m=[35m1[0m [36mretry_count[0m=[35m0[0m [36mskip[0m=[35m0[0m [36mtop[0m=[35m1500[0m [36mworker_id[0m=[35mworker_2[0m
2025-09-22 14:54:22,651 - workers.proxy_pool - INFO - execute:74 - [2m2025-09-22T09:24:22.651997Z[0m [[32m[1minfo     [0m] [1m🔄 Worker executing request with resilience patterns[0m [[0m[1m[34mworkers.proxy_pool[0m][0m [36mcircuit_breaker_state[0m=[35mclosed[0m [36mcommand_id[0m=[35mProducts_page_1[0m [36mworker_id[0m=[35mworker_2[0m
2025-09-22 14:54:22,651 - httpcore.http11 - DEBUG - atrace:87 - send_request_headers.started request=<Request [b'GET']>
2025-09-22 14:54:22,651 - httpcore.http11 - DEBUG - atrace:87 - send_request_headers.complete
2025-09-22 14:54:22,651 - httpcore.http11 - DEBUG - atrace:87 - send_request_body.started request=<Request [b'GET']>
2025-09-22 14:54:22,651 - httpcore.http11 - DEBUG - atrace:87 - send_request_body.complete
2025-09-22 14:54:22,651 - httpcore.http11 - DEBUG - atrace:87 - receive_response_headers.started request=<Request [b'GET']>
2025-09-22 14:54:22,658 - httpcore.http11 - DEBUG - atrace:87 - receive_response_headers.complete return_value=(b'HTTP/1.1', 200, b'OK', [(b'Content-Length', b'18516'), (b'Content-Type', b'application/json;odata.metadata=minimal;odata.streaming=true;IEEE754Compatible=false;charset=utf-8'), (b'Date', b'Mon, 22 Sep 2025 09:24:24 GMT'), (b'Server', b'Microsoft-IIS/10.0'), (b'Access-Control-Allow-Headers', b'Accept, Origin, Content-Type, MaxDataServiceVersion'), (b'Access-Control-Allow-Methods', b'GET'), (b'Access-Control-Allow-Origin', b'*'), (b'Access-Control-Expose-Headers', b'DataServiceVersion'), (b'Cache-Control', b'private'), (b'Content-Encoding', b'gzip'), (b'Expires', b'Mon, 22 Sep 2025 09:24:51 GMT'), (b'Vary', b'*'), (b'X-Content-Type-Options', b'nosniff'), (b'OData-Version', b'4.0;'), (b'X-AspNet-Version', b'4.0.30319'), (b'X-Powered-By', b'ASP.NET')])
2025-09-22 14:54:22,658 - httpx - INFO - _send_single_request:1740 - HTTP Request: GET https://services.odata.org/V4/Northwind/Northwind.svc/Orders?%24skip=0&%24top=1500 "HTTP/1.1 200 OK"
2025-09-22 14:54:22,658 - httpcore.http11 - DEBUG - atrace:87 - receive_response_body.started request=<Request [b'GET']>
2025-09-22 14:54:22,660 - httpcore.http11 - DEBUG - atrace:87 - receive_response_body.complete
2025-09-22 14:54:22,660 - httpcore.http11 - DEBUG - atrace:87 - response_closed.started
2025-09-22 14:54:22,660 - httpcore.http11 - DEBUG - atrace:87 - response_closed.complete
2025-09-22 14:54:22,661 - workers.proxy_pool - INFO - _make_http_request:189 - [2m2025-09-22T09:24:22.661918Z[0m [[32m[1minfo     [0m] [1m📊 Worker successfully fetched data[0m [[0m[1m[34mworkers.proxy_pool[0m][0m [36mcommand_id[0m=[35mOrders_page_1[0m [36mentity[0m=[35mOrders[0m [36mhas_next_page[0m=[35mTrue[0m [36mrecords_in_response[0m=[35m200[0m [36mworker_id[0m=[35mworker_1[0m
2025-09-22 14:54:22,662 - workers.proxy_pool - INFO - execute:102 - [2m2025-09-22T09:24:22.662919Z[0m [[32m[1minfo     [0m] [1m✅ Worker completed command successfully[0m [[0m[1m[34mworkers.proxy_pool[0m][0m [36mcommand_id[0m=[35mOrders_page_1[0m [36mentity[0m=[35mOrders[0m [36mexecution_time_seconds[0m=[35m0.23[0m [36mhas_next_page[0m=[35mTrue[0m [36mrecords_fetched[0m=[35m200[0m [36mworker_id[0m=[35mworker_1[0m
2025-09-22 14:54:22,663 - workers.proxy_pool - INFO - _worker_loop:396 - [2m2025-09-22T09:24:22.663962Z[0m [[32m[1minfo     [0m] [1m📋 Worker picked up command from queue[0m [[0m[1m[34mworkers.proxy_pool[0m][0m [36mcommand_id[0m=[35mRegions_page_1[0m [36mentity[0m=[35mRegions[0m [36mqueue_size_after_pickup[0m=[35m19[0m [36mworker_id[0m=[35mworker_1[0m [36mworker_status[0m=[35mPROCESSING[0m
2025-09-22 14:54:22,663 - workers.proxy_pool - INFO - execute:51 - [2m2025-09-22T09:24:22.663962Z[0m [[32m[1minfo     [0m] [1m🚀 Worker starting command execution[0m [[0m[1m[34mworkers.proxy_pool[0m][0m [36mcommand_id[0m=[35mRegions_page_1[0m [36mcommand_type[0m=[35mfetch_page[0m [36mentity[0m=[35mRegions[0m [36mpriority[0m=[35m1[0m [36mretry_count[0m=[35m0[0m [36mskip[0m=[35m0[0m [36mtop[0m=[35m1500[0m [36mworker_id[0m=[35mworker_1[0m
2025-09-22 14:54:22,664 - workers.proxy_pool - INFO - execute:74 - [2m2025-09-22T09:24:22.664924Z[0m [[32m[1minfo     [0m] [1m🔄 Worker executing request with resilience patterns[0m [[0m[1m[34mworkers.proxy_pool[0m][0m [36mcircuit_breaker_state[0m=[35mclosed[0m [36mcommand_id[0m=[35mRegions_page_1[0m [36mworker_id[0m=[35mworker_1[0m
2025-09-22 14:54:22,666 - httpcore.http11 - DEBUG - atrace:87 - send_request_headers.started request=<Request [b'GET']>
2025-09-22 14:54:22,667 - httpcore.http11 - DEBUG - atrace:87 - send_request_headers.complete
2025-09-22 14:54:22,667 - httpcore.http11 - DEBUG - atrace:87 - send_request_body.started request=<Request [b'GET']>
2025-09-22 14:54:22,667 - httpcore.http11 - DEBUG - atrace:87 - send_request_body.complete
2025-09-22 14:54:22,667 - httpcore.http11 - DEBUG - atrace:87 - receive_response_headers.started request=<Request [b'GET']>
2025-09-22 14:54:22,900 - httpcore.http11 - DEBUG - atrace:87 - receive_response_headers.complete return_value=(b'HTTP/1.1', 200, b'OK', [(b'Content-Length', b'1436'), (b'Content-Type', b'application/json;odata.metadata=minimal;odata.streaming=true;IEEE754Compatible=false;charset=utf-8'), (b'Date', b'Mon, 22 Sep 2025 09:24:24 GMT'), (b'Server', b'Microsoft-IIS/10.0'), (b'Access-Control-Allow-Headers', b'Accept, Origin, Content-Type, MaxDataServiceVersion'), (b'Access-Control-Allow-Methods', b'GET'), (b'Access-Control-Allow-Origin', b'*'), (b'Access-Control-Expose-Headers', b'DataServiceVersion'), (b'Cache-Control', b'private'), (b'Content-Encoding', b'gzip'), (b'Expires', b'Mon, 22 Sep 2025 09:24:49 GMT'), (b'Vary', b'*'), (b'X-Content-Type-Options', b'nosniff'), (b'OData-Version', b'4.0;'), (b'X-AspNet-Version', b'4.0.30319'), (b'X-Powered-By', b'ASP.NET')])
2025-09-22 14:54:22,900 - httpx - INFO - _send_single_request:1740 - HTTP Request: GET https://services.odata.org/V4/Northwind/Northwind.svc/Products?%24skip=0&%24top=1500 "HTTP/1.1 200 OK"
2025-09-22 14:54:22,902 - httpcore.http11 - DEBUG - atrace:87 - receive_response_body.started request=<Request [b'GET']>
2025-09-22 14:54:22,902 - httpcore.http11 - DEBUG - atrace:87 - receive_response_body.complete
2025-09-22 14:54:22,902 - httpcore.http11 - DEBUG - atrace:87 - response_closed.started
2025-09-22 14:54:22,902 - httpcore.http11 - DEBUG - atrace:87 - response_closed.complete
2025-09-22 14:54:22,902 - workers.proxy_pool - INFO - _make_http_request:189 - [2m2025-09-22T09:24:22.902502Z[0m [[32m[1minfo     [0m] [1m📊 Worker successfully fetched data[0m [[0m[1m[34mworkers.proxy_pool[0m][0m [36mcommand_id[0m=[35mProducts_page_1[0m [36mentity[0m=[35mProducts[0m [36mhas_next_page[0m=[35mTrue[0m [36mrecords_in_response[0m=[35m20[0m [36mworker_id[0m=[35mworker_2[0m
2025-09-22 14:54:22,902 - workers.proxy_pool - INFO - execute:102 - [2m2025-09-22T09:24:22.902502Z[0m [[32m[1minfo     [0m] [1m✅ Worker completed command successfully[0m [[0m[1m[34mworkers.proxy_pool[0m][0m [36mcommand_id[0m=[35mProducts_page_1[0m [36mentity[0m=[35mProducts[0m [36mexecution_time_seconds[0m=[35m0.25[0m [36mhas_next_page[0m=[35mTrue[0m [36mrecords_fetched[0m=[35m20[0m [36mworker_id[0m=[35mworker_2[0m
2025-09-22 14:54:22,902 - workers.proxy_pool - INFO - _worker_loop:396 - [2m2025-09-22T09:24:22.902502Z[0m [[32m[1minfo     [0m] [1m📋 Worker picked up command from queue[0m [[0m[1m[34mworkers.proxy_pool[0m][0m [36mcommand_id[0m=[35mOrder_Details_Extendeds_page_1[0m [36mentity[0m=[35mOrder_Details_Extendeds[0m [36mqueue_size_after_pickup[0m=[35m18[0m [36mworker_id[0m=[35mworker_2[0m [36mworker_status[0m=[35mPROCESSING[0m
2025-09-22 14:54:22,902 - workers.proxy_pool - INFO - execute:51 - [2m2025-09-22T09:24:22.902502Z[0m [[32m[1minfo     [0m] [1m🚀 Worker starting command execution[0m [[0m[1m[34mworkers.proxy_pool[0m][0m [36mcommand_id[0m=[35mOrder_Details_Extendeds_page_1[0m [36mcommand_type[0m=[35mfetch_page[0m [36mentity[0m=[35mOrder_Details_Extendeds[0m [36mpriority[0m=[35m1[0m [36mretry_count[0m=[35m0[0m [36mskip[0m=[35m0[0m [36mtop[0m=[35m1500[0m [36mworker_id[0m=[35mworker_2[0m
2025-09-22 14:54:22,902 - workers.proxy_pool - INFO - execute:74 - [2m2025-09-22T09:24:22.902502Z[0m [[32m[1minfo     [0m] [1m🔄 Worker executing request with resilience patterns[0m [[0m[1m[34mworkers.proxy_pool[0m][0m [36mcircuit_breaker_state[0m=[35mclosed[0m [36mcommand_id[0m=[35mOrder_Details_Extendeds_page_1[0m [36mworker_id[0m=[35mworker_2[0m
2025-09-22 14:54:22,902 - httpcore.http11 - DEBUG - atrace:87 - receive_response_headers.complete return_value=(b'HTTP/1.1', 200, b'OK', [(b'Content-Length', b'267'), (b'Content-Type', b'application/json;odata.metadata=minimal;odata.streaming=true;IEEE754Compatible=false;charset=utf-8'), (b'Date', b'Mon, 22 Sep 2025 09:24:24 GMT'), (b'Server', b'Microsoft-IIS/10.0'), (b'Access-Control-Allow-Headers', b'Accept, Origin, Content-Type, MaxDataServiceVersion'), (b'Access-Control-Allow-Methods', b'GET'), (b'Access-Control-Allow-Origin', b'*'), (b'Access-Control-Expose-Headers', b'DataServiceVersion'), (b'Cache-Control', b'private'), (b'Content-Encoding', b'gzip'), (b'Expires', b'Mon, 22 Sep 2025 09:24:49 GMT'), (b'Vary', b'*'), (b'X-Content-Type-Options', b'nosniff'), (b'OData-Version', b'4.0;'), (b'X-AspNet-Version', b'4.0.30319'), (b'X-Powered-By', b'ASP.NET')])
2025-09-22 14:54:22,902 - httpx - INFO - _send_single_request:1740 - HTTP Request: GET https://services.odata.org/V4/Northwind/Northwind.svc/Regions?%24skip=0&%24top=1500 "HTTP/1.1 200 OK"
2025-09-22 14:54:22,902 - httpcore.http11 - DEBUG - atrace:87 - receive_response_body.started request=<Request [b'GET']>
2025-09-22 14:54:22,902 - httpcore.http11 - DEBUG - atrace:87 - receive_response_body.complete
2025-09-22 14:54:22,902 - httpcore.http11 - DEBUG - atrace:87 - response_closed.started
2025-09-22 14:54:22,902 - httpcore.http11 - DEBUG - atrace:87 - send_request_headers.started request=<Request [b'GET']>
2025-09-22 14:54:22,902 - httpcore.http11 - DEBUG - atrace:87 - response_closed.complete
2025-09-22 14:54:22,909 - workers.proxy_pool - INFO - _make_http_request:189 - [2m2025-09-22T09:24:22.902502Z[0m [[32m[1minfo     [0m] [1m📊 Worker successfully fetched data[0m [[0m[1m[34mworkers.proxy_pool[0m][0m [36mcommand_id[0m=[35mRegions_page_1[0m [36mentity[0m=[35mRegions[0m [36mhas_next_page[0m=[35mFalse[0m [36mrecords_in_response[0m=[35m4[0m [36mworker_id[0m=[35mworker_1[0m
2025-09-22 14:54:22,909 - workers.proxy_pool - INFO - execute:102 - [2m2025-09-22T09:24:22.909958Z[0m [[32m[1minfo     [0m] [1m✅ Worker completed command successfully[0m [[0m[1m[34mworkers.proxy_pool[0m][0m [36mcommand_id[0m=[35mRegions_page_1[0m [36mentity[0m=[35mRegions[0m [36mexecution_time_seconds[0m=[35m0.25[0m [36mhas_next_page[0m=[35mFalse[0m [36mrecords_fetched[0m=[35m4[0m [36mworker_id[0m=[35mworker_1[0m
2025-09-22 14:54:22,909 - workers.proxy_pool - INFO - _worker_loop:396 - [2m2025-09-22T09:24:22.909958Z[0m [[32m[1minfo     [0m] [1m📋 Worker picked up command from queue[0m [[0m[1m[34mworkers.proxy_pool[0m][0m [36mcommand_id[0m=[35mOrder_Details_Extendeds_page_2[0m [36mentity[0m=[35mOrder_Details_Extendeds[0m [36mqueue_size_after_pickup[0m=[35m17[0m [36mworker_id[0m=[35mworker_1[0m [36mworker_status[0m=[35mPROCESSING[0m
2025-09-22 14:54:22,909 - workers.proxy_pool - INFO - execute:51 - [2m2025-09-22T09:24:22.909958Z[0m [[32m[1minfo     [0m] [1m🚀 Worker starting command execution[0m [[0m[1m[34mworkers.proxy_pool[0m][0m [36mcommand_id[0m=[35mOrder_Details_Extendeds_page_2[0m [36mcommand_type[0m=[35mfetch_page[0m [36mentity[0m=[35mOrder_Details_Extendeds[0m [36mpriority[0m=[35m1[0m [36mretry_count[0m=[35m0[0m [36mskip[0m=[35m1500[0m [36mtop[0m=[35m1500[0m [36mworker_id[0m=[35mworker_1[0m
2025-09-22 14:54:22,909 - workers.proxy_pool - INFO - execute:74 - [2m2025-09-22T09:24:22.909958Z[0m [[32m[1minfo     [0m] [1m🔄 Worker executing request with resilience patterns[0m [[0m[1m[34mworkers.proxy_pool[0m][0m [36mcircuit_breaker_state[0m=[35mclosed[0m [36mcommand_id[0m=[35mOrder_Details_Extendeds_page_2[0m [36mworker_id[0m=[35mworker_1[0m
2025-09-22 14:54:22,909 - httpcore.http11 - DEBUG - atrace:87 - send_request_headers.complete
2025-09-22 14:54:22,909 - httpcore.http11 - DEBUG - atrace:87 - send_request_body.started request=<Request [b'GET']>
2025-09-22 14:54:22,909 - httpcore.http11 - DEBUG - atrace:87 - send_request_body.complete
2025-09-22 14:54:22,909 - httpcore.http11 - DEBUG - atrace:87 - receive_response_headers.started request=<Request [b'GET']>
2025-09-22 14:54:22,909 - httpcore.http11 - DEBUG - atrace:87 - send_request_headers.started request=<Request [b'GET']>
2025-09-22 14:54:22,909 - httpcore.http11 - DEBUG - atrace:87 - send_request_headers.complete
2025-09-22 14:54:22,909 - httpcore.http11 - DEBUG - atrace:87 - send_request_body.started request=<Request [b'GET']>
2025-09-22 14:54:22,909 - httpcore.http11 - DEBUG - atrace:87 - send_request_body.complete
2025-09-22 14:54:22,909 - httpcore.http11 - DEBUG - atrace:87 - receive_response_headers.started request=<Request [b'GET']>
2025-09-22 14:54:23,143 - httpcore.http11 - DEBUG - atrace:87 - receive_response_headers.complete return_value=(b'HTTP/1.1', 200, b'OK', [(b'Content-Length', b'3140'), (b'Content-Type', b'application/json;odata.metadata=minimal;odata.streaming=true;IEEE754Compatible=false;charset=utf-8'), (b'Date', b'Mon, 22 Sep 2025 09:24:24 GMT'), (b'Server', b'Microsoft-IIS/10.0'), (b'Access-Control-Allow-Headers', b'Accept, Origin, Content-Type, MaxDataServiceVersion'), (b'Access-Control-Allow-Methods', b'GET'), (b'Access-Control-Allow-Origin', b'*'), (b'Access-Control-Expose-Headers', b'DataServiceVersion'), (b'Cache-Control', b'private'), (b'Content-Encoding', b'gzip'), (b'Expires', b'Mon, 22 Sep 2025 09:24:49 GMT'), (b'Vary', b'*'), (b'X-Content-Type-Options', b'nosniff'), (b'OData-Version', b'4.0;'), (b'X-AspNet-Version', b'4.0.30319'), (b'X-Powered-By', b'ASP.NET')])
2025-09-22 14:54:23,143 - httpx - INFO - _send_single_request:1740 - HTTP Request: GET https://services.odata.org/V4/Northwind/Northwind.svc/Order_Details_Extendeds?%24skip=0&%24top=1500 "HTTP/1.1 200 OK"
2025-09-22 14:54:23,149 - httpcore.http11 - DEBUG - atrace:87 - receive_response_body.started request=<Request [b'GET']>
2025-09-22 14:54:23,149 - httpcore.http11 - DEBUG - atrace:87 - receive_response_body.complete
2025-09-22 14:54:23,150 - httpcore.http11 - DEBUG - atrace:87 - response_closed.started
2025-09-22 14:54:23,150 - httpcore.http11 - DEBUG - atrace:87 - response_closed.complete
2025-09-22 14:54:23,150 - workers.proxy_pool - INFO - _make_http_request:189 - [2m2025-09-22T09:24:23.150213Z[0m [[32m[1minfo     [0m] [1m📊 Worker successfully fetched data[0m [[0m[1m[34mworkers.proxy_pool[0m][0m [36mcommand_id[0m=[35mOrder_Details_Extendeds_page_1[0m [36mentity[0m=[35mOrder_Details_Extendeds[0m [36mhas_next_page[0m=[35mTrue[0m [36mrecords_in_response[0m=[35m100[0m [36mworker_id[0m=[35mworker_2[0m
2025-09-22 14:54:23,150 - workers.proxy_pool - INFO - execute:102 - [2m2025-09-22T09:24:23.150213Z[0m [[32m[1minfo     [0m] [1m✅ Worker completed command successfully[0m [[0m[1m[34mworkers.proxy_pool[0m][0m [36mcommand_id[0m=[35mOrder_Details_Extendeds_page_1[0m [36mentity[0m=[35mOrder_Details_Extendeds[0m [36mexecution_time_seconds[0m=[35m0.23[0m [36mhas_next_page[0m=[35mTrue[0m [36mrecords_fetched[0m=[35m100[0m [36mworker_id[0m=[35mworker_2[0m
2025-09-22 14:54:23,150 - workers.proxy_pool - INFO - _worker_loop:396 - [2m2025-09-22T09:24:23.150213Z[0m [[32m[1minfo     [0m] [1m📋 Worker picked up command from queue[0m [[0m[1m[34mworkers.proxy_pool[0m][0m [36mcommand_id[0m=[35mTerritories_page_1[0m [36mentity[0m=[35mTerritories[0m [36mqueue_size_after_pickup[0m=[35m16[0m [36mworker_id[0m=[35mworker_2[0m [36mworker_status[0m=[35mPROCESSING[0m
2025-09-22 14:54:23,152 - workers.proxy_pool - INFO - execute:51 - [2m2025-09-22T09:24:23.150213Z[0m [[32m[1minfo     [0m] [1m🚀 Worker starting command execution[0m [[0m[1m[34mworkers.proxy_pool[0m][0m [36mcommand_id[0m=[35mTerritories_page_1[0m [36mcommand_type[0m=[35mfetch_page[0m [36mentity[0m=[35mTerritories[0m [36mpriority[0m=[35m1[0m [36mretry_count[0m=[35m0[0m [36mskip[0m=[35m0[0m [36mtop[0m=[35m1500[0m [36mworker_id[0m=[35mworker_2[0m
2025-09-22 14:54:23,152 - workers.proxy_pool - INFO - execute:74 - [2m2025-09-22T09:24:23.152738Z[0m [[32m[1minfo     [0m] [1m🔄 Worker executing request with resilience patterns[0m [[0m[1m[34mworkers.proxy_pool[0m][0m [36mcircuit_breaker_state[0m=[35mclosed[0m [36mcommand_id[0m=[35mTerritories_page_1[0m [36mworker_id[0m=[35mworker_2[0m
2025-09-22 14:54:23,152 - httpcore.http11 - DEBUG - atrace:87 - send_request_headers.started request=<Request [b'GET']>
2025-09-22 14:54:23,154 - httpcore.http11 - DEBUG - atrace:87 - receive_response_headers.complete return_value=(b'HTTP/1.1', 200, b'OK', [(b'Content-Length', b'3390'), (b'Content-Type', b'application/json;odata.metadata=minimal;odata.streaming=true;IEEE754Compatible=false;charset=utf-8'), (b'Date', b'Mon, 22 Sep 2025 09:24:24 GMT'), (b'Server', b'Microsoft-IIS/10.0'), (b'Access-Control-Allow-Headers', b'Accept, Origin, Content-Type, MaxDataServiceVersion'), (b'Access-Control-Allow-Methods', b'GET'), (b'Access-Control-Allow-Origin', b'*'), (b'Access-Control-Expose-Headers', b'DataServiceVersion'), (b'Cache-Control', b'private'), (b'Content-Encoding', b'gzip'), (b'Expires', b'Mon, 22 Sep 2025 09:24:49 GMT'), (b'Vary', b'*'), (b'X-Content-Type-Options', b'nosniff'), (b'OData-Version', b'4.0;'), (b'X-AspNet-Version', b'4.0.30319'), (b'X-Powered-By', b'ASP.NET')])
2025-09-22 14:54:23,154 - httpx - INFO - _send_single_request:1740 - HTTP Request: GET https://services.odata.org/V4/Northwind/Northwind.svc/Order_Details_Extendeds?%24skip=1500&%24top=1500 "HTTP/1.1 200 OK"
2025-09-22 14:54:23,154 - httpcore.http11 - DEBUG - atrace:87 - receive_response_body.started request=<Request [b'GET']>
2025-09-22 14:54:23,154 - httpcore.http11 - DEBUG - atrace:87 - receive_response_body.complete
2025-09-22 14:54:23,154 - httpcore.http11 - DEBUG - atrace:87 - response_closed.started
2025-09-22 14:54:23,154 - httpcore.http11 - DEBUG - atrace:87 - send_request_headers.complete
2025-09-22 14:54:23,154 - httpcore.http11 - DEBUG - atrace:87 - send_request_body.started request=<Request [b'GET']>
2025-09-22 14:54:23,154 - httpcore.http11 - DEBUG - atrace:87 - send_request_body.complete
2025-09-22 14:54:23,154 - httpcore.http11 - DEBUG - atrace:87 - receive_response_headers.started request=<Request [b'GET']>
2025-09-22 14:54:23,154 - httpcore.http11 - DEBUG - atrace:87 - response_closed.complete
2025-09-22 14:54:23,154 - workers.proxy_pool - INFO - _make_http_request:189 - [2m2025-09-22T09:24:23.154462Z[0m [[32m[1minfo     [0m] [1m📊 Worker successfully fetched data[0m [[0m[1m[34mworkers.proxy_pool[0m][0m [36mcommand_id[0m=[35mOrder_Details_Extendeds_page_2[0m [36mentity[0m=[35mOrder_Details_Extendeds[0m [36mhas_next_page[0m=[35mTrue[0m [36mrecords_in_response[0m=[35m100[0m [36mworker_id[0m=[35mworker_1[0m
2025-09-22 14:54:23,154 - workers.proxy_pool - INFO - execute:102 - [2m2025-09-22T09:24:23.154462Z[0m [[32m[1minfo     [0m] [1m✅ Worker completed command successfully[0m [[0m[1m[34mworkers.proxy_pool[0m][0m [36mcommand_id[0m=[35mOrder_Details_Extendeds_page_2[0m [36mentity[0m=[35mOrder_Details_Extendeds[0m [36mexecution_time_seconds[0m=[35m0.25[0m [36mhas_next_page[0m=[35mTrue[0m [36mrecords_fetched[0m=[35m100[0m [36mworker_id[0m=[35mworker_1[0m
2025-09-22 14:54:23,158 - workers.proxy_pool - INFO - _worker_loop:396 - [2m2025-09-22T09:24:23.158042Z[0m [[32m[1minfo     [0m] [1m📋 Worker picked up command from queue[0m [[0m[1m[34mworkers.proxy_pool[0m][0m [36mcommand_id[0m=[35mOrders_Qries_page_1[0m [36mentity[0m=[35mOrders_Qries[0m [36mqueue_size_after_pickup[0m=[35m15[0m [36mworker_id[0m=[35mworker_1[0m [36mworker_status[0m=[35mPROCESSING[0m
2025-09-22 14:54:23,158 - workers.proxy_pool - INFO - execute:51 - [2m2025-09-22T09:24:23.158642Z[0m [[32m[1minfo     [0m] [1m🚀 Worker starting command execution[0m [[0m[1m[34mworkers.proxy_pool[0m][0m [36mcommand_id[0m=[35mOrders_Qries_page_1[0m [36mcommand_type[0m=[35mfetch_page[0m [36mentity[0m=[35mOrders_Qries[0m [36mpriority[0m=[35m1[0m [36mretry_count[0m=[35m0[0m [36mskip[0m=[35m0[0m [36mtop[0m=[35m1500[0m [36mworker_id[0m=[35mworker_1[0m
2025-09-22 14:54:23,159 - workers.proxy_pool - INFO - execute:74 - [2m2025-09-22T09:24:23.159923Z[0m [[32m[1minfo     [0m] [1m🔄 Worker executing request with resilience patterns[0m [[0m[1m[34mworkers.proxy_pool[0m][0m [36mcircuit_breaker_state[0m=[35mclosed[0m [36mcommand_id[0m=[35mOrders_Qries_page_1[0m [36mworker_id[0m=[35mworker_1[0m
2025-09-22 14:54:23,161 - httpcore.http11 - DEBUG - atrace:87 - send_request_headers.started request=<Request [b'GET']>
2025-09-22 14:54:23,161 - httpcore.http11 - DEBUG - atrace:87 - send_request_headers.complete
2025-09-22 14:54:23,161 - httpcore.http11 - DEBUG - atrace:87 - send_request_body.started request=<Request [b'GET']>
2025-09-22 14:54:23,161 - httpcore.http11 - DEBUG - atrace:87 - send_request_body.complete
2025-09-22 14:54:23,161 - httpcore.http11 - DEBUG - atrace:87 - receive_response_headers.started request=<Request [b'GET']>
2025-09-22 14:54:23,388 - httpcore.http11 - DEBUG - atrace:87 - receive_response_headers.complete return_value=(b'HTTP/1.1', 200, b'OK', [(b'Content-Length', b'1290'), (b'Content-Type', b'application/json;odata.metadata=minimal;odata.streaming=true;IEEE754Compatible=false;charset=utf-8'), (b'Date', b'Mon, 22 Sep 2025 09:24:24 GMT'), (b'Server', b'Microsoft-IIS/10.0'), (b'Access-Control-Allow-Headers', b'Accept, Origin, Content-Type, MaxDataServiceVersion'), (b'Access-Control-Allow-Methods', b'GET'), (b'Access-Control-Allow-Origin', b'*'), (b'Access-Control-Expose-Headers', b'DataServiceVersion'), (b'Cache-Control', b'private'), (b'Content-Encoding', b'gzip'), (b'Expires', b'Mon, 22 Sep 2025 09:24:50 GMT'), (b'Vary', b'*'), (b'X-Content-Type-Options', b'nosniff'), (b'OData-Version', b'4.0;'), (b'X-AspNet-Version', b'4.0.30319'), (b'X-Powered-By', b'ASP.NET')])
2025-09-22 14:54:23,388 - httpx - INFO - _send_single_request:1740 - HTTP Request: GET https://services.odata.org/V4/Northwind/Northwind.svc/Territories?%24skip=0&%24top=1500 "HTTP/1.1 200 OK"
2025-09-22 14:54:23,388 - httpcore.http11 - DEBUG - atrace:87 - receive_response_body.started request=<Request [b'GET']>
2025-09-22 14:54:23,389 - httpcore.http11 - DEBUG - atrace:87 - receive_response_body.complete
2025-09-22 14:54:23,389 - httpcore.http11 - DEBUG - atrace:87 - response_closed.started
2025-09-22 14:54:23,389 - httpcore.http11 - DEBUG - atrace:87 - response_closed.complete
2025-09-22 14:54:23,389 - workers.proxy_pool - INFO - _make_http_request:189 - [2m2025-09-22T09:24:23.389710Z[0m [[32m[1minfo     [0m] [1m📊 Worker successfully fetched data[0m [[0m[1m[34mworkers.proxy_pool[0m][0m [36mcommand_id[0m=[35mTerritories_page_1[0m [36mentity[0m=[35mTerritories[0m [36mhas_next_page[0m=[35mFalse[0m [36mrecords_in_response[0m=[35m53[0m [36mworker_id[0m=[35mworker_2[0m
2025-09-22 14:54:23,390 - workers.proxy_pool - INFO - execute:102 - [2m2025-09-22T09:24:23.390779Z[0m [[32m[1minfo     [0m] [1m✅ Worker completed command successfully[0m [[0m[1m[34mworkers.proxy_pool[0m][0m [36mcommand_id[0m=[35mTerritories_page_1[0m [36mentity[0m=[35mTerritories[0m [36mexecution_time_seconds[0m=[35m0.25[0m [36mhas_next_page[0m=[35mFalse[0m [36mrecords_fetched[0m=[35m53[0m [36mworker_id[0m=[35mworker_2[0m
2025-09-22 14:54:23,391 - workers.proxy_pool - INFO - _worker_loop:396 - [2m2025-09-22T09:24:23.391388Z[0m [[32m[1minfo     [0m] [1m📋 Worker picked up command from queue[0m [[0m[1m[34mworkers.proxy_pool[0m][0m [36mcommand_id[0m=[35mOrder_Details_page_1[0m [36mentity[0m=[35mOrder_Details[0m [36mqueue_size_after_pickup[0m=[35m14[0m [36mworker_id[0m=[35mworker_2[0m [36mworker_status[0m=[35mPROCESSING[0m
2025-09-22 14:54:23,391 - workers.proxy_pool - INFO - execute:51 - [2m2025-09-22T09:24:23.391388Z[0m [[32m[1minfo     [0m] [1m🚀 Worker starting command execution[0m [[0m[1m[34mworkers.proxy_pool[0m][0m [36mcommand_id[0m=[35mOrder_Details_page_1[0m [36mcommand_type[0m=[35mfetch_page[0m [36mentity[0m=[35mOrder_Details[0m [36mpriority[0m=[35m1[0m [36mretry_count[0m=[35m0[0m [36mskip[0m=[35m0[0m [36mtop[0m=[35m1500[0m [36mworker_id[0m=[35mworker_2[0m
2025-09-22 14:54:23,391 - workers.proxy_pool - INFO - execute:74 - [2m2025-09-22T09:24:23.391928Z[0m [[32m[1minfo     [0m] [1m🔄 Worker executing request with resilience patterns[0m [[0m[1m[34mworkers.proxy_pool[0m][0m [36mcircuit_breaker_state[0m=[35mclosed[0m [36mcommand_id[0m=[35mOrder_Details_page_1[0m [36mworker_id[0m=[35mworker_2[0m
2025-09-22 14:54:23,393 - httpcore.http11 - DEBUG - atrace:87 - send_request_headers.started request=<Request [b'GET']>
2025-09-22 14:54:23,394 - httpcore.http11 - DEBUG - atrace:87 - send_request_headers.complete
2025-09-22 14:54:23,394 - httpcore.http11 - DEBUG - atrace:87 - send_request_body.started request=<Request [b'GET']>
2025-09-22 14:54:23,394 - httpcore.http11 - DEBUG - atrace:87 - send_request_body.complete
2025-09-22 14:54:23,394 - httpcore.http11 - DEBUG - atrace:87 - receive_response_headers.started request=<Request [b'GET']>
2025-09-22 14:54:23,410 - httpcore.http11 - DEBUG - atrace:87 - receive_response_headers.complete return_value=(b'HTTP/1.1', 200, b'OK', [(b'Content-Length', b'6605'), (b'Content-Type', b'application/json;odata.metadata=minimal;odata.streaming=true;IEEE754Compatible=false;charset=utf-8'), (b'Date', b'Mon, 22 Sep 2025 09:24:25 GMT'), (b'Server', b'Microsoft-IIS/10.0'), (b'Access-Control-Allow-Headers', b'Accept, Origin, Content-Type, MaxDataServiceVersion'), (b'Access-Control-Allow-Methods', b'GET'), (b'Access-Control-Allow-Origin', b'*'), (b'Access-Control-Expose-Headers', b'DataServiceVersion'), (b'Cache-Control', b'private'), (b'Content-Encoding', b'gzip'), (b'Expires', b'Mon, 22 Sep 2025 09:24:48 GMT'), (b'Vary', b'*'), (b'X-Content-Type-Options', b'nosniff'), (b'OData-Version', b'4.0;'), (b'X-AspNet-Version', b'4.0.30319'), (b'X-Powered-By', b'ASP.NET')])
2025-09-22 14:54:23,410 - httpx - INFO - _send_single_request:1740 - HTTP Request: GET https://services.odata.org/V4/Northwind/Northwind.svc/Orders_Qries?%24skip=0&%24top=1500 "HTTP/1.1 200 OK"
2025-09-22 14:54:23,410 - httpcore.http11 - DEBUG - atrace:87 - receive_response_body.started request=<Request [b'GET']>
2025-09-22 14:54:23,410 - httpcore.http11 - DEBUG - atrace:87 - receive_response_body.complete
2025-09-22 14:54:23,410 - httpcore.http11 - DEBUG - atrace:87 - response_closed.started
2025-09-22 14:54:23,410 - httpcore.http11 - DEBUG - atrace:87 - response_closed.complete
2025-09-22 14:54:23,410 - workers.proxy_pool - INFO - _make_http_request:189 - [2m2025-09-22T09:24:23.410025Z[0m [[32m[1minfo     [0m] [1m📊 Worker successfully fetched data[0m [[0m[1m[34mworkers.proxy_pool[0m][0m [36mcommand_id[0m=[35mOrders_Qries_page_1[0m [36mentity[0m=[35mOrders_Qries[0m [36mhas_next_page[0m=[35mTrue[0m [36mrecords_in_response[0m=[35m100[0m [36mworker_id[0m=[35mworker_1[0m
2025-09-22 14:54:23,410 - workers.proxy_pool - INFO - execute:102 - [2m2025-09-22T09:24:23.410025Z[0m [[32m[1minfo     [0m] [1m✅ Worker completed command successfully[0m [[0m[1m[34mworkers.proxy_pool[0m][0m [36mcommand_id[0m=[35mOrders_Qries_page_1[0m [36mentity[0m=[35mOrders_Qries[0m [36mexecution_time_seconds[0m=[35m0.25[0m [36mhas_next_page[0m=[35mTrue[0m [36mrecords_fetched[0m=[35m100[0m [36mworker_id[0m=[35mworker_1[0m
2025-09-22 14:54:23,410 - workers.proxy_pool - INFO - _worker_loop:396 - [2m2025-09-22T09:24:23.410025Z[0m [[32m[1minfo     [0m] [1m📋 Worker picked up command from queue[0m [[0m[1m[34mworkers.proxy_pool[0m][0m [36mcommand_id[0m=[35mOrder_Details_page_2[0m [36mentity[0m=[35mOrder_Details[0m [36mqueue_size_after_pickup[0m=[35m13[0m [36mworker_id[0m=[35mworker_1[0m [36mworker_status[0m=[35mPROCESSING[0m
2025-09-22 14:54:23,418 - workers.proxy_pool - INFO - execute:51 - [2m2025-09-22T09:24:23.418759Z[0m [[32m[1minfo     [0m] [1m🚀 Worker starting command execution[0m [[0m[1m[34mworkers.proxy_pool[0m][0m [36mcommand_id[0m=[35mOrder_Details_page_2[0m [36mcommand_type[0m=[35mfetch_page[0m [36mentity[0m=[35mOrder_Details[0m [36mpriority[0m=[35m1[0m [36mretry_count[0m=[35m0[0m [36mskip[0m=[35m1500[0m [36mtop[0m=[35m1500[0m [36mworker_id[0m=[35mworker_1[0m
2025-09-22 14:54:23,418 - workers.proxy_pool - INFO - execute:74 - [2m2025-09-22T09:24:23.418759Z[0m [[32m[1minfo     [0m] [1m🔄 Worker executing request with resilience patterns[0m [[0m[1m[34mworkers.proxy_pool[0m][0m [36mcircuit_breaker_state[0m=[35mclosed[0m [36mcommand_id[0m=[35mOrder_Details_page_2[0m [36mworker_id[0m=[35mworker_1[0m
2025-09-22 14:54:23,419 - httpcore.http11 - DEBUG - atrace:87 - send_request_headers.started request=<Request [b'GET']>
2025-09-22 14:54:23,419 - httpcore.http11 - DEBUG - atrace:87 - send_request_headers.complete
2025-09-22 14:54:23,419 - httpcore.http11 - DEBUG - atrace:87 - send_request_body.started request=<Request [b'GET']>
2025-09-22 14:54:23,419 - httpcore.http11 - DEBUG - atrace:87 - send_request_body.complete
2025-09-22 14:54:23,419 - httpcore.http11 - DEBUG - atrace:87 - receive_response_headers.started request=<Request [b'GET']>
2025-09-22 14:54:23,628 - httpcore.http11 - DEBUG - atrace:87 - receive_response_headers.complete return_value=(b'HTTP/1.1', 200, b'OK', [(b'Content-Length', b'6023'), (b'Content-Type', b'application/json;odata.metadata=minimal;odata.streaming=true;IEEE754Compatible=false;charset=utf-8'), (b'Date', b'Mon, 22 Sep 2025 09:24:25 GMT'), (b'Server', b'Microsoft-IIS/10.0'), (b'Access-Control-Allow-Headers', b'Accept, Origin, Content-Type, MaxDataServiceVersion'), (b'Access-Control-Allow-Methods', b'GET'), (b'Access-Control-Allow-Origin', b'*'), (b'Access-Control-Expose-Headers', b'DataServiceVersion'), (b'Cache-Control', b'private'), (b'Content-Encoding', b'gzip'), (b'Expires', b'Mon, 22 Sep 2025 09:24:50 GMT'), (b'Vary', b'*'), (b'X-Content-Type-Options', b'nosniff'), (b'OData-Version', b'4.0;'), (b'X-AspNet-Version', b'4.0.30319'), (b'X-Powered-By', b'ASP.NET')])
2025-09-22 14:54:23,628 - httpx - INFO - _send_single_request:1740 - HTTP Request: GET https://services.odata.org/V4/Northwind/Northwind.svc/Order_Details?%24skip=0&%24top=1500 "HTTP/1.1 200 OK"
2025-09-22 14:54:23,628 - httpcore.http11 - DEBUG - atrace:87 - receive_response_body.started request=<Request [b'GET']>
2025-09-22 14:54:23,628 - httpcore.http11 - DEBUG - atrace:87 - receive_response_body.complete
2025-09-22 14:54:23,628 - httpcore.http11 - DEBUG - atrace:87 - response_closed.started
2025-09-22 14:54:23,628 - httpcore.http11 - DEBUG - atrace:87 - response_closed.complete
2025-09-22 14:54:23,628 - workers.proxy_pool - INFO - _make_http_request:189 - [2m2025-09-22T09:24:23.628955Z[0m [[32m[1minfo     [0m] [1m📊 Worker successfully fetched data[0m [[0m[1m[34mworkers.proxy_pool[0m][0m [36mcommand_id[0m=[35mOrder_Details_page_1[0m [36mentity[0m=[35mOrder_Details[0m [36mhas_next_page[0m=[35mTrue[0m [36mrecords_in_response[0m=[35m500[0m [36mworker_id[0m=[35mworker_2[0m
2025-09-22 14:54:23,628 - workers.proxy_pool - INFO - execute:102 - [2m2025-09-22T09:24:23.628955Z[0m [[32m[1minfo     [0m] [1m✅ Worker completed command successfully[0m [[0m[1m[34mworkers.proxy_pool[0m][0m [36mcommand_id[0m=[35mOrder_Details_page_1[0m [36mentity[0m=[35mOrder_Details[0m [36mexecution_time_seconds[0m=[35m0.23[0m [36mhas_next_page[0m=[35mTrue[0m [36mrecords_fetched[0m=[35m500[0m [36mworker_id[0m=[35mworker_2[0m
2025-09-22 14:54:23,628 - workers.proxy_pool - INFO - _worker_loop:396 - [2m2025-09-22T09:24:23.628955Z[0m [[32m[1minfo     [0m] [1m📋 Worker picked up command from queue[0m [[0m[1m[34mworkers.proxy_pool[0m][0m [36mcommand_id[0m=[35mOrder_Subtotals_page_1[0m [36mentity[0m=[35mOrder_Subtotals[0m [36mqueue_size_after_pickup[0m=[35m12[0m [36mworker_id[0m=[35mworker_2[0m [36mworker_status[0m=[35mPROCESSING[0m
2025-09-22 14:54:23,628 - workers.proxy_pool - INFO - execute:51 - [2m2025-09-22T09:24:23.628955Z[0m [[32m[1minfo     [0m] [1m🚀 Worker starting command execution[0m [[0m[1m[34mworkers.proxy_pool[0m][0m [36mcommand_id[0m=[35mOrder_Subtotals_page_1[0m [36mcommand_type[0m=[35mfetch_page[0m [36mentity[0m=[35mOrder_Subtotals[0m [36mpriority[0m=[35m1[0m [36mretry_count[0m=[35m0[0m [36mskip[0m=[35m0[0m [36mtop[0m=[35m1500[0m [36mworker_id[0m=[35mworker_2[0m
2025-09-22 14:54:23,628 - workers.proxy_pool - INFO - execute:74 - [2m2025-09-22T09:24:23.628955Z[0m [[32m[1minfo     [0m] [1m🔄 Worker executing request with resilience patterns[0m [[0m[1m[34mworkers.proxy_pool[0m][0m [36mcircuit_breaker_state[0m=[35mclosed[0m [36mcommand_id[0m=[35mOrder_Subtotals_page_1[0m [36mworker_id[0m=[35mworker_2[0m
2025-09-22 14:54:23,636 - httpcore.http11 - DEBUG - atrace:87 - send_request_headers.started request=<Request [b'GET']>
2025-09-22 14:54:23,636 - httpcore.http11 - DEBUG - atrace:87 - send_request_headers.complete
2025-09-22 14:54:23,636 - httpcore.http11 - DEBUG - atrace:87 - send_request_body.started request=<Request [b'GET']>
2025-09-22 14:54:23,636 - httpcore.http11 - DEBUG - atrace:87 - send_request_body.complete
2025-09-22 14:54:23,636 - httpcore.http11 - DEBUG - atrace:87 - receive_response_headers.started request=<Request [b'GET']>
2025-09-22 14:54:23,651 - httpcore.http11 - DEBUG - atrace:87 - receive_response_headers.complete return_value=(b'HTTP/1.1', 200, b'OK', [(b'Content-Length', b'6232'), (b'Content-Type', b'application/json;odata.metadata=minimal;odata.streaming=true;IEEE754Compatible=false;charset=utf-8'), (b'Date', b'Mon, 22 Sep 2025 09:24:25 GMT'), (b'Server', b'Microsoft-IIS/10.0'), (b'Access-Control-Allow-Headers', b'Accept, Origin, Content-Type, MaxDataServiceVersion'), (b'Access-Control-Allow-Methods', b'GET'), (b'Access-Control-Allow-Origin', b'*'), (b'Access-Control-Expose-Headers', b'DataServiceVersion'), (b'Cache-Control', b'private'), (b'Content-Encoding', b'gzip'), (b'Expires', b'Mon, 22 Sep 2025 09:24:50 GMT'), (b'Vary', b'*'), (b'X-Content-Type-Options', b'nosniff'), (b'OData-Version', b'4.0;'), (b'X-AspNet-Version', b'4.0.30319'), (b'X-Powered-By', b'ASP.NET')])
2025-09-22 14:54:23,651 - httpx - INFO - _send_single_request:1740 - HTTP Request: GET https://services.odata.org/V4/Northwind/Northwind.svc/Order_Details?%24skip=1500&%24top=1500 "HTTP/1.1 200 OK"
2025-09-22 14:54:23,651 - httpcore.http11 - DEBUG - atrace:87 - receive_response_body.started request=<Request [b'GET']>
2025-09-22 14:54:23,651 - httpcore.http11 - DEBUG - atrace:87 - receive_response_body.complete
2025-09-22 14:54:23,651 - httpcore.http11 - DEBUG - atrace:87 - response_closed.started
2025-09-22 14:54:23,651 - httpcore.http11 - DEBUG - atrace:87 - response_closed.complete
2025-09-22 14:54:23,659 - workers.proxy_pool - INFO - _make_http_request:189 - [2m2025-09-22T09:24:23.658896Z[0m [[32m[1minfo     [0m] [1m📊 Worker successfully fetched data[0m [[0m[1m[34mworkers.proxy_pool[0m][0m [36mcommand_id[0m=[35mOrder_Details_page_2[0m [36mentity[0m=[35mOrder_Details[0m [36mhas_next_page[0m=[35mTrue[0m [36mrecords_in_response[0m=[35m500[0m [36mworker_id[0m=[35mworker_1[0m
2025-09-22 14:54:23,660 - workers.proxy_pool - INFO - execute:102 - [2m2025-09-22T09:24:23.660355Z[0m [[32m[1minfo     [0m] [1m✅ Worker completed command successfully[0m [[0m[1m[34mworkers.proxy_pool[0m][0m [36mcommand_id[0m=[35mOrder_Details_page_2[0m [36mentity[0m=[35mOrder_Details[0m [36mexecution_time_seconds[0m=[35m0.23[0m [36mhas_next_page[0m=[35mTrue[0m [36mrecords_fetched[0m=[35m500[0m [36mworker_id[0m=[35mworker_1[0m
2025-09-22 14:54:23,660 - workers.proxy_pool - INFO - _worker_loop:396 - [2m2025-09-22T09:24:23.660355Z[0m [[32m[1minfo     [0m] [1m📋 Worker picked up command from queue[0m [[0m[1m[34mworkers.proxy_pool[0m][0m [36mcommand_id[0m=[35mCustomer_and_Suppliers_by_Cities_page_1[0m [36mentity[0m=[35mCustomer_and_Suppliers_by_Cities[0m [36mqueue_size_after_pickup[0m=[35m11[0m [36mworker_id[0m=[35mworker_1[0m [36mworker_status[0m=[35mPROCESSING[0m
2025-09-22 14:54:23,660 - workers.proxy_pool - INFO - execute:51 - [2m2025-09-22T09:24:23.660355Z[0m [[32m[1minfo     [0m] [1m🚀 Worker starting command execution[0m [[0m[1m[34mworkers.proxy_pool[0m][0m [36mcommand_id[0m=[35mCustomer_and_Suppliers_by_Cities_page_1[0m [36mcommand_type[0m=[35mfetch_page[0m [36mentity[0m=[35mCustomer_and_Suppliers_by_Cities[0m [36mpriority[0m=[35m1[0m [36mretry_count[0m=[35m0[0m [36mskip[0m=[35m0[0m [36mtop[0m=[35m1500[0m [36mworker_id[0m=[35mworker_1[0m
2025-09-22 14:54:23,660 - workers.proxy_pool - INFO - execute:74 - [2m2025-09-22T09:24:23.660355Z[0m [[32m[1minfo     [0m] [1m🔄 Worker executing request with resilience patterns[0m [[0m[1m[34mworkers.proxy_pool[0m][0m [36mcircuit_breaker_state[0m=[35mclosed[0m [36mcommand_id[0m=[35mCustomer_and_Suppliers_by_Cities_page_1[0m [36mworker_id[0m=[35mworker_1[0m
2025-09-22 14:54:23,660 - httpcore.http11 - DEBUG - atrace:87 - send_request_headers.started request=<Request [b'GET']>
2025-09-22 14:54:23,660 - httpcore.http11 - DEBUG - atrace:87 - send_request_headers.complete
2025-09-22 14:54:23,660 - httpcore.http11 - DEBUG - atrace:87 - send_request_body.started request=<Request [b'GET']>
2025-09-22 14:54:23,660 - httpcore.http11 - DEBUG - atrace:87 - send_request_body.complete
2025-09-22 14:54:23,660 - httpcore.http11 - DEBUG - atrace:87 - receive_response_headers.started request=<Request [b'GET']>
2025-09-22 14:54:23,829 - httpcore.http11 - DEBUG - atrace:87 - receive_response_body.complete
2025-09-22 14:54:23,829 - httpcore.http11 - DEBUG - atrace:87 - response_closed.started
2025-09-22 14:54:23,829 - httpcore.http11 - DEBUG - atrace:87 - response_closed.complete
2025-09-22 14:54:23,829 - workers.proxy_pool - INFO - _make_http_request:189 - [2m2025-09-22T09:24:23.829361Z[0m [[32m[1minfo     [0m] [1m📊 Worker successfully fetched data[0m [[0m[1m[34mworkers.proxy_pool[0m][0m [36mcommand_id[0m=[35mEmployees_page_1[0m [36mentity[0m=[35mEmployees[0m [36mhas_next_page[0m=[35mFalse[0m [36mrecords_in_response[0m=[35m9[0m [36mworker_id[0m=[35mworker_0[0m
2025-09-22 14:54:23,829 - workers.proxy_pool - INFO - execute:102 - [2m2025-09-22T09:24:23.829361Z[0m [[32m[1minfo     [0m] [1m✅ Worker completed command successfully[0m [[0m[1m[34mworkers.proxy_pool[0m][0m [36mcommand_id[0m=[35mEmployees_page_1[0m [36mentity[0m=[35mEmployees[0m [36mexecution_time_seconds[0m=[35m3.45[0m [36mhas_next_page[0m=[35mFalse[0m [36mrecords_fetched[0m=[35m9[0m [36mworker_id[0m=[35mworker_0[0m
2025-09-22 14:54:23,829 - workers.proxy_pool - INFO - _worker_loop:396 - [2m2025-09-22T09:24:23.829361Z[0m [[32m[1minfo     [0m] [1m📋 Worker picked up command from queue[0m [[0m[1m[34mworkers.proxy_pool[0m][0m [36mcommand_id[0m=[35mSummary_of_Sales_by_Quarters_page_1[0m [36mentity[0m=[35mSummary_of_Sales_by_Quarters[0m [36mqueue_size_after_pickup[0m=[35m10[0m [36mworker_id[0m=[35mworker_0[0m [36mworker_status[0m=[35mPROCESSING[0m
2025-09-22 14:54:23,829 - workers.proxy_pool - INFO - execute:51 - [2m2025-09-22T09:24:23.829361Z[0m [[32m[1minfo     [0m] [1m🚀 Worker starting command execution[0m [[0m[1m[34mworkers.proxy_pool[0m][0m [36mcommand_id[0m=[35mSummary_of_Sales_by_Quarters_page_1[0m [36mcommand_type[0m=[35mfetch_page[0m [36mentity[0m=[35mSummary_of_Sales_by_Quarters[0m [36mpriority[0m=[35m1[0m [36mretry_count[0m=[35m0[0m [36mskip[0m=[35m0[0m [36mtop[0m=[35m1500[0m [36mworker_id[0m=[35mworker_0[0m
2025-09-22 14:54:23,829 - workers.proxy_pool - INFO - execute:74 - [2m2025-09-22T09:24:23.829361Z[0m [[32m[1minfo     [0m] [1m🔄 Worker executing request with resilience patterns[0m [[0m[1m[34mworkers.proxy_pool[0m][0m [36mcircuit_breaker_state[0m=[35mclosed[0m [36mcommand_id[0m=[35mSummary_of_Sales_by_Quarters_page_1[0m [36mworker_id[0m=[35mworker_0[0m
2025-09-22 14:54:23,829 - httpcore.http11 - DEBUG - atrace:87 - send_request_headers.started request=<Request [b'GET']>
2025-09-22 14:54:23,836 - httpcore.http11 - DEBUG - atrace:87 - send_request_headers.complete
2025-09-22 14:54:23,836 - httpcore.http11 - DEBUG - atrace:87 - send_request_body.started request=<Request [b'GET']>
2025-09-22 14:54:23,836 - httpcore.http11 - DEBUG - atrace:87 - send_request_body.complete
2025-09-22 14:54:23,836 - httpcore.http11 - DEBUG - atrace:87 - receive_response_headers.started request=<Request [b'GET']>
2025-09-22 14:54:23,869 - httpcore.http11 - DEBUG - atrace:87 - receive_response_headers.complete return_value=(b'HTTP/1.1', 200, b'OK', [(b'Content-Length', b'1172'), (b'Content-Type', b'application/json;odata.metadata=minimal;odata.streaming=true;IEEE754Compatible=false;charset=utf-8'), (b'Date', b'Mon, 22 Sep 2025 09:24:25 GMT'), (b'Server', b'Microsoft-IIS/10.0'), (b'Access-Control-Allow-Headers', b'Accept, Origin, Content-Type, MaxDataServiceVersion'), (b'Access-Control-Allow-Methods', b'GET'), (b'Access-Control-Allow-Origin', b'*'), (b'Access-Control-Expose-Headers', b'DataServiceVersion'), (b'Cache-Control', b'private'), (b'Content-Encoding', b'gzip'), (b'Expires', b'Mon, 22 Sep 2025 09:24:52 GMT'), (b'Vary', b'*'), (b'X-Content-Type-Options', b'nosniff'), (b'OData-Version', b'4.0;'), (b'X-AspNet-Version', b'4.0.30319'), (b'X-Powered-By', b'ASP.NET')])
2025-09-22 14:54:23,869 - httpx - INFO - _send_single_request:1740 - HTTP Request: GET https://services.odata.org/V4/Northwind/Northwind.svc/Order_Subtotals?%24skip=0&%24top=1500 "HTTP/1.1 200 OK"
2025-09-22 14:54:23,869 - httpcore.http11 - DEBUG - atrace:87 - receive_response_body.started request=<Request [b'GET']>
2025-09-22 14:54:23,869 - httpcore.http11 - DEBUG - atrace:87 - receive_response_body.complete
2025-09-22 14:54:23,869 - httpcore.http11 - DEBUG - atrace:87 - response_closed.started
2025-09-22 14:54:23,869 - httpcore.http11 - DEBUG - atrace:87 - response_closed.complete
2025-09-22 14:54:23,869 - workers.proxy_pool - INFO - _make_http_request:189 - [2m2025-09-22T09:24:23.869093Z[0m [[32m[1minfo     [0m] [1m📊 Worker successfully fetched data[0m [[0m[1m[34mworkers.proxy_pool[0m][0m [36mcommand_id[0m=[35mOrder_Subtotals_page_1[0m [36mentity[0m=[35mOrder_Subtotals[0m [36mhas_next_page[0m=[35mTrue[0m [36mrecords_in_response[0m=[35m100[0m [36mworker_id[0m=[35mworker_2[0m
2025-09-22 14:54:23,873 - workers.proxy_pool - INFO - execute:102 - [2m2025-09-22T09:24:23.873599Z[0m [[32m[1minfo     [0m] [1m✅ Worker completed command successfully[0m [[0m[1m[34mworkers.proxy_pool[0m][0m [36mcommand_id[0m=[35mOrder_Subtotals_page_1[0m [36mentity[0m=[35mOrder_Subtotals[0m [36mexecution_time_seconds[0m=[35m0.23[0m [36mhas_next_page[0m=[35mTrue[0m [36mrecords_fetched[0m=[35m100[0m [36mworker_id[0m=[35mworker_2[0m
2025-09-22 14:54:23,873 - workers.proxy_pool - INFO - _worker_loop:396 - [2m2025-09-22T09:24:23.873599Z[0m [[32m[1minfo     [0m] [1m📋 Worker picked up command from queue[0m [[0m[1m[34mworkers.proxy_pool[0m][0m [36mcommand_id[0m=[35mInvoices_page_1[0m [36mentity[0m=[35mInvoices[0m [36mqueue_size_after_pickup[0m=[35m9[0m [36mworker_id[0m=[35mworker_2[0m [36mworker_status[0m=[35mPROCESSING[0m
2025-09-22 14:54:23,874 - workers.proxy_pool - INFO - execute:51 - [2m2025-09-22T09:24:23.874682Z[0m [[32m[1minfo     [0m] [1m🚀 Worker starting command execution[0m [[0m[1m[34mworkers.proxy_pool[0m][0m [36mcommand_id[0m=[35mInvoices_page_1[0m [36mcommand_type[0m=[35mfetch_page[0m [36mentity[0m=[35mInvoices[0m [36mpriority[0m=[35m1[0m [36mretry_count[0m=[35m0[0m [36mskip[0m=[35m0[0m [36mtop[0m=[35m1500[0m [36mworker_id[0m=[35mworker_2[0m
2025-09-22 14:54:23,875 - workers.proxy_pool - INFO - execute:74 - [2m2025-09-22T09:24:23.875664Z[0m [[32m[1minfo     [0m] [1m🔄 Worker executing request with resilience patterns[0m [[0m[1m[34mworkers.proxy_pool[0m][0m [36mcircuit_breaker_state[0m=[35mclosed[0m [36mcommand_id[0m=[35mInvoices_page_1[0m [36mworker_id[0m=[35mworker_2[0m
2025-09-22 14:54:23,877 - httpcore.http11 - DEBUG - atrace:87 - send_request_headers.started request=<Request [b'GET']>
2025-09-22 14:54:23,877 - httpcore.http11 - DEBUG - atrace:87 - send_request_headers.complete
2025-09-22 14:54:23,878 - httpcore.http11 - DEBUG - atrace:87 - send_request_body.started request=<Request [b'GET']>
2025-09-22 14:54:23,878 - httpcore.http11 - DEBUG - atrace:87 - send_request_body.complete
2025-09-22 14:54:23,878 - httpcore.http11 - DEBUG - atrace:87 - receive_response_headers.started request=<Request [b'GET']>
2025-09-22 14:54:23,905 - httpcore.http11 - DEBUG - atrace:87 - receive_response_headers.complete return_value=(b'HTTP/1.1', 200, b'OK', [(b'Content-Length', b'4166'), (b'Content-Type', b'application/json;odata.metadata=minimal;odata.streaming=true;IEEE754Compatible=false;charset=utf-8'), (b'Date', b'Mon, 22 Sep 2025 09:24:25 GMT'), (b'Server', b'Microsoft-IIS/10.0'), (b'Access-Control-Allow-Headers', b'Accept, Origin, Content-Type, MaxDataServiceVersion'), (b'Access-Control-Allow-Methods', b'GET'), (b'Access-Control-Allow-Origin', b'*'), (b'Access-Control-Expose-Headers', b'DataServiceVersion'), (b'Cache-Control', b'private'), (b'Content-Encoding', b'gzip'), (b'Expires', b'Mon, 22 Sep 2025 09:24:51 GMT'), (b'Vary', b'*'), (b'X-Content-Type-Options', b'nosniff'), (b'OData-Version', b'4.0;'), (b'X-AspNet-Version', b'4.0.30319'), (b'X-Powered-By', b'ASP.NET')])
2025-09-22 14:54:23,905 - httpx - INFO - _send_single_request:1740 - HTTP Request: GET https://services.odata.org/V4/Northwind/Northwind.svc/Customer_and_Suppliers_by_Cities?%24skip=0&%24top=1500 "HTTP/1.1 200 OK"
2025-09-22 14:54:23,905 - httpcore.http11 - DEBUG - atrace:87 - receive_response_body.started request=<Request [b'GET']>
2025-09-22 14:54:23,905 - httpcore.http11 - DEBUG - atrace:87 - receive_response_body.complete
2025-09-22 14:54:23,905 - httpcore.http11 - DEBUG - atrace:87 - response_closed.started
2025-09-22 14:54:23,905 - httpcore.http11 - DEBUG - atrace:87 - response_closed.complete
2025-09-22 14:54:23,906 - workers.proxy_pool - INFO - _make_http_request:189 - [2m2025-09-22T09:24:23.906842Z[0m [[32m[1minfo     [0m] [1m📊 Worker successfully fetched data[0m [[0m[1m[34mworkers.proxy_pool[0m][0m [36mcommand_id[0m=[35mCustomer_and_Suppliers_by_Cities_page_1[0m [36mentity[0m=[35mCustomer_and_Suppliers_by_Cities[0m [36mhas_next_page[0m=[35mTrue[0m [36mrecords_in_response[0m=[35m100[0m [36mworker_id[0m=[35mworker_1[0m
2025-09-22 14:54:23,906 - workers.proxy_pool - INFO - execute:102 - [2m2025-09-22T09:24:23.906842Z[0m [[32m[1minfo     [0m] [1m✅ Worker completed command successfully[0m [[0m[1m[34mworkers.proxy_pool[0m][0m [36mcommand_id[0m=[35mCustomer_and_Suppliers_by_Cities_page_1[0m [36mentity[0m=[35mCustomer_and_Suppliers_by_Cities[0m [36mexecution_time_seconds[0m=[35m0.25[0m [36mhas_next_page[0m=[35mTrue[0m [36mrecords_fetched[0m=[35m100[0m [36mworker_id[0m=[35mworker_1[0m
2025-09-22 14:54:23,907 - workers.proxy_pool - INFO - _worker_loop:396 - [2m2025-09-22T09:24:23.907855Z[0m [[32m[1minfo     [0m] [1m📋 Worker picked up command from queue[0m [[0m[1m[34mworkers.proxy_pool[0m][0m [36mcommand_id[0m=[35mInvoices_page_2[0m [36mentity[0m=[35mInvoices[0m [36mqueue_size_after_pickup[0m=[35m8[0m [36mworker_id[0m=[35mworker_1[0m [36mworker_status[0m=[35mPROCESSING[0m
2025-09-22 14:54:23,907 - workers.proxy_pool - INFO - execute:51 - [2m2025-09-22T09:24:23.907855Z[0m [[32m[1minfo     [0m] [1m🚀 Worker starting command execution[0m [[0m[1m[34mworkers.proxy_pool[0m][0m [36mcommand_id[0m=[35mInvoices_page_2[0m [36mcommand_type[0m=[35mfetch_page[0m [36mentity[0m=[35mInvoices[0m [36mpriority[0m=[35m1[0m [36mretry_count[0m=[35m0[0m [36mskip[0m=[35m1500[0m [36mtop[0m=[35m1500[0m [36mworker_id[0m=[35mworker_1[0m
2025-09-22 14:54:23,908 - workers.proxy_pool - INFO - execute:74 - [2m2025-09-22T09:24:23.908854Z[0m [[32m[1minfo     [0m] [1m🔄 Worker executing request with resilience patterns[0m [[0m[1m[34mworkers.proxy_pool[0m][0m [36mcircuit_breaker_state[0m=[35mclosed[0m [36mcommand_id[0m=[35mInvoices_page_2[0m [36mworker_id[0m=[35mworker_1[0m
2025-09-22 14:54:23,911 - httpcore.http11 - DEBUG - atrace:87 - send_request_headers.started request=<Request [b'GET']>
2025-09-22 14:54:23,912 - httpcore.http11 - DEBUG - atrace:87 - send_request_headers.complete
2025-09-22 14:54:23,912 - httpcore.http11 - DEBUG - atrace:87 - send_request_body.started request=<Request [b'GET']>
2025-09-22 14:54:23,912 - httpcore.http11 - DEBUG - atrace:87 - send_request_body.complete
2025-09-22 14:54:23,912 - httpcore.http11 - DEBUG - atrace:87 - receive_response_headers.started request=<Request [b'GET']>
2025-09-22 14:54:24,085 - httpcore.http11 - DEBUG - atrace:87 - receive_response_headers.complete return_value=(b'HTTP/1.1', 200, b'OK', [(b'Content-Length', b'1596'), (b'Content-Type', b'application/json;odata.metadata=minimal;odata.streaming=true;IEEE754Compatible=false;charset=utf-8'), (b'Date', b'Mon, 22 Sep 2025 09:24:25 GMT'), (b'Server', b'Microsoft-IIS/10.0'), (b'Access-Control-Allow-Headers', b'Accept, Origin, Content-Type, MaxDataServiceVersion'), (b'Access-Control-Allow-Methods', b'GET'), (b'Access-Control-Allow-Origin', b'*'), (b'Access-Control-Expose-Headers', b'DataServiceVersion'), (b'Cache-Control', b'private'), (b'Content-Encoding', b'gzip'), (b'Expires', b'Mon, 22 Sep 2025 09:24:51 GMT'), (b'Vary', b'*'), (b'X-Content-Type-Options', b'nosniff'), (b'OData-Version', b'4.0;'), (b'X-AspNet-Version', b'4.0.30319'), (b'X-Powered-By', b'ASP.NET')])
2025-09-22 14:54:24,085 - httpx - INFO - _send_single_request:1740 - HTTP Request: GET https://services.odata.org/V4/Northwind/Northwind.svc/Summary_of_Sales_by_Quarters?%24skip=0&%24top=1500 "HTTP/1.1 200 OK"
2025-09-22 14:54:24,085 - httpcore.http11 - DEBUG - atrace:87 - receive_response_body.started request=<Request [b'GET']>
2025-09-22 14:54:24,085 - httpcore.http11 - DEBUG - atrace:87 - receive_response_body.complete
2025-09-22 14:54:24,085 - httpcore.http11 - DEBUG - atrace:87 - response_closed.started
2025-09-22 14:54:24,085 - httpcore.http11 - DEBUG - atrace:87 - response_closed.complete
2025-09-22 14:54:24,085 - workers.proxy_pool - INFO - _make_http_request:189 - [2m2025-09-22T09:24:24.085887Z[0m [[32m[1minfo     [0m] [1m📊 Worker successfully fetched data[0m [[0m[1m[34mworkers.proxy_pool[0m][0m [36mcommand_id[0m=[35mSummary_of_Sales_by_Quarters_page_1[0m [36mentity[0m=[35mSummary_of_Sales_by_Quarters[0m [36mhas_next_page[0m=[35mTrue[0m [36mrecords_in_response[0m=[35m100[0m [36mworker_id[0m=[35mworker_0[0m
2025-09-22 14:54:24,085 - workers.proxy_pool - INFO - execute:102 - [2m2025-09-22T09:24:24.085887Z[0m [[32m[1minfo     [0m] [1m✅ Worker completed command successfully[0m [[0m[1m[34mworkers.proxy_pool[0m][0m [36mcommand_id[0m=[35mSummary_of_Sales_by_Quarters_page_1[0m [36mentity[0m=[35mSummary_of_Sales_by_Quarters[0m [36mexecution_time_seconds[0m=[35m0.25[0m [36mhas_next_page[0m=[35mTrue[0m [36mrecords_fetched[0m=[35m100[0m [36mworker_id[0m=[35mworker_0[0m
2025-09-22 14:54:24,089 - workers.proxy_pool - INFO - _worker_loop:396 - [2m2025-09-22T09:24:24.085887Z[0m [[32m[1minfo     [0m] [1m📋 Worker picked up command from queue[0m [[0m[1m[34mworkers.proxy_pool[0m][0m [36mcommand_id[0m=[35mProducts_by_Categories_page_1[0m [36mentity[0m=[35mProducts_by_Categories[0m [36mqueue_size_after_pickup[0m=[35m7[0m [36mworker_id[0m=[35mworker_0[0m [36mworker_status[0m=[35mPROCESSING[0m
2025-09-22 14:54:24,089 - workers.proxy_pool - INFO - execute:51 - [2m2025-09-22T09:24:24.089410Z[0m [[32m[1minfo     [0m] [1m🚀 Worker starting command execution[0m [[0m[1m[34mworkers.proxy_pool[0m][0m [36mcommand_id[0m=[35mProducts_by_Categories_page_1[0m [36mcommand_type[0m=[35mfetch_page[0m [36mentity[0m=[35mProducts_by_Categories[0m [36mpriority[0m=[35m1[0m [36mretry_count[0m=[35m0[0m [36mskip[0m=[35m0[0m [36mtop[0m=[35m1500[0m [36mworker_id[0m=[35mworker_0[0m
2025-09-22 14:54:24,089 - workers.proxy_pool - INFO - execute:74 - [2m2025-09-22T09:24:24.089410Z[0m [[32m[1minfo     [0m] [1m🔄 Worker executing request with resilience patterns[0m [[0m[1m[34mworkers.proxy_pool[0m][0m [36mcircuit_breaker_state[0m=[35mclosed[0m [36mcommand_id[0m=[35mProducts_by_Categories_page_1[0m [36mworker_id[0m=[35mworker_0[0m
2025-09-22 14:54:24,089 - httpcore.http11 - DEBUG - atrace:87 - send_request_headers.started request=<Request [b'GET']>
2025-09-22 14:54:24,089 - httpcore.http11 - DEBUG - atrace:87 - send_request_headers.complete
2025-09-22 14:54:24,089 - httpcore.http11 - DEBUG - atrace:87 - send_request_body.started request=<Request [b'GET']>
2025-09-22 14:54:24,089 - httpcore.http11 - DEBUG - atrace:87 - send_request_body.complete
2025-09-22 14:54:24,089 - httpcore.http11 - DEBUG - atrace:87 - receive_response_headers.started request=<Request [b'GET']>
2025-09-22 14:54:24,110 - httpcore.http11 - DEBUG - atrace:87 - receive_response_headers.complete return_value=(b'HTTP/1.1', 200, b'OK', [(b'Content-Length', b'37906'), (b'Content-Type', b'application/json;odata.metadata=minimal;odata.streaming=true;IEEE754Compatible=false;charset=utf-8'), (b'Date', b'Mon, 22 Sep 2025 09:24:25 GMT'), (b'Server', b'Microsoft-IIS/10.0'), (b'Access-Control-Allow-Headers', b'Accept, Origin, Content-Type, MaxDataServiceVersion'), (b'Access-Control-Allow-Methods', b'GET'), (b'Access-Control-Allow-Origin', b'*'), (b'Access-Control-Expose-Headers', b'DataServiceVersion'), (b'Cache-Control', b'private'), (b'Content-Encoding', b'gzip'), (b'Expires', b'Mon, 22 Sep 2025 09:24:51 GMT'), (b'Vary', b'*'), (b'X-Content-Type-Options', b'nosniff'), (b'OData-Version', b'4.0;'), (b'X-AspNet-Version', b'4.0.30319'), (b'X-Powered-By', b'ASP.NET')])
2025-09-22 14:54:24,110 - httpx - INFO - _send_single_request:1740 - HTTP Request: GET https://services.odata.org/V4/Northwind/Northwind.svc/Invoices?%24skip=0&%24top=1500 "HTTP/1.1 200 OK"
2025-09-22 14:54:24,110 - httpcore.http11 - DEBUG - atrace:87 - receive_response_body.started request=<Request [b'GET']>
2025-09-22 14:54:24,119 - httpcore.http11 - DEBUG - atrace:87 - receive_response_body.complete
2025-09-22 14:54:24,119 - httpcore.http11 - DEBUG - atrace:87 - response_closed.started
2025-09-22 14:54:24,119 - httpcore.http11 - DEBUG - atrace:87 - response_closed.complete
2025-09-22 14:54:24,123 - workers.proxy_pool - INFO - _make_http_request:189 - [2m2025-09-22T09:24:24.123828Z[0m [[32m[1minfo     [0m] [1m📊 Worker successfully fetched data[0m [[0m[1m[34mworkers.proxy_pool[0m][0m [36mcommand_id[0m=[35mInvoices_page_1[0m [36mentity[0m=[35mInvoices[0m [36mhas_next_page[0m=[35mTrue[0m [36mrecords_in_response[0m=[35m500[0m [36mworker_id[0m=[35mworker_2[0m
2025-09-22 14:54:24,124 - workers.proxy_pool - INFO - execute:102 - [2m2025-09-22T09:24:24.124896Z[0m [[32m[1minfo     [0m] [1m✅ Worker completed command successfully[0m [[0m[1m[34mworkers.proxy_pool[0m][0m [36mcommand_id[0m=[35mInvoices_page_1[0m [36mentity[0m=[35mInvoices[0m [36mexecution_time_seconds[0m=[35m0.25[0m [36mhas_next_page[0m=[35mTrue[0m [36mrecords_fetched[0m=[35m500[0m [36mworker_id[0m=[35mworker_2[0m
2025-09-22 14:54:24,126 - workers.proxy_pool - INFO - _worker_loop:396 - [2m2025-09-22T09:24:24.126814Z[0m [[32m[1minfo     [0m] [1m📋 Worker picked up command from queue[0m [[0m[1m[34mworkers.proxy_pool[0m][0m [36mcommand_id[0m=[35mSales_by_Categories_page_1[0m [36mentity[0m=[35mSales_by_Categories[0m [36mqueue_size_after_pickup[0m=[35m6[0m [36mworker_id[0m=[35mworker_2[0m [36mworker_status[0m=[35mPROCESSING[0m
2025-09-22 14:54:24,126 - workers.proxy_pool - INFO - execute:51 - [2m2025-09-22T09:24:24.126814Z[0m [[32m[1minfo     [0m] [1m🚀 Worker starting command execution[0m [[0m[1m[34mworkers.proxy_pool[0m][0m [36mcommand_id[0m=[35mSales_by_Categories_page_1[0m [36mcommand_type[0m=[35mfetch_page[0m [36mentity[0m=[35mSales_by_Categories[0m [36mpriority[0m=[35m1[0m [36mretry_count[0m=[35m0[0m [36mskip[0m=[35m0[0m [36mtop[0m=[35m1500[0m [36mworker_id[0m=[35mworker_2[0m
2025-09-22 14:54:24,126 - workers.proxy_pool - INFO - execute:74 - [2m2025-09-22T09:24:24.126814Z[0m [[32m[1minfo     [0m] [1m🔄 Worker executing request with resilience patterns[0m [[0m[1m[34mworkers.proxy_pool[0m][0m [36mcircuit_breaker_state[0m=[35mclosed[0m [36mcommand_id[0m=[35mSales_by_Categories_page_1[0m [36mworker_id[0m=[35mworker_2[0m
2025-09-22 14:54:24,129 - httpcore.http11 - DEBUG - atrace:87 - send_request_headers.started request=<Request [b'GET']>
2025-09-22 14:54:24,129 - httpcore.http11 - DEBUG - atrace:87 - send_request_headers.complete
2025-09-22 14:54:24,129 - httpcore.http11 - DEBUG - atrace:87 - send_request_body.started request=<Request [b'GET']>
2025-09-22 14:54:24,129 - httpcore.http11 - DEBUG - atrace:87 - send_request_body.complete
2025-09-22 14:54:24,129 - httpcore.http11 - DEBUG - atrace:87 - receive_response_headers.started request=<Request [b'GET']>
2025-09-22 14:54:24,170 - httpcore.http11 - DEBUG - atrace:87 - receive_response_headers.complete return_value=(b'HTTP/1.1', 200, b'OK', [(b'Content-Length', b'37481'), (b'Content-Type', b'application/json;odata.metadata=minimal;odata.streaming=true;IEEE754Compatible=false;charset=utf-8'), (b'Date', b'Mon, 22 Sep 2025 09:24:25 GMT'), (b'Server', b'Microsoft-IIS/10.0'), (b'Access-Control-Allow-Headers', b'Accept, Origin, Content-Type, MaxDataServiceVersion'), (b'Access-Control-Allow-Methods', b'GET'), (b'Access-Control-Allow-Origin', b'*'), (b'Access-Control-Expose-Headers', b'DataServiceVersion'), (b'Cache-Control', b'private'), (b'Content-Encoding', b'gzip'), (b'Expires', b'Mon, 22 Sep 2025 09:24:51 GMT'), (b'Vary', b'*'), (b'X-Content-Type-Options', b'nosniff'), (b'OData-Version', b'4.0;'), (b'X-AspNet-Version', b'4.0.30319'), (b'X-Powered-By', b'ASP.NET')])
2025-09-22 14:54:24,170 - httpx - INFO - _send_single_request:1740 - HTTP Request: GET https://services.odata.org/V4/Northwind/Northwind.svc/Invoices?%24skip=1500&%24top=1500 "HTTP/1.1 200 OK"
2025-09-22 14:54:24,170 - httpcore.http11 - DEBUG - atrace:87 - receive_response_body.started request=<Request [b'GET']>
2025-09-22 14:54:24,175 - httpcore.http11 - DEBUG - atrace:87 - receive_response_body.complete
2025-09-22 14:54:24,175 - httpcore.http11 - DEBUG - atrace:87 - response_closed.started
2025-09-22 14:54:24,175 - httpcore.http11 - DEBUG - atrace:87 - response_closed.complete
2025-09-22 14:54:24,180 - workers.proxy_pool - INFO - _make_http_request:189 - [2m2025-09-22T09:24:24.180091Z[0m [[32m[1minfo     [0m] [1m📊 Worker successfully fetched data[0m [[0m[1m[34mworkers.proxy_pool[0m][0m [36mcommand_id[0m=[35mInvoices_page_2[0m [36mentity[0m=[35mInvoices[0m [36mhas_next_page[0m=[35mTrue[0m [36mrecords_in_response[0m=[35m500[0m [36mworker_id[0m=[35mworker_1[0m
2025-09-22 14:54:24,181 - workers.proxy_pool - INFO - execute:102 - [2m2025-09-22T09:24:24.180091Z[0m [[32m[1minfo     [0m] [1m✅ Worker completed command successfully[0m [[0m[1m[34mworkers.proxy_pool[0m][0m [36mcommand_id[0m=[35mInvoices_page_2[0m [36mentity[0m=[35mInvoices[0m [36mexecution_time_seconds[0m=[35m0.27[0m [36mhas_next_page[0m=[35mTrue[0m [36mrecords_fetched[0m=[35m500[0m [36mworker_id[0m=[35mworker_1[0m
2025-09-22 14:54:24,181 - workers.proxy_pool - INFO - _worker_loop:396 - [2m2025-09-22T09:24:24.181092Z[0m [[32m[1minfo     [0m] [1m📋 Worker picked up command from queue[0m [[0m[1m[34mworkers.proxy_pool[0m][0m [36mcommand_id[0m=[35mProducts_Above_Average_Prices_page_1[0m [36mentity[0m=[35mProducts_Above_Average_Prices[0m [36mqueue_size_after_pickup[0m=[35m5[0m [36mworker_id[0m=[35mworker_1[0m [36mworker_status[0m=[35mPROCESSING[0m
2025-09-22 14:54:24,182 - workers.proxy_pool - INFO - execute:51 - [2m2025-09-22T09:24:24.182149Z[0m [[32m[1minfo     [0m] [1m🚀 Worker starting command execution[0m [[0m[1m[34mworkers.proxy_pool[0m][0m [36mcommand_id[0m=[35mProducts_Above_Average_Prices_page_1[0m [36mcommand_type[0m=[35mfetch_page[0m [36mentity[0m=[35mProducts_Above_Average_Prices[0m [36mpriority[0m=[35m1[0m [36mretry_count[0m=[35m0[0m [36mskip[0m=[35m0[0m [36mtop[0m=[35m1500[0m [36mworker_id[0m=[35mworker_1[0m
2025-09-22 14:54:24,182 - workers.proxy_pool - INFO - execute:74 - [2m2025-09-22T09:24:24.182657Z[0m [[32m[1minfo     [0m] [1m🔄 Worker executing request with resilience patterns[0m [[0m[1m[34mworkers.proxy_pool[0m][0m [36mcircuit_breaker_state[0m=[35mclosed[0m [36mcommand_id[0m=[35mProducts_Above_Average_Prices_page_1[0m [36mworker_id[0m=[35mworker_1[0m
2025-09-22 14:54:24,183 - httpcore.http11 - DEBUG - atrace:87 - send_request_headers.started request=<Request [b'GET']>
2025-09-22 14:54:24,183 - httpcore.http11 - DEBUG - atrace:87 - send_request_headers.complete
2025-09-22 14:54:24,183 - httpcore.http11 - DEBUG - atrace:87 - send_request_body.started request=<Request [b'GET']>
2025-09-22 14:54:24,183 - httpcore.http11 - DEBUG - atrace:87 - send_request_body.complete
2025-09-22 14:54:24,183 - httpcore.http11 - DEBUG - atrace:87 - receive_response_headers.started request=<Request [b'GET']>
2025-09-22 14:54:24,328 - httpcore.http11 - DEBUG - atrace:87 - receive_response_headers.complete return_value=(b'HTTP/1.1', 200, b'OK', [(b'Content-Length', b'2280'), (b'Content-Type', b'application/json;odata.metadata=minimal;odata.streaming=true;IEEE754Compatible=false;charset=utf-8'), (b'Date', b'Mon, 22 Sep 2025 09:24:25 GMT'), (b'Server', b'Microsoft-IIS/10.0'), (b'Access-Control-Allow-Headers', b'Accept, Origin, Content-Type, MaxDataServiceVersion'), (b'Access-Control-Allow-Methods', b'GET'), (b'Access-Control-Allow-Origin', b'*'), (b'Access-Control-Expose-Headers', b'DataServiceVersion'), (b'Cache-Control', b'private'), (b'Content-Encoding', b'gzip'), (b'Expires', b'Mon, 22 Sep 2025 09:24:49 GMT'), (b'Vary', b'*'), (b'X-Content-Type-Options', b'nosniff'), (b'OData-Version', b'4.0;'), (b'X-AspNet-Version', b'4.0.30319'), (b'X-Powered-By', b'ASP.NET')])
2025-09-22 14:54:24,328 - httpx - INFO - _send_single_request:1740 - HTTP Request: GET https://services.odata.org/V4/Northwind/Northwind.svc/Products_by_Categories?%24skip=0&%24top=1500 "HTTP/1.1 200 OK"
2025-09-22 14:54:24,328 - httpcore.http11 - DEBUG - atrace:87 - receive_response_body.started request=<Request [b'GET']>
2025-09-22 14:54:24,328 - httpcore.http11 - DEBUG - atrace:87 - receive_response_body.complete
2025-09-22 14:54:24,328 - httpcore.http11 - DEBUG - atrace:87 - response_closed.started
2025-09-22 14:54:24,328 - httpcore.http11 - DEBUG - atrace:87 - response_closed.complete
2025-09-22 14:54:24,328 - workers.proxy_pool - INFO - _make_http_request:189 - [2m2025-09-22T09:24:24.328963Z[0m [[32m[1minfo     [0m] [1m📊 Worker successfully fetched data[0m [[0m[1m[34mworkers.proxy_pool[0m][0m [36mcommand_id[0m=[35mProducts_by_Categories_page_1[0m [36mentity[0m=[35mProducts_by_Categories[0m [36mhas_next_page[0m=[35mFalse[0m [36mrecords_in_response[0m=[35m69[0m [36mworker_id[0m=[35mworker_0[0m
2025-09-22 14:54:24,328 - workers.proxy_pool - INFO - execute:102 - [2m2025-09-22T09:24:24.328963Z[0m [[32m[1minfo     [0m] [1m✅ Worker completed command successfully[0m [[0m[1m[34mworkers.proxy_pool[0m][0m [36mcommand_id[0m=[35mProducts_by_Categories_page_1[0m [36mentity[0m=[35mProducts_by_Categories[0m [36mexecution_time_seconds[0m=[35m0.23[0m [36mhas_next_page[0m=[35mFalse[0m [36mrecords_fetched[0m=[35m69[0m [36mworker_id[0m=[35mworker_0[0m
2025-09-22 14:54:24,328 - workers.proxy_pool - INFO - _worker_loop:396 - [2m2025-09-22T09:24:24.328963Z[0m [[32m[1minfo     [0m] [1m📋 Worker picked up command from queue[0m [[0m[1m[34mworkers.proxy_pool[0m][0m [36mcommand_id[0m=[35mCustomers_page_1[0m [36mentity[0m=[35mCustomers[0m [36mqueue_size_after_pickup[0m=[35m4[0m [36mworker_id[0m=[35mworker_0[0m [36mworker_status[0m=[35mPROCESSING[0m
2025-09-22 14:54:24,328 - workers.proxy_pool - INFO - execute:51 - [2m2025-09-22T09:24:24.328963Z[0m [[32m[1minfo     [0m] [1m🚀 Worker starting command execution[0m [[0m[1m[34mworkers.proxy_pool[0m][0m [36mcommand_id[0m=[35mCustomers_page_1[0m [36mcommand_type[0m=[35mfetch_page[0m [36mentity[0m=[35mCustomers[0m [36mpriority[0m=[35m1[0m [36mretry_count[0m=[35m0[0m [36mskip[0m=[35m0[0m [36mtop[0m=[35m1500[0m [36mworker_id[0m=[35mworker_0[0m
2025-09-22 14:54:24,328 - workers.proxy_pool - INFO - execute:74 - [2m2025-09-22T09:24:24.328963Z[0m [[32m[1minfo     [0m] [1m🔄 Worker executing request with resilience patterns[0m [[0m[1m[34mworkers.proxy_pool[0m][0m [36mcircuit_breaker_state[0m=[35mclosed[0m [36mcommand_id[0m=[35mCustomers_page_1[0m [36mworker_id[0m=[35mworker_0[0m
2025-09-22 14:54:24,334 - httpcore.http11 - DEBUG - atrace:87 - send_request_headers.started request=<Request [b'GET']>
2025-09-22 14:54:24,334 - httpcore.http11 - DEBUG - atrace:87 - send_request_headers.complete
2025-09-22 14:54:24,334 - httpcore.http11 - DEBUG - atrace:87 - send_request_body.started request=<Request [b'GET']>
2025-09-22 14:54:24,334 - httpcore.http11 - DEBUG - atrace:87 - send_request_body.complete
2025-09-22 14:54:24,334 - httpcore.http11 - DEBUG - atrace:87 - receive_response_headers.started request=<Request [b'GET']>
2025-09-22 14:54:24,363 - httpcore.http11 - DEBUG - atrace:87 - receive_response_headers.complete return_value=(b'HTTP/1.1', 200, b'OK', [(b'Content-Length', b'2173'), (b'Content-Type', b'application/json;odata.metadata=minimal;odata.streaming=true;IEEE754Compatible=false;charset=utf-8'), (b'Date', b'Mon, 22 Sep 2025 09:24:25 GMT'), (b'Server', b'Microsoft-IIS/10.0'), (b'Access-Control-Allow-Headers', b'Accept, Origin, Content-Type, MaxDataServiceVersion'), (b'Access-Control-Allow-Methods', b'GET'), (b'Access-Control-Allow-Origin', b'*'), (b'Access-Control-Expose-Headers', b'DataServiceVersion'), (b'Cache-Control', b'private'), (b'Content-Encoding', b'gzip'), (b'Expires', b'Mon, 22 Sep 2025 09:24:51 GMT'), (b'Vary', b'*'), (b'X-Content-Type-Options', b'nosniff'), (b'OData-Version', b'4.0;'), (b'X-AspNet-Version', b'4.0.30319'), (b'X-Powered-By', b'ASP.NET')])
2025-09-22 14:54:24,363 - httpx - INFO - _send_single_request:1740 - HTTP Request: GET https://services.odata.org/V4/Northwind/Northwind.svc/Sales_by_Categories?%24skip=0&%24top=1500 "HTTP/1.1 200 OK"
2025-09-22 14:54:24,363 - httpcore.http11 - DEBUG - atrace:87 - receive_response_body.started request=<Request [b'GET']>
2025-09-22 14:54:24,363 - httpcore.http11 - DEBUG - atrace:87 - receive_response_body.complete
2025-09-22 14:54:24,363 - httpcore.http11 - DEBUG - atrace:87 - response_closed.started
2025-09-22 14:54:24,363 - httpcore.http11 - DEBUG - atrace:87 - response_closed.complete
2025-09-22 14:54:24,363 - workers.proxy_pool - INFO - _make_http_request:189 - [2m2025-09-22T09:24:24.363638Z[0m [[32m[1minfo     [0m] [1m📊 Worker successfully fetched data[0m [[0m[1m[34mworkers.proxy_pool[0m][0m [36mcommand_id[0m=[35mSales_by_Categories_page_1[0m [36mentity[0m=[35mSales_by_Categories[0m [36mhas_next_page[0m=[35mFalse[0m [36mrecords_in_response[0m=[35m77[0m [36mworker_id[0m=[35mworker_2[0m
2025-09-22 14:54:24,368 - workers.proxy_pool - INFO - execute:102 - [2m2025-09-22T09:24:24.363638Z[0m [[32m[1minfo     [0m] [1m✅ Worker completed command successfully[0m [[0m[1m[34mworkers.proxy_pool[0m][0m [36mcommand_id[0m=[35mSales_by_Categories_page_1[0m [36mentity[0m=[35mSales_by_Categories[0m [36mexecution_time_seconds[0m=[35m0.23[0m [36mhas_next_page[0m=[35mFalse[0m [36mrecords_fetched[0m=[35m77[0m [36mworker_id[0m=[35mworker_2[0m
2025-09-22 14:54:24,368 - workers.proxy_pool - INFO - _worker_loop:396 - [2m2025-09-22T09:24:24.368360Z[0m [[32m[1minfo     [0m] [1m📋 Worker picked up command from queue[0m [[0m[1m[34mworkers.proxy_pool[0m][0m [36mcommand_id[0m=[35mSales_Totals_by_Amounts_page_1[0m [36mentity[0m=[35mSales_Totals_by_Amounts[0m [36mqueue_size_after_pickup[0m=[35m3[0m [36mworker_id[0m=[35mworker_2[0m [36mworker_status[0m=[35mPROCESSING[0m
2025-09-22 14:54:24,369 - workers.proxy_pool - INFO - execute:51 - [2m2025-09-22T09:24:24.369373Z[0m [[32m[1minfo     [0m] [1m🚀 Worker starting command execution[0m [[0m[1m[34mworkers.proxy_pool[0m][0m [36mcommand_id[0m=[35mSales_Totals_by_Amounts_page_1[0m [36mcommand_type[0m=[35mfetch_page[0m [36mentity[0m=[35mSales_Totals_by_Amounts[0m [36mpriority[0m=[35m1[0m [36mretry_count[0m=[35m0[0m [36mskip[0m=[35m0[0m [36mtop[0m=[35m1500[0m [36mworker_id[0m=[35mworker_2[0m
2025-09-22 14:54:24,369 - workers.proxy_pool - INFO - execute:74 - [2m2025-09-22T09:24:24.369373Z[0m [[32m[1minfo     [0m] [1m🔄 Worker executing request with resilience patterns[0m [[0m[1m[34mworkers.proxy_pool[0m][0m [36mcircuit_breaker_state[0m=[35mclosed[0m [36mcommand_id[0m=[35mSales_Totals_by_Amounts_page_1[0m [36mworker_id[0m=[35mworker_2[0m
2025-09-22 14:54:24,369 - httpcore.http11 - DEBUG - atrace:87 - send_request_headers.started request=<Request [b'GET']>
2025-09-22 14:54:24,369 - httpcore.http11 - DEBUG - atrace:87 - send_request_headers.complete
2025-09-22 14:54:24,369 - httpcore.http11 - DEBUG - atrace:87 - send_request_body.started request=<Request [b'GET']>
2025-09-22 14:54:24,369 - httpcore.http11 - DEBUG - atrace:87 - send_request_body.complete
2025-09-22 14:54:24,369 - httpcore.http11 - DEBUG - atrace:87 - receive_response_headers.started request=<Request [b'GET']>
2025-09-22 14:54:24,411 - httpcore.http11 - DEBUG - atrace:87 - receive_response_headers.complete return_value=(b'HTTP/1.1', 200, b'OK', [(b'Content-Length', b'764'), (b'Content-Type', b'application/json;odata.metadata=minimal;odata.streaming=true;IEEE754Compatible=false;charset=utf-8'), (b'Date', b'Mon, 22 Sep 2025 09:24:26 GMT'), (b'Server', b'Microsoft-IIS/10.0'), (b'Access-Control-Allow-Headers', b'Accept, Origin, Content-Type, MaxDataServiceVersion'), (b'Access-Control-Allow-Methods', b'GET'), (b'Access-Control-Allow-Origin', b'*'), (b'Access-Control-Expose-Headers', b'DataServiceVersion'), (b'Cache-Control', b'private'), (b'Content-Encoding', b'gzip'), (b'Expires', b'Mon, 22 Sep 2025 09:24:52 GMT'), (b'Vary', b'*'), (b'X-Content-Type-Options', b'nosniff'), (b'OData-Version', b'4.0;'), (b'X-AspNet-Version', b'4.0.30319'), (b'X-Powered-By', b'ASP.NET')])
2025-09-22 14:54:24,411 - httpx - INFO - _send_single_request:1740 - HTTP Request: GET https://services.odata.org/V4/Northwind/Northwind.svc/Products_Above_Average_Prices?%24skip=0&%24top=1500 "HTTP/1.1 200 OK"
2025-09-22 14:54:24,418 - httpcore.http11 - DEBUG - atrace:87 - receive_response_body.started request=<Request [b'GET']>
2025-09-22 14:54:24,418 - httpcore.http11 - DEBUG - atrace:87 - receive_response_body.complete
2025-09-22 14:54:24,418 - httpcore.http11 - DEBUG - atrace:87 - response_closed.started
2025-09-22 14:54:24,418 - httpcore.http11 - DEBUG - atrace:87 - response_closed.complete
2025-09-22 14:54:24,418 - workers.proxy_pool - INFO - _make_http_request:189 - [2m2025-09-22T09:24:24.418983Z[0m [[32m[1minfo     [0m] [1m📊 Worker successfully fetched data[0m [[0m[1m[34mworkers.proxy_pool[0m][0m [36mcommand_id[0m=[35mProducts_Above_Average_Prices_page_1[0m [36mentity[0m=[35mProducts_Above_Average_Prices[0m [36mhas_next_page[0m=[35mFalse[0m [36mrecords_in_response[0m=[35m25[0m [36mworker_id[0m=[35mworker_1[0m
2025-09-22 14:54:24,418 - workers.proxy_pool - INFO - execute:102 - [2m2025-09-22T09:24:24.418983Z[0m [[32m[1minfo     [0m] [1m✅ Worker completed command successfully[0m [[0m[1m[34mworkers.proxy_pool[0m][0m [36mcommand_id[0m=[35mProducts_Above_Average_Prices_page_1[0m [36mentity[0m=[35mProducts_Above_Average_Prices[0m [36mexecution_time_seconds[0m=[35m0.25[0m [36mhas_next_page[0m=[35mFalse[0m [36mrecords_fetched[0m=[35m25[0m [36mworker_id[0m=[35mworker_1[0m
2025-09-22 14:54:24,418 - workers.proxy_pool - INFO - _worker_loop:396 - [2m2025-09-22T09:24:24.418983Z[0m [[32m[1minfo     [0m] [1m📋 Worker picked up command from queue[0m [[0m[1m[34mworkers.proxy_pool[0m][0m [36mcommand_id[0m=[35mCategories_page_1[0m [36mentity[0m=[35mCategories[0m [36mqueue_size_after_pickup[0m=[35m2[0m [36mworker_id[0m=[35mworker_1[0m [36mworker_status[0m=[35mPROCESSING[0m
2025-09-22 14:54:24,423 - workers.proxy_pool - INFO - execute:51 - [2m2025-09-22T09:24:24.423926Z[0m [[32m[1minfo     [0m] [1m🚀 Worker starting command execution[0m [[0m[1m[34mworkers.proxy_pool[0m][0m [36mcommand_id[0m=[35mCategories_page_1[0m [36mcommand_type[0m=[35mfetch_page[0m [36mentity[0m=[35mCategories[0m [36mpriority[0m=[35m1[0m [36mretry_count[0m=[35m0[0m [36mskip[0m=[35m0[0m [36mtop[0m=[35m1500[0m [36mworker_id[0m=[35mworker_1[0m
2025-09-22 14:54:24,425 - workers.proxy_pool - INFO - execute:74 - [2m2025-09-22T09:24:24.425087Z[0m [[32m[1minfo     [0m] [1m🔄 Worker executing request with resilience patterns[0m [[0m[1m[34mworkers.proxy_pool[0m][0m [36mcircuit_breaker_state[0m=[35mclosed[0m [36mcommand_id[0m=[35mCategories_page_1[0m [36mworker_id[0m=[35mworker_1[0m
2025-09-22 14:54:24,426 - httpcore.http11 - DEBUG - atrace:87 - send_request_headers.started request=<Request [b'GET']>
2025-09-22 14:54:24,426 - httpcore.http11 - DEBUG - atrace:87 - send_request_headers.complete
2025-09-22 14:54:24,426 - httpcore.http11 - DEBUG - atrace:87 - send_request_body.started request=<Request [b'GET']>
2025-09-22 14:54:24,426 - httpcore.http11 - DEBUG - atrace:87 - send_request_body.complete
2025-09-22 14:54:24,426 - httpcore.http11 - DEBUG - atrace:87 - receive_response_headers.started request=<Request [b'GET']>
2025-09-22 14:54:24,569 - httpcore.http11 - DEBUG - atrace:87 - receive_response_headers.complete return_value=(b'HTTP/1.1', 200, b'OK', [(b'Content-Length', b'2319'), (b'Content-Type', b'application/json;odata.metadata=minimal;odata.streaming=true;IEEE754Compatible=false;charset=utf-8'), (b'Date', b'Mon, 22 Sep 2025 09:24:26 GMT'), (b'Server', b'Microsoft-IIS/10.0'), (b'Access-Control-Allow-Headers', b'Accept, Origin, Content-Type, MaxDataServiceVersion'), (b'Access-Control-Allow-Methods', b'GET'), (b'Access-Control-Allow-Origin', b'*'), (b'Access-Control-Expose-Headers', b'DataServiceVersion'), (b'Cache-Control', b'private'), (b'Content-Encoding', b'gzip'), (b'Expires', b'Mon, 22 Sep 2025 09:24:47 GMT'), (b'Vary', b'*'), (b'X-Content-Type-Options', b'nosniff'), (b'OData-Version', b'4.0;'), (b'X-AspNet-Version', b'4.0.30319'), (b'X-Powered-By', b'ASP.NET')])
2025-09-22 14:54:24,569 - httpx - INFO - _send_single_request:1740 - HTTP Request: GET https://services.odata.org/V4/Northwind/Northwind.svc/Customers?%24skip=0&%24top=1500 "HTTP/1.1 200 OK"
2025-09-22 14:54:24,569 - httpcore.http11 - DEBUG - atrace:87 - receive_response_body.started request=<Request [b'GET']>
2025-09-22 14:54:24,569 - httpcore.http11 - DEBUG - atrace:87 - receive_response_body.complete
2025-09-22 14:54:24,569 - httpcore.http11 - DEBUG - atrace:87 - response_closed.started
2025-09-22 14:54:24,569 - httpcore.http11 - DEBUG - atrace:87 - response_closed.complete
2025-09-22 14:54:24,573 - workers.proxy_pool - INFO - _make_http_request:189 - [2m2025-09-22T09:24:24.569308Z[0m [[32m[1minfo     [0m] [1m📊 Worker successfully fetched data[0m [[0m[1m[34mworkers.proxy_pool[0m][0m [36mcommand_id[0m=[35mCustomers_page_1[0m [36mentity[0m=[35mCustomers[0m [36mhas_next_page[0m=[35mTrue[0m [36mrecords_in_response[0m=[35m20[0m [36mworker_id[0m=[35mworker_0[0m
2025-09-22 14:54:24,573 - workers.proxy_pool - INFO - execute:102 - [2m2025-09-22T09:24:24.573820Z[0m [[32m[1minfo     [0m] [1m✅ Worker completed command successfully[0m [[0m[1m[34mworkers.proxy_pool[0m][0m [36mcommand_id[0m=[35mCustomers_page_1[0m [36mentity[0m=[35mCustomers[0m [36mexecution_time_seconds[0m=[35m0.25[0m [36mhas_next_page[0m=[35mTrue[0m [36mrecords_fetched[0m=[35m20[0m [36mworker_id[0m=[35mworker_0[0m
2025-09-22 14:54:24,573 - workers.proxy_pool - INFO - _worker_loop:396 - [2m2025-09-22T09:24:24.573820Z[0m [[32m[1minfo     [0m] [1m📋 Worker picked up command from queue[0m [[0m[1m[34mworkers.proxy_pool[0m][0m [36mcommand_id[0m=[35mProduct_Sales_for_1997_page_1[0m [36mentity[0m=[35mProduct_Sales_for_1997[0m [36mqueue_size_after_pickup[0m=[35m1[0m [36mworker_id[0m=[35mworker_0[0m [36mworker_status[0m=[35mPROCESSING[0m
2025-09-22 14:54:24,575 - workers.proxy_pool - INFO - execute:51 - [2m2025-09-22T09:24:24.574937Z[0m [[32m[1minfo     [0m] [1m🚀 Worker starting command execution[0m [[0m[1m[34mworkers.proxy_pool[0m][0m [36mcommand_id[0m=[35mProduct_Sales_for_1997_page_1[0m [36mcommand_type[0m=[35mfetch_page[0m [36mentity[0m=[35mProduct_Sales_for_1997[0m [36mpriority[0m=[35m1[0m [36mretry_count[0m=[35m0[0m [36mskip[0m=[35m0[0m [36mtop[0m=[35m1500[0m [36mworker_id[0m=[35mworker_0[0m
2025-09-22 14:54:24,576 - workers.proxy_pool - INFO - execute:74 - [2m2025-09-22T09:24:24.575496Z[0m [[32m[1minfo     [0m] [1m🔄 Worker executing request with resilience patterns[0m [[0m[1m[34mworkers.proxy_pool[0m][0m [36mcircuit_breaker_state[0m=[35mclosed[0m [36mcommand_id[0m=[35mProduct_Sales_for_1997_page_1[0m [36mworker_id[0m=[35mworker_0[0m
2025-09-22 14:54:24,576 - httpcore.http11 - DEBUG - atrace:87 - send_request_headers.started request=<Request [b'GET']>
2025-09-22 14:54:24,577 - httpcore.http11 - DEBUG - atrace:87 - send_request_headers.complete
2025-09-22 14:54:24,577 - httpcore.http11 - DEBUG - atrace:87 - send_request_body.started request=<Request [b'GET']>
2025-09-22 14:54:24,577 - httpcore.http11 - DEBUG - atrace:87 - send_request_body.complete
2025-09-22 14:54:24,577 - httpcore.http11 - DEBUG - atrace:87 - receive_response_headers.started request=<Request [b'GET']>
2025-09-22 14:54:24,604 - httpcore.http11 - DEBUG - atrace:87 - receive_response_headers.complete return_value=(b'HTTP/1.1', 200, b'OK', [(b'Content-Length', b'1905'), (b'Content-Type', b'application/json;odata.metadata=minimal;odata.streaming=true;IEEE754Compatible=false;charset=utf-8'), (b'Date', b'Mon, 22 Sep 2025 09:24:26 GMT'), (b'Server', b'Microsoft-IIS/10.0'), (b'Access-Control-Allow-Headers', b'Accept, Origin, Content-Type, MaxDataServiceVersion'), (b'Access-Control-Allow-Methods', b'GET'), (b'Access-Control-Allow-Origin', b'*'), (b'Access-Control-Expose-Headers', b'DataServiceVersion'), (b'Cache-Control', b'private'), (b'Content-Encoding', b'gzip'), (b'Expires', b'Mon, 22 Sep 2025 09:24:47 GMT'), (b'Vary', b'*'), (b'X-Content-Type-Options', b'nosniff'), (b'OData-Version', b'4.0;'), (b'X-AspNet-Version', b'4.0.30319'), (b'X-Powered-By', b'ASP.NET')])
2025-09-22 14:54:24,604 - httpx - INFO - _send_single_request:1740 - HTTP Request: GET https://services.odata.org/V4/Northwind/Northwind.svc/Sales_Totals_by_Amounts?%24skip=0&%24top=1500 "HTTP/1.1 200 OK"
2025-09-22 14:54:24,604 - httpcore.http11 - DEBUG - atrace:87 - receive_response_body.started request=<Request [b'GET']>
2025-09-22 14:54:24,604 - httpcore.http11 - DEBUG - atrace:87 - receive_response_body.complete
2025-09-22 14:54:24,604 - httpcore.http11 - DEBUG - atrace:87 - response_closed.started
2025-09-22 14:54:24,604 - httpcore.http11 - DEBUG - atrace:87 - response_closed.complete
2025-09-22 14:54:24,604 - workers.proxy_pool - INFO - _make_http_request:189 - [2m2025-09-22T09:24:24.604631Z[0m [[32m[1minfo     [0m] [1m📊 Worker successfully fetched data[0m [[0m[1m[34mworkers.proxy_pool[0m][0m [36mcommand_id[0m=[35mSales_Totals_by_Amounts_page_1[0m [36mentity[0m=[35mSales_Totals_by_Amounts[0m [36mhas_next_page[0m=[35mFalse[0m [36mrecords_in_response[0m=[35m66[0m [36mworker_id[0m=[35mworker_2[0m
2025-09-22 14:54:24,609 - workers.proxy_pool - INFO - execute:102 - [2m2025-09-22T09:24:24.609374Z[0m [[32m[1minfo     [0m] [1m✅ Worker completed command successfully[0m [[0m[1m[34mworkers.proxy_pool[0m][0m [36mcommand_id[0m=[35mSales_Totals_by_Amounts_page_1[0m [36mentity[0m=[35mSales_Totals_by_Amounts[0m [36mexecution_time_seconds[0m=[35m0.25[0m [36mhas_next_page[0m=[35mFalse[0m [36mrecords_fetched[0m=[35m66[0m [36mworker_id[0m=[35mworker_2[0m
2025-09-22 14:54:24,609 - workers.proxy_pool - INFO - _worker_loop:396 - [2m2025-09-22T09:24:24.609891Z[0m [[32m[1minfo     [0m] [1m📋 Worker picked up command from queue[0m [[0m[1m[34mworkers.proxy_pool[0m][0m [36mcommand_id[0m=[35mSummary_of_Sales_by_Years_page_1[0m [36mentity[0m=[35mSummary_of_Sales_by_Years[0m [36mqueue_size_after_pickup[0m=[35m0[0m [36mworker_id[0m=[35mworker_2[0m [36mworker_status[0m=[35mPROCESSING[0m
2025-09-22 14:54:24,609 - workers.proxy_pool - INFO - execute:51 - [2m2025-09-22T09:24:24.609891Z[0m [[32m[1minfo     [0m] [1m🚀 Worker starting command execution[0m [[0m[1m[34mworkers.proxy_pool[0m][0m [36mcommand_id[0m=[35mSummary_of_Sales_by_Years_page_1[0m [36mcommand_type[0m=[35mfetch_page[0m [36mentity[0m=[35mSummary_of_Sales_by_Years[0m [36mpriority[0m=[35m1[0m [36mretry_count[0m=[35m0[0m [36mskip[0m=[35m0[0m [36mtop[0m=[35m1500[0m [36mworker_id[0m=[35mworker_2[0m
2025-09-22 14:54:24,609 - workers.proxy_pool - INFO - execute:74 - [2m2025-09-22T09:24:24.609891Z[0m [[32m[1minfo     [0m] [1m🔄 Worker executing request with resilience patterns[0m [[0m[1m[34mworkers.proxy_pool[0m][0m [36mcircuit_breaker_state[0m=[35mclosed[0m [36mcommand_id[0m=[35mSummary_of_Sales_by_Years_page_1[0m [36mworker_id[0m=[35mworker_2[0m
2025-09-22 14:54:24,609 - httpcore.http11 - DEBUG - atrace:87 - send_request_headers.started request=<Request [b'GET']>
2025-09-22 14:54:24,609 - httpcore.http11 - DEBUG - atrace:87 - send_request_headers.complete
2025-09-22 14:54:24,609 - httpcore.http11 - DEBUG - atrace:87 - send_request_body.started request=<Request [b'GET']>
2025-09-22 14:54:24,609 - httpcore.http11 - DEBUG - atrace:87 - send_request_body.complete
2025-09-22 14:54:24,609 - httpcore.http11 - DEBUG - atrace:87 - receive_response_headers.started request=<Request [b'GET']>
2025-09-22 14:54:25,366 - httpcore.http11 - DEBUG - atrace:87 - receive_response_headers.complete return_value=(b'HTTP/1.1', 200, b'OK', [(b'Content-Type', b'application/json;odata.metadata=minimal;odata.streaming=true;IEEE754Compatible=false;charset=utf-8'), (b'Date', b'Mon, 22 Sep 2025 09:24:26 GMT'), (b'Server', b'Microsoft-IIS/10.0'), (b'Access-Control-Allow-Headers', b'Accept, Origin, Content-Type, MaxDataServiceVersion'), (b'Access-Control-Allow-Methods', b'GET'), (b'Access-Control-Allow-Origin', b'*'), (b'Access-Control-Expose-Headers', b'DataServiceVersion'), (b'Cache-Control', b'private'), (b'Content-Encoding', b'gzip'), (b'Expires', b'Mon, 22 Sep 2025 09:24:47 GMT'), (b'Transfer-Encoding', b'chunked'), (b'Vary', b'*'), (b'X-Content-Type-Options', b'nosniff'), (b'OData-Version', b'4.0;'), (b'X-AspNet-Version', b'4.0.30319'), (b'X-Powered-By', b'ASP.NET')])
2025-09-22 14:54:25,366 - httpx - INFO - _send_single_request:1740 - HTTP Request: GET https://services.odata.org/V4/Northwind/Northwind.svc/Categories?%24skip=0&%24top=1500 "HTTP/1.1 200 OK"
2025-09-22 14:54:25,366 - httpcore.http11 - DEBUG - atrace:87 - receive_response_body.started request=<Request [b'GET']>
2025-09-22 14:54:25,368 - httpcore.http11 - DEBUG - atrace:87 - receive_response_headers.complete return_value=(b'HTTP/1.1', 200, b'OK', [(b'Content-Length', b'2134'), (b'Content-Type', b'application/json;odata.metadata=minimal;odata.streaming=true;IEEE754Compatible=false;charset=utf-8'), (b'Date', b'Mon, 22 Sep 2025 09:24:26 GMT'), (b'Server', b'Microsoft-IIS/10.0'), (b'Access-Control-Allow-Headers', b'Accept, Origin, Content-Type, MaxDataServiceVersion'), (b'Access-Control-Allow-Methods', b'GET'), (b'Access-Control-Allow-Origin', b'*'), (b'Access-Control-Expose-Headers', b'DataServiceVersion'), (b'Cache-Control', b'private'), (b'Content-Encoding', b'gzip'), (b'Expires', b'Mon, 22 Sep 2025 09:24:48 GMT'), (b'Vary', b'*'), (b'X-Content-Type-Options', b'nosniff'), (b'OData-Version', b'4.0;'), (b'X-AspNet-Version', b'4.0.30319'), (b'X-Powered-By', b'ASP.NET')])
2025-09-22 14:54:25,369 - httpx - INFO - _send_single_request:1740 - HTTP Request: GET https://services.odata.org/V4/Northwind/Northwind.svc/Product_Sales_for_1997?%24skip=0&%24top=1500 "HTTP/1.1 200 OK"
2025-09-22 14:54:25,369 - httpcore.http11 - DEBUG - atrace:87 - receive_response_body.started request=<Request [b'GET']>
2025-09-22 14:54:25,369 - httpcore.http11 - DEBUG - atrace:87 - receive_response_body.complete
2025-09-22 14:54:25,369 - httpcore.http11 - DEBUG - atrace:87 - response_closed.started
2025-09-22 14:54:25,371 - httpcore.http11 - DEBUG - atrace:87 - response_closed.complete
2025-09-22 14:54:25,371 - workers.proxy_pool - INFO - _make_http_request:189 - [2m2025-09-22T09:24:25.371932Z[0m [[32m[1minfo     [0m] [1m📊 Worker successfully fetched data[0m [[0m[1m[34mworkers.proxy_pool[0m][0m [36mcommand_id[0m=[35mProduct_Sales_for_1997_page_1[0m [36mentity[0m=[35mProduct_Sales_for_1997[0m [36mhas_next_page[0m=[35mFalse[0m [36mrecords_in_response[0m=[35m77[0m [36mworker_id[0m=[35mworker_0[0m
2025-09-22 14:54:25,372 - workers.proxy_pool - INFO - execute:102 - [2m2025-09-22T09:24:25.372497Z[0m [[32m[1minfo     [0m] [1m✅ Worker completed command successfully[0m [[0m[1m[34mworkers.proxy_pool[0m][0m [36mcommand_id[0m=[35mProduct_Sales_for_1997_page_1[0m [36mentity[0m=[35mProduct_Sales_for_1997[0m [36mexecution_time_seconds[0m=[35m0.8[0m [36mhas_next_page[0m=[35mFalse[0m [36mrecords_fetched[0m=[35m77[0m [36mworker_id[0m=[35mworker_0[0m
2025-09-22 14:54:25,373 - httpcore.http11 - DEBUG - atrace:87 - receive_response_headers.complete return_value=(b'HTTP/1.1', 200, b'OK', [(b'Content-Length', b'1594'), (b'Content-Type', b'application/json;odata.metadata=minimal;odata.streaming=true;IEEE754Compatible=false;charset=utf-8'), (b'Date', b'Mon, 22 Sep 2025 09:24:26 GMT'), (b'Server', b'Microsoft-IIS/10.0'), (b'Access-Control-Allow-Headers', b'Accept, Origin, Content-Type, MaxDataServiceVersion'), (b'Access-Control-Allow-Methods', b'GET'), (b'Access-Control-Allow-Origin', b'*'), (b'Access-Control-Expose-Headers', b'DataServiceVersion'), (b'Cache-Control', b'private'), (b'Content-Encoding', b'gzip'), (b'Expires', b'Mon, 22 Sep 2025 09:24:51 GMT'), (b'Vary', b'*'), (b'X-Content-Type-Options', b'nosniff'), (b'OData-Version', b'4.0;'), (b'X-AspNet-Version', b'4.0.30319'), (b'X-Powered-By', b'ASP.NET')])
2025-09-22 14:54:25,374 - httpx - INFO - _send_single_request:1740 - HTTP Request: GET https://services.odata.org/V4/Northwind/Northwind.svc/Summary_of_Sales_by_Years?%24skip=0&%24top=1500 "HTTP/1.1 200 OK"
2025-09-22 14:54:25,374 - httpcore.http11 - DEBUG - atrace:87 - receive_response_body.started request=<Request [b'GET']>
2025-09-22 14:54:25,374 - httpcore.http11 - DEBUG - atrace:87 - receive_response_body.complete
2025-09-22 14:54:25,374 - httpcore.http11 - DEBUG - atrace:87 - response_closed.started
2025-09-22 14:54:25,375 - httpcore.http11 - DEBUG - atrace:87 - response_closed.complete
2025-09-22 14:54:25,375 - workers.proxy_pool - INFO - _make_http_request:189 - [2m2025-09-22T09:24:25.375848Z[0m [[32m[1minfo     [0m] [1m📊 Worker successfully fetched data[0m [[0m[1m[34mworkers.proxy_pool[0m][0m [36mcommand_id[0m=[35mSummary_of_Sales_by_Years_page_1[0m [36mentity[0m=[35mSummary_of_Sales_by_Years[0m [36mhas_next_page[0m=[35mTrue[0m [36mrecords_in_response[0m=[35m100[0m [36mworker_id[0m=[35mworker_2[0m
2025-09-22 14:54:25,376 - workers.proxy_pool - INFO - execute:102 - [2m2025-09-22T09:24:25.376397Z[0m [[32m[1minfo     [0m] [1m✅ Worker completed command successfully[0m [[0m[1m[34mworkers.proxy_pool[0m][0m [36mcommand_id[0m=[35mSummary_of_Sales_by_Years_page_1[0m [36mentity[0m=[35mSummary_of_Sales_by_Years[0m [36mexecution_time_seconds[0m=[35m0.77[0m [36mhas_next_page[0m=[35mTrue[0m [36mrecords_fetched[0m=[35m100[0m [36mworker_id[0m=[35mworker_2[0m
2025-09-22 14:54:25,596 - httpcore.http11 - DEBUG - atrace:87 - receive_response_body.complete
2025-09-22 14:54:25,600 - httpcore.http11 - DEBUG - atrace:87 - response_closed.started
2025-09-22 14:54:25,600 - httpcore.http11 - DEBUG - atrace:87 - response_closed.complete
2025-09-22 14:54:25,600 - workers.proxy_pool - INFO - _make_http_request:189 - [2m2025-09-22T09:24:25.600899Z[0m [[32m[1minfo     [0m] [1m📊 Worker successfully fetched data[0m [[0m[1m[34mworkers.proxy_pool[0m][0m [36mcommand_id[0m=[35mCategories_page_1[0m [36mentity[0m=[35mCategories[0m [36mhas_next_page[0m=[35mFalse[0m [36mrecords_in_response[0m=[35m8[0m [36mworker_id[0m=[35mworker_1[0m
2025-09-22 14:54:25,600 - workers.proxy_pool - INFO - execute:102 - [2m2025-09-22T09:24:25.600899Z[0m [[32m[1minfo     [0m] [1m✅ Worker completed command successfully[0m [[0m[1m[34mworkers.proxy_pool[0m][0m [36mcommand_id[0m=[35mCategories_page_1[0m [36mentity[0m=[35mCategories[0m [36mexecution_time_seconds[0m=[35m1.17[0m [36mhas_next_page[0m=[35mFalse[0m [36mrecords_fetched[0m=[35m8[0m [36mworker_id[0m=[35mworker_1[0m
2025-09-22 14:54:27,394 - odc.connector - INFO - _execution_phase:232 - [2m2025-09-22T09:24:27.394651Z[0m [[32m[1minfo     [0m] [1mExecution phase completed     [0m [[0m[1m[34modc.connector[0m][0m
2025-09-22 14:54:27,394 - odc.connector - INFO - _completion_phase:267 - [2m2025-09-22T09:24:27.394651Z[0m [[32m[1minfo     [0m] [1mStarting completion phase     [0m [[0m[1m[34modc.connector[0m][0m
2025-09-22 14:54:27,394 - workers.proxy_pool - INFO - stop:333 - [2m2025-09-22T09:24:27.394651Z[0m [[32m[1minfo     [0m] [1mStopping proxy pool           [0m [[0m[1m[34mworkers.proxy_pool[0m][0m
2025-09-22 14:54:27,394 - workers.proxy_pool - INFO - _worker_loop:425 - [2m2025-09-22T09:24:27.394651Z[0m [[32m[1minfo     [0m] [1m🛑 Worker cancelled            [0m [[0m[1m[34mworkers.proxy_pool[0m][0m [36mworker_id[0m=[35mworker_0[0m [36mworker_status[0m=[35mCANCELLED[0m
2025-09-22 14:54:27,394 - workers.proxy_pool - INFO - _worker_loop:439 - [2m2025-09-22T09:24:27.394651Z[0m [[32m[1minfo     [0m] [1m🔴 Worker stopped              [0m [[0m[1m[34mworkers.proxy_pool[0m][0m [36mfinal_stats[0m=[35m{'requests_processed': 5, 'requests_failed': 0, 'requests_retried': 0}[0m [36mworker_id[0m=[35mworker_0[0m [36mworker_status[0m=[35mSTOPPED[0m
2025-09-22 14:54:27,394 - workers.proxy_pool - INFO - _worker_loop:425 - [2m2025-09-22T09:24:27.394651Z[0m [[32m[1minfo     [0m] [1m🛑 Worker cancelled            [0m [[0m[1m[34mworkers.proxy_pool[0m][0m [36mworker_id[0m=[35mworker_1[0m [36mworker_status[0m=[35mCANCELLED[0m
2025-09-22 14:54:27,394 - workers.proxy_pool - INFO - _worker_loop:439 - [2m2025-09-22T09:24:27.394651Z[0m [[32m[1minfo     [0m] [1m🔴 Worker stopped              [0m [[0m[1m[34mworkers.proxy_pool[0m][0m [36mfinal_stats[0m=[35m{'requests_processed': 11, 'requests_failed': 0, 'requests_retried': 0}[0m [36mworker_id[0m=[35mworker_1[0m [36mworker_status[0m=[35mSTOPPED[0m
2025-09-22 14:54:27,394 - workers.proxy_pool - INFO - _worker_loop:425 - [2m2025-09-22T09:24:27.394651Z[0m [[32m[1minfo     [0m] [1m🛑 Worker cancelled            [0m [[0m[1m[34mworkers.proxy_pool[0m][0m [36mworker_id[0m=[35mworker_2[0m [36mworker_status[0m=[35mCANCELLED[0m
2025-09-22 14:54:27,399 - workers.proxy_pool - INFO - _worker_loop:439 - [2m2025-09-22T09:24:27.394651Z[0m [[32m[1minfo     [0m] [1m🔴 Worker stopped              [0m [[0m[1m[34mworkers.proxy_pool[0m][0m [36mfinal_stats[0m=[35m{'requests_processed': 12, 'requests_failed': 0, 'requests_retried': 0}[0m [36mworker_id[0m=[35mworker_2[0m [36mworker_status[0m=[35mSTOPPED[0m
2025-09-22 14:54:27,399 - httpcore.connection - DEBUG - atrace:87 - close.started
2025-09-22 14:54:27,399 - httpcore.connection - DEBUG - atrace:87 - close.complete
2025-09-22 14:54:27,399 - httpcore.connection - DEBUG - atrace:87 - close.started
2025-09-22 14:54:27,399 - httpcore.connection - DEBUG - atrace:87 - close.complete
2025-09-22 14:54:27,399 - httpcore.connection - DEBUG - atrace:87 - close.started
2025-09-22 14:54:27,399 - httpcore.connection - DEBUG - atrace:87 - close.complete
2025-09-22 14:54:27,401 - workers.proxy_pool - INFO - stop:351 - [2m2025-09-22T09:24:27.399986Z[0m [[32m[1minfo     [0m] [1mProxy pool stopped            [0m [[0m[1m[34mworkers.proxy_pool[0m][0m
2025-09-22 14:54:27,401 - odc.connector - INFO - run:169 - [2m2025-09-22T09:24:27.401983Z[0m [[32m[1minfo     [0m] [1mConnector execution completed successfully[0m [[0m[1m[34modc.connector[0m][0m [36mduration[0m=[35m10.874549[0m [36mentities_processed[0m=[35m0[0m [36mrecords_processed[0m=[35m0[0m
2025-09-22 14:54:27,401 - odc.connector - INFO - _cleanup:410 - [2m2025-09-22T09:24:27.401983Z[0m [[32m[1minfo     [0m] [1mCleaning up connector resources[0m [[0m[1m[34modc.connector[0m][0m
2025-09-22 14:54:27,441 - odc.connector - INFO - _push_metrics_to_gateway:402 - [2m2025-09-22T09:24:27.441937Z[0m [[32m[1minfo     [0m] [1mMetrics pushed to Prometheus Push Gateway successfully.[0m [[0m[1m[34modc.connector[0m][0m
