2025-09-22 14:52:00,005 - logging_config - INFO - setup_connector_logging:106 - [2m2025-09-22T09:22:00.004465Z[0m [[32m[1minfo     [0m] [1mSAP OData Connector logging configured[0m [[0m[1m[34mlogging_config[0m][0m [36mlog_file[0m=[35mlogs\sap_odata_connector_20250922_145200.log[0m [36mlog_level[0m=[35mINFO[0m [36mlog_to_file[0m=[35mTrue[0m
2025-09-22 14:52:01,081 - asyncio - DEBUG - __init__:634 - Using proactor: IocpProactor
2025-09-22 14:52:01,081 - odc.connector - INFO - initialize:98 - [2m2025-09-22T09:22:01.081642Z[0m [[32m[1minfo     [0m] [1mInitializing SAP OData Connector[0m [[0m[1m[34modc.connector[0m][0m
2025-09-22 14:52:01,090 - odc.connector - INFO - initialize:124 - [2m2025-09-22T09:22:01.090111Z[0m [[32m[1minfo     [0m] [1mConnector initialization completed[0m [[0m[1m[34modc.connector[0m][0m
2025-09-22 14:52:01,090 - odc.connector - INFO - run:152 - [2m2025-09-22T09:22:01.090111Z[0m [[32m[1minfo     [0m] [1mStarting SAP OData connector execution[0m [[0m[1m[34modc.connector[0m][0m
2025-09-22 14:52:01,091 - odc.connector - INFO - _discovery_phase:187 - [2m2025-09-22T09:22:01.091453Z[0m [[32m[1minfo     [0m] [1mStarting discovery phase      [0m [[0m[1m[34modc.connector[0m][0m
2025-09-22 14:52:01,694 - services.metadata - INFO - fetch_metadata:64 - [2m2025-09-22T09:22:01.693503Z[0m [[32m[1minfo     [0m] [1mFetching metadata from OData service[0m [[0m[1m[34mservices.metadata[0m][0m [36murl[0m=[35mhttps://services.odata.org/V4/Northwind/Northwind.svc/$metadata[0m
2025-09-22 14:52:01,701 - httpcore.connection - DEBUG - atrace:87 - connect_tcp.started host='services.odata.org' port=443 local_address=None timeout=30 socket_options=None
2025-09-22 14:52:02,005 - httpcore.connection - DEBUG - atrace:87 - connect_tcp.complete return_value=<httpcore._backends.anyio.AnyIOStream object at 0x000001904FE335F0>
2025-09-22 14:52:02,005 - httpcore.connection - DEBUG - atrace:87 - start_tls.started ssl_context=<ssl.SSLContext object at 0x00000190513DCCD0> server_hostname='services.odata.org' timeout=30
2025-09-22 14:52:02,500 - httpcore.connection - DEBUG - atrace:87 - start_tls.complete return_value=<httpcore._backends.anyio.AnyIOStream object at 0x0000019051100CB0>
2025-09-22 14:52:02,500 - httpcore.http11 - DEBUG - atrace:87 - send_request_headers.started request=<Request [b'GET']>
2025-09-22 14:52:02,500 - httpcore.http11 - DEBUG - atrace:87 - send_request_headers.complete
2025-09-22 14:52:02,502 - httpcore.http11 - DEBUG - atrace:87 - send_request_body.started request=<Request [b'GET']>
2025-09-22 14:52:02,502 - httpcore.http11 - DEBUG - atrace:87 - send_request_body.complete
2025-09-22 14:52:02,502 - httpcore.http11 - DEBUG - atrace:87 - receive_response_headers.started request=<Request [b'GET']>
2025-09-22 14:52:02,744 - httpcore.http11 - DEBUG - atrace:87 - receive_response_headers.complete return_value=(b'HTTP/1.1', 200, b'OK', [(b'Content-Length', b'19406'), (b'Content-Type', b'application/xml;charset=utf-8'), (b'Date', b'Mon, 22 Sep 2025 09:22:03 GMT'), (b'Server', b'Microsoft-IIS/10.0'), (b'Access-Control-Allow-Headers', b'Accept, Origin, Content-Type, MaxDataServiceVersion'), (b'Access-Control-Allow-Methods', b'GET'), (b'Access-Control-Allow-Origin', b'*'), (b'Access-Control-Expose-Headers', b'DataServiceVersion'), (b'Cache-Control', b'private'), (b'Expires', b'Mon, 22 Sep 2025 09:23:04 GMT'), (b'Vary', b'*'), (b'X-Content-Type-Options', b'nosniff'), (b'OData-Version', b'4.0;'), (b'X-AspNet-Version', b'4.0.30319'), (b'X-Powered-By', b'ASP.NET')])
2025-09-22 14:52:02,744 - httpx - INFO - _send_single_request:1740 - HTTP Request: GET https://services.odata.org/V4/Northwind/Northwind.svc/$metadata "HTTP/1.1 200 OK"
2025-09-22 14:52:02,746 - httpcore.http11 - DEBUG - atrace:87 - receive_response_body.started request=<Request [b'GET']>
2025-09-22 14:52:02,974 - httpcore.http11 - DEBUG - atrace:87 - receive_response_body.complete
2025-09-22 14:52:02,974 - httpcore.http11 - DEBUG - atrace:87 - response_closed.started
2025-09-22 14:52:02,974 - httpcore.http11 - DEBUG - atrace:87 - response_closed.complete
2025-09-22 14:52:02,977 - services.metadata - INFO - fetch_metadata:82 - [2m2025-09-22T09:22:02.977160Z[0m [[32m[1minfo     [0m] [1mSuccessfully parsed metadata  [0m [[0m[1m[34mservices.metadata[0m][0m [36mentity_count[0m=[35m26[0m
2025-09-22 14:52:02,977 - httpcore.connection - DEBUG - atrace:87 - close.started
2025-09-22 14:52:02,977 - httpcore.connection - DEBUG - atrace:87 - close.complete
2025-09-22 14:52:03,373 - services.count - INFO - get_entity_counts:34 - [2m2025-09-22T09:22:03.373693Z[0m [[32m[1minfo     [0m] [1mFetching entity counts        [0m [[0m[1m[34mservices.count[0m][0m [36mentity_count[0m=[35m26[0m
2025-09-22 14:52:03,379 - httpcore.connection - DEBUG - atrace:87 - connect_tcp.started host='services.odata.org' port=443 local_address=None timeout=30 socket_options=None
2025-09-22 14:52:03,379 - httpcore.connection - DEBUG - atrace:87 - connect_tcp.started host='services.odata.org' port=443 local_address=None timeout=30 socket_options=None
2025-09-22 14:52:03,379 - httpcore.connection - DEBUG - atrace:87 - connect_tcp.started host='services.odata.org' port=443 local_address=None timeout=30 socket_options=None
2025-09-22 14:52:03,384 - httpcore.connection - DEBUG - atrace:87 - connect_tcp.started host='services.odata.org' port=443 local_address=None timeout=30 socket_options=None
2025-09-22 14:52:03,386 - httpcore.connection - DEBUG - atrace:87 - connect_tcp.started host='services.odata.org' port=443 local_address=None timeout=30 socket_options=None
2025-09-22 14:52:03,386 - httpcore.connection - DEBUG - atrace:87 - connect_tcp.started host='services.odata.org' port=443 local_address=None timeout=30 socket_options=None
2025-09-22 14:52:03,387 - httpcore.connection - DEBUG - atrace:87 - connect_tcp.started host='services.odata.org' port=443 local_address=None timeout=30 socket_options=None
2025-09-22 14:52:03,387 - httpcore.connection - DEBUG - atrace:87 - connect_tcp.started host='services.odata.org' port=443 local_address=None timeout=30 socket_options=None
2025-09-22 14:52:03,388 - httpcore.connection - DEBUG - atrace:87 - connect_tcp.started host='services.odata.org' port=443 local_address=None timeout=30 socket_options=None
2025-09-22 14:52:03,390 - httpcore.connection - DEBUG - atrace:87 - connect_tcp.started host='services.odata.org' port=443 local_address=None timeout=30 socket_options=None
2025-09-22 14:52:03,391 - httpcore.connection - DEBUG - atrace:87 - connect_tcp.started host='services.odata.org' port=443 local_address=None timeout=30 socket_options=None
2025-09-22 14:52:03,392 - httpcore.connection - DEBUG - atrace:87 - connect_tcp.started host='services.odata.org' port=443 local_address=None timeout=30 socket_options=None
2025-09-22 14:52:03,392 - httpcore.connection - DEBUG - atrace:87 - connect_tcp.started host='services.odata.org' port=443 local_address=None timeout=30 socket_options=None
2025-09-22 14:52:03,393 - httpcore.connection - DEBUG - atrace:87 - connect_tcp.started host='services.odata.org' port=443 local_address=None timeout=30 socket_options=None
2025-09-22 14:52:03,394 - httpcore.connection - DEBUG - atrace:87 - connect_tcp.started host='services.odata.org' port=443 local_address=None timeout=30 socket_options=None
2025-09-22 14:52:03,394 - httpcore.connection - DEBUG - atrace:87 - connect_tcp.started host='services.odata.org' port=443 local_address=None timeout=30 socket_options=None
2025-09-22 14:52:03,395 - httpcore.connection - DEBUG - atrace:87 - connect_tcp.started host='services.odata.org' port=443 local_address=None timeout=30 socket_options=None
2025-09-22 14:52:03,396 - httpcore.connection - DEBUG - atrace:87 - connect_tcp.started host='services.odata.org' port=443 local_address=None timeout=30 socket_options=None
2025-09-22 14:52:03,396 - httpcore.connection - DEBUG - atrace:87 - connect_tcp.started host='services.odata.org' port=443 local_address=None timeout=30 socket_options=None
2025-09-22 14:52:03,396 - httpcore.connection - DEBUG - atrace:87 - connect_tcp.started host='services.odata.org' port=443 local_address=None timeout=30 socket_options=None
2025-09-22 14:52:03,398 - httpcore.connection - DEBUG - atrace:87 - connect_tcp.started host='services.odata.org' port=443 local_address=None timeout=30 socket_options=None
2025-09-22 14:52:03,398 - httpcore.connection - DEBUG - atrace:87 - connect_tcp.started host='services.odata.org' port=443 local_address=None timeout=30 socket_options=None
2025-09-22 14:52:03,398 - httpcore.connection - DEBUG - atrace:87 - connect_tcp.started host='services.odata.org' port=443 local_address=None timeout=30 socket_options=None
2025-09-22 14:52:03,399 - httpcore.connection - DEBUG - atrace:87 - connect_tcp.started host='services.odata.org' port=443 local_address=None timeout=30 socket_options=None
2025-09-22 14:52:03,399 - httpcore.connection - DEBUG - atrace:87 - connect_tcp.started host='services.odata.org' port=443 local_address=None timeout=30 socket_options=None
2025-09-22 14:52:03,400 - httpcore.connection - DEBUG - atrace:87 - connect_tcp.started host='services.odata.org' port=443 local_address=None timeout=30 socket_options=None
2025-09-22 14:52:03,656 - httpcore.connection - DEBUG - atrace:87 - connect_tcp.complete return_value=<httpcore._backends.anyio.AnyIOStream object at 0x00000190514AE5A0>
2025-09-22 14:52:03,656 - httpcore.connection - DEBUG - atrace:87 - start_tls.started ssl_context=<ssl.SSLContext object at 0x00000190513DEDD0> server_hostname='services.odata.org' timeout=30
2025-09-22 14:52:03,656 - httpcore.connection - DEBUG - atrace:87 - connect_tcp.complete return_value=<httpcore._backends.anyio.AnyIOStream object at 0x00000190514CCF50>
2025-09-22 14:52:03,656 - httpcore.connection - DEBUG - atrace:87 - start_tls.started ssl_context=<ssl.SSLContext object at 0x00000190513DEDD0> server_hostname='services.odata.org' timeout=30
2025-09-22 14:52:03,656 - httpcore.connection - DEBUG - atrace:87 - connect_tcp.complete return_value=<httpcore._backends.anyio.AnyIOStream object at 0x00000190514CD430>
2025-09-22 14:52:03,656 - httpcore.connection - DEBUG - atrace:87 - start_tls.started ssl_context=<ssl.SSLContext object at 0x00000190513DEDD0> server_hostname='services.odata.org' timeout=30
2025-09-22 14:52:03,656 - httpcore.connection - DEBUG - atrace:87 - connect_tcp.complete return_value=<httpcore._backends.anyio.AnyIOStream object at 0x00000190514CDA30>
2025-09-22 14:52:03,656 - httpcore.connection - DEBUG - atrace:87 - start_tls.started ssl_context=<ssl.SSLContext object at 0x00000190513DEDD0> server_hostname='services.odata.org' timeout=30
2025-09-22 14:52:03,659 - httpcore.connection - DEBUG - atrace:87 - connect_tcp.complete return_value=<httpcore._backends.anyio.AnyIOStream object at 0x00000190514A3D10>
2025-09-22 14:52:03,659 - httpcore.connection - DEBUG - atrace:87 - start_tls.started ssl_context=<ssl.SSLContext object at 0x00000190513DEDD0> server_hostname='services.odata.org' timeout=30
2025-09-22 14:52:03,659 - httpcore.connection - DEBUG - atrace:87 - connect_tcp.complete return_value=<httpcore._backends.anyio.AnyIOStream object at 0x00000190514CD730>
2025-09-22 14:52:03,659 - httpcore.connection - DEBUG - atrace:87 - start_tls.started ssl_context=<ssl.SSLContext object at 0x00000190513DEDD0> server_hostname='services.odata.org' timeout=30
2025-09-22 14:52:03,659 - httpcore.connection - DEBUG - atrace:87 - connect_tcp.complete return_value=<httpcore._backends.anyio.AnyIOStream object at 0x00000190514CFEF0>
2025-09-22 14:52:03,659 - httpcore.connection - DEBUG - atrace:87 - start_tls.started ssl_context=<ssl.SSLContext object at 0x00000190513DEDD0> server_hostname='services.odata.org' timeout=30
2025-09-22 14:52:03,659 - httpcore.connection - DEBUG - atrace:87 - connect_tcp.complete return_value=<httpcore._backends.anyio.AnyIOStream object at 0x0000019051469D90>
2025-09-22 14:52:03,659 - httpcore.connection - DEBUG - atrace:87 - start_tls.started ssl_context=<ssl.SSLContext object at 0x00000190513DEDD0> server_hostname='services.odata.org' timeout=30
2025-09-22 14:52:03,659 - httpcore.connection - DEBUG - atrace:87 - connect_tcp.complete return_value=<httpcore._backends.anyio.AnyIOStream object at 0x00000190514ACB90>
2025-09-22 14:52:03,659 - httpcore.connection - DEBUG - atrace:87 - start_tls.started ssl_context=<ssl.SSLContext object at 0x00000190513DEDD0> server_hostname='services.odata.org' timeout=30
2025-09-22 14:52:03,659 - httpcore.connection - DEBUG - atrace:87 - connect_tcp.complete return_value=<httpcore._backends.anyio.AnyIOStream object at 0x00000190514AD7F0>
2025-09-22 14:52:03,659 - httpcore.connection - DEBUG - atrace:87 - start_tls.started ssl_context=<ssl.SSLContext object at 0x00000190513DEDD0> server_hostname='services.odata.org' timeout=30
2025-09-22 14:52:03,659 - httpcore.connection - DEBUG - atrace:87 - connect_tcp.complete return_value=<httpcore._backends.anyio.AnyIOStream object at 0x00000190514A05F0>
2025-09-22 14:52:03,659 - httpcore.connection - DEBUG - atrace:87 - start_tls.started ssl_context=<ssl.SSLContext object at 0x00000190513DEDD0> server_hostname='services.odata.org' timeout=30
2025-09-22 14:52:03,659 - httpcore.connection - DEBUG - atrace:87 - connect_tcp.complete return_value=<httpcore._backends.anyio.AnyIOStream object at 0x00000190514AC560>
2025-09-22 14:52:03,659 - httpcore.connection - DEBUG - atrace:87 - start_tls.started ssl_context=<ssl.SSLContext object at 0x00000190513DEDD0> server_hostname='services.odata.org' timeout=30
2025-09-22 14:52:03,665 - httpcore.connection - DEBUG - atrace:87 - connect_tcp.complete return_value=<httpcore._backends.anyio.AnyIOStream object at 0x000001905146A630>
2025-09-22 14:52:03,665 - httpcore.connection - DEBUG - atrace:87 - start_tls.started ssl_context=<ssl.SSLContext object at 0x00000190513DEDD0> server_hostname='services.odata.org' timeout=30
2025-09-22 14:52:03,665 - httpcore.connection - DEBUG - atrace:87 - connect_tcp.complete return_value=<httpcore._backends.anyio.AnyIOStream object at 0x00000190514A1940>
2025-09-22 14:52:03,665 - httpcore.connection - DEBUG - atrace:87 - start_tls.started ssl_context=<ssl.SSLContext object at 0x00000190513DEDD0> server_hostname='services.odata.org' timeout=30
2025-09-22 14:52:03,668 - httpcore.connection - DEBUG - atrace:87 - connect_tcp.complete return_value=<httpcore._backends.anyio.AnyIOStream object at 0x00000190514ADE80>
2025-09-22 14:52:03,668 - httpcore.connection - DEBUG - atrace:87 - start_tls.started ssl_context=<ssl.SSLContext object at 0x00000190513DEDD0> server_hostname='services.odata.org' timeout=30
2025-09-22 14:52:03,668 - httpcore.connection - DEBUG - atrace:87 - connect_tcp.complete return_value=<httpcore._backends.anyio.AnyIOStream object at 0x00000190514AEB70>
2025-09-22 14:52:03,668 - httpcore.connection - DEBUG - atrace:87 - start_tls.started ssl_context=<ssl.SSLContext object at 0x00000190513DEDD0> server_hostname='services.odata.org' timeout=30
2025-09-22 14:52:03,668 - httpcore.connection - DEBUG - atrace:87 - connect_tcp.complete return_value=<httpcore._backends.anyio.AnyIOStream object at 0x00000190514AF200>
2025-09-22 14:52:03,668 - httpcore.connection - DEBUG - atrace:87 - start_tls.started ssl_context=<ssl.SSLContext object at 0x00000190513DEDD0> server_hostname='services.odata.org' timeout=30
2025-09-22 14:52:03,668 - httpcore.connection - DEBUG - atrace:87 - connect_tcp.complete return_value=<httpcore._backends.anyio.AnyIOStream object at 0x00000190514AF890>
2025-09-22 14:52:03,668 - httpcore.connection - DEBUG - atrace:87 - start_tls.started ssl_context=<ssl.SSLContext object at 0x00000190513DEDD0> server_hostname='services.odata.org' timeout=30
2025-09-22 14:52:03,668 - httpcore.connection - DEBUG - atrace:87 - connect_tcp.complete return_value=<httpcore._backends.anyio.AnyIOStream object at 0x00000190514A2DB0>
2025-09-22 14:52:03,668 - httpcore.connection - DEBUG - atrace:87 - start_tls.started ssl_context=<ssl.SSLContext object at 0x00000190513DEDD0> server_hostname='services.odata.org' timeout=30
2025-09-22 14:52:03,670 - httpcore.connection - DEBUG - atrace:87 - connect_tcp.complete return_value=<httpcore._backends.anyio.AnyIOStream object at 0x00000190514AD190>
2025-09-22 14:52:03,670 - httpcore.connection - DEBUG - atrace:87 - start_tls.started ssl_context=<ssl.SSLContext object at 0x00000190513DEDD0> server_hostname='services.odata.org' timeout=30
2025-09-22 14:52:03,670 - httpcore.connection - DEBUG - atrace:87 - connect_tcp.complete return_value=<httpcore._backends.anyio.AnyIOStream object at 0x00000190514A0C50>
2025-09-22 14:52:03,670 - httpcore.connection - DEBUG - atrace:87 - start_tls.started ssl_context=<ssl.SSLContext object at 0x00000190513DEDD0> server_hostname='services.odata.org' timeout=30
2025-09-22 14:52:03,670 - httpcore.connection - DEBUG - atrace:87 - connect_tcp.complete return_value=<httpcore._backends.anyio.AnyIOStream object at 0x00000190514AFF20>
2025-09-22 14:52:03,670 - httpcore.connection - DEBUG - atrace:87 - start_tls.started ssl_context=<ssl.SSLContext object at 0x00000190513DEDD0> server_hostname='services.odata.org' timeout=30
2025-09-22 14:52:03,670 - httpcore.connection - DEBUG - atrace:87 - connect_tcp.complete return_value=<httpcore._backends.anyio.AnyIOStream object at 0x00000190514A2DE0>
2025-09-22 14:52:03,670 - httpcore.connection - DEBUG - atrace:87 - start_tls.started ssl_context=<ssl.SSLContext object at 0x00000190513DEDD0> server_hostname='services.odata.org' timeout=30
2025-09-22 14:52:03,670 - httpcore.connection - DEBUG - atrace:87 - connect_tcp.complete return_value=<httpcore._backends.anyio.AnyIOStream object at 0x00000190514A1FD0>
2025-09-22 14:52:03,670 - httpcore.connection - DEBUG - atrace:87 - start_tls.started ssl_context=<ssl.SSLContext object at 0x00000190513DEDD0> server_hostname='services.odata.org' timeout=30
2025-09-22 14:52:03,670 - httpcore.connection - DEBUG - atrace:87 - connect_tcp.complete return_value=<httpcore._backends.anyio.AnyIOStream object at 0x00000190514A2660>
2025-09-22 14:52:03,670 - httpcore.connection - DEBUG - atrace:87 - start_tls.started ssl_context=<ssl.SSLContext object at 0x00000190513DEDD0> server_hostname='services.odata.org' timeout=30
2025-09-22 14:52:03,672 - httpcore.connection - DEBUG - atrace:87 - connect_tcp.complete return_value=<httpcore._backends.anyio.AnyIOStream object at 0x00000190514AE510>
2025-09-22 14:52:03,673 - httpcore.connection - DEBUG - atrace:87 - start_tls.started ssl_context=<ssl.SSLContext object at 0x00000190513DEDD0> server_hostname='services.odata.org' timeout=30
2025-09-22 14:52:04,127 - httpcore.connection - DEBUG - atrace:87 - start_tls.complete return_value=<httpcore._backends.anyio.AnyIOStream object at 0x000001905185C7A0>
2025-09-22 14:52:04,127 - httpcore.http11 - DEBUG - atrace:87 - send_request_headers.started request=<Request [b'GET']>
2025-09-22 14:52:04,140 - httpcore.http11 - DEBUG - atrace:87 - send_request_headers.complete
2025-09-22 14:52:04,140 - httpcore.http11 - DEBUG - atrace:87 - send_request_body.started request=<Request [b'GET']>
2025-09-22 14:52:04,140 - httpcore.http11 - DEBUG - atrace:87 - send_request_body.complete
2025-09-22 14:52:04,140 - httpcore.http11 - DEBUG - atrace:87 - receive_response_headers.started request=<Request [b'GET']>
2025-09-22 14:52:04,140 - httpcore.connection - DEBUG - atrace:87 - start_tls.complete return_value=<httpcore._backends.anyio.AnyIOStream object at 0x000001905185D670>
2025-09-22 14:52:04,140 - httpcore.connection - DEBUG - atrace:87 - start_tls.complete return_value=<httpcore._backends.anyio.AnyIOStream object at 0x000001905185FA10>
2025-09-22 14:52:04,140 - httpcore.connection - DEBUG - atrace:87 - start_tls.complete return_value=<httpcore._backends.anyio.AnyIOStream object at 0x00000190514AC500>
2025-09-22 14:52:04,140 - httpcore.http11 - DEBUG - atrace:87 - send_request_headers.started request=<Request [b'GET']>
2025-09-22 14:52:04,140 - httpcore.http11 - DEBUG - atrace:87 - send_request_headers.started request=<Request [b'GET']>
2025-09-22 14:52:04,140 - httpcore.http11 - DEBUG - atrace:87 - send_request_headers.started request=<Request [b'GET']>
2025-09-22 14:52:04,140 - httpcore.http11 - DEBUG - atrace:87 - send_request_headers.complete
2025-09-22 14:52:04,140 - httpcore.http11 - DEBUG - atrace:87 - send_request_body.started request=<Request [b'GET']>
2025-09-22 14:52:04,140 - httpcore.http11 - DEBUG - atrace:87 - send_request_body.complete
2025-09-22 14:52:04,140 - httpcore.http11 - DEBUG - atrace:87 - receive_response_headers.started request=<Request [b'GET']>
2025-09-22 14:52:04,140 - httpcore.http11 - DEBUG - atrace:87 - send_request_headers.complete
2025-09-22 14:52:04,140 - httpcore.http11 - DEBUG - atrace:87 - send_request_body.started request=<Request [b'GET']>
2025-09-22 14:52:04,140 - httpcore.http11 - DEBUG - atrace:87 - send_request_body.complete
2025-09-22 14:52:04,140 - httpcore.http11 - DEBUG - atrace:87 - receive_response_headers.started request=<Request [b'GET']>
2025-09-22 14:52:04,140 - httpcore.http11 - DEBUG - atrace:87 - send_request_headers.complete
2025-09-22 14:52:04,140 - httpcore.http11 - DEBUG - atrace:87 - send_request_body.started request=<Request [b'GET']>
2025-09-22 14:52:04,140 - httpcore.http11 - DEBUG - atrace:87 - send_request_body.complete
2025-09-22 14:52:04,140 - httpcore.http11 - DEBUG - atrace:87 - receive_response_headers.started request=<Request [b'GET']>
2025-09-22 14:52:04,157 - httpcore.connection - DEBUG - atrace:87 - start_tls.complete return_value=<httpcore._backends.anyio.AnyIOStream object at 0x00000190514A1910>
2025-09-22 14:52:04,158 - httpcore.http11 - DEBUG - atrace:87 - send_request_headers.started request=<Request [b'GET']>
2025-09-22 14:52:04,200 - httpcore.http11 - DEBUG - atrace:87 - send_request_headers.complete
2025-09-22 14:52:04,200 - httpcore.http11 - DEBUG - atrace:87 - send_request_body.started request=<Request [b'GET']>
2025-09-22 14:52:04,200 - httpcore.http11 - DEBUG - atrace:87 - send_request_body.complete
2025-09-22 14:52:04,200 - httpcore.http11 - DEBUG - atrace:87 - receive_response_headers.started request=<Request [b'GET']>
2025-09-22 14:52:04,200 - httpcore.connection - DEBUG - atrace:87 - start_tls.complete return_value=<httpcore._backends.anyio.AnyIOStream object at 0x00000190514ADE50>
2025-09-22 14:52:04,200 - httpcore.connection - DEBUG - atrace:87 - start_tls.complete return_value=<httpcore._backends.anyio.AnyIOStream object at 0x000001905146A5D0>
2025-09-22 14:52:04,200 - httpcore.connection - DEBUG - atrace:87 - start_tls.complete return_value=<httpcore._backends.anyio.AnyIOStream object at 0x00000190514CD850>
2025-09-22 14:52:04,200 - httpcore.connection - DEBUG - atrace:87 - start_tls.complete return_value=<httpcore._backends.anyio.AnyIOStream object at 0x00000190514A0C20>
2025-09-22 14:52:04,200 - httpcore.connection - DEBUG - atrace:87 - start_tls.complete return_value=<httpcore._backends.anyio.AnyIOStream object at 0x00000190514AD160>
2025-09-22 14:52:04,200 - httpcore.connection - DEBUG - atrace:87 - start_tls.complete return_value=<httpcore._backends.anyio.AnyIOStream object at 0x00000190514CC4A0>
2025-09-22 14:52:04,200 - httpcore.connection - DEBUG - atrace:87 - start_tls.complete return_value=<httpcore._backends.anyio.AnyIOStream object at 0x00000190514ACB30>
2025-09-22 14:52:04,202 - httpcore.http11 - DEBUG - atrace:87 - send_request_headers.started request=<Request [b'GET']>
2025-09-22 14:52:04,202 - httpcore.http11 - DEBUG - atrace:87 - send_request_headers.started request=<Request [b'GET']>
2025-09-22 14:52:04,202 - httpcore.http11 - DEBUG - atrace:87 - send_request_headers.started request=<Request [b'GET']>
2025-09-22 14:52:04,202 - httpcore.http11 - DEBUG - atrace:87 - send_request_headers.started request=<Request [b'GET']>
2025-09-22 14:52:04,202 - httpcore.http11 - DEBUG - atrace:87 - send_request_headers.started request=<Request [b'GET']>
2025-09-22 14:52:04,202 - httpcore.http11 - DEBUG - atrace:87 - send_request_headers.started request=<Request [b'GET']>
2025-09-22 14:52:04,202 - httpcore.http11 - DEBUG - atrace:87 - send_request_headers.started request=<Request [b'GET']>
2025-09-22 14:52:04,258 - httpcore.http11 - DEBUG - atrace:87 - send_request_headers.complete
2025-09-22 14:52:04,258 - httpcore.http11 - DEBUG - atrace:87 - send_request_body.started request=<Request [b'GET']>
2025-09-22 14:52:04,258 - httpcore.http11 - DEBUG - atrace:87 - send_request_body.complete
2025-09-22 14:52:04,258 - httpcore.http11 - DEBUG - atrace:87 - receive_response_headers.started request=<Request [b'GET']>
2025-09-22 14:52:04,259 - httpcore.http11 - DEBUG - atrace:87 - send_request_headers.complete
2025-09-22 14:52:04,259 - httpcore.http11 - DEBUG - atrace:87 - send_request_body.started request=<Request [b'GET']>
2025-09-22 14:52:04,259 - httpcore.http11 - DEBUG - atrace:87 - send_request_body.complete
2025-09-22 14:52:04,259 - httpcore.http11 - DEBUG - atrace:87 - receive_response_headers.started request=<Request [b'GET']>
2025-09-22 14:52:04,259 - httpcore.http11 - DEBUG - atrace:87 - send_request_headers.complete
2025-09-22 14:52:04,259 - httpcore.http11 - DEBUG - atrace:87 - send_request_body.started request=<Request [b'GET']>
2025-09-22 14:52:04,259 - httpcore.http11 - DEBUG - atrace:87 - send_request_body.complete
2025-09-22 14:52:04,259 - httpcore.http11 - DEBUG - atrace:87 - receive_response_headers.started request=<Request [b'GET']>
2025-09-22 14:52:04,259 - httpcore.http11 - DEBUG - atrace:87 - send_request_headers.complete
2025-09-22 14:52:04,259 - httpcore.http11 - DEBUG - atrace:87 - send_request_body.started request=<Request [b'GET']>
2025-09-22 14:52:04,259 - httpcore.http11 - DEBUG - atrace:87 - send_request_body.complete
2025-09-22 14:52:04,260 - httpcore.http11 - DEBUG - atrace:87 - receive_response_headers.started request=<Request [b'GET']>
2025-09-22 14:52:04,260 - httpcore.http11 - DEBUG - atrace:87 - send_request_headers.complete
2025-09-22 14:52:04,260 - httpcore.http11 - DEBUG - atrace:87 - send_request_body.started request=<Request [b'GET']>
2025-09-22 14:52:04,260 - httpcore.http11 - DEBUG - atrace:87 - send_request_body.complete
2025-09-22 14:52:04,260 - httpcore.http11 - DEBUG - atrace:87 - receive_response_headers.started request=<Request [b'GET']>
2025-09-22 14:52:04,260 - httpcore.http11 - DEBUG - atrace:87 - send_request_headers.complete
2025-09-22 14:52:04,260 - httpcore.http11 - DEBUG - atrace:87 - send_request_body.started request=<Request [b'GET']>
2025-09-22 14:52:04,260 - httpcore.http11 - DEBUG - atrace:87 - send_request_body.complete
2025-09-22 14:52:04,260 - httpcore.http11 - DEBUG - atrace:87 - receive_response_headers.started request=<Request [b'GET']>
2025-09-22 14:52:04,260 - httpcore.http11 - DEBUG - atrace:87 - send_request_headers.complete
2025-09-22 14:52:04,260 - httpcore.http11 - DEBUG - atrace:87 - send_request_body.started request=<Request [b'GET']>
2025-09-22 14:52:04,260 - httpcore.http11 - DEBUG - atrace:87 - send_request_body.complete
2025-09-22 14:52:04,260 - httpcore.http11 - DEBUG - atrace:87 - receive_response_headers.started request=<Request [b'GET']>
2025-09-22 14:52:04,260 - httpcore.connection - DEBUG - atrace:87 - start_tls.complete return_value=<httpcore._backends.anyio.AnyIOStream object at 0x00000190514A1FA0>
2025-09-22 14:52:04,261 - httpcore.connection - DEBUG - atrace:87 - start_tls.complete return_value=<httpcore._backends.anyio.AnyIOStream object at 0x00000190514AE4E0>
2025-09-22 14:52:04,261 - httpcore.connection - DEBUG - atrace:87 - start_tls.complete return_value=<httpcore._backends.anyio.AnyIOStream object at 0x00000190514A05C0>
2025-09-22 14:52:04,261 - httpcore.connection - DEBUG - atrace:87 - start_tls.complete return_value=<httpcore._backends.anyio.AnyIOStream object at 0x00000190514AFEF0>
2025-09-22 14:52:04,261 - httpcore.connection - DEBUG - atrace:87 - start_tls.complete return_value=<httpcore._backends.anyio.AnyIOStream object at 0x00000190514AF860>
2025-09-22 14:52:04,261 - httpcore.connection - DEBUG - atrace:87 - start_tls.complete return_value=<httpcore._backends.anyio.AnyIOStream object at 0x00000190514AF1D0>
2025-09-22 14:52:04,261 - httpcore.connection - DEBUG - atrace:87 - start_tls.complete return_value=<httpcore._backends.anyio.AnyIOStream object at 0x00000190514AD7C0>
2025-09-22 14:52:04,261 - httpcore.connection - DEBUG - atrace:87 - start_tls.complete return_value=<httpcore._backends.anyio.AnyIOStream object at 0x00000190514AEB40>
2025-09-22 14:52:04,262 - httpcore.connection - DEBUG - atrace:87 - start_tls.complete return_value=<httpcore._backends.anyio.AnyIOStream object at 0x00000190514A1280>
2025-09-22 14:52:04,262 - httpcore.connection - DEBUG - atrace:87 - start_tls.complete return_value=<httpcore._backends.anyio.AnyIOStream object at 0x000001905146AC00>
2025-09-22 14:52:04,282 - httpcore.http11 - DEBUG - atrace:87 - send_request_headers.started request=<Request [b'GET']>
2025-09-22 14:52:04,282 - httpcore.http11 - DEBUG - atrace:87 - send_request_headers.started request=<Request [b'GET']>
2025-09-22 14:52:04,285 - httpcore.http11 - DEBUG - atrace:87 - send_request_headers.started request=<Request [b'GET']>
2025-09-22 14:52:04,285 - httpcore.http11 - DEBUG - atrace:87 - send_request_headers.started request=<Request [b'GET']>
2025-09-22 14:52:04,285 - httpcore.http11 - DEBUG - atrace:87 - send_request_headers.started request=<Request [b'GET']>
2025-09-22 14:52:04,285 - httpcore.http11 - DEBUG - atrace:87 - send_request_headers.started request=<Request [b'GET']>
2025-09-22 14:52:04,285 - httpcore.http11 - DEBUG - atrace:87 - send_request_headers.started request=<Request [b'GET']>
2025-09-22 14:52:04,285 - httpcore.http11 - DEBUG - atrace:87 - send_request_headers.started request=<Request [b'GET']>
2025-09-22 14:52:04,285 - httpcore.http11 - DEBUG - atrace:87 - send_request_headers.started request=<Request [b'GET']>
2025-09-22 14:52:04,285 - httpcore.http11 - DEBUG - atrace:87 - send_request_headers.started request=<Request [b'GET']>
2025-09-22 14:52:04,286 - httpcore.connection - DEBUG - atrace:87 - start_tls.complete return_value=<httpcore._backends.anyio.AnyIOStream object at 0x00000190514A2630>
2025-09-22 14:52:04,286 - httpcore.connection - DEBUG - atrace:87 - start_tls.complete return_value=<httpcore._backends.anyio.AnyIOStream object at 0x00000190514A2E10>
2025-09-22 14:52:04,286 - httpcore.connection - DEBUG - atrace:87 - start_tls.complete return_value=<httpcore._backends.anyio.AnyIOStream object at 0x00000190514A3C80>
2025-09-22 14:52:04,286 - httpcore.connection - DEBUG - atrace:87 - start_tls.complete return_value=<httpcore._backends.anyio.AnyIOStream object at 0x00000190514A2D20>
2025-09-22 14:52:04,286 - httpcore.http11 - DEBUG - atrace:87 - send_request_headers.complete
2025-09-22 14:52:04,286 - httpcore.http11 - DEBUG - atrace:87 - send_request_body.started request=<Request [b'GET']>
2025-09-22 14:52:04,286 - httpcore.http11 - DEBUG - atrace:87 - send_request_body.complete
2025-09-22 14:52:04,286 - httpcore.http11 - DEBUG - atrace:87 - receive_response_headers.started request=<Request [b'GET']>
2025-09-22 14:52:04,286 - httpcore.http11 - DEBUG - atrace:87 - send_request_headers.complete
2025-09-22 14:52:04,286 - httpcore.http11 - DEBUG - atrace:87 - send_request_body.started request=<Request [b'GET']>
2025-09-22 14:52:04,288 - httpcore.http11 - DEBUG - atrace:87 - send_request_body.complete
2025-09-22 14:52:04,288 - httpcore.http11 - DEBUG - atrace:87 - receive_response_headers.started request=<Request [b'GET']>
2025-09-22 14:52:04,288 - httpcore.http11 - DEBUG - atrace:87 - send_request_headers.complete
2025-09-22 14:52:04,288 - httpcore.http11 - DEBUG - atrace:87 - send_request_body.started request=<Request [b'GET']>
2025-09-22 14:52:04,288 - httpcore.http11 - DEBUG - atrace:87 - send_request_body.complete
2025-09-22 14:52:04,288 - httpcore.http11 - DEBUG - atrace:87 - receive_response_headers.started request=<Request [b'GET']>
2025-09-22 14:52:04,288 - httpcore.http11 - DEBUG - atrace:87 - send_request_headers.complete
2025-09-22 14:52:04,289 - httpcore.http11 - DEBUG - atrace:87 - send_request_body.started request=<Request [b'GET']>
2025-09-22 14:52:04,289 - httpcore.http11 - DEBUG - atrace:87 - send_request_body.complete
2025-09-22 14:52:04,289 - httpcore.http11 - DEBUG - atrace:87 - receive_response_headers.started request=<Request [b'GET']>
2025-09-22 14:52:04,289 - httpcore.http11 - DEBUG - atrace:87 - send_request_headers.complete
2025-09-22 14:52:04,289 - httpcore.http11 - DEBUG - atrace:87 - send_request_body.started request=<Request [b'GET']>
2025-09-22 14:52:04,289 - httpcore.http11 - DEBUG - atrace:87 - send_request_body.complete
2025-09-22 14:52:04,289 - httpcore.http11 - DEBUG - atrace:87 - receive_response_headers.started request=<Request [b'GET']>
2025-09-22 14:52:04,289 - httpcore.http11 - DEBUG - atrace:87 - send_request_headers.complete
2025-09-22 14:52:04,289 - httpcore.http11 - DEBUG - atrace:87 - send_request_body.started request=<Request [b'GET']>
2025-09-22 14:52:04,289 - httpcore.http11 - DEBUG - atrace:87 - send_request_body.complete
2025-09-22 14:52:04,289 - httpcore.http11 - DEBUG - atrace:87 - receive_response_headers.started request=<Request [b'GET']>
2025-09-22 14:52:04,290 - httpcore.http11 - DEBUG - atrace:87 - send_request_headers.complete
2025-09-22 14:52:04,290 - httpcore.http11 - DEBUG - atrace:87 - send_request_body.started request=<Request [b'GET']>
2025-09-22 14:52:04,290 - httpcore.http11 - DEBUG - atrace:87 - send_request_body.complete
2025-09-22 14:52:04,290 - httpcore.http11 - DEBUG - atrace:87 - receive_response_headers.started request=<Request [b'GET']>
2025-09-22 14:52:04,290 - httpcore.http11 - DEBUG - atrace:87 - send_request_headers.complete
2025-09-22 14:52:04,290 - httpcore.http11 - DEBUG - atrace:87 - send_request_body.started request=<Request [b'GET']>
2025-09-22 14:52:04,290 - httpcore.http11 - DEBUG - atrace:87 - send_request_body.complete
2025-09-22 14:52:04,290 - httpcore.http11 - DEBUG - atrace:87 - receive_response_headers.started request=<Request [b'GET']>
2025-09-22 14:52:04,290 - httpcore.http11 - DEBUG - atrace:87 - send_request_headers.complete
2025-09-22 14:52:04,290 - httpcore.http11 - DEBUG - atrace:87 - send_request_body.started request=<Request [b'GET']>
2025-09-22 14:52:04,290 - httpcore.http11 - DEBUG - atrace:87 - send_request_body.complete
2025-09-22 14:52:04,290 - httpcore.http11 - DEBUG - atrace:87 - receive_response_headers.started request=<Request [b'GET']>
2025-09-22 14:52:04,290 - httpcore.http11 - DEBUG - atrace:87 - send_request_headers.complete
2025-09-22 14:52:04,290 - httpcore.http11 - DEBUG - atrace:87 - send_request_body.started request=<Request [b'GET']>
2025-09-22 14:52:04,290 - httpcore.http11 - DEBUG - atrace:87 - send_request_body.complete
2025-09-22 14:52:04,290 - httpcore.http11 - DEBUG - atrace:87 - receive_response_headers.started request=<Request [b'GET']>
2025-09-22 14:52:04,290 - httpcore.http11 - DEBUG - atrace:87 - send_request_headers.started request=<Request [b'GET']>
2025-09-22 14:52:04,290 - httpcore.http11 - DEBUG - atrace:87 - send_request_headers.started request=<Request [b'GET']>
2025-09-22 14:52:04,290 - httpcore.http11 - DEBUG - atrace:87 - send_request_headers.started request=<Request [b'GET']>
2025-09-22 14:52:04,290 - httpcore.http11 - DEBUG - atrace:87 - send_request_headers.started request=<Request [b'GET']>
2025-09-22 14:52:04,290 - httpcore.http11 - DEBUG - atrace:87 - send_request_headers.complete
2025-09-22 14:52:04,290 - httpcore.http11 - DEBUG - atrace:87 - send_request_body.started request=<Request [b'GET']>
2025-09-22 14:52:04,290 - httpcore.http11 - DEBUG - atrace:87 - send_request_body.complete
2025-09-22 14:52:04,290 - httpcore.http11 - DEBUG - atrace:87 - receive_response_headers.started request=<Request [b'GET']>
2025-09-22 14:52:04,290 - httpcore.http11 - DEBUG - atrace:87 - send_request_headers.complete
2025-09-22 14:52:04,290 - httpcore.http11 - DEBUG - atrace:87 - send_request_body.started request=<Request [b'GET']>
2025-09-22 14:52:04,290 - httpcore.http11 - DEBUG - atrace:87 - send_request_body.complete
2025-09-22 14:52:04,290 - httpcore.http11 - DEBUG - atrace:87 - receive_response_headers.started request=<Request [b'GET']>
2025-09-22 14:52:04,290 - httpcore.http11 - DEBUG - atrace:87 - send_request_headers.complete
2025-09-22 14:52:04,290 - httpcore.http11 - DEBUG - atrace:87 - send_request_body.started request=<Request [b'GET']>
2025-09-22 14:52:04,290 - httpcore.http11 - DEBUG - atrace:87 - send_request_body.complete
2025-09-22 14:52:04,290 - httpcore.http11 - DEBUG - atrace:87 - receive_response_headers.started request=<Request [b'GET']>
2025-09-22 14:52:04,290 - httpcore.http11 - DEBUG - atrace:87 - send_request_headers.complete
2025-09-22 14:52:04,290 - httpcore.http11 - DEBUG - atrace:87 - send_request_body.started request=<Request [b'GET']>
2025-09-22 14:52:04,290 - httpcore.http11 - DEBUG - atrace:87 - send_request_body.complete
2025-09-22 14:52:04,290 - httpcore.http11 - DEBUG - atrace:87 - receive_response_headers.started request=<Request [b'GET']>
2025-09-22 14:52:04,872 - httpcore.http11 - DEBUG - atrace:87 - receive_response_headers.complete return_value=(b'HTTP/1.1', 200, b'OK', [(b'Content-Length', b'122'), (b'Content-Type', b'text/plain;charset=utf-8'), (b'Date', b'Mon, 22 Sep 2025 09:22:06 GMT'), (b'Server', b'Microsoft-IIS/10.0'), (b'Access-Control-Allow-Headers', b'Accept, Origin, Content-Type, MaxDataServiceVersion'), (b'Access-Control-Allow-Methods', b'GET'), (b'Access-Control-Allow-Origin', b'*'), (b'Access-Control-Expose-Headers', b'DataServiceVersion'), (b'Cache-Control', b'private'), (b'Content-Encoding', b'gzip'), (b'Expires', b'Mon, 22 Sep 2025 09:23:06 GMT'), (b'Vary', b'*'), (b'X-Content-Type-Options', b'nosniff'), (b'OData-Version', b'4.0;'), (b'X-AspNet-Version', b'4.0.30319'), (b'X-Powered-By', b'ASP.NET')])
2025-09-22 14:52:04,873 - httpx - INFO - _send_single_request:1740 - HTTP Request: GET https://services.odata.org/V4/Northwind/Northwind.svc/Customer_and_Suppliers_by_Cities/$count "HTTP/1.1 200 OK"
2025-09-22 14:52:04,875 - httpcore.http11 - DEBUG - atrace:87 - receive_response_body.started request=<Request [b'GET']>
2025-09-22 14:52:04,875 - httpcore.http11 - DEBUG - atrace:87 - receive_response_body.complete
2025-09-22 14:52:04,875 - httpcore.http11 - DEBUG - atrace:87 - response_closed.started
2025-09-22 14:52:04,875 - httpcore.http11 - DEBUG - atrace:87 - response_closed.complete
2025-09-22 14:52:04,875 - httpcore.connection - DEBUG - atrace:87 - close.started
2025-09-22 14:52:04,875 - httpcore.connection - DEBUG - atrace:87 - close.complete
2025-09-22 14:52:05,042 - httpcore.http11 - DEBUG - atrace:87 - receive_response_headers.complete return_value=(b'HTTP/1.1', 200, b'OK', [(b'Content-Length', b'122'), (b'Content-Type', b'text/plain;charset=utf-8'), (b'Date', b'Mon, 22 Sep 2025 09:22:06 GMT'), (b'Server', b'Microsoft-IIS/10.0'), (b'Access-Control-Allow-Headers', b'Accept, Origin, Content-Type, MaxDataServiceVersion'), (b'Access-Control-Allow-Methods', b'GET'), (b'Access-Control-Allow-Origin', b'*'), (b'Access-Control-Expose-Headers', b'DataServiceVersion'), (b'Cache-Control', b'private'), (b'Content-Encoding', b'gzip'), (b'Expires', b'Mon, 22 Sep 2025 09:23:06 GMT'), (b'Vary', b'*'), (b'X-Content-Type-Options', b'nosniff'), (b'OData-Version', b'4.0;'), (b'X-AspNet-Version', b'4.0.30319'), (b'X-Powered-By', b'ASP.NET')])
2025-09-22 14:52:05,043 - httpx - INFO - _send_single_request:1740 - HTTP Request: GET https://services.odata.org/V4/Northwind/Northwind.svc/Products/$count "HTTP/1.1 200 OK"
2025-09-22 14:52:05,043 - httpcore.http11 - DEBUG - atrace:87 - receive_response_body.started request=<Request [b'GET']>
2025-09-22 14:52:05,044 - httpcore.http11 - DEBUG - atrace:87 - receive_response_body.complete
2025-09-22 14:52:05,044 - httpcore.http11 - DEBUG - atrace:87 - response_closed.started
2025-09-22 14:52:05,044 - httpcore.http11 - DEBUG - atrace:87 - response_closed.complete
2025-09-22 14:52:05,045 - httpcore.connection - DEBUG - atrace:87 - close.started
2025-09-22 14:52:05,045 - httpcore.connection - DEBUG - atrace:87 - close.complete
2025-09-22 14:52:05,104 - httpcore.http11 - DEBUG - atrace:87 - receive_response_headers.complete return_value=(b'HTTP/1.1', 200, b'OK', [(b'Content-Length', b'122'), (b'Content-Type', b'text/plain;charset=utf-8'), (b'Date', b'Mon, 22 Sep 2025 09:22:06 GMT'), (b'Server', b'Microsoft-IIS/10.0'), (b'Access-Control-Allow-Headers', b'Accept, Origin, Content-Type, MaxDataServiceVersion'), (b'Access-Control-Allow-Methods', b'GET'), (b'Access-Control-Allow-Origin', b'*'), (b'Access-Control-Expose-Headers', b'DataServiceVersion'), (b'Cache-Control', b'private'), (b'Content-Encoding', b'gzip'), (b'Expires', b'Mon, 22 Sep 2025 09:23:06 GMT'), (b'Vary', b'*'), (b'X-Content-Type-Options', b'nosniff'), (b'OData-Version', b'4.0;'), (b'X-AspNet-Version', b'4.0.30319'), (b'X-Powered-By', b'ASP.NET')])
2025-09-22 14:52:05,104 - httpx - INFO - _send_single_request:1740 - HTTP Request: GET https://services.odata.org/V4/Northwind/Northwind.svc/Product_Sales_for_1997/$count "HTTP/1.1 200 OK"
2025-09-22 14:52:05,105 - httpcore.http11 - DEBUG - atrace:87 - receive_response_body.started request=<Request [b'GET']>
2025-09-22 14:52:05,105 - httpcore.http11 - DEBUG - atrace:87 - receive_response_body.complete
2025-09-22 14:52:05,105 - httpcore.http11 - DEBUG - atrace:87 - response_closed.started
2025-09-22 14:52:05,106 - httpcore.http11 - DEBUG - atrace:87 - response_closed.complete
2025-09-22 14:52:05,106 - httpcore.connection - DEBUG - atrace:87 - close.started
2025-09-22 14:52:05,107 - httpcore.connection - DEBUG - atrace:87 - close.complete
2025-09-22 14:52:05,175 - httpcore.http11 - DEBUG - atrace:87 - receive_response_headers.complete return_value=(b'HTTP/1.1', 200, b'OK', [(b'Content-Length', b'122'), (b'Content-Type', b'text/plain;charset=utf-8'), (b'Date', b'Mon, 22 Sep 2025 09:22:06 GMT'), (b'Server', b'Microsoft-IIS/10.0'), (b'Access-Control-Allow-Headers', b'Accept, Origin, Content-Type, MaxDataServiceVersion'), (b'Access-Control-Allow-Methods', b'GET'), (b'Access-Control-Allow-Origin', b'*'), (b'Access-Control-Expose-Headers', b'DataServiceVersion'), (b'Cache-Control', b'private'), (b'Content-Encoding', b'gzip'), (b'Expires', b'Mon, 22 Sep 2025 09:23:06 GMT'), (b'Vary', b'*'), (b'X-Content-Type-Options', b'nosniff'), (b'OData-Version', b'4.0;'), (b'X-AspNet-Version', b'4.0.30319'), (b'X-Powered-By', b'ASP.NET')])
2025-09-22 14:52:05,176 - httpx - INFO - _send_single_request:1740 - HTTP Request: GET https://services.odata.org/V4/Northwind/Northwind.svc/Order_Subtotals/$count "HTTP/1.1 200 OK"
2025-09-22 14:52:05,176 - httpcore.http11 - DEBUG - atrace:87 - receive_response_body.started request=<Request [b'GET']>
2025-09-22 14:52:05,177 - httpcore.http11 - DEBUG - atrace:87 - receive_response_body.complete
2025-09-22 14:52:05,177 - httpcore.http11 - DEBUG - atrace:87 - response_closed.started
2025-09-22 14:52:05,177 - httpcore.http11 - DEBUG - atrace:87 - response_closed.complete
2025-09-22 14:52:05,177 - httpcore.connection - DEBUG - atrace:87 - close.started
2025-09-22 14:52:05,178 - httpcore.connection - DEBUG - atrace:87 - close.complete
2025-09-22 14:52:05,220 - httpcore.http11 - DEBUG - atrace:87 - receive_response_headers.complete return_value=(b'HTTP/1.1', 200, b'OK', [(b'Content-Length', b'120'), (b'Content-Type', b'text/plain;charset=utf-8'), (b'Date', b'Mon, 22 Sep 2025 09:22:06 GMT'), (b'Server', b'Microsoft-IIS/10.0'), (b'Access-Control-Allow-Headers', b'Accept, Origin, Content-Type, MaxDataServiceVersion'), (b'Access-Control-Allow-Methods', b'GET'), (b'Access-Control-Allow-Origin', b'*'), (b'Access-Control-Expose-Headers', b'DataServiceVersion'), (b'Cache-Control', b'private'), (b'Content-Encoding', b'gzip'), (b'Expires', b'Mon, 22 Sep 2025 09:23:06 GMT'), (b'Vary', b'*'), (b'X-Content-Type-Options', b'nosniff'), (b'OData-Version', b'4.0;'), (b'X-AspNet-Version', b'4.0.30319'), (b'X-Powered-By', b'ASP.NET')])
2025-09-22 14:52:05,220 - httpx - INFO - _send_single_request:1740 - HTTP Request: GET https://services.odata.org/V4/Northwind/Northwind.svc/CustomerDemographics/$count "HTTP/1.1 200 OK"
2025-09-22 14:52:05,220 - httpcore.http11 - DEBUG - atrace:87 - receive_response_body.started request=<Request [b'GET']>
2025-09-22 14:52:05,222 - httpcore.http11 - DEBUG - atrace:87 - receive_response_body.complete
2025-09-22 14:52:05,222 - httpcore.http11 - DEBUG - atrace:87 - response_closed.started
2025-09-22 14:52:05,222 - httpcore.http11 - DEBUG - atrace:87 - response_closed.complete
2025-09-22 14:52:05,222 - httpcore.connection - DEBUG - atrace:87 - close.started
2025-09-22 14:52:05,222 - httpcore.connection - DEBUG - atrace:87 - close.complete
2025-09-22 14:52:05,239 - httpcore.http11 - DEBUG - atrace:87 - receive_response_headers.complete return_value=(b'HTTP/1.1', 200, b'OK', [(b'Content-Length', b'124'), (b'Content-Type', b'text/plain;charset=utf-8'), (b'Date', b'Mon, 22 Sep 2025 09:22:06 GMT'), (b'Server', b'Microsoft-IIS/10.0'), (b'Access-Control-Allow-Headers', b'Accept, Origin, Content-Type, MaxDataServiceVersion'), (b'Access-Control-Allow-Methods', b'GET'), (b'Access-Control-Allow-Origin', b'*'), (b'Access-Control-Expose-Headers', b'DataServiceVersion'), (b'Cache-Control', b'private'), (b'Content-Encoding', b'gzip'), (b'Expires', b'Mon, 22 Sep 2025 09:23:06 GMT'), (b'Vary', b'*'), (b'X-Content-Type-Options', b'nosniff'), (b'OData-Version', b'4.0;'), (b'X-AspNet-Version', b'4.0.30319'), (b'X-Powered-By', b'ASP.NET')])
2025-09-22 14:52:05,239 - httpx - INFO - _send_single_request:1740 - HTTP Request: GET https://services.odata.org/V4/Northwind/Northwind.svc/Invoices/$count "HTTP/1.1 200 OK"
2025-09-22 14:52:05,240 - httpcore.http11 - DEBUG - atrace:87 - receive_response_body.started request=<Request [b'GET']>
2025-09-22 14:52:05,241 - httpcore.http11 - DEBUG - atrace:87 - receive_response_body.complete
2025-09-22 14:52:05,241 - httpcore.http11 - DEBUG - atrace:87 - response_closed.started
2025-09-22 14:52:05,241 - httpcore.http11 - DEBUG - atrace:87 - response_closed.complete
2025-09-22 14:52:05,241 - httpcore.connection - DEBUG - atrace:87 - close.started
2025-09-22 14:52:05,242 - httpcore.connection - DEBUG - atrace:87 - close.complete
2025-09-22 14:52:05,549 - httpcore.http11 - DEBUG - atrace:87 - receive_response_headers.complete return_value=(b'HTTP/1.1', 200, b'OK', [(b'Content-Length', b'124'), (b'Content-Type', b'text/plain;charset=utf-8'), (b'Date', b'Mon, 22 Sep 2025 09:22:06 GMT'), (b'Server', b'Microsoft-IIS/10.0'), (b'Access-Control-Allow-Headers', b'Accept, Origin, Content-Type, MaxDataServiceVersion'), (b'Access-Control-Allow-Methods', b'GET'), (b'Access-Control-Allow-Origin', b'*'), (b'Access-Control-Expose-Headers', b'DataServiceVersion'), (b'Cache-Control', b'private'), (b'Content-Encoding', b'gzip'), (b'Expires', b'Mon, 22 Sep 2025 09:23:06 GMT'), (b'Vary', b'*'), (b'X-Content-Type-Options', b'nosniff'), (b'OData-Version', b'4.0;'), (b'X-AspNet-Version', b'4.0.30319'), (b'X-Powered-By', b'ASP.NET')])
2025-09-22 14:52:05,549 - httpx - INFO - _send_single_request:1740 - HTTP Request: GET https://services.odata.org/V4/Northwind/Northwind.svc/Order_Details/$count "HTTP/1.1 200 OK"
2025-09-22 14:52:05,550 - httpcore.http11 - DEBUG - atrace:87 - receive_response_body.started request=<Request [b'GET']>
2025-09-22 14:52:05,550 - httpcore.http11 - DEBUG - atrace:87 - receive_response_body.complete
2025-09-22 14:52:05,550 - httpcore.http11 - DEBUG - atrace:87 - response_closed.started
2025-09-22 14:52:05,550 - httpcore.http11 - DEBUG - atrace:87 - response_closed.complete
2025-09-22 14:52:05,706 - httpcore.http11 - DEBUG - atrace:87 - receive_response_headers.complete return_value=(b'HTTP/1.1', 200, b'OK', [(b'Content-Length', b'122'), (b'Content-Type', b'text/plain;charset=utf-8'), (b'Date', b'Mon, 22 Sep 2025 09:22:06 GMT'), (b'Server', b'Microsoft-IIS/10.0'), (b'Access-Control-Allow-Headers', b'Accept, Origin, Content-Type, MaxDataServiceVersion'), (b'Access-Control-Allow-Methods', b'GET'), (b'Access-Control-Allow-Origin', b'*'), (b'Access-Control-Expose-Headers', b'DataServiceVersion'), (b'Cache-Control', b'private'), (b'Content-Encoding', b'gzip'), (b'Expires', b'Mon, 22 Sep 2025 09:23:06 GMT'), (b'Vary', b'*'), (b'X-Content-Type-Options', b'nosniff'), (b'OData-Version', b'4.0;'), (b'X-AspNet-Version', b'4.0.30319'), (b'X-Powered-By', b'ASP.NET')])
2025-09-22 14:52:05,707 - httpx - INFO - _send_single_request:1740 - HTTP Request: GET https://services.odata.org/V4/Northwind/Northwind.svc/Territories/$count "HTTP/1.1 200 OK"
2025-09-22 14:52:05,710 - httpcore.http11 - DEBUG - atrace:87 - receive_response_body.started request=<Request [b'GET']>
2025-09-22 14:52:05,710 - httpcore.http11 - DEBUG - atrace:87 - receive_response_body.complete
2025-09-22 14:52:05,710 - httpcore.http11 - DEBUG - atrace:87 - response_closed.started
2025-09-22 14:52:05,710 - httpcore.http11 - DEBUG - atrace:87 - response_closed.complete
2025-09-22 14:52:05,715 - httpcore.http11 - DEBUG - atrace:87 - receive_response_headers.complete return_value=(b'HTTP/1.1', 200, b'OK', [(b'Content-Length', b'120'), (b'Content-Type', b'text/plain;charset=utf-8'), (b'Date', b'Mon, 22 Sep 2025 09:22:06 GMT'), (b'Server', b'Microsoft-IIS/10.0'), (b'Access-Control-Allow-Headers', b'Accept, Origin, Content-Type, MaxDataServiceVersion'), (b'Access-Control-Allow-Methods', b'GET'), (b'Access-Control-Allow-Origin', b'*'), (b'Access-Control-Expose-Headers', b'DataServiceVersion'), (b'Cache-Control', b'private'), (b'Content-Encoding', b'gzip'), (b'Expires', b'Mon, 22 Sep 2025 09:23:06 GMT'), (b'Vary', b'*'), (b'X-Content-Type-Options', b'nosniff'), (b'OData-Version', b'4.0;'), (b'X-AspNet-Version', b'4.0.30319'), (b'X-Powered-By', b'ASP.NET')])
2025-09-22 14:52:05,715 - httpx - INFO - _send_single_request:1740 - HTTP Request: GET https://services.odata.org/V4/Northwind/Northwind.svc/Shippers/$count "HTTP/1.1 200 OK"
2025-09-22 14:52:05,717 - httpcore.http11 - DEBUG - atrace:87 - receive_response_body.started request=<Request [b'GET']>
2025-09-22 14:52:05,717 - httpcore.http11 - DEBUG - atrace:87 - receive_response_body.complete
2025-09-22 14:52:05,718 - httpcore.http11 - DEBUG - atrace:87 - response_closed.started
2025-09-22 14:52:05,718 - httpcore.http11 - DEBUG - atrace:87 - response_closed.complete
2025-09-22 14:52:05,736 - httpcore.http11 - DEBUG - atrace:87 - receive_response_headers.complete return_value=(b'HTTP/1.1', 200, b'OK', [(b'Content-Length', b'120'), (b'Content-Type', b'text/plain;charset=utf-8'), (b'Date', b'Mon, 22 Sep 2025 09:22:06 GMT'), (b'Server', b'Microsoft-IIS/10.0'), (b'Access-Control-Allow-Headers', b'Accept, Origin, Content-Type, MaxDataServiceVersion'), (b'Access-Control-Allow-Methods', b'GET'), (b'Access-Control-Allow-Origin', b'*'), (b'Access-Control-Expose-Headers', b'DataServiceVersion'), (b'Cache-Control', b'private'), (b'Content-Encoding', b'gzip'), (b'Expires', b'Mon, 22 Sep 2025 09:23:06 GMT'), (b'Vary', b'*'), (b'X-Content-Type-Options', b'nosniff'), (b'OData-Version', b'4.0;'), (b'X-AspNet-Version', b'4.0.30319'), (b'X-Powered-By', b'ASP.NET')])
2025-09-22 14:52:05,736 - httpx - INFO - _send_single_request:1740 - HTTP Request: GET https://services.odata.org/V4/Northwind/Northwind.svc/Category_Sales_for_1997/$count "HTTP/1.1 200 OK"
2025-09-22 14:52:05,736 - httpcore.http11 - DEBUG - atrace:87 - receive_response_body.started request=<Request [b'GET']>
2025-09-22 14:52:05,736 - httpcore.http11 - DEBUG - atrace:87 - receive_response_body.complete
2025-09-22 14:52:05,736 - httpcore.http11 - DEBUG - atrace:87 - response_closed.started
2025-09-22 14:52:05,738 - httpcore.http11 - DEBUG - atrace:87 - response_closed.complete
2025-09-22 14:52:05,784 - httpcore.http11 - DEBUG - atrace:87 - receive_response_headers.complete return_value=(b'HTTP/1.1', 200, b'OK', [(b'Content-Length', b'122'), (b'Content-Type', b'text/plain;charset=utf-8'), (b'Date', b'Mon, 22 Sep 2025 09:22:06 GMT'), (b'Server', b'Microsoft-IIS/10.0'), (b'Access-Control-Allow-Headers', b'Accept, Origin, Content-Type, MaxDataServiceVersion'), (b'Access-Control-Allow-Methods', b'GET'), (b'Access-Control-Allow-Origin', b'*'), (b'Access-Control-Expose-Headers', b'DataServiceVersion'), (b'Cache-Control', b'private'), (b'Content-Encoding', b'gzip'), (b'Expires', b'Mon, 22 Sep 2025 09:23:06 GMT'), (b'Vary', b'*'), (b'X-Content-Type-Options', b'nosniff'), (b'OData-Version', b'4.0;'), (b'X-AspNet-Version', b'4.0.30319'), (b'X-Powered-By', b'ASP.NET')])
2025-09-22 14:52:05,786 - httpx - INFO - _send_single_request:1740 - HTTP Request: GET https://services.odata.org/V4/Northwind/Northwind.svc/Sales_by_Categories/$count "HTTP/1.1 200 OK"
2025-09-22 14:52:05,787 - httpcore.http11 - DEBUG - atrace:87 - receive_response_body.started request=<Request [b'GET']>
2025-09-22 14:52:05,787 - httpcore.http11 - DEBUG - atrace:87 - receive_response_body.complete
2025-09-22 14:52:05,787 - httpcore.http11 - DEBUG - atrace:87 - response_closed.started
2025-09-22 14:52:05,787 - httpcore.http11 - DEBUG - atrace:87 - response_closed.complete
2025-09-22 14:52:06,072 - httpcore.http11 - DEBUG - atrace:87 - receive_response_headers.complete return_value=(b'HTTP/1.1', 200, b'OK', [(b'Content-Length', b'122'), (b'Content-Type', b'text/plain;charset=utf-8'), (b'Date', b'Mon, 22 Sep 2025 09:22:07 GMT'), (b'Server', b'Microsoft-IIS/10.0'), (b'Access-Control-Allow-Headers', b'Accept, Origin, Content-Type, MaxDataServiceVersion'), (b'Access-Control-Allow-Methods', b'GET'), (b'Access-Control-Allow-Origin', b'*'), (b'Access-Control-Expose-Headers', b'DataServiceVersion'), (b'Cache-Control', b'private'), (b'Content-Encoding', b'gzip'), (b'Expires', b'Mon, 22 Sep 2025 09:23:06 GMT'), (b'Vary', b'*'), (b'X-Content-Type-Options', b'nosniff'), (b'OData-Version', b'4.0;'), (b'X-AspNet-Version', b'4.0.30319'), (b'X-Powered-By', b'ASP.NET')])
2025-09-22 14:52:06,073 - httpx - INFO - _send_single_request:1740 - HTTP Request: GET https://services.odata.org/V4/Northwind/Northwind.svc/Summary_of_Sales_by_Years/$count "HTTP/1.1 200 OK"
2025-09-22 14:52:06,073 - httpcore.http11 - DEBUG - atrace:87 - receive_response_body.started request=<Request [b'GET']>
2025-09-22 14:52:06,073 - httpcore.http11 - DEBUG - atrace:87 - receive_response_body.complete
2025-09-22 14:52:06,073 - httpcore.http11 - DEBUG - atrace:87 - response_closed.started
2025-09-22 14:52:06,073 - httpcore.http11 - DEBUG - atrace:87 - response_closed.complete
2025-09-22 14:52:06,294 - httpcore.http11 - DEBUG - atrace:87 - receive_response_headers.complete return_value=(b'HTTP/1.1', 200, b'OK', [(b'Content-Length', b'122'), (b'Content-Type', b'text/plain;charset=utf-8'), (b'Date', b'Mon, 22 Sep 2025 09:22:07 GMT'), (b'Server', b'Microsoft-IIS/10.0'), (b'Access-Control-Allow-Headers', b'Accept, Origin, Content-Type, MaxDataServiceVersion'), (b'Access-Control-Allow-Methods', b'GET'), (b'Access-Control-Allow-Origin', b'*'), (b'Access-Control-Expose-Headers', b'DataServiceVersion'), (b'Cache-Control', b'private'), (b'Content-Encoding', b'gzip'), (b'Expires', b'Mon, 22 Sep 2025 09:23:06 GMT'), (b'Vary', b'*'), (b'X-Content-Type-Options', b'nosniff'), (b'OData-Version', b'4.0;'), (b'X-AspNet-Version', b'4.0.30319'), (b'X-Powered-By', b'ASP.NET')])
2025-09-22 14:52:06,294 - httpx - INFO - _send_single_request:1740 - HTTP Request: GET https://services.odata.org/V4/Northwind/Northwind.svc/Orders/$count "HTTP/1.1 200 OK"
2025-09-22 14:52:06,294 - httpcore.http11 - DEBUG - atrace:87 - receive_response_body.started request=<Request [b'GET']>
2025-09-22 14:52:06,294 - httpcore.http11 - DEBUG - atrace:87 - receive_response_body.complete
2025-09-22 14:52:06,296 - httpcore.http11 - DEBUG - atrace:87 - response_closed.started
2025-09-22 14:52:06,296 - httpcore.http11 - DEBUG - atrace:87 - response_closed.complete
2025-09-22 14:52:06,328 - httpcore.http11 - DEBUG - atrace:87 - receive_response_headers.complete return_value=(b'HTTP/1.1', 200, b'OK', [(b'Content-Length', b'122'), (b'Content-Type', b'text/plain;charset=utf-8'), (b'Date', b'Mon, 22 Sep 2025 09:22:07 GMT'), (b'Server', b'Microsoft-IIS/10.0'), (b'Access-Control-Allow-Headers', b'Accept, Origin, Content-Type, MaxDataServiceVersion'), (b'Access-Control-Allow-Methods', b'GET'), (b'Access-Control-Allow-Origin', b'*'), (b'Access-Control-Expose-Headers', b'DataServiceVersion'), (b'Cache-Control', b'private'), (b'Content-Encoding', b'gzip'), (b'Expires', b'Mon, 22 Sep 2025 09:23:06 GMT'), (b'Vary', b'*'), (b'X-Content-Type-Options', b'nosniff'), (b'OData-Version', b'4.0;'), (b'X-AspNet-Version', b'4.0.30319'), (b'X-Powered-By', b'ASP.NET')])
2025-09-22 14:52:06,329 - httpx - INFO - _send_single_request:1740 - HTTP Request: GET https://services.odata.org/V4/Northwind/Northwind.svc/Summary_of_Sales_by_Quarters/$count "HTTP/1.1 200 OK"
2025-09-22 14:52:06,329 - httpcore.http11 - DEBUG - atrace:87 - receive_response_body.started request=<Request [b'GET']>
2025-09-22 14:52:06,329 - httpcore.http11 - DEBUG - atrace:87 - receive_response_body.complete
2025-09-22 14:52:06,329 - httpcore.http11 - DEBUG - atrace:87 - response_closed.started
2025-09-22 14:52:06,330 - httpcore.http11 - DEBUG - atrace:87 - response_closed.complete
2025-09-22 14:52:06,595 - httpcore.http11 - DEBUG - atrace:87 - receive_response_headers.complete return_value=(b'HTTP/1.1', 200, b'OK', [(b'Content-Length', b'120'), (b'Content-Type', b'text/plain;charset=utf-8'), (b'Date', b'Mon, 22 Sep 2025 09:22:07 GMT'), (b'Server', b'Microsoft-IIS/10.0'), (b'Access-Control-Allow-Headers', b'Accept, Origin, Content-Type, MaxDataServiceVersion'), (b'Access-Control-Allow-Methods', b'GET'), (b'Access-Control-Allow-Origin', b'*'), (b'Access-Control-Expose-Headers', b'DataServiceVersion'), (b'Cache-Control', b'private'), (b'Content-Encoding', b'gzip'), (b'Expires', b'Mon, 22 Sep 2025 09:23:06 GMT'), (b'Vary', b'*'), (b'X-Content-Type-Options', b'nosniff'), (b'OData-Version', b'4.0;'), (b'X-AspNet-Version', b'4.0.30319'), (b'X-Powered-By', b'ASP.NET')])
2025-09-22 14:52:06,595 - httpx - INFO - _send_single_request:1740 - HTTP Request: GET https://services.odata.org/V4/Northwind/Northwind.svc/Employees/$count "HTTP/1.1 200 OK"
2025-09-22 14:52:06,595 - httpcore.http11 - DEBUG - atrace:87 - receive_response_body.started request=<Request [b'GET']>
2025-09-22 14:52:06,595 - httpcore.http11 - DEBUG - atrace:87 - receive_response_body.complete
2025-09-22 14:52:06,595 - httpcore.http11 - DEBUG - atrace:87 - response_closed.started
2025-09-22 14:52:06,595 - httpcore.http11 - DEBUG - atrace:87 - response_closed.complete
2025-09-22 14:52:06,787 - httpcore.http11 - DEBUG - atrace:87 - receive_response_headers.complete return_value=(b'HTTP/1.1', 200, b'OK', [(b'Content-Length', b'122'), (b'Content-Type', b'text/plain;charset=utf-8'), (b'Date', b'Mon, 22 Sep 2025 09:22:07 GMT'), (b'Server', b'Microsoft-IIS/10.0'), (b'Access-Control-Allow-Headers', b'Accept, Origin, Content-Type, MaxDataServiceVersion'), (b'Access-Control-Allow-Methods', b'GET'), (b'Access-Control-Allow-Origin', b'*'), (b'Access-Control-Expose-Headers', b'DataServiceVersion'), (b'Cache-Control', b'private'), (b'Content-Encoding', b'gzip'), (b'Expires', b'Mon, 22 Sep 2025 09:23:06 GMT'), (b'Vary', b'*'), (b'X-Content-Type-Options', b'nosniff'), (b'OData-Version', b'4.0;'), (b'X-AspNet-Version', b'4.0.30319'), (b'X-Powered-By', b'ASP.NET')])
2025-09-22 14:52:06,787 - httpx - INFO - _send_single_request:1740 - HTTP Request: GET https://services.odata.org/V4/Northwind/Northwind.svc/Current_Product_Lists/$count "HTTP/1.1 200 OK"
2025-09-22 14:52:06,788 - httpcore.http11 - DEBUG - atrace:87 - receive_response_body.started request=<Request [b'GET']>
2025-09-22 14:52:06,788 - httpcore.http11 - DEBUG - atrace:87 - receive_response_body.complete
2025-09-22 14:52:06,788 - httpcore.http11 - DEBUG - atrace:87 - response_closed.started
2025-09-22 14:52:06,788 - httpcore.http11 - DEBUG - atrace:87 - response_closed.complete
2025-09-22 14:52:06,840 - httpcore.http11 - DEBUG - atrace:87 - receive_response_headers.complete return_value=(b'HTTP/1.1', 200, b'OK', [(b'Content-Length', b'122'), (b'Content-Type', b'text/plain;charset=utf-8'), (b'Date', b'Mon, 22 Sep 2025 09:22:07 GMT'), (b'Server', b'Microsoft-IIS/10.0'), (b'Access-Control-Allow-Headers', b'Accept, Origin, Content-Type, MaxDataServiceVersion'), (b'Access-Control-Allow-Methods', b'GET'), (b'Access-Control-Allow-Origin', b'*'), (b'Access-Control-Expose-Headers', b'DataServiceVersion'), (b'Cache-Control', b'private'), (b'Content-Encoding', b'gzip'), (b'Expires', b'Mon, 22 Sep 2025 09:23:06 GMT'), (b'Vary', b'*'), (b'X-Content-Type-Options', b'nosniff'), (b'OData-Version', b'4.0;'), (b'X-AspNet-Version', b'4.0.30319'), (b'X-Powered-By', b'ASP.NET')])
2025-09-22 14:52:06,840 - httpx - INFO - _send_single_request:1740 - HTTP Request: GET https://services.odata.org/V4/Northwind/Northwind.svc/Products_by_Categories/$count "HTTP/1.1 200 OK"
2025-09-22 14:52:06,840 - httpcore.http11 - DEBUG - atrace:87 - receive_response_body.started request=<Request [b'GET']>
2025-09-22 14:52:06,840 - httpcore.http11 - DEBUG - atrace:87 - receive_response_body.complete
2025-09-22 14:52:06,840 - httpcore.http11 - DEBUG - atrace:87 - response_closed.started
2025-09-22 14:52:06,840 - httpcore.http11 - DEBUG - atrace:87 - response_closed.complete
2025-09-22 14:52:07,294 - httpcore.http11 - DEBUG - atrace:87 - receive_response_headers.complete return_value=(b'HTTP/1.1', 200, b'OK', [(b'Content-Length', b'124'), (b'Content-Type', b'text/plain;charset=utf-8'), (b'Date', b'Mon, 22 Sep 2025 09:22:08 GMT'), (b'Server', b'Microsoft-IIS/10.0'), (b'Access-Control-Allow-Headers', b'Accept, Origin, Content-Type, MaxDataServiceVersion'), (b'Access-Control-Allow-Methods', b'GET'), (b'Access-Control-Allow-Origin', b'*'), (b'Access-Control-Expose-Headers', b'DataServiceVersion'), (b'Cache-Control', b'private'), (b'Content-Encoding', b'gzip'), (b'Expires', b'Mon, 22 Sep 2025 09:23:06 GMT'), (b'Vary', b'*'), (b'X-Content-Type-Options', b'nosniff'), (b'OData-Version', b'4.0;'), (b'X-AspNet-Version', b'4.0.30319'), (b'X-Powered-By', b'ASP.NET')])
2025-09-22 14:52:07,294 - httpx - INFO - _send_single_request:1740 - HTTP Request: GET https://services.odata.org/V4/Northwind/Northwind.svc/Order_Details_Extendeds/$count "HTTP/1.1 200 OK"
2025-09-22 14:52:07,294 - httpcore.http11 - DEBUG - atrace:87 - receive_response_body.started request=<Request [b'GET']>
2025-09-22 14:52:07,294 - httpcore.http11 - DEBUG - atrace:87 - receive_response_body.complete
2025-09-22 14:52:07,294 - httpcore.http11 - DEBUG - atrace:87 - response_closed.started
2025-09-22 14:52:07,294 - httpcore.http11 - DEBUG - atrace:87 - response_closed.complete
2025-09-22 14:52:07,360 - httpcore.http11 - DEBUG - atrace:87 - receive_response_headers.complete return_value=(b'HTTP/1.1', 200, b'OK', [(b'Content-Length', b'122'), (b'Content-Type', b'text/plain;charset=utf-8'), (b'Date', b'Mon, 22 Sep 2025 09:22:08 GMT'), (b'Server', b'Microsoft-IIS/10.0'), (b'Access-Control-Allow-Headers', b'Accept, Origin, Content-Type, MaxDataServiceVersion'), (b'Access-Control-Allow-Methods', b'GET'), (b'Access-Control-Allow-Origin', b'*'), (b'Access-Control-Expose-Headers', b'DataServiceVersion'), (b'Cache-Control', b'private'), (b'Content-Encoding', b'gzip'), (b'Expires', b'Mon, 22 Sep 2025 09:23:06 GMT'), (b'Vary', b'*'), (b'X-Content-Type-Options', b'nosniff'), (b'OData-Version', b'4.0;'), (b'X-AspNet-Version', b'4.0.30319'), (b'X-Powered-By', b'ASP.NET')])
2025-09-22 14:52:07,360 - httpx - INFO - _send_single_request:1740 - HTTP Request: GET https://services.odata.org/V4/Northwind/Northwind.svc/Sales_Totals_by_Amounts/$count "HTTP/1.1 200 OK"
2025-09-22 14:52:07,360 - httpcore.http11 - DEBUG - atrace:87 - receive_response_body.started request=<Request [b'GET']>
2025-09-22 14:52:07,360 - httpcore.http11 - DEBUG - atrace:87 - receive_response_body.complete
2025-09-22 14:52:07,360 - httpcore.http11 - DEBUG - atrace:87 - response_closed.started
2025-09-22 14:52:07,360 - httpcore.http11 - DEBUG - atrace:87 - response_closed.complete
2025-09-22 14:52:07,801 - httpcore.http11 - DEBUG - atrace:87 - receive_response_headers.complete return_value=(b'HTTP/1.1', 200, b'OK', [(b'Content-Length', b'122'), (b'Content-Type', b'text/plain;charset=utf-8'), (b'Date', b'Mon, 22 Sep 2025 09:22:08 GMT'), (b'Server', b'Microsoft-IIS/10.0'), (b'Access-Control-Allow-Headers', b'Accept, Origin, Content-Type, MaxDataServiceVersion'), (b'Access-Control-Allow-Methods', b'GET'), (b'Access-Control-Allow-Origin', b'*'), (b'Access-Control-Expose-Headers', b'DataServiceVersion'), (b'Cache-Control', b'private'), (b'Content-Encoding', b'gzip'), (b'Expires', b'Mon, 22 Sep 2025 09:23:06 GMT'), (b'Vary', b'*'), (b'X-Content-Type-Options', b'nosniff'), (b'OData-Version', b'4.0;'), (b'X-AspNet-Version', b'4.0.30319'), (b'X-Powered-By', b'ASP.NET')])
2025-09-22 14:52:07,801 - httpx - INFO - _send_single_request:1740 - HTTP Request: GET https://services.odata.org/V4/Northwind/Northwind.svc/Alphabetical_list_of_products/$count "HTTP/1.1 200 OK"
2025-09-22 14:52:07,802 - httpcore.http11 - DEBUG - atrace:87 - receive_response_body.started request=<Request [b'GET']>
2025-09-22 14:52:07,802 - httpcore.http11 - DEBUG - atrace:87 - receive_response_body.complete
2025-09-22 14:52:07,802 - httpcore.http11 - DEBUG - atrace:87 - response_closed.started
2025-09-22 14:52:07,802 - httpcore.http11 - DEBUG - atrace:87 - response_closed.complete
2025-09-22 14:52:07,845 - httpcore.http11 - DEBUG - atrace:87 - receive_response_headers.complete return_value=(b'HTTP/1.1', 200, b'OK', [(b'Content-Length', b'121'), (b'Content-Type', b'text/plain;charset=utf-8'), (b'Date', b'Mon, 22 Sep 2025 09:22:08 GMT'), (b'Server', b'Microsoft-IIS/10.0'), (b'Access-Control-Allow-Headers', b'Accept, Origin, Content-Type, MaxDataServiceVersion'), (b'Access-Control-Allow-Methods', b'GET'), (b'Access-Control-Allow-Origin', b'*'), (b'Access-Control-Expose-Headers', b'DataServiceVersion'), (b'Cache-Control', b'private'), (b'Content-Encoding', b'gzip'), (b'Expires', b'Mon, 22 Sep 2025 09:23:06 GMT'), (b'Vary', b'*'), (b'X-Content-Type-Options', b'nosniff'), (b'OData-Version', b'4.0;'), (b'X-AspNet-Version', b'4.0.30319'), (b'X-Powered-By', b'ASP.NET')])
2025-09-22 14:52:07,845 - httpx - INFO - _send_single_request:1740 - HTTP Request: GET https://services.odata.org/V4/Northwind/Northwind.svc/Customers/$count "HTTP/1.1 200 OK"
2025-09-22 14:52:07,845 - httpcore.http11 - DEBUG - atrace:87 - receive_response_body.started request=<Request [b'GET']>
2025-09-22 14:52:07,850 - httpcore.http11 - DEBUG - atrace:87 - receive_response_body.complete
2025-09-22 14:52:07,850 - httpcore.http11 - DEBUG - atrace:87 - response_closed.started
2025-09-22 14:52:07,850 - httpcore.http11 - DEBUG - atrace:87 - response_closed.complete
2025-09-22 14:52:08,350 - httpcore.http11 - DEBUG - atrace:87 - receive_response_headers.complete return_value=(b'HTTP/1.1', 200, b'OK', [(b'Content-Length', b'121'), (b'Content-Type', b'text/plain;charset=utf-8'), (b'Date', b'Mon, 22 Sep 2025 09:22:09 GMT'), (b'Server', b'Microsoft-IIS/10.0'), (b'Access-Control-Allow-Headers', b'Accept, Origin, Content-Type, MaxDataServiceVersion'), (b'Access-Control-Allow-Methods', b'GET'), (b'Access-Control-Allow-Origin', b'*'), (b'Access-Control-Expose-Headers', b'DataServiceVersion'), (b'Cache-Control', b'private'), (b'Content-Encoding', b'gzip'), (b'Expires', b'Mon, 22 Sep 2025 09:23:06 GMT'), (b'Vary', b'*'), (b'X-Content-Type-Options', b'nosniff'), (b'OData-Version', b'4.0;'), (b'X-AspNet-Version', b'4.0.30319'), (b'X-Powered-By', b'ASP.NET')])
2025-09-22 14:52:08,350 - httpx - INFO - _send_single_request:1740 - HTTP Request: GET https://services.odata.org/V4/Northwind/Northwind.svc/Products_Above_Average_Prices/$count "HTTP/1.1 200 OK"
2025-09-22 14:52:08,351 - httpcore.http11 - DEBUG - atrace:87 - receive_response_body.started request=<Request [b'GET']>
2025-09-22 14:52:08,351 - httpcore.http11 - DEBUG - atrace:87 - receive_response_body.complete
2025-09-22 14:52:08,351 - httpcore.http11 - DEBUG - atrace:87 - response_closed.started
2025-09-22 14:52:08,351 - httpcore.http11 - DEBUG - atrace:87 - response_closed.complete
2025-09-22 14:52:08,356 - httpcore.http11 - DEBUG - atrace:87 - receive_response_headers.complete return_value=(b'HTTP/1.1', 200, b'OK', [(b'Content-Length', b'122'), (b'Content-Type', b'text/plain;charset=utf-8'), (b'Date', b'Mon, 22 Sep 2025 09:22:09 GMT'), (b'Server', b'Microsoft-IIS/10.0'), (b'Access-Control-Allow-Headers', b'Accept, Origin, Content-Type, MaxDataServiceVersion'), (b'Access-Control-Allow-Methods', b'GET'), (b'Access-Control-Allow-Origin', b'*'), (b'Access-Control-Expose-Headers', b'DataServiceVersion'), (b'Cache-Control', b'private'), (b'Content-Encoding', b'gzip'), (b'Expires', b'Mon, 22 Sep 2025 09:23:06 GMT'), (b'Vary', b'*'), (b'X-Content-Type-Options', b'nosniff'), (b'OData-Version', b'4.0;'), (b'X-AspNet-Version', b'4.0.30319'), (b'X-Powered-By', b'ASP.NET')])
2025-09-22 14:52:08,356 - httpx - INFO - _send_single_request:1740 - HTTP Request: GET https://services.odata.org/V4/Northwind/Northwind.svc/Orders_Qries/$count "HTTP/1.1 200 OK"
2025-09-22 14:52:08,356 - httpcore.http11 - DEBUG - atrace:87 - receive_response_body.started request=<Request [b'GET']>
2025-09-22 14:52:08,356 - httpcore.http11 - DEBUG - atrace:87 - receive_response_body.complete
2025-09-22 14:52:08,356 - httpcore.http11 - DEBUG - atrace:87 - response_closed.started
2025-09-22 14:52:08,356 - httpcore.http11 - DEBUG - atrace:87 - response_closed.complete
2025-09-22 14:52:08,865 - httpcore.http11 - DEBUG - atrace:87 - receive_response_headers.complete return_value=(b'HTTP/1.1', 200, b'OK', [(b'Content-Length', b'121'), (b'Content-Type', b'text/plain;charset=utf-8'), (b'Date', b'Mon, 22 Sep 2025 09:22:09 GMT'), (b'Server', b'Microsoft-IIS/10.0'), (b'Access-Control-Allow-Headers', b'Accept, Origin, Content-Type, MaxDataServiceVersion'), (b'Access-Control-Allow-Methods', b'GET'), (b'Access-Control-Allow-Origin', b'*'), (b'Access-Control-Expose-Headers', b'DataServiceVersion'), (b'Cache-Control', b'private'), (b'Content-Encoding', b'gzip'), (b'Expires', b'Mon, 22 Sep 2025 09:23:06 GMT'), (b'Vary', b'*'), (b'X-Content-Type-Options', b'nosniff'), (b'OData-Version', b'4.0;'), (b'X-AspNet-Version', b'4.0.30319'), (b'X-Powered-By', b'ASP.NET')])
2025-09-22 14:52:08,865 - httpx - INFO - _send_single_request:1740 - HTTP Request: GET https://services.odata.org/V4/Northwind/Northwind.svc/Suppliers/$count "HTTP/1.1 200 OK"
2025-09-22 14:52:08,865 - httpcore.http11 - DEBUG - atrace:87 - receive_response_body.started request=<Request [b'GET']>
2025-09-22 14:52:08,865 - httpcore.http11 - DEBUG - atrace:87 - receive_response_body.complete
2025-09-22 14:52:08,865 - httpcore.http11 - DEBUG - atrace:87 - response_closed.started
2025-09-22 14:52:08,865 - httpcore.http11 - DEBUG - atrace:87 - response_closed.complete
2025-09-22 14:52:09,391 - httpcore.http11 - DEBUG - atrace:87 - receive_response_headers.complete return_value=(b'HTTP/1.1', 200, b'OK', [(b'Content-Length', b'120'), (b'Content-Type', b'text/plain;charset=utf-8'), (b'Date', b'Mon, 22 Sep 2025 09:22:10 GMT'), (b'Server', b'Microsoft-IIS/10.0'), (b'Access-Control-Allow-Headers', b'Accept, Origin, Content-Type, MaxDataServiceVersion'), (b'Access-Control-Allow-Methods', b'GET'), (b'Access-Control-Allow-Origin', b'*'), (b'Access-Control-Expose-Headers', b'DataServiceVersion'), (b'Cache-Control', b'private'), (b'Content-Encoding', b'gzip'), (b'Expires', b'Mon, 22 Sep 2025 09:23:06 GMT'), (b'Vary', b'*'), (b'X-Content-Type-Options', b'nosniff'), (b'OData-Version', b'4.0;'), (b'X-AspNet-Version', b'4.0.30319'), (b'X-Powered-By', b'ASP.NET')])
2025-09-22 14:52:09,391 - httpx - INFO - _send_single_request:1740 - HTTP Request: GET https://services.odata.org/V4/Northwind/Northwind.svc/Regions/$count "HTTP/1.1 200 OK"
2025-09-22 14:52:09,391 - httpcore.http11 - DEBUG - atrace:87 - receive_response_body.started request=<Request [b'GET']>
2025-09-22 14:52:09,391 - httpcore.http11 - DEBUG - atrace:87 - receive_response_body.complete
2025-09-22 14:52:09,391 - httpcore.http11 - DEBUG - atrace:87 - response_closed.started
2025-09-22 14:52:09,391 - httpcore.http11 - DEBUG - atrace:87 - response_closed.complete
2025-09-22 14:52:09,890 - httpcore.http11 - DEBUG - atrace:87 - receive_response_headers.complete return_value=(b'HTTP/1.1', 200, b'OK', [(b'Content-Length', b'120'), (b'Content-Type', b'text/plain;charset=utf-8'), (b'Date', b'Mon, 22 Sep 2025 09:22:10 GMT'), (b'Server', b'Microsoft-IIS/10.0'), (b'Access-Control-Allow-Headers', b'Accept, Origin, Content-Type, MaxDataServiceVersion'), (b'Access-Control-Allow-Methods', b'GET'), (b'Access-Control-Allow-Origin', b'*'), (b'Access-Control-Expose-Headers', b'DataServiceVersion'), (b'Cache-Control', b'private'), (b'Content-Encoding', b'gzip'), (b'Expires', b'Mon, 22 Sep 2025 09:23:06 GMT'), (b'Vary', b'*'), (b'X-Content-Type-Options', b'nosniff'), (b'OData-Version', b'4.0;'), (b'X-AspNet-Version', b'4.0.30319'), (b'X-Powered-By', b'ASP.NET')])
2025-09-22 14:52:09,890 - httpx - INFO - _send_single_request:1740 - HTTP Request: GET https://services.odata.org/V4/Northwind/Northwind.svc/Categories/$count "HTTP/1.1 200 OK"
2025-09-22 14:52:09,890 - httpcore.http11 - DEBUG - atrace:87 - receive_response_body.started request=<Request [b'GET']>
2025-09-22 14:52:09,890 - httpcore.http11 - DEBUG - atrace:87 - receive_response_body.complete
2025-09-22 14:52:09,890 - httpcore.http11 - DEBUG - atrace:87 - response_closed.started
2025-09-22 14:52:09,890 - httpcore.http11 - DEBUG - atrace:87 - response_closed.complete
2025-09-22 14:52:09,890 - services.count - INFO - get_entity_counts:61 - [2m2025-09-22T09:22:09.890395Z[0m [[32m[1minfo     [0m] [1mSuccessfully retrieved entity counts[0m [[0m[1m[34mservices.count[0m][0m [36mcounts[0m=[35m{'Categories': 8, 'CustomerDemographics': 0, 'Customers': 91, 'Employees': 9, 'Order_Details': 2155, 'Orders': 830, 'Products': 77, 'Regions': 4, 'Shippers': 3, 'Suppliers': 29, 'Territories': 53, 'Alphabetical_list_of_products': 69, 'Category_Sales_for_1997': 8, 'Current_Product_Lists': 69, 'Customer_and_Suppliers_by_Cities': 120, 'Invoices': 2155, 'Order_Details_Extendeds': 2155, 'Order_Subtotals': 830, 'Orders_Qries': 830, 'Product_Sales_for_1997': 77, 'Products_Above_Average_Prices': 25, 'Products_by_Categories': 69, 'Sales_by_Categories': 77, 'Sales_Totals_by_Amounts': 66, 'Summary_of_Sales_by_Quarters': 809, 'Summary_of_Sales_by_Years': 809}[0m
2025-09-22 14:52:09,890 - httpcore.connection - DEBUG - atrace:87 - close.started
2025-09-22 14:52:09,890 - httpcore.connection - DEBUG - atrace:87 - close.complete
2025-09-22 14:52:09,890 - httpcore.connection - DEBUG - atrace:87 - close.started
2025-09-22 14:52:09,890 - httpcore.connection - DEBUG - atrace:87 - close.complete
2025-09-22 14:52:09,890 - httpcore.connection - DEBUG - atrace:87 - close.started
2025-09-22 14:52:09,890 - httpcore.connection - DEBUG - atrace:87 - close.complete
2025-09-22 14:52:09,890 - httpcore.connection - DEBUG - atrace:87 - close.started
2025-09-22 14:52:09,890 - httpcore.connection - DEBUG - atrace:87 - close.complete
2025-09-22 14:52:09,890 - httpcore.connection - DEBUG - atrace:87 - close.started
2025-09-22 14:52:09,890 - httpcore.connection - DEBUG - atrace:87 - close.complete
2025-09-22 14:52:09,890 - httpcore.connection - DEBUG - atrace:87 - close.started
2025-09-22 14:52:09,890 - httpcore.connection - DEBUG - atrace:87 - close.complete
2025-09-22 14:52:09,890 - httpcore.connection - DEBUG - atrace:87 - close.started
2025-09-22 14:52:09,890 - httpcore.connection - DEBUG - atrace:87 - close.complete
2025-09-22 14:52:09,890 - httpcore.connection - DEBUG - atrace:87 - close.started
2025-09-22 14:52:09,890 - httpcore.connection - DEBUG - atrace:87 - close.complete
2025-09-22 14:52:09,890 - httpcore.connection - DEBUG - atrace:87 - close.started
2025-09-22 14:52:09,890 - httpcore.connection - DEBUG - atrace:87 - close.complete
2025-09-22 14:52:09,890 - httpcore.connection - DEBUG - atrace:87 - close.started
2025-09-22 14:52:09,890 - httpcore.connection - DEBUG - atrace:87 - close.complete
2025-09-22 14:52:09,890 - httpcore.connection - DEBUG - atrace:87 - close.started
2025-09-22 14:52:09,890 - httpcore.connection - DEBUG - atrace:87 - close.complete
2025-09-22 14:52:09,890 - httpcore.connection - DEBUG - atrace:87 - close.started
2025-09-22 14:52:09,890 - httpcore.connection - DEBUG - atrace:87 - close.complete
2025-09-22 14:52:09,890 - httpcore.connection - DEBUG - atrace:87 - close.started
2025-09-22 14:52:09,890 - httpcore.connection - DEBUG - atrace:87 - close.complete
2025-09-22 14:52:09,890 - httpcore.connection - DEBUG - atrace:87 - close.started
2025-09-22 14:52:09,890 - httpcore.connection - DEBUG - atrace:87 - close.complete
2025-09-22 14:52:09,890 - httpcore.connection - DEBUG - atrace:87 - close.started
2025-09-22 14:52:09,890 - httpcore.connection - DEBUG - atrace:87 - close.complete
2025-09-22 14:52:09,890 - httpcore.connection - DEBUG - atrace:87 - close.started
2025-09-22 14:52:09,890 - httpcore.connection - DEBUG - atrace:87 - close.complete
2025-09-22 14:52:09,890 - httpcore.connection - DEBUG - atrace:87 - close.started
2025-09-22 14:52:09,890 - httpcore.connection - DEBUG - atrace:87 - close.complete
2025-09-22 14:52:09,890 - httpcore.connection - DEBUG - atrace:87 - close.started
2025-09-22 14:52:09,895 - httpcore.connection - DEBUG - atrace:87 - close.complete
2025-09-22 14:52:09,895 - httpcore.connection - DEBUG - atrace:87 - close.started
2025-09-22 14:52:09,895 - httpcore.connection - DEBUG - atrace:87 - close.complete
2025-09-22 14:52:09,895 - httpcore.connection - DEBUG - atrace:87 - close.started
2025-09-22 14:52:09,895 - httpcore.connection - DEBUG - atrace:87 - close.complete
2025-09-22 14:52:09,895 - planning.graph_builder - INFO - add_entities:32 - [2m2025-09-22T09:22:09.895426Z[0m [[32m[1minfo     [0m] [1mAdded entities to graph       [0m [[0m[1m[34mplanning.graph_builder[0m][0m [36mentity_count[0m=[35m26[0m
2025-09-22 14:52:09,895 - planning.graph_builder - INFO - add_relationships:54 - [2m2025-09-22T09:22:09.895426Z[0m [[32m[1minfo     [0m] [1mAdded relationships to graph  [0m [[0m[1m[34mplanning.graph_builder[0m][0m [36mrelationship_count[0m=[35m0[0m
2025-09-22 14:52:09,895 - planning.graph_builder - INFO - get_processing_order:72 - [2m2025-09-22T09:22:09.895426Z[0m [[32m[1minfo     [0m] [1mGenerated processing order    [0m [[0m[1m[34mplanning.graph_builder[0m][0m [36mlevels[0m=[35m1[0m [36mtotal_entities[0m=[35m26[0m
2025-09-22 14:52:09,895 - planning.plan_generator - INFO - create_execution_plan:134 - [2m2025-09-22T09:22:09.895426Z[0m [[32m[1minfo     [0m] [1mCreating execution plan       [0m [[0m[1m[34mplanning.plan_generator[0m][0m [36mselected_entities[0m=[35mall[0m [36mtotal_entities[0m=[35m26[0m
2025-09-22 14:52:09,895 - planning.plan_generator - INFO - create_execution_plan:152 - [2m2025-09-22T09:22:09.895426Z[0m [[32m[1minfo     [0m] [1mSkipping empty entity         [0m [[0m[1m[34mplanning.plan_generator[0m][0m [36mentity[0m=[35mCustomerDemographics[0m
2025-09-22 14:52:09,895 - planning.plan_generator - INFO - create_execution_plan:186 - [2m2025-09-22T09:22:09.895426Z[0m [[32m[1minfo     [0m] [1mExecution plan created        [0m [[0m[1m[34mplanning.plan_generator[0m][0m [36mplanned_entities[0m=[35m25[0m [36mtotal_commands[0m=[35m28[0m
2025-09-22 14:52:09,895 - odc.connector - INFO - _discovery_phase:213 - [2m2025-09-22T09:22:09.895426Z[0m [[32m[1minfo     [0m] [1mDiscovery phase completed     [0m [[0m[1m[34modc.connector[0m][0m [36mentities[0m=[35m26[0m [36mprocessing_levels[0m=[35m1[0m [36mtotal_records[0m=[35m11427[0m
2025-09-22 14:52:09,895 - odc.connector - INFO - _execution_phase:220 - [2m2025-09-22T09:22:09.895426Z[0m [[32m[1minfo     [0m] [1mStarting execution phase      [0m [[0m[1m[34modc.connector[0m][0m
2025-09-22 14:52:09,899 - workers.proxy_pool - INFO - start:306 - [2m2025-09-22T09:22:09.899463Z[0m [[32m[1minfo     [0m] [1mStarting proxy pool           [0m [[0m[1m[34mworkers.proxy_pool[0m][0m [36mmax_workers[0m=[35m3[0m
2025-09-22 14:52:09,899 - workers.proxy_pool - INFO - start:326 - [2m2025-09-22T09:22:09.899463Z[0m [[32m[1minfo     [0m] [1mProxy pool started successfully[0m [[0m[1m[34mworkers.proxy_pool[0m][0m
2025-09-22 14:52:09,899 - planning.plan_generator - INFO - get_initial_commands:219 - [2m2025-09-22T09:22:09.899984Z[0m [[32m[1minfo     [0m] [1mGenerated initial commands    [0m [[0m[1m[34mplanning.plan_generator[0m][0m [36mcommand_count[0m=[35m28[0m
2025-09-22 14:52:09,899 - workers.proxy_pool - INFO - add_commands:367 - [2m2025-09-22T09:22:09.899984Z[0m [[32m[1minfo     [0m] [1mCommands added to queue       [0m [[0m[1m[34mworkers.proxy_pool[0m][0m [36mcount[0m=[35m28[0m
2025-09-22 14:52:09,899 - workers.proxy_pool - INFO - _worker_loop:373 - [2m2025-09-22T09:22:09.899984Z[0m [[32m[1minfo     [0m] [1m🟢 Worker started and ready for commands[0m [[0m[1m[34mworkers.proxy_pool[0m][0m [36mworker_id[0m=[35mworker_0[0m [36mworker_status[0m=[35mACTIVE[0m
2025-09-22 14:52:09,899 - workers.proxy_pool - INFO - _worker_loop:396 - [2m2025-09-22T09:22:09.899984Z[0m [[32m[1minfo     [0m] [1m📋 Worker picked up command from queue[0m [[0m[1m[34mworkers.proxy_pool[0m][0m [36mcommand_id[0m=[35mEmployees_page_1[0m [36mentity[0m=[35mEmployees[0m [36mqueue_size_after_pickup[0m=[35m27[0m [36mworker_id[0m=[35mworker_0[0m [36mworker_status[0m=[35mPROCESSING[0m
2025-09-22 14:52:09,899 - workers.proxy_pool - ERROR - _worker_loop:431 - [2m2025-09-22T09:22:09.899984Z[0m [[31m[1merror    [0m] [1m💥 Unexpected error in worker loop[0m [[0m[1m[34mworkers.proxy_pool[0m][0m [36merror[0m=[35m"'ProxyWorker' object has no attribute 'execute_command'"[0m [36merror_type[0m=[35mAttributeError[0m [36mworker_id[0m=[35mworker_0[0m [36mworker_status[0m=[35mERROR[0m
2025-09-22 14:52:09,899 - workers.proxy_pool - INFO - _worker_loop:396 - [2m2025-09-22T09:22:09.899984Z[0m [[32m[1minfo     [0m] [1m📋 Worker picked up command from queue[0m [[0m[1m[34mworkers.proxy_pool[0m][0m [36mcommand_id[0m=[35mProducts_by_Categories_page_1[0m [36mentity[0m=[35mProducts_by_Categories[0m [36mqueue_size_after_pickup[0m=[35m26[0m [36mworker_id[0m=[35mworker_0[0m [36mworker_status[0m=[35mPROCESSING[0m
2025-09-22 14:52:09,899 - workers.proxy_pool - ERROR - _worker_loop:431 - [2m2025-09-22T09:22:09.899984Z[0m [[31m[1merror    [0m] [1m💥 Unexpected error in worker loop[0m [[0m[1m[34mworkers.proxy_pool[0m][0m [36merror[0m=[35m"'ProxyWorker' object has no attribute 'execute_command'"[0m [36merror_type[0m=[35mAttributeError[0m [36mworker_id[0m=[35mworker_0[0m [36mworker_status[0m=[35mERROR[0m
2025-09-22 14:52:09,899 - workers.proxy_pool - INFO - _worker_loop:396 - [2m2025-09-22T09:22:09.899984Z[0m [[32m[1minfo     [0m] [1m📋 Worker picked up command from queue[0m [[0m[1m[34mworkers.proxy_pool[0m][0m [36mcommand_id[0m=[35mCategories_page_1[0m [36mentity[0m=[35mCategories[0m [36mqueue_size_after_pickup[0m=[35m25[0m [36mworker_id[0m=[35mworker_0[0m [36mworker_status[0m=[35mPROCESSING[0m
2025-09-22 14:52:09,899 - workers.proxy_pool - ERROR - _worker_loop:431 - [2m2025-09-22T09:22:09.899984Z[0m [[31m[1merror    [0m] [1m💥 Unexpected error in worker loop[0m [[0m[1m[34mworkers.proxy_pool[0m][0m [36merror[0m=[35m"'ProxyWorker' object has no attribute 'execute_command'"[0m [36merror_type[0m=[35mAttributeError[0m [36mworker_id[0m=[35mworker_0[0m [36mworker_status[0m=[35mERROR[0m
2025-09-22 14:52:09,899 - workers.proxy_pool - INFO - _worker_loop:396 - [2m2025-09-22T09:22:09.899984Z[0m [[32m[1minfo     [0m] [1m📋 Worker picked up command from queue[0m [[0m[1m[34mworkers.proxy_pool[0m][0m [36mcommand_id[0m=[35mCustomers_page_1[0m [36mentity[0m=[35mCustomers[0m [36mqueue_size_after_pickup[0m=[35m24[0m [36mworker_id[0m=[35mworker_0[0m [36mworker_status[0m=[35mPROCESSING[0m
2025-09-22 14:52:09,899 - workers.proxy_pool - ERROR - _worker_loop:431 - [2m2025-09-22T09:22:09.899984Z[0m [[31m[1merror    [0m] [1m💥 Unexpected error in worker loop[0m [[0m[1m[34mworkers.proxy_pool[0m][0m [36merror[0m=[35m"'ProxyWorker' object has no attribute 'execute_command'"[0m [36merror_type[0m=[35mAttributeError[0m [36mworker_id[0m=[35mworker_0[0m [36mworker_status[0m=[35mERROR[0m
2025-09-22 14:52:09,899 - workers.proxy_pool - INFO - _worker_loop:396 - [2m2025-09-22T09:22:09.899984Z[0m [[32m[1minfo     [0m] [1m📋 Worker picked up command from queue[0m [[0m[1m[34mworkers.proxy_pool[0m][0m [36mcommand_id[0m=[35mAlphabetical_list_of_products_page_1[0m [36mentity[0m=[35mAlphabetical_list_of_products[0m [36mqueue_size_after_pickup[0m=[35m23[0m [36mworker_id[0m=[35mworker_0[0m [36mworker_status[0m=[35mPROCESSING[0m
2025-09-22 14:52:09,899 - workers.proxy_pool - ERROR - _worker_loop:431 - [2m2025-09-22T09:22:09.899984Z[0m [[31m[1merror    [0m] [1m💥 Unexpected error in worker loop[0m [[0m[1m[34mworkers.proxy_pool[0m][0m [36merror[0m=[35m"'ProxyWorker' object has no attribute 'execute_command'"[0m [36merror_type[0m=[35mAttributeError[0m [36mworker_id[0m=[35mworker_0[0m [36mworker_status[0m=[35mERROR[0m
2025-09-22 14:52:09,899 - workers.proxy_pool - INFO - _worker_loop:396 - [2m2025-09-22T09:22:09.899984Z[0m [[32m[1minfo     [0m] [1m📋 Worker picked up command from queue[0m [[0m[1m[34mworkers.proxy_pool[0m][0m [36mcommand_id[0m=[35mOrder_Details_Extendeds_page_1[0m [36mentity[0m=[35mOrder_Details_Extendeds[0m [36mqueue_size_after_pickup[0m=[35m22[0m [36mworker_id[0m=[35mworker_0[0m [36mworker_status[0m=[35mPROCESSING[0m
2025-09-22 14:52:09,899 - workers.proxy_pool - ERROR - _worker_loop:431 - [2m2025-09-22T09:22:09.899984Z[0m [[31m[1merror    [0m] [1m💥 Unexpected error in worker loop[0m [[0m[1m[34mworkers.proxy_pool[0m][0m [36merror[0m=[35m"'ProxyWorker' object has no attribute 'execute_command'"[0m [36merror_type[0m=[35mAttributeError[0m [36mworker_id[0m=[35mworker_0[0m [36mworker_status[0m=[35mERROR[0m
2025-09-22 14:52:09,904 - workers.proxy_pool - INFO - _worker_loop:396 - [2m2025-09-22T09:22:09.904770Z[0m [[32m[1minfo     [0m] [1m📋 Worker picked up command from queue[0m [[0m[1m[34mworkers.proxy_pool[0m][0m [36mcommand_id[0m=[35mOrder_Details_Extendeds_page_2[0m [36mentity[0m=[35mOrder_Details_Extendeds[0m [36mqueue_size_after_pickup[0m=[35m21[0m [36mworker_id[0m=[35mworker_0[0m [36mworker_status[0m=[35mPROCESSING[0m
2025-09-22 14:52:09,905 - workers.proxy_pool - ERROR - _worker_loop:431 - [2m2025-09-22T09:22:09.905377Z[0m [[31m[1merror    [0m] [1m💥 Unexpected error in worker loop[0m [[0m[1m[34mworkers.proxy_pool[0m][0m [36merror[0m=[35m"'ProxyWorker' object has no attribute 'execute_command'"[0m [36merror_type[0m=[35mAttributeError[0m [36mworker_id[0m=[35mworker_0[0m [36mworker_status[0m=[35mERROR[0m
2025-09-22 14:52:09,905 - workers.proxy_pool - INFO - _worker_loop:396 - [2m2025-09-22T09:22:09.905888Z[0m [[32m[1minfo     [0m] [1m📋 Worker picked up command from queue[0m [[0m[1m[34mworkers.proxy_pool[0m][0m [36mcommand_id[0m=[35mTerritories_page_1[0m [36mentity[0m=[35mTerritories[0m [36mqueue_size_after_pickup[0m=[35m20[0m [36mworker_id[0m=[35mworker_0[0m [36mworker_status[0m=[35mPROCESSING[0m
2025-09-22 14:52:09,905 - workers.proxy_pool - ERROR - _worker_loop:431 - [2m2025-09-22T09:22:09.905888Z[0m [[31m[1merror    [0m] [1m💥 Unexpected error in worker loop[0m [[0m[1m[34mworkers.proxy_pool[0m][0m [36merror[0m=[35m"'ProxyWorker' object has no attribute 'execute_command'"[0m [36merror_type[0m=[35mAttributeError[0m [36mworker_id[0m=[35mworker_0[0m [36mworker_status[0m=[35mERROR[0m
2025-09-22 14:52:09,906 - workers.proxy_pool - INFO - _worker_loop:396 - [2m2025-09-22T09:22:09.906868Z[0m [[32m[1minfo     [0m] [1m📋 Worker picked up command from queue[0m [[0m[1m[34mworkers.proxy_pool[0m][0m [36mcommand_id[0m=[35mOrder_Details_page_1[0m [36mentity[0m=[35mOrder_Details[0m [36mqueue_size_after_pickup[0m=[35m19[0m [36mworker_id[0m=[35mworker_0[0m [36mworker_status[0m=[35mPROCESSING[0m
2025-09-22 14:52:09,906 - workers.proxy_pool - ERROR - _worker_loop:431 - [2m2025-09-22T09:22:09.906868Z[0m [[31m[1merror    [0m] [1m💥 Unexpected error in worker loop[0m [[0m[1m[34mworkers.proxy_pool[0m][0m [36merror[0m=[35m"'ProxyWorker' object has no attribute 'execute_command'"[0m [36merror_type[0m=[35mAttributeError[0m [36mworker_id[0m=[35mworker_0[0m [36mworker_status[0m=[35mERROR[0m
2025-09-22 14:52:09,906 - workers.proxy_pool - INFO - _worker_loop:396 - [2m2025-09-22T09:22:09.906868Z[0m [[32m[1minfo     [0m] [1m📋 Worker picked up command from queue[0m [[0m[1m[34mworkers.proxy_pool[0m][0m [36mcommand_id[0m=[35mOrder_Details_page_2[0m [36mentity[0m=[35mOrder_Details[0m [36mqueue_size_after_pickup[0m=[35m18[0m [36mworker_id[0m=[35mworker_0[0m [36mworker_status[0m=[35mPROCESSING[0m
2025-09-22 14:52:09,906 - workers.proxy_pool - ERROR - _worker_loop:431 - [2m2025-09-22T09:22:09.906868Z[0m [[31m[1merror    [0m] [1m💥 Unexpected error in worker loop[0m [[0m[1m[34mworkers.proxy_pool[0m][0m [36merror[0m=[35m"'ProxyWorker' object has no attribute 'execute_command'"[0m [36merror_type[0m=[35mAttributeError[0m [36mworker_id[0m=[35mworker_0[0m [36mworker_status[0m=[35mERROR[0m
2025-09-22 14:52:09,906 - workers.proxy_pool - INFO - _worker_loop:396 - [2m2025-09-22T09:22:09.906868Z[0m [[32m[1minfo     [0m] [1m📋 Worker picked up command from queue[0m [[0m[1m[34mworkers.proxy_pool[0m][0m [36mcommand_id[0m=[35mSales_Totals_by_Amounts_page_1[0m [36mentity[0m=[35mSales_Totals_by_Amounts[0m [36mqueue_size_after_pickup[0m=[35m17[0m [36mworker_id[0m=[35mworker_0[0m [36mworker_status[0m=[35mPROCESSING[0m
2025-09-22 14:52:09,906 - workers.proxy_pool - ERROR - _worker_loop:431 - [2m2025-09-22T09:22:09.906868Z[0m [[31m[1merror    [0m] [1m💥 Unexpected error in worker loop[0m [[0m[1m[34mworkers.proxy_pool[0m][0m [36merror[0m=[35m"'ProxyWorker' object has no attribute 'execute_command'"[0m [36merror_type[0m=[35mAttributeError[0m [36mworker_id[0m=[35mworker_0[0m [36mworker_status[0m=[35mERROR[0m
2025-09-22 14:52:09,906 - workers.proxy_pool - INFO - _worker_loop:396 - [2m2025-09-22T09:22:09.906868Z[0m [[32m[1minfo     [0m] [1m📋 Worker picked up command from queue[0m [[0m[1m[34mworkers.proxy_pool[0m][0m [36mcommand_id[0m=[35mProducts_page_1[0m [36mentity[0m=[35mProducts[0m [36mqueue_size_after_pickup[0m=[35m16[0m [36mworker_id[0m=[35mworker_0[0m [36mworker_status[0m=[35mPROCESSING[0m
2025-09-22 14:52:09,906 - workers.proxy_pool - ERROR - _worker_loop:431 - [2m2025-09-22T09:22:09.906868Z[0m [[31m[1merror    [0m] [1m💥 Unexpected error in worker loop[0m [[0m[1m[34mworkers.proxy_pool[0m][0m [36merror[0m=[35m"'ProxyWorker' object has no attribute 'execute_command'"[0m [36merror_type[0m=[35mAttributeError[0m [36mworker_id[0m=[35mworker_0[0m [36mworker_status[0m=[35mERROR[0m
2025-09-22 14:52:09,906 - workers.proxy_pool - INFO - _worker_loop:396 - [2m2025-09-22T09:22:09.906868Z[0m [[32m[1minfo     [0m] [1m📋 Worker picked up command from queue[0m [[0m[1m[34mworkers.proxy_pool[0m][0m [36mcommand_id[0m=[35mSummary_of_Sales_by_Quarters_page_1[0m [36mentity[0m=[35mSummary_of_Sales_by_Quarters[0m [36mqueue_size_after_pickup[0m=[35m15[0m [36mworker_id[0m=[35mworker_0[0m [36mworker_status[0m=[35mPROCESSING[0m
2025-09-22 14:52:09,906 - workers.proxy_pool - ERROR - _worker_loop:431 - [2m2025-09-22T09:22:09.906868Z[0m [[31m[1merror    [0m] [1m💥 Unexpected error in worker loop[0m [[0m[1m[34mworkers.proxy_pool[0m][0m [36merror[0m=[35m"'ProxyWorker' object has no attribute 'execute_command'"[0m [36merror_type[0m=[35mAttributeError[0m [36mworker_id[0m=[35mworker_0[0m [36mworker_status[0m=[35mERROR[0m
2025-09-22 14:52:09,906 - workers.proxy_pool - INFO - _worker_loop:396 - [2m2025-09-22T09:22:09.906868Z[0m [[32m[1minfo     [0m] [1m📋 Worker picked up command from queue[0m [[0m[1m[34mworkers.proxy_pool[0m][0m [36mcommand_id[0m=[35mOrder_Subtotals_page_1[0m [36mentity[0m=[35mOrder_Subtotals[0m [36mqueue_size_after_pickup[0m=[35m14[0m [36mworker_id[0m=[35mworker_0[0m [36mworker_status[0m=[35mPROCESSING[0m
2025-09-22 14:52:09,906 - workers.proxy_pool - ERROR - _worker_loop:431 - [2m2025-09-22T09:22:09.906868Z[0m [[31m[1merror    [0m] [1m💥 Unexpected error in worker loop[0m [[0m[1m[34mworkers.proxy_pool[0m][0m [36merror[0m=[35m"'ProxyWorker' object has no attribute 'execute_command'"[0m [36merror_type[0m=[35mAttributeError[0m [36mworker_id[0m=[35mworker_0[0m [36mworker_status[0m=[35mERROR[0m
2025-09-22 14:52:09,906 - workers.proxy_pool - INFO - _worker_loop:396 - [2m2025-09-22T09:22:09.906868Z[0m [[32m[1minfo     [0m] [1m📋 Worker picked up command from queue[0m [[0m[1m[34mworkers.proxy_pool[0m][0m [36mcommand_id[0m=[35mProducts_Above_Average_Prices_page_1[0m [36mentity[0m=[35mProducts_Above_Average_Prices[0m [36mqueue_size_after_pickup[0m=[35m13[0m [36mworker_id[0m=[35mworker_0[0m [36mworker_status[0m=[35mPROCESSING[0m
2025-09-22 14:52:09,906 - workers.proxy_pool - ERROR - _worker_loop:431 - [2m2025-09-22T09:22:09.906868Z[0m [[31m[1merror    [0m] [1m💥 Unexpected error in worker loop[0m [[0m[1m[34mworkers.proxy_pool[0m][0m [36merror[0m=[35m"'ProxyWorker' object has no attribute 'execute_command'"[0m [36merror_type[0m=[35mAttributeError[0m [36mworker_id[0m=[35mworker_0[0m [36mworker_status[0m=[35mERROR[0m
2025-09-22 14:52:09,906 - workers.proxy_pool - INFO - _worker_loop:396 - [2m2025-09-22T09:22:09.906868Z[0m [[32m[1minfo     [0m] [1m📋 Worker picked up command from queue[0m [[0m[1m[34mworkers.proxy_pool[0m][0m [36mcommand_id[0m=[35mSummary_of_Sales_by_Years_page_1[0m [36mentity[0m=[35mSummary_of_Sales_by_Years[0m [36mqueue_size_after_pickup[0m=[35m12[0m [36mworker_id[0m=[35mworker_0[0m [36mworker_status[0m=[35mPROCESSING[0m
2025-09-22 14:52:09,906 - workers.proxy_pool - ERROR - _worker_loop:431 - [2m2025-09-22T09:22:09.906868Z[0m [[31m[1merror    [0m] [1m💥 Unexpected error in worker loop[0m [[0m[1m[34mworkers.proxy_pool[0m][0m [36merror[0m=[35m"'ProxyWorker' object has no attribute 'execute_command'"[0m [36merror_type[0m=[35mAttributeError[0m [36mworker_id[0m=[35mworker_0[0m [36mworker_status[0m=[35mERROR[0m
2025-09-22 14:52:09,906 - workers.proxy_pool - INFO - _worker_loop:396 - [2m2025-09-22T09:22:09.906868Z[0m [[32m[1minfo     [0m] [1m📋 Worker picked up command from queue[0m [[0m[1m[34mworkers.proxy_pool[0m][0m [36mcommand_id[0m=[35mOrders_page_1[0m [36mentity[0m=[35mOrders[0m [36mqueue_size_after_pickup[0m=[35m11[0m [36mworker_id[0m=[35mworker_0[0m [36mworker_status[0m=[35mPROCESSING[0m
2025-09-22 14:52:09,906 - workers.proxy_pool - ERROR - _worker_loop:431 - [2m2025-09-22T09:22:09.906868Z[0m [[31m[1merror    [0m] [1m💥 Unexpected error in worker loop[0m [[0m[1m[34mworkers.proxy_pool[0m][0m [36merror[0m=[35m"'ProxyWorker' object has no attribute 'execute_command'"[0m [36merror_type[0m=[35mAttributeError[0m [36mworker_id[0m=[35mworker_0[0m [36mworker_status[0m=[35mERROR[0m
2025-09-22 14:52:09,906 - workers.proxy_pool - INFO - _worker_loop:396 - [2m2025-09-22T09:22:09.906868Z[0m [[32m[1minfo     [0m] [1m📋 Worker picked up command from queue[0m [[0m[1m[34mworkers.proxy_pool[0m][0m [36mcommand_id[0m=[35mShippers_page_1[0m [36mentity[0m=[35mShippers[0m [36mqueue_size_after_pickup[0m=[35m10[0m [36mworker_id[0m=[35mworker_0[0m [36mworker_status[0m=[35mPROCESSING[0m
2025-09-22 14:52:09,913 - workers.proxy_pool - ERROR - _worker_loop:431 - [2m2025-09-22T09:22:09.913406Z[0m [[31m[1merror    [0m] [1m💥 Unexpected error in worker loop[0m [[0m[1m[34mworkers.proxy_pool[0m][0m [36merror[0m=[35m"'ProxyWorker' object has no attribute 'execute_command'"[0m [36merror_type[0m=[35mAttributeError[0m [36mworker_id[0m=[35mworker_0[0m [36mworker_status[0m=[35mERROR[0m
2025-09-22 14:52:09,913 - workers.proxy_pool - INFO - _worker_loop:396 - [2m2025-09-22T09:22:09.913406Z[0m [[32m[1minfo     [0m] [1m📋 Worker picked up command from queue[0m [[0m[1m[34mworkers.proxy_pool[0m][0m [36mcommand_id[0m=[35mRegions_page_1[0m [36mentity[0m=[35mRegions[0m [36mqueue_size_after_pickup[0m=[35m9[0m [36mworker_id[0m=[35mworker_0[0m [36mworker_status[0m=[35mPROCESSING[0m
2025-09-22 14:52:09,913 - workers.proxy_pool - ERROR - _worker_loop:431 - [2m2025-09-22T09:22:09.913406Z[0m [[31m[1merror    [0m] [1m💥 Unexpected error in worker loop[0m [[0m[1m[34mworkers.proxy_pool[0m][0m [36merror[0m=[35m"'ProxyWorker' object has no attribute 'execute_command'"[0m [36merror_type[0m=[35mAttributeError[0m [36mworker_id[0m=[35mworker_0[0m [36mworker_status[0m=[35mERROR[0m
2025-09-22 14:52:09,913 - workers.proxy_pool - INFO - _worker_loop:396 - [2m2025-09-22T09:22:09.913406Z[0m [[32m[1minfo     [0m] [1m📋 Worker picked up command from queue[0m [[0m[1m[34mworkers.proxy_pool[0m][0m [36mcommand_id[0m=[35mCategory_Sales_for_1997_page_1[0m [36mentity[0m=[35mCategory_Sales_for_1997[0m [36mqueue_size_after_pickup[0m=[35m8[0m [36mworker_id[0m=[35mworker_0[0m [36mworker_status[0m=[35mPROCESSING[0m
2025-09-22 14:52:09,913 - workers.proxy_pool - ERROR - _worker_loop:431 - [2m2025-09-22T09:22:09.913406Z[0m [[31m[1merror    [0m] [1m💥 Unexpected error in worker loop[0m [[0m[1m[34mworkers.proxy_pool[0m][0m [36merror[0m=[35m"'ProxyWorker' object has no attribute 'execute_command'"[0m [36merror_type[0m=[35mAttributeError[0m [36mworker_id[0m=[35mworker_0[0m [36mworker_status[0m=[35mERROR[0m
2025-09-22 14:52:09,913 - workers.proxy_pool - INFO - _worker_loop:396 - [2m2025-09-22T09:22:09.913406Z[0m [[32m[1minfo     [0m] [1m📋 Worker picked up command from queue[0m [[0m[1m[34mworkers.proxy_pool[0m][0m [36mcommand_id[0m=[35mCurrent_Product_Lists_page_1[0m [36mentity[0m=[35mCurrent_Product_Lists[0m [36mqueue_size_after_pickup[0m=[35m7[0m [36mworker_id[0m=[35mworker_0[0m [36mworker_status[0m=[35mPROCESSING[0m
2025-09-22 14:52:09,913 - workers.proxy_pool - ERROR - _worker_loop:431 - [2m2025-09-22T09:22:09.913406Z[0m [[31m[1merror    [0m] [1m💥 Unexpected error in worker loop[0m [[0m[1m[34mworkers.proxy_pool[0m][0m [36merror[0m=[35m"'ProxyWorker' object has no attribute 'execute_command'"[0m [36merror_type[0m=[35mAttributeError[0m [36mworker_id[0m=[35mworker_0[0m [36mworker_status[0m=[35mERROR[0m
2025-09-22 14:52:09,913 - workers.proxy_pool - INFO - _worker_loop:396 - [2m2025-09-22T09:22:09.913406Z[0m [[32m[1minfo     [0m] [1m📋 Worker picked up command from queue[0m [[0m[1m[34mworkers.proxy_pool[0m][0m [36mcommand_id[0m=[35mInvoices_page_1[0m [36mentity[0m=[35mInvoices[0m [36mqueue_size_after_pickup[0m=[35m6[0m [36mworker_id[0m=[35mworker_0[0m [36mworker_status[0m=[35mPROCESSING[0m
2025-09-22 14:52:09,913 - workers.proxy_pool - ERROR - _worker_loop:431 - [2m2025-09-22T09:22:09.913406Z[0m [[31m[1merror    [0m] [1m💥 Unexpected error in worker loop[0m [[0m[1m[34mworkers.proxy_pool[0m][0m [36merror[0m=[35m"'ProxyWorker' object has no attribute 'execute_command'"[0m [36merror_type[0m=[35mAttributeError[0m [36mworker_id[0m=[35mworker_0[0m [36mworker_status[0m=[35mERROR[0m
2025-09-22 14:52:09,913 - workers.proxy_pool - INFO - _worker_loop:396 - [2m2025-09-22T09:22:09.913406Z[0m [[32m[1minfo     [0m] [1m📋 Worker picked up command from queue[0m [[0m[1m[34mworkers.proxy_pool[0m][0m [36mcommand_id[0m=[35mInvoices_page_2[0m [36mentity[0m=[35mInvoices[0m [36mqueue_size_after_pickup[0m=[35m5[0m [36mworker_id[0m=[35mworker_0[0m [36mworker_status[0m=[35mPROCESSING[0m
2025-09-22 14:52:09,913 - workers.proxy_pool - ERROR - _worker_loop:431 - [2m2025-09-22T09:22:09.913406Z[0m [[31m[1merror    [0m] [1m💥 Unexpected error in worker loop[0m [[0m[1m[34mworkers.proxy_pool[0m][0m [36merror[0m=[35m"'ProxyWorker' object has no attribute 'execute_command'"[0m [36merror_type[0m=[35mAttributeError[0m [36mworker_id[0m=[35mworker_0[0m [36mworker_status[0m=[35mERROR[0m
2025-09-22 14:52:09,913 - workers.proxy_pool - INFO - _worker_loop:396 - [2m2025-09-22T09:22:09.913406Z[0m [[32m[1minfo     [0m] [1m📋 Worker picked up command from queue[0m [[0m[1m[34mworkers.proxy_pool[0m][0m [36mcommand_id[0m=[35mProduct_Sales_for_1997_page_1[0m [36mentity[0m=[35mProduct_Sales_for_1997[0m [36mqueue_size_after_pickup[0m=[35m4[0m [36mworker_id[0m=[35mworker_0[0m [36mworker_status[0m=[35mPROCESSING[0m
2025-09-22 14:52:09,913 - workers.proxy_pool - ERROR - _worker_loop:431 - [2m2025-09-22T09:22:09.913406Z[0m [[31m[1merror    [0m] [1m💥 Unexpected error in worker loop[0m [[0m[1m[34mworkers.proxy_pool[0m][0m [36merror[0m=[35m"'ProxyWorker' object has no attribute 'execute_command'"[0m [36merror_type[0m=[35mAttributeError[0m [36mworker_id[0m=[35mworker_0[0m [36mworker_status[0m=[35mERROR[0m
2025-09-22 14:52:09,913 - workers.proxy_pool - INFO - _worker_loop:396 - [2m2025-09-22T09:22:09.913406Z[0m [[32m[1minfo     [0m] [1m📋 Worker picked up command from queue[0m [[0m[1m[34mworkers.proxy_pool[0m][0m [36mcommand_id[0m=[35mSales_by_Categories_page_1[0m [36mentity[0m=[35mSales_by_Categories[0m [36mqueue_size_after_pickup[0m=[35m3[0m [36mworker_id[0m=[35mworker_0[0m [36mworker_status[0m=[35mPROCESSING[0m
2025-09-22 14:52:09,913 - workers.proxy_pool - ERROR - _worker_loop:431 - [2m2025-09-22T09:22:09.913406Z[0m [[31m[1merror    [0m] [1m💥 Unexpected error in worker loop[0m [[0m[1m[34mworkers.proxy_pool[0m][0m [36merror[0m=[35m"'ProxyWorker' object has no attribute 'execute_command'"[0m [36merror_type[0m=[35mAttributeError[0m [36mworker_id[0m=[35mworker_0[0m [36mworker_status[0m=[35mERROR[0m
2025-09-22 14:52:09,913 - workers.proxy_pool - INFO - _worker_loop:396 - [2m2025-09-22T09:22:09.913406Z[0m [[32m[1minfo     [0m] [1m📋 Worker picked up command from queue[0m [[0m[1m[34mworkers.proxy_pool[0m][0m [36mcommand_id[0m=[35mSuppliers_page_1[0m [36mentity[0m=[35mSuppliers[0m [36mqueue_size_after_pickup[0m=[35m2[0m [36mworker_id[0m=[35mworker_0[0m [36mworker_status[0m=[35mPROCESSING[0m
2025-09-22 14:52:09,913 - workers.proxy_pool - ERROR - _worker_loop:431 - [2m2025-09-22T09:22:09.913406Z[0m [[31m[1merror    [0m] [1m💥 Unexpected error in worker loop[0m [[0m[1m[34mworkers.proxy_pool[0m][0m [36merror[0m=[35m"'ProxyWorker' object has no attribute 'execute_command'"[0m [36merror_type[0m=[35mAttributeError[0m [36mworker_id[0m=[35mworker_0[0m [36mworker_status[0m=[35mERROR[0m
2025-09-22 14:52:09,913 - workers.proxy_pool - INFO - _worker_loop:396 - [2m2025-09-22T09:22:09.913406Z[0m [[32m[1minfo     [0m] [1m📋 Worker picked up command from queue[0m [[0m[1m[34mworkers.proxy_pool[0m][0m [36mcommand_id[0m=[35mOrders_Qries_page_1[0m [36mentity[0m=[35mOrders_Qries[0m [36mqueue_size_after_pickup[0m=[35m1[0m [36mworker_id[0m=[35mworker_0[0m [36mworker_status[0m=[35mPROCESSING[0m
2025-09-22 14:52:09,913 - workers.proxy_pool - ERROR - _worker_loop:431 - [2m2025-09-22T09:22:09.913406Z[0m [[31m[1merror    [0m] [1m💥 Unexpected error in worker loop[0m [[0m[1m[34mworkers.proxy_pool[0m][0m [36merror[0m=[35m"'ProxyWorker' object has no attribute 'execute_command'"[0m [36merror_type[0m=[35mAttributeError[0m [36mworker_id[0m=[35mworker_0[0m [36mworker_status[0m=[35mERROR[0m
2025-09-22 14:52:09,913 - workers.proxy_pool - INFO - _worker_loop:396 - [2m2025-09-22T09:22:09.913406Z[0m [[32m[1minfo     [0m] [1m📋 Worker picked up command from queue[0m [[0m[1m[34mworkers.proxy_pool[0m][0m [36mcommand_id[0m=[35mCustomer_and_Suppliers_by_Cities_page_1[0m [36mentity[0m=[35mCustomer_and_Suppliers_by_Cities[0m [36mqueue_size_after_pickup[0m=[35m0[0m [36mworker_id[0m=[35mworker_0[0m [36mworker_status[0m=[35mPROCESSING[0m
2025-09-22 14:52:09,913 - workers.proxy_pool - ERROR - _worker_loop:431 - [2m2025-09-22T09:22:09.913406Z[0m [[31m[1merror    [0m] [1m💥 Unexpected error in worker loop[0m [[0m[1m[34mworkers.proxy_pool[0m][0m [36merror[0m=[35m"'ProxyWorker' object has no attribute 'execute_command'"[0m [36merror_type[0m=[35mAttributeError[0m [36mworker_id[0m=[35mworker_0[0m [36mworker_status[0m=[35mERROR[0m
2025-09-22 14:52:09,913 - workers.proxy_pool - INFO - _worker_loop:373 - [2m2025-09-22T09:22:09.913406Z[0m [[32m[1minfo     [0m] [1m🟢 Worker started and ready for commands[0m [[0m[1m[34mworkers.proxy_pool[0m][0m [36mworker_id[0m=[35mworker_1[0m [36mworker_status[0m=[35mACTIVE[0m
2025-09-22 14:52:09,921 - workers.proxy_pool - INFO - _worker_loop:373 - [2m2025-09-22T09:22:09.913406Z[0m [[32m[1minfo     [0m] [1m🟢 Worker started and ready for commands[0m [[0m[1m[34mworkers.proxy_pool[0m][0m [36mworker_id[0m=[35mworker_2[0m [36mworker_status[0m=[35mACTIVE[0m
2025-09-22 14:52:12,922 - odc.connector - INFO - _execution_phase:232 - [2m2025-09-22T09:22:12.922502Z[0m [[32m[1minfo     [0m] [1mExecution phase completed     [0m [[0m[1m[34modc.connector[0m][0m
2025-09-22 14:52:12,922 - odc.connector - INFO - _completion_phase:267 - [2m2025-09-22T09:22:12.922502Z[0m [[32m[1minfo     [0m] [1mStarting completion phase     [0m [[0m[1m[34modc.connector[0m][0m
2025-09-22 14:52:12,924 - workers.proxy_pool - INFO - stop:333 - [2m2025-09-22T09:22:12.924549Z[0m [[32m[1minfo     [0m] [1mStopping proxy pool           [0m [[0m[1m[34mworkers.proxy_pool[0m][0m
2025-09-22 14:52:12,925 - workers.proxy_pool - INFO - _worker_loop:425 - [2m2025-09-22T09:22:12.925064Z[0m [[32m[1minfo     [0m] [1m🛑 Worker cancelled            [0m [[0m[1m[34mworkers.proxy_pool[0m][0m [36mworker_id[0m=[35mworker_0[0m [36mworker_status[0m=[35mCANCELLED[0m
2025-09-22 14:52:12,925 - workers.proxy_pool - INFO - _worker_loop:439 - [2m2025-09-22T09:22:12.925064Z[0m [[32m[1minfo     [0m] [1m🔴 Worker stopped              [0m [[0m[1m[34mworkers.proxy_pool[0m][0m [36mfinal_stats[0m=[35m{'requests_processed': 0, 'requests_failed': 0, 'requests_retried': 0}[0m [36mworker_id[0m=[35mworker_0[0m [36mworker_status[0m=[35mSTOPPED[0m
2025-09-22 14:52:12,925 - workers.proxy_pool - INFO - _worker_loop:425 - [2m2025-09-22T09:22:12.925064Z[0m [[32m[1minfo     [0m] [1m🛑 Worker cancelled            [0m [[0m[1m[34mworkers.proxy_pool[0m][0m [36mworker_id[0m=[35mworker_2[0m [36mworker_status[0m=[35mCANCELLED[0m
2025-09-22 14:52:12,925 - workers.proxy_pool - INFO - _worker_loop:439 - [2m2025-09-22T09:22:12.925064Z[0m [[32m[1minfo     [0m] [1m🔴 Worker stopped              [0m [[0m[1m[34mworkers.proxy_pool[0m][0m [36mfinal_stats[0m=[35m{'requests_processed': 0, 'requests_failed': 0, 'requests_retried': 0}[0m [36mworker_id[0m=[35mworker_2[0m [36mworker_status[0m=[35mSTOPPED[0m
2025-09-22 14:52:12,925 - workers.proxy_pool - INFO - _worker_loop:425 - [2m2025-09-22T09:22:12.925064Z[0m [[32m[1minfo     [0m] [1m🛑 Worker cancelled            [0m [[0m[1m[34mworkers.proxy_pool[0m][0m [36mworker_id[0m=[35mworker_1[0m [36mworker_status[0m=[35mCANCELLED[0m
2025-09-22 14:52:12,925 - workers.proxy_pool - INFO - _worker_loop:439 - [2m2025-09-22T09:22:12.925064Z[0m [[32m[1minfo     [0m] [1m🔴 Worker stopped              [0m [[0m[1m[34mworkers.proxy_pool[0m][0m [36mfinal_stats[0m=[35m{'requests_processed': 0, 'requests_failed': 0, 'requests_retried': 0}[0m [36mworker_id[0m=[35mworker_1[0m [36mworker_status[0m=[35mSTOPPED[0m
2025-09-22 14:52:12,925 - workers.proxy_pool - INFO - stop:351 - [2m2025-09-22T09:22:12.925064Z[0m [[32m[1minfo     [0m] [1mProxy pool stopped            [0m [[0m[1m[34mworkers.proxy_pool[0m][0m
2025-09-22 14:52:12,925 - odc.connector - INFO - run:169 - [2m2025-09-22T09:22:12.925064Z[0m [[32m[1minfo     [0m] [1mConnector execution completed successfully[0m [[0m[1m[34modc.connector[0m][0m [36mduration[0m=[35m11.833611[0m [36mentities_processed[0m=[35m0[0m [36mrecords_processed[0m=[35m0[0m
2025-09-22 14:52:12,925 - odc.connector - INFO - _cleanup:408 - [2m2025-09-22T09:22:12.925064Z[0m [[32m[1minfo     [0m] [1mCleaning up connector resources[0m [[0m[1m[34modc.connector[0m][0m
2025-09-22 14:52:12,933 - odc.connector - ERROR - _push_metrics_to_gateway:402 - [2m2025-09-22T09:22:12.933092Z[0m [[31m[1merror    [0m] [1mFailed to push metrics to Push Gateway[0m [[0m[1m[34modc.connector[0m][0m [36merror[0m=[35m"cannot import name 'PUSH_GATEWAY_URL' from 'odc' (C:\\Users\\Mothe Bhuvan Chandra\\Documents\\sap_odata_connector\\odc\\__init__.py)"[0m
