2025-09-22 11:02:04,757 - logging_config - INFO - setup_connector_logging:106 - [2m2025-09-22T05:32:04.757122Z[0m [[32m[1minfo     [0m] [1mSAP OData Connector logging configured[0m [[0m[1m[34mlogging_config[0m][0m [36mlog_file[0m=[35mlogs\sap_odata_connector_20250922_110204.log[0m [36mlog_level[0m=[35mINFO[0m [36mlog_to_file[0m=[35mTrue[0m
2025-09-22 11:02:05,381 - asyncio - DEBUG - __init__:634 - Using proactor: IocpProactor
2025-09-22 11:02:05,385 - connector - INFO - initialize:98 - [2m2025-09-22T05:32:05.385908Z[0m [[32m[1minfo     [0m] [1mInitializing SAP OData Connector[0m [[0m[1m[34mconnector[0m][0m
2025-09-22 11:02:05,390 - connector - INFO - initialize:124 - [2m2025-09-22T05:32:05.390472Z[0m [[32m[1minfo     [0m] [1mConnector initialization completed[0m [[0m[1m[34mconnector[0m][0m
2025-09-22 11:02:05,390 - connector - INFO - run:152 - [2m2025-09-22T05:32:05.390472Z[0m [[32m[1minfo     [0m] [1mStarting SAP OData connector execution[0m [[0m[1m[34mconnector[0m][0m
2025-09-22 11:02:05,391 - connector - INFO - _discovery_phase:187 - [2m2025-09-22T05:32:05.391483Z[0m [[32m[1minfo     [0m] [1mStarting discovery phase      [0m [[0m[1m[34mconnector[0m][0m
2025-09-22 11:02:05,698 - services.metadata - INFO - fetch_metadata:64 - [2m2025-09-22T05:32:05.698723Z[0m [[32m[1minfo     [0m] [1mFetching metadata from OData service[0m [[0m[1m[34mservices.metadata[0m][0m [36murl[0m=[35mhttps://services.odata.org/V4/Northwind/Northwind.svc/$metadata[0m
2025-09-22 11:02:05,698 - httpcore.connection - DEBUG - atrace:87 - connect_tcp.started host='services.odata.org' port=443 local_address=None timeout=30 socket_options=None
2025-09-22 11:02:06,002 - httpcore.connection - DEBUG - atrace:87 - connect_tcp.complete return_value=<httpcore._backends.anyio.AnyIOStream object at 0x000001DC701D32F0>
2025-09-22 11:02:06,002 - httpcore.connection - DEBUG - atrace:87 - start_tls.started ssl_context=<ssl.SSLContext object at 0x000001DC701B93D0> server_hostname='services.odata.org' timeout=30
2025-09-22 11:02:06,506 - httpcore.connection - DEBUG - atrace:87 - start_tls.complete return_value=<httpcore._backends.anyio.AnyIOStream object at 0x000001DC70119CD0>
2025-09-22 11:02:06,506 - httpcore.http11 - DEBUG - atrace:87 - send_request_headers.started request=<Request [b'GET']>
2025-09-22 11:02:06,506 - httpcore.http11 - DEBUG - atrace:87 - send_request_headers.complete
2025-09-22 11:02:06,506 - httpcore.http11 - DEBUG - atrace:87 - send_request_body.started request=<Request [b'GET']>
2025-09-22 11:02:06,506 - httpcore.http11 - DEBUG - atrace:87 - send_request_body.complete
2025-09-22 11:02:06,506 - httpcore.http11 - DEBUG - atrace:87 - receive_response_headers.started request=<Request [b'GET']>
2025-09-22 11:02:06,775 - httpcore.http11 - DEBUG - atrace:87 - receive_response_headers.complete return_value=(b'HTTP/1.1', 200, b'OK', [(b'Content-Length', b'19406'), (b'Content-Type', b'application/xml;charset=utf-8'), (b'Date', b'Mon, 22 Sep 2025 05:32:07 GMT'), (b'Server', b'Microsoft-IIS/10.0'), (b'Access-Control-Allow-Headers', b'Accept, Origin, Content-Type, MaxDataServiceVersion'), (b'Access-Control-Allow-Methods', b'GET'), (b'Access-Control-Allow-Origin', b'*'), (b'Access-Control-Expose-Headers', b'DataServiceVersion'), (b'Cache-Control', b'private'), (b'Expires', b'Mon, 22 Sep 2025 05:33:08 GMT'), (b'Vary', b'*'), (b'X-Content-Type-Options', b'nosniff'), (b'OData-Version', b'4.0;'), (b'X-AspNet-Version', b'4.0.30319'), (b'X-Powered-By', b'ASP.NET')])
2025-09-22 11:02:06,775 - httpx - INFO - _send_single_request:1740 - HTTP Request: GET https://services.odata.org/V4/Northwind/Northwind.svc/$metadata "HTTP/1.1 200 OK"
2025-09-22 11:02:06,775 - httpcore.http11 - DEBUG - atrace:87 - receive_response_body.started request=<Request [b'GET']>
2025-09-22 11:02:07,004 - httpcore.http11 - DEBUG - atrace:87 - receive_response_body.complete
2025-09-22 11:02:07,004 - httpcore.http11 - DEBUG - atrace:87 - response_closed.started
2025-09-22 11:02:07,004 - httpcore.http11 - DEBUG - atrace:87 - response_closed.complete
2025-09-22 11:02:07,011 - services.metadata - INFO - fetch_metadata:82 - [2m2025-09-22T05:32:07.004306Z[0m [[32m[1minfo     [0m] [1mSuccessfully parsed metadata  [0m [[0m[1m[34mservices.metadata[0m][0m [36mentity_count[0m=[35m26[0m
2025-09-22 11:02:07,011 - httpcore.connection - DEBUG - atrace:87 - close.started
2025-09-22 11:02:07,011 - httpcore.connection - DEBUG - atrace:87 - close.complete
2025-09-22 11:02:07,258 - services.count - INFO - get_entity_counts:34 - [2m2025-09-22T05:32:07.257669Z[0m [[32m[1minfo     [0m] [1mFetching entity counts        [0m [[0m[1m[34mservices.count[0m][0m [36mentity_count[0m=[35m26[0m
2025-09-22 11:02:07,261 - httpcore.connection - DEBUG - atrace:87 - connect_tcp.started host='services.odata.org' port=443 local_address=None timeout=30 socket_options=None
2025-09-22 11:02:07,261 - httpcore.connection - DEBUG - atrace:87 - connect_tcp.started host='services.odata.org' port=443 local_address=None timeout=30 socket_options=None
2025-09-22 11:02:07,262 - httpcore.connection - DEBUG - atrace:87 - connect_tcp.started host='services.odata.org' port=443 local_address=None timeout=30 socket_options=None
2025-09-22 11:02:07,262 - httpcore.connection - DEBUG - atrace:87 - connect_tcp.started host='services.odata.org' port=443 local_address=None timeout=30 socket_options=None
2025-09-22 11:02:07,262 - httpcore.connection - DEBUG - atrace:87 - connect_tcp.started host='services.odata.org' port=443 local_address=None timeout=30 socket_options=None
2025-09-22 11:02:07,262 - httpcore.connection - DEBUG - atrace:87 - connect_tcp.started host='services.odata.org' port=443 local_address=None timeout=30 socket_options=None
2025-09-22 11:02:07,263 - httpcore.connection - DEBUG - atrace:87 - connect_tcp.started host='services.odata.org' port=443 local_address=None timeout=30 socket_options=None
2025-09-22 11:02:07,263 - httpcore.connection - DEBUG - atrace:87 - connect_tcp.started host='services.odata.org' port=443 local_address=None timeout=30 socket_options=None
2025-09-22 11:02:07,264 - httpcore.connection - DEBUG - atrace:87 - connect_tcp.started host='services.odata.org' port=443 local_address=None timeout=30 socket_options=None
2025-09-22 11:02:07,264 - httpcore.connection - DEBUG - atrace:87 - connect_tcp.started host='services.odata.org' port=443 local_address=None timeout=30 socket_options=None
2025-09-22 11:02:07,264 - httpcore.connection - DEBUG - atrace:87 - connect_tcp.started host='services.odata.org' port=443 local_address=None timeout=30 socket_options=None
2025-09-22 11:02:07,264 - httpcore.connection - DEBUG - atrace:87 - connect_tcp.started host='services.odata.org' port=443 local_address=None timeout=30 socket_options=None
2025-09-22 11:02:07,265 - httpcore.connection - DEBUG - atrace:87 - connect_tcp.started host='services.odata.org' port=443 local_address=None timeout=30 socket_options=None
2025-09-22 11:02:07,265 - httpcore.connection - DEBUG - atrace:87 - connect_tcp.started host='services.odata.org' port=443 local_address=None timeout=30 socket_options=None
2025-09-22 11:02:07,265 - httpcore.connection - DEBUG - atrace:87 - connect_tcp.started host='services.odata.org' port=443 local_address=None timeout=30 socket_options=None
2025-09-22 11:02:07,266 - httpcore.connection - DEBUG - atrace:87 - connect_tcp.started host='services.odata.org' port=443 local_address=None timeout=30 socket_options=None
2025-09-22 11:02:07,267 - httpcore.connection - DEBUG - atrace:87 - connect_tcp.started host='services.odata.org' port=443 local_address=None timeout=30 socket_options=None
2025-09-22 11:02:07,271 - httpcore.connection - DEBUG - atrace:87 - connect_tcp.started host='services.odata.org' port=443 local_address=None timeout=30 socket_options=None
2025-09-22 11:02:07,272 - httpcore.connection - DEBUG - atrace:87 - connect_tcp.started host='services.odata.org' port=443 local_address=None timeout=30 socket_options=None
2025-09-22 11:02:07,272 - httpcore.connection - DEBUG - atrace:87 - connect_tcp.started host='services.odata.org' port=443 local_address=None timeout=30 socket_options=None
2025-09-22 11:02:07,272 - httpcore.connection - DEBUG - atrace:87 - connect_tcp.started host='services.odata.org' port=443 local_address=None timeout=30 socket_options=None
2025-09-22 11:02:07,273 - httpcore.connection - DEBUG - atrace:87 - connect_tcp.started host='services.odata.org' port=443 local_address=None timeout=30 socket_options=None
2025-09-22 11:02:07,273 - httpcore.connection - DEBUG - atrace:87 - connect_tcp.started host='services.odata.org' port=443 local_address=None timeout=30 socket_options=None
2025-09-22 11:02:07,273 - httpcore.connection - DEBUG - atrace:87 - connect_tcp.started host='services.odata.org' port=443 local_address=None timeout=30 socket_options=None
2025-09-22 11:02:07,274 - httpcore.connection - DEBUG - atrace:87 - connect_tcp.started host='services.odata.org' port=443 local_address=None timeout=30 socket_options=None
2025-09-22 11:02:07,274 - httpcore.connection - DEBUG - atrace:87 - connect_tcp.started host='services.odata.org' port=443 local_address=None timeout=30 socket_options=None
2025-09-22 11:02:07,509 - httpcore.connection - DEBUG - atrace:87 - connect_tcp.complete return_value=<httpcore._backends.anyio.AnyIOStream object at 0x000001DC702435C0>
2025-09-22 11:02:07,509 - httpcore.connection - DEBUG - atrace:87 - start_tls.started ssl_context=<ssl.SSLContext object at 0x000001DC701BA1D0> server_hostname='services.odata.org' timeout=30
2025-09-22 11:02:07,509 - httpcore.connection - DEBUG - atrace:87 - connect_tcp.complete return_value=<httpcore._backends.anyio.AnyIOStream object at 0x000001DC702B5460>
2025-09-22 11:02:07,512 - httpcore.connection - DEBUG - atrace:87 - start_tls.started ssl_context=<ssl.SSLContext object at 0x000001DC701BA1D0> server_hostname='services.odata.org' timeout=30
2025-09-22 11:02:07,512 - httpcore.connection - DEBUG - atrace:87 - connect_tcp.complete return_value=<httpcore._backends.anyio.AnyIOStream object at 0x000001DC70242360>
2025-09-22 11:02:07,512 - httpcore.connection - DEBUG - atrace:87 - start_tls.started ssl_context=<ssl.SSLContext object at 0x000001DC701BA1D0> server_hostname='services.odata.org' timeout=30
2025-09-22 11:02:07,514 - httpcore.connection - DEBUG - atrace:87 - connect_tcp.complete return_value=<httpcore._backends.anyio.AnyIOStream object at 0x000001DC70288EC0>
2025-09-22 11:02:07,514 - httpcore.connection - DEBUG - atrace:87 - start_tls.started ssl_context=<ssl.SSLContext object at 0x000001DC701BA1D0> server_hostname='services.odata.org' timeout=30
2025-09-22 11:02:07,514 - httpcore.connection - DEBUG - atrace:87 - connect_tcp.complete return_value=<httpcore._backends.anyio.AnyIOStream object at 0x000001DC702B7530>
2025-09-22 11:02:07,514 - httpcore.connection - DEBUG - atrace:87 - start_tls.started ssl_context=<ssl.SSLContext object at 0x000001DC701BA1D0> server_hostname='services.odata.org' timeout=30
2025-09-22 11:02:07,514 - httpcore.connection - DEBUG - atrace:87 - connect_tcp.complete return_value=<httpcore._backends.anyio.AnyIOStream object at 0x000001DC702894F0>
2025-09-22 11:02:07,514 - httpcore.connection - DEBUG - atrace:87 - start_tls.started ssl_context=<ssl.SSLContext object at 0x000001DC701BA1D0> server_hostname='services.odata.org' timeout=30
2025-09-22 11:02:07,514 - httpcore.connection - DEBUG - atrace:87 - connect_tcp.complete return_value=<httpcore._backends.anyio.AnyIOStream object at 0x000001DC702B4DD0>
2025-09-22 11:02:07,514 - httpcore.connection - DEBUG - atrace:87 - start_tls.started ssl_context=<ssl.SSLContext object at 0x000001DC701BA1D0> server_hostname='services.odata.org' timeout=30
2025-09-22 11:02:07,514 - httpcore.connection - DEBUG - atrace:87 - connect_tcp.complete return_value=<httpcore._backends.anyio.AnyIOStream object at 0x000001DC7028A780>
2025-09-22 11:02:07,514 - httpcore.connection - DEBUG - atrace:87 - start_tls.started ssl_context=<ssl.SSLContext object at 0x000001DC701BA1D0> server_hostname='services.odata.org' timeout=30
2025-09-22 11:02:07,514 - httpcore.connection - DEBUG - atrace:87 - connect_tcp.complete return_value=<httpcore._backends.anyio.AnyIOStream object at 0x000001DC702EC1A0>
2025-09-22 11:02:07,514 - httpcore.connection - DEBUG - atrace:87 - start_tls.started ssl_context=<ssl.SSLContext object at 0x000001DC701BA1D0> server_hostname='services.odata.org' timeout=30
2025-09-22 11:02:07,514 - httpcore.connection - DEBUG - atrace:87 - connect_tcp.complete return_value=<httpcore._backends.anyio.AnyIOStream object at 0x000001DC702B6810>
2025-09-22 11:02:07,514 - httpcore.connection - DEBUG - atrace:87 - start_tls.started ssl_context=<ssl.SSLContext object at 0x000001DC701BA1D0> server_hostname='services.odata.org' timeout=30
2025-09-22 11:02:07,514 - httpcore.connection - DEBUG - atrace:87 - connect_tcp.complete return_value=<httpcore._backends.anyio.AnyIOStream object at 0x000001DC7028B3B0>
2025-09-22 11:02:07,514 - httpcore.connection - DEBUG - atrace:87 - start_tls.started ssl_context=<ssl.SSLContext object at 0x000001DC701BA1D0> server_hostname='services.odata.org' timeout=30
2025-09-22 11:02:07,514 - httpcore.connection - DEBUG - atrace:87 - connect_tcp.complete return_value=<httpcore._backends.anyio.AnyIOStream object at 0x000001DC702EE840>
2025-09-22 11:02:07,514 - httpcore.connection - DEBUG - atrace:87 - start_tls.started ssl_context=<ssl.SSLContext object at 0x000001DC701BA1D0> server_hostname='services.odata.org' timeout=30
2025-09-22 11:02:07,514 - httpcore.connection - DEBUG - atrace:87 - connect_tcp.complete return_value=<httpcore._backends.anyio.AnyIOStream object at 0x000001DC70289B20>
2025-09-22 11:02:07,514 - httpcore.connection - DEBUG - atrace:87 - start_tls.started ssl_context=<ssl.SSLContext object at 0x000001DC701BA1D0> server_hostname='services.odata.org' timeout=30
2025-09-22 11:02:07,514 - httpcore.connection - DEBUG - atrace:87 - connect_tcp.complete return_value=<httpcore._backends.anyio.AnyIOStream object at 0x000001DC7028ADB0>
2025-09-22 11:02:07,514 - httpcore.connection - DEBUG - atrace:87 - start_tls.started ssl_context=<ssl.SSLContext object at 0x000001DC701BA1D0> server_hostname='services.odata.org' timeout=30
2025-09-22 11:02:07,514 - httpcore.connection - DEBUG - atrace:87 - connect_tcp.complete return_value=<httpcore._backends.anyio.AnyIOStream object at 0x000001DC702B7BC0>
2025-09-22 11:02:07,514 - httpcore.connection - DEBUG - atrace:87 - start_tls.started ssl_context=<ssl.SSLContext object at 0x000001DC701BA1D0> server_hostname='services.odata.org' timeout=30
2025-09-22 11:02:07,514 - httpcore.connection - DEBUG - atrace:87 - connect_tcp.complete return_value=<httpcore._backends.anyio.AnyIOStream object at 0x000001DC702EE4E0>
2025-09-22 11:02:07,514 - httpcore.connection - DEBUG - atrace:87 - start_tls.started ssl_context=<ssl.SSLContext object at 0x000001DC701BA1D0> server_hostname='services.odata.org' timeout=30
2025-09-22 11:02:07,514 - httpcore.connection - DEBUG - atrace:87 - connect_tcp.complete return_value=<httpcore._backends.anyio.AnyIOStream object at 0x000001DC6E70A570>
2025-09-22 11:02:07,514 - httpcore.connection - DEBUG - atrace:87 - start_tls.started ssl_context=<ssl.SSLContext object at 0x000001DC701BA1D0> server_hostname='services.odata.org' timeout=30
2025-09-22 11:02:07,514 - httpcore.connection - DEBUG - atrace:87 - connect_tcp.complete return_value=<httpcore._backends.anyio.AnyIOStream object at 0x000001DC702B5AF0>
2025-09-22 11:02:07,514 - httpcore.connection - DEBUG - atrace:87 - start_tls.started ssl_context=<ssl.SSLContext object at 0x000001DC701BA1D0> server_hostname='services.odata.org' timeout=30
2025-09-22 11:02:07,514 - httpcore.connection - DEBUG - atrace:87 - connect_tcp.complete return_value=<httpcore._backends.anyio.AnyIOStream object at 0x000001DC70171340>
2025-09-22 11:02:07,514 - httpcore.connection - DEBUG - atrace:87 - start_tls.started ssl_context=<ssl.SSLContext object at 0x000001DC701BA1D0> server_hostname='services.odata.org' timeout=30
2025-09-22 11:02:07,514 - httpcore.connection - DEBUG - atrace:87 - connect_tcp.complete return_value=<httpcore._backends.anyio.AnyIOStream object at 0x000001DC70288890>
2025-09-22 11:02:07,514 - httpcore.connection - DEBUG - atrace:87 - start_tls.started ssl_context=<ssl.SSLContext object at 0x000001DC701BA1D0> server_hostname='services.odata.org' timeout=30
2025-09-22 11:02:07,514 - httpcore.connection - DEBUG - atrace:87 - connect_tcp.complete return_value=<httpcore._backends.anyio.AnyIOStream object at 0x000001DC7028B9E0>
2025-09-22 11:02:07,514 - httpcore.connection - DEBUG - atrace:87 - start_tls.started ssl_context=<ssl.SSLContext object at 0x000001DC701BA1D0> server_hostname='services.odata.org' timeout=30
2025-09-22 11:02:07,514 - httpcore.connection - DEBUG - atrace:87 - connect_tcp.complete return_value=<httpcore._backends.anyio.AnyIOStream object at 0x000001DC702B6EA0>
2025-09-22 11:02:07,514 - httpcore.connection - DEBUG - atrace:87 - start_tls.started ssl_context=<ssl.SSLContext object at 0x000001DC701BA1D0> server_hostname='services.odata.org' timeout=30
2025-09-22 11:02:07,514 - httpcore.connection - DEBUG - atrace:87 - connect_tcp.complete return_value=<httpcore._backends.anyio.AnyIOStream object at 0x000001DC702B40B0>
2025-09-22 11:02:07,520 - httpcore.connection - DEBUG - atrace:87 - start_tls.started ssl_context=<ssl.SSLContext object at 0x000001DC701BA1D0> server_hostname='services.odata.org' timeout=30
2025-09-22 11:02:07,520 - httpcore.connection - DEBUG - atrace:87 - connect_tcp.complete return_value=<httpcore._backends.anyio.AnyIOStream object at 0x000001DC702B6180>
2025-09-22 11:02:07,520 - httpcore.connection - DEBUG - atrace:87 - start_tls.started ssl_context=<ssl.SSLContext object at 0x000001DC701BA1D0> server_hostname='services.odata.org' timeout=30
2025-09-22 11:02:07,520 - httpcore.connection - DEBUG - atrace:87 - connect_tcp.complete return_value=<httpcore._backends.anyio.AnyIOStream object at 0x000001DC702EEBA0>
2025-09-22 11:02:07,520 - httpcore.connection - DEBUG - atrace:87 - start_tls.started ssl_context=<ssl.SSLContext object at 0x000001DC701BA1D0> server_hostname='services.odata.org' timeout=30
2025-09-22 11:02:07,520 - httpcore.connection - DEBUG - atrace:87 - connect_tcp.complete return_value=<httpcore._backends.anyio.AnyIOStream object at 0x000001DC702B4740>
2025-09-22 11:02:07,520 - httpcore.connection - DEBUG - atrace:87 - start_tls.started ssl_context=<ssl.SSLContext object at 0x000001DC701BA1D0> server_hostname='services.odata.org' timeout=30
2025-09-22 11:02:07,983 - httpcore.connection - DEBUG - atrace:87 - start_tls.complete return_value=<httpcore._backends.anyio.AnyIOStream object at 0x000001DC702B5AC0>
2025-09-22 11:02:07,983 - httpcore.http11 - DEBUG - atrace:87 - send_request_headers.started request=<Request [b'GET']>
2025-09-22 11:02:07,983 - httpcore.http11 - DEBUG - atrace:87 - send_request_headers.complete
2025-09-22 11:02:07,983 - httpcore.http11 - DEBUG - atrace:87 - send_request_body.started request=<Request [b'GET']>
2025-09-22 11:02:07,983 - httpcore.http11 - DEBUG - atrace:87 - send_request_body.complete
2025-09-22 11:02:07,983 - httpcore.http11 - DEBUG - atrace:87 - receive_response_headers.started request=<Request [b'GET']>
2025-09-22 11:02:07,983 - httpcore.connection - DEBUG - atrace:87 - start_tls.complete return_value=<httpcore._backends.anyio.AnyIOStream object at 0x000001DC70289490>
2025-09-22 11:02:07,997 - httpcore.http11 - DEBUG - atrace:87 - send_request_headers.started request=<Request [b'GET']>
2025-09-22 11:02:07,997 - httpcore.connection - DEBUG - atrace:87 - start_tls.complete return_value=<httpcore._backends.anyio.AnyIOStream object at 0x000001DC70288830>
2025-09-22 11:02:07,997 - httpcore.connection - DEBUG - atrace:87 - start_tls.complete return_value=<httpcore._backends.anyio.AnyIOStream object at 0x000001DC70289520>
2025-09-22 11:02:07,997 - httpcore.http11 - DEBUG - atrace:87 - send_request_headers.complete
2025-09-22 11:02:07,997 - httpcore.http11 - DEBUG - atrace:87 - send_request_body.started request=<Request [b'GET']>
2025-09-22 11:02:07,997 - httpcore.http11 - DEBUG - atrace:87 - send_request_body.complete
2025-09-22 11:02:07,997 - httpcore.http11 - DEBUG - atrace:87 - receive_response_headers.started request=<Request [b'GET']>
2025-09-22 11:02:07,997 - httpcore.http11 - DEBUG - atrace:87 - send_request_headers.started request=<Request [b'GET']>
2025-09-22 11:02:07,997 - httpcore.http11 - DEBUG - atrace:87 - send_request_headers.started request=<Request [b'GET']>
2025-09-22 11:02:07,997 - httpcore.http11 - DEBUG - atrace:87 - send_request_headers.complete
2025-09-22 11:02:07,997 - httpcore.http11 - DEBUG - atrace:87 - send_request_body.started request=<Request [b'GET']>
2025-09-22 11:02:07,997 - httpcore.http11 - DEBUG - atrace:87 - send_request_body.complete
2025-09-22 11:02:07,997 - httpcore.http11 - DEBUG - atrace:87 - receive_response_headers.started request=<Request [b'GET']>
2025-09-22 11:02:07,997 - httpcore.http11 - DEBUG - atrace:87 - send_request_headers.complete
2025-09-22 11:02:07,997 - httpcore.http11 - DEBUG - atrace:87 - send_request_body.started request=<Request [b'GET']>
2025-09-22 11:02:07,997 - httpcore.http11 - DEBUG - atrace:87 - send_request_body.complete
2025-09-22 11:02:07,997 - httpcore.http11 - DEBUG - atrace:87 - receive_response_headers.started request=<Request [b'GET']>
2025-09-22 11:02:07,997 - httpcore.connection - DEBUG - atrace:87 - start_tls.complete return_value=<httpcore._backends.anyio.AnyIOStream object at 0x000001DC702B7B90>
2025-09-22 11:02:08,011 - httpcore.connection - DEBUG - atrace:87 - start_tls.complete return_value=<httpcore._backends.anyio.AnyIOStream object at 0x000001DC70289AC0>
2025-09-22 11:02:08,011 - httpcore.http11 - DEBUG - atrace:87 - send_request_headers.started request=<Request [b'GET']>
2025-09-22 11:02:08,011 - httpcore.http11 - DEBUG - atrace:87 - send_request_headers.started request=<Request [b'GET']>
2025-09-22 11:02:08,011 - httpcore.http11 - DEBUG - atrace:87 - send_request_headers.complete
2025-09-22 11:02:08,011 - httpcore.http11 - DEBUG - atrace:87 - send_request_body.started request=<Request [b'GET']>
2025-09-22 11:02:08,011 - httpcore.http11 - DEBUG - atrace:87 - send_request_body.complete
2025-09-22 11:02:08,011 - httpcore.http11 - DEBUG - atrace:87 - receive_response_headers.started request=<Request [b'GET']>
2025-09-22 11:02:08,011 - httpcore.http11 - DEBUG - atrace:87 - send_request_headers.complete
2025-09-22 11:02:08,011 - httpcore.http11 - DEBUG - atrace:87 - send_request_body.started request=<Request [b'GET']>
2025-09-22 11:02:08,011 - httpcore.http11 - DEBUG - atrace:87 - send_request_body.complete
2025-09-22 11:02:08,011 - httpcore.http11 - DEBUG - atrace:87 - receive_response_headers.started request=<Request [b'GET']>
2025-09-22 11:02:08,011 - httpcore.connection - DEBUG - atrace:87 - start_tls.complete return_value=<httpcore._backends.anyio.AnyIOStream object at 0x000001DC702B6E70>
2025-09-22 11:02:08,011 - httpcore.connection - DEBUG - atrace:87 - start_tls.complete return_value=<httpcore._backends.anyio.AnyIOStream object at 0x000001DC702B5430>
2025-09-22 11:02:08,011 - httpcore.connection - DEBUG - atrace:87 - start_tls.complete return_value=<httpcore._backends.anyio.AnyIOStream object at 0x000001DC7028AD50>
2025-09-22 11:02:08,045 - httpcore.http11 - DEBUG - atrace:87 - send_request_headers.started request=<Request [b'GET']>
2025-09-22 11:02:08,045 - httpcore.http11 - DEBUG - atrace:87 - send_request_headers.started request=<Request [b'GET']>
2025-09-22 11:02:08,045 - httpcore.http11 - DEBUG - atrace:87 - send_request_headers.started request=<Request [b'GET']>
2025-09-22 11:02:08,045 - httpcore.connection - DEBUG - atrace:87 - start_tls.complete return_value=<httpcore._backends.anyio.AnyIOStream object at 0x000001DC702EDFA0>
2025-09-22 11:02:08,045 - httpcore.connection - DEBUG - atrace:87 - start_tls.complete return_value=<httpcore._backends.anyio.AnyIOStream object at 0x000001DC702EE660>
2025-09-22 11:02:08,045 - httpcore.connection - DEBUG - atrace:87 - start_tls.complete return_value=<httpcore._backends.anyio.AnyIOStream object at 0x000001DC702EE990>
2025-09-22 11:02:08,045 - httpcore.connection - DEBUG - atrace:87 - start_tls.complete return_value=<httpcore._backends.anyio.AnyIOStream object at 0x000001DC7028B380>
2025-09-22 11:02:08,045 - httpcore.connection - DEBUG - atrace:87 - start_tls.complete return_value=<httpcore._backends.anyio.AnyIOStream object at 0x000001DC7028B9B0>
2025-09-22 11:02:08,045 - httpcore.connection - DEBUG - atrace:87 - start_tls.complete return_value=<httpcore._backends.anyio.AnyIOStream object at 0x000001DC7028A0F0>
2025-09-22 11:02:08,045 - httpcore.connection - DEBUG - atrace:87 - start_tls.complete return_value=<httpcore._backends.anyio.AnyIOStream object at 0x000001DC702EEF00>
2025-09-22 11:02:08,045 - httpcore.connection - DEBUG - atrace:87 - start_tls.complete return_value=<httpcore._backends.anyio.AnyIOStream object at 0x000001DC7028A720>
2025-09-22 11:02:08,045 - httpcore.http11 - DEBUG - atrace:87 - send_request_headers.complete
2025-09-22 11:02:08,045 - httpcore.http11 - DEBUG - atrace:87 - send_request_body.started request=<Request [b'GET']>
2025-09-22 11:02:08,045 - httpcore.http11 - DEBUG - atrace:87 - send_request_body.complete
2025-09-22 11:02:08,045 - httpcore.http11 - DEBUG - atrace:87 - receive_response_headers.started request=<Request [b'GET']>
2025-09-22 11:02:08,045 - httpcore.http11 - DEBUG - atrace:87 - send_request_headers.complete
2025-09-22 11:02:08,045 - httpcore.http11 - DEBUG - atrace:87 - send_request_body.started request=<Request [b'GET']>
2025-09-22 11:02:08,045 - httpcore.http11 - DEBUG - atrace:87 - send_request_body.complete
2025-09-22 11:02:08,045 - httpcore.http11 - DEBUG - atrace:87 - receive_response_headers.started request=<Request [b'GET']>
2025-09-22 11:02:08,045 - httpcore.http11 - DEBUG - atrace:87 - send_request_headers.complete
2025-09-22 11:02:08,045 - httpcore.http11 - DEBUG - atrace:87 - send_request_body.started request=<Request [b'GET']>
2025-09-22 11:02:08,045 - httpcore.http11 - DEBUG - atrace:87 - send_request_body.complete
2025-09-22 11:02:08,045 - httpcore.http11 - DEBUG - atrace:87 - receive_response_headers.started request=<Request [b'GET']>
2025-09-22 11:02:08,045 - httpcore.http11 - DEBUG - atrace:87 - send_request_headers.started request=<Request [b'GET']>
2025-09-22 11:02:08,045 - httpcore.http11 - DEBUG - atrace:87 - send_request_headers.started request=<Request [b'GET']>
2025-09-22 11:02:08,045 - httpcore.http11 - DEBUG - atrace:87 - send_request_headers.started request=<Request [b'GET']>
2025-09-22 11:02:08,045 - httpcore.http11 - DEBUG - atrace:87 - send_request_headers.started request=<Request [b'GET']>
2025-09-22 11:02:08,045 - httpcore.http11 - DEBUG - atrace:87 - send_request_headers.started request=<Request [b'GET']>
2025-09-22 11:02:08,045 - httpcore.http11 - DEBUG - atrace:87 - send_request_headers.started request=<Request [b'GET']>
2025-09-22 11:02:08,045 - httpcore.http11 - DEBUG - atrace:87 - send_request_headers.started request=<Request [b'GET']>
2025-09-22 11:02:08,045 - httpcore.http11 - DEBUG - atrace:87 - send_request_headers.started request=<Request [b'GET']>
2025-09-22 11:02:08,079 - httpcore.http11 - DEBUG - atrace:87 - send_request_headers.complete
2025-09-22 11:02:08,079 - httpcore.http11 - DEBUG - atrace:87 - send_request_body.started request=<Request [b'GET']>
2025-09-22 11:02:08,079 - httpcore.http11 - DEBUG - atrace:87 - send_request_body.complete
2025-09-22 11:02:08,079 - httpcore.http11 - DEBUG - atrace:87 - receive_response_headers.started request=<Request [b'GET']>
2025-09-22 11:02:08,079 - httpcore.http11 - DEBUG - atrace:87 - send_request_headers.complete
2025-09-22 11:02:08,079 - httpcore.http11 - DEBUG - atrace:87 - send_request_body.started request=<Request [b'GET']>
2025-09-22 11:02:08,079 - httpcore.http11 - DEBUG - atrace:87 - send_request_body.complete
2025-09-22 11:02:08,079 - httpcore.http11 - DEBUG - atrace:87 - receive_response_headers.started request=<Request [b'GET']>
2025-09-22 11:02:08,079 - httpcore.http11 - DEBUG - atrace:87 - send_request_headers.complete
2025-09-22 11:02:08,079 - httpcore.http11 - DEBUG - atrace:87 - send_request_body.started request=<Request [b'GET']>
2025-09-22 11:02:08,079 - httpcore.http11 - DEBUG - atrace:87 - send_request_body.complete
2025-09-22 11:02:08,080 - httpcore.http11 - DEBUG - atrace:87 - receive_response_headers.started request=<Request [b'GET']>
2025-09-22 11:02:08,080 - httpcore.http11 - DEBUG - atrace:87 - send_request_headers.complete
2025-09-22 11:02:08,080 - httpcore.http11 - DEBUG - atrace:87 - send_request_body.started request=<Request [b'GET']>
2025-09-22 11:02:08,080 - httpcore.http11 - DEBUG - atrace:87 - send_request_body.complete
2025-09-22 11:02:08,080 - httpcore.http11 - DEBUG - atrace:87 - receive_response_headers.started request=<Request [b'GET']>
2025-09-22 11:02:08,080 - httpcore.http11 - DEBUG - atrace:87 - send_request_headers.complete
2025-09-22 11:02:08,080 - httpcore.http11 - DEBUG - atrace:87 - send_request_body.started request=<Request [b'GET']>
2025-09-22 11:02:08,080 - httpcore.http11 - DEBUG - atrace:87 - send_request_body.complete
2025-09-22 11:02:08,080 - httpcore.http11 - DEBUG - atrace:87 - receive_response_headers.started request=<Request [b'GET']>
2025-09-22 11:02:08,080 - httpcore.http11 - DEBUG - atrace:87 - send_request_headers.complete
2025-09-22 11:02:08,080 - httpcore.http11 - DEBUG - atrace:87 - send_request_body.started request=<Request [b'GET']>
2025-09-22 11:02:08,080 - httpcore.http11 - DEBUG - atrace:87 - send_request_body.complete
2025-09-22 11:02:08,080 - httpcore.http11 - DEBUG - atrace:87 - receive_response_headers.started request=<Request [b'GET']>
2025-09-22 11:02:08,080 - httpcore.http11 - DEBUG - atrace:87 - send_request_headers.complete
2025-09-22 11:02:08,080 - httpcore.http11 - DEBUG - atrace:87 - send_request_body.started request=<Request [b'GET']>
2025-09-22 11:02:08,080 - httpcore.http11 - DEBUG - atrace:87 - send_request_body.complete
2025-09-22 11:02:08,080 - httpcore.http11 - DEBUG - atrace:87 - receive_response_headers.started request=<Request [b'GET']>
2025-09-22 11:02:08,080 - httpcore.http11 - DEBUG - atrace:87 - send_request_headers.complete
2025-09-22 11:02:08,080 - httpcore.http11 - DEBUG - atrace:87 - send_request_body.started request=<Request [b'GET']>
2025-09-22 11:02:08,080 - httpcore.http11 - DEBUG - atrace:87 - send_request_body.complete
2025-09-22 11:02:08,080 - httpcore.http11 - DEBUG - atrace:87 - receive_response_headers.started request=<Request [b'GET']>
2025-09-22 11:02:08,081 - httpcore.connection - DEBUG - atrace:87 - start_tls.complete return_value=<httpcore._backends.anyio.AnyIOStream object at 0x000001DC702B4DA0>
2025-09-22 11:02:08,081 - httpcore.connection - DEBUG - atrace:87 - start_tls.complete return_value=<httpcore._backends.anyio.AnyIOStream object at 0x000001DC702B4080>
2025-09-22 11:02:08,081 - httpcore.connection - DEBUG - atrace:87 - start_tls.complete return_value=<httpcore._backends.anyio.AnyIOStream object at 0x000001DC702B7500>
2025-09-22 11:02:08,081 - httpcore.connection - DEBUG - atrace:87 - start_tls.complete return_value=<httpcore._backends.anyio.AnyIOStream object at 0x000001DC70240C20>
2025-09-22 11:02:08,081 - httpcore.connection - DEBUG - atrace:87 - start_tls.complete return_value=<httpcore._backends.anyio.AnyIOStream object at 0x000001DC702B6150>
2025-09-22 11:02:08,081 - httpcore.connection - DEBUG - atrace:87 - start_tls.complete return_value=<httpcore._backends.anyio.AnyIOStream object at 0x000001DC702B67E0>
2025-09-22 11:02:08,081 - httpcore.connection - DEBUG - atrace:87 - start_tls.complete return_value=<httpcore._backends.anyio.AnyIOStream object at 0x000001DC702B4710>
2025-09-22 11:02:08,081 - httpcore.connection - DEBUG - atrace:87 - start_tls.complete return_value=<httpcore._backends.anyio.AnyIOStream object at 0x000001DC702EECF0>
2025-09-22 11:02:08,081 - httpcore.connection - DEBUG - atrace:87 - start_tls.complete return_value=<httpcore._backends.anyio.AnyIOStream object at 0x000001DC70288E60>
2025-09-22 11:02:08,082 - httpcore.http11 - DEBUG - atrace:87 - send_request_headers.started request=<Request [b'GET']>
2025-09-22 11:02:08,082 - httpcore.http11 - DEBUG - atrace:87 - send_request_headers.started request=<Request [b'GET']>
2025-09-22 11:02:08,082 - httpcore.http11 - DEBUG - atrace:87 - send_request_headers.started request=<Request [b'GET']>
2025-09-22 11:02:08,082 - httpcore.http11 - DEBUG - atrace:87 - send_request_headers.started request=<Request [b'GET']>
2025-09-22 11:02:08,082 - httpcore.http11 - DEBUG - atrace:87 - send_request_headers.started request=<Request [b'GET']>
2025-09-22 11:02:08,082 - httpcore.http11 - DEBUG - atrace:87 - send_request_headers.started request=<Request [b'GET']>
2025-09-22 11:02:08,082 - httpcore.http11 - DEBUG - atrace:87 - send_request_headers.started request=<Request [b'GET']>
2025-09-22 11:02:08,082 - httpcore.http11 - DEBUG - atrace:87 - send_request_headers.started request=<Request [b'GET']>
2025-09-22 11:02:08,082 - httpcore.http11 - DEBUG - atrace:87 - send_request_headers.started request=<Request [b'GET']>
2025-09-22 11:02:08,083 - httpcore.http11 - DEBUG - atrace:87 - send_request_headers.complete
2025-09-22 11:02:08,083 - httpcore.http11 - DEBUG - atrace:87 - send_request_body.started request=<Request [b'GET']>
2025-09-22 11:02:08,083 - httpcore.http11 - DEBUG - atrace:87 - send_request_body.complete
2025-09-22 11:02:08,083 - httpcore.http11 - DEBUG - atrace:87 - receive_response_headers.started request=<Request [b'GET']>
2025-09-22 11:02:08,083 - httpcore.http11 - DEBUG - atrace:87 - send_request_headers.complete
2025-09-22 11:02:08,083 - httpcore.http11 - DEBUG - atrace:87 - send_request_body.started request=<Request [b'GET']>
2025-09-22 11:02:08,083 - httpcore.http11 - DEBUG - atrace:87 - send_request_body.complete
2025-09-22 11:02:08,083 - httpcore.http11 - DEBUG - atrace:87 - receive_response_headers.started request=<Request [b'GET']>
2025-09-22 11:02:08,083 - httpcore.http11 - DEBUG - atrace:87 - send_request_headers.complete
2025-09-22 11:02:08,083 - httpcore.http11 - DEBUG - atrace:87 - send_request_body.started request=<Request [b'GET']>
2025-09-22 11:02:08,083 - httpcore.http11 - DEBUG - atrace:87 - send_request_body.complete
2025-09-22 11:02:08,083 - httpcore.http11 - DEBUG - atrace:87 - receive_response_headers.started request=<Request [b'GET']>
2025-09-22 11:02:08,083 - httpcore.http11 - DEBUG - atrace:87 - send_request_headers.complete
2025-09-22 11:02:08,083 - httpcore.http11 - DEBUG - atrace:87 - send_request_body.started request=<Request [b'GET']>
2025-09-22 11:02:08,083 - httpcore.http11 - DEBUG - atrace:87 - send_request_body.complete
2025-09-22 11:02:08,083 - httpcore.http11 - DEBUG - atrace:87 - receive_response_headers.started request=<Request [b'GET']>
2025-09-22 11:02:08,083 - httpcore.http11 - DEBUG - atrace:87 - send_request_headers.complete
2025-09-22 11:02:08,083 - httpcore.http11 - DEBUG - atrace:87 - send_request_body.started request=<Request [b'GET']>
2025-09-22 11:02:08,083 - httpcore.http11 - DEBUG - atrace:87 - send_request_body.complete
2025-09-22 11:02:08,083 - httpcore.http11 - DEBUG - atrace:87 - receive_response_headers.started request=<Request [b'GET']>
2025-09-22 11:02:08,083 - httpcore.http11 - DEBUG - atrace:87 - send_request_headers.complete
2025-09-22 11:02:08,083 - httpcore.http11 - DEBUG - atrace:87 - send_request_body.started request=<Request [b'GET']>
2025-09-22 11:02:08,083 - httpcore.http11 - DEBUG - atrace:87 - send_request_body.complete
2025-09-22 11:02:08,083 - httpcore.http11 - DEBUG - atrace:87 - receive_response_headers.started request=<Request [b'GET']>
2025-09-22 11:02:08,083 - httpcore.http11 - DEBUG - atrace:87 - send_request_headers.complete
2025-09-22 11:02:08,083 - httpcore.http11 - DEBUG - atrace:87 - send_request_body.started request=<Request [b'GET']>
2025-09-22 11:02:08,083 - httpcore.http11 - DEBUG - atrace:87 - send_request_body.complete
2025-09-22 11:02:08,083 - httpcore.http11 - DEBUG - atrace:87 - receive_response_headers.started request=<Request [b'GET']>
2025-09-22 11:02:08,083 - httpcore.http11 - DEBUG - atrace:87 - send_request_headers.complete
2025-09-22 11:02:08,083 - httpcore.http11 - DEBUG - atrace:87 - send_request_body.started request=<Request [b'GET']>
2025-09-22 11:02:08,083 - httpcore.http11 - DEBUG - atrace:87 - send_request_body.complete
2025-09-22 11:02:08,083 - httpcore.http11 - DEBUG - atrace:87 - receive_response_headers.started request=<Request [b'GET']>
2025-09-22 11:02:08,083 - httpcore.http11 - DEBUG - atrace:87 - send_request_headers.complete
2025-09-22 11:02:08,083 - httpcore.http11 - DEBUG - atrace:87 - send_request_body.started request=<Request [b'GET']>
2025-09-22 11:02:08,083 - httpcore.http11 - DEBUG - atrace:87 - send_request_body.complete
2025-09-22 11:02:08,083 - httpcore.http11 - DEBUG - atrace:87 - receive_response_headers.started request=<Request [b'GET']>
2025-09-22 11:02:08,226 - httpcore.http11 - DEBUG - atrace:87 - receive_response_headers.complete return_value=(b'HTTP/1.1', 200, b'OK', [(b'Content-Length', b'122'), (b'Content-Type', b'text/plain;charset=utf-8'), (b'Date', b'Mon, 22 Sep 2025 05:32:09 GMT'), (b'Server', b'Microsoft-IIS/10.0'), (b'Access-Control-Allow-Headers', b'Accept, Origin, Content-Type, MaxDataServiceVersion'), (b'Access-Control-Allow-Methods', b'GET'), (b'Access-Control-Allow-Origin', b'*'), (b'Access-Control-Expose-Headers', b'DataServiceVersion'), (b'Cache-Control', b'private'), (b'Content-Encoding', b'gzip'), (b'Expires', b'Mon, 22 Sep 2025 05:33:09 GMT'), (b'Vary', b'*'), (b'X-Content-Type-Options', b'nosniff'), (b'OData-Version', b'4.0;'), (b'X-AspNet-Version', b'4.0.30319'), (b'X-Powered-By', b'ASP.NET')])
2025-09-22 11:02:08,226 - httpx - INFO - _send_single_request:1740 - HTTP Request: GET https://services.odata.org/V4/Northwind/Northwind.svc/Customer_and_Suppliers_by_Cities/$count "HTTP/1.1 200 OK"
2025-09-22 11:02:08,232 - httpcore.http11 - DEBUG - atrace:87 - receive_response_body.started request=<Request [b'GET']>
2025-09-22 11:02:08,233 - httpcore.http11 - DEBUG - atrace:87 - receive_response_body.complete
2025-09-22 11:02:08,233 - httpcore.http11 - DEBUG - atrace:87 - response_closed.started
2025-09-22 11:02:08,233 - httpcore.http11 - DEBUG - atrace:87 - response_closed.complete
2025-09-22 11:02:08,233 - httpcore.connection - DEBUG - atrace:87 - close.started
2025-09-22 11:02:08,233 - httpcore.connection - DEBUG - atrace:87 - close.complete
2025-09-22 11:02:08,253 - httpcore.http11 - DEBUG - atrace:87 - receive_response_headers.complete return_value=(b'HTTP/1.1', 200, b'OK', [(b'Content-Length', b'120'), (b'Content-Type', b'text/plain;charset=utf-8'), (b'Date', b'Mon, 22 Sep 2025 05:32:09 GMT'), (b'Server', b'Microsoft-IIS/10.0'), (b'Access-Control-Allow-Headers', b'Accept, Origin, Content-Type, MaxDataServiceVersion'), (b'Access-Control-Allow-Methods', b'GET'), (b'Access-Control-Allow-Origin', b'*'), (b'Access-Control-Expose-Headers', b'DataServiceVersion'), (b'Cache-Control', b'private'), (b'Content-Encoding', b'gzip'), (b'Expires', b'Mon, 22 Sep 2025 05:33:10 GMT'), (b'Vary', b'*'), (b'X-Content-Type-Options', b'nosniff'), (b'OData-Version', b'4.0;'), (b'X-AspNet-Version', b'4.0.30319'), (b'X-Powered-By', b'ASP.NET')])
2025-09-22 11:02:08,253 - httpx - INFO - _send_single_request:1740 - HTTP Request: GET https://services.odata.org/V4/Northwind/Northwind.svc/Categories/$count "HTTP/1.1 200 OK"
2025-09-22 11:02:08,253 - httpcore.http11 - DEBUG - atrace:87 - receive_response_body.started request=<Request [b'GET']>
2025-09-22 11:02:08,253 - httpcore.http11 - DEBUG - atrace:87 - receive_response_body.complete
2025-09-22 11:02:08,253 - httpcore.http11 - DEBUG - atrace:87 - response_closed.started
2025-09-22 11:02:08,253 - httpcore.http11 - DEBUG - atrace:87 - response_closed.complete
2025-09-22 11:02:08,253 - httpcore.connection - DEBUG - atrace:87 - close.started
2025-09-22 11:02:08,253 - httpcore.connection - DEBUG - atrace:87 - close.complete
2025-09-22 11:02:08,304 - httpcore.http11 - DEBUG - atrace:87 - receive_response_headers.complete return_value=(b'HTTP/1.1', 200, b'OK', [(b'Content-Length', b'122'), (b'Content-Type', b'text/plain;charset=utf-8'), (b'Date', b'Mon, 22 Sep 2025 05:32:09 GMT'), (b'Server', b'Microsoft-IIS/10.0'), (b'Access-Control-Allow-Headers', b'Accept, Origin, Content-Type, MaxDataServiceVersion'), (b'Access-Control-Allow-Methods', b'GET'), (b'Access-Control-Allow-Origin', b'*'), (b'Access-Control-Expose-Headers', b'DataServiceVersion'), (b'Cache-Control', b'private'), (b'Content-Encoding', b'gzip'), (b'Expires', b'Mon, 22 Sep 2025 05:33:10 GMT'), (b'Vary', b'*'), (b'X-Content-Type-Options', b'nosniff'), (b'OData-Version', b'4.0;'), (b'X-AspNet-Version', b'4.0.30319'), (b'X-Powered-By', b'ASP.NET')])
2025-09-22 11:02:08,304 - httpx - INFO - _send_single_request:1740 - HTTP Request: GET https://services.odata.org/V4/Northwind/Northwind.svc/Order_Subtotals/$count "HTTP/1.1 200 OK"
2025-09-22 11:02:08,305 - httpcore.http11 - DEBUG - atrace:87 - receive_response_body.started request=<Request [b'GET']>
2025-09-22 11:02:08,305 - httpcore.http11 - DEBUG - atrace:87 - receive_response_body.complete
2025-09-22 11:02:08,305 - httpcore.http11 - DEBUG - atrace:87 - response_closed.started
2025-09-22 11:02:08,306 - httpcore.http11 - DEBUG - atrace:87 - response_closed.complete
2025-09-22 11:02:08,306 - httpcore.connection - DEBUG - atrace:87 - close.started
2025-09-22 11:02:08,306 - httpcore.connection - DEBUG - atrace:87 - close.complete
2025-09-22 11:02:08,338 - httpcore.http11 - DEBUG - atrace:87 - receive_response_headers.complete return_value=(b'HTTP/1.1', 200, b'OK', [(b'Content-Length', b'121'), (b'Content-Type', b'text/plain;charset=utf-8'), (b'Date', b'Mon, 22 Sep 2025 05:32:10 GMT'), (b'Server', b'Microsoft-IIS/10.0'), (b'Access-Control-Allow-Headers', b'Accept, Origin, Content-Type, MaxDataServiceVersion'), (b'Access-Control-Allow-Methods', b'GET'), (b'Access-Control-Allow-Origin', b'*'), (b'Access-Control-Expose-Headers', b'DataServiceVersion'), (b'Cache-Control', b'private'), (b'Content-Encoding', b'gzip'), (b'Expires', b'Mon, 22 Sep 2025 05:33:10 GMT'), (b'Vary', b'*'), (b'X-Content-Type-Options', b'nosniff'), (b'OData-Version', b'4.0;'), (b'X-AspNet-Version', b'4.0.30319'), (b'X-Powered-By', b'ASP.NET')])
2025-09-22 11:02:08,338 - httpx - INFO - _send_single_request:1740 - HTTP Request: GET https://services.odata.org/V4/Northwind/Northwind.svc/Products_Above_Average_Prices/$count "HTTP/1.1 200 OK"
2025-09-22 11:02:08,338 - httpcore.http11 - DEBUG - atrace:87 - receive_response_body.started request=<Request [b'GET']>
2025-09-22 11:02:08,338 - httpcore.http11 - DEBUG - atrace:87 - receive_response_body.complete
2025-09-22 11:02:08,338 - httpcore.http11 - DEBUG - atrace:87 - response_closed.started
2025-09-22 11:02:08,338 - httpcore.http11 - DEBUG - atrace:87 - response_closed.complete
2025-09-22 11:02:08,338 - httpcore.connection - DEBUG - atrace:87 - close.started
2025-09-22 11:02:08,338 - httpcore.connection - DEBUG - atrace:87 - close.complete
2025-09-22 11:02:08,394 - httpcore.http11 - DEBUG - atrace:87 - receive_response_headers.complete return_value=(b'HTTP/1.1', 200, b'OK', [(b'Content-Length', b'122'), (b'Content-Type', b'text/plain;charset=utf-8'), (b'Date', b'Mon, 22 Sep 2025 05:32:10 GMT'), (b'Server', b'Microsoft-IIS/10.0'), (b'Access-Control-Allow-Headers', b'Accept, Origin, Content-Type, MaxDataServiceVersion'), (b'Access-Control-Allow-Methods', b'GET'), (b'Access-Control-Allow-Origin', b'*'), (b'Access-Control-Expose-Headers', b'DataServiceVersion'), (b'Cache-Control', b'private'), (b'Content-Encoding', b'gzip'), (b'Expires', b'Mon, 22 Sep 2025 05:33:10 GMT'), (b'Vary', b'*'), (b'X-Content-Type-Options', b'nosniff'), (b'OData-Version', b'4.0;'), (b'X-AspNet-Version', b'4.0.30319'), (b'X-Powered-By', b'ASP.NET')])
2025-09-22 11:02:08,394 - httpx - INFO - _send_single_request:1740 - HTTP Request: GET https://services.odata.org/V4/Northwind/Northwind.svc/Sales_by_Categories/$count "HTTP/1.1 200 OK"
2025-09-22 11:02:08,394 - httpcore.http11 - DEBUG - atrace:87 - receive_response_body.started request=<Request [b'GET']>
2025-09-22 11:02:08,394 - httpcore.http11 - DEBUG - atrace:87 - receive_response_body.complete
2025-09-22 11:02:08,394 - httpcore.http11 - DEBUG - atrace:87 - response_closed.started
2025-09-22 11:02:08,394 - httpcore.http11 - DEBUG - atrace:87 - response_closed.complete
2025-09-22 11:02:08,395 - httpcore.connection - DEBUG - atrace:87 - close.started
2025-09-22 11:02:08,395 - httpcore.connection - DEBUG - atrace:87 - close.complete
2025-09-22 11:02:08,751 - httpcore.http11 - DEBUG - atrace:87 - receive_response_headers.complete return_value=(b'HTTP/1.1', 200, b'OK', [(b'Content-Length', b'120'), (b'Content-Type', b'text/plain;charset=utf-8'), (b'Date', b'Mon, 22 Sep 2025 05:32:10 GMT'), (b'Server', b'Microsoft-IIS/10.0'), (b'Access-Control-Allow-Headers', b'Accept, Origin, Content-Type, MaxDataServiceVersion'), (b'Access-Control-Allow-Methods', b'GET'), (b'Access-Control-Allow-Origin', b'*'), (b'Access-Control-Expose-Headers', b'DataServiceVersion'), (b'Cache-Control', b'private'), (b'Content-Encoding', b'gzip'), (b'Expires', b'Mon, 22 Sep 2025 05:33:09 GMT'), (b'Vary', b'*'), (b'X-Content-Type-Options', b'nosniff'), (b'OData-Version', b'4.0;'), (b'X-AspNet-Version', b'4.0.30319'), (b'X-Powered-By', b'ASP.NET')])
2025-09-22 11:02:08,751 - httpx - INFO - _send_single_request:1740 - HTTP Request: GET https://services.odata.org/V4/Northwind/Northwind.svc/Employees/$count "HTTP/1.1 200 OK"
2025-09-22 11:02:08,751 - httpcore.http11 - DEBUG - atrace:87 - receive_response_body.started request=<Request [b'GET']>
2025-09-22 11:02:08,751 - httpcore.http11 - DEBUG - atrace:87 - receive_response_body.complete
2025-09-22 11:02:08,751 - httpcore.http11 - DEBUG - atrace:87 - response_closed.started
2025-09-22 11:02:08,751 - httpcore.http11 - DEBUG - atrace:87 - response_closed.complete
2025-09-22 11:02:08,751 - httpcore.connection - DEBUG - atrace:87 - close.started
2025-09-22 11:02:08,751 - httpcore.connection - DEBUG - atrace:87 - close.complete
2025-09-22 11:02:08,769 - httpcore.http11 - DEBUG - atrace:87 - receive_response_headers.complete return_value=(b'HTTP/1.1', 200, b'OK', [(b'Content-Length', b'122'), (b'Content-Type', b'text/plain;charset=utf-8'), (b'Date', b'Mon, 22 Sep 2025 05:32:10 GMT'), (b'Server', b'Microsoft-IIS/10.0'), (b'Access-Control-Allow-Headers', b'Accept, Origin, Content-Type, MaxDataServiceVersion'), (b'Access-Control-Allow-Methods', b'GET'), (b'Access-Control-Allow-Origin', b'*'), (b'Access-Control-Expose-Headers', b'DataServiceVersion'), (b'Cache-Control', b'private'), (b'Content-Encoding', b'gzip'), (b'Expires', b'Mon, 22 Sep 2025 05:33:10 GMT'), (b'Vary', b'*'), (b'X-Content-Type-Options', b'nosniff'), (b'OData-Version', b'4.0;'), (b'X-AspNet-Version', b'4.0.30319'), (b'X-Powered-By', b'ASP.NET')])
2025-09-22 11:02:08,769 - httpx - INFO - _send_single_request:1740 - HTTP Request: GET https://services.odata.org/V4/Northwind/Northwind.svc/Product_Sales_for_1997/$count "HTTP/1.1 200 OK"
2025-09-22 11:02:08,769 - httpcore.http11 - DEBUG - atrace:87 - receive_response_body.started request=<Request [b'GET']>
2025-09-22 11:02:08,769 - httpcore.http11 - DEBUG - atrace:87 - receive_response_body.complete
2025-09-22 11:02:08,769 - httpcore.http11 - DEBUG - atrace:87 - response_closed.started
2025-09-22 11:02:08,769 - httpcore.http11 - DEBUG - atrace:87 - response_closed.complete
2025-09-22 11:02:08,871 - httpcore.http11 - DEBUG - atrace:87 - receive_response_headers.complete return_value=(b'HTTP/1.1', 200, b'OK', [(b'Content-Length', b'121'), (b'Content-Type', b'text/plain;charset=utf-8'), (b'Date', b'Mon, 22 Sep 2025 05:32:10 GMT'), (b'Server', b'Microsoft-IIS/10.0'), (b'Access-Control-Allow-Headers', b'Accept, Origin, Content-Type, MaxDataServiceVersion'), (b'Access-Control-Allow-Methods', b'GET'), (b'Access-Control-Allow-Origin', b'*'), (b'Access-Control-Expose-Headers', b'DataServiceVersion'), (b'Cache-Control', b'private'), (b'Content-Encoding', b'gzip'), (b'Expires', b'Mon, 22 Sep 2025 05:33:10 GMT'), (b'Vary', b'*'), (b'X-Content-Type-Options', b'nosniff'), (b'OData-Version', b'4.0;'), (b'X-AspNet-Version', b'4.0.30319'), (b'X-Powered-By', b'ASP.NET')])
2025-09-22 11:02:08,871 - httpx - INFO - _send_single_request:1740 - HTTP Request: GET https://services.odata.org/V4/Northwind/Northwind.svc/Suppliers/$count "HTTP/1.1 200 OK"
2025-09-22 11:02:08,871 - httpcore.http11 - DEBUG - atrace:87 - receive_response_body.started request=<Request [b'GET']>
2025-09-22 11:02:08,871 - httpcore.http11 - DEBUG - atrace:87 - receive_response_body.complete
2025-09-22 11:02:08,872 - httpcore.http11 - DEBUG - atrace:87 - response_closed.started
2025-09-22 11:02:08,872 - httpcore.http11 - DEBUG - atrace:87 - response_closed.complete
2025-09-22 11:02:08,999 - httpcore.http11 - DEBUG - atrace:87 - receive_response_headers.complete return_value=(b'HTTP/1.1', 200, b'OK', [(b'Content-Length', b'122'), (b'Content-Type', b'text/plain;charset=utf-8'), (b'Date', b'Mon, 22 Sep 2025 05:32:10 GMT'), (b'Server', b'Microsoft-IIS/10.0'), (b'Access-Control-Allow-Headers', b'Accept, Origin, Content-Type, MaxDataServiceVersion'), (b'Access-Control-Allow-Methods', b'GET'), (b'Access-Control-Allow-Origin', b'*'), (b'Access-Control-Expose-Headers', b'DataServiceVersion'), (b'Cache-Control', b'private'), (b'Content-Encoding', b'gzip'), (b'Expires', b'Mon, 22 Sep 2025 05:33:10 GMT'), (b'Vary', b'*'), (b'X-Content-Type-Options', b'nosniff'), (b'OData-Version', b'4.0;'), (b'X-AspNet-Version', b'4.0.30319'), (b'X-Powered-By', b'ASP.NET')])
2025-09-22 11:02:08,999 - httpx - INFO - _send_single_request:1740 - HTTP Request: GET https://services.odata.org/V4/Northwind/Northwind.svc/Orders_Qries/$count "HTTP/1.1 200 OK"
2025-09-22 11:02:08,999 - httpcore.http11 - DEBUG - atrace:87 - receive_response_body.started request=<Request [b'GET']>
2025-09-22 11:02:08,999 - httpcore.http11 - DEBUG - atrace:87 - receive_response_body.complete
2025-09-22 11:02:08,999 - httpcore.http11 - DEBUG - atrace:87 - response_closed.started
2025-09-22 11:02:08,999 - httpcore.http11 - DEBUG - atrace:87 - response_closed.complete
2025-09-22 11:02:09,309 - httpcore.http11 - DEBUG - atrace:87 - receive_response_headers.complete return_value=(b'HTTP/1.1', 200, b'OK', [(b'Content-Length', b'124'), (b'Content-Type', b'text/plain;charset=utf-8'), (b'Date', b'Mon, 22 Sep 2025 05:32:10 GMT'), (b'Server', b'Microsoft-IIS/10.0'), (b'Access-Control-Allow-Headers', b'Accept, Origin, Content-Type, MaxDataServiceVersion'), (b'Access-Control-Allow-Methods', b'GET'), (b'Access-Control-Allow-Origin', b'*'), (b'Access-Control-Expose-Headers', b'DataServiceVersion'), (b'Cache-Control', b'private'), (b'Content-Encoding', b'gzip'), (b'Expires', b'Mon, 22 Sep 2025 05:33:10 GMT'), (b'Vary', b'*'), (b'X-Content-Type-Options', b'nosniff'), (b'OData-Version', b'4.0;'), (b'X-AspNet-Version', b'4.0.30319'), (b'X-Powered-By', b'ASP.NET')])
2025-09-22 11:02:09,309 - httpx - INFO - _send_single_request:1740 - HTTP Request: GET https://services.odata.org/V4/Northwind/Northwind.svc/Order_Details/$count "HTTP/1.1 200 OK"
2025-09-22 11:02:09,309 - httpcore.http11 - DEBUG - atrace:87 - receive_response_body.started request=<Request [b'GET']>
2025-09-22 11:02:09,309 - httpcore.http11 - DEBUG - atrace:87 - receive_response_body.complete
2025-09-22 11:02:09,309 - httpcore.http11 - DEBUG - atrace:87 - response_closed.started
2025-09-22 11:02:09,309 - httpcore.http11 - DEBUG - atrace:87 - response_closed.complete
2025-09-22 11:02:09,417 - httpcore.http11 - DEBUG - atrace:87 - receive_response_headers.complete return_value=(b'HTTP/1.1', 200, b'OK', [(b'Content-Length', b'120'), (b'Content-Type', b'text/plain;charset=utf-8'), (b'Date', b'Mon, 22 Sep 2025 05:32:11 GMT'), (b'Server', b'Microsoft-IIS/10.0'), (b'Access-Control-Allow-Headers', b'Accept, Origin, Content-Type, MaxDataServiceVersion'), (b'Access-Control-Allow-Methods', b'GET'), (b'Access-Control-Allow-Origin', b'*'), (b'Access-Control-Expose-Headers', b'DataServiceVersion'), (b'Cache-Control', b'private'), (b'Content-Encoding', b'gzip'), (b'Expires', b'Mon, 22 Sep 2025 05:33:10 GMT'), (b'Vary', b'*'), (b'X-Content-Type-Options', b'nosniff'), (b'OData-Version', b'4.0;'), (b'X-AspNet-Version', b'4.0.30319'), (b'X-Powered-By', b'ASP.NET')])
2025-09-22 11:02:09,417 - httpx - INFO - _send_single_request:1740 - HTTP Request: GET https://services.odata.org/V4/Northwind/Northwind.svc/Shippers/$count "HTTP/1.1 200 OK"
2025-09-22 11:02:09,417 - httpcore.http11 - DEBUG - atrace:87 - receive_response_body.started request=<Request [b'GET']>
2025-09-22 11:02:09,417 - httpcore.http11 - DEBUG - atrace:87 - receive_response_body.complete
2025-09-22 11:02:09,417 - httpcore.http11 - DEBUG - atrace:87 - response_closed.started
2025-09-22 11:02:09,417 - httpcore.http11 - DEBUG - atrace:87 - response_closed.complete
2025-09-22 11:02:09,494 - httpcore.http11 - DEBUG - atrace:87 - receive_response_headers.complete return_value=(b'HTTP/1.1', 200, b'OK', [(b'Content-Length', b'122'), (b'Content-Type', b'text/plain;charset=utf-8'), (b'Date', b'Mon, 22 Sep 2025 05:32:11 GMT'), (b'Server', b'Microsoft-IIS/10.0'), (b'Access-Control-Allow-Headers', b'Accept, Origin, Content-Type, MaxDataServiceVersion'), (b'Access-Control-Allow-Methods', b'GET'), (b'Access-Control-Allow-Origin', b'*'), (b'Access-Control-Expose-Headers', b'DataServiceVersion'), (b'Cache-Control', b'private'), (b'Content-Encoding', b'gzip'), (b'Expires', b'Mon, 22 Sep 2025 05:33:10 GMT'), (b'Vary', b'*'), (b'X-Content-Type-Options', b'nosniff'), (b'OData-Version', b'4.0;'), (b'X-AspNet-Version', b'4.0.30319'), (b'X-Powered-By', b'ASP.NET')])
2025-09-22 11:02:09,494 - httpx - INFO - _send_single_request:1740 - HTTP Request: GET https://services.odata.org/V4/Northwind/Northwind.svc/Products/$count "HTTP/1.1 200 OK"
2025-09-22 11:02:09,495 - httpcore.http11 - DEBUG - atrace:87 - receive_response_body.started request=<Request [b'GET']>
2025-09-22 11:02:09,495 - httpcore.http11 - DEBUG - atrace:87 - receive_response_body.complete
2025-09-22 11:02:09,495 - httpcore.http11 - DEBUG - atrace:87 - response_closed.started
2025-09-22 11:02:09,495 - httpcore.http11 - DEBUG - atrace:87 - response_closed.complete
2025-09-22 11:02:09,659 - httpcore.http11 - DEBUG - atrace:87 - receive_response_headers.complete return_value=(b'HTTP/1.1', 200, b'OK', [(b'Content-Length', b'122'), (b'Content-Type', b'text/plain;charset=utf-8'), (b'Date', b'Mon, 22 Sep 2025 05:32:11 GMT'), (b'Server', b'Microsoft-IIS/10.0'), (b'Access-Control-Allow-Headers', b'Accept, Origin, Content-Type, MaxDataServiceVersion'), (b'Access-Control-Allow-Methods', b'GET'), (b'Access-Control-Allow-Origin', b'*'), (b'Access-Control-Expose-Headers', b'DataServiceVersion'), (b'Cache-Control', b'private'), (b'Content-Encoding', b'gzip'), (b'Expires', b'Mon, 22 Sep 2025 05:33:10 GMT'), (b'Vary', b'*'), (b'X-Content-Type-Options', b'nosniff'), (b'OData-Version', b'4.0;'), (b'X-AspNet-Version', b'4.0.30319'), (b'X-Powered-By', b'ASP.NET')])
2025-09-22 11:02:09,659 - httpx - INFO - _send_single_request:1740 - HTTP Request: GET https://services.odata.org/V4/Northwind/Northwind.svc/Alphabetical_list_of_products/$count "HTTP/1.1 200 OK"
2025-09-22 11:02:09,660 - httpcore.http11 - DEBUG - atrace:87 - receive_response_body.started request=<Request [b'GET']>
2025-09-22 11:02:09,660 - httpcore.http11 - DEBUG - atrace:87 - receive_response_body.complete
2025-09-22 11:02:09,660 - httpcore.http11 - DEBUG - atrace:87 - response_closed.started
2025-09-22 11:02:09,660 - httpcore.http11 - DEBUG - atrace:87 - response_closed.complete
2025-09-22 11:02:09,977 - httpcore.http11 - DEBUG - atrace:87 - receive_response_headers.complete return_value=(b'HTTP/1.1', 200, b'OK', [(b'Content-Length', b'122'), (b'Content-Type', b'text/plain;charset=utf-8'), (b'Date', b'Mon, 22 Sep 2025 05:32:11 GMT'), (b'Server', b'Microsoft-IIS/10.0'), (b'Access-Control-Allow-Headers', b'Accept, Origin, Content-Type, MaxDataServiceVersion'), (b'Access-Control-Allow-Methods', b'GET'), (b'Access-Control-Allow-Origin', b'*'), (b'Access-Control-Expose-Headers', b'DataServiceVersion'), (b'Cache-Control', b'private'), (b'Content-Encoding', b'gzip'), (b'Expires', b'Mon, 22 Sep 2025 05:33:10 GMT'), (b'Vary', b'*'), (b'X-Content-Type-Options', b'nosniff'), (b'OData-Version', b'4.0;'), (b'X-AspNet-Version', b'4.0.30319'), (b'X-Powered-By', b'ASP.NET')])
2025-09-22 11:02:09,977 - httpx - INFO - _send_single_request:1740 - HTTP Request: GET https://services.odata.org/V4/Northwind/Northwind.svc/Orders/$count "HTTP/1.1 200 OK"
2025-09-22 11:02:09,977 - httpcore.http11 - DEBUG - atrace:87 - receive_response_body.started request=<Request [b'GET']>
2025-09-22 11:02:09,977 - httpcore.http11 - DEBUG - atrace:87 - receive_response_body.complete
2025-09-22 11:02:09,977 - httpcore.http11 - DEBUG - atrace:87 - response_closed.started
2025-09-22 11:02:09,977 - httpcore.http11 - DEBUG - atrace:87 - response_closed.complete
2025-09-22 11:02:10,083 - httpcore.http11 - DEBUG - atrace:87 - receive_response_headers.complete return_value=(b'HTTP/1.1', 200, b'OK', [(b'Content-Length', b'122'), (b'Content-Type', b'text/plain;charset=utf-8'), (b'Date', b'Mon, 22 Sep 2025 05:32:11 GMT'), (b'Server', b'Microsoft-IIS/10.0'), (b'Access-Control-Allow-Headers', b'Accept, Origin, Content-Type, MaxDataServiceVersion'), (b'Access-Control-Allow-Methods', b'GET'), (b'Access-Control-Allow-Origin', b'*'), (b'Access-Control-Expose-Headers', b'DataServiceVersion'), (b'Cache-Control', b'private'), (b'Content-Encoding', b'gzip'), (b'Expires', b'Mon, 22 Sep 2025 05:33:10 GMT'), (b'Vary', b'*'), (b'X-Content-Type-Options', b'nosniff'), (b'OData-Version', b'4.0;'), (b'X-AspNet-Version', b'4.0.30319'), (b'X-Powered-By', b'ASP.NET')])
2025-09-22 11:02:10,083 - httpx - INFO - _send_single_request:1740 - HTTP Request: GET https://services.odata.org/V4/Northwind/Northwind.svc/Summary_of_Sales_by_Quarters/$count "HTTP/1.1 200 OK"
2025-09-22 11:02:10,083 - httpcore.http11 - DEBUG - atrace:87 - receive_response_body.started request=<Request [b'GET']>
2025-09-22 11:02:10,083 - httpcore.http11 - DEBUG - atrace:87 - receive_response_body.complete
2025-09-22 11:02:10,083 - httpcore.http11 - DEBUG - atrace:87 - response_closed.started
2025-09-22 11:02:10,083 - httpcore.http11 - DEBUG - atrace:87 - response_closed.complete
2025-09-22 11:02:10,398 - httpcore.http11 - DEBUG - atrace:87 - receive_response_headers.complete return_value=(b'HTTP/1.1', 200, b'OK', [(b'Content-Length', b'122'), (b'Content-Type', b'text/plain;charset=utf-8'), (b'Date', b'Mon, 22 Sep 2025 05:32:12 GMT'), (b'Server', b'Microsoft-IIS/10.0'), (b'Access-Control-Allow-Headers', b'Accept, Origin, Content-Type, MaxDataServiceVersion'), (b'Access-Control-Allow-Methods', b'GET'), (b'Access-Control-Allow-Origin', b'*'), (b'Access-Control-Expose-Headers', b'DataServiceVersion'), (b'Cache-Control', b'private'), (b'Content-Encoding', b'gzip'), (b'Expires', b'Mon, 22 Sep 2025 05:33:10 GMT'), (b'Vary', b'*'), (b'X-Content-Type-Options', b'nosniff'), (b'OData-Version', b'4.0;'), (b'X-AspNet-Version', b'4.0.30319'), (b'X-Powered-By', b'ASP.NET')])
2025-09-22 11:02:10,398 - httpx - INFO - _send_single_request:1740 - HTTP Request: GET https://services.odata.org/V4/Northwind/Northwind.svc/Sales_Totals_by_Amounts/$count "HTTP/1.1 200 OK"
2025-09-22 11:02:10,398 - httpcore.http11 - DEBUG - atrace:87 - receive_response_body.started request=<Request [b'GET']>
2025-09-22 11:02:10,398 - httpcore.http11 - DEBUG - atrace:87 - receive_response_body.complete
2025-09-22 11:02:10,398 - httpcore.http11 - DEBUG - atrace:87 - response_closed.started
2025-09-22 11:02:10,400 - httpcore.http11 - DEBUG - atrace:87 - response_closed.complete
2025-09-22 11:02:10,501 - httpcore.http11 - DEBUG - atrace:87 - receive_response_headers.complete return_value=(b'HTTP/1.1', 200, b'OK', [(b'Content-Length', b'122'), (b'Content-Type', b'text/plain;charset=utf-8'), (b'Date', b'Mon, 22 Sep 2025 05:32:12 GMT'), (b'Server', b'Microsoft-IIS/10.0'), (b'Access-Control-Allow-Headers', b'Accept, Origin, Content-Type, MaxDataServiceVersion'), (b'Access-Control-Allow-Methods', b'GET'), (b'Access-Control-Allow-Origin', b'*'), (b'Access-Control-Expose-Headers', b'DataServiceVersion'), (b'Cache-Control', b'private'), (b'Content-Encoding', b'gzip'), (b'Expires', b'Mon, 22 Sep 2025 05:33:10 GMT'), (b'Vary', b'*'), (b'X-Content-Type-Options', b'nosniff'), (b'OData-Version', b'4.0;'), (b'X-AspNet-Version', b'4.0.30319'), (b'X-Powered-By', b'ASP.NET')])
2025-09-22 11:02:10,501 - httpx - INFO - _send_single_request:1740 - HTTP Request: GET https://services.odata.org/V4/Northwind/Northwind.svc/Summary_of_Sales_by_Years/$count "HTTP/1.1 200 OK"
2025-09-22 11:02:10,501 - httpcore.http11 - DEBUG - atrace:87 - receive_response_body.started request=<Request [b'GET']>
2025-09-22 11:02:10,501 - httpcore.http11 - DEBUG - atrace:87 - receive_response_body.complete
2025-09-22 11:02:10,501 - httpcore.http11 - DEBUG - atrace:87 - response_closed.started
2025-09-22 11:02:10,501 - httpcore.http11 - DEBUG - atrace:87 - response_closed.complete
2025-09-22 11:02:10,569 - httpcore.http11 - DEBUG - atrace:87 - receive_response_headers.complete return_value=(b'HTTP/1.1', 200, b'OK', [(b'Content-Length', b'124'), (b'Content-Type', b'text/plain;charset=utf-8'), (b'Date', b'Mon, 22 Sep 2025 05:32:12 GMT'), (b'Server', b'Microsoft-IIS/10.0'), (b'Access-Control-Allow-Headers', b'Accept, Origin, Content-Type, MaxDataServiceVersion'), (b'Access-Control-Allow-Methods', b'GET'), (b'Access-Control-Allow-Origin', b'*'), (b'Access-Control-Expose-Headers', b'DataServiceVersion'), (b'Cache-Control', b'private'), (b'Content-Encoding', b'gzip'), (b'Expires', b'Mon, 22 Sep 2025 05:33:10 GMT'), (b'Vary', b'*'), (b'X-Content-Type-Options', b'nosniff'), (b'OData-Version', b'4.0;'), (b'X-AspNet-Version', b'4.0.30319'), (b'X-Powered-By', b'ASP.NET')])
2025-09-22 11:02:10,569 - httpx - INFO - _send_single_request:1740 - HTTP Request: GET https://services.odata.org/V4/Northwind/Northwind.svc/Invoices/$count "HTTP/1.1 200 OK"
2025-09-22 11:02:10,570 - httpcore.http11 - DEBUG - atrace:87 - receive_response_body.started request=<Request [b'GET']>
2025-09-22 11:02:10,570 - httpcore.http11 - DEBUG - atrace:87 - receive_response_body.complete
2025-09-22 11:02:10,570 - httpcore.http11 - DEBUG - atrace:87 - response_closed.started
2025-09-22 11:02:10,570 - httpcore.http11 - DEBUG - atrace:87 - response_closed.complete
2025-09-22 11:02:10,925 - httpcore.http11 - DEBUG - atrace:87 - receive_response_headers.complete return_value=(b'HTTP/1.1', 200, b'OK', [(b'Content-Length', b'122'), (b'Content-Type', b'text/plain;charset=utf-8'), (b'Date', b'Mon, 22 Sep 2025 05:32:12 GMT'), (b'Server', b'Microsoft-IIS/10.0'), (b'Access-Control-Allow-Headers', b'Accept, Origin, Content-Type, MaxDataServiceVersion'), (b'Access-Control-Allow-Methods', b'GET'), (b'Access-Control-Allow-Origin', b'*'), (b'Access-Control-Expose-Headers', b'DataServiceVersion'), (b'Cache-Control', b'private'), (b'Content-Encoding', b'gzip'), (b'Expires', b'Mon, 22 Sep 2025 05:33:10 GMT'), (b'Vary', b'*'), (b'X-Content-Type-Options', b'nosniff'), (b'OData-Version', b'4.0;'), (b'X-AspNet-Version', b'4.0.30319'), (b'X-Powered-By', b'ASP.NET')])
2025-09-22 11:02:10,925 - httpx - INFO - _send_single_request:1740 - HTTP Request: GET https://services.odata.org/V4/Northwind/Northwind.svc/Current_Product_Lists/$count "HTTP/1.1 200 OK"
2025-09-22 11:02:10,925 - httpcore.http11 - DEBUG - atrace:87 - receive_response_body.started request=<Request [b'GET']>
2025-09-22 11:02:10,925 - httpcore.http11 - DEBUG - atrace:87 - receive_response_body.complete
2025-09-22 11:02:10,925 - httpcore.http11 - DEBUG - atrace:87 - response_closed.started
2025-09-22 11:02:10,925 - httpcore.http11 - DEBUG - atrace:87 - response_closed.complete
2025-09-22 11:02:11,283 - httpcore.http11 - DEBUG - atrace:87 - receive_response_headers.complete return_value=(b'HTTP/1.1', 200, b'OK', [(b'Content-Length', b'121'), (b'Content-Type', b'text/plain;charset=utf-8'), (b'Date', b'Mon, 22 Sep 2025 05:32:12 GMT'), (b'Server', b'Microsoft-IIS/10.0'), (b'Access-Control-Allow-Headers', b'Accept, Origin, Content-Type, MaxDataServiceVersion'), (b'Access-Control-Allow-Methods', b'GET'), (b'Access-Control-Allow-Origin', b'*'), (b'Access-Control-Expose-Headers', b'DataServiceVersion'), (b'Cache-Control', b'private'), (b'Content-Encoding', b'gzip'), (b'Expires', b'Mon, 22 Sep 2025 05:33:10 GMT'), (b'Vary', b'*'), (b'X-Content-Type-Options', b'nosniff'), (b'OData-Version', b'4.0;'), (b'X-AspNet-Version', b'4.0.30319'), (b'X-Powered-By', b'ASP.NET')])
2025-09-22 11:02:11,283 - httpx - INFO - _send_single_request:1740 - HTTP Request: GET https://services.odata.org/V4/Northwind/Northwind.svc/Customers/$count "HTTP/1.1 200 OK"
2025-09-22 11:02:11,283 - httpcore.http11 - DEBUG - atrace:87 - receive_response_body.started request=<Request [b'GET']>
2025-09-22 11:02:11,283 - httpcore.http11 - DEBUG - atrace:87 - receive_response_body.complete
2025-09-22 11:02:11,283 - httpcore.http11 - DEBUG - atrace:87 - response_closed.started
2025-09-22 11:02:11,283 - httpcore.http11 - DEBUG - atrace:87 - response_closed.complete
2025-09-22 11:02:12,103 - httpcore.http11 - DEBUG - atrace:87 - receive_response_headers.complete return_value=(b'HTTP/1.1', 200, b'OK', [(b'Content-Length', b'120'), (b'Content-Type', b'text/plain;charset=utf-8'), (b'Date', b'Mon, 22 Sep 2025 05:32:13 GMT'), (b'Server', b'Microsoft-IIS/10.0'), (b'Access-Control-Allow-Headers', b'Accept, Origin, Content-Type, MaxDataServiceVersion'), (b'Access-Control-Allow-Methods', b'GET'), (b'Access-Control-Allow-Origin', b'*'), (b'Access-Control-Expose-Headers', b'DataServiceVersion'), (b'Cache-Control', b'private'), (b'Content-Encoding', b'gzip'), (b'Expires', b'Mon, 22 Sep 2025 05:33:10 GMT'), (b'Vary', b'*'), (b'X-Content-Type-Options', b'nosniff'), (b'OData-Version', b'4.0;'), (b'X-AspNet-Version', b'4.0.30319'), (b'X-Powered-By', b'ASP.NET')])
2025-09-22 11:02:12,103 - httpx - INFO - _send_single_request:1740 - HTTP Request: GET https://services.odata.org/V4/Northwind/Northwind.svc/Regions/$count "HTTP/1.1 200 OK"
2025-09-22 11:02:12,103 - httpcore.http11 - DEBUG - atrace:87 - receive_response_body.started request=<Request [b'GET']>
2025-09-22 11:02:12,103 - httpcore.http11 - DEBUG - atrace:87 - receive_response_body.complete
2025-09-22 11:02:12,103 - httpcore.http11 - DEBUG - atrace:87 - response_closed.started
2025-09-22 11:02:12,103 - httpcore.http11 - DEBUG - atrace:87 - response_closed.complete
2025-09-22 11:02:12,217 - httpcore.http11 - DEBUG - atrace:87 - receive_response_headers.complete return_value=(b'HTTP/1.1', 200, b'OK', [(b'Content-Length', b'120'), (b'Content-Type', b'text/plain;charset=utf-8'), (b'Date', b'Mon, 22 Sep 2025 05:32:13 GMT'), (b'Server', b'Microsoft-IIS/10.0'), (b'Access-Control-Allow-Headers', b'Accept, Origin, Content-Type, MaxDataServiceVersion'), (b'Access-Control-Allow-Methods', b'GET'), (b'Access-Control-Allow-Origin', b'*'), (b'Access-Control-Expose-Headers', b'DataServiceVersion'), (b'Cache-Control', b'private'), (b'Content-Encoding', b'gzip'), (b'Expires', b'Mon, 22 Sep 2025 05:33:10 GMT'), (b'Vary', b'*'), (b'X-Content-Type-Options', b'nosniff'), (b'OData-Version', b'4.0;'), (b'X-AspNet-Version', b'4.0.30319'), (b'X-Powered-By', b'ASP.NET')])
2025-09-22 11:02:12,224 - httpx - INFO - _send_single_request:1740 - HTTP Request: GET https://services.odata.org/V4/Northwind/Northwind.svc/Category_Sales_for_1997/$count "HTTP/1.1 200 OK"
2025-09-22 11:02:12,224 - httpcore.http11 - DEBUG - atrace:87 - receive_response_body.started request=<Request [b'GET']>
2025-09-22 11:02:12,224 - httpcore.http11 - DEBUG - atrace:87 - receive_response_body.complete
2025-09-22 11:02:12,224 - httpcore.http11 - DEBUG - atrace:87 - response_closed.started
2025-09-22 11:02:12,224 - httpcore.http11 - DEBUG - atrace:87 - response_closed.complete
2025-09-22 11:02:12,683 - httpcore.http11 - DEBUG - atrace:87 - receive_response_headers.complete return_value=(b'HTTP/1.1', 200, b'OK', [(b'Content-Length', b'122'), (b'Content-Type', b'text/plain;charset=utf-8'), (b'Date', b'Mon, 22 Sep 2025 05:32:14 GMT'), (b'Server', b'Microsoft-IIS/10.0'), (b'Access-Control-Allow-Headers', b'Accept, Origin, Content-Type, MaxDataServiceVersion'), (b'Access-Control-Allow-Methods', b'GET'), (b'Access-Control-Allow-Origin', b'*'), (b'Access-Control-Expose-Headers', b'DataServiceVersion'), (b'Cache-Control', b'private'), (b'Content-Encoding', b'gzip'), (b'Expires', b'Mon, 22 Sep 2025 05:33:10 GMT'), (b'Vary', b'*'), (b'X-Content-Type-Options', b'nosniff'), (b'OData-Version', b'4.0;'), (b'X-AspNet-Version', b'4.0.30319'), (b'X-Powered-By', b'ASP.NET')])
2025-09-22 11:02:12,683 - httpx - INFO - _send_single_request:1740 - HTTP Request: GET https://services.odata.org/V4/Northwind/Northwind.svc/Products_by_Categories/$count "HTTP/1.1 200 OK"
2025-09-22 11:02:12,683 - httpcore.http11 - DEBUG - atrace:87 - receive_response_body.started request=<Request [b'GET']>
2025-09-22 11:02:12,683 - httpcore.http11 - DEBUG - atrace:87 - receive_response_body.complete
2025-09-22 11:02:12,683 - httpcore.http11 - DEBUG - atrace:87 - response_closed.started
2025-09-22 11:02:12,683 - httpcore.http11 - DEBUG - atrace:87 - response_closed.complete
2025-09-22 11:02:13,188 - httpcore.http11 - DEBUG - atrace:87 - receive_response_headers.complete return_value=(b'HTTP/1.1', 200, b'OK', [(b'Content-Length', b'122'), (b'Content-Type', b'text/plain;charset=utf-8'), (b'Date', b'Mon, 22 Sep 2025 05:32:14 GMT'), (b'Server', b'Microsoft-IIS/10.0'), (b'Access-Control-Allow-Headers', b'Accept, Origin, Content-Type, MaxDataServiceVersion'), (b'Access-Control-Allow-Methods', b'GET'), (b'Access-Control-Allow-Origin', b'*'), (b'Access-Control-Expose-Headers', b'DataServiceVersion'), (b'Cache-Control', b'private'), (b'Content-Encoding', b'gzip'), (b'Expires', b'Mon, 22 Sep 2025 05:33:10 GMT'), (b'Vary', b'*'), (b'X-Content-Type-Options', b'nosniff'), (b'OData-Version', b'4.0;'), (b'X-AspNet-Version', b'4.0.30319'), (b'X-Powered-By', b'ASP.NET')])
2025-09-22 11:02:13,188 - httpx - INFO - _send_single_request:1740 - HTTP Request: GET https://services.odata.org/V4/Northwind/Northwind.svc/Territories/$count "HTTP/1.1 200 OK"
2025-09-22 11:02:13,189 - httpcore.http11 - DEBUG - atrace:87 - receive_response_body.started request=<Request [b'GET']>
2025-09-22 11:02:13,189 - httpcore.http11 - DEBUG - atrace:87 - receive_response_body.complete
2025-09-22 11:02:13,189 - httpcore.http11 - DEBUG - atrace:87 - response_closed.started
2025-09-22 11:02:13,189 - httpcore.http11 - DEBUG - atrace:87 - response_closed.complete
2025-09-22 11:02:13,702 - httpcore.http11 - DEBUG - atrace:87 - receive_response_headers.complete return_value=(b'HTTP/1.1', 200, b'OK', [(b'Content-Length', b'124'), (b'Content-Type', b'text/plain;charset=utf-8'), (b'Date', b'Mon, 22 Sep 2025 05:32:15 GMT'), (b'Server', b'Microsoft-IIS/10.0'), (b'Access-Control-Allow-Headers', b'Accept, Origin, Content-Type, MaxDataServiceVersion'), (b'Access-Control-Allow-Methods', b'GET'), (b'Access-Control-Allow-Origin', b'*'), (b'Access-Control-Expose-Headers', b'DataServiceVersion'), (b'Cache-Control', b'private'), (b'Content-Encoding', b'gzip'), (b'Expires', b'Mon, 22 Sep 2025 05:33:10 GMT'), (b'Vary', b'*'), (b'X-Content-Type-Options', b'nosniff'), (b'OData-Version', b'4.0;'), (b'X-AspNet-Version', b'4.0.30319'), (b'X-Powered-By', b'ASP.NET')])
2025-09-22 11:02:13,702 - httpx - INFO - _send_single_request:1740 - HTTP Request: GET https://services.odata.org/V4/Northwind/Northwind.svc/Order_Details_Extendeds/$count "HTTP/1.1 200 OK"
2025-09-22 11:02:13,702 - httpcore.http11 - DEBUG - atrace:87 - receive_response_body.started request=<Request [b'GET']>
2025-09-22 11:02:13,702 - httpcore.http11 - DEBUG - atrace:87 - receive_response_body.complete
2025-09-22 11:02:13,702 - httpcore.http11 - DEBUG - atrace:87 - response_closed.started
2025-09-22 11:02:13,702 - httpcore.http11 - DEBUG - atrace:87 - response_closed.complete
2025-09-22 11:02:14,252 - httpcore.http11 - DEBUG - atrace:87 - receive_response_headers.complete return_value=(b'HTTP/1.1', 200, b'OK', [(b'Content-Length', b'120'), (b'Content-Type', b'text/plain;charset=utf-8'), (b'Date', b'Mon, 22 Sep 2025 05:32:15 GMT'), (b'Server', b'Microsoft-IIS/10.0'), (b'Access-Control-Allow-Headers', b'Accept, Origin, Content-Type, MaxDataServiceVersion'), (b'Access-Control-Allow-Methods', b'GET'), (b'Access-Control-Allow-Origin', b'*'), (b'Access-Control-Expose-Headers', b'DataServiceVersion'), (b'Cache-Control', b'private'), (b'Content-Encoding', b'gzip'), (b'Expires', b'Mon, 22 Sep 2025 05:33:10 GMT'), (b'Vary', b'*'), (b'X-Content-Type-Options', b'nosniff'), (b'OData-Version', b'4.0;'), (b'X-AspNet-Version', b'4.0.30319'), (b'X-Powered-By', b'ASP.NET')])
2025-09-22 11:02:14,252 - httpx - INFO - _send_single_request:1740 - HTTP Request: GET https://services.odata.org/V4/Northwind/Northwind.svc/CustomerDemographics/$count "HTTP/1.1 200 OK"
2025-09-22 11:02:14,252 - httpcore.http11 - DEBUG - atrace:87 - receive_response_body.started request=<Request [b'GET']>
2025-09-22 11:02:14,252 - httpcore.http11 - DEBUG - atrace:87 - receive_response_body.complete
2025-09-22 11:02:14,252 - httpcore.http11 - DEBUG - atrace:87 - response_closed.started
2025-09-22 11:02:14,252 - httpcore.http11 - DEBUG - atrace:87 - response_closed.complete
2025-09-22 11:02:14,252 - httpcore.connection - DEBUG - atrace:87 - close.started
2025-09-22 11:02:14,252 - httpcore.connection - DEBUG - atrace:87 - close.complete
2025-09-22 11:02:14,252 - httpcore.connection - DEBUG - atrace:87 - close.started
2025-09-22 11:02:14,252 - httpcore.connection - DEBUG - atrace:87 - close.complete
2025-09-22 11:02:14,252 - httpcore.connection - DEBUG - atrace:87 - close.started
2025-09-22 11:02:14,252 - httpcore.connection - DEBUG - atrace:87 - close.complete
2025-09-22 11:02:14,252 - services.count - INFO - get_entity_counts:61 - [2m2025-09-22T05:32:14.252991Z[0m [[32m[1minfo     [0m] [1mSuccessfully retrieved entity counts[0m [[0m[1m[34mservices.count[0m][0m [36mcounts[0m=[35m{'Categories': 8, 'CustomerDemographics': 0, 'Customers': 91, 'Employees': 9, 'Order_Details': 2155, 'Orders': 830, 'Products': 77, 'Regions': 4, 'Shippers': 3, 'Suppliers': 29, 'Territories': 53, 'Alphabetical_list_of_products': 69, 'Category_Sales_for_1997': 8, 'Current_Product_Lists': 69, 'Customer_and_Suppliers_by_Cities': 120, 'Invoices': 2155, 'Order_Details_Extendeds': 2155, 'Order_Subtotals': 830, 'Orders_Qries': 830, 'Product_Sales_for_1997': 77, 'Products_Above_Average_Prices': 25, 'Products_by_Categories': 69, 'Sales_by_Categories': 77, 'Sales_Totals_by_Amounts': 66, 'Summary_of_Sales_by_Quarters': 809, 'Summary_of_Sales_by_Years': 809}[0m
2025-09-22 11:02:14,252 - httpcore.connection - DEBUG - atrace:87 - close.started
2025-09-22 11:02:14,252 - httpcore.connection - DEBUG - atrace:87 - close.complete
2025-09-22 11:02:14,252 - httpcore.connection - DEBUG - atrace:87 - close.started
2025-09-22 11:02:14,252 - httpcore.connection - DEBUG - atrace:87 - close.complete
2025-09-22 11:02:14,252 - httpcore.connection - DEBUG - atrace:87 - close.started
2025-09-22 11:02:14,252 - httpcore.connection - DEBUG - atrace:87 - close.complete
2025-09-22 11:02:14,252 - httpcore.connection - DEBUG - atrace:87 - close.started
2025-09-22 11:02:14,252 - httpcore.connection - DEBUG - atrace:87 - close.complete
2025-09-22 11:02:14,252 - httpcore.connection - DEBUG - atrace:87 - close.started
2025-09-22 11:02:14,252 - httpcore.connection - DEBUG - atrace:87 - close.complete
2025-09-22 11:02:14,252 - httpcore.connection - DEBUG - atrace:87 - close.started
2025-09-22 11:02:14,252 - httpcore.connection - DEBUG - atrace:87 - close.complete
2025-09-22 11:02:14,252 - httpcore.connection - DEBUG - atrace:87 - close.started
2025-09-22 11:02:14,252 - httpcore.connection - DEBUG - atrace:87 - close.complete
2025-09-22 11:02:14,252 - httpcore.connection - DEBUG - atrace:87 - close.started
2025-09-22 11:02:14,252 - httpcore.connection - DEBUG - atrace:87 - close.complete
2025-09-22 11:02:14,252 - httpcore.connection - DEBUG - atrace:87 - close.started
2025-09-22 11:02:14,252 - httpcore.connection - DEBUG - atrace:87 - close.complete
2025-09-22 11:02:14,252 - httpcore.connection - DEBUG - atrace:87 - close.started
2025-09-22 11:02:14,252 - httpcore.connection - DEBUG - atrace:87 - close.complete
2025-09-22 11:02:14,252 - httpcore.connection - DEBUG - atrace:87 - close.started
2025-09-22 11:02:14,252 - httpcore.connection - DEBUG - atrace:87 - close.complete
2025-09-22 11:02:14,252 - httpcore.connection - DEBUG - atrace:87 - close.started
2025-09-22 11:02:14,252 - httpcore.connection - DEBUG - atrace:87 - close.complete
2025-09-22 11:02:14,252 - httpcore.connection - DEBUG - atrace:87 - close.started
2025-09-22 11:02:14,252 - httpcore.connection - DEBUG - atrace:87 - close.complete
2025-09-22 11:02:14,252 - httpcore.connection - DEBUG - atrace:87 - close.started
2025-09-22 11:02:14,252 - httpcore.connection - DEBUG - atrace:87 - close.complete
2025-09-22 11:02:14,252 - httpcore.connection - DEBUG - atrace:87 - close.started
2025-09-22 11:02:14,252 - httpcore.connection - DEBUG - atrace:87 - close.complete
2025-09-22 11:02:14,252 - httpcore.connection - DEBUG - atrace:87 - close.started
2025-09-22 11:02:14,252 - httpcore.connection - DEBUG - atrace:87 - close.complete
2025-09-22 11:02:14,252 - httpcore.connection - DEBUG - atrace:87 - close.started
2025-09-22 11:02:14,252 - httpcore.connection - DEBUG - atrace:87 - close.complete
2025-09-22 11:02:14,252 - planning.graph_builder - INFO - add_entities:32 - [2m2025-09-22T05:32:14.252991Z[0m [[32m[1minfo     [0m] [1mAdded entities to graph       [0m [[0m[1m[34mplanning.graph_builder[0m][0m [36mentity_count[0m=[35m26[0m
2025-09-22 11:02:14,252 - planning.graph_builder - INFO - add_relationships:54 - [2m2025-09-22T05:32:14.252991Z[0m [[32m[1minfo     [0m] [1mAdded relationships to graph  [0m [[0m[1m[34mplanning.graph_builder[0m][0m [36mrelationship_count[0m=[35m0[0m
2025-09-22 11:02:14,252 - planning.graph_builder - INFO - get_processing_order:72 - [2m2025-09-22T05:32:14.252991Z[0m [[32m[1minfo     [0m] [1mGenerated processing order    [0m [[0m[1m[34mplanning.graph_builder[0m][0m [36mlevels[0m=[35m1[0m [36mtotal_entities[0m=[35m26[0m
2025-09-22 11:02:14,252 - planning.plan_generator - INFO - create_execution_plan:134 - [2m2025-09-22T05:32:14.252991Z[0m [[32m[1minfo     [0m] [1mCreating execution plan       [0m [[0m[1m[34mplanning.plan_generator[0m][0m [36mselected_entities[0m=[35mall[0m [36mtotal_entities[0m=[35m26[0m
2025-09-22 11:02:14,261 - planning.plan_generator - INFO - create_execution_plan:152 - [2m2025-09-22T05:32:14.261858Z[0m [[32m[1minfo     [0m] [1mSkipping empty entity         [0m [[0m[1m[34mplanning.plan_generator[0m][0m [36mentity[0m=[35mCustomerDemographics[0m
2025-09-22 11:02:14,261 - planning.plan_generator - INFO - create_execution_plan:186 - [2m2025-09-22T05:32:14.261858Z[0m [[32m[1minfo     [0m] [1mExecution plan created        [0m [[0m[1m[34mplanning.plan_generator[0m][0m [36mplanned_entities[0m=[35m25[0m [36mtotal_commands[0m=[35m28[0m
2025-09-22 11:02:14,262 - connector - INFO - _discovery_phase:213 - [2m2025-09-22T05:32:14.262872Z[0m [[32m[1minfo     [0m] [1mDiscovery phase completed     [0m [[0m[1m[34mconnector[0m][0m [36mentities[0m=[35m26[0m [36mprocessing_levels[0m=[35m1[0m [36mtotal_records[0m=[35m11427[0m
2025-09-22 11:02:14,262 - connector - INFO - _execution_phase:220 - [2m2025-09-22T05:32:14.262872Z[0m [[32m[1minfo     [0m] [1mStarting execution phase      [0m [[0m[1m[34mconnector[0m][0m
2025-09-22 11:02:14,262 - workers.proxy_pool - INFO - start:279 - [2m2025-09-22T05:32:14.262872Z[0m [[32m[1minfo     [0m] [1mStarting proxy pool           [0m [[0m[1m[34mworkers.proxy_pool[0m][0m [36mmax_workers[0m=[35m3[0m
2025-09-22 11:02:14,263 - workers.proxy_pool - INFO - start:299 - [2m2025-09-22T05:32:14.263733Z[0m [[32m[1minfo     [0m] [1mProxy pool started successfully[0m [[0m[1m[34mworkers.proxy_pool[0m][0m
2025-09-22 11:02:14,264 - planning.plan_generator - INFO - get_initial_commands:219 - [2m2025-09-22T05:32:14.264166Z[0m [[32m[1minfo     [0m] [1mGenerated initial commands    [0m [[0m[1m[34mplanning.plan_generator[0m][0m [36mcommand_count[0m=[35m28[0m
2025-09-22 11:02:14,264 - workers.proxy_pool - INFO - add_commands:340 - [2m2025-09-22T05:32:14.264567Z[0m [[32m[1minfo     [0m] [1mCommands added to queue       [0m [[0m[1m[34mworkers.proxy_pool[0m][0m [36mcount[0m=[35m28[0m
2025-09-22 11:02:14,265 - workers.proxy_pool - INFO - _worker_loop:346 - [2m2025-09-22T05:32:14.265180Z[0m [[32m[1minfo     [0m] [1m🟢 Worker started and ready for commands[0m [[0m[1m[34mworkers.proxy_pool[0m][0m [36mworker_id[0m=[35mworker_0[0m [36mworker_status[0m=[35mACTIVE[0m
2025-09-22 11:02:14,265 - workers.proxy_pool - INFO - _worker_loop:363 - [2m2025-09-22T05:32:14.265180Z[0m [[32m[1minfo     [0m] [1m📋 Worker picked up command from queue[0m [[0m[1m[34mworkers.proxy_pool[0m][0m [36mcommand_id[0m=[35mCategories_page_1[0m [36mentity[0m=[35mCategories[0m [36mqueue_size_after_pickup[0m=[35m27[0m [36mworker_id[0m=[35mworker_0[0m [36mworker_status[0m=[35mPROCESSING[0m
2025-09-22 11:02:14,265 - workers.proxy_pool - INFO - execute_command:51 - [2m2025-09-22T05:32:14.265866Z[0m [[32m[1minfo     [0m] [1m🚀 Worker starting command execution[0m [[0m[1m[34mworkers.proxy_pool[0m][0m [36mcommand_id[0m=[35mCategories_page_1[0m [36mcommand_type[0m=[35mfetch_page[0m [36mentity[0m=[35mCategories[0m [36mpriority[0m=[35m1[0m [36mretry_count[0m=[35m0[0m [36mskip[0m=[35m0[0m [36mtop[0m=[35m1500[0m [36mworker_id[0m=[35mworker_0[0m
2025-09-22 11:02:14,268 - workers.proxy_pool - INFO - execute_command:74 - [2m2025-09-22T05:32:14.266979Z[0m [[32m[1minfo     [0m] [1m🔄 Worker executing request with resilience patterns[0m [[0m[1m[34mworkers.proxy_pool[0m][0m [36mcircuit_breaker_state[0m=[35mclosed[0m [36mcommand_id[0m=[35mCategories_page_1[0m [36mworker_id[0m=[35mworker_0[0m
2025-09-22 11:02:14,504 - workers.proxy_pool - INFO - _worker_loop:346 - [2m2025-09-22T05:32:14.504799Z[0m [[32m[1minfo     [0m] [1m🟢 Worker started and ready for commands[0m [[0m[1m[34mworkers.proxy_pool[0m][0m [36mworker_id[0m=[35mworker_1[0m [36mworker_status[0m=[35mACTIVE[0m
2025-09-22 11:02:14,504 - workers.proxy_pool - INFO - _worker_loop:363 - [2m2025-09-22T05:32:14.504799Z[0m [[32m[1minfo     [0m] [1m📋 Worker picked up command from queue[0m [[0m[1m[34mworkers.proxy_pool[0m][0m [36mcommand_id[0m=[35mCurrent_Product_Lists_page_1[0m [36mentity[0m=[35mCurrent_Product_Lists[0m [36mqueue_size_after_pickup[0m=[35m26[0m [36mworker_id[0m=[35mworker_1[0m [36mworker_status[0m=[35mPROCESSING[0m
2025-09-22 11:02:14,507 - workers.proxy_pool - INFO - execute_command:51 - [2m2025-09-22T05:32:14.507223Z[0m [[32m[1minfo     [0m] [1m🚀 Worker starting command execution[0m [[0m[1m[34mworkers.proxy_pool[0m][0m [36mcommand_id[0m=[35mCurrent_Product_Lists_page_1[0m [36mcommand_type[0m=[35mfetch_page[0m [36mentity[0m=[35mCurrent_Product_Lists[0m [36mpriority[0m=[35m1[0m [36mretry_count[0m=[35m0[0m [36mskip[0m=[35m0[0m [36mtop[0m=[35m1500[0m [36mworker_id[0m=[35mworker_1[0m
2025-09-22 11:02:14,507 - workers.proxy_pool - INFO - execute_command:74 - [2m2025-09-22T05:32:14.507223Z[0m [[32m[1minfo     [0m] [1m🔄 Worker executing request with resilience patterns[0m [[0m[1m[34mworkers.proxy_pool[0m][0m [36mcircuit_breaker_state[0m=[35mclosed[0m [36mcommand_id[0m=[35mCurrent_Product_Lists_page_1[0m [36mworker_id[0m=[35mworker_1[0m
2025-09-22 11:02:14,507 - workers.proxy_pool - INFO - _worker_loop:346 - [2m2025-09-22T05:32:14.507223Z[0m [[32m[1minfo     [0m] [1m🟢 Worker started and ready for commands[0m [[0m[1m[34mworkers.proxy_pool[0m][0m [36mworker_id[0m=[35mworker_2[0m [36mworker_status[0m=[35mACTIVE[0m
2025-09-22 11:02:14,507 - workers.proxy_pool - INFO - _worker_loop:363 - [2m2025-09-22T05:32:14.507223Z[0m [[32m[1minfo     [0m] [1m📋 Worker picked up command from queue[0m [[0m[1m[34mworkers.proxy_pool[0m][0m [36mcommand_id[0m=[35mCustomers_page_1[0m [36mentity[0m=[35mCustomers[0m [36mqueue_size_after_pickup[0m=[35m25[0m [36mworker_id[0m=[35mworker_2[0m [36mworker_status[0m=[35mPROCESSING[0m
2025-09-22 11:02:14,507 - workers.proxy_pool - INFO - execute_command:51 - [2m2025-09-22T05:32:14.507223Z[0m [[32m[1minfo     [0m] [1m🚀 Worker starting command execution[0m [[0m[1m[34mworkers.proxy_pool[0m][0m [36mcommand_id[0m=[35mCustomers_page_1[0m [36mcommand_type[0m=[35mfetch_page[0m [36mentity[0m=[35mCustomers[0m [36mpriority[0m=[35m1[0m [36mretry_count[0m=[35m0[0m [36mskip[0m=[35m0[0m [36mtop[0m=[35m1500[0m [36mworker_id[0m=[35mworker_2[0m
2025-09-22 11:02:14,507 - workers.proxy_pool - INFO - execute_command:74 - [2m2025-09-22T05:32:14.507223Z[0m [[32m[1minfo     [0m] [1m🔄 Worker executing request with resilience patterns[0m [[0m[1m[34mworkers.proxy_pool[0m][0m [36mcircuit_breaker_state[0m=[35mclosed[0m [36mcommand_id[0m=[35mCustomers_page_1[0m [36mworker_id[0m=[35mworker_2[0m
2025-09-22 11:02:14,507 - httpcore.connection - DEBUG - atrace:87 - connect_tcp.started host='services.odata.org' port=443 local_address=None timeout=30 socket_options=None
2025-09-22 11:02:14,507 - httpcore.connection - DEBUG - atrace:87 - connect_tcp.started host='services.odata.org' port=443 local_address=None timeout=30 socket_options=None
2025-09-22 11:02:14,507 - httpcore.connection - DEBUG - atrace:87 - connect_tcp.started host='services.odata.org' port=443 local_address=None timeout=30 socket_options=None
2025-09-22 11:02:14,746 - httpcore.connection - DEBUG - atrace:87 - connect_tcp.complete return_value=<httpcore._backends.anyio.AnyIOStream object at 0x000001DC7031EDE0>
2025-09-22 11:02:14,746 - httpcore.connection - DEBUG - atrace:87 - start_tls.started ssl_context=<ssl.SSLContext object at 0x000001DC702DD2D0> server_hostname='services.odata.org' timeout=30
2025-09-22 11:02:14,746 - httpcore.connection - DEBUG - atrace:87 - connect_tcp.complete return_value=<httpcore._backends.anyio.AnyIOStream object at 0x000001DC7031F530>
2025-09-22 11:02:14,746 - httpcore.connection - DEBUG - atrace:87 - start_tls.started ssl_context=<ssl.SSLContext object at 0x000001DC702DD2D0> server_hostname='services.odata.org' timeout=30
2025-09-22 11:02:14,746 - httpcore.connection - DEBUG - atrace:87 - connect_tcp.complete return_value=<httpcore._backends.anyio.AnyIOStream object at 0x000001DC7031FC80>
2025-09-22 11:02:14,746 - httpcore.connection - DEBUG - atrace:87 - start_tls.started ssl_context=<ssl.SSLContext object at 0x000001DC702DD2D0> server_hostname='services.odata.org' timeout=30
2025-09-22 11:02:15,239 - httpcore.connection - DEBUG - atrace:87 - start_tls.complete return_value=<httpcore._backends.anyio.AnyIOStream object at 0x000001DC7031F4A0>
2025-09-22 11:02:15,239 - httpcore.connection - DEBUG - atrace:87 - start_tls.complete return_value=<httpcore._backends.anyio.AnyIOStream object at 0x000001DC7031FBC0>
2025-09-22 11:02:15,239 - httpcore.http11 - DEBUG - atrace:87 - send_request_headers.started request=<Request [b'GET']>
2025-09-22 11:02:15,239 - httpcore.http11 - DEBUG - atrace:87 - send_request_headers.started request=<Request [b'GET']>
2025-09-22 11:02:15,243 - httpcore.http11 - DEBUG - atrace:87 - send_request_headers.complete
2025-09-22 11:02:15,243 - httpcore.http11 - DEBUG - atrace:87 - send_request_body.started request=<Request [b'GET']>
2025-09-22 11:02:15,243 - httpcore.http11 - DEBUG - atrace:87 - send_request_body.complete
2025-09-22 11:02:15,243 - httpcore.http11 - DEBUG - atrace:87 - receive_response_headers.started request=<Request [b'GET']>
2025-09-22 11:02:15,243 - httpcore.http11 - DEBUG - atrace:87 - send_request_headers.complete
2025-09-22 11:02:15,243 - httpcore.http11 - DEBUG - atrace:87 - send_request_body.started request=<Request [b'GET']>
2025-09-22 11:02:15,243 - httpcore.http11 - DEBUG - atrace:87 - send_request_body.complete
2025-09-22 11:02:15,243 - httpcore.http11 - DEBUG - atrace:87 - receive_response_headers.started request=<Request [b'GET']>
2025-09-22 11:02:15,245 - httpcore.connection - DEBUG - atrace:87 - start_tls.complete return_value=<httpcore._backends.anyio.AnyIOStream object at 0x000001DC7031ED50>
2025-09-22 11:02:15,245 - httpcore.http11 - DEBUG - atrace:87 - send_request_headers.started request=<Request [b'GET']>
2025-09-22 11:02:15,245 - httpcore.http11 - DEBUG - atrace:87 - send_request_headers.complete
2025-09-22 11:02:15,245 - httpcore.http11 - DEBUG - atrace:87 - send_request_body.started request=<Request [b'GET']>
2025-09-22 11:02:15,245 - httpcore.http11 - DEBUG - atrace:87 - send_request_body.complete
2025-09-22 11:02:15,245 - httpcore.http11 - DEBUG - atrace:87 - receive_response_headers.started request=<Request [b'GET']>
2025-09-22 11:02:15,510 - httpcore.http11 - DEBUG - atrace:87 - receive_response_headers.complete return_value=(b'HTTP/1.1', 200, b'OK', [(b'Content-Length', b'2319'), (b'Content-Type', b'application/json;odata.metadata=minimal;odata.streaming=true;IEEE754Compatible=false;charset=utf-8'), (b'Date', b'Mon, 22 Sep 2025 05:32:16 GMT'), (b'Server', b'Microsoft-IIS/10.0'), (b'Access-Control-Allow-Headers', b'Accept, Origin, Content-Type, MaxDataServiceVersion'), (b'Access-Control-Allow-Methods', b'GET'), (b'Access-Control-Allow-Origin', b'*'), (b'Access-Control-Expose-Headers', b'DataServiceVersion'), (b'Cache-Control', b'private'), (b'Content-Encoding', b'gzip'), (b'Expires', b'Mon, 22 Sep 2025 05:33:17 GMT'), (b'Vary', b'*'), (b'X-Content-Type-Options', b'nosniff'), (b'OData-Version', b'4.0;'), (b'X-AspNet-Version', b'4.0.30319'), (b'X-Powered-By', b'ASP.NET')])
2025-09-22 11:02:15,510 - httpx - INFO - _send_single_request:1740 - HTTP Request: GET https://services.odata.org/V4/Northwind/Northwind.svc/Customers?%24skip=0&%24top=1500 "HTTP/1.1 200 OK"
2025-09-22 11:02:15,510 - httpcore.http11 - DEBUG - atrace:87 - receive_response_body.started request=<Request [b'GET']>
2025-09-22 11:02:15,516 - httpcore.http11 - DEBUG - atrace:87 - receive_response_body.complete
2025-09-22 11:02:15,516 - httpcore.http11 - DEBUG - atrace:87 - response_closed.started
2025-09-22 11:02:15,516 - httpcore.http11 - DEBUG - atrace:87 - response_closed.complete
2025-09-22 11:02:15,516 - workers.proxy_pool - INFO - _make_http_request:162 - [2m2025-09-22T05:32:15.516163Z[0m [[32m[1minfo     [0m] [1m📊 Worker successfully fetched data[0m [[0m[1m[34mworkers.proxy_pool[0m][0m [36mcommand_id[0m=[35mCustomers_page_1[0m [36mentity[0m=[35mCustomers[0m [36mhas_next_page[0m=[35mTrue[0m [36mrecords_in_response[0m=[35m20[0m [36mworker_id[0m=[35mworker_2[0m
2025-09-22 11:02:15,516 - workers.proxy_pool - INFO - execute_command:85 - [2m2025-09-22T05:32:15.516163Z[0m [[32m[1minfo     [0m] [1m✅ Worker completed command successfully[0m [[0m[1m[34mworkers.proxy_pool[0m][0m [36mcommand_id[0m=[35mCustomers_page_1[0m [36mentity[0m=[35mCustomers[0m [36mexecution_time_seconds[0m=[35m1.02[0m [36mhas_next_page[0m=[35mTrue[0m [36mrecords_fetched[0m=[35m20[0m [36mworker_id[0m=[35mworker_2[0m
2025-09-22 11:02:15,516 - workers.proxy_pool - INFO - _worker_loop:363 - [2m2025-09-22T05:32:15.516163Z[0m [[32m[1minfo     [0m] [1m📋 Worker picked up command from queue[0m [[0m[1m[34mworkers.proxy_pool[0m][0m [36mcommand_id[0m=[35mProducts_by_Categories_page_1[0m [36mentity[0m=[35mProducts_by_Categories[0m [36mqueue_size_after_pickup[0m=[35m24[0m [36mworker_id[0m=[35mworker_2[0m [36mworker_status[0m=[35mPROCESSING[0m
2025-09-22 11:02:15,516 - workers.proxy_pool - INFO - execute_command:51 - [2m2025-09-22T05:32:15.516163Z[0m [[32m[1minfo     [0m] [1m🚀 Worker starting command execution[0m [[0m[1m[34mworkers.proxy_pool[0m][0m [36mcommand_id[0m=[35mProducts_by_Categories_page_1[0m [36mcommand_type[0m=[35mfetch_page[0m [36mentity[0m=[35mProducts_by_Categories[0m [36mpriority[0m=[35m1[0m [36mretry_count[0m=[35m0[0m [36mskip[0m=[35m0[0m [36mtop[0m=[35m1500[0m [36mworker_id[0m=[35mworker_2[0m
2025-09-22 11:02:15,516 - workers.proxy_pool - INFO - execute_command:74 - [2m2025-09-22T05:32:15.516163Z[0m [[32m[1minfo     [0m] [1m🔄 Worker executing request with resilience patterns[0m [[0m[1m[34mworkers.proxy_pool[0m][0m [36mcircuit_breaker_state[0m=[35mclosed[0m [36mcommand_id[0m=[35mProducts_by_Categories_page_1[0m [36mworker_id[0m=[35mworker_2[0m
2025-09-22 11:02:15,523 - storage.transformer - INFO - transform_odata_response:96 - [2m2025-09-22T05:32:15.516163Z[0m [[32m[1minfo     [0m] [1mTransformation completed      [0m [[0m[1m[34mstorage.transformer[0m][0m [36mentity_name[0m=[35mCustomers[0m [36minput_records[0m=[35m20[0m [36moutput_records[0m=[35m20[0m
2025-09-22 11:02:15,523 - storage.local_storage - INFO - store_processed_records:131 - [2m2025-09-22T05:32:15.523041Z[0m [[32m[1minfo     [0m] [1mStoring processed records     [0m [[0m[1m[34mstorage.local_storage[0m][0m [36mentity_name[0m=[35mCustomers[0m [36mformat[0m=[35mjson[0m [36mrecord_count[0m=[35m20[0m
2025-09-22 11:02:15,525 - storage.local_storage - INFO - store_processed_records:142 - [2m2025-09-22T05:32:15.525814Z[0m [[32m[1minfo     [0m] [1mSuccessfully stored processed records[0m [[0m[1m[34mstorage.local_storage[0m][0m [36mentity_name[0m=[35mCustomers[0m [36mfile_path[0m=[35m./test_output/processed\Customers_20250922_053215.json[0m [36mrecord_count[0m=[35m20[0m
2025-09-22 11:02:15,537 - storage.local_storage - INFO - store_raw_response:83 - [2m2025-09-22T05:32:15.537276Z[0m [[32m[1minfo     [0m] [1mSuccessfully stored raw data  [0m [[0m[1m[34mstorage.local_storage[0m][0m [36mentity_name[0m=[35mCustomers[0m [36mfile_path[0m=[35m./test_output/raw\Customers\2025/09/22\05\Customers_page_1.json[0m [36msize_bytes[0m=[35m8174[0m
2025-09-22 11:02:15,539 - httpcore.http11 - DEBUG - atrace:87 - send_request_headers.started request=<Request [b'GET']>
2025-09-22 11:02:15,540 - httpcore.http11 - DEBUG - atrace:87 - send_request_headers.complete
2025-09-22 11:02:15,540 - httpcore.http11 - DEBUG - atrace:87 - send_request_body.started request=<Request [b'GET']>
2025-09-22 11:02:15,540 - httpcore.http11 - DEBUG - atrace:87 - send_request_body.complete
2025-09-22 11:02:15,540 - httpcore.http11 - DEBUG - atrace:87 - receive_response_headers.started request=<Request [b'GET']>
2025-09-22 11:02:15,810 - httpcore.http11 - DEBUG - atrace:87 - receive_response_headers.complete return_value=(b'HTTP/1.1', 200, b'OK', [(b'Content-Length', b'2280'), (b'Content-Type', b'application/json;odata.metadata=minimal;odata.streaming=true;IEEE754Compatible=false;charset=utf-8'), (b'Date', b'Mon, 22 Sep 2025 05:32:17 GMT'), (b'Server', b'Microsoft-IIS/10.0'), (b'Access-Control-Allow-Headers', b'Accept, Origin, Content-Type, MaxDataServiceVersion'), (b'Access-Control-Allow-Methods', b'GET'), (b'Access-Control-Allow-Origin', b'*'), (b'Access-Control-Expose-Headers', b'DataServiceVersion'), (b'Cache-Control', b'private'), (b'Content-Encoding', b'gzip'), (b'Expires', b'Mon, 22 Sep 2025 05:33:17 GMT'), (b'Vary', b'*'), (b'X-Content-Type-Options', b'nosniff'), (b'OData-Version', b'4.0;'), (b'X-AspNet-Version', b'4.0.30319'), (b'X-Powered-By', b'ASP.NET')])
2025-09-22 11:02:15,810 - httpx - INFO - _send_single_request:1740 - HTTP Request: GET https://services.odata.org/V4/Northwind/Northwind.svc/Products_by_Categories?%24skip=0&%24top=1500 "HTTP/1.1 200 OK"
2025-09-22 11:02:15,810 - httpcore.http11 - DEBUG - atrace:87 - receive_response_body.started request=<Request [b'GET']>
2025-09-22 11:02:15,810 - httpcore.http11 - DEBUG - atrace:87 - receive_response_body.complete
2025-09-22 11:02:15,810 - httpcore.http11 - DEBUG - atrace:87 - response_closed.started
2025-09-22 11:02:15,810 - httpcore.http11 - DEBUG - atrace:87 - response_closed.complete
2025-09-22 11:02:15,810 - workers.proxy_pool - INFO - _make_http_request:162 - [2m2025-09-22T05:32:15.810622Z[0m [[32m[1minfo     [0m] [1m📊 Worker successfully fetched data[0m [[0m[1m[34mworkers.proxy_pool[0m][0m [36mcommand_id[0m=[35mProducts_by_Categories_page_1[0m [36mentity[0m=[35mProducts_by_Categories[0m [36mhas_next_page[0m=[35mFalse[0m [36mrecords_in_response[0m=[35m69[0m [36mworker_id[0m=[35mworker_2[0m
2025-09-22 11:02:15,810 - workers.proxy_pool - INFO - execute_command:85 - [2m2025-09-22T05:32:15.810622Z[0m [[32m[1minfo     [0m] [1m✅ Worker completed command successfully[0m [[0m[1m[34mworkers.proxy_pool[0m][0m [36mcommand_id[0m=[35mProducts_by_Categories_page_1[0m [36mentity[0m=[35mProducts_by_Categories[0m [36mexecution_time_seconds[0m=[35m0.3[0m [36mhas_next_page[0m=[35mFalse[0m [36mrecords_fetched[0m=[35m69[0m [36mworker_id[0m=[35mworker_2[0m
2025-09-22 11:02:15,816 - workers.proxy_pool - INFO - _worker_loop:363 - [2m2025-09-22T05:32:15.810622Z[0m [[32m[1minfo     [0m] [1m📋 Worker picked up command from queue[0m [[0m[1m[34mworkers.proxy_pool[0m][0m [36mcommand_id[0m=[35mSummary_of_Sales_by_Quarters_page_1[0m [36mentity[0m=[35mSummary_of_Sales_by_Quarters[0m [36mqueue_size_after_pickup[0m=[35m24[0m [36mworker_id[0m=[35mworker_2[0m [36mworker_status[0m=[35mPROCESSING[0m
2025-09-22 11:02:15,816 - workers.proxy_pool - INFO - execute_command:51 - [2m2025-09-22T05:32:15.816171Z[0m [[32m[1minfo     [0m] [1m🚀 Worker starting command execution[0m [[0m[1m[34mworkers.proxy_pool[0m][0m [36mcommand_id[0m=[35mSummary_of_Sales_by_Quarters_page_1[0m [36mcommand_type[0m=[35mfetch_page[0m [36mentity[0m=[35mSummary_of_Sales_by_Quarters[0m [36mpriority[0m=[35m1[0m [36mretry_count[0m=[35m0[0m [36mskip[0m=[35m0[0m [36mtop[0m=[35m1500[0m [36mworker_id[0m=[35mworker_2[0m
2025-09-22 11:02:15,816 - workers.proxy_pool - INFO - execute_command:74 - [2m2025-09-22T05:32:15.816171Z[0m [[32m[1minfo     [0m] [1m🔄 Worker executing request with resilience patterns[0m [[0m[1m[34mworkers.proxy_pool[0m][0m [36mcircuit_breaker_state[0m=[35mclosed[0m [36mcommand_id[0m=[35mSummary_of_Sales_by_Quarters_page_1[0m [36mworker_id[0m=[35mworker_2[0m
2025-09-22 11:02:15,816 - storage.transformer - INFO - transform_odata_response:96 - [2m2025-09-22T05:32:15.816171Z[0m [[32m[1minfo     [0m] [1mTransformation completed      [0m [[0m[1m[34mstorage.transformer[0m][0m [36mentity_name[0m=[35mProducts_by_Categories[0m [36minput_records[0m=[35m69[0m [36moutput_records[0m=[35m69[0m
2025-09-22 11:02:15,816 - storage.local_storage - INFO - store_processed_records:131 - [2m2025-09-22T05:32:15.816171Z[0m [[32m[1minfo     [0m] [1mStoring processed records     [0m [[0m[1m[34mstorage.local_storage[0m][0m [36mentity_name[0m=[35mProducts_by_Categories[0m [36mformat[0m=[35mjson[0m [36mrecord_count[0m=[35m69[0m
2025-09-22 11:02:15,821 - storage.local_storage - INFO - store_processed_records:142 - [2m2025-09-22T05:32:15.820596Z[0m [[32m[1minfo     [0m] [1mSuccessfully stored processed records[0m [[0m[1m[34mstorage.local_storage[0m][0m [36mentity_name[0m=[35mProducts_by_Categories[0m [36mfile_path[0m=[35m./test_output/processed\Products_by_Categories_20250922_053215.json[0m [36mrecord_count[0m=[35m69[0m
2025-09-22 11:02:15,831 - storage.local_storage - INFO - store_raw_response:83 - [2m2025-09-22T05:32:15.831340Z[0m [[32m[1minfo     [0m] [1mSuccessfully stored raw data  [0m [[0m[1m[34mstorage.local_storage[0m][0m [36mentity_name[0m=[35mProducts_by_Categories[0m [36mfile_path[0m=[35m./test_output/raw\Products_by_Categories\2025/09/22\05\Products_by_Categories_page_1.json[0m [36msize_bytes[0m=[35m14291[0m
2025-09-22 11:02:15,832 - httpcore.http11 - DEBUG - atrace:87 - send_request_headers.started request=<Request [b'GET']>
2025-09-22 11:02:15,834 - httpcore.http11 - DEBUG - atrace:87 - send_request_headers.complete
2025-09-22 11:02:15,834 - httpcore.http11 - DEBUG - atrace:87 - send_request_body.started request=<Request [b'GET']>
2025-09-22 11:02:15,835 - httpcore.http11 - DEBUG - atrace:87 - send_request_body.complete
2025-09-22 11:02:15,835 - httpcore.http11 - DEBUG - atrace:87 - receive_response_headers.started request=<Request [b'GET']>
2025-09-22 11:02:16,065 - httpcore.http11 - DEBUG - atrace:87 - receive_response_headers.complete return_value=(b'HTTP/1.1', 200, b'OK', [(b'Content-Length', b'1429'), (b'Content-Type', b'application/json;odata.metadata=minimal;odata.streaming=true;IEEE754Compatible=false;charset=utf-8'), (b'Date', b'Mon, 22 Sep 2025 05:32:17 GMT'), (b'Server', b'Microsoft-IIS/10.0'), (b'Access-Control-Allow-Headers', b'Accept, Origin, Content-Type, MaxDataServiceVersion'), (b'Access-Control-Allow-Methods', b'GET'), (b'Access-Control-Allow-Origin', b'*'), (b'Access-Control-Expose-Headers', b'DataServiceVersion'), (b'Cache-Control', b'private'), (b'Content-Encoding', b'gzip'), (b'Expires', b'Mon, 22 Sep 2025 05:33:17 GMT'), (b'Vary', b'*'), (b'X-Content-Type-Options', b'nosniff'), (b'OData-Version', b'4.0;'), (b'X-AspNet-Version', b'4.0.30319'), (b'X-Powered-By', b'ASP.NET')])
2025-09-22 11:02:16,065 - httpx - INFO - _send_single_request:1740 - HTTP Request: GET https://services.odata.org/V4/Northwind/Northwind.svc/Current_Product_Lists?%24skip=0&%24top=1500 "HTTP/1.1 200 OK"
2025-09-22 11:02:16,065 - httpcore.http11 - DEBUG - atrace:87 - receive_response_body.started request=<Request [b'GET']>
2025-09-22 11:02:16,065 - httpcore.http11 - DEBUG - atrace:87 - receive_response_body.complete
2025-09-22 11:02:16,065 - httpcore.http11 - DEBUG - atrace:87 - response_closed.started
2025-09-22 11:02:16,065 - httpcore.http11 - DEBUG - atrace:87 - response_closed.complete
2025-09-22 11:02:16,065 - workers.proxy_pool - INFO - _make_http_request:162 - [2m2025-09-22T05:32:16.065440Z[0m [[32m[1minfo     [0m] [1m📊 Worker successfully fetched data[0m [[0m[1m[34mworkers.proxy_pool[0m][0m [36mcommand_id[0m=[35mCurrent_Product_Lists_page_1[0m [36mentity[0m=[35mCurrent_Product_Lists[0m [36mhas_next_page[0m=[35mFalse[0m [36mrecords_in_response[0m=[35m69[0m [36mworker_id[0m=[35mworker_1[0m
2025-09-22 11:02:16,065 - workers.proxy_pool - INFO - execute_command:85 - [2m2025-09-22T05:32:16.065440Z[0m [[32m[1minfo     [0m] [1m✅ Worker completed command successfully[0m [[0m[1m[34mworkers.proxy_pool[0m][0m [36mcommand_id[0m=[35mCurrent_Product_Lists_page_1[0m [36mentity[0m=[35mCurrent_Product_Lists[0m [36mexecution_time_seconds[0m=[35m1.56[0m [36mhas_next_page[0m=[35mFalse[0m [36mrecords_fetched[0m=[35m69[0m [36mworker_id[0m=[35mworker_1[0m
2025-09-22 11:02:16,065 - workers.proxy_pool - INFO - _worker_loop:363 - [2m2025-09-22T05:32:16.065440Z[0m [[32m[1minfo     [0m] [1m📋 Worker picked up command from queue[0m [[0m[1m[34mworkers.proxy_pool[0m][0m [36mcommand_id[0m=[35mOrder_Subtotals_page_1[0m [36mentity[0m=[35mOrder_Subtotals[0m [36mqueue_size_after_pickup[0m=[35m23[0m [36mworker_id[0m=[35mworker_1[0m [36mworker_status[0m=[35mPROCESSING[0m
2025-09-22 11:02:16,065 - workers.proxy_pool - INFO - execute_command:51 - [2m2025-09-22T05:32:16.065440Z[0m [[32m[1minfo     [0m] [1m🚀 Worker starting command execution[0m [[0m[1m[34mworkers.proxy_pool[0m][0m [36mcommand_id[0m=[35mOrder_Subtotals_page_1[0m [36mcommand_type[0m=[35mfetch_page[0m [36mentity[0m=[35mOrder_Subtotals[0m [36mpriority[0m=[35m1[0m [36mretry_count[0m=[35m0[0m [36mskip[0m=[35m0[0m [36mtop[0m=[35m1500[0m [36mworker_id[0m=[35mworker_1[0m
2025-09-22 11:02:16,065 - workers.proxy_pool - INFO - execute_command:74 - [2m2025-09-22T05:32:16.065440Z[0m [[32m[1minfo     [0m] [1m🔄 Worker executing request with resilience patterns[0m [[0m[1m[34mworkers.proxy_pool[0m][0m [36mcircuit_breaker_state[0m=[35mclosed[0m [36mcommand_id[0m=[35mOrder_Subtotals_page_1[0m [36mworker_id[0m=[35mworker_1[0m
2025-09-22 11:02:16,065 - storage.transformer - INFO - transform_odata_response:96 - [2m2025-09-22T05:32:16.065440Z[0m [[32m[1minfo     [0m] [1mTransformation completed      [0m [[0m[1m[34mstorage.transformer[0m][0m [36mentity_name[0m=[35mCurrent_Product_Lists[0m [36minput_records[0m=[35m69[0m [36moutput_records[0m=[35m69[0m
2025-09-22 11:02:16,074 - storage.local_storage - INFO - store_processed_records:131 - [2m2025-09-22T05:32:16.065440Z[0m [[32m[1minfo     [0m] [1mStoring processed records     [0m [[0m[1m[34mstorage.local_storage[0m][0m [36mentity_name[0m=[35mCurrent_Product_Lists[0m [36mformat[0m=[35mjson[0m [36mrecord_count[0m=[35m69[0m
2025-09-22 11:02:16,077 - storage.local_storage - INFO - store_processed_records:142 - [2m2025-09-22T05:32:16.076526Z[0m [[32m[1minfo     [0m] [1mSuccessfully stored processed records[0m [[0m[1m[34mstorage.local_storage[0m][0m [36mentity_name[0m=[35mCurrent_Product_Lists[0m [36mfile_path[0m=[35m./test_output/processed\Current_Product_Lists_20250922_053216.json[0m [36mrecord_count[0m=[35m69[0m
2025-09-22 11:02:16,083 - storage.local_storage - INFO - store_raw_response:83 - [2m2025-09-22T05:32:16.083616Z[0m [[32m[1minfo     [0m] [1mSuccessfully stored raw data  [0m [[0m[1m[34mstorage.local_storage[0m][0m [36mentity_name[0m=[35mCurrent_Product_Lists[0m [36mfile_path[0m=[35m./test_output/raw\Current_Product_Lists\2025/09/22\05\Current_Product_Lists_page_1.json[0m [36msize_bytes[0m=[35m6133[0m
2025-09-22 11:02:16,085 - httpcore.http11 - DEBUG - atrace:87 - send_request_headers.started request=<Request [b'GET']>
2025-09-22 11:02:16,087 - httpcore.http11 - DEBUG - atrace:87 - send_request_headers.complete
2025-09-22 11:02:16,087 - httpcore.http11 - DEBUG - atrace:87 - send_request_body.started request=<Request [b'GET']>
2025-09-22 11:02:16,087 - httpcore.http11 - DEBUG - atrace:87 - send_request_body.complete
2025-09-22 11:02:16,087 - httpcore.http11 - DEBUG - atrace:87 - receive_response_headers.started request=<Request [b'GET']>
2025-09-22 11:02:16,137 - httpcore.http11 - DEBUG - atrace:87 - receive_response_headers.complete return_value=(b'HTTP/1.1', 200, b'OK', [(b'Content-Length', b'1596'), (b'Content-Type', b'application/json;odata.metadata=minimal;odata.streaming=true;IEEE754Compatible=false;charset=utf-8'), (b'Date', b'Mon, 22 Sep 2025 05:32:17 GMT'), (b'Server', b'Microsoft-IIS/10.0'), (b'Access-Control-Allow-Headers', b'Accept, Origin, Content-Type, MaxDataServiceVersion'), (b'Access-Control-Allow-Methods', b'GET'), (b'Access-Control-Allow-Origin', b'*'), (b'Access-Control-Expose-Headers', b'DataServiceVersion'), (b'Cache-Control', b'private'), (b'Content-Encoding', b'gzip'), (b'Expires', b'Mon, 22 Sep 2025 05:33:17 GMT'), (b'Vary', b'*'), (b'X-Content-Type-Options', b'nosniff'), (b'OData-Version', b'4.0;'), (b'X-AspNet-Version', b'4.0.30319'), (b'X-Powered-By', b'ASP.NET')])
2025-09-22 11:02:16,137 - httpx - INFO - _send_single_request:1740 - HTTP Request: GET https://services.odata.org/V4/Northwind/Northwind.svc/Summary_of_Sales_by_Quarters?%24skip=0&%24top=1500 "HTTP/1.1 200 OK"
2025-09-22 11:02:16,137 - httpcore.http11 - DEBUG - atrace:87 - receive_response_body.started request=<Request [b'GET']>
2025-09-22 11:02:16,137 - httpcore.http11 - DEBUG - atrace:87 - receive_response_body.complete
2025-09-22 11:02:16,143 - httpcore.http11 - DEBUG - atrace:87 - response_closed.started
2025-09-22 11:02:16,143 - httpcore.http11 - DEBUG - atrace:87 - response_closed.complete
2025-09-22 11:02:16,143 - workers.proxy_pool - INFO - _make_http_request:162 - [2m2025-09-22T05:32:16.143339Z[0m [[32m[1minfo     [0m] [1m📊 Worker successfully fetched data[0m [[0m[1m[34mworkers.proxy_pool[0m][0m [36mcommand_id[0m=[35mSummary_of_Sales_by_Quarters_page_1[0m [36mentity[0m=[35mSummary_of_Sales_by_Quarters[0m [36mhas_next_page[0m=[35mTrue[0m [36mrecords_in_response[0m=[35m100[0m [36mworker_id[0m=[35mworker_2[0m
2025-09-22 11:02:16,143 - workers.proxy_pool - INFO - execute_command:85 - [2m2025-09-22T05:32:16.143339Z[0m [[32m[1minfo     [0m] [1m✅ Worker completed command successfully[0m [[0m[1m[34mworkers.proxy_pool[0m][0m [36mcommand_id[0m=[35mSummary_of_Sales_by_Quarters_page_1[0m [36mentity[0m=[35mSummary_of_Sales_by_Quarters[0m [36mexecution_time_seconds[0m=[35m0.33[0m [36mhas_next_page[0m=[35mTrue[0m [36mrecords_fetched[0m=[35m100[0m [36mworker_id[0m=[35mworker_2[0m
2025-09-22 11:02:16,143 - workers.proxy_pool - INFO - _worker_loop:363 - [2m2025-09-22T05:32:16.143339Z[0m [[32m[1minfo     [0m] [1m📋 Worker picked up command from queue[0m [[0m[1m[34mworkers.proxy_pool[0m][0m [36mcommand_id[0m=[35mSales_by_Categories_page_1[0m [36mentity[0m=[35mSales_by_Categories[0m [36mqueue_size_after_pickup[0m=[35m22[0m [36mworker_id[0m=[35mworker_2[0m [36mworker_status[0m=[35mPROCESSING[0m
2025-09-22 11:02:16,146 - workers.proxy_pool - INFO - execute_command:51 - [2m2025-09-22T05:32:16.146072Z[0m [[32m[1minfo     [0m] [1m🚀 Worker starting command execution[0m [[0m[1m[34mworkers.proxy_pool[0m][0m [36mcommand_id[0m=[35mSales_by_Categories_page_1[0m [36mcommand_type[0m=[35mfetch_page[0m [36mentity[0m=[35mSales_by_Categories[0m [36mpriority[0m=[35m1[0m [36mretry_count[0m=[35m0[0m [36mskip[0m=[35m0[0m [36mtop[0m=[35m1500[0m [36mworker_id[0m=[35mworker_2[0m
2025-09-22 11:02:16,146 - workers.proxy_pool - INFO - execute_command:74 - [2m2025-09-22T05:32:16.146072Z[0m [[32m[1minfo     [0m] [1m🔄 Worker executing request with resilience patterns[0m [[0m[1m[34mworkers.proxy_pool[0m][0m [36mcircuit_breaker_state[0m=[35mclosed[0m [36mcommand_id[0m=[35mSales_by_Categories_page_1[0m [36mworker_id[0m=[35mworker_2[0m
2025-09-22 11:02:16,148 - storage.transformer - INFO - transform_odata_response:96 - [2m2025-09-22T05:32:16.148095Z[0m [[32m[1minfo     [0m] [1mTransformation completed      [0m [[0m[1m[34mstorage.transformer[0m][0m [36mentity_name[0m=[35mSummary_of_Sales_by_Quarters[0m [36minput_records[0m=[35m100[0m [36moutput_records[0m=[35m100[0m
2025-09-22 11:02:16,148 - storage.local_storage - INFO - store_processed_records:131 - [2m2025-09-22T05:32:16.148095Z[0m [[32m[1minfo     [0m] [1mStoring processed records     [0m [[0m[1m[34mstorage.local_storage[0m][0m [36mentity_name[0m=[35mSummary_of_Sales_by_Quarters[0m [36mformat[0m=[35mjson[0m [36mrecord_count[0m=[35m100[0m
2025-09-22 11:02:16,150 - storage.local_storage - INFO - store_processed_records:142 - [2m2025-09-22T05:32:16.150908Z[0m [[32m[1minfo     [0m] [1mSuccessfully stored processed records[0m [[0m[1m[34mstorage.local_storage[0m][0m [36mentity_name[0m=[35mSummary_of_Sales_by_Quarters[0m [36mfile_path[0m=[35m./test_output/processed\Summary_of_Sales_by_Quarters_20250922_053216.json[0m [36mrecord_count[0m=[35m100[0m
2025-09-22 11:02:16,157 - storage.local_storage - INFO - store_raw_response:83 - [2m2025-09-22T05:32:16.155309Z[0m [[32m[1minfo     [0m] [1mSuccessfully stored raw data  [0m [[0m[1m[34mstorage.local_storage[0m][0m [36mentity_name[0m=[35mSummary_of_Sales_by_Quarters[0m [36mfile_path[0m=[35m./test_output/raw\Summary_of_Sales_by_Quarters\2025/09/22\05\Summary_of_Sales_by_Quarters_page_1.json[0m [36msize_bytes[0m=[35m12086[0m
2025-09-22 11:02:16,157 - httpcore.http11 - DEBUG - atrace:87 - send_request_headers.started request=<Request [b'GET']>
2025-09-22 11:02:16,157 - httpcore.http11 - DEBUG - atrace:87 - send_request_headers.complete
2025-09-22 11:02:16,157 - httpcore.http11 - DEBUG - atrace:87 - send_request_body.started request=<Request [b'GET']>
2025-09-22 11:02:16,157 - httpcore.http11 - DEBUG - atrace:87 - send_request_body.complete
2025-09-22 11:02:16,157 - httpcore.http11 - DEBUG - atrace:87 - receive_response_headers.started request=<Request [b'GET']>
2025-09-22 11:02:16,343 - httpcore.http11 - DEBUG - atrace:87 - receive_response_headers.complete return_value=(b'HTTP/1.1', 200, b'OK', [(b'Content-Length', b'1172'), (b'Content-Type', b'application/json;odata.metadata=minimal;odata.streaming=true;IEEE754Compatible=false;charset=utf-8'), (b'Date', b'Mon, 22 Sep 2025 05:32:17 GMT'), (b'Server', b'Microsoft-IIS/10.0'), (b'Access-Control-Allow-Headers', b'Accept, Origin, Content-Type, MaxDataServiceVersion'), (b'Access-Control-Allow-Methods', b'GET'), (b'Access-Control-Allow-Origin', b'*'), (b'Access-Control-Expose-Headers', b'DataServiceVersion'), (b'Cache-Control', b'private'), (b'Content-Encoding', b'gzip'), (b'Expires', b'Mon, 22 Sep 2025 05:33:18 GMT'), (b'Vary', b'*'), (b'X-Content-Type-Options', b'nosniff'), (b'OData-Version', b'4.0;'), (b'X-AspNet-Version', b'4.0.30319'), (b'X-Powered-By', b'ASP.NET')])
2025-09-22 11:02:16,343 - httpx - INFO - _send_single_request:1740 - HTTP Request: GET https://services.odata.org/V4/Northwind/Northwind.svc/Order_Subtotals?%24skip=0&%24top=1500 "HTTP/1.1 200 OK"
2025-09-22 11:02:16,343 - httpcore.http11 - DEBUG - atrace:87 - receive_response_body.started request=<Request [b'GET']>
2025-09-22 11:02:16,345 - httpcore.http11 - DEBUG - atrace:87 - receive_response_body.complete
2025-09-22 11:02:16,346 - httpcore.http11 - DEBUG - atrace:87 - response_closed.started
2025-09-22 11:02:16,346 - httpcore.http11 - DEBUG - atrace:87 - response_closed.complete
2025-09-22 11:02:16,346 - workers.proxy_pool - INFO - _make_http_request:162 - [2m2025-09-22T05:32:16.346955Z[0m [[32m[1minfo     [0m] [1m📊 Worker successfully fetched data[0m [[0m[1m[34mworkers.proxy_pool[0m][0m [36mcommand_id[0m=[35mOrder_Subtotals_page_1[0m [36mentity[0m=[35mOrder_Subtotals[0m [36mhas_next_page[0m=[35mTrue[0m [36mrecords_in_response[0m=[35m100[0m [36mworker_id[0m=[35mworker_1[0m
2025-09-22 11:02:16,346 - workers.proxy_pool - INFO - execute_command:85 - [2m2025-09-22T05:32:16.346955Z[0m [[32m[1minfo     [0m] [1m✅ Worker completed command successfully[0m [[0m[1m[34mworkers.proxy_pool[0m][0m [36mcommand_id[0m=[35mOrder_Subtotals_page_1[0m [36mentity[0m=[35mOrder_Subtotals[0m [36mexecution_time_seconds[0m=[35m0.28[0m [36mhas_next_page[0m=[35mTrue[0m [36mrecords_fetched[0m=[35m100[0m [36mworker_id[0m=[35mworker_1[0m
2025-09-22 11:02:16,346 - workers.proxy_pool - INFO - _worker_loop:363 - [2m2025-09-22T05:32:16.346955Z[0m [[32m[1minfo     [0m] [1m📋 Worker picked up command from queue[0m [[0m[1m[34mworkers.proxy_pool[0m][0m [36mcommand_id[0m=[35mCategory_Sales_for_1997_page_1[0m [36mentity[0m=[35mCategory_Sales_for_1997[0m [36mqueue_size_after_pickup[0m=[35m22[0m [36mworker_id[0m=[35mworker_1[0m [36mworker_status[0m=[35mPROCESSING[0m
2025-09-22 11:02:16,349 - workers.proxy_pool - INFO - execute_command:51 - [2m2025-09-22T05:32:16.346955Z[0m [[32m[1minfo     [0m] [1m🚀 Worker starting command execution[0m [[0m[1m[34mworkers.proxy_pool[0m][0m [36mcommand_id[0m=[35mCategory_Sales_for_1997_page_1[0m [36mcommand_type[0m=[35mfetch_page[0m [36mentity[0m=[35mCategory_Sales_for_1997[0m [36mpriority[0m=[35m1[0m [36mretry_count[0m=[35m0[0m [36mskip[0m=[35m0[0m [36mtop[0m=[35m1500[0m [36mworker_id[0m=[35mworker_1[0m
2025-09-22 11:02:16,349 - workers.proxy_pool - INFO - execute_command:74 - [2m2025-09-22T05:32:16.349014Z[0m [[32m[1minfo     [0m] [1m🔄 Worker executing request with resilience patterns[0m [[0m[1m[34mworkers.proxy_pool[0m][0m [36mcircuit_breaker_state[0m=[35mclosed[0m [36mcommand_id[0m=[35mCategory_Sales_for_1997_page_1[0m [36mworker_id[0m=[35mworker_1[0m
2025-09-22 11:02:16,351 - storage.transformer - INFO - transform_odata_response:96 - [2m2025-09-22T05:32:16.351712Z[0m [[32m[1minfo     [0m] [1mTransformation completed      [0m [[0m[1m[34mstorage.transformer[0m][0m [36mentity_name[0m=[35mOrder_Subtotals[0m [36minput_records[0m=[35m100[0m [36moutput_records[0m=[35m100[0m
2025-09-22 11:02:16,352 - storage.local_storage - INFO - store_processed_records:131 - [2m2025-09-22T05:32:16.351712Z[0m [[32m[1minfo     [0m] [1mStoring processed records     [0m [[0m[1m[34mstorage.local_storage[0m][0m [36mentity_name[0m=[35mOrder_Subtotals[0m [36mformat[0m=[35mjson[0m [36mrecord_count[0m=[35m100[0m
2025-09-22 11:02:16,355 - storage.local_storage - INFO - store_processed_records:142 - [2m2025-09-22T05:32:16.354657Z[0m [[32m[1minfo     [0m] [1mSuccessfully stored processed records[0m [[0m[1m[34mstorage.local_storage[0m][0m [36mentity_name[0m=[35mOrder_Subtotals[0m [36mfile_path[0m=[35m./test_output/processed\Order_Subtotals_20250922_053216.json[0m [36mrecord_count[0m=[35m100[0m
2025-09-22 11:02:16,359 - storage.local_storage - INFO - store_raw_response:83 - [2m2025-09-22T05:32:16.359654Z[0m [[32m[1minfo     [0m] [1mSuccessfully stored raw data  [0m [[0m[1m[34mstorage.local_storage[0m][0m [36mentity_name[0m=[35mOrder_Subtotals[0m [36mfile_path[0m=[35m./test_output/raw\Order_Subtotals\2025/09/22\05\Order_Subtotals_page_1.json[0m [36msize_bytes[0m=[35m7334[0m
2025-09-22 11:02:16,361 - httpcore.http11 - DEBUG - atrace:87 - send_request_headers.started request=<Request [b'GET']>
2025-09-22 11:02:16,362 - httpcore.http11 - DEBUG - atrace:87 - send_request_headers.complete
2025-09-22 11:02:16,363 - httpcore.http11 - DEBUG - atrace:87 - send_request_body.started request=<Request [b'GET']>
2025-09-22 11:02:16,363 - httpcore.http11 - DEBUG - atrace:87 - send_request_body.complete
2025-09-22 11:02:16,363 - httpcore.http11 - DEBUG - atrace:87 - receive_response_headers.started request=<Request [b'GET']>
2025-09-22 11:02:16,411 - httpcore.http11 - DEBUG - atrace:87 - receive_response_headers.complete return_value=(b'HTTP/1.1', 200, b'OK', [(b'Content-Length', b'2173'), (b'Content-Type', b'application/json;odata.metadata=minimal;odata.streaming=true;IEEE754Compatible=false;charset=utf-8'), (b'Date', b'Mon, 22 Sep 2025 05:32:17 GMT'), (b'Server', b'Microsoft-IIS/10.0'), (b'Access-Control-Allow-Headers', b'Accept, Origin, Content-Type, MaxDataServiceVersion'), (b'Access-Control-Allow-Methods', b'GET'), (b'Access-Control-Allow-Origin', b'*'), (b'Access-Control-Expose-Headers', b'DataServiceVersion'), (b'Cache-Control', b'private'), (b'Content-Encoding', b'gzip'), (b'Expires', b'Mon, 22 Sep 2025 05:33:18 GMT'), (b'Vary', b'*'), (b'X-Content-Type-Options', b'nosniff'), (b'OData-Version', b'4.0;'), (b'X-AspNet-Version', b'4.0.30319'), (b'X-Powered-By', b'ASP.NET')])
2025-09-22 11:02:16,411 - httpx - INFO - _send_single_request:1740 - HTTP Request: GET https://services.odata.org/V4/Northwind/Northwind.svc/Sales_by_Categories?%24skip=0&%24top=1500 "HTTP/1.1 200 OK"
2025-09-22 11:02:16,411 - httpcore.http11 - DEBUG - atrace:87 - receive_response_body.started request=<Request [b'GET']>
2025-09-22 11:02:16,411 - httpcore.http11 - DEBUG - atrace:87 - receive_response_body.complete
2025-09-22 11:02:16,411 - httpcore.http11 - DEBUG - atrace:87 - response_closed.started
2025-09-22 11:02:16,411 - httpcore.http11 - DEBUG - atrace:87 - response_closed.complete
2025-09-22 11:02:16,411 - workers.proxy_pool - INFO - _make_http_request:162 - [2m2025-09-22T05:32:16.411749Z[0m [[32m[1minfo     [0m] [1m📊 Worker successfully fetched data[0m [[0m[1m[34mworkers.proxy_pool[0m][0m [36mcommand_id[0m=[35mSales_by_Categories_page_1[0m [36mentity[0m=[35mSales_by_Categories[0m [36mhas_next_page[0m=[35mFalse[0m [36mrecords_in_response[0m=[35m77[0m [36mworker_id[0m=[35mworker_2[0m
2025-09-22 11:02:16,411 - workers.proxy_pool - INFO - execute_command:85 - [2m2025-09-22T05:32:16.411749Z[0m [[32m[1minfo     [0m] [1m✅ Worker completed command successfully[0m [[0m[1m[34mworkers.proxy_pool[0m][0m [36mcommand_id[0m=[35mSales_by_Categories_page_1[0m [36mentity[0m=[35mSales_by_Categories[0m [36mexecution_time_seconds[0m=[35m0.27[0m [36mhas_next_page[0m=[35mFalse[0m [36mrecords_fetched[0m=[35m77[0m [36mworker_id[0m=[35mworker_2[0m
2025-09-22 11:02:16,411 - workers.proxy_pool - INFO - _worker_loop:363 - [2m2025-09-22T05:32:16.411749Z[0m [[32m[1minfo     [0m] [1m📋 Worker picked up command from queue[0m [[0m[1m[34mworkers.proxy_pool[0m][0m [36mcommand_id[0m=[35mCustomer_and_Suppliers_by_Cities_page_1[0m [36mentity[0m=[35mCustomer_and_Suppliers_by_Cities[0m [36mqueue_size_after_pickup[0m=[35m22[0m [36mworker_id[0m=[35mworker_2[0m [36mworker_status[0m=[35mPROCESSING[0m
2025-09-22 11:02:16,411 - workers.proxy_pool - INFO - execute_command:51 - [2m2025-09-22T05:32:16.411749Z[0m [[32m[1minfo     [0m] [1m🚀 Worker starting command execution[0m [[0m[1m[34mworkers.proxy_pool[0m][0m [36mcommand_id[0m=[35mCustomer_and_Suppliers_by_Cities_page_1[0m [36mcommand_type[0m=[35mfetch_page[0m [36mentity[0m=[35mCustomer_and_Suppliers_by_Cities[0m [36mpriority[0m=[35m1[0m [36mretry_count[0m=[35m0[0m [36mskip[0m=[35m0[0m [36mtop[0m=[35m1500[0m [36mworker_id[0m=[35mworker_2[0m
2025-09-22 11:02:16,411 - workers.proxy_pool - INFO - execute_command:74 - [2m2025-09-22T05:32:16.411749Z[0m [[32m[1minfo     [0m] [1m🔄 Worker executing request with resilience patterns[0m [[0m[1m[34mworkers.proxy_pool[0m][0m [36mcircuit_breaker_state[0m=[35mclosed[0m [36mcommand_id[0m=[35mCustomer_and_Suppliers_by_Cities_page_1[0m [36mworker_id[0m=[35mworker_2[0m
2025-09-22 11:02:16,411 - storage.transformer - INFO - transform_odata_response:96 - [2m2025-09-22T05:32:16.411749Z[0m [[32m[1minfo     [0m] [1mTransformation completed      [0m [[0m[1m[34mstorage.transformer[0m][0m [36mentity_name[0m=[35mSales_by_Categories[0m [36minput_records[0m=[35m77[0m [36moutput_records[0m=[35m77[0m
2025-09-22 11:02:16,411 - storage.local_storage - INFO - store_processed_records:131 - [2m2025-09-22T05:32:16.411749Z[0m [[32m[1minfo     [0m] [1mStoring processed records     [0m [[0m[1m[34mstorage.local_storage[0m][0m [36mentity_name[0m=[35mSales_by_Categories[0m [36mformat[0m=[35mjson[0m [36mrecord_count[0m=[35m77[0m
2025-09-22 11:02:16,420 - storage.local_storage - INFO - store_processed_records:142 - [2m2025-09-22T05:32:16.419693Z[0m [[32m[1minfo     [0m] [1mSuccessfully stored processed records[0m [[0m[1m[34mstorage.local_storage[0m][0m [36mentity_name[0m=[35mSales_by_Categories[0m [36mfile_path[0m=[35m./test_output/processed\Sales_by_Categories_20250922_053216.json[0m [36mrecord_count[0m=[35m77[0m
2025-09-22 11:02:16,424 - storage.local_storage - INFO - store_raw_response:83 - [2m2025-09-22T05:32:16.424538Z[0m [[32m[1minfo     [0m] [1mSuccessfully stored raw data  [0m [[0m[1m[34mstorage.local_storage[0m][0m [36mentity_name[0m=[35mSales_by_Categories[0m [36mfile_path[0m=[35m./test_output/raw\Sales_by_Categories\2025/09/22\05\Sales_by_Categories_page_1.json[0m [36msize_bytes[0m=[35m12298[0m
2025-09-22 11:02:16,424 - httpcore.http11 - DEBUG - atrace:87 - send_request_headers.started request=<Request [b'GET']>
2025-09-22 11:02:16,425 - httpcore.http11 - DEBUG - atrace:87 - send_request_headers.complete
2025-09-22 11:02:16,425 - httpcore.http11 - DEBUG - atrace:87 - send_request_body.started request=<Request [b'GET']>
2025-09-22 11:02:16,425 - httpcore.http11 - DEBUG - atrace:87 - send_request_body.complete
2025-09-22 11:02:16,425 - httpcore.http11 - DEBUG - atrace:87 - receive_response_headers.started request=<Request [b'GET']>
2025-09-22 11:02:16,567 - httpcore.http11 - DEBUG - atrace:87 - receive_response_headers.complete return_value=(b'HTTP/1.1', 200, b'OK', [(b'Content-Type', b'application/json;odata.metadata=minimal;odata.streaming=true;IEEE754Compatible=false;charset=utf-8'), (b'Date', b'Mon, 22 Sep 2025 05:32:17 GMT'), (b'Server', b'Microsoft-IIS/10.0'), (b'Access-Control-Allow-Headers', b'Accept, Origin, Content-Type, MaxDataServiceVersion'), (b'Access-Control-Allow-Methods', b'GET'), (b'Access-Control-Allow-Origin', b'*'), (b'Access-Control-Expose-Headers', b'DataServiceVersion'), (b'Cache-Control', b'private'), (b'Content-Encoding', b'gzip'), (b'Expires', b'Mon, 22 Sep 2025 05:33:17 GMT'), (b'Transfer-Encoding', b'chunked'), (b'Vary', b'*'), (b'X-Content-Type-Options', b'nosniff'), (b'OData-Version', b'4.0;'), (b'X-AspNet-Version', b'4.0.30319'), (b'X-Powered-By', b'ASP.NET')])
2025-09-22 11:02:16,568 - httpx - INFO - _send_single_request:1740 - HTTP Request: GET https://services.odata.org/V4/Northwind/Northwind.svc/Categories?%24skip=0&%24top=1500 "HTTP/1.1 200 OK"
2025-09-22 11:02:16,568 - httpcore.http11 - DEBUG - atrace:87 - receive_response_body.started request=<Request [b'GET']>
2025-09-22 11:02:16,606 - httpcore.http11 - DEBUG - atrace:87 - receive_response_headers.complete return_value=(b'HTTP/1.1', 200, b'OK', [(b'Content-Length', b'402'), (b'Content-Type', b'application/json;odata.metadata=minimal;odata.streaming=true;IEEE754Compatible=false;charset=utf-8'), (b'Date', b'Mon, 22 Sep 2025 05:32:17 GMT'), (b'Server', b'Microsoft-IIS/10.0'), (b'Access-Control-Allow-Headers', b'Accept, Origin, Content-Type, MaxDataServiceVersion'), (b'Access-Control-Allow-Methods', b'GET'), (b'Access-Control-Allow-Origin', b'*'), (b'Access-Control-Expose-Headers', b'DataServiceVersion'), (b'Cache-Control', b'private'), (b'Content-Encoding', b'gzip'), (b'Expires', b'Mon, 22 Sep 2025 05:33:18 GMT'), (b'Vary', b'*'), (b'X-Content-Type-Options', b'nosniff'), (b'OData-Version', b'4.0;'), (b'X-AspNet-Version', b'4.0.30319'), (b'X-Powered-By', b'ASP.NET')])
2025-09-22 11:02:16,606 - httpx - INFO - _send_single_request:1740 - HTTP Request: GET https://services.odata.org/V4/Northwind/Northwind.svc/Category_Sales_for_1997?%24skip=0&%24top=1500 "HTTP/1.1 200 OK"
2025-09-22 11:02:16,606 - httpcore.http11 - DEBUG - atrace:87 - receive_response_body.started request=<Request [b'GET']>
2025-09-22 11:02:16,611 - httpcore.http11 - DEBUG - atrace:87 - receive_response_body.complete
2025-09-22 11:02:16,611 - httpcore.http11 - DEBUG - atrace:87 - response_closed.started
2025-09-22 11:02:16,611 - httpcore.http11 - DEBUG - atrace:87 - response_closed.complete
2025-09-22 11:02:16,611 - workers.proxy_pool - INFO - _make_http_request:162 - [2m2025-09-22T05:32:16.611986Z[0m [[32m[1minfo     [0m] [1m📊 Worker successfully fetched data[0m [[0m[1m[34mworkers.proxy_pool[0m][0m [36mcommand_id[0m=[35mCategory_Sales_for_1997_page_1[0m [36mentity[0m=[35mCategory_Sales_for_1997[0m [36mhas_next_page[0m=[35mFalse[0m [36mrecords_in_response[0m=[35m8[0m [36mworker_id[0m=[35mworker_1[0m
2025-09-22 11:02:16,611 - workers.proxy_pool - INFO - execute_command:85 - [2m2025-09-22T05:32:16.611986Z[0m [[32m[1minfo     [0m] [1m✅ Worker completed command successfully[0m [[0m[1m[34mworkers.proxy_pool[0m][0m [36mcommand_id[0m=[35mCategory_Sales_for_1997_page_1[0m [36mentity[0m=[35mCategory_Sales_for_1997[0m [36mexecution_time_seconds[0m=[35m0.27[0m [36mhas_next_page[0m=[35mFalse[0m [36mrecords_fetched[0m=[35m8[0m [36mworker_id[0m=[35mworker_1[0m
2025-09-22 11:02:16,611 - workers.proxy_pool - INFO - _worker_loop:363 - [2m2025-09-22T05:32:16.611986Z[0m [[32m[1minfo     [0m] [1m📋 Worker picked up command from queue[0m [[0m[1m[34mworkers.proxy_pool[0m][0m [36mcommand_id[0m=[35mEmployees_page_1[0m [36mentity[0m=[35mEmployees[0m [36mqueue_size_after_pickup[0m=[35m21[0m [36mworker_id[0m=[35mworker_1[0m [36mworker_status[0m=[35mPROCESSING[0m
2025-09-22 11:02:16,611 - workers.proxy_pool - INFO - execute_command:51 - [2m2025-09-22T05:32:16.611986Z[0m [[32m[1minfo     [0m] [1m🚀 Worker starting command execution[0m [[0m[1m[34mworkers.proxy_pool[0m][0m [36mcommand_id[0m=[35mEmployees_page_1[0m [36mcommand_type[0m=[35mfetch_page[0m [36mentity[0m=[35mEmployees[0m [36mpriority[0m=[35m1[0m [36mretry_count[0m=[35m0[0m [36mskip[0m=[35m0[0m [36mtop[0m=[35m1500[0m [36mworker_id[0m=[35mworker_1[0m
2025-09-22 11:02:16,611 - workers.proxy_pool - INFO - execute_command:74 - [2m2025-09-22T05:32:16.611986Z[0m [[32m[1minfo     [0m] [1m🔄 Worker executing request with resilience patterns[0m [[0m[1m[34mworkers.proxy_pool[0m][0m [36mcircuit_breaker_state[0m=[35mclosed[0m [36mcommand_id[0m=[35mEmployees_page_1[0m [36mworker_id[0m=[35mworker_1[0m
2025-09-22 11:02:16,618 - storage.transformer - INFO - transform_odata_response:96 - [2m2025-09-22T05:32:16.617655Z[0m [[32m[1minfo     [0m] [1mTransformation completed      [0m [[0m[1m[34mstorage.transformer[0m][0m [36mentity_name[0m=[35mCategory_Sales_for_1997[0m [36minput_records[0m=[35m8[0m [36moutput_records[0m=[35m8[0m
2025-09-22 11:02:16,619 - storage.local_storage - INFO - store_processed_records:131 - [2m2025-09-22T05:32:16.619357Z[0m [[32m[1minfo     [0m] [1mStoring processed records     [0m [[0m[1m[34mstorage.local_storage[0m][0m [36mentity_name[0m=[35mCategory_Sales_for_1997[0m [36mformat[0m=[35mjson[0m [36mrecord_count[0m=[35m8[0m
2025-09-22 11:02:16,621 - storage.local_storage - INFO - store_processed_records:142 - [2m2025-09-22T05:32:16.621361Z[0m [[32m[1minfo     [0m] [1mSuccessfully stored processed records[0m [[0m[1m[34mstorage.local_storage[0m][0m [36mentity_name[0m=[35mCategory_Sales_for_1997[0m [36mfile_path[0m=[35m./test_output/processed\Category_Sales_for_1997_20250922_053216.json[0m [36mrecord_count[0m=[35m8[0m
2025-09-22 11:02:16,627 - storage.local_storage - INFO - store_raw_response:83 - [2m2025-09-22T05:32:16.627139Z[0m [[32m[1minfo     [0m] [1mSuccessfully stored raw data  [0m [[0m[1m[34mstorage.local_storage[0m][0m [36mentity_name[0m=[35mCategory_Sales_for_1997[0m [36mfile_path[0m=[35m./test_output/raw\Category_Sales_for_1997\2025/09/22\05\Category_Sales_for_1997_page_1.json[0m [36msize_bytes[0m=[35m1040[0m
2025-09-22 11:02:16,628 - httpcore.http11 - DEBUG - atrace:87 - send_request_headers.started request=<Request [b'GET']>
2025-09-22 11:02:16,629 - httpcore.http11 - DEBUG - atrace:87 - send_request_headers.complete
2025-09-22 11:02:16,630 - httpcore.http11 - DEBUG - atrace:87 - send_request_body.started request=<Request [b'GET']>
2025-09-22 11:02:16,630 - httpcore.http11 - DEBUG - atrace:87 - send_request_body.complete
2025-09-22 11:02:16,630 - httpcore.http11 - DEBUG - atrace:87 - receive_response_headers.started request=<Request [b'GET']>
2025-09-22 11:02:16,675 - httpcore.http11 - DEBUG - atrace:87 - receive_response_headers.complete return_value=(b'HTTP/1.1', 200, b'OK', [(b'Content-Length', b'4166'), (b'Content-Type', b'application/json;odata.metadata=minimal;odata.streaming=true;IEEE754Compatible=false;charset=utf-8'), (b'Date', b'Mon, 22 Sep 2025 05:32:17 GMT'), (b'Server', b'Microsoft-IIS/10.0'), (b'Access-Control-Allow-Headers', b'Accept, Origin, Content-Type, MaxDataServiceVersion'), (b'Access-Control-Allow-Methods', b'GET'), (b'Access-Control-Allow-Origin', b'*'), (b'Access-Control-Expose-Headers', b'DataServiceVersion'), (b'Cache-Control', b'private'), (b'Content-Encoding', b'gzip'), (b'Expires', b'Mon, 22 Sep 2025 05:33:18 GMT'), (b'Vary', b'*'), (b'X-Content-Type-Options', b'nosniff'), (b'OData-Version', b'4.0;'), (b'X-AspNet-Version', b'4.0.30319'), (b'X-Powered-By', b'ASP.NET')])
2025-09-22 11:02:16,675 - httpx - INFO - _send_single_request:1740 - HTTP Request: GET https://services.odata.org/V4/Northwind/Northwind.svc/Customer_and_Suppliers_by_Cities?%24skip=0&%24top=1500 "HTTP/1.1 200 OK"
2025-09-22 11:02:16,679 - httpcore.http11 - DEBUG - atrace:87 - receive_response_body.started request=<Request [b'GET']>
2025-09-22 11:02:16,679 - httpcore.http11 - DEBUG - atrace:87 - receive_response_body.complete
2025-09-22 11:02:16,680 - httpcore.http11 - DEBUG - atrace:87 - response_closed.started
2025-09-22 11:02:16,680 - httpcore.http11 - DEBUG - atrace:87 - response_closed.complete
2025-09-22 11:02:16,680 - workers.proxy_pool - INFO - _make_http_request:162 - [2m2025-09-22T05:32:16.680405Z[0m [[32m[1minfo     [0m] [1m📊 Worker successfully fetched data[0m [[0m[1m[34mworkers.proxy_pool[0m][0m [36mcommand_id[0m=[35mCustomer_and_Suppliers_by_Cities_page_1[0m [36mentity[0m=[35mCustomer_and_Suppliers_by_Cities[0m [36mhas_next_page[0m=[35mTrue[0m [36mrecords_in_response[0m=[35m100[0m [36mworker_id[0m=[35mworker_2[0m
2025-09-22 11:02:16,680 - workers.proxy_pool - INFO - execute_command:85 - [2m2025-09-22T05:32:16.680405Z[0m [[32m[1minfo     [0m] [1m✅ Worker completed command successfully[0m [[0m[1m[34mworkers.proxy_pool[0m][0m [36mcommand_id[0m=[35mCustomer_and_Suppliers_by_Cities_page_1[0m [36mentity[0m=[35mCustomer_and_Suppliers_by_Cities[0m [36mexecution_time_seconds[0m=[35m0.27[0m [36mhas_next_page[0m=[35mTrue[0m [36mrecords_fetched[0m=[35m100[0m [36mworker_id[0m=[35mworker_2[0m
2025-09-22 11:02:16,682 - workers.proxy_pool - INFO - _worker_loop:363 - [2m2025-09-22T05:32:16.682236Z[0m [[32m[1minfo     [0m] [1m📋 Worker picked up command from queue[0m [[0m[1m[34mworkers.proxy_pool[0m][0m [36mcommand_id[0m=[35mInvoices_page_1[0m [36mentity[0m=[35mInvoices[0m [36mqueue_size_after_pickup[0m=[35m20[0m [36mworker_id[0m=[35mworker_2[0m [36mworker_status[0m=[35mPROCESSING[0m
2025-09-22 11:02:16,682 - workers.proxy_pool - INFO - execute_command:51 - [2m2025-09-22T05:32:16.682772Z[0m [[32m[1minfo     [0m] [1m🚀 Worker starting command execution[0m [[0m[1m[34mworkers.proxy_pool[0m][0m [36mcommand_id[0m=[35mInvoices_page_1[0m [36mcommand_type[0m=[35mfetch_page[0m [36mentity[0m=[35mInvoices[0m [36mpriority[0m=[35m1[0m [36mretry_count[0m=[35m0[0m [36mskip[0m=[35m0[0m [36mtop[0m=[35m1500[0m [36mworker_id[0m=[35mworker_2[0m
2025-09-22 11:02:16,683 - workers.proxy_pool - INFO - execute_command:74 - [2m2025-09-22T05:32:16.683506Z[0m [[32m[1minfo     [0m] [1m🔄 Worker executing request with resilience patterns[0m [[0m[1m[34mworkers.proxy_pool[0m][0m [36mcircuit_breaker_state[0m=[35mclosed[0m [36mcommand_id[0m=[35mInvoices_page_1[0m [36mworker_id[0m=[35mworker_2[0m
2025-09-22 11:02:16,687 - storage.transformer - INFO - transform_odata_response:96 - [2m2025-09-22T05:32:16.686361Z[0m [[32m[1minfo     [0m] [1mTransformation completed      [0m [[0m[1m[34mstorage.transformer[0m][0m [36mentity_name[0m=[35mCustomer_and_Suppliers_by_Cities[0m [36minput_records[0m=[35m100[0m [36moutput_records[0m=[35m100[0m
2025-09-22 11:02:16,687 - storage.local_storage - INFO - store_processed_records:131 - [2m2025-09-22T05:32:16.687821Z[0m [[32m[1minfo     [0m] [1mStoring processed records     [0m [[0m[1m[34mstorage.local_storage[0m][0m [36mentity_name[0m=[35mCustomer_and_Suppliers_by_Cities[0m [36mformat[0m=[35mjson[0m [36mrecord_count[0m=[35m100[0m
2025-09-22 11:02:16,689 - storage.local_storage - INFO - store_processed_records:142 - [2m2025-09-22T05:32:16.689733Z[0m [[32m[1minfo     [0m] [1mSuccessfully stored processed records[0m [[0m[1m[34mstorage.local_storage[0m][0m [36mentity_name[0m=[35mCustomer_and_Suppliers_by_Cities[0m [36mfile_path[0m=[35m./test_output/processed\Customer_and_Suppliers_by_Cities_20250922_053216.json[0m [36mrecord_count[0m=[35m100[0m
2025-09-22 11:02:16,695 - storage.local_storage - INFO - store_raw_response:83 - [2m2025-09-22T05:32:16.695030Z[0m [[32m[1minfo     [0m] [1mSuccessfully stored raw data  [0m [[0m[1m[34mstorage.local_storage[0m][0m [36mentity_name[0m=[35mCustomer_and_Suppliers_by_Cities[0m [36mfile_path[0m=[35m./test_output/raw\Customer_and_Suppliers_by_Cities\2025/09/22\05\Customer_and_Suppliers_by_Cities_page_1.json[0m [36msize_bytes[0m=[35m17328[0m
2025-09-22 11:02:16,696 - httpcore.http11 - DEBUG - atrace:87 - send_request_headers.started request=<Request [b'GET']>
2025-09-22 11:02:16,697 - httpcore.http11 - DEBUG - atrace:87 - send_request_headers.complete
2025-09-22 11:02:16,697 - httpcore.http11 - DEBUG - atrace:87 - send_request_body.started request=<Request [b'GET']>
2025-09-22 11:02:16,697 - httpcore.http11 - DEBUG - atrace:87 - send_request_body.complete
2025-09-22 11:02:16,697 - httpcore.http11 - DEBUG - atrace:87 - receive_response_headers.started request=<Request [b'GET']>
2025-09-22 11:02:16,912 - httpcore.http11 - DEBUG - atrace:87 - receive_response_headers.complete return_value=(b'HTTP/1.1', 200, b'OK', [(b'Content-Type', b'application/json;odata.metadata=minimal;odata.streaming=true;IEEE754Compatible=false;charset=utf-8'), (b'Date', b'Mon, 22 Sep 2025 05:32:18 GMT'), (b'Server', b'Microsoft-IIS/10.0'), (b'Access-Control-Allow-Headers', b'Accept, Origin, Content-Type, MaxDataServiceVersion'), (b'Access-Control-Allow-Methods', b'GET'), (b'Access-Control-Allow-Origin', b'*'), (b'Access-Control-Expose-Headers', b'DataServiceVersion'), (b'Cache-Control', b'private'), (b'Content-Encoding', b'gzip'), (b'Expires', b'Mon, 22 Sep 2025 05:33:18 GMT'), (b'Transfer-Encoding', b'chunked'), (b'Vary', b'*'), (b'X-Content-Type-Options', b'nosniff'), (b'OData-Version', b'4.0;'), (b'X-AspNet-Version', b'4.0.30319'), (b'X-Powered-By', b'ASP.NET')])
2025-09-22 11:02:16,912 - httpx - INFO - _send_single_request:1740 - HTTP Request: GET https://services.odata.org/V4/Northwind/Northwind.svc/Employees?%24skip=0&%24top=1500 "HTTP/1.1 200 OK"
2025-09-22 11:02:16,912 - httpcore.http11 - DEBUG - atrace:87 - receive_response_body.started request=<Request [b'GET']>
2025-09-22 11:02:17,047 - httpcore.http11 - DEBUG - atrace:87 - receive_response_body.complete
2025-09-22 11:02:17,047 - httpcore.http11 - DEBUG - atrace:87 - response_closed.started
2025-09-22 11:02:17,047 - httpcore.http11 - DEBUG - atrace:87 - response_closed.complete
2025-09-22 11:02:17,047 - workers.proxy_pool - INFO - _make_http_request:162 - [2m2025-09-22T05:32:17.047342Z[0m [[32m[1minfo     [0m] [1m📊 Worker successfully fetched data[0m [[0m[1m[34mworkers.proxy_pool[0m][0m [36mcommand_id[0m=[35mCategories_page_1[0m [36mentity[0m=[35mCategories[0m [36mhas_next_page[0m=[35mFalse[0m [36mrecords_in_response[0m=[35m8[0m [36mworker_id[0m=[35mworker_0[0m
2025-09-22 11:02:17,054 - workers.proxy_pool - INFO - execute_command:85 - [2m2025-09-22T05:32:17.047342Z[0m [[32m[1minfo     [0m] [1m✅ Worker completed command successfully[0m [[0m[1m[34mworkers.proxy_pool[0m][0m [36mcommand_id[0m=[35mCategories_page_1[0m [36mentity[0m=[35mCategories[0m [36mexecution_time_seconds[0m=[35m2.78[0m [36mhas_next_page[0m=[35mFalse[0m [36mrecords_fetched[0m=[35m8[0m [36mworker_id[0m=[35mworker_0[0m
2025-09-22 11:02:17,054 - workers.proxy_pool - INFO - _worker_loop:363 - [2m2025-09-22T05:32:17.054156Z[0m [[32m[1minfo     [0m] [1m📋 Worker picked up command from queue[0m [[0m[1m[34mworkers.proxy_pool[0m][0m [36mcommand_id[0m=[35mInvoices_page_2[0m [36mentity[0m=[35mInvoices[0m [36mqueue_size_after_pickup[0m=[35m20[0m [36mworker_id[0m=[35mworker_0[0m [36mworker_status[0m=[35mPROCESSING[0m
2025-09-22 11:02:17,054 - workers.proxy_pool - INFO - execute_command:51 - [2m2025-09-22T05:32:17.054905Z[0m [[32m[1minfo     [0m] [1m🚀 Worker starting command execution[0m [[0m[1m[34mworkers.proxy_pool[0m][0m [36mcommand_id[0m=[35mInvoices_page_2[0m [36mcommand_type[0m=[35mfetch_page[0m [36mentity[0m=[35mInvoices[0m [36mpriority[0m=[35m1[0m [36mretry_count[0m=[35m0[0m [36mskip[0m=[35m1500[0m [36mtop[0m=[35m1500[0m [36mworker_id[0m=[35mworker_0[0m
2025-09-22 11:02:17,055 - workers.proxy_pool - INFO - execute_command:74 - [2m2025-09-22T05:32:17.055517Z[0m [[32m[1minfo     [0m] [1m🔄 Worker executing request with resilience patterns[0m [[0m[1m[34mworkers.proxy_pool[0m][0m [36mcircuit_breaker_state[0m=[35mclosed[0m [36mcommand_id[0m=[35mInvoices_page_2[0m [36mworker_id[0m=[35mworker_0[0m
2025-09-22 11:02:17,056 - storage.transformer - INFO - transform_odata_response:96 - [2m2025-09-22T05:32:17.056136Z[0m [[32m[1minfo     [0m] [1mTransformation completed      [0m [[0m[1m[34mstorage.transformer[0m][0m [36mentity_name[0m=[35mCategories[0m [36minput_records[0m=[35m8[0m [36moutput_records[0m=[35m8[0m
2025-09-22 11:02:17,056 - storage.local_storage - INFO - store_processed_records:131 - [2m2025-09-22T05:32:17.056706Z[0m [[32m[1minfo     [0m] [1mStoring processed records     [0m [[0m[1m[34mstorage.local_storage[0m][0m [36mentity_name[0m=[35mCategories[0m [36mformat[0m=[35mjson[0m [36mrecord_count[0m=[35m8[0m
2025-09-22 11:02:17,057 - storage.local_storage - INFO - store_processed_records:142 - [2m2025-09-22T05:32:17.057851Z[0m [[32m[1minfo     [0m] [1mSuccessfully stored processed records[0m [[0m[1m[34mstorage.local_storage[0m][0m [36mentity_name[0m=[35mCategories[0m [36mfile_path[0m=[35m./test_output/processed\Categories_20250922_053217.json[0m [36mrecord_count[0m=[35m8[0m
2025-09-22 11:02:17,060 - storage.local_storage - INFO - store_raw_response:83 - [2m2025-09-22T05:32:17.060176Z[0m [[32m[1minfo     [0m] [1mSuccessfully stored raw data  [0m [[0m[1m[34mstorage.local_storage[0m][0m [36mentity_name[0m=[35mCategories[0m [36mfile_path[0m=[35m./test_output/raw\Categories\2025/09/22\05\Categories_page_1.json[0m [36msize_bytes[0m=[35m116177[0m
2025-09-22 11:02:17,060 - httpcore.http11 - DEBUG - atrace:87 - send_request_headers.started request=<Request [b'GET']>
2025-09-22 11:02:17,061 - httpcore.http11 - DEBUG - atrace:87 - send_request_headers.complete
2025-09-22 11:02:17,061 - httpcore.http11 - DEBUG - atrace:87 - send_request_body.started request=<Request [b'GET']>
2025-09-22 11:02:17,061 - httpcore.http11 - DEBUG - atrace:87 - send_request_body.complete
2025-09-22 11:02:17,061 - httpcore.http11 - DEBUG - atrace:87 - receive_response_headers.started request=<Request [b'GET']>
2025-09-22 11:02:17,176 - httpcore.http11 - DEBUG - atrace:87 - receive_response_headers.complete return_value=(b'HTTP/1.1', 200, b'OK', [(b'Content-Length', b'37906'), (b'Content-Type', b'application/json;odata.metadata=minimal;odata.streaming=true;IEEE754Compatible=false;charset=utf-8'), (b'Date', b'Mon, 22 Sep 2025 05:32:18 GMT'), (b'Server', b'Microsoft-IIS/10.0'), (b'Access-Control-Allow-Headers', b'Accept, Origin, Content-Type, MaxDataServiceVersion'), (b'Access-Control-Allow-Methods', b'GET'), (b'Access-Control-Allow-Origin', b'*'), (b'Access-Control-Expose-Headers', b'DataServiceVersion'), (b'Cache-Control', b'private'), (b'Content-Encoding', b'gzip'), (b'Expires', b'Mon, 22 Sep 2025 05:33:18 GMT'), (b'Vary', b'*'), (b'X-Content-Type-Options', b'nosniff'), (b'OData-Version', b'4.0;'), (b'X-AspNet-Version', b'4.0.30319'), (b'X-Powered-By', b'ASP.NET')])
2025-09-22 11:02:17,177 - httpx - INFO - _send_single_request:1740 - HTTP Request: GET https://services.odata.org/V4/Northwind/Northwind.svc/Invoices?%24skip=0&%24top=1500 "HTTP/1.1 200 OK"
2025-09-22 11:02:17,178 - httpcore.http11 - DEBUG - atrace:87 - receive_response_body.started request=<Request [b'GET']>
2025-09-22 11:02:17,413 - httpcore.http11 - DEBUG - atrace:87 - receive_response_body.complete
2025-09-22 11:02:17,413 - httpcore.http11 - DEBUG - atrace:87 - response_closed.started
2025-09-22 11:02:17,413 - httpcore.http11 - DEBUG - atrace:87 - response_closed.complete
2025-09-22 11:02:17,417 - workers.proxy_pool - INFO - _make_http_request:162 - [2m2025-09-22T05:32:17.417885Z[0m [[32m[1minfo     [0m] [1m📊 Worker successfully fetched data[0m [[0m[1m[34mworkers.proxy_pool[0m][0m [36mcommand_id[0m=[35mInvoices_page_1[0m [36mentity[0m=[35mInvoices[0m [36mhas_next_page[0m=[35mTrue[0m [36mrecords_in_response[0m=[35m500[0m [36mworker_id[0m=[35mworker_2[0m
2025-09-22 11:02:17,417 - workers.proxy_pool - INFO - execute_command:85 - [2m2025-09-22T05:32:17.417885Z[0m [[32m[1minfo     [0m] [1m✅ Worker completed command successfully[0m [[0m[1m[34mworkers.proxy_pool[0m][0m [36mcommand_id[0m=[35mInvoices_page_1[0m [36mentity[0m=[35mInvoices[0m [36mexecution_time_seconds[0m=[35m0.73[0m [36mhas_next_page[0m=[35mTrue[0m [36mrecords_fetched[0m=[35m500[0m [36mworker_id[0m=[35mworker_2[0m
2025-09-22 11:02:17,420 - workers.proxy_pool - INFO - _worker_loop:363 - [2m2025-09-22T05:32:17.417885Z[0m [[32m[1minfo     [0m] [1m📋 Worker picked up command from queue[0m [[0m[1m[34mworkers.proxy_pool[0m][0m [36mcommand_id[0m=[35mSummary_of_Sales_by_Years_page_1[0m [36mentity[0m=[35mSummary_of_Sales_by_Years[0m [36mqueue_size_after_pickup[0m=[35m19[0m [36mworker_id[0m=[35mworker_2[0m [36mworker_status[0m=[35mPROCESSING[0m
2025-09-22 11:02:17,420 - workers.proxy_pool - INFO - execute_command:51 - [2m2025-09-22T05:32:17.420396Z[0m [[32m[1minfo     [0m] [1m🚀 Worker starting command execution[0m [[0m[1m[34mworkers.proxy_pool[0m][0m [36mcommand_id[0m=[35mSummary_of_Sales_by_Years_page_1[0m [36mcommand_type[0m=[35mfetch_page[0m [36mentity[0m=[35mSummary_of_Sales_by_Years[0m [36mpriority[0m=[35m1[0m [36mretry_count[0m=[35m0[0m [36mskip[0m=[35m0[0m [36mtop[0m=[35m1500[0m [36mworker_id[0m=[35mworker_2[0m
2025-09-22 11:02:17,420 - workers.proxy_pool - INFO - execute_command:74 - [2m2025-09-22T05:32:17.420918Z[0m [[32m[1minfo     [0m] [1m🔄 Worker executing request with resilience patterns[0m [[0m[1m[34mworkers.proxy_pool[0m][0m [36mcircuit_breaker_state[0m=[35mclosed[0m [36mcommand_id[0m=[35mSummary_of_Sales_by_Years_page_1[0m [36mworker_id[0m=[35mworker_2[0m
2025-09-22 11:02:17,431 - storage.transformer - INFO - transform_odata_response:96 - [2m2025-09-22T05:32:17.431391Z[0m [[32m[1minfo     [0m] [1mTransformation completed      [0m [[0m[1m[34mstorage.transformer[0m][0m [36mentity_name[0m=[35mInvoices[0m [36minput_records[0m=[35m500[0m [36moutput_records[0m=[35m500[0m
2025-09-22 11:02:17,432 - storage.local_storage - INFO - store_processed_records:131 - [2m2025-09-22T05:32:17.432001Z[0m [[32m[1minfo     [0m] [1mStoring processed records     [0m [[0m[1m[34mstorage.local_storage[0m][0m [36mentity_name[0m=[35mInvoices[0m [36mformat[0m=[35mjson[0m [36mrecord_count[0m=[35m500[0m
2025-09-22 11:02:17,436 - storage.local_storage - INFO - store_processed_records:142 - [2m2025-09-22T05:32:17.436871Z[0m [[32m[1minfo     [0m] [1mSuccessfully stored processed records[0m [[0m[1m[34mstorage.local_storage[0m][0m [36mentity_name[0m=[35mInvoices[0m [36mfile_path[0m=[35m./test_output/processed\Invoices_20250922_053217.json[0m [36mrecord_count[0m=[35m500[0m
2025-09-22 11:02:17,445 - storage.local_storage - INFO - store_raw_response:83 - [2m2025-09-22T05:32:17.445481Z[0m [[32m[1minfo     [0m] [1mSuccessfully stored raw data  [0m [[0m[1m[34mstorage.local_storage[0m][0m [36mentity_name[0m=[35mInvoices[0m [36mfile_path[0m=[35m./test_output/raw\Invoices\2025/09/22\05\Invoices_page_1.json[0m [36msize_bytes[0m=[35m452778[0m
2025-09-22 11:02:17,445 - httpcore.http11 - DEBUG - atrace:87 - send_request_headers.started request=<Request [b'GET']>
2025-09-22 11:02:17,448 - httpcore.http11 - DEBUG - atrace:87 - send_request_headers.complete
2025-09-22 11:02:17,448 - httpcore.http11 - DEBUG - atrace:87 - send_request_body.started request=<Request [b'GET']>
2025-09-22 11:02:17,448 - httpcore.http11 - DEBUG - atrace:87 - send_request_body.complete
2025-09-22 11:02:17,448 - httpcore.http11 - DEBUG - atrace:87 - receive_response_headers.started request=<Request [b'GET']>
2025-09-22 11:02:17,675 - httpcore.http11 - DEBUG - atrace:87 - receive_response_headers.complete return_value=(b'HTTP/1.1', 200, b'OK', [(b'Content-Length', b'37481'), (b'Content-Type', b'application/json;odata.metadata=minimal;odata.streaming=true;IEEE754Compatible=false;charset=utf-8'), (b'Date', b'Mon, 22 Sep 2025 05:32:18 GMT'), (b'Server', b'Microsoft-IIS/10.0'), (b'Access-Control-Allow-Headers', b'Accept, Origin, Content-Type, MaxDataServiceVersion'), (b'Access-Control-Allow-Methods', b'GET'), (b'Access-Control-Allow-Origin', b'*'), (b'Access-Control-Expose-Headers', b'DataServiceVersion'), (b'Cache-Control', b'private'), (b'Content-Encoding', b'gzip'), (b'Expires', b'Mon, 22 Sep 2025 05:33:19 GMT'), (b'Vary', b'*'), (b'X-Content-Type-Options', b'nosniff'), (b'OData-Version', b'4.0;'), (b'X-AspNet-Version', b'4.0.30319'), (b'X-Powered-By', b'ASP.NET')])
2025-09-22 11:02:17,681 - httpx - INFO - _send_single_request:1740 - HTTP Request: GET https://services.odata.org/V4/Northwind/Northwind.svc/Invoices?%24skip=1500&%24top=1500 "HTTP/1.1 200 OK"
2025-09-22 11:02:17,681 - httpcore.http11 - DEBUG - atrace:87 - receive_response_body.started request=<Request [b'GET']>
2025-09-22 11:02:17,682 - httpcore.http11 - DEBUG - atrace:87 - receive_response_body.complete
2025-09-22 11:02:17,682 - httpcore.http11 - DEBUG - atrace:87 - response_closed.started
2025-09-22 11:02:17,682 - httpcore.http11 - DEBUG - atrace:87 - response_closed.complete
2025-09-22 11:02:17,682 - workers.proxy_pool - INFO - _make_http_request:162 - [2m2025-09-22T05:32:17.682707Z[0m [[32m[1minfo     [0m] [1m📊 Worker successfully fetched data[0m [[0m[1m[34mworkers.proxy_pool[0m][0m [36mcommand_id[0m=[35mInvoices_page_2[0m [36mentity[0m=[35mInvoices[0m [36mhas_next_page[0m=[35mTrue[0m [36mrecords_in_response[0m=[35m500[0m [36mworker_id[0m=[35mworker_0[0m
2025-09-22 11:02:17,682 - workers.proxy_pool - INFO - execute_command:85 - [2m2025-09-22T05:32:17.682707Z[0m [[32m[1minfo     [0m] [1m✅ Worker completed command successfully[0m [[0m[1m[34mworkers.proxy_pool[0m][0m [36mcommand_id[0m=[35mInvoices_page_2[0m [36mentity[0m=[35mInvoices[0m [36mexecution_time_seconds[0m=[35m0.64[0m [36mhas_next_page[0m=[35mTrue[0m [36mrecords_fetched[0m=[35m500[0m [36mworker_id[0m=[35mworker_0[0m
2025-09-22 11:02:17,682 - workers.proxy_pool - INFO - _worker_loop:363 - [2m2025-09-22T05:32:17.682707Z[0m [[32m[1minfo     [0m] [1m📋 Worker picked up command from queue[0m [[0m[1m[34mworkers.proxy_pool[0m][0m [36mcommand_id[0m=[35mProduct_Sales_for_1997_page_1[0m [36mentity[0m=[35mProduct_Sales_for_1997[0m [36mqueue_size_after_pickup[0m=[35m19[0m [36mworker_id[0m=[35mworker_0[0m [36mworker_status[0m=[35mPROCESSING[0m
2025-09-22 11:02:17,682 - workers.proxy_pool - INFO - execute_command:51 - [2m2025-09-22T05:32:17.682707Z[0m [[32m[1minfo     [0m] [1m🚀 Worker starting command execution[0m [[0m[1m[34mworkers.proxy_pool[0m][0m [36mcommand_id[0m=[35mProduct_Sales_for_1997_page_1[0m [36mcommand_type[0m=[35mfetch_page[0m [36mentity[0m=[35mProduct_Sales_for_1997[0m [36mpriority[0m=[35m1[0m [36mretry_count[0m=[35m0[0m [36mskip[0m=[35m0[0m [36mtop[0m=[35m1500[0m [36mworker_id[0m=[35mworker_0[0m
2025-09-22 11:02:17,690 - workers.proxy_pool - INFO - execute_command:74 - [2m2025-09-22T05:32:17.690299Z[0m [[32m[1minfo     [0m] [1m🔄 Worker executing request with resilience patterns[0m [[0m[1m[34mworkers.proxy_pool[0m][0m [36mcircuit_breaker_state[0m=[35mclosed[0m [36mcommand_id[0m=[35mProduct_Sales_for_1997_page_1[0m [36mworker_id[0m=[35mworker_0[0m
2025-09-22 11:02:17,703 - storage.transformer - INFO - transform_odata_response:96 - [2m2025-09-22T05:32:17.703036Z[0m [[32m[1minfo     [0m] [1mTransformation completed      [0m [[0m[1m[34mstorage.transformer[0m][0m [36mentity_name[0m=[35mInvoices[0m [36minput_records[0m=[35m500[0m [36moutput_records[0m=[35m500[0m
2025-09-22 11:02:17,704 - storage.local_storage - INFO - store_processed_records:131 - [2m2025-09-22T05:32:17.704047Z[0m [[32m[1minfo     [0m] [1mStoring processed records     [0m [[0m[1m[34mstorage.local_storage[0m][0m [36mentity_name[0m=[35mInvoices[0m [36mformat[0m=[35mjson[0m [36mrecord_count[0m=[35m500[0m
2025-09-22 11:02:17,704 - storage.local_storage - INFO - store_processed_records:142 - [2m2025-09-22T05:32:17.704562Z[0m [[32m[1minfo     [0m] [1mSuccessfully stored processed records[0m [[0m[1m[34mstorage.local_storage[0m][0m [36mentity_name[0m=[35mInvoices[0m [36mfile_path[0m=[35m./test_output/processed\Invoices_20250922_053217.json[0m [36mrecord_count[0m=[35m500[0m
2025-09-22 11:02:17,712 - storage.local_storage - INFO - store_raw_response:83 - [2m2025-09-22T05:32:17.712571Z[0m [[32m[1minfo     [0m] [1mSuccessfully stored raw data  [0m [[0m[1m[34mstorage.local_storage[0m][0m [36mentity_name[0m=[35mInvoices[0m [36mfile_path[0m=[35m./test_output/raw\Invoices\2025/09/22\05\Invoices_page_2.json[0m [36msize_bytes[0m=[35m453355[0m
2025-09-22 11:02:17,713 - httpcore.http11 - DEBUG - atrace:87 - send_request_headers.started request=<Request [b'GET']>
2025-09-22 11:02:17,713 - httpcore.http11 - DEBUG - atrace:87 - send_request_headers.complete
2025-09-22 11:02:17,713 - httpcore.http11 - DEBUG - atrace:87 - send_request_body.started request=<Request [b'GET']>
2025-09-22 11:02:17,713 - httpcore.http11 - DEBUG - atrace:87 - send_request_body.complete
2025-09-22 11:02:17,713 - httpcore.http11 - DEBUG - atrace:87 - receive_response_headers.started request=<Request [b'GET']>
2025-09-22 11:02:17,805 - httpcore.http11 - DEBUG - atrace:87 - receive_response_headers.complete return_value=(b'HTTP/1.1', 200, b'OK', [(b'Content-Length', b'1594'), (b'Content-Type', b'application/json;odata.metadata=minimal;odata.streaming=true;IEEE754Compatible=false;charset=utf-8'), (b'Date', b'Mon, 22 Sep 2025 05:32:19 GMT'), (b'Server', b'Microsoft-IIS/10.0'), (b'Access-Control-Allow-Headers', b'Accept, Origin, Content-Type, MaxDataServiceVersion'), (b'Access-Control-Allow-Methods', b'GET'), (b'Access-Control-Allow-Origin', b'*'), (b'Access-Control-Expose-Headers', b'DataServiceVersion'), (b'Cache-Control', b'private'), (b'Content-Encoding', b'gzip'), (b'Expires', b'Mon, 22 Sep 2025 05:33:19 GMT'), (b'Vary', b'*'), (b'X-Content-Type-Options', b'nosniff'), (b'OData-Version', b'4.0;'), (b'X-AspNet-Version', b'4.0.30319'), (b'X-Powered-By', b'ASP.NET')])
2025-09-22 11:02:17,807 - httpx - INFO - _send_single_request:1740 - HTTP Request: GET https://services.odata.org/V4/Northwind/Northwind.svc/Summary_of_Sales_by_Years?%24skip=0&%24top=1500 "HTTP/1.1 200 OK"
2025-09-22 11:02:17,807 - httpcore.http11 - DEBUG - atrace:87 - receive_response_body.started request=<Request [b'GET']>
2025-09-22 11:02:17,808 - httpcore.http11 - DEBUG - atrace:87 - receive_response_body.complete
2025-09-22 11:02:17,808 - httpcore.http11 - DEBUG - atrace:87 - response_closed.started
2025-09-22 11:02:17,808 - httpcore.http11 - DEBUG - atrace:87 - response_closed.complete
2025-09-22 11:02:17,809 - workers.proxy_pool - INFO - _make_http_request:162 - [2m2025-09-22T05:32:17.808695Z[0m [[32m[1minfo     [0m] [1m📊 Worker successfully fetched data[0m [[0m[1m[34mworkers.proxy_pool[0m][0m [36mcommand_id[0m=[35mSummary_of_Sales_by_Years_page_1[0m [36mentity[0m=[35mSummary_of_Sales_by_Years[0m [36mhas_next_page[0m=[35mTrue[0m [36mrecords_in_response[0m=[35m100[0m [36mworker_id[0m=[35mworker_2[0m
2025-09-22 11:02:17,810 - workers.proxy_pool - INFO - execute_command:85 - [2m2025-09-22T05:32:17.809463Z[0m [[32m[1minfo     [0m] [1m✅ Worker completed command successfully[0m [[0m[1m[34mworkers.proxy_pool[0m][0m [36mcommand_id[0m=[35mSummary_of_Sales_by_Years_page_1[0m [36mentity[0m=[35mSummary_of_Sales_by_Years[0m [36mexecution_time_seconds[0m=[35m0.39[0m [36mhas_next_page[0m=[35mTrue[0m [36mrecords_fetched[0m=[35m100[0m [36mworker_id[0m=[35mworker_2[0m
2025-09-22 11:02:17,810 - workers.proxy_pool - INFO - _worker_loop:363 - [2m2025-09-22T05:32:17.810719Z[0m [[32m[1minfo     [0m] [1m📋 Worker picked up command from queue[0m [[0m[1m[34mworkers.proxy_pool[0m][0m [36mcommand_id[0m=[35mOrder_Details_page_1[0m [36mentity[0m=[35mOrder_Details[0m [36mqueue_size_after_pickup[0m=[35m19[0m [36mworker_id[0m=[35mworker_2[0m [36mworker_status[0m=[35mPROCESSING[0m
2025-09-22 11:02:17,810 - workers.proxy_pool - INFO - execute_command:51 - [2m2025-09-22T05:32:17.810719Z[0m [[32m[1minfo     [0m] [1m🚀 Worker starting command execution[0m [[0m[1m[34mworkers.proxy_pool[0m][0m [36mcommand_id[0m=[35mOrder_Details_page_1[0m [36mcommand_type[0m=[35mfetch_page[0m [36mentity[0m=[35mOrder_Details[0m [36mpriority[0m=[35m1[0m [36mretry_count[0m=[35m0[0m [36mskip[0m=[35m0[0m [36mtop[0m=[35m1500[0m [36mworker_id[0m=[35mworker_2[0m
2025-09-22 11:02:17,811 - workers.proxy_pool - INFO - execute_command:74 - [2m2025-09-22T05:32:17.811733Z[0m [[32m[1minfo     [0m] [1m🔄 Worker executing request with resilience patterns[0m [[0m[1m[34mworkers.proxy_pool[0m][0m [36mcircuit_breaker_state[0m=[35mclosed[0m [36mcommand_id[0m=[35mOrder_Details_page_1[0m [36mworker_id[0m=[35mworker_2[0m
2025-09-22 11:02:17,812 - storage.transformer - INFO - transform_odata_response:96 - [2m2025-09-22T05:32:17.812734Z[0m [[32m[1minfo     [0m] [1mTransformation completed      [0m [[0m[1m[34mstorage.transformer[0m][0m [36mentity_name[0m=[35mSummary_of_Sales_by_Years[0m [36minput_records[0m=[35m100[0m [36moutput_records[0m=[35m100[0m
2025-09-22 11:02:17,813 - storage.local_storage - INFO - store_processed_records:131 - [2m2025-09-22T05:32:17.813731Z[0m [[32m[1minfo     [0m] [1mStoring processed records     [0m [[0m[1m[34mstorage.local_storage[0m][0m [36mentity_name[0m=[35mSummary_of_Sales_by_Years[0m [36mformat[0m=[35mjson[0m [36mrecord_count[0m=[35m100[0m
2025-09-22 11:02:17,815 - storage.local_storage - INFO - store_processed_records:142 - [2m2025-09-22T05:32:17.815260Z[0m [[32m[1minfo     [0m] [1mSuccessfully stored processed records[0m [[0m[1m[34mstorage.local_storage[0m][0m [36mentity_name[0m=[35mSummary_of_Sales_by_Years[0m [36mfile_path[0m=[35m./test_output/processed\Summary_of_Sales_by_Years_20250922_053217.json[0m [36mrecord_count[0m=[35m100[0m
2025-09-22 11:02:17,817 - storage.local_storage - INFO - store_raw_response:83 - [2m2025-09-22T05:32:17.817930Z[0m [[32m[1minfo     [0m] [1mSuccessfully stored raw data  [0m [[0m[1m[34mstorage.local_storage[0m][0m [36mentity_name[0m=[35mSummary_of_Sales_by_Years[0m [36mfile_path[0m=[35m./test_output/raw\Summary_of_Sales_by_Years\2025/09/22\05\Summary_of_Sales_by_Years_page_1.json[0m [36msize_bytes[0m=[35m12074[0m
2025-09-22 11:02:17,819 - httpcore.http11 - DEBUG - atrace:87 - send_request_headers.started request=<Request [b'GET']>
2025-09-22 11:02:17,819 - httpcore.http11 - DEBUG - atrace:87 - send_request_headers.complete
2025-09-22 11:02:17,819 - httpcore.http11 - DEBUG - atrace:87 - send_request_body.started request=<Request [b'GET']>
2025-09-22 11:02:17,820 - httpcore.http11 - DEBUG - atrace:87 - send_request_body.complete
2025-09-22 11:02:17,820 - httpcore.http11 - DEBUG - atrace:87 - receive_response_headers.started request=<Request [b'GET']>
2025-09-22 11:02:18,026 - httpcore.http11 - DEBUG - atrace:87 - receive_response_headers.complete return_value=(b'HTTP/1.1', 200, b'OK', [(b'Content-Length', b'2134'), (b'Content-Type', b'application/json;odata.metadata=minimal;odata.streaming=true;IEEE754Compatible=false;charset=utf-8'), (b'Date', b'Mon, 22 Sep 2025 05:32:19 GMT'), (b'Server', b'Microsoft-IIS/10.0'), (b'Access-Control-Allow-Headers', b'Accept, Origin, Content-Type, MaxDataServiceVersion'), (b'Access-Control-Allow-Methods', b'GET'), (b'Access-Control-Allow-Origin', b'*'), (b'Access-Control-Expose-Headers', b'DataServiceVersion'), (b'Cache-Control', b'private'), (b'Content-Encoding', b'gzip'), (b'Expires', b'Mon, 22 Sep 2025 05:33:19 GMT'), (b'Vary', b'*'), (b'X-Content-Type-Options', b'nosniff'), (b'OData-Version', b'4.0;'), (b'X-AspNet-Version', b'4.0.30319'), (b'X-Powered-By', b'ASP.NET')])
2025-09-22 11:02:18,026 - httpx - INFO - _send_single_request:1740 - HTTP Request: GET https://services.odata.org/V4/Northwind/Northwind.svc/Product_Sales_for_1997?%24skip=0&%24top=1500 "HTTP/1.1 200 OK"
2025-09-22 11:02:18,026 - httpcore.http11 - DEBUG - atrace:87 - receive_response_body.started request=<Request [b'GET']>
2025-09-22 11:02:18,026 - httpcore.http11 - DEBUG - atrace:87 - receive_response_body.complete
2025-09-22 11:02:18,026 - httpcore.http11 - DEBUG - atrace:87 - response_closed.started
2025-09-22 11:02:18,026 - httpcore.http11 - DEBUG - atrace:87 - response_closed.complete
2025-09-22 11:02:18,030 - workers.proxy_pool - INFO - _make_http_request:162 - [2m2025-09-22T05:32:18.026857Z[0m [[32m[1minfo     [0m] [1m📊 Worker successfully fetched data[0m [[0m[1m[34mworkers.proxy_pool[0m][0m [36mcommand_id[0m=[35mProduct_Sales_for_1997_page_1[0m [36mentity[0m=[35mProduct_Sales_for_1997[0m [36mhas_next_page[0m=[35mFalse[0m [36mrecords_in_response[0m=[35m77[0m [36mworker_id[0m=[35mworker_0[0m
2025-09-22 11:02:18,030 - workers.proxy_pool - INFO - execute_command:85 - [2m2025-09-22T05:32:18.030897Z[0m [[32m[1minfo     [0m] [1m✅ Worker completed command successfully[0m [[0m[1m[34mworkers.proxy_pool[0m][0m [36mcommand_id[0m=[35mProduct_Sales_for_1997_page_1[0m [36mentity[0m=[35mProduct_Sales_for_1997[0m [36mexecution_time_seconds[0m=[35m0.34[0m [36mhas_next_page[0m=[35mFalse[0m [36mrecords_fetched[0m=[35m77[0m [36mworker_id[0m=[35mworker_0[0m
2025-09-22 11:02:18,030 - workers.proxy_pool - INFO - _worker_loop:363 - [2m2025-09-22T05:32:18.030897Z[0m [[32m[1minfo     [0m] [1m📋 Worker picked up command from queue[0m [[0m[1m[34mworkers.proxy_pool[0m][0m [36mcommand_id[0m=[35mOrder_Details_page_2[0m [36mentity[0m=[35mOrder_Details[0m [36mqueue_size_after_pickup[0m=[35m19[0m [36mworker_id[0m=[35mworker_0[0m [36mworker_status[0m=[35mPROCESSING[0m
2025-09-22 11:02:18,032 - workers.proxy_pool - INFO - execute_command:51 - [2m2025-09-22T05:32:18.032988Z[0m [[32m[1minfo     [0m] [1m🚀 Worker starting command execution[0m [[0m[1m[34mworkers.proxy_pool[0m][0m [36mcommand_id[0m=[35mOrder_Details_page_2[0m [36mcommand_type[0m=[35mfetch_page[0m [36mentity[0m=[35mOrder_Details[0m [36mpriority[0m=[35m1[0m [36mretry_count[0m=[35m0[0m [36mskip[0m=[35m1500[0m [36mtop[0m=[35m1500[0m [36mworker_id[0m=[35mworker_0[0m
2025-09-22 11:02:18,032 - workers.proxy_pool - INFO - execute_command:74 - [2m2025-09-22T05:32:18.032988Z[0m [[32m[1minfo     [0m] [1m🔄 Worker executing request with resilience patterns[0m [[0m[1m[34mworkers.proxy_pool[0m][0m [36mcircuit_breaker_state[0m=[35mclosed[0m [36mcommand_id[0m=[35mOrder_Details_page_2[0m [36mworker_id[0m=[35mworker_0[0m
2025-09-22 11:02:18,037 - storage.transformer - INFO - transform_odata_response:96 - [2m2025-09-22T05:32:18.037366Z[0m [[32m[1minfo     [0m] [1mTransformation completed      [0m [[0m[1m[34mstorage.transformer[0m][0m [36mentity_name[0m=[35mProduct_Sales_for_1997[0m [36minput_records[0m=[35m77[0m [36moutput_records[0m=[35m77[0m
2025-09-22 11:02:18,038 - storage.local_storage - INFO - store_processed_records:131 - [2m2025-09-22T05:32:18.037366Z[0m [[32m[1minfo     [0m] [1mStoring processed records     [0m [[0m[1m[34mstorage.local_storage[0m][0m [36mentity_name[0m=[35mProduct_Sales_for_1997[0m [36mformat[0m=[35mjson[0m [36mrecord_count[0m=[35m77[0m
2025-09-22 11:02:18,041 - storage.local_storage - INFO - store_processed_records:142 - [2m2025-09-22T05:32:18.041645Z[0m [[32m[1minfo     [0m] [1mSuccessfully stored processed records[0m [[0m[1m[34mstorage.local_storage[0m][0m [36mentity_name[0m=[35mProduct_Sales_for_1997[0m [36mfile_path[0m=[35m./test_output/processed\Product_Sales_for_1997_20250922_053218.json[0m [36mrecord_count[0m=[35m77[0m
2025-09-22 11:02:18,049 - storage.local_storage - INFO - store_raw_response:83 - [2m2025-09-22T05:32:18.049132Z[0m [[32m[1minfo     [0m] [1mSuccessfully stored raw data  [0m [[0m[1m[34mstorage.local_storage[0m][0m [36mentity_name[0m=[35mProduct_Sales_for_1997[0m [36mfile_path[0m=[35m./test_output/raw\Product_Sales_for_1997\2025/09/22\05\Product_Sales_for_1997_page_1.json[0m [36msize_bytes[0m=[35m10385[0m
2025-09-22 11:02:18,049 - httpcore.http11 - DEBUG - atrace:87 - send_request_headers.started request=<Request [b'GET']>
2025-09-22 11:02:18,050 - httpcore.http11 - DEBUG - atrace:87 - send_request_headers.complete
2025-09-22 11:02:18,050 - httpcore.http11 - DEBUG - atrace:87 - send_request_body.started request=<Request [b'GET']>
2025-09-22 11:02:18,051 - httpcore.http11 - DEBUG - atrace:87 - send_request_body.complete
2025-09-22 11:02:18,051 - httpcore.http11 - DEBUG - atrace:87 - receive_response_headers.started request=<Request [b'GET']>
2025-09-22 11:02:18,100 - httpcore.http11 - DEBUG - atrace:87 - receive_response_body.complete
2025-09-22 11:02:18,100 - httpcore.http11 - DEBUG - atrace:87 - response_closed.started
2025-09-22 11:02:18,100 - httpcore.http11 - DEBUG - atrace:87 - response_closed.complete
2025-09-22 11:02:18,101 - workers.proxy_pool - INFO - _make_http_request:162 - [2m2025-09-22T05:32:18.101539Z[0m [[32m[1minfo     [0m] [1m📊 Worker successfully fetched data[0m [[0m[1m[34mworkers.proxy_pool[0m][0m [36mcommand_id[0m=[35mEmployees_page_1[0m [36mentity[0m=[35mEmployees[0m [36mhas_next_page[0m=[35mFalse[0m [36mrecords_in_response[0m=[35m9[0m [36mworker_id[0m=[35mworker_1[0m
2025-09-22 11:02:18,103 - workers.proxy_pool - INFO - execute_command:85 - [2m2025-09-22T05:32:18.103490Z[0m [[32m[1minfo     [0m] [1m✅ Worker completed command successfully[0m [[0m[1m[34mworkers.proxy_pool[0m][0m [36mcommand_id[0m=[35mEmployees_page_1[0m [36mentity[0m=[35mEmployees[0m [36mexecution_time_seconds[0m=[35m1.48[0m [36mhas_next_page[0m=[35mFalse[0m [36mrecords_fetched[0m=[35m9[0m [36mworker_id[0m=[35mworker_1[0m
2025-09-22 11:02:18,104 - workers.proxy_pool - INFO - _worker_loop:363 - [2m2025-09-22T05:32:18.104491Z[0m [[32m[1minfo     [0m] [1m📋 Worker picked up command from queue[0m [[0m[1m[34mworkers.proxy_pool[0m][0m [36mcommand_id[0m=[35mAlphabetical_list_of_products_page_1[0m [36mentity[0m=[35mAlphabetical_list_of_products[0m [36mqueue_size_after_pickup[0m=[35m18[0m [36mworker_id[0m=[35mworker_1[0m [36mworker_status[0m=[35mPROCESSING[0m
2025-09-22 11:02:18,104 - workers.proxy_pool - INFO - execute_command:51 - [2m2025-09-22T05:32:18.104491Z[0m [[32m[1minfo     [0m] [1m🚀 Worker starting command execution[0m [[0m[1m[34mworkers.proxy_pool[0m][0m [36mcommand_id[0m=[35mAlphabetical_list_of_products_page_1[0m [36mcommand_type[0m=[35mfetch_page[0m [36mentity[0m=[35mAlphabetical_list_of_products[0m [36mpriority[0m=[35m1[0m [36mretry_count[0m=[35m0[0m [36mskip[0m=[35m0[0m [36mtop[0m=[35m1500[0m [36mworker_id[0m=[35mworker_1[0m
2025-09-22 11:02:18,104 - workers.proxy_pool - INFO - execute_command:74 - [2m2025-09-22T05:32:18.104491Z[0m [[32m[1minfo     [0m] [1m🔄 Worker executing request with resilience patterns[0m [[0m[1m[34mworkers.proxy_pool[0m][0m [36mcircuit_breaker_state[0m=[35mclosed[0m [36mcommand_id[0m=[35mAlphabetical_list_of_products_page_1[0m [36mworker_id[0m=[35mworker_1[0m
2025-09-22 11:02:18,104 - storage.transformer - INFO - transform_odata_response:96 - [2m2025-09-22T05:32:18.104491Z[0m [[32m[1minfo     [0m] [1mTransformation completed      [0m [[0m[1m[34mstorage.transformer[0m][0m [36mentity_name[0m=[35mEmployees[0m [36minput_records[0m=[35m9[0m [36moutput_records[0m=[35m9[0m
2025-09-22 11:02:18,104 - storage.local_storage - INFO - store_processed_records:131 - [2m2025-09-22T05:32:18.104491Z[0m [[32m[1minfo     [0m] [1mStoring processed records     [0m [[0m[1m[34mstorage.local_storage[0m][0m [36mentity_name[0m=[35mEmployees[0m [36mformat[0m=[35mjson[0m [36mrecord_count[0m=[35m9[0m
2025-09-22 11:02:18,111 - storage.local_storage - INFO - store_processed_records:142 - [2m2025-09-22T05:32:18.111779Z[0m [[32m[1minfo     [0m] [1mSuccessfully stored processed records[0m [[0m[1m[34mstorage.local_storage[0m][0m [36mentity_name[0m=[35mEmployees[0m [36mfile_path[0m=[35m./test_output/processed\Employees_20250922_053218.json[0m [36mrecord_count[0m=[35m9[0m
2025-09-22 11:02:18,115 - storage.local_storage - INFO - store_raw_response:83 - [2m2025-09-22T05:32:18.115250Z[0m [[32m[1minfo     [0m] [1mSuccessfully stored raw data  [0m [[0m[1m[34mstorage.local_storage[0m][0m [36mentity_name[0m=[35mEmployees[0m [36mfile_path[0m=[35m./test_output/raw\Employees\2025/09/22\05\Employees_page_1.json[0m [36msize_bytes[0m=[35m268167[0m
2025-09-22 11:02:18,115 - httpcore.http11 - DEBUG - atrace:87 - send_request_headers.started request=<Request [b'GET']>
2025-09-22 11:02:18,115 - httpcore.http11 - DEBUG - atrace:87 - send_request_headers.complete
2025-09-22 11:02:18,117 - httpcore.http11 - DEBUG - atrace:87 - send_request_body.started request=<Request [b'GET']>
2025-09-22 11:02:18,117 - httpcore.http11 - DEBUG - atrace:87 - send_request_body.complete
2025-09-22 11:02:18,117 - httpcore.http11 - DEBUG - atrace:87 - receive_response_headers.started request=<Request [b'GET']>
2025-09-22 11:02:18,118 - httpcore.http11 - DEBUG - atrace:87 - receive_response_headers.complete return_value=(b'HTTP/1.1', 200, b'OK', [(b'Content-Length', b'6023'), (b'Content-Type', b'application/json;odata.metadata=minimal;odata.streaming=true;IEEE754Compatible=false;charset=utf-8'), (b'Date', b'Mon, 22 Sep 2025 05:32:19 GMT'), (b'Server', b'Microsoft-IIS/10.0'), (b'Access-Control-Allow-Headers', b'Accept, Origin, Content-Type, MaxDataServiceVersion'), (b'Access-Control-Allow-Methods', b'GET'), (b'Access-Control-Allow-Origin', b'*'), (b'Access-Control-Expose-Headers', b'DataServiceVersion'), (b'Cache-Control', b'private'), (b'Content-Encoding', b'gzip'), (b'Expires', b'Mon, 22 Sep 2025 05:33:19 GMT'), (b'Vary', b'*'), (b'X-Content-Type-Options', b'nosniff'), (b'OData-Version', b'4.0;'), (b'X-AspNet-Version', b'4.0.30319'), (b'X-Powered-By', b'ASP.NET')])
2025-09-22 11:02:18,119 - httpx - INFO - _send_single_request:1740 - HTTP Request: GET https://services.odata.org/V4/Northwind/Northwind.svc/Order_Details?%24skip=0&%24top=1500 "HTTP/1.1 200 OK"
2025-09-22 11:02:18,120 - httpcore.http11 - DEBUG - atrace:87 - receive_response_body.started request=<Request [b'GET']>
2025-09-22 11:02:18,120 - httpcore.http11 - DEBUG - atrace:87 - receive_response_body.complete
2025-09-22 11:02:18,120 - httpcore.http11 - DEBUG - atrace:87 - response_closed.started
2025-09-22 11:02:18,120 - httpcore.http11 - DEBUG - atrace:87 - response_closed.complete
2025-09-22 11:02:18,121 - workers.proxy_pool - INFO - _make_http_request:162 - [2m2025-09-22T05:32:18.121174Z[0m [[32m[1minfo     [0m] [1m📊 Worker successfully fetched data[0m [[0m[1m[34mworkers.proxy_pool[0m][0m [36mcommand_id[0m=[35mOrder_Details_page_1[0m [36mentity[0m=[35mOrder_Details[0m [36mhas_next_page[0m=[35mTrue[0m [36mrecords_in_response[0m=[35m500[0m [36mworker_id[0m=[35mworker_2[0m
2025-09-22 11:02:18,122 - workers.proxy_pool - INFO - execute_command:85 - [2m2025-09-22T05:32:18.121174Z[0m [[32m[1minfo     [0m] [1m✅ Worker completed command successfully[0m [[0m[1m[34mworkers.proxy_pool[0m][0m [36mcommand_id[0m=[35mOrder_Details_page_1[0m [36mentity[0m=[35mOrder_Details[0m [36mexecution_time_seconds[0m=[35m0.31[0m [36mhas_next_page[0m=[35mTrue[0m [36mrecords_fetched[0m=[35m500[0m [36mworker_id[0m=[35mworker_2[0m
2025-09-22 11:02:18,123 - workers.proxy_pool - INFO - _worker_loop:363 - [2m2025-09-22T05:32:18.122143Z[0m [[32m[1minfo     [0m] [1m📋 Worker picked up command from queue[0m [[0m[1m[34mworkers.proxy_pool[0m][0m [36mcommand_id[0m=[35mShippers_page_1[0m [36mentity[0m=[35mShippers[0m [36mqueue_size_after_pickup[0m=[35m17[0m [36mworker_id[0m=[35mworker_2[0m [36mworker_status[0m=[35mPROCESSING[0m
2025-09-22 11:02:18,124 - workers.proxy_pool - INFO - execute_command:51 - [2m2025-09-22T05:32:18.124948Z[0m [[32m[1minfo     [0m] [1m🚀 Worker starting command execution[0m [[0m[1m[34mworkers.proxy_pool[0m][0m [36mcommand_id[0m=[35mShippers_page_1[0m [36mcommand_type[0m=[35mfetch_page[0m [36mentity[0m=[35mShippers[0m [36mpriority[0m=[35m1[0m [36mretry_count[0m=[35m0[0m [36mskip[0m=[35m0[0m [36mtop[0m=[35m1500[0m [36mworker_id[0m=[35mworker_2[0m
2025-09-22 11:02:18,125 - workers.proxy_pool - INFO - execute_command:74 - [2m2025-09-22T05:32:18.125425Z[0m [[32m[1minfo     [0m] [1m🔄 Worker executing request with resilience patterns[0m [[0m[1m[34mworkers.proxy_pool[0m][0m [36mcircuit_breaker_state[0m=[35mclosed[0m [36mcommand_id[0m=[35mShippers_page_1[0m [36mworker_id[0m=[35mworker_2[0m
2025-09-22 11:02:18,128 - storage.transformer - INFO - transform_odata_response:96 - [2m2025-09-22T05:32:18.128701Z[0m [[32m[1minfo     [0m] [1mTransformation completed      [0m [[0m[1m[34mstorage.transformer[0m][0m [36mentity_name[0m=[35mOrder_Details[0m [36minput_records[0m=[35m500[0m [36moutput_records[0m=[35m500[0m
2025-09-22 11:02:18,129 - storage.local_storage - INFO - store_processed_records:131 - [2m2025-09-22T05:32:18.129636Z[0m [[32m[1minfo     [0m] [1mStoring processed records     [0m [[0m[1m[34mstorage.local_storage[0m][0m [36mentity_name[0m=[35mOrder_Details[0m [36mformat[0m=[35mjson[0m [36mrecord_count[0m=[35m500[0m
2025-09-22 11:02:18,131 - storage.local_storage - INFO - store_processed_records:142 - [2m2025-09-22T05:32:18.131607Z[0m [[32m[1minfo     [0m] [1mSuccessfully stored processed records[0m [[0m[1m[34mstorage.local_storage[0m][0m [36mentity_name[0m=[35mOrder_Details[0m [36mfile_path[0m=[35m./test_output/processed\Order_Details_20250922_053218.json[0m [36mrecord_count[0m=[35m500[0m
2025-09-22 11:02:18,134 - storage.local_storage - INFO - store_raw_response:83 - [2m2025-09-22T05:32:18.134520Z[0m [[32m[1minfo     [0m] [1mSuccessfully stored raw data  [0m [[0m[1m[34mstorage.local_storage[0m][0m [36mentity_name[0m=[35mOrder_Details[0m [36mfile_path[0m=[35m./test_output/raw\Order_Details\2025/09/22\05\Order_Details_page_1.json[0m [36msize_bytes[0m=[35m71134[0m
2025-09-22 11:02:18,136 - httpcore.http11 - DEBUG - atrace:87 - send_request_headers.started request=<Request [b'GET']>
2025-09-22 11:02:18,137 - httpcore.http11 - DEBUG - atrace:87 - send_request_headers.complete
2025-09-22 11:02:18,137 - httpcore.http11 - DEBUG - atrace:87 - send_request_body.started request=<Request [b'GET']>
2025-09-22 11:02:18,137 - httpcore.http11 - DEBUG - atrace:87 - send_request_body.complete
2025-09-22 11:02:18,137 - httpcore.http11 - DEBUG - atrace:87 - receive_response_headers.started request=<Request [b'GET']>
2025-09-22 11:02:18,374 - httpcore.http11 - DEBUG - atrace:87 - receive_response_headers.complete return_value=(b'HTTP/1.1', 200, b'OK', [(b'Content-Length', b'6232'), (b'Content-Type', b'application/json;odata.metadata=minimal;odata.streaming=true;IEEE754Compatible=false;charset=utf-8'), (b'Date', b'Mon, 22 Sep 2025 05:32:19 GMT'), (b'Server', b'Microsoft-IIS/10.0'), (b'Access-Control-Allow-Headers', b'Accept, Origin, Content-Type, MaxDataServiceVersion'), (b'Access-Control-Allow-Methods', b'GET'), (b'Access-Control-Allow-Origin', b'*'), (b'Access-Control-Expose-Headers', b'DataServiceVersion'), (b'Cache-Control', b'private'), (b'Content-Encoding', b'gzip'), (b'Expires', b'Mon, 22 Sep 2025 05:33:20 GMT'), (b'Vary', b'*'), (b'X-Content-Type-Options', b'nosniff'), (b'OData-Version', b'4.0;'), (b'X-AspNet-Version', b'4.0.30319'), (b'X-Powered-By', b'ASP.NET')])
2025-09-22 11:02:18,374 - httpx - INFO - _send_single_request:1740 - HTTP Request: GET https://services.odata.org/V4/Northwind/Northwind.svc/Order_Details?%24skip=1500&%24top=1500 "HTTP/1.1 200 OK"
2025-09-22 11:02:18,374 - httpcore.http11 - DEBUG - atrace:87 - receive_response_body.started request=<Request [b'GET']>
2025-09-22 11:02:18,374 - httpcore.http11 - DEBUG - atrace:87 - receive_response_body.complete
2025-09-22 11:02:18,374 - httpcore.http11 - DEBUG - atrace:87 - response_closed.started
2025-09-22 11:02:18,374 - httpcore.http11 - DEBUG - atrace:87 - response_closed.complete
2025-09-22 11:02:18,378 - workers.proxy_pool - INFO - _make_http_request:162 - [2m2025-09-22T05:32:18.378722Z[0m [[32m[1minfo     [0m] [1m📊 Worker successfully fetched data[0m [[0m[1m[34mworkers.proxy_pool[0m][0m [36mcommand_id[0m=[35mOrder_Details_page_2[0m [36mentity[0m=[35mOrder_Details[0m [36mhas_next_page[0m=[35mTrue[0m [36mrecords_in_response[0m=[35m500[0m [36mworker_id[0m=[35mworker_0[0m
2025-09-22 11:02:18,379 - workers.proxy_pool - INFO - execute_command:85 - [2m2025-09-22T05:32:18.379231Z[0m [[32m[1minfo     [0m] [1m✅ Worker completed command successfully[0m [[0m[1m[34mworkers.proxy_pool[0m][0m [36mcommand_id[0m=[35mOrder_Details_page_2[0m [36mentity[0m=[35mOrder_Details[0m [36mexecution_time_seconds[0m=[35m0.34[0m [36mhas_next_page[0m=[35mTrue[0m [36mrecords_fetched[0m=[35m500[0m [36mworker_id[0m=[35mworker_0[0m
2025-09-22 11:02:18,379 - workers.proxy_pool - INFO - _worker_loop:363 - [2m2025-09-22T05:32:18.379231Z[0m [[32m[1minfo     [0m] [1m📋 Worker picked up command from queue[0m [[0m[1m[34mworkers.proxy_pool[0m][0m [36mcommand_id[0m=[35mOrders_Qries_page_1[0m [36mentity[0m=[35mOrders_Qries[0m [36mqueue_size_after_pickup[0m=[35m17[0m [36mworker_id[0m=[35mworker_0[0m [36mworker_status[0m=[35mPROCESSING[0m
2025-09-22 11:02:18,379 - workers.proxy_pool - INFO - execute_command:51 - [2m2025-09-22T05:32:18.379231Z[0m [[32m[1minfo     [0m] [1m🚀 Worker starting command execution[0m [[0m[1m[34mworkers.proxy_pool[0m][0m [36mcommand_id[0m=[35mOrders_Qries_page_1[0m [36mcommand_type[0m=[35mfetch_page[0m [36mentity[0m=[35mOrders_Qries[0m [36mpriority[0m=[35m1[0m [36mretry_count[0m=[35m0[0m [36mskip[0m=[35m0[0m [36mtop[0m=[35m1500[0m [36mworker_id[0m=[35mworker_0[0m
2025-09-22 11:02:18,379 - workers.proxy_pool - INFO - execute_command:74 - [2m2025-09-22T05:32:18.379231Z[0m [[32m[1minfo     [0m] [1m🔄 Worker executing request with resilience patterns[0m [[0m[1m[34mworkers.proxy_pool[0m][0m [36mcircuit_breaker_state[0m=[35mclosed[0m [36mcommand_id[0m=[35mOrders_Qries_page_1[0m [36mworker_id[0m=[35mworker_0[0m
2025-09-22 11:02:18,386 - storage.transformer - INFO - transform_odata_response:96 - [2m2025-09-22T05:32:18.386189Z[0m [[32m[1minfo     [0m] [1mTransformation completed      [0m [[0m[1m[34mstorage.transformer[0m][0m [36mentity_name[0m=[35mOrder_Details[0m [36minput_records[0m=[35m500[0m [36moutput_records[0m=[35m500[0m
2025-09-22 11:02:18,387 - storage.local_storage - INFO - store_processed_records:131 - [2m2025-09-22T05:32:18.387178Z[0m [[32m[1minfo     [0m] [1mStoring processed records     [0m [[0m[1m[34mstorage.local_storage[0m][0m [36mentity_name[0m=[35mOrder_Details[0m [36mformat[0m=[35mjson[0m [36mrecord_count[0m=[35m500[0m
2025-09-22 11:02:18,393 - storage.local_storage - INFO - store_processed_records:142 - [2m2025-09-22T05:32:18.393111Z[0m [[32m[1minfo     [0m] [1mSuccessfully stored processed records[0m [[0m[1m[34mstorage.local_storage[0m][0m [36mentity_name[0m=[35mOrder_Details[0m [36mfile_path[0m=[35m./test_output/processed\Order_Details_20250922_053218.json[0m [36mrecord_count[0m=[35m500[0m
2025-09-22 11:02:18,395 - storage.local_storage - INFO - store_raw_response:83 - [2m2025-09-22T05:32:18.395810Z[0m [[32m[1minfo     [0m] [1mSuccessfully stored raw data  [0m [[0m[1m[34mstorage.local_storage[0m][0m [36mentity_name[0m=[35mOrder_Details[0m [36mfile_path[0m=[35m./test_output/raw\Order_Details\2025/09/22\05\Order_Details_page_2.json[0m [36msize_bytes[0m=[35m71190[0m
2025-09-22 11:02:18,396 - httpcore.http11 - DEBUG - atrace:87 - send_request_headers.started request=<Request [b'GET']>
2025-09-22 11:02:18,397 - httpcore.http11 - DEBUG - atrace:87 - send_request_headers.complete
2025-09-22 11:02:18,397 - httpcore.http11 - DEBUG - atrace:87 - send_request_body.started request=<Request [b'GET']>
2025-09-22 11:02:18,397 - httpcore.http11 - DEBUG - atrace:87 - send_request_body.complete
2025-09-22 11:02:18,397 - httpcore.http11 - DEBUG - atrace:87 - receive_response_headers.started request=<Request [b'GET']>
2025-09-22 11:02:18,445 - httpcore.http11 - DEBUG - atrace:87 - receive_response_headers.complete return_value=(b'HTTP/1.1', 200, b'OK', [(b'Content-Length', b'3863'), (b'Content-Type', b'application/json;odata.metadata=minimal;odata.streaming=true;IEEE754Compatible=false;charset=utf-8'), (b'Date', b'Mon, 22 Sep 2025 05:32:19 GMT'), (b'Server', b'Microsoft-IIS/10.0'), (b'Access-Control-Allow-Headers', b'Accept, Origin, Content-Type, MaxDataServiceVersion'), (b'Access-Control-Allow-Methods', b'GET'), (b'Access-Control-Allow-Origin', b'*'), (b'Access-Control-Expose-Headers', b'DataServiceVersion'), (b'Cache-Control', b'private'), (b'Content-Encoding', b'gzip'), (b'Expires', b'Mon, 22 Sep 2025 05:33:20 GMT'), (b'Vary', b'*'), (b'X-Content-Type-Options', b'nosniff'), (b'OData-Version', b'4.0;'), (b'X-AspNet-Version', b'4.0.30319'), (b'X-Powered-By', b'ASP.NET')])
2025-09-22 11:02:18,445 - httpx - INFO - _send_single_request:1740 - HTTP Request: GET https://services.odata.org/V4/Northwind/Northwind.svc/Alphabetical_list_of_products?%24skip=0&%24top=1500 "HTTP/1.1 200 OK"
2025-09-22 11:02:18,447 - httpcore.http11 - DEBUG - atrace:87 - receive_response_body.started request=<Request [b'GET']>
2025-09-22 11:02:18,447 - httpcore.http11 - DEBUG - atrace:87 - receive_response_body.complete
2025-09-22 11:02:18,447 - httpcore.http11 - DEBUG - atrace:87 - response_closed.started
2025-09-22 11:02:18,447 - httpcore.http11 - DEBUG - atrace:87 - response_closed.complete
2025-09-22 11:02:18,447 - workers.proxy_pool - INFO - _make_http_request:162 - [2m2025-09-22T05:32:18.447418Z[0m [[32m[1minfo     [0m] [1m📊 Worker successfully fetched data[0m [[0m[1m[34mworkers.proxy_pool[0m][0m [36mcommand_id[0m=[35mAlphabetical_list_of_products_page_1[0m [36mentity[0m=[35mAlphabetical_list_of_products[0m [36mhas_next_page[0m=[35mFalse[0m [36mrecords_in_response[0m=[35m69[0m [36mworker_id[0m=[35mworker_1[0m
2025-09-22 11:02:18,447 - workers.proxy_pool - INFO - execute_command:85 - [2m2025-09-22T05:32:18.447418Z[0m [[32m[1minfo     [0m] [1m✅ Worker completed command successfully[0m [[0m[1m[34mworkers.proxy_pool[0m][0m [36mcommand_id[0m=[35mAlphabetical_list_of_products_page_1[0m [36mentity[0m=[35mAlphabetical_list_of_products[0m [36mexecution_time_seconds[0m=[35m0.33[0m [36mhas_next_page[0m=[35mFalse[0m [36mrecords_fetched[0m=[35m69[0m [36mworker_id[0m=[35mworker_1[0m
2025-09-22 11:02:18,447 - workers.proxy_pool - INFO - _worker_loop:363 - [2m2025-09-22T05:32:18.447418Z[0m [[32m[1minfo     [0m] [1m📋 Worker picked up command from queue[0m [[0m[1m[34mworkers.proxy_pool[0m][0m [36mcommand_id[0m=[35mRegions_page_1[0m [36mentity[0m=[35mRegions[0m [36mqueue_size_after_pickup[0m=[35m17[0m [36mworker_id[0m=[35mworker_1[0m [36mworker_status[0m=[35mPROCESSING[0m
2025-09-22 11:02:18,447 - workers.proxy_pool - INFO - execute_command:51 - [2m2025-09-22T05:32:18.447418Z[0m [[32m[1minfo     [0m] [1m🚀 Worker starting command execution[0m [[0m[1m[34mworkers.proxy_pool[0m][0m [36mcommand_id[0m=[35mRegions_page_1[0m [36mcommand_type[0m=[35mfetch_page[0m [36mentity[0m=[35mRegions[0m [36mpriority[0m=[35m1[0m [36mretry_count[0m=[35m0[0m [36mskip[0m=[35m0[0m [36mtop[0m=[35m1500[0m [36mworker_id[0m=[35mworker_1[0m
2025-09-22 11:02:18,450 - workers.proxy_pool - INFO - execute_command:74 - [2m2025-09-22T05:32:18.447418Z[0m [[32m[1minfo     [0m] [1m🔄 Worker executing request with resilience patterns[0m [[0m[1m[34mworkers.proxy_pool[0m][0m [36mcircuit_breaker_state[0m=[35mclosed[0m [36mcommand_id[0m=[35mRegions_page_1[0m [36mworker_id[0m=[35mworker_1[0m
2025-09-22 11:02:18,456 - storage.transformer - INFO - transform_odata_response:96 - [2m2025-09-22T05:32:18.455626Z[0m [[32m[1minfo     [0m] [1mTransformation completed      [0m [[0m[1m[34mstorage.transformer[0m][0m [36mentity_name[0m=[35mAlphabetical_list_of_products[0m [36minput_records[0m=[35m69[0m [36moutput_records[0m=[35m69[0m
2025-09-22 11:02:18,456 - storage.local_storage - INFO - store_processed_records:131 - [2m2025-09-22T05:32:18.456952Z[0m [[32m[1minfo     [0m] [1mStoring processed records     [0m [[0m[1m[34mstorage.local_storage[0m][0m [36mentity_name[0m=[35mAlphabetical_list_of_products[0m [36mformat[0m=[35mjson[0m [36mrecord_count[0m=[35m69[0m
2025-09-22 11:02:18,459 - storage.local_storage - INFO - store_processed_records:142 - [2m2025-09-22T05:32:18.459479Z[0m [[32m[1minfo     [0m] [1mSuccessfully stored processed records[0m [[0m[1m[34mstorage.local_storage[0m][0m [36mentity_name[0m=[35mAlphabetical_list_of_products[0m [36mfile_path[0m=[35m./test_output/processed\Alphabetical_list_of_products_20250922_053218.json[0m [36mrecord_count[0m=[35m69[0m
2025-09-22 11:02:18,463 - storage.local_storage - INFO - store_raw_response:83 - [2m2025-09-22T05:32:18.463238Z[0m [[32m[1minfo     [0m] [1mSuccessfully stored raw data  [0m [[0m[1m[34mstorage.local_storage[0m][0m [36mentity_name[0m=[35mAlphabetical_list_of_products[0m [36mfile_path[0m=[35m./test_output/raw\Alphabetical_list_of_products\2025/09/22\05\Alphabetical_list_of_products_page_1.json[0m [36msize_bytes[0m=[35m25179[0m
2025-09-22 11:02:18,463 - httpcore.http11 - DEBUG - atrace:87 - send_request_headers.started request=<Request [b'GET']>
2025-09-22 11:02:18,464 - httpcore.http11 - DEBUG - atrace:87 - send_request_headers.complete
2025-09-22 11:02:18,464 - httpcore.http11 - DEBUG - atrace:87 - send_request_body.started request=<Request [b'GET']>
2025-09-22 11:02:18,464 - httpcore.http11 - DEBUG - atrace:87 - send_request_body.complete
2025-09-22 11:02:18,464 - httpcore.http11 - DEBUG - atrace:87 - receive_response_headers.started request=<Request [b'GET']>
2025-09-22 11:02:18,670 - httpcore.http11 - DEBUG - atrace:87 - receive_response_headers.complete return_value=(b'HTTP/1.1', 200, b'OK', [(b'Content-Length', b'6605'), (b'Content-Type', b'application/json;odata.metadata=minimal;odata.streaming=true;IEEE754Compatible=false;charset=utf-8'), (b'Date', b'Mon, 22 Sep 2025 05:32:19 GMT'), (b'Server', b'Microsoft-IIS/10.0'), (b'Access-Control-Allow-Headers', b'Accept, Origin, Content-Type, MaxDataServiceVersion'), (b'Access-Control-Allow-Methods', b'GET'), (b'Access-Control-Allow-Origin', b'*'), (b'Access-Control-Expose-Headers', b'DataServiceVersion'), (b'Cache-Control', b'private'), (b'Content-Encoding', b'gzip'), (b'Expires', b'Mon, 22 Sep 2025 05:33:20 GMT'), (b'Vary', b'*'), (b'X-Content-Type-Options', b'nosniff'), (b'OData-Version', b'4.0;'), (b'X-AspNet-Version', b'4.0.30319'), (b'X-Powered-By', b'ASP.NET')])
2025-09-22 11:02:18,670 - httpx - INFO - _send_single_request:1740 - HTTP Request: GET https://services.odata.org/V4/Northwind/Northwind.svc/Orders_Qries?%24skip=0&%24top=1500 "HTTP/1.1 200 OK"
2025-09-22 11:02:18,670 - httpcore.http11 - DEBUG - atrace:87 - receive_response_body.started request=<Request [b'GET']>
2025-09-22 11:02:18,670 - httpcore.http11 - DEBUG - atrace:87 - receive_response_body.complete
2025-09-22 11:02:18,670 - httpcore.http11 - DEBUG - atrace:87 - response_closed.started
2025-09-22 11:02:18,671 - httpcore.http11 - DEBUG - atrace:87 - response_closed.complete
2025-09-22 11:02:18,671 - workers.proxy_pool - INFO - _make_http_request:162 - [2m2025-09-22T05:32:18.671679Z[0m [[32m[1minfo     [0m] [1m📊 Worker successfully fetched data[0m [[0m[1m[34mworkers.proxy_pool[0m][0m [36mcommand_id[0m=[35mOrders_Qries_page_1[0m [36mentity[0m=[35mOrders_Qries[0m [36mhas_next_page[0m=[35mTrue[0m [36mrecords_in_response[0m=[35m100[0m [36mworker_id[0m=[35mworker_0[0m
2025-09-22 11:02:18,671 - workers.proxy_pool - INFO - execute_command:85 - [2m2025-09-22T05:32:18.671679Z[0m [[32m[1minfo     [0m] [1m✅ Worker completed command successfully[0m [[0m[1m[34mworkers.proxy_pool[0m][0m [36mcommand_id[0m=[35mOrders_Qries_page_1[0m [36mentity[0m=[35mOrders_Qries[0m [36mexecution_time_seconds[0m=[35m0.3[0m [36mhas_next_page[0m=[35mTrue[0m [36mrecords_fetched[0m=[35m100[0m [36mworker_id[0m=[35mworker_0[0m
2025-09-22 11:02:18,672 - workers.proxy_pool - INFO - _worker_loop:363 - [2m2025-09-22T05:32:18.672678Z[0m [[32m[1minfo     [0m] [1m📋 Worker picked up command from queue[0m [[0m[1m[34mworkers.proxy_pool[0m][0m [36mcommand_id[0m=[35mOrder_Details_Extendeds_page_1[0m [36mentity[0m=[35mOrder_Details_Extendeds[0m [36mqueue_size_after_pickup[0m=[35m16[0m [36mworker_id[0m=[35mworker_0[0m [36mworker_status[0m=[35mPROCESSING[0m
2025-09-22 11:02:18,672 - workers.proxy_pool - INFO - execute_command:51 - [2m2025-09-22T05:32:18.672678Z[0m [[32m[1minfo     [0m] [1m🚀 Worker starting command execution[0m [[0m[1m[34mworkers.proxy_pool[0m][0m [36mcommand_id[0m=[35mOrder_Details_Extendeds_page_1[0m [36mcommand_type[0m=[35mfetch_page[0m [36mentity[0m=[35mOrder_Details_Extendeds[0m [36mpriority[0m=[35m1[0m [36mretry_count[0m=[35m0[0m [36mskip[0m=[35m0[0m [36mtop[0m=[35m1500[0m [36mworker_id[0m=[35mworker_0[0m
2025-09-22 11:02:18,673 - workers.proxy_pool - INFO - execute_command:74 - [2m2025-09-22T05:32:18.673673Z[0m [[32m[1minfo     [0m] [1m🔄 Worker executing request with resilience patterns[0m [[0m[1m[34mworkers.proxy_pool[0m][0m [36mcircuit_breaker_state[0m=[35mclosed[0m [36mcommand_id[0m=[35mOrder_Details_Extendeds_page_1[0m [36mworker_id[0m=[35mworker_0[0m
2025-09-22 11:02:18,675 - storage.transformer - INFO - transform_odata_response:96 - [2m2025-09-22T05:32:18.675856Z[0m [[32m[1minfo     [0m] [1mTransformation completed      [0m [[0m[1m[34mstorage.transformer[0m][0m [36mentity_name[0m=[35mOrders_Qries[0m [36minput_records[0m=[35m100[0m [36moutput_records[0m=[35m100[0m
2025-09-22 11:02:18,676 - storage.local_storage - INFO - store_processed_records:131 - [2m2025-09-22T05:32:18.676399Z[0m [[32m[1minfo     [0m] [1mStoring processed records     [0m [[0m[1m[34mstorage.local_storage[0m][0m [36mentity_name[0m=[35mOrders_Qries[0m [36mformat[0m=[35mjson[0m [36mrecord_count[0m=[35m100[0m
2025-09-22 11:02:18,678 - storage.local_storage - INFO - store_processed_records:142 - [2m2025-09-22T05:32:18.678195Z[0m [[32m[1minfo     [0m] [1mSuccessfully stored processed records[0m [[0m[1m[34mstorage.local_storage[0m][0m [36mentity_name[0m=[35mOrders_Qries[0m [36mfile_path[0m=[35m./test_output/processed\Orders_Qries_20250922_053218.json[0m [36mrecord_count[0m=[35m100[0m
2025-09-22 11:02:18,681 - storage.local_storage - INFO - store_raw_response:83 - [2m2025-09-22T05:32:18.681469Z[0m [[32m[1minfo     [0m] [1mSuccessfully stored raw data  [0m [[0m[1m[34mstorage.local_storage[0m][0m [36mentity_name[0m=[35mOrders_Qries[0m [36mfile_path[0m=[35m./test_output/raw\Orders_Qries\2025/09/22\05\Orders_Qries_page_1.json[0m [36msize_bytes[0m=[35m70627[0m
2025-09-22 11:02:18,682 - httpcore.http11 - DEBUG - atrace:87 - send_request_headers.started request=<Request [b'GET']>
2025-09-22 11:02:18,684 - httpcore.http11 - DEBUG - atrace:87 - send_request_headers.complete
2025-09-22 11:02:18,685 - httpcore.http11 - DEBUG - atrace:87 - send_request_body.started request=<Request [b'GET']>
2025-09-22 11:02:18,685 - httpcore.http11 - DEBUG - atrace:87 - send_request_body.complete
2025-09-22 11:02:18,685 - httpcore.http11 - DEBUG - atrace:87 - receive_response_headers.started request=<Request [b'GET']>
2025-09-22 11:02:18,710 - httpcore.http11 - DEBUG - atrace:87 - receive_response_headers.complete return_value=(b'HTTP/1.1', 200, b'OK', [(b'Content-Length', b'267'), (b'Content-Type', b'application/json;odata.metadata=minimal;odata.streaming=true;IEEE754Compatible=false;charset=utf-8'), (b'Date', b'Mon, 22 Sep 2025 05:32:19 GMT'), (b'Server', b'Microsoft-IIS/10.0'), (b'Access-Control-Allow-Headers', b'Accept, Origin, Content-Type, MaxDataServiceVersion'), (b'Access-Control-Allow-Methods', b'GET'), (b'Access-Control-Allow-Origin', b'*'), (b'Access-Control-Expose-Headers', b'DataServiceVersion'), (b'Cache-Control', b'private'), (b'Content-Encoding', b'gzip'), (b'Expires', b'Mon, 22 Sep 2025 05:33:20 GMT'), (b'Vary', b'*'), (b'X-Content-Type-Options', b'nosniff'), (b'OData-Version', b'4.0;'), (b'X-AspNet-Version', b'4.0.30319'), (b'X-Powered-By', b'ASP.NET')])
2025-09-22 11:02:18,710 - httpx - INFO - _send_single_request:1740 - HTTP Request: GET https://services.odata.org/V4/Northwind/Northwind.svc/Regions?%24skip=0&%24top=1500 "HTTP/1.1 200 OK"
2025-09-22 11:02:18,710 - httpcore.http11 - DEBUG - atrace:87 - receive_response_body.started request=<Request [b'GET']>
2025-09-22 11:02:18,710 - httpcore.http11 - DEBUG - atrace:87 - receive_response_body.complete
2025-09-22 11:02:18,710 - httpcore.http11 - DEBUG - atrace:87 - response_closed.started
2025-09-22 11:02:18,710 - httpcore.http11 - DEBUG - atrace:87 - response_closed.complete
2025-09-22 11:02:18,710 - workers.proxy_pool - INFO - _make_http_request:162 - [2m2025-09-22T05:32:18.710913Z[0m [[32m[1minfo     [0m] [1m📊 Worker successfully fetched data[0m [[0m[1m[34mworkers.proxy_pool[0m][0m [36mcommand_id[0m=[35mRegions_page_1[0m [36mentity[0m=[35mRegions[0m [36mhas_next_page[0m=[35mFalse[0m [36mrecords_in_response[0m=[35m4[0m [36mworker_id[0m=[35mworker_1[0m
2025-09-22 11:02:18,710 - workers.proxy_pool - INFO - execute_command:85 - [2m2025-09-22T05:32:18.710913Z[0m [[32m[1minfo     [0m] [1m✅ Worker completed command successfully[0m [[0m[1m[34mworkers.proxy_pool[0m][0m [36mcommand_id[0m=[35mRegions_page_1[0m [36mentity[0m=[35mRegions[0m [36mexecution_time_seconds[0m=[35m0.27[0m [36mhas_next_page[0m=[35mFalse[0m [36mrecords_fetched[0m=[35m4[0m [36mworker_id[0m=[35mworker_1[0m
2025-09-22 11:02:18,710 - workers.proxy_pool - INFO - _worker_loop:363 - [2m2025-09-22T05:32:18.710913Z[0m [[32m[1minfo     [0m] [1m📋 Worker picked up command from queue[0m [[0m[1m[34mworkers.proxy_pool[0m][0m [36mcommand_id[0m=[35mOrder_Details_Extendeds_page_2[0m [36mentity[0m=[35mOrder_Details_Extendeds[0m [36mqueue_size_after_pickup[0m=[35m16[0m [36mworker_id[0m=[35mworker_1[0m [36mworker_status[0m=[35mPROCESSING[0m
2025-09-22 11:02:18,710 - workers.proxy_pool - INFO - execute_command:51 - [2m2025-09-22T05:32:18.710913Z[0m [[32m[1minfo     [0m] [1m🚀 Worker starting command execution[0m [[0m[1m[34mworkers.proxy_pool[0m][0m [36mcommand_id[0m=[35mOrder_Details_Extendeds_page_2[0m [36mcommand_type[0m=[35mfetch_page[0m [36mentity[0m=[35mOrder_Details_Extendeds[0m [36mpriority[0m=[35m1[0m [36mretry_count[0m=[35m0[0m [36mskip[0m=[35m1500[0m [36mtop[0m=[35m1500[0m [36mworker_id[0m=[35mworker_1[0m
2025-09-22 11:02:18,710 - workers.proxy_pool - INFO - execute_command:74 - [2m2025-09-22T05:32:18.710913Z[0m [[32m[1minfo     [0m] [1m🔄 Worker executing request with resilience patterns[0m [[0m[1m[34mworkers.proxy_pool[0m][0m [36mcircuit_breaker_state[0m=[35mclosed[0m [36mcommand_id[0m=[35mOrder_Details_Extendeds_page_2[0m [36mworker_id[0m=[35mworker_1[0m
2025-09-22 11:02:18,718 - storage.transformer - INFO - transform_odata_response:96 - [2m2025-09-22T05:32:18.717093Z[0m [[32m[1minfo     [0m] [1mTransformation completed      [0m [[0m[1m[34mstorage.transformer[0m][0m [36mentity_name[0m=[35mRegions[0m [36minput_records[0m=[35m4[0m [36moutput_records[0m=[35m4[0m
2025-09-22 11:02:18,718 - storage.local_storage - INFO - store_processed_records:131 - [2m2025-09-22T05:32:18.718108Z[0m [[32m[1minfo     [0m] [1mStoring processed records     [0m [[0m[1m[34mstorage.local_storage[0m][0m [36mentity_name[0m=[35mRegions[0m [36mformat[0m=[35mjson[0m [36mrecord_count[0m=[35m4[0m
2025-09-22 11:02:18,721 - storage.local_storage - INFO - store_processed_records:142 - [2m2025-09-22T05:32:18.721305Z[0m [[32m[1minfo     [0m] [1mSuccessfully stored processed records[0m [[0m[1m[34mstorage.local_storage[0m][0m [36mentity_name[0m=[35mRegions[0m [36mfile_path[0m=[35m./test_output/processed\Regions_20250922_053218.json[0m [36mrecord_count[0m=[35m4[0m
2025-09-22 11:02:18,728 - storage.local_storage - INFO - store_raw_response:83 - [2m2025-09-22T05:32:18.728414Z[0m [[32m[1minfo     [0m] [1mSuccessfully stored raw data  [0m [[0m[1m[34mstorage.local_storage[0m][0m [36mentity_name[0m=[35mRegions[0m [36mfile_path[0m=[35m./test_output/raw\Regions\2025/09/22\05\Regions_page_1.json[0m [36msize_bytes[0m=[35m763[0m
2025-09-22 11:02:18,729 - httpcore.http11 - DEBUG - atrace:87 - send_request_headers.started request=<Request [b'GET']>
2025-09-22 11:02:18,730 - httpcore.http11 - DEBUG - atrace:87 - send_request_headers.complete
2025-09-22 11:02:18,730 - httpcore.http11 - DEBUG - atrace:87 - send_request_body.started request=<Request [b'GET']>
2025-09-22 11:02:18,730 - httpcore.http11 - DEBUG - atrace:87 - send_request_body.complete
2025-09-22 11:02:18,730 - httpcore.http11 - DEBUG - atrace:87 - receive_response_headers.started request=<Request [b'GET']>
2025-09-22 11:02:19,017 - httpcore.http11 - DEBUG - atrace:87 - receive_response_headers.complete return_value=(b'HTTP/1.1', 200, b'OK', [(b'Content-Length', b'3140'), (b'Content-Type', b'application/json;odata.metadata=minimal;odata.streaming=true;IEEE754Compatible=false;charset=utf-8'), (b'Date', b'Mon, 22 Sep 2025 05:32:20 GMT'), (b'Server', b'Microsoft-IIS/10.0'), (b'Access-Control-Allow-Headers', b'Accept, Origin, Content-Type, MaxDataServiceVersion'), (b'Access-Control-Allow-Methods', b'GET'), (b'Access-Control-Allow-Origin', b'*'), (b'Access-Control-Expose-Headers', b'DataServiceVersion'), (b'Cache-Control', b'private'), (b'Content-Encoding', b'gzip'), (b'Expires', b'Mon, 22 Sep 2025 05:33:20 GMT'), (b'Vary', b'*'), (b'X-Content-Type-Options', b'nosniff'), (b'OData-Version', b'4.0;'), (b'X-AspNet-Version', b'4.0.30319'), (b'X-Powered-By', b'ASP.NET')])
2025-09-22 11:02:19,017 - httpx - INFO - _send_single_request:1740 - HTTP Request: GET https://services.odata.org/V4/Northwind/Northwind.svc/Order_Details_Extendeds?%24skip=0&%24top=1500 "HTTP/1.1 200 OK"
2025-09-22 11:02:19,017 - httpcore.http11 - DEBUG - atrace:87 - receive_response_body.started request=<Request [b'GET']>
2025-09-22 11:02:19,017 - httpcore.http11 - DEBUG - atrace:87 - receive_response_body.complete
2025-09-22 11:02:19,017 - httpcore.http11 - DEBUG - atrace:87 - response_closed.started
2025-09-22 11:02:19,017 - httpcore.http11 - DEBUG - atrace:87 - response_closed.complete
2025-09-22 11:02:19,023 - workers.proxy_pool - INFO - _make_http_request:162 - [2m2025-09-22T05:32:19.023685Z[0m [[32m[1minfo     [0m] [1m📊 Worker successfully fetched data[0m [[0m[1m[34mworkers.proxy_pool[0m][0m [36mcommand_id[0m=[35mOrder_Details_Extendeds_page_1[0m [36mentity[0m=[35mOrder_Details_Extendeds[0m [36mhas_next_page[0m=[35mTrue[0m [36mrecords_in_response[0m=[35m100[0m [36mworker_id[0m=[35mworker_0[0m
2025-09-22 11:02:19,025 - workers.proxy_pool - INFO - execute_command:85 - [2m2025-09-22T05:32:19.025085Z[0m [[32m[1minfo     [0m] [1m✅ Worker completed command successfully[0m [[0m[1m[34mworkers.proxy_pool[0m][0m [36mcommand_id[0m=[35mOrder_Details_Extendeds_page_1[0m [36mentity[0m=[35mOrder_Details_Extendeds[0m [36mexecution_time_seconds[0m=[35m0.34[0m [36mhas_next_page[0m=[35mTrue[0m [36mrecords_fetched[0m=[35m100[0m [36mworker_id[0m=[35mworker_0[0m
2025-09-22 11:02:19,025 - workers.proxy_pool - INFO - _worker_loop:363 - [2m2025-09-22T05:32:19.025085Z[0m [[32m[1minfo     [0m] [1m📋 Worker picked up command from queue[0m [[0m[1m[34mworkers.proxy_pool[0m][0m [36mcommand_id[0m=[35mProducts_Above_Average_Prices_page_1[0m [36mentity[0m=[35mProducts_Above_Average_Prices[0m [36mqueue_size_after_pickup[0m=[35m15[0m [36mworker_id[0m=[35mworker_0[0m [36mworker_status[0m=[35mPROCESSING[0m
2025-09-22 11:02:19,025 - workers.proxy_pool - INFO - execute_command:51 - [2m2025-09-22T05:32:19.025085Z[0m [[32m[1minfo     [0m] [1m🚀 Worker starting command execution[0m [[0m[1m[34mworkers.proxy_pool[0m][0m [36mcommand_id[0m=[35mProducts_Above_Average_Prices_page_1[0m [36mcommand_type[0m=[35mfetch_page[0m [36mentity[0m=[35mProducts_Above_Average_Prices[0m [36mpriority[0m=[35m1[0m [36mretry_count[0m=[35m0[0m [36mskip[0m=[35m0[0m [36mtop[0m=[35m1500[0m [36mworker_id[0m=[35mworker_0[0m
2025-09-22 11:02:19,025 - workers.proxy_pool - INFO - execute_command:74 - [2m2025-09-22T05:32:19.025085Z[0m [[32m[1minfo     [0m] [1m🔄 Worker executing request with resilience patterns[0m [[0m[1m[34mworkers.proxy_pool[0m][0m [36mcircuit_breaker_state[0m=[35mclosed[0m [36mcommand_id[0m=[35mProducts_Above_Average_Prices_page_1[0m [36mworker_id[0m=[35mworker_0[0m
2025-09-22 11:02:19,031 - storage.transformer - INFO - transform_odata_response:96 - [2m2025-09-22T05:32:19.031461Z[0m [[32m[1minfo     [0m] [1mTransformation completed      [0m [[0m[1m[34mstorage.transformer[0m][0m [36mentity_name[0m=[35mOrder_Details_Extendeds[0m [36minput_records[0m=[35m100[0m [36moutput_records[0m=[35m100[0m
2025-09-22 11:02:19,032 - storage.local_storage - INFO - store_processed_records:131 - [2m2025-09-22T05:32:19.032563Z[0m [[32m[1minfo     [0m] [1mStoring processed records     [0m [[0m[1m[34mstorage.local_storage[0m][0m [36mentity_name[0m=[35mOrder_Details_Extendeds[0m [36mformat[0m=[35mjson[0m [36mrecord_count[0m=[35m100[0m
2025-09-22 11:02:19,037 - storage.local_storage - INFO - store_processed_records:142 - [2m2025-09-22T05:32:19.037403Z[0m [[32m[1minfo     [0m] [1mSuccessfully stored processed records[0m [[0m[1m[34mstorage.local_storage[0m][0m [36mentity_name[0m=[35mOrder_Details_Extendeds[0m [36mfile_path[0m=[35m./test_output/processed\Order_Details_Extendeds_20250922_053219.json[0m [36mrecord_count[0m=[35m100[0m
2025-09-22 11:02:19,043 - storage.local_storage - INFO - store_raw_response:83 - [2m2025-09-22T05:32:19.043301Z[0m [[32m[1minfo     [0m] [1mSuccessfully stored raw data  [0m [[0m[1m[34mstorage.local_storage[0m][0m [36mentity_name[0m=[35mOrder_Details_Extendeds[0m [36mfile_path[0m=[35m./test_output/raw\Order_Details_Extendeds\2025/09/22\05\Order_Details_Extendeds_page_1.json[0m [36msize_bytes[0m=[35m22068[0m
2025-09-22 11:02:19,044 - httpcore.http11 - DEBUG - atrace:87 - send_request_headers.started request=<Request [b'GET']>
2025-09-22 11:02:19,045 - httpcore.http11 - DEBUG - atrace:87 - send_request_headers.complete
2025-09-22 11:02:19,045 - httpcore.http11 - DEBUG - atrace:87 - send_request_body.started request=<Request [b'GET']>
2025-09-22 11:02:19,045 - httpcore.http11 - DEBUG - atrace:87 - send_request_body.complete
2025-09-22 11:02:19,045 - httpcore.http11 - DEBUG - atrace:87 - receive_response_headers.started request=<Request [b'GET']>
2025-09-22 11:02:19,046 - httpcore.http11 - DEBUG - atrace:87 - receive_response_headers.complete return_value=(b'HTTP/1.1', 200, b'OK', [(b'Content-Length', b'3390'), (b'Content-Type', b'application/json;odata.metadata=minimal;odata.streaming=true;IEEE754Compatible=false;charset=utf-8'), (b'Date', b'Mon, 22 Sep 2025 05:32:20 GMT'), (b'Server', b'Microsoft-IIS/10.0'), (b'Access-Control-Allow-Headers', b'Accept, Origin, Content-Type, MaxDataServiceVersion'), (b'Access-Control-Allow-Methods', b'GET'), (b'Access-Control-Allow-Origin', b'*'), (b'Access-Control-Expose-Headers', b'DataServiceVersion'), (b'Cache-Control', b'private'), (b'Content-Encoding', b'gzip'), (b'Expires', b'Mon, 22 Sep 2025 05:33:20 GMT'), (b'Vary', b'*'), (b'X-Content-Type-Options', b'nosniff'), (b'OData-Version', b'4.0;'), (b'X-AspNet-Version', b'4.0.30319'), (b'X-Powered-By', b'ASP.NET')])
2025-09-22 11:02:19,046 - httpx - INFO - _send_single_request:1740 - HTTP Request: GET https://services.odata.org/V4/Northwind/Northwind.svc/Order_Details_Extendeds?%24skip=1500&%24top=1500 "HTTP/1.1 200 OK"
2025-09-22 11:02:19,047 - httpcore.http11 - DEBUG - atrace:87 - receive_response_body.started request=<Request [b'GET']>
2025-09-22 11:02:19,047 - httpcore.http11 - DEBUG - atrace:87 - receive_response_body.complete
2025-09-22 11:02:19,047 - httpcore.http11 - DEBUG - atrace:87 - response_closed.started
2025-09-22 11:02:19,047 - httpcore.http11 - DEBUG - atrace:87 - response_closed.complete
2025-09-22 11:02:19,048 - workers.proxy_pool - INFO - _make_http_request:162 - [2m2025-09-22T05:32:19.048268Z[0m [[32m[1minfo     [0m] [1m📊 Worker successfully fetched data[0m [[0m[1m[34mworkers.proxy_pool[0m][0m [36mcommand_id[0m=[35mOrder_Details_Extendeds_page_2[0m [36mentity[0m=[35mOrder_Details_Extendeds[0m [36mhas_next_page[0m=[35mTrue[0m [36mrecords_in_response[0m=[35m100[0m [36mworker_id[0m=[35mworker_1[0m
2025-09-22 11:02:19,048 - workers.proxy_pool - INFO - execute_command:85 - [2m2025-09-22T05:32:19.048799Z[0m [[32m[1minfo     [0m] [1m✅ Worker completed command successfully[0m [[0m[1m[34mworkers.proxy_pool[0m][0m [36mcommand_id[0m=[35mOrder_Details_Extendeds_page_2[0m [36mentity[0m=[35mOrder_Details_Extendeds[0m [36mexecution_time_seconds[0m=[35m0.34[0m [36mhas_next_page[0m=[35mTrue[0m [36mrecords_fetched[0m=[35m100[0m [36mworker_id[0m=[35mworker_1[0m
2025-09-22 11:02:19,049 - workers.proxy_pool - INFO - _worker_loop:363 - [2m2025-09-22T05:32:19.049541Z[0m [[32m[1minfo     [0m] [1m📋 Worker picked up command from queue[0m [[0m[1m[34mworkers.proxy_pool[0m][0m [36mcommand_id[0m=[35mTerritories_page_1[0m [36mentity[0m=[35mTerritories[0m [36mqueue_size_after_pickup[0m=[35m15[0m [36mworker_id[0m=[35mworker_1[0m [36mworker_status[0m=[35mPROCESSING[0m
2025-09-22 11:02:19,050 - workers.proxy_pool - INFO - execute_command:51 - [2m2025-09-22T05:32:19.050221Z[0m [[32m[1minfo     [0m] [1m🚀 Worker starting command execution[0m [[0m[1m[34mworkers.proxy_pool[0m][0m [36mcommand_id[0m=[35mTerritories_page_1[0m [36mcommand_type[0m=[35mfetch_page[0m [36mentity[0m=[35mTerritories[0m [36mpriority[0m=[35m1[0m [36mretry_count[0m=[35m0[0m [36mskip[0m=[35m0[0m [36mtop[0m=[35m1500[0m [36mworker_id[0m=[35mworker_1[0m
2025-09-22 11:02:19,051 - workers.proxy_pool - INFO - execute_command:74 - [2m2025-09-22T05:32:19.051337Z[0m [[32m[1minfo     [0m] [1m🔄 Worker executing request with resilience patterns[0m [[0m[1m[34mworkers.proxy_pool[0m][0m [36mcircuit_breaker_state[0m=[35mclosed[0m [36mcommand_id[0m=[35mTerritories_page_1[0m [36mworker_id[0m=[35mworker_1[0m
2025-09-22 11:02:19,055 - storage.transformer - INFO - transform_odata_response:96 - [2m2025-09-22T05:32:19.055120Z[0m [[32m[1minfo     [0m] [1mTransformation completed      [0m [[0m[1m[34mstorage.transformer[0m][0m [36mentity_name[0m=[35mOrder_Details_Extendeds[0m [36minput_records[0m=[35m100[0m [36moutput_records[0m=[35m100[0m
2025-09-22 11:02:19,056 - storage.local_storage - INFO - store_processed_records:131 - [2m2025-09-22T05:32:19.056372Z[0m [[32m[1minfo     [0m] [1mStoring processed records     [0m [[0m[1m[34mstorage.local_storage[0m][0m [36mentity_name[0m=[35mOrder_Details_Extendeds[0m [36mformat[0m=[35mjson[0m [36mrecord_count[0m=[35m100[0m
2025-09-22 11:02:19,059 - storage.local_storage - INFO - store_processed_records:142 - [2m2025-09-22T05:32:19.058768Z[0m [[32m[1minfo     [0m] [1mSuccessfully stored processed records[0m [[0m[1m[34mstorage.local_storage[0m][0m [36mentity_name[0m=[35mOrder_Details_Extendeds[0m [36mfile_path[0m=[35m./test_output/processed\Order_Details_Extendeds_20250922_053219.json[0m [36mrecord_count[0m=[35m100[0m
2025-09-22 11:02:19,061 - storage.local_storage - INFO - store_raw_response:83 - [2m2025-09-22T05:32:19.061161Z[0m [[32m[1minfo     [0m] [1mSuccessfully stored raw data  [0m [[0m[1m[34mstorage.local_storage[0m][0m [36mentity_name[0m=[35mOrder_Details_Extendeds[0m [36mfile_path[0m=[35m./test_output/raw\Order_Details_Extendeds\2025/09/22\05\Order_Details_Extendeds_page_2.json[0m [36msize_bytes[0m=[35m22422[0m
2025-09-22 11:02:19,061 - httpcore.http11 - DEBUG - atrace:87 - send_request_headers.started request=<Request [b'GET']>
2025-09-22 11:02:19,062 - httpcore.http11 - DEBUG - atrace:87 - send_request_headers.complete
2025-09-22 11:02:19,062 - httpcore.http11 - DEBUG - atrace:87 - send_request_body.started request=<Request [b'GET']>
2025-09-22 11:02:19,062 - httpcore.http11 - DEBUG - atrace:87 - send_request_body.complete
2025-09-22 11:02:19,062 - httpcore.http11 - DEBUG - atrace:87 - receive_response_headers.started request=<Request [b'GET']>
2025-09-22 11:02:19,328 - httpcore.http11 - DEBUG - atrace:87 - receive_response_headers.complete return_value=(b'HTTP/1.1', 200, b'OK', [(b'Content-Length', b'764'), (b'Content-Type', b'application/json;odata.metadata=minimal;odata.streaming=true;IEEE754Compatible=false;charset=utf-8'), (b'Date', b'Mon, 22 Sep 2025 05:32:20 GMT'), (b'Server', b'Microsoft-IIS/10.0'), (b'Access-Control-Allow-Headers', b'Accept, Origin, Content-Type, MaxDataServiceVersion'), (b'Access-Control-Allow-Methods', b'GET'), (b'Access-Control-Allow-Origin', b'*'), (b'Access-Control-Expose-Headers', b'DataServiceVersion'), (b'Cache-Control', b'private'), (b'Content-Encoding', b'gzip'), (b'Expires', b'Mon, 22 Sep 2025 05:33:21 GMT'), (b'Vary', b'*'), (b'X-Content-Type-Options', b'nosniff'), (b'OData-Version', b'4.0;'), (b'X-AspNet-Version', b'4.0.30319'), (b'X-Powered-By', b'ASP.NET')])
2025-09-22 11:02:19,328 - httpx - INFO - _send_single_request:1740 - HTTP Request: GET https://services.odata.org/V4/Northwind/Northwind.svc/Products_Above_Average_Prices?%24skip=0&%24top=1500 "HTTP/1.1 200 OK"
2025-09-22 11:02:19,328 - httpcore.http11 - DEBUG - atrace:87 - receive_response_body.started request=<Request [b'GET']>
2025-09-22 11:02:19,328 - httpcore.http11 - DEBUG - atrace:87 - receive_response_body.complete
2025-09-22 11:02:19,328 - httpcore.http11 - DEBUG - atrace:87 - response_closed.started
2025-09-22 11:02:19,328 - httpcore.http11 - DEBUG - atrace:87 - response_closed.complete
2025-09-22 11:02:19,328 - workers.proxy_pool - INFO - _make_http_request:162 - [2m2025-09-22T05:32:19.328108Z[0m [[32m[1minfo     [0m] [1m📊 Worker successfully fetched data[0m [[0m[1m[34mworkers.proxy_pool[0m][0m [36mcommand_id[0m=[35mProducts_Above_Average_Prices_page_1[0m [36mentity[0m=[35mProducts_Above_Average_Prices[0m [36mhas_next_page[0m=[35mFalse[0m [36mrecords_in_response[0m=[35m25[0m [36mworker_id[0m=[35mworker_0[0m
2025-09-22 11:02:19,328 - workers.proxy_pool - INFO - execute_command:85 - [2m2025-09-22T05:32:19.328108Z[0m [[32m[1minfo     [0m] [1m✅ Worker completed command successfully[0m [[0m[1m[34mworkers.proxy_pool[0m][0m [36mcommand_id[0m=[35mProducts_Above_Average_Prices_page_1[0m [36mentity[0m=[35mProducts_Above_Average_Prices[0m [36mexecution_time_seconds[0m=[35m0.31[0m [36mhas_next_page[0m=[35mFalse[0m [36mrecords_fetched[0m=[35m25[0m [36mworker_id[0m=[35mworker_0[0m
2025-09-22 11:02:19,328 - workers.proxy_pool - INFO - _worker_loop:363 - [2m2025-09-22T05:32:19.328108Z[0m [[32m[1minfo     [0m] [1m📋 Worker picked up command from queue[0m [[0m[1m[34mworkers.proxy_pool[0m][0m [36mcommand_id[0m=[35mProducts_page_1[0m [36mentity[0m=[35mProducts[0m [36mqueue_size_after_pickup[0m=[35m15[0m [36mworker_id[0m=[35mworker_0[0m [36mworker_status[0m=[35mPROCESSING[0m
2025-09-22 11:02:19,333 - workers.proxy_pool - INFO - execute_command:51 - [2m2025-09-22T05:32:19.332768Z[0m [[32m[1minfo     [0m] [1m🚀 Worker starting command execution[0m [[0m[1m[34mworkers.proxy_pool[0m][0m [36mcommand_id[0m=[35mProducts_page_1[0m [36mcommand_type[0m=[35mfetch_page[0m [36mentity[0m=[35mProducts[0m [36mpriority[0m=[35m1[0m [36mretry_count[0m=[35m0[0m [36mskip[0m=[35m0[0m [36mtop[0m=[35m1500[0m [36mworker_id[0m=[35mworker_0[0m
2025-09-22 11:02:19,333 - workers.proxy_pool - INFO - execute_command:74 - [2m2025-09-22T05:32:19.333125Z[0m [[32m[1minfo     [0m] [1m🔄 Worker executing request with resilience patterns[0m [[0m[1m[34mworkers.proxy_pool[0m][0m [36mcircuit_breaker_state[0m=[35mclosed[0m [36mcommand_id[0m=[35mProducts_page_1[0m [36mworker_id[0m=[35mworker_0[0m
2025-09-22 11:02:19,335 - storage.transformer - INFO - transform_odata_response:96 - [2m2025-09-22T05:32:19.335145Z[0m [[32m[1minfo     [0m] [1mTransformation completed      [0m [[0m[1m[34mstorage.transformer[0m][0m [36mentity_name[0m=[35mProducts_Above_Average_Prices[0m [36minput_records[0m=[35m25[0m [36moutput_records[0m=[35m25[0m
2025-09-22 11:02:19,335 - storage.local_storage - INFO - store_processed_records:131 - [2m2025-09-22T05:32:19.335145Z[0m [[32m[1minfo     [0m] [1mStoring processed records     [0m [[0m[1m[34mstorage.local_storage[0m][0m [36mentity_name[0m=[35mProducts_Above_Average_Prices[0m [36mformat[0m=[35mjson[0m [36mrecord_count[0m=[35m25[0m
2025-09-22 11:02:19,335 - storage.local_storage - INFO - store_processed_records:142 - [2m2025-09-22T05:32:19.335145Z[0m [[32m[1minfo     [0m] [1mSuccessfully stored processed records[0m [[0m[1m[34mstorage.local_storage[0m][0m [36mentity_name[0m=[35mProducts_Above_Average_Prices[0m [36mfile_path[0m=[35m./test_output/processed\Products_Above_Average_Prices_20250922_053219.json[0m [36mrecord_count[0m=[35m25[0m
2025-09-22 11:02:19,341 - storage.local_storage - INFO - store_raw_response:83 - [2m2025-09-22T05:32:19.341242Z[0m [[32m[1minfo     [0m] [1mSuccessfully stored raw data  [0m [[0m[1m[34mstorage.local_storage[0m][0m [36mentity_name[0m=[35mProducts_Above_Average_Prices[0m [36mfile_path[0m=[35m./test_output/raw\Products_Above_Average_Prices\2025/09/22\05\Products_Above_Average_Prices_page_1.json[0m [36msize_bytes[0m=[35m2555[0m
2025-09-22 11:02:19,344 - httpcore.http11 - DEBUG - atrace:87 - send_request_headers.started request=<Request [b'GET']>
2025-09-22 11:02:19,346 - httpcore.http11 - DEBUG - atrace:87 - send_request_headers.complete
2025-09-22 11:02:19,346 - httpcore.http11 - DEBUG - atrace:87 - send_request_body.started request=<Request [b'GET']>
2025-09-22 11:02:19,346 - httpcore.http11 - DEBUG - atrace:87 - send_request_body.complete
2025-09-22 11:02:19,346 - httpcore.http11 - DEBUG - atrace:87 - receive_response_headers.started request=<Request [b'GET']>
2025-09-22 11:02:19,601 - httpcore.http11 - DEBUG - atrace:87 - receive_response_headers.complete return_value=(b'HTTP/1.1', 200, b'OK', [(b'Content-Length', b'311'), (b'Content-Type', b'application/json;odata.metadata=minimal;odata.streaming=true;IEEE754Compatible=false;charset=utf-8'), (b'Date', b'Mon, 22 Sep 2025 05:32:20 GMT'), (b'Server', b'Microsoft-IIS/10.0'), (b'Access-Control-Allow-Headers', b'Accept, Origin, Content-Type, MaxDataServiceVersion'), (b'Access-Control-Allow-Methods', b'GET'), (b'Access-Control-Allow-Origin', b'*'), (b'Access-Control-Expose-Headers', b'DataServiceVersion'), (b'Cache-Control', b'private'), (b'Content-Encoding', b'gzip'), (b'Expires', b'Mon, 22 Sep 2025 05:33:20 GMT'), (b'Vary', b'*'), (b'X-Content-Type-Options', b'nosniff'), (b'OData-Version', b'4.0;'), (b'X-AspNet-Version', b'4.0.30319'), (b'X-Powered-By', b'ASP.NET')])
2025-09-22 11:02:19,601 - httpx - INFO - _send_single_request:1740 - HTTP Request: GET https://services.odata.org/V4/Northwind/Northwind.svc/Shippers?%24skip=0&%24top=1500 "HTTP/1.1 200 OK"
2025-09-22 11:02:19,602 - httpcore.http11 - DEBUG - atrace:87 - receive_response_body.started request=<Request [b'GET']>
2025-09-22 11:02:19,602 - httpcore.http11 - DEBUG - atrace:87 - receive_response_body.complete
2025-09-22 11:02:19,602 - httpcore.http11 - DEBUG - atrace:87 - response_closed.started
2025-09-22 11:02:19,602 - httpcore.http11 - DEBUG - atrace:87 - response_closed.complete
2025-09-22 11:02:19,603 - workers.proxy_pool - INFO - _make_http_request:162 - [2m2025-09-22T05:32:19.602506Z[0m [[32m[1minfo     [0m] [1m📊 Worker successfully fetched data[0m [[0m[1m[34mworkers.proxy_pool[0m][0m [36mcommand_id[0m=[35mShippers_page_1[0m [36mentity[0m=[35mShippers[0m [36mhas_next_page[0m=[35mFalse[0m [36mrecords_in_response[0m=[35m3[0m [36mworker_id[0m=[35mworker_2[0m
2025-09-22 11:02:19,603 - workers.proxy_pool - INFO - execute_command:85 - [2m2025-09-22T05:32:19.603098Z[0m [[32m[1minfo     [0m] [1m✅ Worker completed command successfully[0m [[0m[1m[34mworkers.proxy_pool[0m][0m [36mcommand_id[0m=[35mShippers_page_1[0m [36mentity[0m=[35mShippers[0m [36mexecution_time_seconds[0m=[35m1.47[0m [36mhas_next_page[0m=[35mFalse[0m [36mrecords_fetched[0m=[35m3[0m [36mworker_id[0m=[35mworker_2[0m
2025-09-22 11:02:19,603 - workers.proxy_pool - INFO - _worker_loop:363 - [2m2025-09-22T05:32:19.603693Z[0m [[32m[1minfo     [0m] [1m📋 Worker picked up command from queue[0m [[0m[1m[34mworkers.proxy_pool[0m][0m [36mcommand_id[0m=[35mOrders_page_1[0m [36mentity[0m=[35mOrders[0m [36mqueue_size_after_pickup[0m=[35m14[0m [36mworker_id[0m=[35mworker_2[0m [36mworker_status[0m=[35mPROCESSING[0m
2025-09-22 11:02:19,604 - workers.proxy_pool - INFO - execute_command:51 - [2m2025-09-22T05:32:19.604286Z[0m [[32m[1minfo     [0m] [1m🚀 Worker starting command execution[0m [[0m[1m[34mworkers.proxy_pool[0m][0m [36mcommand_id[0m=[35mOrders_page_1[0m [36mcommand_type[0m=[35mfetch_page[0m [36mentity[0m=[35mOrders[0m [36mpriority[0m=[35m1[0m [36mretry_count[0m=[35m0[0m [36mskip[0m=[35m0[0m [36mtop[0m=[35m1500[0m [36mworker_id[0m=[35mworker_2[0m
2025-09-22 11:02:19,604 - workers.proxy_pool - INFO - execute_command:74 - [2m2025-09-22T05:32:19.604891Z[0m [[32m[1minfo     [0m] [1m🔄 Worker executing request with resilience patterns[0m [[0m[1m[34mworkers.proxy_pool[0m][0m [36mcircuit_breaker_state[0m=[35mclosed[0m [36mcommand_id[0m=[35mOrders_page_1[0m [36mworker_id[0m=[35mworker_2[0m
2025-09-22 11:02:19,605 - storage.transformer - INFO - transform_odata_response:96 - [2m2025-09-22T05:32:19.605525Z[0m [[32m[1minfo     [0m] [1mTransformation completed      [0m [[0m[1m[34mstorage.transformer[0m][0m [36mentity_name[0m=[35mShippers[0m [36minput_records[0m=[35m3[0m [36moutput_records[0m=[35m3[0m
2025-09-22 11:02:19,606 - storage.local_storage - INFO - store_processed_records:131 - [2m2025-09-22T05:32:19.606128Z[0m [[32m[1minfo     [0m] [1mStoring processed records     [0m [[0m[1m[34mstorage.local_storage[0m][0m [36mentity_name[0m=[35mShippers[0m [36mformat[0m=[35mjson[0m [36mrecord_count[0m=[35m3[0m
2025-09-22 11:02:19,607 - storage.local_storage - INFO - store_processed_records:142 - [2m2025-09-22T05:32:19.606734Z[0m [[32m[1minfo     [0m] [1mSuccessfully stored processed records[0m [[0m[1m[34mstorage.local_storage[0m][0m [36mentity_name[0m=[35mShippers[0m [36mfile_path[0m=[35m./test_output/processed\Shippers_20250922_053219.json[0m [36mrecord_count[0m=[35m3[0m
2025-09-22 11:02:19,613 - storage.local_storage - INFO - store_raw_response:83 - [2m2025-09-22T05:32:19.613203Z[0m [[32m[1minfo     [0m] [1mSuccessfully stored raw data  [0m [[0m[1m[34mstorage.local_storage[0m][0m [36mentity_name[0m=[35mShippers[0m [36mfile_path[0m=[35m./test_output/raw\Shippers\2025/09/22\05\Shippers_page_1.json[0m [36msize_bytes[0m=[35m628[0m
2025-09-22 11:02:19,613 - httpcore.http11 - DEBUG - atrace:87 - send_request_headers.started request=<Request [b'GET']>
2025-09-22 11:02:19,614 - httpcore.http11 - DEBUG - atrace:87 - send_request_headers.complete
2025-09-22 11:02:19,614 - httpcore.http11 - DEBUG - atrace:87 - send_request_body.started request=<Request [b'GET']>
2025-09-22 11:02:19,615 - httpcore.http11 - DEBUG - atrace:87 - send_request_body.complete
2025-09-22 11:02:19,615 - httpcore.http11 - DEBUG - atrace:87 - receive_response_headers.started request=<Request [b'GET']>
2025-09-22 11:02:19,849 - httpcore.http11 - DEBUG - atrace:87 - receive_response_headers.complete return_value=(b'HTTP/1.1', 200, b'OK', [(b'Content-Length', b'1290'), (b'Content-Type', b'application/json;odata.metadata=minimal;odata.streaming=true;IEEE754Compatible=false;charset=utf-8'), (b'Date', b'Mon, 22 Sep 2025 05:32:21 GMT'), (b'Server', b'Microsoft-IIS/10.0'), (b'Access-Control-Allow-Headers', b'Accept, Origin, Content-Type, MaxDataServiceVersion'), (b'Access-Control-Allow-Methods', b'GET'), (b'Access-Control-Allow-Origin', b'*'), (b'Access-Control-Expose-Headers', b'DataServiceVersion'), (b'Cache-Control', b'private'), (b'Content-Encoding', b'gzip'), (b'Expires', b'Mon, 22 Sep 2025 05:33:21 GMT'), (b'Vary', b'*'), (b'X-Content-Type-Options', b'nosniff'), (b'OData-Version', b'4.0;'), (b'X-AspNet-Version', b'4.0.30319'), (b'X-Powered-By', b'ASP.NET')])
2025-09-22 11:02:19,849 - httpx - INFO - _send_single_request:1740 - HTTP Request: GET https://services.odata.org/V4/Northwind/Northwind.svc/Territories?%24skip=0&%24top=1500 "HTTP/1.1 200 OK"
2025-09-22 11:02:19,849 - httpcore.http11 - DEBUG - atrace:87 - receive_response_body.started request=<Request [b'GET']>
2025-09-22 11:02:19,849 - httpcore.http11 - DEBUG - atrace:87 - receive_response_body.complete
2025-09-22 11:02:19,849 - httpcore.http11 - DEBUG - atrace:87 - response_closed.started
2025-09-22 11:02:19,849 - httpcore.http11 - DEBUG - atrace:87 - response_closed.complete
2025-09-22 11:02:19,849 - workers.proxy_pool - INFO - _make_http_request:162 - [2m2025-09-22T05:32:19.849658Z[0m [[32m[1minfo     [0m] [1m📊 Worker successfully fetched data[0m [[0m[1m[34mworkers.proxy_pool[0m][0m [36mcommand_id[0m=[35mTerritories_page_1[0m [36mentity[0m=[35mTerritories[0m [36mhas_next_page[0m=[35mFalse[0m [36mrecords_in_response[0m=[35m53[0m [36mworker_id[0m=[35mworker_1[0m
2025-09-22 11:02:19,849 - workers.proxy_pool - INFO - execute_command:85 - [2m2025-09-22T05:32:19.849658Z[0m [[32m[1minfo     [0m] [1m✅ Worker completed command successfully[0m [[0m[1m[34mworkers.proxy_pool[0m][0m [36mcommand_id[0m=[35mTerritories_page_1[0m [36mentity[0m=[35mTerritories[0m [36mexecution_time_seconds[0m=[35m0.8[0m [36mhas_next_page[0m=[35mFalse[0m [36mrecords_fetched[0m=[35m53[0m [36mworker_id[0m=[35mworker_1[0m
2025-09-22 11:02:19,849 - workers.proxy_pool - INFO - _worker_loop:363 - [2m2025-09-22T05:32:19.849658Z[0m [[32m[1minfo     [0m] [1m📋 Worker picked up command from queue[0m [[0m[1m[34mworkers.proxy_pool[0m][0m [36mcommand_id[0m=[35mSales_Totals_by_Amounts_page_1[0m [36mentity[0m=[35mSales_Totals_by_Amounts[0m [36mqueue_size_after_pickup[0m=[35m13[0m [36mworker_id[0m=[35mworker_1[0m [36mworker_status[0m=[35mPROCESSING[0m
2025-09-22 11:02:19,849 - workers.proxy_pool - INFO - execute_command:51 - [2m2025-09-22T05:32:19.849658Z[0m [[32m[1minfo     [0m] [1m🚀 Worker starting command execution[0m [[0m[1m[34mworkers.proxy_pool[0m][0m [36mcommand_id[0m=[35mSales_Totals_by_Amounts_page_1[0m [36mcommand_type[0m=[35mfetch_page[0m [36mentity[0m=[35mSales_Totals_by_Amounts[0m [36mpriority[0m=[35m1[0m [36mretry_count[0m=[35m0[0m [36mskip[0m=[35m0[0m [36mtop[0m=[35m1500[0m [36mworker_id[0m=[35mworker_1[0m
2025-09-22 11:02:19,849 - workers.proxy_pool - INFO - execute_command:74 - [2m2025-09-22T05:32:19.849658Z[0m [[32m[1minfo     [0m] [1m🔄 Worker executing request with resilience patterns[0m [[0m[1m[34mworkers.proxy_pool[0m][0m [36mcircuit_breaker_state[0m=[35mclosed[0m [36mcommand_id[0m=[35mSales_Totals_by_Amounts_page_1[0m [36mworker_id[0m=[35mworker_1[0m
2025-09-22 11:02:19,849 - storage.transformer - INFO - transform_odata_response:96 - [2m2025-09-22T05:32:19.849658Z[0m [[32m[1minfo     [0m] [1mTransformation completed      [0m [[0m[1m[34mstorage.transformer[0m][0m [36mentity_name[0m=[35mTerritories[0m [36minput_records[0m=[35m53[0m [36moutput_records[0m=[35m53[0m
2025-09-22 11:02:19,849 - storage.local_storage - INFO - store_processed_records:131 - [2m2025-09-22T05:32:19.849658Z[0m [[32m[1minfo     [0m] [1mStoring processed records     [0m [[0m[1m[34mstorage.local_storage[0m][0m [36mentity_name[0m=[35mTerritories[0m [36mformat[0m=[35mjson[0m [36mrecord_count[0m=[35m53[0m
2025-09-22 11:02:19,849 - storage.local_storage - INFO - store_processed_records:142 - [2m2025-09-22T05:32:19.849658Z[0m [[32m[1minfo     [0m] [1mSuccessfully stored processed records[0m [[0m[1m[34mstorage.local_storage[0m][0m [36mentity_name[0m=[35mTerritories[0m [36mfile_path[0m=[35m./test_output/processed\Territories_20250922_053219.json[0m [36mrecord_count[0m=[35m53[0m
2025-09-22 11:02:19,862 - storage.local_storage - INFO - store_raw_response:83 - [2m2025-09-22T05:32:19.862967Z[0m [[32m[1minfo     [0m] [1mSuccessfully stored raw data  [0m [[0m[1m[34mstorage.local_storage[0m][0m [36mentity_name[0m=[35mTerritories[0m [36mfile_path[0m=[35m./test_output/raw\Territories\2025/09/22\05\Territories_page_1.json[0m [36msize_bytes[0m=[35m10410[0m
2025-09-22 11:02:19,863 - httpcore.http11 - DEBUG - atrace:87 - send_request_headers.started request=<Request [b'GET']>
2025-09-22 11:02:19,864 - httpcore.http11 - DEBUG - atrace:87 - send_request_headers.complete
2025-09-22 11:02:19,864 - httpcore.http11 - DEBUG - atrace:87 - send_request_body.started request=<Request [b'GET']>
2025-09-22 11:02:19,865 - httpcore.http11 - DEBUG - atrace:87 - send_request_body.complete
2025-09-22 11:02:19,865 - httpcore.http11 - DEBUG - atrace:87 - receive_response_headers.started request=<Request [b'GET']>
2025-09-22 11:02:19,902 - httpcore.http11 - DEBUG - atrace:87 - receive_response_headers.complete return_value=(b'HTTP/1.1', 200, b'OK', [(b'Content-Length', b'18516'), (b'Content-Type', b'application/json;odata.metadata=minimal;odata.streaming=true;IEEE754Compatible=false;charset=utf-8'), (b'Date', b'Mon, 22 Sep 2025 05:32:21 GMT'), (b'Server', b'Microsoft-IIS/10.0'), (b'Access-Control-Allow-Headers', b'Accept, Origin, Content-Type, MaxDataServiceVersion'), (b'Access-Control-Allow-Methods', b'GET'), (b'Access-Control-Allow-Origin', b'*'), (b'Access-Control-Expose-Headers', b'DataServiceVersion'), (b'Cache-Control', b'private'), (b'Content-Encoding', b'gzip'), (b'Expires', b'Mon, 22 Sep 2025 05:33:21 GMT'), (b'Vary', b'*'), (b'X-Content-Type-Options', b'nosniff'), (b'OData-Version', b'4.0;'), (b'X-AspNet-Version', b'4.0.30319'), (b'X-Powered-By', b'ASP.NET')])
2025-09-22 11:02:19,917 - httpx - INFO - _send_single_request:1740 - HTTP Request: GET https://services.odata.org/V4/Northwind/Northwind.svc/Orders?%24skip=0&%24top=1500 "HTTP/1.1 200 OK"
2025-09-22 11:02:19,918 - httpcore.http11 - DEBUG - atrace:87 - receive_response_body.started request=<Request [b'GET']>
2025-09-22 11:02:19,921 - httpcore.http11 - DEBUG - atrace:87 - receive_response_body.complete
2025-09-22 11:02:19,921 - httpcore.http11 - DEBUG - atrace:87 - response_closed.started
2025-09-22 11:02:19,921 - httpcore.http11 - DEBUG - atrace:87 - response_closed.complete
2025-09-22 11:02:19,922 - workers.proxy_pool - INFO - _make_http_request:162 - [2m2025-09-22T05:32:19.922294Z[0m [[32m[1minfo     [0m] [1m📊 Worker successfully fetched data[0m [[0m[1m[34mworkers.proxy_pool[0m][0m [36mcommand_id[0m=[35mOrders_page_1[0m [36mentity[0m=[35mOrders[0m [36mhas_next_page[0m=[35mTrue[0m [36mrecords_in_response[0m=[35m200[0m [36mworker_id[0m=[35mworker_2[0m
2025-09-22 11:02:19,922 - workers.proxy_pool - INFO - execute_command:85 - [2m2025-09-22T05:32:19.922294Z[0m [[32m[1minfo     [0m] [1m✅ Worker completed command successfully[0m [[0m[1m[34mworkers.proxy_pool[0m][0m [36mcommand_id[0m=[35mOrders_page_1[0m [36mentity[0m=[35mOrders[0m [36mexecution_time_seconds[0m=[35m0.33[0m [36mhas_next_page[0m=[35mTrue[0m [36mrecords_fetched[0m=[35m200[0m [36mworker_id[0m=[35mworker_2[0m
2025-09-22 11:02:19,923 - workers.proxy_pool - INFO - _worker_loop:363 - [2m2025-09-22T05:32:19.923293Z[0m [[32m[1minfo     [0m] [1m📋 Worker picked up command from queue[0m [[0m[1m[34mworkers.proxy_pool[0m][0m [36mcommand_id[0m=[35mSuppliers_page_1[0m [36mentity[0m=[35mSuppliers[0m [36mqueue_size_after_pickup[0m=[35m12[0m [36mworker_id[0m=[35mworker_2[0m [36mworker_status[0m=[35mPROCESSING[0m
2025-09-22 11:02:19,923 - workers.proxy_pool - INFO - execute_command:51 - [2m2025-09-22T05:32:19.923293Z[0m [[32m[1minfo     [0m] [1m🚀 Worker starting command execution[0m [[0m[1m[34mworkers.proxy_pool[0m][0m [36mcommand_id[0m=[35mSuppliers_page_1[0m [36mcommand_type[0m=[35mfetch_page[0m [36mentity[0m=[35mSuppliers[0m [36mpriority[0m=[35m1[0m [36mretry_count[0m=[35m0[0m [36mskip[0m=[35m0[0m [36mtop[0m=[35m1500[0m [36mworker_id[0m=[35mworker_2[0m
2025-09-22 11:02:19,924 - workers.proxy_pool - INFO - execute_command:74 - [2m2025-09-22T05:32:19.924610Z[0m [[32m[1minfo     [0m] [1m🔄 Worker executing request with resilience patterns[0m [[0m[1m[34mworkers.proxy_pool[0m][0m [36mcircuit_breaker_state[0m=[35mclosed[0m [36mcommand_id[0m=[35mSuppliers_page_1[0m [36mworker_id[0m=[35mworker_2[0m
2025-09-22 11:02:19,930 - storage.transformer - INFO - transform_odata_response:96 - [2m2025-09-22T05:32:19.929963Z[0m [[32m[1minfo     [0m] [1mTransformation completed      [0m [[0m[1m[34mstorage.transformer[0m][0m [36mentity_name[0m=[35mOrders[0m [36minput_records[0m=[35m200[0m [36moutput_records[0m=[35m200[0m
2025-09-22 11:02:19,931 - storage.local_storage - INFO - store_processed_records:131 - [2m2025-09-22T05:32:19.931068Z[0m [[32m[1minfo     [0m] [1mStoring processed records     [0m [[0m[1m[34mstorage.local_storage[0m][0m [36mentity_name[0m=[35mOrders[0m [36mformat[0m=[35mjson[0m [36mrecord_count[0m=[35m200[0m
2025-09-22 11:02:19,932 - storage.local_storage - INFO - store_processed_records:142 - [2m2025-09-22T05:32:19.932780Z[0m [[32m[1minfo     [0m] [1mSuccessfully stored processed records[0m [[0m[1m[34mstorage.local_storage[0m][0m [36mentity_name[0m=[35mOrders[0m [36mfile_path[0m=[35m./test_output/processed\Orders_20250922_053219.json[0m [36mrecord_count[0m=[35m200[0m
2025-09-22 11:02:19,940 - storage.local_storage - INFO - store_raw_response:83 - [2m2025-09-22T05:32:19.940386Z[0m [[32m[1minfo     [0m] [1mSuccessfully stored raw data  [0m [[0m[1m[34mstorage.local_storage[0m][0m [36mentity_name[0m=[35mOrders[0m [36mfile_path[0m=[35m./test_output/raw\Orders\2025/09/22\05\Orders_page_1.json[0m [36msize_bytes[0m=[35m109621[0m
2025-09-22 11:02:19,941 - httpcore.http11 - DEBUG - atrace:87 - send_request_headers.started request=<Request [b'GET']>
2025-09-22 11:02:19,942 - httpcore.http11 - DEBUG - atrace:87 - send_request_headers.complete
2025-09-22 11:02:19,942 - httpcore.http11 - DEBUG - atrace:87 - send_request_body.started request=<Request [b'GET']>
2025-09-22 11:02:19,942 - httpcore.http11 - DEBUG - atrace:87 - send_request_body.complete
2025-09-22 11:02:19,942 - httpcore.http11 - DEBUG - atrace:87 - receive_response_headers.started request=<Request [b'GET']>
2025-09-22 11:02:20,130 - httpcore.http11 - DEBUG - atrace:87 - receive_response_headers.complete return_value=(b'HTTP/1.1', 200, b'OK', [(b'Content-Length', b'1905'), (b'Content-Type', b'application/json;odata.metadata=minimal;odata.streaming=true;IEEE754Compatible=false;charset=utf-8'), (b'Date', b'Mon, 22 Sep 2025 05:32:21 GMT'), (b'Server', b'Microsoft-IIS/10.0'), (b'Access-Control-Allow-Headers', b'Accept, Origin, Content-Type, MaxDataServiceVersion'), (b'Access-Control-Allow-Methods', b'GET'), (b'Access-Control-Allow-Origin', b'*'), (b'Access-Control-Expose-Headers', b'DataServiceVersion'), (b'Cache-Control', b'private'), (b'Content-Encoding', b'gzip'), (b'Expires', b'Mon, 22 Sep 2025 05:33:21 GMT'), (b'Vary', b'*'), (b'X-Content-Type-Options', b'nosniff'), (b'OData-Version', b'4.0;'), (b'X-AspNet-Version', b'4.0.30319'), (b'X-Powered-By', b'ASP.NET')])
2025-09-22 11:02:20,130 - httpx - INFO - _send_single_request:1740 - HTTP Request: GET https://services.odata.org/V4/Northwind/Northwind.svc/Sales_Totals_by_Amounts?%24skip=0&%24top=1500 "HTTP/1.1 200 OK"
2025-09-22 11:02:20,130 - httpcore.http11 - DEBUG - atrace:87 - receive_response_body.started request=<Request [b'GET']>
2025-09-22 11:02:20,130 - httpcore.http11 - DEBUG - atrace:87 - receive_response_body.complete
2025-09-22 11:02:20,132 - httpcore.http11 - DEBUG - atrace:87 - response_closed.started
2025-09-22 11:02:20,132 - httpcore.http11 - DEBUG - atrace:87 - response_closed.complete
2025-09-22 11:02:20,132 - workers.proxy_pool - INFO - _make_http_request:162 - [2m2025-09-22T05:32:20.132881Z[0m [[32m[1minfo     [0m] [1m📊 Worker successfully fetched data[0m [[0m[1m[34mworkers.proxy_pool[0m][0m [36mcommand_id[0m=[35mSales_Totals_by_Amounts_page_1[0m [36mentity[0m=[35mSales_Totals_by_Amounts[0m [36mhas_next_page[0m=[35mFalse[0m [36mrecords_in_response[0m=[35m66[0m [36mworker_id[0m=[35mworker_1[0m
2025-09-22 11:02:20,132 - workers.proxy_pool - INFO - execute_command:85 - [2m2025-09-22T05:32:20.132881Z[0m [[32m[1minfo     [0m] [1m✅ Worker completed command successfully[0m [[0m[1m[34mworkers.proxy_pool[0m][0m [36mcommand_id[0m=[35mSales_Totals_by_Amounts_page_1[0m [36mentity[0m=[35mSales_Totals_by_Amounts[0m [36mexecution_time_seconds[0m=[35m0.28[0m [36mhas_next_page[0m=[35mFalse[0m [36mrecords_fetched[0m=[35m66[0m [36mworker_id[0m=[35mworker_1[0m
2025-09-22 11:02:20,132 - workers.proxy_pool - INFO - _worker_loop:363 - [2m2025-09-22T05:32:20.132881Z[0m [[32m[1minfo     [0m] [1m📋 Worker picked up command from queue[0m [[0m[1m[34mworkers.proxy_pool[0m][0m [36mcommand_id[0m=[35mCustomers_page_next_1500[0m [36mentity[0m=[35mCustomers[0m [36mqueue_size_after_pickup[0m=[35m12[0m [36mworker_id[0m=[35mworker_1[0m [36mworker_status[0m=[35mPROCESSING[0m
2025-09-22 11:02:20,132 - workers.proxy_pool - INFO - execute_command:51 - [2m2025-09-22T05:32:20.132881Z[0m [[32m[1minfo     [0m] [1m🚀 Worker starting command execution[0m [[0m[1m[34mworkers.proxy_pool[0m][0m [36mcommand_id[0m=[35mCustomers_page_next_1500[0m [36mcommand_type[0m=[35mfetch_page[0m [36mentity[0m=[35mCustomers[0m [36mpriority[0m=[35m1[0m [36mretry_count[0m=[35m0[0m [36mskip[0m=[35m1500[0m [36mtop[0m=[35m1500[0m [36mworker_id[0m=[35mworker_1[0m
2025-09-22 11:02:20,132 - workers.proxy_pool - INFO - execute_command:74 - [2m2025-09-22T05:32:20.132881Z[0m [[32m[1minfo     [0m] [1m🔄 Worker executing request with resilience patterns[0m [[0m[1m[34mworkers.proxy_pool[0m][0m [36mcircuit_breaker_state[0m=[35mclosed[0m [36mcommand_id[0m=[35mCustomers_page_next_1500[0m [36mworker_id[0m=[35mworker_1[0m
2025-09-22 11:02:20,132 - storage.transformer - INFO - transform_odata_response:96 - [2m2025-09-22T05:32:20.132881Z[0m [[32m[1minfo     [0m] [1mTransformation completed      [0m [[0m[1m[34mstorage.transformer[0m][0m [36mentity_name[0m=[35mSales_Totals_by_Amounts[0m [36minput_records[0m=[35m66[0m [36moutput_records[0m=[35m66[0m
2025-09-22 11:02:20,132 - storage.local_storage - INFO - store_processed_records:131 - [2m2025-09-22T05:32:20.132881Z[0m [[32m[1minfo     [0m] [1mStoring processed records     [0m [[0m[1m[34mstorage.local_storage[0m][0m [36mentity_name[0m=[35mSales_Totals_by_Amounts[0m [36mformat[0m=[35mjson[0m [36mrecord_count[0m=[35m66[0m
2025-09-22 11:02:20,132 - storage.local_storage - INFO - store_processed_records:142 - [2m2025-09-22T05:32:20.132881Z[0m [[32m[1minfo     [0m] [1mSuccessfully stored processed records[0m [[0m[1m[34mstorage.local_storage[0m][0m [36mentity_name[0m=[35mSales_Totals_by_Amounts[0m [36mfile_path[0m=[35m./test_output/processed\Sales_Totals_by_Amounts_20250922_053220.json[0m [36mrecord_count[0m=[35m66[0m
2025-09-22 11:02:20,146 - storage.local_storage - INFO - store_raw_response:83 - [2m2025-09-22T05:32:20.146253Z[0m [[32m[1minfo     [0m] [1mSuccessfully stored raw data  [0m [[0m[1m[34mstorage.local_storage[0m][0m [36mentity_name[0m=[35mSales_Totals_by_Amounts[0m [36mfile_path[0m=[35m./test_output/raw\Sales_Totals_by_Amounts\2025/09/22\05\Sales_Totals_by_Amounts_page_1.json[0m [36msize_bytes[0m=[35m11057[0m
2025-09-22 11:02:20,146 - httpcore.http11 - DEBUG - atrace:87 - send_request_headers.started request=<Request [b'GET']>
2025-09-22 11:02:20,148 - httpcore.http11 - DEBUG - atrace:87 - send_request_headers.complete
2025-09-22 11:02:20,148 - httpcore.http11 - DEBUG - atrace:87 - send_request_body.started request=<Request [b'GET']>
2025-09-22 11:02:20,148 - httpcore.http11 - DEBUG - atrace:87 - send_request_body.complete
2025-09-22 11:02:20,148 - httpcore.http11 - DEBUG - atrace:87 - receive_response_headers.started request=<Request [b'GET']>
2025-09-22 11:02:20,205 - httpcore.http11 - DEBUG - atrace:87 - receive_response_headers.complete return_value=(b'HTTP/1.1', 200, b'OK', [(b'Content-Length', b'3492'), (b'Content-Type', b'application/json;odata.metadata=minimal;odata.streaming=true;IEEE754Compatible=false;charset=utf-8'), (b'Date', b'Mon, 22 Sep 2025 05:32:21 GMT'), (b'Server', b'Microsoft-IIS/10.0'), (b'Access-Control-Allow-Headers', b'Accept, Origin, Content-Type, MaxDataServiceVersion'), (b'Access-Control-Allow-Methods', b'GET'), (b'Access-Control-Allow-Origin', b'*'), (b'Access-Control-Expose-Headers', b'DataServiceVersion'), (b'Cache-Control', b'private'), (b'Content-Encoding', b'gzip'), (b'Expires', b'Mon, 22 Sep 2025 05:33:21 GMT'), (b'Vary', b'*'), (b'X-Content-Type-Options', b'nosniff'), (b'OData-Version', b'4.0;'), (b'X-AspNet-Version', b'4.0.30319'), (b'X-Powered-By', b'ASP.NET')])
2025-09-22 11:02:20,205 - httpx - INFO - _send_single_request:1740 - HTTP Request: GET https://services.odata.org/V4/Northwind/Northwind.svc/Suppliers?%24skip=0&%24top=1500 "HTTP/1.1 200 OK"
2025-09-22 11:02:20,205 - httpcore.http11 - DEBUG - atrace:87 - receive_response_body.started request=<Request [b'GET']>
2025-09-22 11:02:20,205 - httpcore.http11 - DEBUG - atrace:87 - receive_response_body.complete
2025-09-22 11:02:20,205 - httpcore.http11 - DEBUG - atrace:87 - response_closed.started
2025-09-22 11:02:20,205 - httpcore.http11 - DEBUG - atrace:87 - response_closed.complete
2025-09-22 11:02:20,205 - workers.proxy_pool - INFO - _make_http_request:162 - [2m2025-09-22T05:32:20.205269Z[0m [[32m[1minfo     [0m] [1m📊 Worker successfully fetched data[0m [[0m[1m[34mworkers.proxy_pool[0m][0m [36mcommand_id[0m=[35mSuppliers_page_1[0m [36mentity[0m=[35mSuppliers[0m [36mhas_next_page[0m=[35mFalse[0m [36mrecords_in_response[0m=[35m29[0m [36mworker_id[0m=[35mworker_2[0m
2025-09-22 11:02:20,205 - workers.proxy_pool - INFO - execute_command:85 - [2m2025-09-22T05:32:20.205269Z[0m [[32m[1minfo     [0m] [1m✅ Worker completed command successfully[0m [[0m[1m[34mworkers.proxy_pool[0m][0m [36mcommand_id[0m=[35mSuppliers_page_1[0m [36mentity[0m=[35mSuppliers[0m [36mexecution_time_seconds[0m=[35m0.28[0m [36mhas_next_page[0m=[35mFalse[0m [36mrecords_fetched[0m=[35m29[0m [36mworker_id[0m=[35mworker_2[0m
2025-09-22 11:02:20,205 - workers.proxy_pool - INFO - _worker_loop:363 - [2m2025-09-22T05:32:20.205269Z[0m [[32m[1minfo     [0m] [1m📋 Worker picked up command from queue[0m [[0m[1m[34mworkers.proxy_pool[0m][0m [36mcommand_id[0m=[35mSummary_of_Sales_by_Quarters_page_next_1500[0m [36mentity[0m=[35mSummary_of_Sales_by_Quarters[0m [36mqueue_size_after_pickup[0m=[35m11[0m [36mworker_id[0m=[35mworker_2[0m [36mworker_status[0m=[35mPROCESSING[0m
2025-09-22 11:02:20,205 - workers.proxy_pool - INFO - execute_command:51 - [2m2025-09-22T05:32:20.205269Z[0m [[32m[1minfo     [0m] [1m🚀 Worker starting command execution[0m [[0m[1m[34mworkers.proxy_pool[0m][0m [36mcommand_id[0m=[35mSummary_of_Sales_by_Quarters_page_next_1500[0m [36mcommand_type[0m=[35mfetch_page[0m [36mentity[0m=[35mSummary_of_Sales_by_Quarters[0m [36mpriority[0m=[35m1[0m [36mretry_count[0m=[35m0[0m [36mskip[0m=[35m1500[0m [36mtop[0m=[35m1500[0m [36mworker_id[0m=[35mworker_2[0m
2025-09-22 11:02:20,205 - workers.proxy_pool - INFO - execute_command:74 - [2m2025-09-22T05:32:20.205269Z[0m [[32m[1minfo     [0m] [1m🔄 Worker executing request with resilience patterns[0m [[0m[1m[34mworkers.proxy_pool[0m][0m [36mcircuit_breaker_state[0m=[35mclosed[0m [36mcommand_id[0m=[35mSummary_of_Sales_by_Quarters_page_next_1500[0m [36mworker_id[0m=[35mworker_2[0m
2025-09-22 11:02:20,205 - storage.transformer - INFO - transform_odata_response:96 - [2m2025-09-22T05:32:20.205269Z[0m [[32m[1minfo     [0m] [1mTransformation completed      [0m [[0m[1m[34mstorage.transformer[0m][0m [36mentity_name[0m=[35mSuppliers[0m [36minput_records[0m=[35m29[0m [36moutput_records[0m=[35m29[0m
2025-09-22 11:02:20,205 - storage.local_storage - INFO - store_processed_records:131 - [2m2025-09-22T05:32:20.205269Z[0m [[32m[1minfo     [0m] [1mStoring processed records     [0m [[0m[1m[34mstorage.local_storage[0m][0m [36mentity_name[0m=[35mSuppliers[0m [36mformat[0m=[35mjson[0m [36mrecord_count[0m=[35m29[0m
2025-09-22 11:02:20,217 - storage.local_storage - INFO - store_processed_records:142 - [2m2025-09-22T05:32:20.217727Z[0m [[32m[1minfo     [0m] [1mSuccessfully stored processed records[0m [[0m[1m[34mstorage.local_storage[0m][0m [36mentity_name[0m=[35mSuppliers[0m [36mfile_path[0m=[35m./test_output/processed\Suppliers_20250922_053220.json[0m [36mrecord_count[0m=[35m29[0m
2025-09-22 11:02:20,223 - storage.local_storage - INFO - store_raw_response:83 - [2m2025-09-22T05:32:20.223220Z[0m [[32m[1minfo     [0m] [1mSuccessfully stored raw data  [0m [[0m[1m[34mstorage.local_storage[0m][0m [36mentity_name[0m=[35mSuppliers[0m [36mfile_path[0m=[35m./test_output/raw\Suppliers\2025/09/22\05\Suppliers_page_1.json[0m [36msize_bytes[0m=[35m12636[0m
2025-09-22 11:02:20,223 - httpcore.http11 - DEBUG - atrace:87 - send_request_headers.started request=<Request [b'GET']>
2025-09-22 11:02:20,223 - httpcore.http11 - DEBUG - atrace:87 - send_request_headers.complete
2025-09-22 11:02:20,223 - httpcore.http11 - DEBUG - atrace:87 - send_request_body.started request=<Request [b'GET']>
2025-09-22 11:02:20,223 - httpcore.http11 - DEBUG - atrace:87 - send_request_body.complete
2025-09-22 11:02:20,223 - httpcore.http11 - DEBUG - atrace:87 - receive_response_headers.started request=<Request [b'GET']>
2025-09-22 11:02:20,402 - httpcore.http11 - DEBUG - atrace:87 - receive_response_headers.complete return_value=(b'HTTP/1.1', 200, b'OK', [(b'Content-Length', b'205'), (b'Content-Type', b'application/json;odata.metadata=minimal;odata.streaming=true;IEEE754Compatible=false;charset=utf-8'), (b'Date', b'Mon, 22 Sep 2025 05:32:21 GMT'), (b'Server', b'Microsoft-IIS/10.0'), (b'Access-Control-Allow-Headers', b'Accept, Origin, Content-Type, MaxDataServiceVersion'), (b'Access-Control-Allow-Methods', b'GET'), (b'Access-Control-Allow-Origin', b'*'), (b'Access-Control-Expose-Headers', b'DataServiceVersion'), (b'Cache-Control', b'private'), (b'Content-Encoding', b'gzip'), (b'Expires', b'Mon, 22 Sep 2025 05:33:22 GMT'), (b'Vary', b'*'), (b'X-Content-Type-Options', b'nosniff'), (b'OData-Version', b'4.0;'), (b'X-AspNet-Version', b'4.0.30319'), (b'X-Powered-By', b'ASP.NET')])
2025-09-22 11:02:20,402 - httpx - INFO - _send_single_request:1740 - HTTP Request: GET https://services.odata.org/V4/Northwind/Northwind.svc/Customers?%24skip=1500&%24top=1500 "HTTP/1.1 200 OK"
2025-09-22 11:02:20,403 - httpcore.http11 - DEBUG - atrace:87 - receive_response_body.started request=<Request [b'GET']>
2025-09-22 11:02:20,403 - httpcore.http11 - DEBUG - atrace:87 - receive_response_body.complete
2025-09-22 11:02:20,403 - httpcore.http11 - DEBUG - atrace:87 - response_closed.started
2025-09-22 11:02:20,403 - httpcore.http11 - DEBUG - atrace:87 - response_closed.complete
2025-09-22 11:02:20,403 - workers.proxy_pool - INFO - _make_http_request:162 - [2m2025-09-22T05:32:20.403942Z[0m [[32m[1minfo     [0m] [1m📊 Worker successfully fetched data[0m [[0m[1m[34mworkers.proxy_pool[0m][0m [36mcommand_id[0m=[35mCustomers_page_next_1500[0m [36mentity[0m=[35mCustomers[0m [36mhas_next_page[0m=[35mFalse[0m [36mrecords_in_response[0m=[35m0[0m [36mworker_id[0m=[35mworker_1[0m
2025-09-22 11:02:20,403 - workers.proxy_pool - INFO - execute_command:85 - [2m2025-09-22T05:32:20.403942Z[0m [[32m[1minfo     [0m] [1m✅ Worker completed command successfully[0m [[0m[1m[34mworkers.proxy_pool[0m][0m [36mcommand_id[0m=[35mCustomers_page_next_1500[0m [36mentity[0m=[35mCustomers[0m [36mexecution_time_seconds[0m=[35m0.28[0m [36mhas_next_page[0m=[35mFalse[0m [36mrecords_fetched[0m=[35m0[0m [36mworker_id[0m=[35mworker_1[0m
2025-09-22 11:02:20,403 - workers.proxy_pool - INFO - _worker_loop:363 - [2m2025-09-22T05:32:20.403942Z[0m [[32m[1minfo     [0m] [1m📋 Worker picked up command from queue[0m [[0m[1m[34mworkers.proxy_pool[0m][0m [36mcommand_id[0m=[35mOrder_Subtotals_page_next_1500[0m [36mentity[0m=[35mOrder_Subtotals[0m [36mqueue_size_after_pickup[0m=[35m10[0m [36mworker_id[0m=[35mworker_1[0m [36mworker_status[0m=[35mPROCESSING[0m
2025-09-22 11:02:20,403 - workers.proxy_pool - INFO - execute_command:51 - [2m2025-09-22T05:32:20.403942Z[0m [[32m[1minfo     [0m] [1m🚀 Worker starting command execution[0m [[0m[1m[34mworkers.proxy_pool[0m][0m [36mcommand_id[0m=[35mOrder_Subtotals_page_next_1500[0m [36mcommand_type[0m=[35mfetch_page[0m [36mentity[0m=[35mOrder_Subtotals[0m [36mpriority[0m=[35m1[0m [36mretry_count[0m=[35m0[0m [36mskip[0m=[35m1500[0m [36mtop[0m=[35m1500[0m [36mworker_id[0m=[35mworker_1[0m
2025-09-22 11:02:20,406 - workers.proxy_pool - INFO - execute_command:74 - [2m2025-09-22T05:32:20.406692Z[0m [[32m[1minfo     [0m] [1m🔄 Worker executing request with resilience patterns[0m [[0m[1m[34mworkers.proxy_pool[0m][0m [36mcircuit_breaker_state[0m=[35mclosed[0m [36mcommand_id[0m=[35mOrder_Subtotals_page_next_1500[0m [36mworker_id[0m=[35mworker_1[0m
2025-09-22 11:02:20,406 - storage.transformer - WARNING - transform_odata_response:67 - [2m2025-09-22T05:32:20.406692Z[0m [[33m[1mwarning  [0m] [1mNo records found in response  [0m [[0m[1m[34mstorage.transformer[0m][0m [36mentity_name[0m=[35mCustomers[0m
2025-09-22 11:02:20,406 - httpcore.http11 - DEBUG - atrace:87 - send_request_headers.started request=<Request [b'GET']>
2025-09-22 11:02:20,406 - httpcore.http11 - DEBUG - atrace:87 - send_request_headers.complete
2025-09-22 11:02:20,406 - httpcore.http11 - DEBUG - atrace:87 - send_request_body.started request=<Request [b'GET']>
2025-09-22 11:02:20,406 - httpcore.http11 - DEBUG - atrace:87 - send_request_body.complete
2025-09-22 11:02:20,406 - httpcore.http11 - DEBUG - atrace:87 - receive_response_headers.started request=<Request [b'GET']>
2025-09-22 11:02:20,475 - httpcore.http11 - DEBUG - atrace:87 - receive_response_headers.complete return_value=(b'HTTP/1.1', 200, b'OK', [(b'Content-Length', b'226'), (b'Content-Type', b'application/json;odata.metadata=minimal;odata.streaming=true;IEEE754Compatible=false;charset=utf-8'), (b'Date', b'Mon, 22 Sep 2025 05:32:21 GMT'), (b'Server', b'Microsoft-IIS/10.0'), (b'Access-Control-Allow-Headers', b'Accept, Origin, Content-Type, MaxDataServiceVersion'), (b'Access-Control-Allow-Methods', b'GET'), (b'Access-Control-Allow-Origin', b'*'), (b'Access-Control-Expose-Headers', b'DataServiceVersion'), (b'Cache-Control', b'private'), (b'Content-Encoding', b'gzip'), (b'Expires', b'Mon, 22 Sep 2025 05:33:22 GMT'), (b'Vary', b'*'), (b'X-Content-Type-Options', b'nosniff'), (b'OData-Version', b'4.0;'), (b'X-AspNet-Version', b'4.0.30319'), (b'X-Powered-By', b'ASP.NET')])
2025-09-22 11:02:20,475 - httpx - INFO - _send_single_request:1740 - HTTP Request: GET https://services.odata.org/V4/Northwind/Northwind.svc/Summary_of_Sales_by_Quarters?%24skip=1500&%24top=1500 "HTTP/1.1 200 OK"
2025-09-22 11:02:20,475 - httpcore.http11 - DEBUG - atrace:87 - receive_response_body.started request=<Request [b'GET']>
2025-09-22 11:02:20,475 - httpcore.http11 - DEBUG - atrace:87 - receive_response_body.complete
2025-09-22 11:02:20,475 - httpcore.http11 - DEBUG - atrace:87 - response_closed.started
2025-09-22 11:02:20,475 - httpcore.http11 - DEBUG - atrace:87 - response_closed.complete
2025-09-22 11:02:20,475 - workers.proxy_pool - INFO - _make_http_request:162 - [2m2025-09-22T05:32:20.475266Z[0m [[32m[1minfo     [0m] [1m📊 Worker successfully fetched data[0m [[0m[1m[34mworkers.proxy_pool[0m][0m [36mcommand_id[0m=[35mSummary_of_Sales_by_Quarters_page_next_1500[0m [36mentity[0m=[35mSummary_of_Sales_by_Quarters[0m [36mhas_next_page[0m=[35mFalse[0m [36mrecords_in_response[0m=[35m0[0m [36mworker_id[0m=[35mworker_2[0m
2025-09-22 11:02:20,475 - workers.proxy_pool - INFO - execute_command:85 - [2m2025-09-22T05:32:20.475266Z[0m [[32m[1minfo     [0m] [1m✅ Worker completed command successfully[0m [[0m[1m[34mworkers.proxy_pool[0m][0m [36mcommand_id[0m=[35mSummary_of_Sales_by_Quarters_page_next_1500[0m [36mentity[0m=[35mSummary_of_Sales_by_Quarters[0m [36mexecution_time_seconds[0m=[35m0.27[0m [36mhas_next_page[0m=[35mFalse[0m [36mrecords_fetched[0m=[35m0[0m [36mworker_id[0m=[35mworker_2[0m
2025-09-22 11:02:20,475 - workers.proxy_pool - INFO - _worker_loop:363 - [2m2025-09-22T05:32:20.475266Z[0m [[32m[1minfo     [0m] [1m📋 Worker picked up command from queue[0m [[0m[1m[34mworkers.proxy_pool[0m][0m [36mcommand_id[0m=[35mCustomer_and_Suppliers_by_Cities_page_next_1500[0m [36mentity[0m=[35mCustomer_and_Suppliers_by_Cities[0m [36mqueue_size_after_pickup[0m=[35m9[0m [36mworker_id[0m=[35mworker_2[0m [36mworker_status[0m=[35mPROCESSING[0m
2025-09-22 11:02:20,475 - workers.proxy_pool - INFO - execute_command:51 - [2m2025-09-22T05:32:20.475266Z[0m [[32m[1minfo     [0m] [1m🚀 Worker starting command execution[0m [[0m[1m[34mworkers.proxy_pool[0m][0m [36mcommand_id[0m=[35mCustomer_and_Suppliers_by_Cities_page_next_1500[0m [36mcommand_type[0m=[35mfetch_page[0m [36mentity[0m=[35mCustomer_and_Suppliers_by_Cities[0m [36mpriority[0m=[35m1[0m [36mretry_count[0m=[35m0[0m [36mskip[0m=[35m1500[0m [36mtop[0m=[35m1500[0m [36mworker_id[0m=[35mworker_2[0m
2025-09-22 11:02:20,475 - workers.proxy_pool - INFO - execute_command:74 - [2m2025-09-22T05:32:20.475266Z[0m [[32m[1minfo     [0m] [1m🔄 Worker executing request with resilience patterns[0m [[0m[1m[34mworkers.proxy_pool[0m][0m [36mcircuit_breaker_state[0m=[35mclosed[0m [36mcommand_id[0m=[35mCustomer_and_Suppliers_by_Cities_page_next_1500[0m [36mworker_id[0m=[35mworker_2[0m
2025-09-22 11:02:20,475 - storage.transformer - WARNING - transform_odata_response:67 - [2m2025-09-22T05:32:20.475266Z[0m [[33m[1mwarning  [0m] [1mNo records found in response  [0m [[0m[1m[34mstorage.transformer[0m][0m [36mentity_name[0m=[35mSummary_of_Sales_by_Quarters[0m
2025-09-22 11:02:20,475 - httpcore.http11 - DEBUG - atrace:87 - send_request_headers.started request=<Request [b'GET']>
2025-09-22 11:02:20,475 - httpcore.http11 - DEBUG - atrace:87 - send_request_headers.complete
2025-09-22 11:02:20,475 - httpcore.http11 - DEBUG - atrace:87 - send_request_body.started request=<Request [b'GET']>
2025-09-22 11:02:20,475 - httpcore.http11 - DEBUG - atrace:87 - send_request_body.complete
2025-09-22 11:02:20,475 - httpcore.http11 - DEBUG - atrace:87 - receive_response_headers.started request=<Request [b'GET']>
2025-09-22 11:02:20,640 - httpcore.http11 - DEBUG - atrace:87 - receive_response_headers.complete return_value=(b'HTTP/1.1', 200, b'OK', [(b'Content-Length', b'1436'), (b'Content-Type', b'application/json;odata.metadata=minimal;odata.streaming=true;IEEE754Compatible=false;charset=utf-8'), (b'Date', b'Mon, 22 Sep 2025 05:32:21 GMT'), (b'Server', b'Microsoft-IIS/10.0'), (b'Access-Control-Allow-Headers', b'Accept, Origin, Content-Type, MaxDataServiceVersion'), (b'Access-Control-Allow-Methods', b'GET'), (b'Access-Control-Allow-Origin', b'*'), (b'Access-Control-Expose-Headers', b'DataServiceVersion'), (b'Cache-Control', b'private'), (b'Content-Encoding', b'gzip'), (b'Expires', b'Mon, 22 Sep 2025 05:33:21 GMT'), (b'Vary', b'*'), (b'X-Content-Type-Options', b'nosniff'), (b'OData-Version', b'4.0;'), (b'X-AspNet-Version', b'4.0.30319'), (b'X-Powered-By', b'ASP.NET')])
2025-09-22 11:02:20,641 - httpx - INFO - _send_single_request:1740 - HTTP Request: GET https://services.odata.org/V4/Northwind/Northwind.svc/Products?%24skip=0&%24top=1500 "HTTP/1.1 200 OK"
2025-09-22 11:02:20,642 - httpcore.http11 - DEBUG - atrace:87 - receive_response_body.started request=<Request [b'GET']>
2025-09-22 11:02:20,642 - httpcore.http11 - DEBUG - atrace:87 - receive_response_body.complete
2025-09-22 11:02:20,642 - httpcore.http11 - DEBUG - atrace:87 - response_closed.started
2025-09-22 11:02:20,642 - httpcore.http11 - DEBUG - atrace:87 - response_closed.complete
2025-09-22 11:02:20,643 - workers.proxy_pool - INFO - _make_http_request:162 - [2m2025-09-22T05:32:20.643524Z[0m [[32m[1minfo     [0m] [1m📊 Worker successfully fetched data[0m [[0m[1m[34mworkers.proxy_pool[0m][0m [36mcommand_id[0m=[35mProducts_page_1[0m [36mentity[0m=[35mProducts[0m [36mhas_next_page[0m=[35mTrue[0m [36mrecords_in_response[0m=[35m20[0m [36mworker_id[0m=[35mworker_0[0m
2025-09-22 11:02:20,644 - workers.proxy_pool - INFO - execute_command:85 - [2m2025-09-22T05:32:20.644932Z[0m [[32m[1minfo     [0m] [1m✅ Worker completed command successfully[0m [[0m[1m[34mworkers.proxy_pool[0m][0m [36mcommand_id[0m=[35mProducts_page_1[0m [36mentity[0m=[35mProducts[0m [36mexecution_time_seconds[0m=[35m1.31[0m [36mhas_next_page[0m=[35mTrue[0m [36mrecords_fetched[0m=[35m20[0m [36mworker_id[0m=[35mworker_0[0m
2025-09-22 11:02:20,646 - workers.proxy_pool - INFO - _worker_loop:363 - [2m2025-09-22T05:32:20.646130Z[0m [[32m[1minfo     [0m] [1m📋 Worker picked up command from queue[0m [[0m[1m[34mworkers.proxy_pool[0m][0m [36mcommand_id[0m=[35mInvoices_page_next_1500[0m [36mentity[0m=[35mInvoices[0m [36mqueue_size_after_pickup[0m=[35m8[0m [36mworker_id[0m=[35mworker_0[0m [36mworker_status[0m=[35mPROCESSING[0m
2025-09-22 11:02:20,647 - workers.proxy_pool - INFO - execute_command:51 - [2m2025-09-22T05:32:20.647456Z[0m [[32m[1minfo     [0m] [1m🚀 Worker starting command execution[0m [[0m[1m[34mworkers.proxy_pool[0m][0m [36mcommand_id[0m=[35mInvoices_page_next_1500[0m [36mcommand_type[0m=[35mfetch_page[0m [36mentity[0m=[35mInvoices[0m [36mpriority[0m=[35m1[0m [36mretry_count[0m=[35m0[0m [36mskip[0m=[35m1500[0m [36mtop[0m=[35m1500[0m [36mworker_id[0m=[35mworker_0[0m
2025-09-22 11:02:20,648 - workers.proxy_pool - INFO - execute_command:74 - [2m2025-09-22T05:32:20.648227Z[0m [[32m[1minfo     [0m] [1m🔄 Worker executing request with resilience patterns[0m [[0m[1m[34mworkers.proxy_pool[0m][0m [36mcircuit_breaker_state[0m=[35mclosed[0m [36mcommand_id[0m=[35mInvoices_page_next_1500[0m [36mworker_id[0m=[35mworker_0[0m
2025-09-22 11:02:20,651 - storage.transformer - INFO - transform_odata_response:96 - [2m2025-09-22T05:32:20.650724Z[0m [[32m[1minfo     [0m] [1mTransformation completed      [0m [[0m[1m[34mstorage.transformer[0m][0m [36mentity_name[0m=[35mProducts[0m [36minput_records[0m=[35m20[0m [36moutput_records[0m=[35m20[0m
2025-09-22 11:02:20,651 - storage.local_storage - INFO - store_processed_records:131 - [2m2025-09-22T05:32:20.651863Z[0m [[32m[1minfo     [0m] [1mStoring processed records     [0m [[0m[1m[34mstorage.local_storage[0m][0m [36mentity_name[0m=[35mProducts[0m [36mformat[0m=[35mjson[0m [36mrecord_count[0m=[35m20[0m
2025-09-22 11:02:20,656 - storage.local_storage - INFO - store_processed_records:142 - [2m2025-09-22T05:32:20.655879Z[0m [[32m[1minfo     [0m] [1mSuccessfully stored processed records[0m [[0m[1m[34mstorage.local_storage[0m][0m [36mentity_name[0m=[35mProducts[0m [36mfile_path[0m=[35m./test_output/processed\Products_20250922_053220.json[0m [36mrecord_count[0m=[35m20[0m
2025-09-22 11:02:20,664 - storage.local_storage - INFO - store_raw_response:83 - [2m2025-09-22T05:32:20.664988Z[0m [[32m[1minfo     [0m] [1mSuccessfully stored raw data  [0m [[0m[1m[34mstorage.local_storage[0m][0m [36mentity_name[0m=[35mProducts[0m [36mfile_path[0m=[35m./test_output/raw\Products\2025/09/22\05\Products_page_1.json[0m [36msize_bytes[0m=[35m7448[0m
2025-09-22 11:02:20,665 - httpcore.http11 - DEBUG - atrace:87 - send_request_headers.started request=<Request [b'GET']>
2025-09-22 11:02:20,667 - httpcore.http11 - DEBUG - atrace:87 - send_request_headers.complete
2025-09-22 11:02:20,668 - httpcore.http11 - DEBUG - atrace:87 - send_request_body.started request=<Request [b'GET']>
2025-09-22 11:02:20,668 - httpcore.http11 - DEBUG - atrace:87 - send_request_body.complete
2025-09-22 11:02:20,668 - httpcore.http11 - DEBUG - atrace:87 - receive_response_headers.started request=<Request [b'GET']>
2025-09-22 11:02:20,670 - httpcore.http11 - DEBUG - atrace:87 - receive_response_headers.complete return_value=(b'HTTP/1.1', 200, b'OK', [(b'Content-Length', b'212'), (b'Content-Type', b'application/json;odata.metadata=minimal;odata.streaming=true;IEEE754Compatible=false;charset=utf-8'), (b'Date', b'Mon, 22 Sep 2025 05:32:21 GMT'), (b'Server', b'Microsoft-IIS/10.0'), (b'Access-Control-Allow-Headers', b'Accept, Origin, Content-Type, MaxDataServiceVersion'), (b'Access-Control-Allow-Methods', b'GET'), (b'Access-Control-Allow-Origin', b'*'), (b'Access-Control-Expose-Headers', b'DataServiceVersion'), (b'Cache-Control', b'private'), (b'Content-Encoding', b'gzip'), (b'Expires', b'Mon, 22 Sep 2025 05:33:22 GMT'), (b'Vary', b'*'), (b'X-Content-Type-Options', b'nosniff'), (b'OData-Version', b'4.0;'), (b'X-AspNet-Version', b'4.0.30319'), (b'X-Powered-By', b'ASP.NET')])
2025-09-22 11:02:20,671 - httpx - INFO - _send_single_request:1740 - HTTP Request: GET https://services.odata.org/V4/Northwind/Northwind.svc/Order_Subtotals?%24skip=1500&%24top=1500 "HTTP/1.1 200 OK"
2025-09-22 11:02:20,672 - httpcore.http11 - DEBUG - atrace:87 - receive_response_body.started request=<Request [b'GET']>
2025-09-22 11:02:20,672 - httpcore.http11 - DEBUG - atrace:87 - receive_response_body.complete
2025-09-22 11:02:20,672 - httpcore.http11 - DEBUG - atrace:87 - response_closed.started
2025-09-22 11:02:20,672 - httpcore.http11 - DEBUG - atrace:87 - response_closed.complete
2025-09-22 11:02:20,673 - workers.proxy_pool - INFO - _make_http_request:162 - [2m2025-09-22T05:32:20.673168Z[0m [[32m[1minfo     [0m] [1m📊 Worker successfully fetched data[0m [[0m[1m[34mworkers.proxy_pool[0m][0m [36mcommand_id[0m=[35mOrder_Subtotals_page_next_1500[0m [36mentity[0m=[35mOrder_Subtotals[0m [36mhas_next_page[0m=[35mFalse[0m [36mrecords_in_response[0m=[35m0[0m [36mworker_id[0m=[35mworker_1[0m
2025-09-22 11:02:20,674 - workers.proxy_pool - INFO - execute_command:85 - [2m2025-09-22T05:32:20.674036Z[0m [[32m[1minfo     [0m] [1m✅ Worker completed command successfully[0m [[0m[1m[34mworkers.proxy_pool[0m][0m [36mcommand_id[0m=[35mOrder_Subtotals_page_next_1500[0m [36mentity[0m=[35mOrder_Subtotals[0m [36mexecution_time_seconds[0m=[35m0.27[0m [36mhas_next_page[0m=[35mFalse[0m [36mrecords_fetched[0m=[35m0[0m [36mworker_id[0m=[35mworker_1[0m
2025-09-22 11:02:20,675 - workers.proxy_pool - INFO - _worker_loop:363 - [2m2025-09-22T05:32:20.675316Z[0m [[32m[1minfo     [0m] [1m📋 Worker picked up command from queue[0m [[0m[1m[34mworkers.proxy_pool[0m][0m [36mcommand_id[0m=[35mInvoices_page_next_3000[0m [36mentity[0m=[35mInvoices[0m [36mqueue_size_after_pickup[0m=[35m8[0m [36mworker_id[0m=[35mworker_1[0m [36mworker_status[0m=[35mPROCESSING[0m
2025-09-22 11:02:20,676 - workers.proxy_pool - INFO - execute_command:51 - [2m2025-09-22T05:32:20.676150Z[0m [[32m[1minfo     [0m] [1m🚀 Worker starting command execution[0m [[0m[1m[34mworkers.proxy_pool[0m][0m [36mcommand_id[0m=[35mInvoices_page_next_3000[0m [36mcommand_type[0m=[35mfetch_page[0m [36mentity[0m=[35mInvoices[0m [36mpriority[0m=[35m1[0m [36mretry_count[0m=[35m0[0m [36mskip[0m=[35m3000[0m [36mtop[0m=[35m1500[0m [36mworker_id[0m=[35mworker_1[0m
2025-09-22 11:02:20,678 - workers.proxy_pool - INFO - execute_command:74 - [2m2025-09-22T05:32:20.677525Z[0m [[32m[1minfo     [0m] [1m🔄 Worker executing request with resilience patterns[0m [[0m[1m[34mworkers.proxy_pool[0m][0m [36mcircuit_breaker_state[0m=[35mclosed[0m [36mcommand_id[0m=[35mInvoices_page_next_3000[0m [36mworker_id[0m=[35mworker_1[0m
2025-09-22 11:02:20,679 - storage.transformer - WARNING - transform_odata_response:67 - [2m2025-09-22T05:32:20.679224Z[0m [[33m[1mwarning  [0m] [1mNo records found in response  [0m [[0m[1m[34mstorage.transformer[0m][0m [36mentity_name[0m=[35mOrder_Subtotals[0m
2025-09-22 11:02:20,680 - httpcore.http11 - DEBUG - atrace:87 - send_request_headers.started request=<Request [b'GET']>
2025-09-22 11:02:20,680 - httpcore.http11 - DEBUG - atrace:87 - send_request_headers.complete
2025-09-22 11:02:20,680 - httpcore.http11 - DEBUG - atrace:87 - send_request_body.started request=<Request [b'GET']>
2025-09-22 11:02:20,680 - httpcore.http11 - DEBUG - atrace:87 - send_request_body.complete
2025-09-22 11:02:20,680 - httpcore.http11 - DEBUG - atrace:87 - receive_response_headers.started request=<Request [b'GET']>
2025-09-22 11:02:20,729 - httpcore.http11 - DEBUG - atrace:87 - receive_response_headers.complete return_value=(b'HTTP/1.1', 200, b'OK', [(b'Content-Length', b'228'), (b'Content-Type', b'application/json;odata.metadata=minimal;odata.streaming=true;IEEE754Compatible=false;charset=utf-8'), (b'Date', b'Mon, 22 Sep 2025 05:32:21 GMT'), (b'Server', b'Microsoft-IIS/10.0'), (b'Access-Control-Allow-Headers', b'Accept, Origin, Content-Type, MaxDataServiceVersion'), (b'Access-Control-Allow-Methods', b'GET'), (b'Access-Control-Allow-Origin', b'*'), (b'Access-Control-Expose-Headers', b'DataServiceVersion'), (b'Cache-Control', b'private'), (b'Content-Encoding', b'gzip'), (b'Expires', b'Mon, 22 Sep 2025 05:33:22 GMT'), (b'Vary', b'*'), (b'X-Content-Type-Options', b'nosniff'), (b'OData-Version', b'4.0;'), (b'X-AspNet-Version', b'4.0.30319'), (b'X-Powered-By', b'ASP.NET')])
2025-09-22 11:02:20,729 - httpx - INFO - _send_single_request:1740 - HTTP Request: GET https://services.odata.org/V4/Northwind/Northwind.svc/Customer_and_Suppliers_by_Cities?%24skip=1500&%24top=1500 "HTTP/1.1 200 OK"
2025-09-22 11:02:20,730 - httpcore.http11 - DEBUG - atrace:87 - receive_response_body.started request=<Request [b'GET']>
2025-09-22 11:02:20,731 - httpcore.http11 - DEBUG - atrace:87 - receive_response_body.complete
2025-09-22 11:02:20,731 - httpcore.http11 - DEBUG - atrace:87 - response_closed.started
2025-09-22 11:02:20,731 - httpcore.http11 - DEBUG - atrace:87 - response_closed.complete
2025-09-22 11:02:20,731 - workers.proxy_pool - INFO - _make_http_request:162 - [2m2025-09-22T05:32:20.731070Z[0m [[32m[1minfo     [0m] [1m📊 Worker successfully fetched data[0m [[0m[1m[34mworkers.proxy_pool[0m][0m [36mcommand_id[0m=[35mCustomer_and_Suppliers_by_Cities_page_next_1500[0m [36mentity[0m=[35mCustomer_and_Suppliers_by_Cities[0m [36mhas_next_page[0m=[35mFalse[0m [36mrecords_in_response[0m=[35m0[0m [36mworker_id[0m=[35mworker_2[0m
2025-09-22 11:02:20,731 - workers.proxy_pool - INFO - execute_command:85 - [2m2025-09-22T05:32:20.731704Z[0m [[32m[1minfo     [0m] [1m✅ Worker completed command successfully[0m [[0m[1m[34mworkers.proxy_pool[0m][0m [36mcommand_id[0m=[35mCustomer_and_Suppliers_by_Cities_page_next_1500[0m [36mentity[0m=[35mCustomer_and_Suppliers_by_Cities[0m [36mexecution_time_seconds[0m=[35m0.27[0m [36mhas_next_page[0m=[35mFalse[0m [36mrecords_fetched[0m=[35m0[0m [36mworker_id[0m=[35mworker_2[0m
2025-09-22 11:02:20,732 - workers.proxy_pool - INFO - _worker_loop:363 - [2m2025-09-22T05:32:20.732324Z[0m [[32m[1minfo     [0m] [1m📋 Worker picked up command from queue[0m [[0m[1m[34mworkers.proxy_pool[0m][0m [36mcommand_id[0m=[35mSummary_of_Sales_by_Years_page_next_1500[0m [36mentity[0m=[35mSummary_of_Sales_by_Years[0m [36mqueue_size_after_pickup[0m=[35m7[0m [36mworker_id[0m=[35mworker_2[0m [36mworker_status[0m=[35mPROCESSING[0m
2025-09-22 11:02:20,732 - workers.proxy_pool - INFO - execute_command:51 - [2m2025-09-22T05:32:20.732324Z[0m [[32m[1minfo     [0m] [1m🚀 Worker starting command execution[0m [[0m[1m[34mworkers.proxy_pool[0m][0m [36mcommand_id[0m=[35mSummary_of_Sales_by_Years_page_next_1500[0m [36mcommand_type[0m=[35mfetch_page[0m [36mentity[0m=[35mSummary_of_Sales_by_Years[0m [36mpriority[0m=[35m1[0m [36mretry_count[0m=[35m0[0m [36mskip[0m=[35m1500[0m [36mtop[0m=[35m1500[0m [36mworker_id[0m=[35mworker_2[0m
2025-09-22 11:02:20,732 - workers.proxy_pool - INFO - execute_command:74 - [2m2025-09-22T05:32:20.732900Z[0m [[32m[1minfo     [0m] [1m🔄 Worker executing request with resilience patterns[0m [[0m[1m[34mworkers.proxy_pool[0m][0m [36mcircuit_breaker_state[0m=[35mclosed[0m [36mcommand_id[0m=[35mSummary_of_Sales_by_Years_page_next_1500[0m [36mworker_id[0m=[35mworker_2[0m
2025-09-22 11:02:20,734 - storage.transformer - WARNING - transform_odata_response:67 - [2m2025-09-22T05:32:20.733813Z[0m [[33m[1mwarning  [0m] [1mNo records found in response  [0m [[0m[1m[34mstorage.transformer[0m][0m [36mentity_name[0m=[35mCustomer_and_Suppliers_by_Cities[0m
2025-09-22 11:02:20,735 - httpcore.http11 - DEBUG - atrace:87 - send_request_headers.started request=<Request [b'GET']>
2025-09-22 11:02:20,736 - httpcore.http11 - DEBUG - atrace:87 - send_request_headers.complete
2025-09-22 11:02:20,736 - httpcore.http11 - DEBUG - atrace:87 - send_request_body.started request=<Request [b'GET']>
2025-09-22 11:02:20,736 - httpcore.http11 - DEBUG - atrace:87 - send_request_body.complete
2025-09-22 11:02:20,736 - httpcore.http11 - DEBUG - atrace:87 - receive_response_headers.started request=<Request [b'GET']>
2025-09-22 11:02:20,918 - httpcore.http11 - DEBUG - atrace:87 - receive_response_headers.complete return_value=(b'HTTP/1.1', 200, b'OK', [(b'Content-Length', b'37481'), (b'Content-Type', b'application/json;odata.metadata=minimal;odata.streaming=true;IEEE754Compatible=false;charset=utf-8'), (b'Date', b'Mon, 22 Sep 2025 05:32:22 GMT'), (b'Server', b'Microsoft-IIS/10.0'), (b'Access-Control-Allow-Headers', b'Accept, Origin, Content-Type, MaxDataServiceVersion'), (b'Access-Control-Allow-Methods', b'GET'), (b'Access-Control-Allow-Origin', b'*'), (b'Access-Control-Expose-Headers', b'DataServiceVersion'), (b'Cache-Control', b'private'), (b'Content-Encoding', b'gzip'), (b'Expires', b'Mon, 22 Sep 2025 05:33:19 GMT'), (b'Vary', b'*'), (b'X-Content-Type-Options', b'nosniff'), (b'OData-Version', b'4.0;'), (b'X-AspNet-Version', b'4.0.30319'), (b'X-Powered-By', b'ASP.NET')])
2025-09-22 11:02:20,919 - httpx - INFO - _send_single_request:1740 - HTTP Request: GET https://services.odata.org/V4/Northwind/Northwind.svc/Invoices?%24skip=1500&%24top=1500 "HTTP/1.1 200 OK"
2025-09-22 11:02:20,919 - httpcore.http11 - DEBUG - atrace:87 - receive_response_body.started request=<Request [b'GET']>
2025-09-22 11:02:20,919 - httpcore.http11 - DEBUG - atrace:87 - receive_response_body.complete
2025-09-22 11:02:20,919 - httpcore.http11 - DEBUG - atrace:87 - response_closed.started
2025-09-22 11:02:20,919 - httpcore.http11 - DEBUG - atrace:87 - response_closed.complete
2025-09-22 11:02:20,921 - workers.proxy_pool - INFO - _make_http_request:162 - [2m2025-09-22T05:32:20.921693Z[0m [[32m[1minfo     [0m] [1m📊 Worker successfully fetched data[0m [[0m[1m[34mworkers.proxy_pool[0m][0m [36mcommand_id[0m=[35mInvoices_page_next_1500[0m [36mentity[0m=[35mInvoices[0m [36mhas_next_page[0m=[35mTrue[0m [36mrecords_in_response[0m=[35m500[0m [36mworker_id[0m=[35mworker_0[0m
2025-09-22 11:02:20,923 - workers.proxy_pool - INFO - execute_command:85 - [2m2025-09-22T05:32:20.923710Z[0m [[32m[1minfo     [0m] [1m✅ Worker completed command successfully[0m [[0m[1m[34mworkers.proxy_pool[0m][0m [36mcommand_id[0m=[35mInvoices_page_next_1500[0m [36mentity[0m=[35mInvoices[0m [36mexecution_time_seconds[0m=[35m0.28[0m [36mhas_next_page[0m=[35mTrue[0m [36mrecords_fetched[0m=[35m500[0m [36mworker_id[0m=[35mworker_0[0m
2025-09-22 11:02:20,923 - workers.proxy_pool - INFO - _worker_loop:363 - [2m2025-09-22T05:32:20.923710Z[0m [[32m[1minfo     [0m] [1m📋 Worker picked up command from queue[0m [[0m[1m[34mworkers.proxy_pool[0m][0m [36mcommand_id[0m=[35mOrder_Details_page_next_1500[0m [36mentity[0m=[35mOrder_Details[0m [36mqueue_size_after_pickup[0m=[35m6[0m [36mworker_id[0m=[35mworker_0[0m [36mworker_status[0m=[35mPROCESSING[0m
2025-09-22 11:02:20,924 - workers.proxy_pool - INFO - execute_command:51 - [2m2025-09-22T05:32:20.924724Z[0m [[32m[1minfo     [0m] [1m🚀 Worker starting command execution[0m [[0m[1m[34mworkers.proxy_pool[0m][0m [36mcommand_id[0m=[35mOrder_Details_page_next_1500[0m [36mcommand_type[0m=[35mfetch_page[0m [36mentity[0m=[35mOrder_Details[0m [36mpriority[0m=[35m1[0m [36mretry_count[0m=[35m0[0m [36mskip[0m=[35m1500[0m [36mtop[0m=[35m1500[0m [36mworker_id[0m=[35mworker_0[0m
2025-09-22 11:02:20,925 - workers.proxy_pool - INFO - execute_command:74 - [2m2025-09-22T05:32:20.925081Z[0m [[32m[1minfo     [0m] [1m🔄 Worker executing request with resilience patterns[0m [[0m[1m[34mworkers.proxy_pool[0m][0m [36mcircuit_breaker_state[0m=[35mclosed[0m [36mcommand_id[0m=[35mOrder_Details_page_next_1500[0m [36mworker_id[0m=[35mworker_0[0m
2025-09-22 11:02:20,937 - storage.transformer - INFO - transform_odata_response:96 - [2m2025-09-22T05:32:20.937113Z[0m [[32m[1minfo     [0m] [1mTransformation completed      [0m [[0m[1m[34mstorage.transformer[0m][0m [36mentity_name[0m=[35mInvoices[0m [36minput_records[0m=[35m500[0m [36moutput_records[0m=[35m500[0m
2025-09-22 11:02:20,937 - storage.local_storage - INFO - store_processed_records:131 - [2m2025-09-22T05:32:20.937113Z[0m [[32m[1minfo     [0m] [1mStoring processed records     [0m [[0m[1m[34mstorage.local_storage[0m][0m [36mentity_name[0m=[35mInvoices[0m [36mformat[0m=[35mjson[0m [36mrecord_count[0m=[35m500[0m
2025-09-22 11:02:20,941 - storage.local_storage - INFO - store_processed_records:142 - [2m2025-09-22T05:32:20.941626Z[0m [[32m[1minfo     [0m] [1mSuccessfully stored processed records[0m [[0m[1m[34mstorage.local_storage[0m][0m [36mentity_name[0m=[35mInvoices[0m [36mfile_path[0m=[35m./test_output/processed\Invoices_20250922_053220.json[0m [36mrecord_count[0m=[35m500[0m
2025-09-22 11:02:20,944 - storage.local_storage - INFO - store_raw_response:83 - [2m2025-09-22T05:32:20.944575Z[0m [[32m[1minfo     [0m] [1mSuccessfully stored raw data  [0m [[0m[1m[34mstorage.local_storage[0m][0m [36mentity_name[0m=[35mInvoices[0m [36mfile_path[0m=[35m./test_output/raw\Invoices\2025/09/22\05\Invoices_page_next_1500.json[0m [36msize_bytes[0m=[35m453363[0m
2025-09-22 11:02:20,945 - httpcore.http11 - DEBUG - atrace:87 - send_request_headers.started request=<Request [b'GET']>
2025-09-22 11:02:20,945 - httpcore.http11 - DEBUG - atrace:87 - send_request_headers.complete
2025-09-22 11:02:20,945 - httpcore.http11 - DEBUG - atrace:87 - send_request_body.started request=<Request [b'GET']>
2025-09-22 11:02:20,945 - httpcore.http11 - DEBUG - atrace:87 - send_request_body.complete
2025-09-22 11:02:20,945 - httpcore.http11 - DEBUG - atrace:87 - receive_response_headers.started request=<Request [b'GET']>
2025-09-22 11:02:20,947 - httpcore.http11 - DEBUG - atrace:87 - receive_response_headers.complete return_value=(b'HTTP/1.1', 200, b'OK', [(b'Content-Length', b'203'), (b'Content-Type', b'application/json;odata.metadata=minimal;odata.streaming=true;IEEE754Compatible=false;charset=utf-8'), (b'Date', b'Mon, 22 Sep 2025 05:32:22 GMT'), (b'Server', b'Microsoft-IIS/10.0'), (b'Access-Control-Allow-Headers', b'Accept, Origin, Content-Type, MaxDataServiceVersion'), (b'Access-Control-Allow-Methods', b'GET'), (b'Access-Control-Allow-Origin', b'*'), (b'Access-Control-Expose-Headers', b'DataServiceVersion'), (b'Cache-Control', b'private'), (b'Content-Encoding', b'gzip'), (b'Expires', b'Mon, 22 Sep 2025 05:33:22 GMT'), (b'Vary', b'*'), (b'X-Content-Type-Options', b'nosniff'), (b'OData-Version', b'4.0;'), (b'X-AspNet-Version', b'4.0.30319'), (b'X-Powered-By', b'ASP.NET')])
2025-09-22 11:02:20,947 - httpx - INFO - _send_single_request:1740 - HTTP Request: GET https://services.odata.org/V4/Northwind/Northwind.svc/Invoices?%24skip=3000&%24top=1500 "HTTP/1.1 200 OK"
2025-09-22 11:02:20,947 - httpcore.http11 - DEBUG - atrace:87 - receive_response_body.started request=<Request [b'GET']>
2025-09-22 11:02:20,948 - httpcore.http11 - DEBUG - atrace:87 - receive_response_body.complete
2025-09-22 11:02:20,948 - httpcore.http11 - DEBUG - atrace:87 - response_closed.started
2025-09-22 11:02:20,948 - httpcore.http11 - DEBUG - atrace:87 - response_closed.complete
2025-09-22 11:02:20,948 - workers.proxy_pool - INFO - _make_http_request:162 - [2m2025-09-22T05:32:20.948023Z[0m [[32m[1minfo     [0m] [1m📊 Worker successfully fetched data[0m [[0m[1m[34mworkers.proxy_pool[0m][0m [36mcommand_id[0m=[35mInvoices_page_next_3000[0m [36mentity[0m=[35mInvoices[0m [36mhas_next_page[0m=[35mFalse[0m [36mrecords_in_response[0m=[35m0[0m [36mworker_id[0m=[35mworker_1[0m
2025-09-22 11:02:20,948 - workers.proxy_pool - INFO - execute_command:85 - [2m2025-09-22T05:32:20.948023Z[0m [[32m[1minfo     [0m] [1m✅ Worker completed command successfully[0m [[0m[1m[34mworkers.proxy_pool[0m][0m [36mcommand_id[0m=[35mInvoices_page_next_3000[0m [36mentity[0m=[35mInvoices[0m [36mexecution_time_seconds[0m=[35m0.27[0m [36mhas_next_page[0m=[35mFalse[0m [36mrecords_fetched[0m=[35m0[0m [36mworker_id[0m=[35mworker_1[0m
2025-09-22 11:02:20,949 - workers.proxy_pool - INFO - _worker_loop:363 - [2m2025-09-22T05:32:20.949028Z[0m [[32m[1minfo     [0m] [1m📋 Worker picked up command from queue[0m [[0m[1m[34mworkers.proxy_pool[0m][0m [36mcommand_id[0m=[35mOrder_Details_page_next_3000[0m [36mentity[0m=[35mOrder_Details[0m [36mqueue_size_after_pickup[0m=[35m6[0m [36mworker_id[0m=[35mworker_1[0m [36mworker_status[0m=[35mPROCESSING[0m
2025-09-22 11:02:20,949 - workers.proxy_pool - INFO - execute_command:51 - [2m2025-09-22T05:32:20.949028Z[0m [[32m[1minfo     [0m] [1m🚀 Worker starting command execution[0m [[0m[1m[34mworkers.proxy_pool[0m][0m [36mcommand_id[0m=[35mOrder_Details_page_next_3000[0m [36mcommand_type[0m=[35mfetch_page[0m [36mentity[0m=[35mOrder_Details[0m [36mpriority[0m=[35m1[0m [36mretry_count[0m=[35m0[0m [36mskip[0m=[35m3000[0m [36mtop[0m=[35m1500[0m [36mworker_id[0m=[35mworker_1[0m
2025-09-22 11:02:20,949 - workers.proxy_pool - INFO - execute_command:74 - [2m2025-09-22T05:32:20.949028Z[0m [[32m[1minfo     [0m] [1m🔄 Worker executing request with resilience patterns[0m [[0m[1m[34mworkers.proxy_pool[0m][0m [36mcircuit_breaker_state[0m=[35mclosed[0m [36mcommand_id[0m=[35mOrder_Details_page_next_3000[0m [36mworker_id[0m=[35mworker_1[0m
2025-09-22 11:02:20,950 - storage.transformer - WARNING - transform_odata_response:67 - [2m2025-09-22T05:32:20.950440Z[0m [[33m[1mwarning  [0m] [1mNo records found in response  [0m [[0m[1m[34mstorage.transformer[0m][0m [36mentity_name[0m=[35mInvoices[0m
2025-09-22 11:02:20,950 - httpcore.http11 - DEBUG - atrace:87 - send_request_headers.started request=<Request [b'GET']>
2025-09-22 11:02:20,951 - httpcore.http11 - DEBUG - atrace:87 - send_request_headers.complete
2025-09-22 11:02:20,951 - httpcore.http11 - DEBUG - atrace:87 - send_request_body.started request=<Request [b'GET']>
2025-09-22 11:02:20,951 - httpcore.http11 - DEBUG - atrace:87 - send_request_body.complete
2025-09-22 11:02:20,951 - httpcore.http11 - DEBUG - atrace:87 - receive_response_headers.started request=<Request [b'GET']>
2025-09-22 11:02:21,018 - httpcore.http11 - DEBUG - atrace:87 - receive_response_headers.complete return_value=(b'HTTP/1.1', 200, b'OK', [(b'Content-Length', b'224'), (b'Content-Type', b'application/json;odata.metadata=minimal;odata.streaming=true;IEEE754Compatible=false;charset=utf-8'), (b'Date', b'Mon, 22 Sep 2025 05:32:22 GMT'), (b'Server', b'Microsoft-IIS/10.0'), (b'Access-Control-Allow-Headers', b'Accept, Origin, Content-Type, MaxDataServiceVersion'), (b'Access-Control-Allow-Methods', b'GET'), (b'Access-Control-Allow-Origin', b'*'), (b'Access-Control-Expose-Headers', b'DataServiceVersion'), (b'Cache-Control', b'private'), (b'Content-Encoding', b'gzip'), (b'Expires', b'Mon, 22 Sep 2025 05:33:22 GMT'), (b'Vary', b'*'), (b'X-Content-Type-Options', b'nosniff'), (b'OData-Version', b'4.0;'), (b'X-AspNet-Version', b'4.0.30319'), (b'X-Powered-By', b'ASP.NET')])
2025-09-22 11:02:21,018 - httpx - INFO - _send_single_request:1740 - HTTP Request: GET https://services.odata.org/V4/Northwind/Northwind.svc/Summary_of_Sales_by_Years?%24skip=1500&%24top=1500 "HTTP/1.1 200 OK"
2025-09-22 11:02:21,020 - httpcore.http11 - DEBUG - atrace:87 - receive_response_body.started request=<Request [b'GET']>
2025-09-22 11:02:21,020 - httpcore.http11 - DEBUG - atrace:87 - receive_response_body.complete
2025-09-22 11:02:21,020 - httpcore.http11 - DEBUG - atrace:87 - response_closed.started
2025-09-22 11:02:21,020 - httpcore.http11 - DEBUG - atrace:87 - response_closed.complete
2025-09-22 11:02:21,020 - workers.proxy_pool - INFO - _make_http_request:162 - [2m2025-09-22T05:32:21.020095Z[0m [[32m[1minfo     [0m] [1m📊 Worker successfully fetched data[0m [[0m[1m[34mworkers.proxy_pool[0m][0m [36mcommand_id[0m=[35mSummary_of_Sales_by_Years_page_next_1500[0m [36mentity[0m=[35mSummary_of_Sales_by_Years[0m [36mhas_next_page[0m=[35mFalse[0m [36mrecords_in_response[0m=[35m0[0m [36mworker_id[0m=[35mworker_2[0m
2025-09-22 11:02:21,021 - workers.proxy_pool - INFO - execute_command:85 - [2m2025-09-22T05:32:21.021107Z[0m [[32m[1minfo     [0m] [1m✅ Worker completed command successfully[0m [[0m[1m[34mworkers.proxy_pool[0m][0m [36mcommand_id[0m=[35mSummary_of_Sales_by_Years_page_next_1500[0m [36mentity[0m=[35mSummary_of_Sales_by_Years[0m [36mexecution_time_seconds[0m=[35m0.28[0m [36mhas_next_page[0m=[35mFalse[0m [36mrecords_fetched[0m=[35m0[0m [36mworker_id[0m=[35mworker_2[0m
2025-09-22 11:02:21,021 - workers.proxy_pool - INFO - _worker_loop:363 - [2m2025-09-22T05:32:21.021107Z[0m [[32m[1minfo     [0m] [1m📋 Worker picked up command from queue[0m [[0m[1m[34mworkers.proxy_pool[0m][0m [36mcommand_id[0m=[35mOrders_Qries_page_next_1500[0m [36mentity[0m=[35mOrders_Qries[0m [36mqueue_size_after_pickup[0m=[35m5[0m [36mworker_id[0m=[35mworker_2[0m [36mworker_status[0m=[35mPROCESSING[0m
2025-09-22 11:02:21,022 - workers.proxy_pool - INFO - execute_command:51 - [2m2025-09-22T05:32:21.022181Z[0m [[32m[1minfo     [0m] [1m🚀 Worker starting command execution[0m [[0m[1m[34mworkers.proxy_pool[0m][0m [36mcommand_id[0m=[35mOrders_Qries_page_next_1500[0m [36mcommand_type[0m=[35mfetch_page[0m [36mentity[0m=[35mOrders_Qries[0m [36mpriority[0m=[35m1[0m [36mretry_count[0m=[35m0[0m [36mskip[0m=[35m1500[0m [36mtop[0m=[35m1500[0m [36mworker_id[0m=[35mworker_2[0m
2025-09-22 11:02:21,022 - workers.proxy_pool - INFO - execute_command:74 - [2m2025-09-22T05:32:21.022181Z[0m [[32m[1minfo     [0m] [1m🔄 Worker executing request with resilience patterns[0m [[0m[1m[34mworkers.proxy_pool[0m][0m [36mcircuit_breaker_state[0m=[35mclosed[0m [36mcommand_id[0m=[35mOrders_Qries_page_next_1500[0m [36mworker_id[0m=[35mworker_2[0m
2025-09-22 11:02:21,023 - storage.transformer - WARNING - transform_odata_response:67 - [2m2025-09-22T05:32:21.023166Z[0m [[33m[1mwarning  [0m] [1mNo records found in response  [0m [[0m[1m[34mstorage.transformer[0m][0m [36mentity_name[0m=[35mSummary_of_Sales_by_Years[0m
2025-09-22 11:02:21,023 - httpcore.http11 - DEBUG - atrace:87 - send_request_headers.started request=<Request [b'GET']>
2025-09-22 11:02:21,023 - httpcore.http11 - DEBUG - atrace:87 - send_request_headers.complete
2025-09-22 11:02:21,023 - httpcore.http11 - DEBUG - atrace:87 - send_request_body.started request=<Request [b'GET']>
2025-09-22 11:02:21,023 - httpcore.http11 - DEBUG - atrace:87 - send_request_body.complete
2025-09-22 11:02:21,023 - httpcore.http11 - DEBUG - atrace:87 - receive_response_headers.started request=<Request [b'GET']>
2025-09-22 11:02:21,189 - httpcore.http11 - DEBUG - atrace:87 - receive_response_headers.complete return_value=(b'HTTP/1.1', 200, b'OK', [(b'Content-Length', b'6232'), (b'Content-Type', b'application/json;odata.metadata=minimal;odata.streaming=true;IEEE754Compatible=false;charset=utf-8'), (b'Date', b'Mon, 22 Sep 2025 05:32:22 GMT'), (b'Server', b'Microsoft-IIS/10.0'), (b'Access-Control-Allow-Headers', b'Accept, Origin, Content-Type, MaxDataServiceVersion'), (b'Access-Control-Allow-Methods', b'GET'), (b'Access-Control-Allow-Origin', b'*'), (b'Access-Control-Expose-Headers', b'DataServiceVersion'), (b'Cache-Control', b'private'), (b'Content-Encoding', b'gzip'), (b'Expires', b'Mon, 22 Sep 2025 05:33:20 GMT'), (b'Vary', b'*'), (b'X-Content-Type-Options', b'nosniff'), (b'OData-Version', b'4.0;'), (b'X-AspNet-Version', b'4.0.30319'), (b'X-Powered-By', b'ASP.NET')])
2025-09-22 11:02:21,189 - httpx - INFO - _send_single_request:1740 - HTTP Request: GET https://services.odata.org/V4/Northwind/Northwind.svc/Order_Details?%24skip=1500&%24top=1500 "HTTP/1.1 200 OK"
2025-09-22 11:02:21,189 - httpcore.http11 - DEBUG - atrace:87 - receive_response_body.started request=<Request [b'GET']>
2025-09-22 11:02:21,190 - httpcore.http11 - DEBUG - atrace:87 - receive_response_body.complete
2025-09-22 11:02:21,190 - httpcore.http11 - DEBUG - atrace:87 - response_closed.started
2025-09-22 11:02:21,190 - httpcore.http11 - DEBUG - atrace:87 - response_closed.complete
2025-09-22 11:02:21,190 - workers.proxy_pool - INFO - _make_http_request:162 - [2m2025-09-22T05:32:21.190927Z[0m [[32m[1minfo     [0m] [1m📊 Worker successfully fetched data[0m [[0m[1m[34mworkers.proxy_pool[0m][0m [36mcommand_id[0m=[35mOrder_Details_page_next_1500[0m [36mentity[0m=[35mOrder_Details[0m [36mhas_next_page[0m=[35mTrue[0m [36mrecords_in_response[0m=[35m500[0m [36mworker_id[0m=[35mworker_0[0m
2025-09-22 11:02:21,191 - workers.proxy_pool - INFO - execute_command:85 - [2m2025-09-22T05:32:21.191562Z[0m [[32m[1minfo     [0m] [1m✅ Worker completed command successfully[0m [[0m[1m[34mworkers.proxy_pool[0m][0m [36mcommand_id[0m=[35mOrder_Details_page_next_1500[0m [36mentity[0m=[35mOrder_Details[0m [36mexecution_time_seconds[0m=[35m0.27[0m [36mhas_next_page[0m=[35mTrue[0m [36mrecords_fetched[0m=[35m500[0m [36mworker_id[0m=[35mworker_0[0m
2025-09-22 11:02:21,192 - workers.proxy_pool - INFO - _worker_loop:363 - [2m2025-09-22T05:32:21.192197Z[0m [[32m[1minfo     [0m] [1m📋 Worker picked up command from queue[0m [[0m[1m[34mworkers.proxy_pool[0m][0m [36mcommand_id[0m=[35mOrder_Details_Extendeds_page_next_1500[0m [36mentity[0m=[35mOrder_Details_Extendeds[0m [36mqueue_size_after_pickup[0m=[35m4[0m [36mworker_id[0m=[35mworker_0[0m [36mworker_status[0m=[35mPROCESSING[0m
2025-09-22 11:02:21,192 - workers.proxy_pool - INFO - execute_command:51 - [2m2025-09-22T05:32:21.192805Z[0m [[32m[1minfo     [0m] [1m🚀 Worker starting command execution[0m [[0m[1m[34mworkers.proxy_pool[0m][0m [36mcommand_id[0m=[35mOrder_Details_Extendeds_page_next_1500[0m [36mcommand_type[0m=[35mfetch_page[0m [36mentity[0m=[35mOrder_Details_Extendeds[0m [36mpriority[0m=[35m1[0m [36mretry_count[0m=[35m0[0m [36mskip[0m=[35m1500[0m [36mtop[0m=[35m1500[0m [36mworker_id[0m=[35mworker_0[0m
2025-09-22 11:02:21,193 - workers.proxy_pool - INFO - execute_command:74 - [2m2025-09-22T05:32:21.192805Z[0m [[32m[1minfo     [0m] [1m🔄 Worker executing request with resilience patterns[0m [[0m[1m[34mworkers.proxy_pool[0m][0m [36mcircuit_breaker_state[0m=[35mclosed[0m [36mcommand_id[0m=[35mOrder_Details_Extendeds_page_next_1500[0m [36mworker_id[0m=[35mworker_0[0m
2025-09-22 11:02:21,196 - storage.transformer - INFO - transform_odata_response:96 - [2m2025-09-22T05:32:21.196390Z[0m [[32m[1minfo     [0m] [1mTransformation completed      [0m [[0m[1m[34mstorage.transformer[0m][0m [36mentity_name[0m=[35mOrder_Details[0m [36minput_records[0m=[35m500[0m [36moutput_records[0m=[35m500[0m
2025-09-22 11:02:21,197 - storage.local_storage - INFO - store_processed_records:131 - [2m2025-09-22T05:32:21.197131Z[0m [[32m[1minfo     [0m] [1mStoring processed records     [0m [[0m[1m[34mstorage.local_storage[0m][0m [36mentity_name[0m=[35mOrder_Details[0m [36mformat[0m=[35mjson[0m [36mrecord_count[0m=[35m500[0m
2025-09-22 11:02:21,202 - storage.local_storage - INFO - store_processed_records:142 - [2m2025-09-22T05:32:21.202193Z[0m [[32m[1minfo     [0m] [1mSuccessfully stored processed records[0m [[0m[1m[34mstorage.local_storage[0m][0m [36mentity_name[0m=[35mOrder_Details[0m [36mfile_path[0m=[35m./test_output/processed\Order_Details_20250922_053221.json[0m [36mrecord_count[0m=[35m500[0m
2025-09-22 11:02:21,207 - storage.local_storage - INFO - store_raw_response:83 - [2m2025-09-22T05:32:21.207261Z[0m [[32m[1minfo     [0m] [1mSuccessfully stored raw data  [0m [[0m[1m[34mstorage.local_storage[0m][0m [36mentity_name[0m=[35mOrder_Details[0m [36mfile_path[0m=[35m./test_output/raw\Order_Details\2025/09/22\05\Order_Details_page_next_1500.json[0m [36msize_bytes[0m=[35m71198[0m
2025-09-22 11:02:21,209 - httpcore.http11 - DEBUG - atrace:87 - send_request_headers.started request=<Request [b'GET']>
2025-09-22 11:02:21,210 - httpcore.http11 - DEBUG - atrace:87 - send_request_headers.complete
2025-09-22 11:02:21,210 - httpcore.http11 - DEBUG - atrace:87 - send_request_body.started request=<Request [b'GET']>
2025-09-22 11:02:21,210 - httpcore.http11 - DEBUG - atrace:87 - send_request_body.complete
2025-09-22 11:02:21,210 - httpcore.http11 - DEBUG - atrace:87 - receive_response_headers.started request=<Request [b'GET']>
2025-09-22 11:02:21,213 - httpcore.http11 - DEBUG - atrace:87 - receive_response_headers.complete return_value=(b'HTTP/1.1', 200, b'OK', [(b'Content-Length', b'209'), (b'Content-Type', b'application/json;odata.metadata=minimal;odata.streaming=true;IEEE754Compatible=false;charset=utf-8'), (b'Date', b'Mon, 22 Sep 2025 05:32:22 GMT'), (b'Server', b'Microsoft-IIS/10.0'), (b'Access-Control-Allow-Headers', b'Accept, Origin, Content-Type, MaxDataServiceVersion'), (b'Access-Control-Allow-Methods', b'GET'), (b'Access-Control-Allow-Origin', b'*'), (b'Access-Control-Expose-Headers', b'DataServiceVersion'), (b'Cache-Control', b'private'), (b'Content-Encoding', b'gzip'), (b'Expires', b'Mon, 22 Sep 2025 05:33:22 GMT'), (b'Vary', b'*'), (b'X-Content-Type-Options', b'nosniff'), (b'OData-Version', b'4.0;'), (b'X-AspNet-Version', b'4.0.30319'), (b'X-Powered-By', b'ASP.NET')])
2025-09-22 11:02:21,213 - httpx - INFO - _send_single_request:1740 - HTTP Request: GET https://services.odata.org/V4/Northwind/Northwind.svc/Order_Details?%24skip=3000&%24top=1500 "HTTP/1.1 200 OK"
2025-09-22 11:02:21,214 - httpcore.http11 - DEBUG - atrace:87 - receive_response_body.started request=<Request [b'GET']>
2025-09-22 11:02:21,214 - httpcore.http11 - DEBUG - atrace:87 - receive_response_body.complete
2025-09-22 11:02:21,214 - httpcore.http11 - DEBUG - atrace:87 - response_closed.started
2025-09-22 11:02:21,214 - httpcore.http11 - DEBUG - atrace:87 - response_closed.complete
2025-09-22 11:02:21,214 - workers.proxy_pool - INFO - _make_http_request:162 - [2m2025-09-22T05:32:21.214129Z[0m [[32m[1minfo     [0m] [1m📊 Worker successfully fetched data[0m [[0m[1m[34mworkers.proxy_pool[0m][0m [36mcommand_id[0m=[35mOrder_Details_page_next_3000[0m [36mentity[0m=[35mOrder_Details[0m [36mhas_next_page[0m=[35mFalse[0m [36mrecords_in_response[0m=[35m0[0m [36mworker_id[0m=[35mworker_1[0m
2025-09-22 11:02:21,214 - workers.proxy_pool - INFO - execute_command:85 - [2m2025-09-22T05:32:21.214129Z[0m [[32m[1minfo     [0m] [1m✅ Worker completed command successfully[0m [[0m[1m[34mworkers.proxy_pool[0m][0m [36mcommand_id[0m=[35mOrder_Details_page_next_3000[0m [36mentity[0m=[35mOrder_Details[0m [36mexecution_time_seconds[0m=[35m0.27[0m [36mhas_next_page[0m=[35mFalse[0m [36mrecords_fetched[0m=[35m0[0m [36mworker_id[0m=[35mworker_1[0m
2025-09-22 11:02:21,215 - workers.proxy_pool - INFO - _worker_loop:363 - [2m2025-09-22T05:32:21.215934Z[0m [[32m[1minfo     [0m] [1m📋 Worker picked up command from queue[0m [[0m[1m[34mworkers.proxy_pool[0m][0m [36mcommand_id[0m=[35mOrder_Details_Extendeds_page_next_3000[0m [36mentity[0m=[35mOrder_Details_Extendeds[0m [36mqueue_size_after_pickup[0m=[35m4[0m [36mworker_id[0m=[35mworker_1[0m [36mworker_status[0m=[35mPROCESSING[0m
2025-09-22 11:02:21,216 - workers.proxy_pool - INFO - execute_command:51 - [2m2025-09-22T05:32:21.216951Z[0m [[32m[1minfo     [0m] [1m🚀 Worker starting command execution[0m [[0m[1m[34mworkers.proxy_pool[0m][0m [36mcommand_id[0m=[35mOrder_Details_Extendeds_page_next_3000[0m [36mcommand_type[0m=[35mfetch_page[0m [36mentity[0m=[35mOrder_Details_Extendeds[0m [36mpriority[0m=[35m1[0m [36mretry_count[0m=[35m0[0m [36mskip[0m=[35m3000[0m [36mtop[0m=[35m1500[0m [36mworker_id[0m=[35mworker_1[0m
2025-09-22 11:02:21,216 - workers.proxy_pool - INFO - execute_command:74 - [2m2025-09-22T05:32:21.216951Z[0m [[32m[1minfo     [0m] [1m🔄 Worker executing request with resilience patterns[0m [[0m[1m[34mworkers.proxy_pool[0m][0m [36mcircuit_breaker_state[0m=[35mclosed[0m [36mcommand_id[0m=[35mOrder_Details_Extendeds_page_next_3000[0m [36mworker_id[0m=[35mworker_1[0m
2025-09-22 11:02:21,217 - storage.transformer - WARNING - transform_odata_response:67 - [2m2025-09-22T05:32:21.217992Z[0m [[33m[1mwarning  [0m] [1mNo records found in response  [0m [[0m[1m[34mstorage.transformer[0m][0m [36mentity_name[0m=[35mOrder_Details[0m
2025-09-22 11:02:21,220 - httpcore.http11 - DEBUG - atrace:87 - send_request_headers.started request=<Request [b'GET']>
2025-09-22 11:02:21,222 - httpcore.http11 - DEBUG - atrace:87 - send_request_headers.complete
2025-09-22 11:02:21,222 - httpcore.http11 - DEBUG - atrace:87 - send_request_body.started request=<Request [b'GET']>
2025-09-22 11:02:21,222 - httpcore.http11 - DEBUG - atrace:87 - send_request_body.complete
2025-09-22 11:02:21,222 - httpcore.http11 - DEBUG - atrace:87 - receive_response_headers.started request=<Request [b'GET']>
2025-09-22 11:02:21,283 - httpcore.http11 - DEBUG - atrace:87 - receive_response_headers.complete return_value=(b'HTTP/1.1', 200, b'OK', [(b'Content-Length', b'209'), (b'Content-Type', b'application/json;odata.metadata=minimal;odata.streaming=true;IEEE754Compatible=false;charset=utf-8'), (b'Date', b'Mon, 22 Sep 2025 05:32:22 GMT'), (b'Server', b'Microsoft-IIS/10.0'), (b'Access-Control-Allow-Headers', b'Accept, Origin, Content-Type, MaxDataServiceVersion'), (b'Access-Control-Allow-Methods', b'GET'), (b'Access-Control-Allow-Origin', b'*'), (b'Access-Control-Expose-Headers', b'DataServiceVersion'), (b'Cache-Control', b'private'), (b'Content-Encoding', b'gzip'), (b'Expires', b'Mon, 22 Sep 2025 05:33:23 GMT'), (b'Vary', b'*'), (b'X-Content-Type-Options', b'nosniff'), (b'OData-Version', b'4.0;'), (b'X-AspNet-Version', b'4.0.30319'), (b'X-Powered-By', b'ASP.NET')])
2025-09-22 11:02:21,284 - httpx - INFO - _send_single_request:1740 - HTTP Request: GET https://services.odata.org/V4/Northwind/Northwind.svc/Orders_Qries?%24skip=1500&%24top=1500 "HTTP/1.1 200 OK"
2025-09-22 11:02:21,285 - httpcore.http11 - DEBUG - atrace:87 - receive_response_body.started request=<Request [b'GET']>
2025-09-22 11:02:21,285 - httpcore.http11 - DEBUG - atrace:87 - receive_response_body.complete
2025-09-22 11:02:21,285 - httpcore.http11 - DEBUG - atrace:87 - response_closed.started
2025-09-22 11:02:21,285 - httpcore.http11 - DEBUG - atrace:87 - response_closed.complete
2025-09-22 11:02:21,285 - workers.proxy_pool - INFO - _make_http_request:162 - [2m2025-09-22T05:32:21.285055Z[0m [[32m[1minfo     [0m] [1m📊 Worker successfully fetched data[0m [[0m[1m[34mworkers.proxy_pool[0m][0m [36mcommand_id[0m=[35mOrders_Qries_page_next_1500[0m [36mentity[0m=[35mOrders_Qries[0m [36mhas_next_page[0m=[35mFalse[0m [36mrecords_in_response[0m=[35m0[0m [36mworker_id[0m=[35mworker_2[0m
2025-09-22 11:02:21,285 - workers.proxy_pool - INFO - execute_command:85 - [2m2025-09-22T05:32:21.285055Z[0m [[32m[1minfo     [0m] [1m✅ Worker completed command successfully[0m [[0m[1m[34mworkers.proxy_pool[0m][0m [36mcommand_id[0m=[35mOrders_Qries_page_next_1500[0m [36mentity[0m=[35mOrders_Qries[0m [36mexecution_time_seconds[0m=[35m0.27[0m [36mhas_next_page[0m=[35mFalse[0m [36mrecords_fetched[0m=[35m0[0m [36mworker_id[0m=[35mworker_2[0m
2025-09-22 11:02:21,285 - workers.proxy_pool - INFO - _worker_loop:363 - [2m2025-09-22T05:32:21.285055Z[0m [[32m[1minfo     [0m] [1m📋 Worker picked up command from queue[0m [[0m[1m[34mworkers.proxy_pool[0m][0m [36mcommand_id[0m=[35mOrders_page_next_1500[0m [36mentity[0m=[35mOrders[0m [36mqueue_size_after_pickup[0m=[35m3[0m [36mworker_id[0m=[35mworker_2[0m [36mworker_status[0m=[35mPROCESSING[0m
2025-09-22 11:02:21,285 - workers.proxy_pool - INFO - execute_command:51 - [2m2025-09-22T05:32:21.285055Z[0m [[32m[1minfo     [0m] [1m🚀 Worker starting command execution[0m [[0m[1m[34mworkers.proxy_pool[0m][0m [36mcommand_id[0m=[35mOrders_page_next_1500[0m [36mcommand_type[0m=[35mfetch_page[0m [36mentity[0m=[35mOrders[0m [36mpriority[0m=[35m1[0m [36mretry_count[0m=[35m0[0m [36mskip[0m=[35m1500[0m [36mtop[0m=[35m1500[0m [36mworker_id[0m=[35mworker_2[0m
2025-09-22 11:02:21,285 - workers.proxy_pool - INFO - execute_command:74 - [2m2025-09-22T05:32:21.285055Z[0m [[32m[1minfo     [0m] [1m🔄 Worker executing request with resilience patterns[0m [[0m[1m[34mworkers.proxy_pool[0m][0m [36mcircuit_breaker_state[0m=[35mclosed[0m [36mcommand_id[0m=[35mOrders_page_next_1500[0m [36mworker_id[0m=[35mworker_2[0m
2025-09-22 11:02:21,293 - storage.transformer - WARNING - transform_odata_response:67 - [2m2025-09-22T05:32:21.293047Z[0m [[33m[1mwarning  [0m] [1mNo records found in response  [0m [[0m[1m[34mstorage.transformer[0m][0m [36mentity_name[0m=[35mOrders_Qries[0m
2025-09-22 11:02:21,293 - httpcore.http11 - DEBUG - atrace:87 - send_request_headers.started request=<Request [b'GET']>
2025-09-22 11:02:21,293 - httpcore.http11 - DEBUG - atrace:87 - send_request_headers.complete
2025-09-22 11:02:21,293 - httpcore.http11 - DEBUG - atrace:87 - send_request_body.started request=<Request [b'GET']>
2025-09-22 11:02:21,293 - httpcore.http11 - DEBUG - atrace:87 - send_request_body.complete
2025-09-22 11:02:21,293 - httpcore.http11 - DEBUG - atrace:87 - receive_response_headers.started request=<Request [b'GET']>
2025-09-22 11:02:21,450 - httpcore.http11 - DEBUG - atrace:87 - receive_response_headers.complete return_value=(b'HTTP/1.1', 200, b'OK', [(b'Content-Length', b'3390'), (b'Content-Type', b'application/json;odata.metadata=minimal;odata.streaming=true;IEEE754Compatible=false;charset=utf-8'), (b'Date', b'Mon, 22 Sep 2025 05:32:22 GMT'), (b'Server', b'Microsoft-IIS/10.0'), (b'Access-Control-Allow-Headers', b'Accept, Origin, Content-Type, MaxDataServiceVersion'), (b'Access-Control-Allow-Methods', b'GET'), (b'Access-Control-Allow-Origin', b'*'), (b'Access-Control-Expose-Headers', b'DataServiceVersion'), (b'Cache-Control', b'private'), (b'Content-Encoding', b'gzip'), (b'Expires', b'Mon, 22 Sep 2025 05:33:20 GMT'), (b'Vary', b'*'), (b'X-Content-Type-Options', b'nosniff'), (b'OData-Version', b'4.0;'), (b'X-AspNet-Version', b'4.0.30319'), (b'X-Powered-By', b'ASP.NET')])
2025-09-22 11:02:21,450 - httpx - INFO - _send_single_request:1740 - HTTP Request: GET https://services.odata.org/V4/Northwind/Northwind.svc/Order_Details_Extendeds?%24skip=1500&%24top=1500 "HTTP/1.1 200 OK"
2025-09-22 11:02:21,450 - httpcore.http11 - DEBUG - atrace:87 - receive_response_body.started request=<Request [b'GET']>
2025-09-22 11:02:21,450 - httpcore.http11 - DEBUG - atrace:87 - receive_response_body.complete
2025-09-22 11:02:21,450 - httpcore.http11 - DEBUG - atrace:87 - response_closed.started
2025-09-22 11:02:21,450 - httpcore.http11 - DEBUG - atrace:87 - response_closed.complete
2025-09-22 11:02:21,450 - workers.proxy_pool - INFO - _make_http_request:162 - [2m2025-09-22T05:32:21.450595Z[0m [[32m[1minfo     [0m] [1m📊 Worker successfully fetched data[0m [[0m[1m[34mworkers.proxy_pool[0m][0m [36mcommand_id[0m=[35mOrder_Details_Extendeds_page_next_1500[0m [36mentity[0m=[35mOrder_Details_Extendeds[0m [36mhas_next_page[0m=[35mTrue[0m [36mrecords_in_response[0m=[35m100[0m [36mworker_id[0m=[35mworker_0[0m
2025-09-22 11:02:21,450 - workers.proxy_pool - INFO - execute_command:85 - [2m2025-09-22T05:32:21.450595Z[0m [[32m[1minfo     [0m] [1m✅ Worker completed command successfully[0m [[0m[1m[34mworkers.proxy_pool[0m][0m [36mcommand_id[0m=[35mOrder_Details_Extendeds_page_next_1500[0m [36mentity[0m=[35mOrder_Details_Extendeds[0m [36mexecution_time_seconds[0m=[35m0.27[0m [36mhas_next_page[0m=[35mTrue[0m [36mrecords_fetched[0m=[35m100[0m [36mworker_id[0m=[35mworker_0[0m
2025-09-22 11:02:21,450 - workers.proxy_pool - INFO - _worker_loop:363 - [2m2025-09-22T05:32:21.450595Z[0m [[32m[1minfo     [0m] [1m📋 Worker picked up command from queue[0m [[0m[1m[34mworkers.proxy_pool[0m][0m [36mcommand_id[0m=[35mProducts_page_next_1500[0m [36mentity[0m=[35mProducts[0m [36mqueue_size_after_pickup[0m=[35m2[0m [36mworker_id[0m=[35mworker_0[0m [36mworker_status[0m=[35mPROCESSING[0m
2025-09-22 11:02:21,450 - workers.proxy_pool - INFO - execute_command:51 - [2m2025-09-22T05:32:21.450595Z[0m [[32m[1minfo     [0m] [1m🚀 Worker starting command execution[0m [[0m[1m[34mworkers.proxy_pool[0m][0m [36mcommand_id[0m=[35mProducts_page_next_1500[0m [36mcommand_type[0m=[35mfetch_page[0m [36mentity[0m=[35mProducts[0m [36mpriority[0m=[35m1[0m [36mretry_count[0m=[35m0[0m [36mskip[0m=[35m1500[0m [36mtop[0m=[35m1500[0m [36mworker_id[0m=[35mworker_0[0m
2025-09-22 11:02:21,450 - workers.proxy_pool - INFO - execute_command:74 - [2m2025-09-22T05:32:21.450595Z[0m [[32m[1minfo     [0m] [1m🔄 Worker executing request with resilience patterns[0m [[0m[1m[34mworkers.proxy_pool[0m][0m [36mcircuit_breaker_state[0m=[35mclosed[0m [36mcommand_id[0m=[35mProducts_page_next_1500[0m [36mworker_id[0m=[35mworker_0[0m
2025-09-22 11:02:21,450 - storage.transformer - INFO - transform_odata_response:96 - [2m2025-09-22T05:32:21.450595Z[0m [[32m[1minfo     [0m] [1mTransformation completed      [0m [[0m[1m[34mstorage.transformer[0m][0m [36mentity_name[0m=[35mOrder_Details_Extendeds[0m [36minput_records[0m=[35m100[0m [36moutput_records[0m=[35m100[0m
2025-09-22 11:02:21,450 - storage.local_storage - INFO - store_processed_records:131 - [2m2025-09-22T05:32:21.450595Z[0m [[32m[1minfo     [0m] [1mStoring processed records     [0m [[0m[1m[34mstorage.local_storage[0m][0m [36mentity_name[0m=[35mOrder_Details_Extendeds[0m [36mformat[0m=[35mjson[0m [36mrecord_count[0m=[35m100[0m
2025-09-22 11:02:21,459 - storage.local_storage - INFO - store_processed_records:142 - [2m2025-09-22T05:32:21.459834Z[0m [[32m[1minfo     [0m] [1mSuccessfully stored processed records[0m [[0m[1m[34mstorage.local_storage[0m][0m [36mentity_name[0m=[35mOrder_Details_Extendeds[0m [36mfile_path[0m=[35m./test_output/processed\Order_Details_Extendeds_20250922_053221.json[0m [36mrecord_count[0m=[35m100[0m
2025-09-22 11:02:21,463 - storage.local_storage - INFO - store_raw_response:83 - [2m2025-09-22T05:32:21.463494Z[0m [[32m[1minfo     [0m] [1mSuccessfully stored raw data  [0m [[0m[1m[34mstorage.local_storage[0m][0m [36mentity_name[0m=[35mOrder_Details_Extendeds[0m [36mfile_path[0m=[35m./test_output/raw\Order_Details_Extendeds\2025/09/22\05\Order_Details_Extendeds_page_next_1500.json[0m [36msize_bytes[0m=[35m22430[0m
2025-09-22 11:02:21,463 - httpcore.http11 - DEBUG - atrace:87 - send_request_headers.started request=<Request [b'GET']>
2025-09-22 11:02:21,463 - httpcore.http11 - DEBUG - atrace:87 - send_request_headers.complete
2025-09-22 11:02:21,463 - httpcore.http11 - DEBUG - atrace:87 - send_request_body.started request=<Request [b'GET']>
2025-09-22 11:02:21,463 - httpcore.http11 - DEBUG - atrace:87 - send_request_body.complete
2025-09-22 11:02:21,463 - httpcore.http11 - DEBUG - atrace:87 - receive_response_headers.started request=<Request [b'GET']>
2025-09-22 11:02:21,468 - httpcore.http11 - DEBUG - atrace:87 - receive_response_headers.complete return_value=(b'HTTP/1.1', 200, b'OK', [(b'Content-Length', b'219'), (b'Content-Type', b'application/json;odata.metadata=minimal;odata.streaming=true;IEEE754Compatible=false;charset=utf-8'), (b'Date', b'Mon, 22 Sep 2025 05:32:22 GMT'), (b'Server', b'Microsoft-IIS/10.0'), (b'Access-Control-Allow-Headers', b'Accept, Origin, Content-Type, MaxDataServiceVersion'), (b'Access-Control-Allow-Methods', b'GET'), (b'Access-Control-Allow-Origin', b'*'), (b'Access-Control-Expose-Headers', b'DataServiceVersion'), (b'Cache-Control', b'private'), (b'Content-Encoding', b'gzip'), (b'Expires', b'Mon, 22 Sep 2025 05:33:23 GMT'), (b'Vary', b'*'), (b'X-Content-Type-Options', b'nosniff'), (b'OData-Version', b'4.0;'), (b'X-AspNet-Version', b'4.0.30319'), (b'X-Powered-By', b'ASP.NET')])
2025-09-22 11:02:21,470 - httpx - INFO - _send_single_request:1740 - HTTP Request: GET https://services.odata.org/V4/Northwind/Northwind.svc/Order_Details_Extendeds?%24skip=3000&%24top=1500 "HTTP/1.1 200 OK"
2025-09-22 11:02:21,470 - httpcore.http11 - DEBUG - atrace:87 - receive_response_body.started request=<Request [b'GET']>
2025-09-22 11:02:21,470 - httpcore.http11 - DEBUG - atrace:87 - receive_response_body.complete
2025-09-22 11:02:21,470 - httpcore.http11 - DEBUG - atrace:87 - response_closed.started
2025-09-22 11:02:21,471 - httpcore.http11 - DEBUG - atrace:87 - response_closed.complete
2025-09-22 11:02:21,471 - workers.proxy_pool - INFO - _make_http_request:162 - [2m2025-09-22T05:32:21.471087Z[0m [[32m[1minfo     [0m] [1m📊 Worker successfully fetched data[0m [[0m[1m[34mworkers.proxy_pool[0m][0m [36mcommand_id[0m=[35mOrder_Details_Extendeds_page_next_3000[0m [36mentity[0m=[35mOrder_Details_Extendeds[0m [36mhas_next_page[0m=[35mFalse[0m [36mrecords_in_response[0m=[35m0[0m [36mworker_id[0m=[35mworker_1[0m
2025-09-22 11:02:21,472 - workers.proxy_pool - INFO - execute_command:85 - [2m2025-09-22T05:32:21.471087Z[0m [[32m[1minfo     [0m] [1m✅ Worker completed command successfully[0m [[0m[1m[34mworkers.proxy_pool[0m][0m [36mcommand_id[0m=[35mOrder_Details_Extendeds_page_next_3000[0m [36mentity[0m=[35mOrder_Details_Extendeds[0m [36mexecution_time_seconds[0m=[35m0.25[0m [36mhas_next_page[0m=[35mFalse[0m [36mrecords_fetched[0m=[35m0[0m [36mworker_id[0m=[35mworker_1[0m
2025-09-22 11:02:21,472 - workers.proxy_pool - INFO - _worker_loop:363 - [2m2025-09-22T05:32:21.472088Z[0m [[32m[1minfo     [0m] [1m📋 Worker picked up command from queue[0m [[0m[1m[34mworkers.proxy_pool[0m][0m [36mcommand_id[0m=[35mInvoices_page_next_3000[0m [36mentity[0m=[35mInvoices[0m [36mqueue_size_after_pickup[0m=[35m2[0m [36mworker_id[0m=[35mworker_1[0m [36mworker_status[0m=[35mPROCESSING[0m
2025-09-22 11:02:21,473 - workers.proxy_pool - INFO - execute_command:51 - [2m2025-09-22T05:32:21.473077Z[0m [[32m[1minfo     [0m] [1m🚀 Worker starting command execution[0m [[0m[1m[34mworkers.proxy_pool[0m][0m [36mcommand_id[0m=[35mInvoices_page_next_3000[0m [36mcommand_type[0m=[35mfetch_page[0m [36mentity[0m=[35mInvoices[0m [36mpriority[0m=[35m1[0m [36mretry_count[0m=[35m0[0m [36mskip[0m=[35m3000[0m [36mtop[0m=[35m1500[0m [36mworker_id[0m=[35mworker_1[0m
2025-09-22 11:02:21,473 - workers.proxy_pool - INFO - execute_command:74 - [2m2025-09-22T05:32:21.473077Z[0m [[32m[1minfo     [0m] [1m🔄 Worker executing request with resilience patterns[0m [[0m[1m[34mworkers.proxy_pool[0m][0m [36mcircuit_breaker_state[0m=[35mclosed[0m [36mcommand_id[0m=[35mInvoices_page_next_3000[0m [36mworker_id[0m=[35mworker_1[0m
2025-09-22 11:02:21,474 - storage.transformer - WARNING - transform_odata_response:67 - [2m2025-09-22T05:32:21.474942Z[0m [[33m[1mwarning  [0m] [1mNo records found in response  [0m [[0m[1m[34mstorage.transformer[0m][0m [36mentity_name[0m=[35mOrder_Details_Extendeds[0m
2025-09-22 11:02:21,475 - httpcore.http11 - DEBUG - atrace:87 - send_request_headers.started request=<Request [b'GET']>
2025-09-22 11:02:21,475 - httpcore.http11 - DEBUG - atrace:87 - send_request_headers.complete
2025-09-22 11:02:21,475 - httpcore.http11 - DEBUG - atrace:87 - send_request_body.started request=<Request [b'GET']>
2025-09-22 11:02:21,475 - httpcore.http11 - DEBUG - atrace:87 - send_request_body.complete
2025-09-22 11:02:21,475 - httpcore.http11 - DEBUG - atrace:87 - receive_response_headers.started request=<Request [b'GET']>
2025-09-22 11:02:21,546 - httpcore.http11 - DEBUG - atrace:87 - receive_response_headers.complete return_value=(b'HTTP/1.1', 200, b'OK', [(b'Content-Length', b'203'), (b'Content-Type', b'application/json;odata.metadata=minimal;odata.streaming=true;IEEE754Compatible=false;charset=utf-8'), (b'Date', b'Mon, 22 Sep 2025 05:32:22 GMT'), (b'Server', b'Microsoft-IIS/10.0'), (b'Access-Control-Allow-Headers', b'Accept, Origin, Content-Type, MaxDataServiceVersion'), (b'Access-Control-Allow-Methods', b'GET'), (b'Access-Control-Allow-Origin', b'*'), (b'Access-Control-Expose-Headers', b'DataServiceVersion'), (b'Cache-Control', b'private'), (b'Content-Encoding', b'gzip'), (b'Expires', b'Mon, 22 Sep 2025 05:33:23 GMT'), (b'Vary', b'*'), (b'X-Content-Type-Options', b'nosniff'), (b'OData-Version', b'4.0;'), (b'X-AspNet-Version', b'4.0.30319'), (b'X-Powered-By', b'ASP.NET')])
2025-09-22 11:02:21,546 - httpx - INFO - _send_single_request:1740 - HTTP Request: GET https://services.odata.org/V4/Northwind/Northwind.svc/Orders?%24skip=1500&%24top=1500 "HTTP/1.1 200 OK"
2025-09-22 11:02:21,546 - httpcore.http11 - DEBUG - atrace:87 - receive_response_body.started request=<Request [b'GET']>
2025-09-22 11:02:21,546 - httpcore.http11 - DEBUG - atrace:87 - receive_response_body.complete
2025-09-22 11:02:21,546 - httpcore.http11 - DEBUG - atrace:87 - response_closed.started
2025-09-22 11:02:21,546 - httpcore.http11 - DEBUG - atrace:87 - response_closed.complete
2025-09-22 11:02:21,546 - workers.proxy_pool - INFO - _make_http_request:162 - [2m2025-09-22T05:32:21.546062Z[0m [[32m[1minfo     [0m] [1m📊 Worker successfully fetched data[0m [[0m[1m[34mworkers.proxy_pool[0m][0m [36mcommand_id[0m=[35mOrders_page_next_1500[0m [36mentity[0m=[35mOrders[0m [36mhas_next_page[0m=[35mFalse[0m [36mrecords_in_response[0m=[35m0[0m [36mworker_id[0m=[35mworker_2[0m
2025-09-22 11:02:21,546 - workers.proxy_pool - INFO - execute_command:85 - [2m2025-09-22T05:32:21.546062Z[0m [[32m[1minfo     [0m] [1m✅ Worker completed command successfully[0m [[0m[1m[34mworkers.proxy_pool[0m][0m [36mcommand_id[0m=[35mOrders_page_next_1500[0m [36mentity[0m=[35mOrders[0m [36mexecution_time_seconds[0m=[35m0.27[0m [36mhas_next_page[0m=[35mFalse[0m [36mrecords_fetched[0m=[35m0[0m [36mworker_id[0m=[35mworker_2[0m
2025-09-22 11:02:21,546 - workers.proxy_pool - INFO - _worker_loop:363 - [2m2025-09-22T05:32:21.546062Z[0m [[32m[1minfo     [0m] [1m📋 Worker picked up command from queue[0m [[0m[1m[34mworkers.proxy_pool[0m][0m [36mcommand_id[0m=[35mOrder_Details_page_next_3000[0m [36mentity[0m=[35mOrder_Details[0m [36mqueue_size_after_pickup[0m=[35m1[0m [36mworker_id[0m=[35mworker_2[0m [36mworker_status[0m=[35mPROCESSING[0m
2025-09-22 11:02:21,546 - workers.proxy_pool - INFO - execute_command:51 - [2m2025-09-22T05:32:21.546062Z[0m [[32m[1minfo     [0m] [1m🚀 Worker starting command execution[0m [[0m[1m[34mworkers.proxy_pool[0m][0m [36mcommand_id[0m=[35mOrder_Details_page_next_3000[0m [36mcommand_type[0m=[35mfetch_page[0m [36mentity[0m=[35mOrder_Details[0m [36mpriority[0m=[35m1[0m [36mretry_count[0m=[35m0[0m [36mskip[0m=[35m3000[0m [36mtop[0m=[35m1500[0m [36mworker_id[0m=[35mworker_2[0m
2025-09-22 11:02:21,546 - workers.proxy_pool - INFO - execute_command:74 - [2m2025-09-22T05:32:21.546062Z[0m [[32m[1minfo     [0m] [1m🔄 Worker executing request with resilience patterns[0m [[0m[1m[34mworkers.proxy_pool[0m][0m [36mcircuit_breaker_state[0m=[35mclosed[0m [36mcommand_id[0m=[35mOrder_Details_page_next_3000[0m [36mworker_id[0m=[35mworker_2[0m
2025-09-22 11:02:21,550 - storage.transformer - WARNING - transform_odata_response:67 - [2m2025-09-22T05:32:21.546062Z[0m [[33m[1mwarning  [0m] [1mNo records found in response  [0m [[0m[1m[34mstorage.transformer[0m][0m [36mentity_name[0m=[35mOrders[0m
2025-09-22 11:02:21,550 - httpcore.http11 - DEBUG - atrace:87 - send_request_headers.started request=<Request [b'GET']>
2025-09-22 11:02:21,551 - httpcore.http11 - DEBUG - atrace:87 - send_request_headers.complete
2025-09-22 11:02:21,551 - httpcore.http11 - DEBUG - atrace:87 - send_request_body.started request=<Request [b'GET']>
2025-09-22 11:02:21,551 - httpcore.http11 - DEBUG - atrace:87 - send_request_body.complete
2025-09-22 11:02:21,551 - httpcore.http11 - DEBUG - atrace:87 - receive_response_headers.started request=<Request [b'GET']>
2025-09-22 11:02:21,709 - httpcore.http11 - DEBUG - atrace:87 - receive_response_headers.complete return_value=(b'HTTP/1.1', 200, b'OK', [(b'Content-Length', b'203'), (b'Content-Type', b'application/json;odata.metadata=minimal;odata.streaming=true;IEEE754Compatible=false;charset=utf-8'), (b'Date', b'Mon, 22 Sep 2025 05:32:22 GMT'), (b'Server', b'Microsoft-IIS/10.0'), (b'Access-Control-Allow-Headers', b'Accept, Origin, Content-Type, MaxDataServiceVersion'), (b'Access-Control-Allow-Methods', b'GET'), (b'Access-Control-Allow-Origin', b'*'), (b'Access-Control-Expose-Headers', b'DataServiceVersion'), (b'Cache-Control', b'private'), (b'Content-Encoding', b'gzip'), (b'Expires', b'Mon, 22 Sep 2025 05:33:22 GMT'), (b'Vary', b'*'), (b'X-Content-Type-Options', b'nosniff'), (b'OData-Version', b'4.0;'), (b'X-AspNet-Version', b'4.0.30319'), (b'X-Powered-By', b'ASP.NET')])
2025-09-22 11:02:21,709 - httpx - INFO - _send_single_request:1740 - HTTP Request: GET https://services.odata.org/V4/Northwind/Northwind.svc/Invoices?%24skip=3000&%24top=1500 "HTTP/1.1 200 OK"
2025-09-22 11:02:21,709 - httpcore.http11 - DEBUG - atrace:87 - receive_response_body.started request=<Request [b'GET']>
2025-09-22 11:02:21,709 - httpcore.http11 - DEBUG - atrace:87 - receive_response_body.complete
2025-09-22 11:02:21,709 - httpcore.http11 - DEBUG - atrace:87 - response_closed.started
2025-09-22 11:02:21,709 - httpcore.http11 - DEBUG - atrace:87 - response_closed.complete
2025-09-22 11:02:21,709 - workers.proxy_pool - INFO - _make_http_request:162 - [2m2025-09-22T05:32:21.709792Z[0m [[32m[1minfo     [0m] [1m📊 Worker successfully fetched data[0m [[0m[1m[34mworkers.proxy_pool[0m][0m [36mcommand_id[0m=[35mInvoices_page_next_3000[0m [36mentity[0m=[35mInvoices[0m [36mhas_next_page[0m=[35mFalse[0m [36mrecords_in_response[0m=[35m0[0m [36mworker_id[0m=[35mworker_1[0m
2025-09-22 11:02:21,715 - workers.proxy_pool - INFO - execute_command:85 - [2m2025-09-22T05:32:21.715065Z[0m [[32m[1minfo     [0m] [1m✅ Worker completed command successfully[0m [[0m[1m[34mworkers.proxy_pool[0m][0m [36mcommand_id[0m=[35mInvoices_page_next_3000[0m [36mentity[0m=[35mInvoices[0m [36mexecution_time_seconds[0m=[35m0.25[0m [36mhas_next_page[0m=[35mFalse[0m [36mrecords_fetched[0m=[35m0[0m [36mworker_id[0m=[35mworker_1[0m
2025-09-22 11:02:21,715 - workers.proxy_pool - INFO - _worker_loop:363 - [2m2025-09-22T05:32:21.715065Z[0m [[32m[1minfo     [0m] [1m📋 Worker picked up command from queue[0m [[0m[1m[34mworkers.proxy_pool[0m][0m [36mcommand_id[0m=[35mOrder_Details_Extendeds_page_next_3000[0m [36mentity[0m=[35mOrder_Details_Extendeds[0m [36mqueue_size_after_pickup[0m=[35m0[0m [36mworker_id[0m=[35mworker_1[0m [36mworker_status[0m=[35mPROCESSING[0m
2025-09-22 11:02:21,715 - workers.proxy_pool - INFO - execute_command:51 - [2m2025-09-22T05:32:21.715065Z[0m [[32m[1minfo     [0m] [1m🚀 Worker starting command execution[0m [[0m[1m[34mworkers.proxy_pool[0m][0m [36mcommand_id[0m=[35mOrder_Details_Extendeds_page_next_3000[0m [36mcommand_type[0m=[35mfetch_page[0m [36mentity[0m=[35mOrder_Details_Extendeds[0m [36mpriority[0m=[35m1[0m [36mretry_count[0m=[35m0[0m [36mskip[0m=[35m3000[0m [36mtop[0m=[35m1500[0m [36mworker_id[0m=[35mworker_1[0m
2025-09-22 11:02:21,715 - workers.proxy_pool - INFO - execute_command:74 - [2m2025-09-22T05:32:21.715065Z[0m [[32m[1minfo     [0m] [1m🔄 Worker executing request with resilience patterns[0m [[0m[1m[34mworkers.proxy_pool[0m][0m [36mcircuit_breaker_state[0m=[35mclosed[0m [36mcommand_id[0m=[35mOrder_Details_Extendeds_page_next_3000[0m [36mworker_id[0m=[35mworker_1[0m
2025-09-22 11:02:21,715 - storage.transformer - WARNING - transform_odata_response:67 - [2m2025-09-22T05:32:21.715065Z[0m [[33m[1mwarning  [0m] [1mNo records found in response  [0m [[0m[1m[34mstorage.transformer[0m][0m [36mentity_name[0m=[35mInvoices[0m
2025-09-22 11:02:21,715 - httpcore.http11 - DEBUG - atrace:87 - send_request_headers.started request=<Request [b'GET']>
2025-09-22 11:02:21,720 - httpcore.http11 - DEBUG - atrace:87 - receive_response_headers.complete return_value=(b'HTTP/1.1', 200, b'OK', [(b'Content-Length', b'205'), (b'Content-Type', b'application/json;odata.metadata=minimal;odata.streaming=true;IEEE754Compatible=false;charset=utf-8'), (b'Date', b'Mon, 22 Sep 2025 05:32:22 GMT'), (b'Server', b'Microsoft-IIS/10.0'), (b'Access-Control-Allow-Headers', b'Accept, Origin, Content-Type, MaxDataServiceVersion'), (b'Access-Control-Allow-Methods', b'GET'), (b'Access-Control-Allow-Origin', b'*'), (b'Access-Control-Expose-Headers', b'DataServiceVersion'), (b'Cache-Control', b'private'), (b'Content-Encoding', b'gzip'), (b'Expires', b'Mon, 22 Sep 2025 05:33:23 GMT'), (b'Vary', b'*'), (b'X-Content-Type-Options', b'nosniff'), (b'OData-Version', b'4.0;'), (b'X-AspNet-Version', b'4.0.30319'), (b'X-Powered-By', b'ASP.NET')])
2025-09-22 11:02:21,720 - httpx - INFO - _send_single_request:1740 - HTTP Request: GET https://services.odata.org/V4/Northwind/Northwind.svc/Products?%24skip=1500&%24top=1500 "HTTP/1.1 200 OK"
2025-09-22 11:02:21,720 - httpcore.http11 - DEBUG - atrace:87 - receive_response_body.started request=<Request [b'GET']>
2025-09-22 11:02:21,721 - httpcore.http11 - DEBUG - atrace:87 - receive_response_body.complete
2025-09-22 11:02:21,721 - httpcore.http11 - DEBUG - atrace:87 - response_closed.started
2025-09-22 11:02:21,721 - httpcore.http11 - DEBUG - atrace:87 - send_request_headers.complete
2025-09-22 11:02:21,721 - httpcore.http11 - DEBUG - atrace:87 - send_request_body.started request=<Request [b'GET']>
2025-09-22 11:02:21,721 - httpcore.http11 - DEBUG - atrace:87 - send_request_body.complete
2025-09-22 11:02:21,721 - httpcore.http11 - DEBUG - atrace:87 - receive_response_headers.started request=<Request [b'GET']>
2025-09-22 11:02:21,721 - httpcore.http11 - DEBUG - atrace:87 - response_closed.complete
2025-09-22 11:02:21,722 - workers.proxy_pool - INFO - _make_http_request:162 - [2m2025-09-22T05:32:21.722113Z[0m [[32m[1minfo     [0m] [1m📊 Worker successfully fetched data[0m [[0m[1m[34mworkers.proxy_pool[0m][0m [36mcommand_id[0m=[35mProducts_page_next_1500[0m [36mentity[0m=[35mProducts[0m [36mhas_next_page[0m=[35mFalse[0m [36mrecords_in_response[0m=[35m0[0m [36mworker_id[0m=[35mworker_0[0m
2025-09-22 11:02:21,722 - workers.proxy_pool - INFO - execute_command:85 - [2m2025-09-22T05:32:21.722454Z[0m [[32m[1minfo     [0m] [1m✅ Worker completed command successfully[0m [[0m[1m[34mworkers.proxy_pool[0m][0m [36mcommand_id[0m=[35mProducts_page_next_1500[0m [36mentity[0m=[35mProducts[0m [36mexecution_time_seconds[0m=[35m0.27[0m [36mhas_next_page[0m=[35mFalse[0m [36mrecords_fetched[0m=[35m0[0m [36mworker_id[0m=[35mworker_0[0m
2025-09-22 11:02:21,723 - storage.transformer - WARNING - transform_odata_response:67 - [2m2025-09-22T05:32:21.723346Z[0m [[33m[1mwarning  [0m] [1mNo records found in response  [0m [[0m[1m[34mstorage.transformer[0m][0m [36mentity_name[0m=[35mProducts[0m
2025-09-22 11:02:21,787 - httpcore.http11 - DEBUG - atrace:87 - receive_response_headers.complete return_value=(b'HTTP/1.1', 200, b'OK', [(b'Content-Length', b'209'), (b'Content-Type', b'application/json;odata.metadata=minimal;odata.streaming=true;IEEE754Compatible=false;charset=utf-8'), (b'Date', b'Mon, 22 Sep 2025 05:32:22 GMT'), (b'Server', b'Microsoft-IIS/10.0'), (b'Access-Control-Allow-Headers', b'Accept, Origin, Content-Type, MaxDataServiceVersion'), (b'Access-Control-Allow-Methods', b'GET'), (b'Access-Control-Allow-Origin', b'*'), (b'Access-Control-Expose-Headers', b'DataServiceVersion'), (b'Cache-Control', b'private'), (b'Content-Encoding', b'gzip'), (b'Expires', b'Mon, 22 Sep 2025 05:33:22 GMT'), (b'Vary', b'*'), (b'X-Content-Type-Options', b'nosniff'), (b'OData-Version', b'4.0;'), (b'X-AspNet-Version', b'4.0.30319'), (b'X-Powered-By', b'ASP.NET')])
2025-09-22 11:02:21,787 - httpx - INFO - _send_single_request:1740 - HTTP Request: GET https://services.odata.org/V4/Northwind/Northwind.svc/Order_Details?%24skip=3000&%24top=1500 "HTTP/1.1 200 OK"
2025-09-22 11:02:21,788 - httpcore.http11 - DEBUG - atrace:87 - receive_response_body.started request=<Request [b'GET']>
2025-09-22 11:02:21,788 - httpcore.http11 - DEBUG - atrace:87 - receive_response_body.complete
2025-09-22 11:02:21,788 - httpcore.http11 - DEBUG - atrace:87 - response_closed.started
2025-09-22 11:02:21,788 - httpcore.http11 - DEBUG - atrace:87 - response_closed.complete
2025-09-22 11:02:21,788 - workers.proxy_pool - INFO - _make_http_request:162 - [2m2025-09-22T05:32:21.788890Z[0m [[32m[1minfo     [0m] [1m📊 Worker successfully fetched data[0m [[0m[1m[34mworkers.proxy_pool[0m][0m [36mcommand_id[0m=[35mOrder_Details_page_next_3000[0m [36mentity[0m=[35mOrder_Details[0m [36mhas_next_page[0m=[35mFalse[0m [36mrecords_in_response[0m=[35m0[0m [36mworker_id[0m=[35mworker_2[0m
2025-09-22 11:02:21,789 - workers.proxy_pool - INFO - execute_command:85 - [2m2025-09-22T05:32:21.789890Z[0m [[32m[1minfo     [0m] [1m✅ Worker completed command successfully[0m [[0m[1m[34mworkers.proxy_pool[0m][0m [36mcommand_id[0m=[35mOrder_Details_page_next_3000[0m [36mentity[0m=[35mOrder_Details[0m [36mexecution_time_seconds[0m=[35m0.23[0m [36mhas_next_page[0m=[35mFalse[0m [36mrecords_fetched[0m=[35m0[0m [36mworker_id[0m=[35mworker_2[0m
2025-09-22 11:02:21,789 - storage.transformer - WARNING - transform_odata_response:67 - [2m2025-09-22T05:32:21.789890Z[0m [[33m[1mwarning  [0m] [1mNo records found in response  [0m [[0m[1m[34mstorage.transformer[0m][0m [36mentity_name[0m=[35mOrder_Details[0m
2025-09-22 11:02:21,950 - httpcore.http11 - DEBUG - atrace:87 - receive_response_headers.complete return_value=(b'HTTP/1.1', 200, b'OK', [(b'Content-Length', b'219'), (b'Content-Type', b'application/json;odata.metadata=minimal;odata.streaming=true;IEEE754Compatible=false;charset=utf-8'), (b'Date', b'Mon, 22 Sep 2025 05:32:23 GMT'), (b'Server', b'Microsoft-IIS/10.0'), (b'Access-Control-Allow-Headers', b'Accept, Origin, Content-Type, MaxDataServiceVersion'), (b'Access-Control-Allow-Methods', b'GET'), (b'Access-Control-Allow-Origin', b'*'), (b'Access-Control-Expose-Headers', b'DataServiceVersion'), (b'Cache-Control', b'private'), (b'Content-Encoding', b'gzip'), (b'Expires', b'Mon, 22 Sep 2025 05:33:23 GMT'), (b'Vary', b'*'), (b'X-Content-Type-Options', b'nosniff'), (b'OData-Version', b'4.0;'), (b'X-AspNet-Version', b'4.0.30319'), (b'X-Powered-By', b'ASP.NET')])
2025-09-22 11:02:21,950 - httpx - INFO - _send_single_request:1740 - HTTP Request: GET https://services.odata.org/V4/Northwind/Northwind.svc/Order_Details_Extendeds?%24skip=3000&%24top=1500 "HTTP/1.1 200 OK"
2025-09-22 11:02:21,963 - httpcore.http11 - DEBUG - atrace:87 - receive_response_body.started request=<Request [b'GET']>
2025-09-22 11:02:21,963 - httpcore.http11 - DEBUG - atrace:87 - receive_response_body.complete
2025-09-22 11:02:21,963 - httpcore.http11 - DEBUG - atrace:87 - response_closed.started
2025-09-22 11:02:21,963 - httpcore.http11 - DEBUG - atrace:87 - response_closed.complete
2025-09-22 11:02:21,963 - workers.proxy_pool - INFO - _make_http_request:162 - [2m2025-09-22T05:32:21.963814Z[0m [[32m[1minfo     [0m] [1m📊 Worker successfully fetched data[0m [[0m[1m[34mworkers.proxy_pool[0m][0m [36mcommand_id[0m=[35mOrder_Details_Extendeds_page_next_3000[0m [36mentity[0m=[35mOrder_Details_Extendeds[0m [36mhas_next_page[0m=[35mFalse[0m [36mrecords_in_response[0m=[35m0[0m [36mworker_id[0m=[35mworker_1[0m
2025-09-22 11:02:21,963 - workers.proxy_pool - INFO - execute_command:85 - [2m2025-09-22T05:32:21.963814Z[0m [[32m[1minfo     [0m] [1m✅ Worker completed command successfully[0m [[0m[1m[34mworkers.proxy_pool[0m][0m [36mcommand_id[0m=[35mOrder_Details_Extendeds_page_next_3000[0m [36mentity[0m=[35mOrder_Details_Extendeds[0m [36mexecution_time_seconds[0m=[35m0.25[0m [36mhas_next_page[0m=[35mFalse[0m [36mrecords_fetched[0m=[35m0[0m [36mworker_id[0m=[35mworker_1[0m
2025-09-22 11:02:21,963 - storage.transformer - WARNING - transform_odata_response:67 - [2m2025-09-22T05:32:21.963814Z[0m [[33m[1mwarning  [0m] [1mNo records found in response  [0m [[0m[1m[34mstorage.transformer[0m][0m [36mentity_name[0m=[35mOrder_Details_Extendeds[0m
2025-09-22 11:02:24,317 - connector - INFO - _execution_phase:232 - [2m2025-09-22T05:32:24.317404Z[0m [[32m[1minfo     [0m] [1mExecution phase completed     [0m [[0m[1m[34mconnector[0m][0m
2025-09-22 11:02:24,318 - connector - INFO - _completion_phase:267 - [2m2025-09-22T05:32:24.317404Z[0m [[32m[1minfo     [0m] [1mStarting completion phase     [0m [[0m[1m[34mconnector[0m][0m
2025-09-22 11:02:24,319 - workers.proxy_pool - INFO - stop:306 - [2m2025-09-22T05:32:24.319156Z[0m [[32m[1minfo     [0m] [1mStopping proxy pool           [0m [[0m[1m[34mworkers.proxy_pool[0m][0m
2025-09-22 11:02:24,320 - workers.proxy_pool - INFO - _worker_loop:392 - [2m2025-09-22T05:32:24.320103Z[0m [[32m[1minfo     [0m] [1m🛑 Worker cancelled            [0m [[0m[1m[34mworkers.proxy_pool[0m][0m [36mworker_id[0m=[35mworker_0[0m [36mworker_status[0m=[35mCANCELLED[0m
2025-09-22 11:02:24,320 - workers.proxy_pool - INFO - _worker_loop:406 - [2m2025-09-22T05:32:24.320425Z[0m [[32m[1minfo     [0m] [1m🔴 Worker stopped              [0m [[0m[1m[34mworkers.proxy_pool[0m][0m [36mfinal_stats[0m=[35m{'requests_processed': 12, 'requests_failed': 0, 'requests_retried': 0}[0m [36mworker_id[0m=[35mworker_0[0m [36mworker_status[0m=[35mSTOPPED[0m
2025-09-22 11:02:24,321 - workers.proxy_pool - INFO - _worker_loop:392 - [2m2025-09-22T05:32:24.321505Z[0m [[32m[1minfo     [0m] [1m🛑 Worker cancelled            [0m [[0m[1m[34mworkers.proxy_pool[0m][0m [36mworker_id[0m=[35mworker_1[0m [36mworker_status[0m=[35mCANCELLED[0m
2025-09-22 11:02:24,321 - workers.proxy_pool - INFO - _worker_loop:406 - [2m2025-09-22T05:32:24.321505Z[0m [[32m[1minfo     [0m] [1m🔴 Worker stopped              [0m [[0m[1m[34mworkers.proxy_pool[0m][0m [36mfinal_stats[0m=[35m{'requests_processed': 16, 'requests_failed': 0, 'requests_retried': 0}[0m [36mworker_id[0m=[35mworker_1[0m [36mworker_status[0m=[35mSTOPPED[0m
2025-09-22 11:02:24,321 - workers.proxy_pool - INFO - _worker_loop:392 - [2m2025-09-22T05:32:24.321505Z[0m [[32m[1minfo     [0m] [1m🛑 Worker cancelled            [0m [[0m[1m[34mworkers.proxy_pool[0m][0m [36mworker_id[0m=[35mworker_2[0m [36mworker_status[0m=[35mCANCELLED[0m
2025-09-22 11:02:24,322 - workers.proxy_pool - INFO - _worker_loop:406 - [2m2025-09-22T05:32:24.322492Z[0m [[32m[1minfo     [0m] [1m🔴 Worker stopped              [0m [[0m[1m[34mworkers.proxy_pool[0m][0m [36mfinal_stats[0m=[35m{'requests_processed': 17, 'requests_failed': 0, 'requests_retried': 0}[0m [36mworker_id[0m=[35mworker_2[0m [36mworker_status[0m=[35mSTOPPED[0m
2025-09-22 11:02:24,322 - httpcore.connection - DEBUG - atrace:87 - close.started
2025-09-22 11:02:24,323 - httpcore.connection - DEBUG - atrace:87 - close.complete
2025-09-22 11:02:24,323 - httpcore.connection - DEBUG - atrace:87 - close.started
2025-09-22 11:02:24,323 - httpcore.connection - DEBUG - atrace:87 - close.complete
2025-09-22 11:02:24,323 - httpcore.connection - DEBUG - atrace:87 - close.started
2025-09-22 11:02:24,323 - httpcore.connection - DEBUG - atrace:87 - close.complete
2025-09-22 11:02:24,323 - workers.proxy_pool - INFO - stop:324 - [2m2025-09-22T05:32:24.323498Z[0m [[32m[1minfo     [0m] [1mProxy pool stopped            [0m [[0m[1m[34mworkers.proxy_pool[0m][0m
2025-09-22 11:02:24,323 - connector - INFO - _completion_phase:276 - [2m2025-09-22T05:32:24.323498Z[0m [[32m[1minfo     [0m] [1mCompletion phase finished     [0m [[0m[1m[34mconnector[0m][0m [36mdlq_failures[0m=[35m0[0m
2025-09-22 11:02:24,323 - connector - INFO - run:169 - [2m2025-09-22T05:32:24.323498Z[0m [[32m[1minfo     [0m] [1mConnector execution completed successfully[0m [[0m[1m[34mconnector[0m][0m [36mduration[0m=[35m18.932015[0m [36mentities_processed[0m=[35m0[0m [36mrecords_processed[0m=[35m4606[0m
2025-09-22 11:02:24,324 - connector - INFO - _cleanup:412 - [2m2025-09-22T05:32:24.324493Z[0m [[32m[1minfo     [0m] [1mCleaning up connector resources[0m [[0m[1m[34mconnector[0m][0m
