2025-09-22 14:49:37,036 - logging_config - INFO - setup_connector_logging:106 - [2m2025-09-22T09:19:37.036203Z[0m [[32m[1minfo     [0m] [1mSAP OData Connector logging configured[0m [[0m[1m[34mlogging_config[0m][0m [36mlog_file[0m=[35mlogs\sap_odata_connector_20250922_144937.log[0m [36mlog_level[0m=[35mINFO[0m [36mlog_to_file[0m=[35mTrue[0m
2025-09-22 14:49:37,255 - logging_config - INFO - setup_connector_logging:106 - [2m2025-09-22T09:19:37.255887Z[0m [[32m[1minfo     [0m] [1mSAP OData Connector logging configured[0m [[0m[1m[34mlogging_config[0m][0m [36mlog_file[0m=[35mlogs\sap_odata_connector_20250922_144937.log[0m [36mlog_level[0m=[35mINFO[0m [36mlog_to_file[0m=[35mTrue[0m
2025-09-22 14:49:37,722 - asyncio - DEBUG - __init__:634 - Using proactor: IocpProactor
2025-09-22 14:49:37,724 - odc.connector - INFO - initialize:98 - [2m2025-09-22T09:19:37.724665Z[0m [[32m[1minfo     [0m] [1mInitializing SAP OData Connector[0m [[0m[1m[34modc.connector[0m][0m
2025-09-22 14:49:37,725 - odc.connector - INFO - initialize:124 - [2m2025-09-22T09:19:37.725940Z[0m [[32m[1minfo     [0m] [1mConnector initialization completed[0m [[0m[1m[34modc.connector[0m][0m
2025-09-22 14:49:37,726 - odc.connector - INFO - run:152 - [2m2025-09-22T09:19:37.725940Z[0m [[32m[1minfo     [0m] [1mStarting SAP OData connector execution[0m [[0m[1m[34modc.connector[0m][0m
2025-09-22 14:49:37,726 - odc.connector - INFO - _discovery_phase:187 - [2m2025-09-22T09:19:37.726947Z[0m [[32m[1minfo     [0m] [1mStarting discovery phase      [0m [[0m[1m[34modc.connector[0m][0m
2025-09-22 14:49:38,052 - services.metadata - INFO - fetch_metadata:64 - [2m2025-09-22T09:19:38.052180Z[0m [[32m[1minfo     [0m] [1mFetching metadata from OData service[0m [[0m[1m[34mservices.metadata[0m][0m [36murl[0m=[35mhttps://services.odata.org/V4/Northwind/Northwind.svc/$metadata[0m
2025-09-22 14:49:38,057 - httpcore.connection - DEBUG - atrace:87 - connect_tcp.started host='services.odata.org' port=443 local_address=None timeout=30 socket_options=None
2025-09-22 14:49:38,342 - httpcore.connection - DEBUG - atrace:87 - connect_tcp.complete return_value=<httpcore._backends.anyio.AnyIOStream object at 0x000002598FB12960>
2025-09-22 14:49:38,342 - httpcore.connection - DEBUG - atrace:87 - start_tls.started ssl_context=<ssl.SSLContext object at 0x00000259914FCC50> server_hostname='services.odata.org' timeout=30
2025-09-22 14:49:38,836 - httpcore.connection - DEBUG - atrace:87 - start_tls.complete return_value=<httpcore._backends.anyio.AnyIOStream object at 0x00000259914E6150>
2025-09-22 14:49:38,839 - httpcore.http11 - DEBUG - atrace:87 - send_request_headers.started request=<Request [b'GET']>
2025-09-22 14:49:38,839 - httpcore.http11 - DEBUG - atrace:87 - send_request_headers.complete
2025-09-22 14:49:38,839 - httpcore.http11 - DEBUG - atrace:87 - send_request_body.started request=<Request [b'GET']>
2025-09-22 14:49:38,839 - httpcore.http11 - DEBUG - atrace:87 - send_request_body.complete
2025-09-22 14:49:38,839 - httpcore.http11 - DEBUG - atrace:87 - receive_response_headers.started request=<Request [b'GET']>
2025-09-22 14:49:39,086 - httpcore.http11 - DEBUG - atrace:87 - receive_response_headers.complete return_value=(b'HTTP/1.1', 200, b'OK', [(b'Content-Length', b'19406'), (b'Content-Type', b'application/xml;charset=utf-8'), (b'Date', b'Mon, 22 Sep 2025 09:19:40 GMT'), (b'Server', b'Microsoft-IIS/10.0'), (b'Access-Control-Allow-Headers', b'Accept, Origin, Content-Type, MaxDataServiceVersion'), (b'Access-Control-Allow-Methods', b'GET'), (b'Access-Control-Allow-Origin', b'*'), (b'Access-Control-Expose-Headers', b'DataServiceVersion'), (b'Cache-Control', b'private'), (b'Expires', b'Mon, 22 Sep 2025 09:20:40 GMT'), (b'Vary', b'*'), (b'X-Content-Type-Options', b'nosniff'), (b'OData-Version', b'4.0;'), (b'X-AspNet-Version', b'4.0.30319'), (b'X-Powered-By', b'ASP.NET')])
2025-09-22 14:49:39,086 - httpx - INFO - _send_single_request:1740 - HTTP Request: GET https://services.odata.org/V4/Northwind/Northwind.svc/$metadata "HTTP/1.1 200 OK"
2025-09-22 14:49:39,086 - httpcore.http11 - DEBUG - atrace:87 - receive_response_body.started request=<Request [b'GET']>
2025-09-22 14:49:39,330 - httpcore.http11 - DEBUG - atrace:87 - receive_response_body.complete
2025-09-22 14:49:39,330 - httpcore.http11 - DEBUG - atrace:87 - response_closed.started
2025-09-22 14:49:39,330 - httpcore.http11 - DEBUG - atrace:87 - response_closed.complete
2025-09-22 14:49:39,330 - services.metadata - INFO - fetch_metadata:82 - [2m2025-09-22T09:19:39.330281Z[0m [[32m[1minfo     [0m] [1mSuccessfully parsed metadata  [0m [[0m[1m[34mservices.metadata[0m][0m [36mentity_count[0m=[35m26[0m
2025-09-22 14:49:39,330 - httpcore.connection - DEBUG - atrace:87 - close.started
2025-09-22 14:49:39,330 - httpcore.connection - DEBUG - atrace:87 - close.complete
2025-09-22 14:49:39,539 - services.count - INFO - get_entity_counts:34 - [2m2025-09-22T09:19:39.539481Z[0m [[32m[1minfo     [0m] [1mFetching entity counts        [0m [[0m[1m[34mservices.count[0m][0m [36mentity_count[0m=[35m26[0m
2025-09-22 14:49:39,546 - httpcore.connection - DEBUG - atrace:87 - connect_tcp.started host='services.odata.org' port=443 local_address=None timeout=30 socket_options=None
2025-09-22 14:49:39,546 - httpcore.connection - DEBUG - atrace:87 - connect_tcp.started host='services.odata.org' port=443 local_address=None timeout=30 socket_options=None
2025-09-22 14:49:39,546 - httpcore.connection - DEBUG - atrace:87 - connect_tcp.started host='services.odata.org' port=443 local_address=None timeout=30 socket_options=None
2025-09-22 14:49:39,546 - httpcore.connection - DEBUG - atrace:87 - connect_tcp.started host='services.odata.org' port=443 local_address=None timeout=30 socket_options=None
2025-09-22 14:49:39,548 - httpcore.connection - DEBUG - atrace:87 - connect_tcp.started host='services.odata.org' port=443 local_address=None timeout=30 socket_options=None
2025-09-22 14:49:39,548 - httpcore.connection - DEBUG - atrace:87 - connect_tcp.started host='services.odata.org' port=443 local_address=None timeout=30 socket_options=None
2025-09-22 14:49:39,548 - httpcore.connection - DEBUG - atrace:87 - connect_tcp.started host='services.odata.org' port=443 local_address=None timeout=30 socket_options=None
2025-09-22 14:49:39,550 - httpcore.connection - DEBUG - atrace:87 - connect_tcp.started host='services.odata.org' port=443 local_address=None timeout=30 socket_options=None
2025-09-22 14:49:39,550 - httpcore.connection - DEBUG - atrace:87 - connect_tcp.started host='services.odata.org' port=443 local_address=None timeout=30 socket_options=None
2025-09-22 14:49:39,550 - httpcore.connection - DEBUG - atrace:87 - connect_tcp.started host='services.odata.org' port=443 local_address=None timeout=30 socket_options=None
2025-09-22 14:49:39,550 - httpcore.connection - DEBUG - atrace:87 - connect_tcp.started host='services.odata.org' port=443 local_address=None timeout=30 socket_options=None
2025-09-22 14:49:39,550 - httpcore.connection - DEBUG - atrace:87 - connect_tcp.started host='services.odata.org' port=443 local_address=None timeout=30 socket_options=None
2025-09-22 14:49:39,550 - httpcore.connection - DEBUG - atrace:87 - connect_tcp.started host='services.odata.org' port=443 local_address=None timeout=30 socket_options=None
2025-09-22 14:49:39,550 - httpcore.connection - DEBUG - atrace:87 - connect_tcp.started host='services.odata.org' port=443 local_address=None timeout=30 socket_options=None
2025-09-22 14:49:39,550 - httpcore.connection - DEBUG - atrace:87 - connect_tcp.started host='services.odata.org' port=443 local_address=None timeout=30 socket_options=None
2025-09-22 14:49:39,550 - httpcore.connection - DEBUG - atrace:87 - connect_tcp.started host='services.odata.org' port=443 local_address=None timeout=30 socket_options=None
2025-09-22 14:49:39,552 - httpcore.connection - DEBUG - atrace:87 - connect_tcp.started host='services.odata.org' port=443 local_address=None timeout=30 socket_options=None
2025-09-22 14:49:39,552 - httpcore.connection - DEBUG - atrace:87 - connect_tcp.started host='services.odata.org' port=443 local_address=None timeout=30 socket_options=None
2025-09-22 14:49:39,553 - httpcore.connection - DEBUG - atrace:87 - connect_tcp.started host='services.odata.org' port=443 local_address=None timeout=30 socket_options=None
2025-09-22 14:49:39,553 - httpcore.connection - DEBUG - atrace:87 - connect_tcp.started host='services.odata.org' port=443 local_address=None timeout=30 socket_options=None
2025-09-22 14:49:39,553 - httpcore.connection - DEBUG - atrace:87 - connect_tcp.started host='services.odata.org' port=443 local_address=None timeout=30 socket_options=None
2025-09-22 14:49:39,553 - httpcore.connection - DEBUG - atrace:87 - connect_tcp.started host='services.odata.org' port=443 local_address=None timeout=30 socket_options=None
2025-09-22 14:49:39,553 - httpcore.connection - DEBUG - atrace:87 - connect_tcp.started host='services.odata.org' port=443 local_address=None timeout=30 socket_options=None
2025-09-22 14:49:39,553 - httpcore.connection - DEBUG - atrace:87 - connect_tcp.started host='services.odata.org' port=443 local_address=None timeout=30 socket_options=None
2025-09-22 14:49:39,553 - httpcore.connection - DEBUG - atrace:87 - connect_tcp.started host='services.odata.org' port=443 local_address=None timeout=30 socket_options=None
2025-09-22 14:49:39,555 - httpcore.connection - DEBUG - atrace:87 - connect_tcp.started host='services.odata.org' port=443 local_address=None timeout=30 socket_options=None
2025-09-22 14:49:39,786 - httpcore.connection - DEBUG - atrace:87 - connect_tcp.complete return_value=<httpcore._backends.anyio.AnyIOStream object at 0x0000025991585A30>
2025-09-22 14:49:39,786 - httpcore.connection - DEBUG - atrace:87 - start_tls.started ssl_context=<ssl.SSLContext object at 0x00000259914FDA50> server_hostname='services.odata.org' timeout=30
2025-09-22 14:49:39,786 - httpcore.connection - DEBUG - atrace:87 - connect_tcp.complete return_value=<httpcore._backends.anyio.AnyIOStream object at 0x0000025991587DD0>
2025-09-22 14:49:39,786 - httpcore.connection - DEBUG - atrace:87 - start_tls.started ssl_context=<ssl.SSLContext object at 0x00000259914FDA50> server_hostname='services.odata.org' timeout=30
2025-09-22 14:49:39,786 - httpcore.connection - DEBUG - atrace:87 - connect_tcp.complete return_value=<httpcore._backends.anyio.AnyIOStream object at 0x00000259915F1E80>
2025-09-22 14:49:39,786 - httpcore.connection - DEBUG - atrace:87 - start_tls.started ssl_context=<ssl.SSLContext object at 0x00000259914FDA50> server_hostname='services.odata.org' timeout=30
2025-09-22 14:49:39,786 - httpcore.connection - DEBUG - atrace:87 - connect_tcp.complete return_value=<httpcore._backends.anyio.AnyIOStream object at 0x00000259915D3E30>
2025-09-22 14:49:39,786 - httpcore.connection - DEBUG - atrace:87 - start_tls.started ssl_context=<ssl.SSLContext object at 0x00000259914FDA50> server_hostname='services.odata.org' timeout=30
2025-09-22 14:49:39,786 - httpcore.connection - DEBUG - atrace:87 - connect_tcp.complete return_value=<httpcore._backends.anyio.AnyIOStream object at 0x00000259915877A0>
2025-09-22 14:49:39,786 - httpcore.connection - DEBUG - atrace:87 - start_tls.started ssl_context=<ssl.SSLContext object at 0x00000259914FDA50> server_hostname='services.odata.org' timeout=30
2025-09-22 14:49:39,786 - httpcore.connection - DEBUG - atrace:87 - connect_tcp.complete return_value=<httpcore._backends.anyio.AnyIOStream object at 0x00000259915DB4D0>
2025-09-22 14:49:39,786 - httpcore.connection - DEBUG - atrace:87 - start_tls.started ssl_context=<ssl.SSLContext object at 0x00000259914FDA50> server_hostname='services.odata.org' timeout=30
2025-09-22 14:49:39,786 - httpcore.connection - DEBUG - atrace:87 - connect_tcp.complete return_value=<httpcore._backends.anyio.AnyIOStream object at 0x00000259915D0A70>
2025-09-22 14:49:39,786 - httpcore.connection - DEBUG - atrace:87 - start_tls.started ssl_context=<ssl.SSLContext object at 0x00000259914FDA50> server_hostname='services.odata.org' timeout=30
2025-09-22 14:49:39,786 - httpcore.connection - DEBUG - atrace:87 - connect_tcp.complete return_value=<httpcore._backends.anyio.AnyIOStream object at 0x00000259915F23C0>
2025-09-22 14:49:39,786 - httpcore.connection - DEBUG - atrace:87 - start_tls.started ssl_context=<ssl.SSLContext object at 0x00000259914FDA50> server_hostname='services.odata.org' timeout=30
2025-09-22 14:49:39,786 - httpcore.connection - DEBUG - atrace:87 - connect_tcp.complete return_value=<httpcore._backends.anyio.AnyIOStream object at 0x00000259915D9F40>
2025-09-22 14:49:39,786 - httpcore.connection - DEBUG - atrace:87 - start_tls.started ssl_context=<ssl.SSLContext object at 0x00000259914FDA50> server_hostname='services.odata.org' timeout=30
2025-09-22 14:49:39,786 - httpcore.connection - DEBUG - atrace:87 - connect_tcp.complete return_value=<httpcore._backends.anyio.AnyIOStream object at 0x00000259915D16D0>
2025-09-22 14:49:39,786 - httpcore.connection - DEBUG - atrace:87 - start_tls.started ssl_context=<ssl.SSLContext object at 0x00000259914FDA50> server_hostname='services.odata.org' timeout=30
2025-09-22 14:49:39,786 - httpcore.connection - DEBUG - atrace:87 - connect_tcp.complete return_value=<httpcore._backends.anyio.AnyIOStream object at 0x0000025991586B40>
2025-09-22 14:49:39,794 - httpcore.connection - DEBUG - atrace:87 - start_tls.started ssl_context=<ssl.SSLContext object at 0x00000259914FDA50> server_hostname='services.odata.org' timeout=30
2025-09-22 14:49:39,794 - httpcore.connection - DEBUG - atrace:87 - connect_tcp.complete return_value=<httpcore._backends.anyio.AnyIOStream object at 0x00000259915D9220>
2025-09-22 14:49:39,794 - httpcore.connection - DEBUG - atrace:87 - start_tls.started ssl_context=<ssl.SSLContext object at 0x00000259914FDA50> server_hostname='services.odata.org' timeout=30
2025-09-22 14:49:39,794 - httpcore.connection - DEBUG - atrace:87 - connect_tcp.complete return_value=<httpcore._backends.anyio.AnyIOStream object at 0x00000259915D37A0>
2025-09-22 14:49:39,794 - httpcore.connection - DEBUG - atrace:87 - start_tls.started ssl_context=<ssl.SSLContext object at 0x00000259914FDA50> server_hostname='services.odata.org' timeout=30
2025-09-22 14:49:39,795 - httpcore.connection - DEBUG - atrace:87 - connect_tcp.complete return_value=<httpcore._backends.anyio.AnyIOStream object at 0x00000259915D2A80>
2025-09-22 14:49:39,795 - httpcore.connection - DEBUG - atrace:87 - start_tls.started ssl_context=<ssl.SSLContext object at 0x00000259914FDA50> server_hostname='services.odata.org' timeout=30
2025-09-22 14:49:39,795 - httpcore.connection - DEBUG - atrace:87 - connect_tcp.complete return_value=<httpcore._backends.anyio.AnyIOStream object at 0x00000259915D3110>
2025-09-22 14:49:39,795 - httpcore.connection - DEBUG - atrace:87 - start_tls.started ssl_context=<ssl.SSLContext object at 0x00000259914FDA50> server_hostname='services.odata.org' timeout=30
2025-09-22 14:49:39,795 - httpcore.connection - DEBUG - atrace:87 - connect_tcp.complete return_value=<httpcore._backends.anyio.AnyIOStream object at 0x00000259915DAD50>
2025-09-22 14:49:39,795 - httpcore.connection - DEBUG - atrace:87 - start_tls.started ssl_context=<ssl.SSLContext object at 0x00000259914FDA50> server_hostname='services.odata.org' timeout=30
2025-09-22 14:49:39,795 - httpcore.connection - DEBUG - atrace:87 - connect_tcp.complete return_value=<httpcore._backends.anyio.AnyIOStream object at 0x00000259915D8500>
2025-09-22 14:49:39,795 - httpcore.connection - DEBUG - atrace:87 - start_tls.started ssl_context=<ssl.SSLContext object at 0x00000259914FDA50> server_hostname='services.odata.org' timeout=30
2025-09-22 14:49:39,795 - httpcore.connection - DEBUG - atrace:87 - connect_tcp.complete return_value=<httpcore._backends.anyio.AnyIOStream object at 0x0000025991587170>
2025-09-22 14:49:39,795 - httpcore.connection - DEBUG - atrace:87 - start_tls.started ssl_context=<ssl.SSLContext object at 0x00000259914FDA50> server_hostname='services.odata.org' timeout=30
2025-09-22 14:49:39,795 - httpcore.connection - DEBUG - atrace:87 - connect_tcp.complete return_value=<httpcore._backends.anyio.AnyIOStream object at 0x00000259915D98B0>
2025-09-22 14:49:39,795 - httpcore.connection - DEBUG - atrace:87 - start_tls.started ssl_context=<ssl.SSLContext object at 0x00000259914FDA50> server_hostname='services.odata.org' timeout=30
2025-09-22 14:49:39,795 - httpcore.connection - DEBUG - atrace:87 - connect_tcp.complete return_value=<httpcore._backends.anyio.AnyIOStream object at 0x0000025991586540>
2025-09-22 14:49:39,795 - httpcore.connection - DEBUG - atrace:87 - start_tls.started ssl_context=<ssl.SSLContext object at 0x00000259914FDA50> server_hostname='services.odata.org' timeout=30
2025-09-22 14:49:39,795 - httpcore.connection - DEBUG - atrace:87 - connect_tcp.complete return_value=<httpcore._backends.anyio.AnyIOStream object at 0x00000259915DBCE0>
2025-09-22 14:49:39,795 - httpcore.connection - DEBUG - atrace:87 - start_tls.started ssl_context=<ssl.SSLContext object at 0x00000259914FDA50> server_hostname='services.odata.org' timeout=30
2025-09-22 14:49:39,795 - httpcore.connection - DEBUG - atrace:87 - connect_tcp.complete return_value=<httpcore._backends.anyio.AnyIOStream object at 0x00000259915D8B90>
2025-09-22 14:49:39,795 - httpcore.connection - DEBUG - atrace:87 - start_tls.started ssl_context=<ssl.SSLContext object at 0x00000259914FDA50> server_hostname='services.odata.org' timeout=30
2025-09-22 14:49:39,797 - httpcore.connection - DEBUG - atrace:87 - connect_tcp.complete return_value=<httpcore._backends.anyio.AnyIOStream object at 0x00000259915D23F0>
2025-09-22 14:49:39,797 - httpcore.connection - DEBUG - atrace:87 - start_tls.started ssl_context=<ssl.SSLContext object at 0x00000259914FDA50> server_hostname='services.odata.org' timeout=30
2025-09-22 14:49:39,797 - httpcore.connection - DEBUG - atrace:87 - connect_tcp.complete return_value=<httpcore._backends.anyio.AnyIOStream object at 0x00000259915D1D60>
2025-09-22 14:49:39,797 - httpcore.connection - DEBUG - atrace:87 - start_tls.started ssl_context=<ssl.SSLContext object at 0x00000259914FDA50> server_hostname='services.odata.org' timeout=30
2025-09-22 14:49:39,797 - httpcore.connection - DEBUG - atrace:87 - connect_tcp.complete return_value=<httpcore._backends.anyio.AnyIOStream object at 0x00000259915D1070>
2025-09-22 14:49:39,797 - httpcore.connection - DEBUG - atrace:87 - start_tls.started ssl_context=<ssl.SSLContext object at 0x00000259914FDA50> server_hostname='services.odata.org' timeout=30
2025-09-22 14:49:39,797 - httpcore.connection - DEBUG - atrace:87 - connect_tcp.complete return_value=<httpcore._backends.anyio.AnyIOStream object at 0x0000025991584E90>
2025-09-22 14:49:39,797 - httpcore.connection - DEBUG - atrace:87 - start_tls.started ssl_context=<ssl.SSLContext object at 0x00000259914FDA50> server_hostname='services.odata.org' timeout=30
2025-09-22 14:49:40,261 - httpcore.connection - DEBUG - atrace:87 - start_tls.complete return_value=<httpcore._backends.anyio.AnyIOStream object at 0x00000259915D0A10>
2025-09-22 14:49:40,261 - httpcore.connection - DEBUG - atrace:87 - start_tls.complete return_value=<httpcore._backends.anyio.AnyIOStream object at 0x00000259915D03E0>
2025-09-22 14:49:40,261 - httpcore.http11 - DEBUG - atrace:87 - send_request_headers.started request=<Request [b'GET']>
2025-09-22 14:49:40,261 - httpcore.http11 - DEBUG - atrace:87 - send_request_headers.started request=<Request [b'GET']>
2025-09-22 14:49:40,265 - httpcore.http11 - DEBUG - atrace:87 - send_request_headers.complete
2025-09-22 14:49:40,265 - httpcore.http11 - DEBUG - atrace:87 - send_request_body.started request=<Request [b'GET']>
2025-09-22 14:49:40,265 - httpcore.http11 - DEBUG - atrace:87 - send_request_body.complete
2025-09-22 14:49:40,265 - httpcore.http11 - DEBUG - atrace:87 - receive_response_headers.started request=<Request [b'GET']>
2025-09-22 14:49:40,265 - httpcore.http11 - DEBUG - atrace:87 - send_request_headers.complete
2025-09-22 14:49:40,265 - httpcore.http11 - DEBUG - atrace:87 - send_request_body.started request=<Request [b'GET']>
2025-09-22 14:49:40,265 - httpcore.http11 - DEBUG - atrace:87 - send_request_body.complete
2025-09-22 14:49:40,265 - httpcore.http11 - DEBUG - atrace:87 - receive_response_headers.started request=<Request [b'GET']>
2025-09-22 14:49:40,265 - httpcore.connection - DEBUG - atrace:87 - start_tls.complete return_value=<httpcore._backends.anyio.AnyIOStream object at 0x00000259915864E0>
2025-09-22 14:49:40,265 - httpcore.http11 - DEBUG - atrace:87 - send_request_headers.started request=<Request [b'GET']>
2025-09-22 14:49:40,266 - httpcore.http11 - DEBUG - atrace:87 - send_request_headers.complete
2025-09-22 14:49:40,266 - httpcore.http11 - DEBUG - atrace:87 - send_request_body.started request=<Request [b'GET']>
2025-09-22 14:49:40,266 - httpcore.http11 - DEBUG - atrace:87 - send_request_body.complete
2025-09-22 14:49:40,266 - httpcore.http11 - DEBUG - atrace:87 - receive_response_headers.started request=<Request [b'GET']>
2025-09-22 14:49:40,281 - httpcore.connection - DEBUG - atrace:87 - start_tls.complete return_value=<httpcore._backends.anyio.AnyIOStream object at 0x00000259915D84D0>
2025-09-22 14:49:40,281 - httpcore.connection - DEBUG - atrace:87 - start_tls.complete return_value=<httpcore._backends.anyio.AnyIOStream object at 0x0000025991587D70>
2025-09-22 14:49:40,299 - httpcore.http11 - DEBUG - atrace:87 - send_request_headers.started request=<Request [b'GET']>
2025-09-22 14:49:40,299 - httpcore.http11 - DEBUG - atrace:87 - send_request_headers.started request=<Request [b'GET']>
2025-09-22 14:49:40,299 - httpcore.connection - DEBUG - atrace:87 - start_tls.complete return_value=<httpcore._backends.anyio.AnyIOStream object at 0x00000259915DA5A0>
2025-09-22 14:49:40,299 - httpcore.connection - DEBUG - atrace:87 - start_tls.complete return_value=<httpcore._backends.anyio.AnyIOStream object at 0x00000259915D1040>
2025-09-22 14:49:40,299 - httpcore.connection - DEBUG - atrace:87 - start_tls.complete return_value=<httpcore._backends.anyio.AnyIOStream object at 0x00000259915DACC0>
2025-09-22 14:49:40,299 - httpcore.connection - DEBUG - atrace:87 - start_tls.complete return_value=<httpcore._backends.anyio.AnyIOStream object at 0x00000259915D1D30>
2025-09-22 14:49:40,300 - httpcore.connection - DEBUG - atrace:87 - start_tls.complete return_value=<httpcore._backends.anyio.AnyIOStream object at 0x00000259915DBC50>
2025-09-22 14:49:40,300 - httpcore.http11 - DEBUG - atrace:87 - send_request_headers.complete
2025-09-22 14:49:40,300 - httpcore.http11 - DEBUG - atrace:87 - send_request_body.started request=<Request [b'GET']>
2025-09-22 14:49:40,300 - httpcore.http11 - DEBUG - atrace:87 - send_request_body.complete
2025-09-22 14:49:40,300 - httpcore.http11 - DEBUG - atrace:87 - receive_response_headers.started request=<Request [b'GET']>
2025-09-22 14:49:40,300 - httpcore.http11 - DEBUG - atrace:87 - send_request_headers.complete
2025-09-22 14:49:40,300 - httpcore.http11 - DEBUG - atrace:87 - send_request_body.started request=<Request [b'GET']>
2025-09-22 14:49:40,300 - httpcore.http11 - DEBUG - atrace:87 - send_request_body.complete
2025-09-22 14:49:40,300 - httpcore.http11 - DEBUG - atrace:87 - receive_response_headers.started request=<Request [b'GET']>
2025-09-22 14:49:40,300 - httpcore.http11 - DEBUG - atrace:87 - send_request_headers.started request=<Request [b'GET']>
2025-09-22 14:49:40,300 - httpcore.http11 - DEBUG - atrace:87 - send_request_headers.started request=<Request [b'GET']>
2025-09-22 14:49:40,300 - httpcore.http11 - DEBUG - atrace:87 - send_request_headers.started request=<Request [b'GET']>
2025-09-22 14:49:40,300 - httpcore.http11 - DEBUG - atrace:87 - send_request_headers.started request=<Request [b'GET']>
2025-09-22 14:49:40,300 - httpcore.http11 - DEBUG - atrace:87 - send_request_headers.started request=<Request [b'GET']>
2025-09-22 14:49:40,300 - httpcore.http11 - DEBUG - atrace:87 - send_request_headers.complete
2025-09-22 14:49:40,300 - httpcore.http11 - DEBUG - atrace:87 - send_request_body.started request=<Request [b'GET']>
2025-09-22 14:49:40,301 - httpcore.http11 - DEBUG - atrace:87 - send_request_body.complete
2025-09-22 14:49:40,301 - httpcore.http11 - DEBUG - atrace:87 - receive_response_headers.started request=<Request [b'GET']>
2025-09-22 14:49:40,301 - httpcore.http11 - DEBUG - atrace:87 - send_request_headers.complete
2025-09-22 14:49:40,301 - httpcore.http11 - DEBUG - atrace:87 - send_request_body.started request=<Request [b'GET']>
2025-09-22 14:49:40,301 - httpcore.http11 - DEBUG - atrace:87 - send_request_body.complete
2025-09-22 14:49:40,301 - httpcore.http11 - DEBUG - atrace:87 - receive_response_headers.started request=<Request [b'GET']>
2025-09-22 14:49:40,301 - httpcore.http11 - DEBUG - atrace:87 - send_request_headers.complete
2025-09-22 14:49:40,301 - httpcore.http11 - DEBUG - atrace:87 - send_request_body.started request=<Request [b'GET']>
2025-09-22 14:49:40,301 - httpcore.http11 - DEBUG - atrace:87 - send_request_body.complete
2025-09-22 14:49:40,301 - httpcore.http11 - DEBUG - atrace:87 - receive_response_headers.started request=<Request [b'GET']>
2025-09-22 14:49:40,301 - httpcore.http11 - DEBUG - atrace:87 - send_request_headers.complete
2025-09-22 14:49:40,301 - httpcore.http11 - DEBUG - atrace:87 - send_request_body.started request=<Request [b'GET']>
2025-09-22 14:49:40,301 - httpcore.http11 - DEBUG - atrace:87 - send_request_body.complete
2025-09-22 14:49:40,301 - httpcore.http11 - DEBUG - atrace:87 - receive_response_headers.started request=<Request [b'GET']>
2025-09-22 14:49:40,301 - httpcore.http11 - DEBUG - atrace:87 - send_request_headers.complete
2025-09-22 14:49:40,301 - httpcore.http11 - DEBUG - atrace:87 - send_request_body.started request=<Request [b'GET']>
2025-09-22 14:49:40,301 - httpcore.http11 - DEBUG - atrace:87 - send_request_body.complete
2025-09-22 14:49:40,301 - httpcore.http11 - DEBUG - atrace:87 - receive_response_headers.started request=<Request [b'GET']>
2025-09-22 14:49:40,306 - httpcore.connection - DEBUG - atrace:87 - start_tls.complete return_value=<httpcore._backends.anyio.AnyIOStream object at 0x00000259915D9880>
2025-09-22 14:49:40,312 - httpcore.http11 - DEBUG - atrace:87 - send_request_headers.started request=<Request [b'GET']>
2025-09-22 14:49:40,312 - httpcore.connection - DEBUG - atrace:87 - start_tls.complete return_value=<httpcore._backends.anyio.AnyIOStream object at 0x0000025991587740>
2025-09-22 14:49:40,312 - httpcore.connection - DEBUG - atrace:87 - start_tls.complete return_value=<httpcore._backends.anyio.AnyIOStream object at 0x00000259915D3E00>
2025-09-22 14:49:40,352 - httpcore.http11 - DEBUG - atrace:87 - send_request_headers.complete
2025-09-22 14:49:40,352 - httpcore.http11 - DEBUG - atrace:87 - send_request_body.started request=<Request [b'GET']>
2025-09-22 14:49:40,352 - httpcore.http11 - DEBUG - atrace:87 - send_request_body.complete
2025-09-22 14:49:40,352 - httpcore.http11 - DEBUG - atrace:87 - receive_response_headers.started request=<Request [b'GET']>
2025-09-22 14:49:40,353 - httpcore.http11 - DEBUG - atrace:87 - send_request_headers.started request=<Request [b'GET']>
2025-09-22 14:49:40,353 - httpcore.http11 - DEBUG - atrace:87 - send_request_headers.started request=<Request [b'GET']>
2025-09-22 14:49:40,353 - httpcore.connection - DEBUG - atrace:87 - start_tls.complete return_value=<httpcore._backends.anyio.AnyIOStream object at 0x00000259915D3770>
2025-09-22 14:49:40,353 - httpcore.connection - DEBUG - atrace:87 - start_tls.complete return_value=<httpcore._backends.anyio.AnyIOStream object at 0x0000025991587110>
2025-09-22 14:49:40,354 - httpcore.connection - DEBUG - atrace:87 - start_tls.complete return_value=<httpcore._backends.anyio.AnyIOStream object at 0x00000259915D2A50>
2025-09-22 14:49:40,354 - httpcore.connection - DEBUG - atrace:87 - start_tls.complete return_value=<httpcore._backends.anyio.AnyIOStream object at 0x00000259915D8B60>
2025-09-22 14:49:40,354 - httpcore.connection - DEBUG - atrace:87 - start_tls.complete return_value=<httpcore._backends.anyio.AnyIOStream object at 0x00000259915D16A0>
2025-09-22 14:49:40,354 - httpcore.connection - DEBUG - atrace:87 - start_tls.complete return_value=<httpcore._backends.anyio.AnyIOStream object at 0x00000259915D91F0>
2025-09-22 14:49:40,354 - httpcore.connection - DEBUG - atrace:87 - start_tls.complete return_value=<httpcore._backends.anyio.AnyIOStream object at 0x00000259915DAE10>
2025-09-22 14:49:40,354 - httpcore.connection - DEBUG - atrace:87 - start_tls.complete return_value=<httpcore._backends.anyio.AnyIOStream object at 0x00000259915F03B0>
2025-09-22 14:49:40,354 - httpcore.connection - DEBUG - atrace:87 - start_tls.complete return_value=<httpcore._backends.anyio.AnyIOStream object at 0x0000025991586AE0>
2025-09-22 14:49:40,354 - httpcore.connection - DEBUG - atrace:87 - start_tls.complete return_value=<httpcore._backends.anyio.AnyIOStream object at 0x00000259915D8620>
2025-09-22 14:49:40,354 - httpcore.connection - DEBUG - atrace:87 - start_tls.complete return_value=<httpcore._backends.anyio.AnyIOStream object at 0x00000259915D23C0>
2025-09-22 14:49:40,355 - httpcore.connection - DEBUG - atrace:87 - start_tls.complete return_value=<httpcore._backends.anyio.AnyIOStream object at 0x00000259915D9F10>
2025-09-22 14:49:40,355 - httpcore.connection - DEBUG - atrace:87 - start_tls.complete return_value=<httpcore._backends.anyio.AnyIOStream object at 0x00000259915D30E0>
2025-09-22 14:49:40,355 - httpcore.http11 - DEBUG - atrace:87 - send_request_headers.complete
2025-09-22 14:49:40,355 - httpcore.http11 - DEBUG - atrace:87 - send_request_body.started request=<Request [b'GET']>
2025-09-22 14:49:40,355 - httpcore.http11 - DEBUG - atrace:87 - send_request_body.complete
2025-09-22 14:49:40,355 - httpcore.http11 - DEBUG - atrace:87 - receive_response_headers.started request=<Request [b'GET']>
2025-09-22 14:49:40,355 - httpcore.http11 - DEBUG - atrace:87 - send_request_headers.complete
2025-09-22 14:49:40,355 - httpcore.http11 - DEBUG - atrace:87 - send_request_body.started request=<Request [b'GET']>
2025-09-22 14:49:40,355 - httpcore.http11 - DEBUG - atrace:87 - send_request_body.complete
2025-09-22 14:49:40,355 - httpcore.http11 - DEBUG - atrace:87 - receive_response_headers.started request=<Request [b'GET']>
2025-09-22 14:49:40,355 - httpcore.http11 - DEBUG - atrace:87 - send_request_headers.started request=<Request [b'GET']>
2025-09-22 14:49:40,355 - httpcore.http11 - DEBUG - atrace:87 - send_request_headers.started request=<Request [b'GET']>
2025-09-22 14:49:40,355 - httpcore.http11 - DEBUG - atrace:87 - send_request_headers.started request=<Request [b'GET']>
2025-09-22 14:49:40,355 - httpcore.http11 - DEBUG - atrace:87 - send_request_headers.started request=<Request [b'GET']>
2025-09-22 14:49:40,356 - httpcore.http11 - DEBUG - atrace:87 - send_request_headers.started request=<Request [b'GET']>
2025-09-22 14:49:40,356 - httpcore.http11 - DEBUG - atrace:87 - send_request_headers.started request=<Request [b'GET']>
2025-09-22 14:49:40,356 - httpcore.http11 - DEBUG - atrace:87 - send_request_headers.started request=<Request [b'GET']>
2025-09-22 14:49:40,356 - httpcore.http11 - DEBUG - atrace:87 - send_request_headers.started request=<Request [b'GET']>
2025-09-22 14:49:40,356 - httpcore.http11 - DEBUG - atrace:87 - send_request_headers.started request=<Request [b'GET']>
2025-09-22 14:49:40,356 - httpcore.http11 - DEBUG - atrace:87 - send_request_headers.started request=<Request [b'GET']>
2025-09-22 14:49:40,356 - httpcore.http11 - DEBUG - atrace:87 - send_request_headers.started request=<Request [b'GET']>
2025-09-22 14:49:40,356 - httpcore.http11 - DEBUG - atrace:87 - send_request_headers.started request=<Request [b'GET']>
2025-09-22 14:49:40,356 - httpcore.http11 - DEBUG - atrace:87 - send_request_headers.started request=<Request [b'GET']>
2025-09-22 14:49:40,356 - httpcore.http11 - DEBUG - atrace:87 - send_request_headers.complete
2025-09-22 14:49:40,356 - httpcore.http11 - DEBUG - atrace:87 - send_request_body.started request=<Request [b'GET']>
2025-09-22 14:49:40,356 - httpcore.http11 - DEBUG - atrace:87 - send_request_body.complete
2025-09-22 14:49:40,356 - httpcore.http11 - DEBUG - atrace:87 - receive_response_headers.started request=<Request [b'GET']>
2025-09-22 14:49:40,357 - httpcore.http11 - DEBUG - atrace:87 - send_request_headers.complete
2025-09-22 14:49:40,357 - httpcore.http11 - DEBUG - atrace:87 - send_request_body.started request=<Request [b'GET']>
2025-09-22 14:49:40,357 - httpcore.http11 - DEBUG - atrace:87 - send_request_body.complete
2025-09-22 14:49:40,357 - httpcore.http11 - DEBUG - atrace:87 - receive_response_headers.started request=<Request [b'GET']>
2025-09-22 14:49:40,357 - httpcore.http11 - DEBUG - atrace:87 - send_request_headers.complete
2025-09-22 14:49:40,357 - httpcore.http11 - DEBUG - atrace:87 - send_request_body.started request=<Request [b'GET']>
2025-09-22 14:49:40,357 - httpcore.http11 - DEBUG - atrace:87 - send_request_body.complete
2025-09-22 14:49:40,357 - httpcore.http11 - DEBUG - atrace:87 - receive_response_headers.started request=<Request [b'GET']>
2025-09-22 14:49:40,357 - httpcore.http11 - DEBUG - atrace:87 - send_request_headers.complete
2025-09-22 14:49:40,357 - httpcore.http11 - DEBUG - atrace:87 - send_request_body.started request=<Request [b'GET']>
2025-09-22 14:49:40,357 - httpcore.http11 - DEBUG - atrace:87 - send_request_body.complete
2025-09-22 14:49:40,357 - httpcore.http11 - DEBUG - atrace:87 - receive_response_headers.started request=<Request [b'GET']>
2025-09-22 14:49:40,357 - httpcore.http11 - DEBUG - atrace:87 - send_request_headers.complete
2025-09-22 14:49:40,357 - httpcore.http11 - DEBUG - atrace:87 - send_request_body.started request=<Request [b'GET']>
2025-09-22 14:49:40,357 - httpcore.http11 - DEBUG - atrace:87 - send_request_body.complete
2025-09-22 14:49:40,357 - httpcore.http11 - DEBUG - atrace:87 - receive_response_headers.started request=<Request [b'GET']>
2025-09-22 14:49:40,357 - httpcore.http11 - DEBUG - atrace:87 - send_request_headers.complete
2025-09-22 14:49:40,357 - httpcore.http11 - DEBUG - atrace:87 - send_request_body.started request=<Request [b'GET']>
2025-09-22 14:49:40,357 - httpcore.http11 - DEBUG - atrace:87 - send_request_body.complete
2025-09-22 14:49:40,357 - httpcore.http11 - DEBUG - atrace:87 - receive_response_headers.started request=<Request [b'GET']>
2025-09-22 14:49:40,357 - httpcore.http11 - DEBUG - atrace:87 - send_request_headers.complete
2025-09-22 14:49:40,357 - httpcore.http11 - DEBUG - atrace:87 - send_request_body.started request=<Request [b'GET']>
2025-09-22 14:49:40,357 - httpcore.http11 - DEBUG - atrace:87 - send_request_body.complete
2025-09-22 14:49:40,357 - httpcore.http11 - DEBUG - atrace:87 - receive_response_headers.started request=<Request [b'GET']>
2025-09-22 14:49:40,357 - httpcore.http11 - DEBUG - atrace:87 - send_request_headers.complete
2025-09-22 14:49:40,357 - httpcore.http11 - DEBUG - atrace:87 - send_request_body.started request=<Request [b'GET']>
2025-09-22 14:49:40,357 - httpcore.http11 - DEBUG - atrace:87 - send_request_body.complete
2025-09-22 14:49:40,357 - httpcore.http11 - DEBUG - atrace:87 - receive_response_headers.started request=<Request [b'GET']>
2025-09-22 14:49:40,357 - httpcore.http11 - DEBUG - atrace:87 - send_request_headers.complete
2025-09-22 14:49:40,357 - httpcore.http11 - DEBUG - atrace:87 - send_request_body.started request=<Request [b'GET']>
2025-09-22 14:49:40,357 - httpcore.http11 - DEBUG - atrace:87 - send_request_body.complete
2025-09-22 14:49:40,357 - httpcore.http11 - DEBUG - atrace:87 - receive_response_headers.started request=<Request [b'GET']>
2025-09-22 14:49:40,357 - httpcore.http11 - DEBUG - atrace:87 - send_request_headers.complete
2025-09-22 14:49:40,357 - httpcore.http11 - DEBUG - atrace:87 - send_request_body.started request=<Request [b'GET']>
2025-09-22 14:49:40,358 - httpcore.http11 - DEBUG - atrace:87 - send_request_body.complete
2025-09-22 14:49:40,358 - httpcore.http11 - DEBUG - atrace:87 - receive_response_headers.started request=<Request [b'GET']>
2025-09-22 14:49:40,358 - httpcore.http11 - DEBUG - atrace:87 - send_request_headers.complete
2025-09-22 14:49:40,358 - httpcore.http11 - DEBUG - atrace:87 - send_request_body.started request=<Request [b'GET']>
2025-09-22 14:49:40,358 - httpcore.http11 - DEBUG - atrace:87 - send_request_body.complete
2025-09-22 14:49:40,358 - httpcore.http11 - DEBUG - atrace:87 - receive_response_headers.started request=<Request [b'GET']>
2025-09-22 14:49:40,358 - httpcore.http11 - DEBUG - atrace:87 - send_request_headers.complete
2025-09-22 14:49:40,358 - httpcore.http11 - DEBUG - atrace:87 - send_request_body.started request=<Request [b'GET']>
2025-09-22 14:49:40,358 - httpcore.http11 - DEBUG - atrace:87 - send_request_body.complete
2025-09-22 14:49:40,358 - httpcore.http11 - DEBUG - atrace:87 - receive_response_headers.started request=<Request [b'GET']>
2025-09-22 14:49:40,358 - httpcore.http11 - DEBUG - atrace:87 - send_request_headers.complete
2025-09-22 14:49:40,358 - httpcore.http11 - DEBUG - atrace:87 - send_request_body.started request=<Request [b'GET']>
2025-09-22 14:49:40,358 - httpcore.http11 - DEBUG - atrace:87 - send_request_body.complete
2025-09-22 14:49:40,358 - httpcore.http11 - DEBUG - atrace:87 - receive_response_headers.started request=<Request [b'GET']>
2025-09-22 14:49:40,538 - httpcore.http11 - DEBUG - atrace:87 - receive_response_headers.complete return_value=(b'HTTP/1.1', 200, b'OK', [(b'Content-Length', b'120'), (b'Content-Type', b'text/plain;charset=utf-8'), (b'Date', b'Mon, 22 Sep 2025 09:19:41 GMT'), (b'Server', b'Microsoft-IIS/10.0'), (b'Access-Control-Allow-Headers', b'Accept, Origin, Content-Type, MaxDataServiceVersion'), (b'Access-Control-Allow-Methods', b'GET'), (b'Access-Control-Allow-Origin', b'*'), (b'Access-Control-Expose-Headers', b'DataServiceVersion'), (b'Cache-Control', b'private'), (b'Content-Encoding', b'gzip'), (b'Expires', b'Mon, 22 Sep 2025 09:20:42 GMT'), (b'Vary', b'*'), (b'X-Content-Type-Options', b'nosniff'), (b'OData-Version', b'4.0;'), (b'X-AspNet-Version', b'4.0.30319'), (b'X-Powered-By', b'ASP.NET')])
2025-09-22 14:49:40,538 - httpx - INFO - _send_single_request:1740 - HTTP Request: GET https://services.odata.org/V4/Northwind/Northwind.svc/Regions/$count "HTTP/1.1 200 OK"
2025-09-22 14:49:40,538 - httpcore.http11 - DEBUG - atrace:87 - receive_response_body.started request=<Request [b'GET']>
2025-09-22 14:49:40,538 - httpcore.http11 - DEBUG - atrace:87 - receive_response_body.complete
2025-09-22 14:49:40,538 - httpcore.http11 - DEBUG - atrace:87 - response_closed.started
2025-09-22 14:49:40,538 - httpcore.http11 - DEBUG - atrace:87 - response_closed.complete
2025-09-22 14:49:40,538 - httpcore.connection - DEBUG - atrace:87 - close.started
2025-09-22 14:49:40,538 - httpcore.connection - DEBUG - atrace:87 - close.complete
2025-09-22 14:49:40,554 - httpcore.http11 - DEBUG - atrace:87 - receive_response_headers.complete return_value=(b'HTTP/1.1', 200, b'OK', [(b'Content-Length', b'122'), (b'Content-Type', b'text/plain;charset=utf-8'), (b'Date', b'Mon, 22 Sep 2025 09:19:41 GMT'), (b'Server', b'Microsoft-IIS/10.0'), (b'Access-Control-Allow-Headers', b'Accept, Origin, Content-Type, MaxDataServiceVersion'), (b'Access-Control-Allow-Methods', b'GET'), (b'Access-Control-Allow-Origin', b'*'), (b'Access-Control-Expose-Headers', b'DataServiceVersion'), (b'Cache-Control', b'private'), (b'Content-Encoding', b'gzip'), (b'Expires', b'Mon, 22 Sep 2025 09:20:42 GMT'), (b'Vary', b'*'), (b'X-Content-Type-Options', b'nosniff'), (b'OData-Version', b'4.0;'), (b'X-AspNet-Version', b'4.0.30319'), (b'X-Powered-By', b'ASP.NET')])
2025-09-22 14:49:40,554 - httpx - INFO - _send_single_request:1740 - HTTP Request: GET https://services.odata.org/V4/Northwind/Northwind.svc/Products/$count "HTTP/1.1 200 OK"
2025-09-22 14:49:40,554 - httpcore.http11 - DEBUG - atrace:87 - receive_response_body.started request=<Request [b'GET']>
2025-09-22 14:49:40,554 - httpcore.http11 - DEBUG - atrace:87 - receive_response_body.complete
2025-09-22 14:49:40,554 - httpcore.http11 - DEBUG - atrace:87 - response_closed.started
2025-09-22 14:49:40,554 - httpcore.http11 - DEBUG - atrace:87 - response_closed.complete
2025-09-22 14:49:40,560 - httpcore.connection - DEBUG - atrace:87 - close.started
2025-09-22 14:49:40,560 - httpcore.connection - DEBUG - atrace:87 - close.complete
2025-09-22 14:49:40,752 - httpcore.http11 - DEBUG - atrace:87 - receive_response_headers.complete return_value=(b'HTTP/1.1', 200, b'OK', [(b'Content-Length', b'122'), (b'Content-Type', b'text/plain;charset=utf-8'), (b'Date', b'Mon, 22 Sep 2025 09:19:41 GMT'), (b'Server', b'Microsoft-IIS/10.0'), (b'Access-Control-Allow-Headers', b'Accept, Origin, Content-Type, MaxDataServiceVersion'), (b'Access-Control-Allow-Methods', b'GET'), (b'Access-Control-Allow-Origin', b'*'), (b'Access-Control-Expose-Headers', b'DataServiceVersion'), (b'Cache-Control', b'private'), (b'Content-Encoding', b'gzip'), (b'Expires', b'Mon, 22 Sep 2025 09:20:42 GMT'), (b'Vary', b'*'), (b'X-Content-Type-Options', b'nosniff'), (b'OData-Version', b'4.0;'), (b'X-AspNet-Version', b'4.0.30319'), (b'X-Powered-By', b'ASP.NET')])
2025-09-22 14:49:40,753 - httpx - INFO - _send_single_request:1740 - HTTP Request: GET https://services.odata.org/V4/Northwind/Northwind.svc/Products_by_Categories/$count "HTTP/1.1 200 OK"
2025-09-22 14:49:40,753 - httpcore.http11 - DEBUG - atrace:87 - receive_response_body.started request=<Request [b'GET']>
2025-09-22 14:49:40,753 - httpcore.http11 - DEBUG - atrace:87 - receive_response_body.complete
2025-09-22 14:49:40,753 - httpcore.http11 - DEBUG - atrace:87 - response_closed.started
2025-09-22 14:49:40,754 - httpcore.http11 - DEBUG - atrace:87 - response_closed.complete
2025-09-22 14:49:40,754 - httpcore.connection - DEBUG - atrace:87 - close.started
2025-09-22 14:49:40,754 - httpcore.connection - DEBUG - atrace:87 - close.complete
2025-09-22 14:49:40,852 - httpcore.http11 - DEBUG - atrace:87 - receive_response_headers.complete return_value=(b'HTTP/1.1', 200, b'OK', [(b'Content-Length', b'124'), (b'Content-Type', b'text/plain;charset=utf-8'), (b'Date', b'Mon, 22 Sep 2025 09:19:41 GMT'), (b'Server', b'Microsoft-IIS/10.0'), (b'Access-Control-Allow-Headers', b'Accept, Origin, Content-Type, MaxDataServiceVersion'), (b'Access-Control-Allow-Methods', b'GET'), (b'Access-Control-Allow-Origin', b'*'), (b'Access-Control-Expose-Headers', b'DataServiceVersion'), (b'Cache-Control', b'private'), (b'Content-Encoding', b'gzip'), (b'Expires', b'Mon, 22 Sep 2025 09:20:42 GMT'), (b'Vary', b'*'), (b'X-Content-Type-Options', b'nosniff'), (b'OData-Version', b'4.0;'), (b'X-AspNet-Version', b'4.0.30319'), (b'X-Powered-By', b'ASP.NET')])
2025-09-22 14:49:40,853 - httpx - INFO - _send_single_request:1740 - HTTP Request: GET https://services.odata.org/V4/Northwind/Northwind.svc/Order_Details/$count "HTTP/1.1 200 OK"
2025-09-22 14:49:40,853 - httpcore.http11 - DEBUG - atrace:87 - receive_response_body.started request=<Request [b'GET']>
2025-09-22 14:49:40,854 - httpcore.http11 - DEBUG - atrace:87 - receive_response_body.complete
2025-09-22 14:49:40,854 - httpcore.http11 - DEBUG - atrace:87 - response_closed.started
2025-09-22 14:49:40,855 - httpcore.http11 - DEBUG - atrace:87 - response_closed.complete
2025-09-22 14:49:40,855 - httpcore.connection - DEBUG - atrace:87 - close.started
2025-09-22 14:49:40,855 - httpcore.connection - DEBUG - atrace:87 - close.complete
2025-09-22 14:49:41,036 - httpcore.http11 - DEBUG - atrace:87 - receive_response_headers.complete return_value=(b'HTTP/1.1', 200, b'OK', [(b'Content-Length', b'120'), (b'Content-Type', b'text/plain;charset=utf-8'), (b'Date', b'Mon, 22 Sep 2025 09:19:42 GMT'), (b'Server', b'Microsoft-IIS/10.0'), (b'Access-Control-Allow-Headers', b'Accept, Origin, Content-Type, MaxDataServiceVersion'), (b'Access-Control-Allow-Methods', b'GET'), (b'Access-Control-Allow-Origin', b'*'), (b'Access-Control-Expose-Headers', b'DataServiceVersion'), (b'Cache-Control', b'private'), (b'Content-Encoding', b'gzip'), (b'Expires', b'Mon, 22 Sep 2025 09:20:42 GMT'), (b'Vary', b'*'), (b'X-Content-Type-Options', b'nosniff'), (b'OData-Version', b'4.0;'), (b'X-AspNet-Version', b'4.0.30319'), (b'X-Powered-By', b'ASP.NET')])
2025-09-22 14:49:41,036 - httpx - INFO - _send_single_request:1740 - HTTP Request: GET https://services.odata.org/V4/Northwind/Northwind.svc/CustomerDemographics/$count "HTTP/1.1 200 OK"
2025-09-22 14:49:41,049 - httpcore.http11 - DEBUG - atrace:87 - receive_response_body.started request=<Request [b'GET']>
2025-09-22 14:49:41,049 - httpcore.http11 - DEBUG - atrace:87 - receive_response_body.complete
2025-09-22 14:49:41,049 - httpcore.http11 - DEBUG - atrace:87 - response_closed.started
2025-09-22 14:49:41,049 - httpcore.http11 - DEBUG - atrace:87 - response_closed.complete
2025-09-22 14:49:41,049 - httpcore.connection - DEBUG - atrace:87 - close.started
2025-09-22 14:49:41,049 - httpcore.connection - DEBUG - atrace:87 - close.complete
2025-09-22 14:49:41,131 - httpcore.http11 - DEBUG - atrace:87 - receive_response_headers.complete return_value=(b'HTTP/1.1', 200, b'OK', [(b'Content-Length', b'122'), (b'Content-Type', b'text/plain;charset=utf-8'), (b'Date', b'Mon, 22 Sep 2025 09:19:42 GMT'), (b'Server', b'Microsoft-IIS/10.0'), (b'Access-Control-Allow-Headers', b'Accept, Origin, Content-Type, MaxDataServiceVersion'), (b'Access-Control-Allow-Methods', b'GET'), (b'Access-Control-Allow-Origin', b'*'), (b'Access-Control-Expose-Headers', b'DataServiceVersion'), (b'Cache-Control', b'private'), (b'Content-Encoding', b'gzip'), (b'Expires', b'Mon, 22 Sep 2025 09:20:42 GMT'), (b'Vary', b'*'), (b'X-Content-Type-Options', b'nosniff'), (b'OData-Version', b'4.0;'), (b'X-AspNet-Version', b'4.0.30319'), (b'X-Powered-By', b'ASP.NET')])
2025-09-22 14:49:41,132 - httpx - INFO - _send_single_request:1740 - HTTP Request: GET https://services.odata.org/V4/Northwind/Northwind.svc/Sales_by_Categories/$count "HTTP/1.1 200 OK"
2025-09-22 14:49:41,133 - httpcore.http11 - DEBUG - atrace:87 - receive_response_body.started request=<Request [b'GET']>
2025-09-22 14:49:41,133 - httpcore.http11 - DEBUG - atrace:87 - receive_response_body.complete
2025-09-22 14:49:41,134 - httpcore.http11 - DEBUG - atrace:87 - response_closed.started
2025-09-22 14:49:41,134 - httpcore.http11 - DEBUG - atrace:87 - response_closed.complete
2025-09-22 14:49:41,134 - httpcore.connection - DEBUG - atrace:87 - close.started
2025-09-22 14:49:41,134 - httpcore.connection - DEBUG - atrace:87 - close.complete
2025-09-22 14:49:42,090 - httpcore.http11 - DEBUG - atrace:87 - receive_response_headers.complete return_value=(b'HTTP/1.1', 200, b'OK', [(b'Content-Length', b'122'), (b'Content-Type', b'text/plain;charset=utf-8'), (b'Date', b'Mon, 22 Sep 2025 09:19:43 GMT'), (b'Server', b'Microsoft-IIS/10.0'), (b'Access-Control-Allow-Headers', b'Accept, Origin, Content-Type, MaxDataServiceVersion'), (b'Access-Control-Allow-Methods', b'GET'), (b'Access-Control-Allow-Origin', b'*'), (b'Access-Control-Expose-Headers', b'DataServiceVersion'), (b'Cache-Control', b'private'), (b'Content-Encoding', b'gzip'), (b'Expires', b'Mon, 22 Sep 2025 09:20:42 GMT'), (b'Vary', b'*'), (b'X-Content-Type-Options', b'nosniff'), (b'OData-Version', b'4.0;'), (b'X-AspNet-Version', b'4.0.30319'), (b'X-Powered-By', b'ASP.NET')])
2025-09-22 14:49:42,099 - httpx - INFO - _send_single_request:1740 - HTTP Request: GET https://services.odata.org/V4/Northwind/Northwind.svc/Product_Sales_for_1997/$count "HTTP/1.1 200 OK"
2025-09-22 14:49:42,100 - httpcore.http11 - DEBUG - atrace:87 - receive_response_body.started request=<Request [b'GET']>
2025-09-22 14:49:42,100 - httpcore.http11 - DEBUG - atrace:87 - receive_response_body.complete
2025-09-22 14:49:42,100 - httpcore.http11 - DEBUG - atrace:87 - response_closed.started
2025-09-22 14:49:42,100 - httpcore.http11 - DEBUG - atrace:87 - response_closed.complete
2025-09-22 14:49:42,409 - httpcore.http11 - DEBUG - atrace:87 - receive_response_headers.complete return_value=(b'HTTP/1.1', 200, b'OK', [(b'Content-Length', b'121'), (b'Content-Type', b'text/plain;charset=utf-8'), (b'Date', b'Mon, 22 Sep 2025 09:19:43 GMT'), (b'Server', b'Microsoft-IIS/10.0'), (b'Access-Control-Allow-Headers', b'Accept, Origin, Content-Type, MaxDataServiceVersion'), (b'Access-Control-Allow-Methods', b'GET'), (b'Access-Control-Allow-Origin', b'*'), (b'Access-Control-Expose-Headers', b'DataServiceVersion'), (b'Cache-Control', b'private'), (b'Content-Encoding', b'gzip'), (b'Expires', b'Mon, 22 Sep 2025 09:20:42 GMT'), (b'Vary', b'*'), (b'X-Content-Type-Options', b'nosniff'), (b'OData-Version', b'4.0;'), (b'X-AspNet-Version', b'4.0.30319'), (b'X-Powered-By', b'ASP.NET')])
2025-09-22 14:49:42,409 - httpx - INFO - _send_single_request:1740 - HTTP Request: GET https://services.odata.org/V4/Northwind/Northwind.svc/Suppliers/$count "HTTP/1.1 200 OK"
2025-09-22 14:49:42,409 - httpcore.http11 - DEBUG - atrace:87 - receive_response_body.started request=<Request [b'GET']>
2025-09-22 14:49:42,409 - httpcore.http11 - DEBUG - atrace:87 - receive_response_body.complete
2025-09-22 14:49:42,409 - httpcore.http11 - DEBUG - atrace:87 - response_closed.started
2025-09-22 14:49:42,409 - httpcore.http11 - DEBUG - atrace:87 - response_closed.complete
2025-09-22 14:49:42,929 - httpcore.http11 - DEBUG - atrace:87 - receive_response_headers.complete return_value=(b'HTTP/1.1', 200, b'OK', [(b'Content-Length', b'122'), (b'Content-Type', b'text/plain;charset=utf-8'), (b'Date', b'Mon, 22 Sep 2025 09:19:43 GMT'), (b'Server', b'Microsoft-IIS/10.0'), (b'Access-Control-Allow-Headers', b'Accept, Origin, Content-Type, MaxDataServiceVersion'), (b'Access-Control-Allow-Methods', b'GET'), (b'Access-Control-Allow-Origin', b'*'), (b'Access-Control-Expose-Headers', b'DataServiceVersion'), (b'Cache-Control', b'private'), (b'Content-Encoding', b'gzip'), (b'Expires', b'Mon, 22 Sep 2025 09:20:42 GMT'), (b'Vary', b'*'), (b'X-Content-Type-Options', b'nosniff'), (b'OData-Version', b'4.0;'), (b'X-AspNet-Version', b'4.0.30319'), (b'X-Powered-By', b'ASP.NET')])
2025-09-22 14:49:42,929 - httpx - INFO - _send_single_request:1740 - HTTP Request: GET https://services.odata.org/V4/Northwind/Northwind.svc/Current_Product_Lists/$count "HTTP/1.1 200 OK"
2025-09-22 14:49:42,929 - httpcore.http11 - DEBUG - atrace:87 - receive_response_body.started request=<Request [b'GET']>
2025-09-22 14:49:42,929 - httpcore.http11 - DEBUG - atrace:87 - receive_response_body.complete
2025-09-22 14:49:42,929 - httpcore.http11 - DEBUG - atrace:87 - response_closed.started
2025-09-22 14:49:42,932 - httpcore.http11 - DEBUG - atrace:87 - response_closed.complete
2025-09-22 14:49:43,424 - httpcore.http11 - DEBUG - atrace:87 - receive_response_headers.complete return_value=(b'HTTP/1.1', 200, b'OK', [(b'Content-Length', b'120'), (b'Content-Type', b'text/plain;charset=utf-8'), (b'Date', b'Mon, 22 Sep 2025 09:19:45 GMT'), (b'Server', b'Microsoft-IIS/10.0'), (b'Access-Control-Allow-Headers', b'Accept, Origin, Content-Type, MaxDataServiceVersion'), (b'Access-Control-Allow-Methods', b'GET'), (b'Access-Control-Allow-Origin', b'*'), (b'Access-Control-Expose-Headers', b'DataServiceVersion'), (b'Cache-Control', b'private'), (b'Content-Encoding', b'gzip'), (b'Expires', b'Mon, 22 Sep 2025 09:20:42 GMT'), (b'Vary', b'*'), (b'X-Content-Type-Options', b'nosniff'), (b'OData-Version', b'4.0;'), (b'X-AspNet-Version', b'4.0.30319'), (b'X-Powered-By', b'ASP.NET')])
2025-09-22 14:49:43,424 - httpx - INFO - _send_single_request:1740 - HTTP Request: GET https://services.odata.org/V4/Northwind/Northwind.svc/Categories/$count "HTTP/1.1 200 OK"
2025-09-22 14:49:43,424 - httpcore.http11 - DEBUG - atrace:87 - receive_response_body.started request=<Request [b'GET']>
2025-09-22 14:49:43,424 - httpcore.http11 - DEBUG - atrace:87 - receive_response_body.complete
2025-09-22 14:49:43,424 - httpcore.http11 - DEBUG - atrace:87 - response_closed.started
2025-09-22 14:49:43,424 - httpcore.http11 - DEBUG - atrace:87 - response_closed.complete
2025-09-22 14:49:43,942 - httpcore.http11 - DEBUG - atrace:87 - receive_response_headers.complete return_value=(b'HTTP/1.1', 200, b'OK', [(b'Content-Length', b'122'), (b'Content-Type', b'text/plain;charset=utf-8'), (b'Date', b'Mon, 22 Sep 2025 09:19:45 GMT'), (b'Server', b'Microsoft-IIS/10.0'), (b'Access-Control-Allow-Headers', b'Accept, Origin, Content-Type, MaxDataServiceVersion'), (b'Access-Control-Allow-Methods', b'GET'), (b'Access-Control-Allow-Origin', b'*'), (b'Access-Control-Expose-Headers', b'DataServiceVersion'), (b'Cache-Control', b'private'), (b'Content-Encoding', b'gzip'), (b'Expires', b'Mon, 22 Sep 2025 09:20:42 GMT'), (b'Vary', b'*'), (b'X-Content-Type-Options', b'nosniff'), (b'OData-Version', b'4.0;'), (b'X-AspNet-Version', b'4.0.30319'), (b'X-Powered-By', b'ASP.NET')])
2025-09-22 14:49:43,942 - httpx - INFO - _send_single_request:1740 - HTTP Request: GET https://services.odata.org/V4/Northwind/Northwind.svc/Alphabetical_list_of_products/$count "HTTP/1.1 200 OK"
2025-09-22 14:49:43,942 - httpcore.http11 - DEBUG - atrace:87 - receive_response_body.started request=<Request [b'GET']>
2025-09-22 14:49:43,942 - httpcore.http11 - DEBUG - atrace:87 - receive_response_body.complete
2025-09-22 14:49:43,942 - httpcore.http11 - DEBUG - atrace:87 - response_closed.started
2025-09-22 14:49:43,942 - httpcore.http11 - DEBUG - atrace:87 - response_closed.complete
2025-09-22 14:49:44,456 - httpcore.http11 - DEBUG - atrace:87 - receive_response_headers.complete return_value=(b'HTTP/1.1', 200, b'OK', [(b'Content-Length', b'121'), (b'Content-Type', b'text/plain;charset=utf-8'), (b'Date', b'Mon, 22 Sep 2025 09:19:46 GMT'), (b'Server', b'Microsoft-IIS/10.0'), (b'Access-Control-Allow-Headers', b'Accept, Origin, Content-Type, MaxDataServiceVersion'), (b'Access-Control-Allow-Methods', b'GET'), (b'Access-Control-Allow-Origin', b'*'), (b'Access-Control-Expose-Headers', b'DataServiceVersion'), (b'Cache-Control', b'private'), (b'Content-Encoding', b'gzip'), (b'Expires', b'Mon, 22 Sep 2025 09:20:42 GMT'), (b'Vary', b'*'), (b'X-Content-Type-Options', b'nosniff'), (b'OData-Version', b'4.0;'), (b'X-AspNet-Version', b'4.0.30319'), (b'X-Powered-By', b'ASP.NET')])
2025-09-22 14:49:44,456 - httpx - INFO - _send_single_request:1740 - HTTP Request: GET https://services.odata.org/V4/Northwind/Northwind.svc/Products_Above_Average_Prices/$count "HTTP/1.1 200 OK"
2025-09-22 14:49:44,456 - httpcore.http11 - DEBUG - atrace:87 - receive_response_body.started request=<Request [b'GET']>
2025-09-22 14:49:44,456 - httpcore.http11 - DEBUG - atrace:87 - receive_response_body.complete
2025-09-22 14:49:44,456 - httpcore.http11 - DEBUG - atrace:87 - response_closed.started
2025-09-22 14:49:44,456 - httpcore.http11 - DEBUG - atrace:87 - response_closed.complete
2025-09-22 14:49:44,964 - httpcore.http11 - DEBUG - atrace:87 - receive_response_headers.complete return_value=(b'HTTP/1.1', 200, b'OK', [(b'Content-Length', b'121'), (b'Content-Type', b'text/plain;charset=utf-8'), (b'Date', b'Mon, 22 Sep 2025 09:19:46 GMT'), (b'Server', b'Microsoft-IIS/10.0'), (b'Access-Control-Allow-Headers', b'Accept, Origin, Content-Type, MaxDataServiceVersion'), (b'Access-Control-Allow-Methods', b'GET'), (b'Access-Control-Allow-Origin', b'*'), (b'Access-Control-Expose-Headers', b'DataServiceVersion'), (b'Cache-Control', b'private'), (b'Content-Encoding', b'gzip'), (b'Expires', b'Mon, 22 Sep 2025 09:20:42 GMT'), (b'Vary', b'*'), (b'X-Content-Type-Options', b'nosniff'), (b'OData-Version', b'4.0;'), (b'X-AspNet-Version', b'4.0.30319'), (b'X-Powered-By', b'ASP.NET')])
2025-09-22 14:49:44,964 - httpx - INFO - _send_single_request:1740 - HTTP Request: GET https://services.odata.org/V4/Northwind/Northwind.svc/Customers/$count "HTTP/1.1 200 OK"
2025-09-22 14:49:44,964 - httpcore.http11 - DEBUG - atrace:87 - receive_response_body.started request=<Request [b'GET']>
2025-09-22 14:49:44,964 - httpcore.http11 - DEBUG - atrace:87 - receive_response_body.complete
2025-09-22 14:49:44,964 - httpcore.http11 - DEBUG - atrace:87 - response_closed.started
2025-09-22 14:49:44,964 - httpcore.http11 - DEBUG - atrace:87 - response_closed.complete
2025-09-22 14:49:45,476 - httpcore.http11 - DEBUG - atrace:87 - receive_response_headers.complete return_value=(b'HTTP/1.1', 200, b'OK', [(b'Content-Length', b'122'), (b'Content-Type', b'text/plain;charset=utf-8'), (b'Date', b'Mon, 22 Sep 2025 09:19:47 GMT'), (b'Server', b'Microsoft-IIS/10.0'), (b'Access-Control-Allow-Headers', b'Accept, Origin, Content-Type, MaxDataServiceVersion'), (b'Access-Control-Allow-Methods', b'GET'), (b'Access-Control-Allow-Origin', b'*'), (b'Access-Control-Expose-Headers', b'DataServiceVersion'), (b'Cache-Control', b'private'), (b'Content-Encoding', b'gzip'), (b'Expires', b'Mon, 22 Sep 2025 09:20:42 GMT'), (b'Vary', b'*'), (b'X-Content-Type-Options', b'nosniff'), (b'OData-Version', b'4.0;'), (b'X-AspNet-Version', b'4.0.30319'), (b'X-Powered-By', b'ASP.NET')])
2025-09-22 14:49:45,476 - httpx - INFO - _send_single_request:1740 - HTTP Request: GET https://services.odata.org/V4/Northwind/Northwind.svc/Sales_Totals_by_Amounts/$count "HTTP/1.1 200 OK"
2025-09-22 14:49:45,476 - httpcore.http11 - DEBUG - atrace:87 - receive_response_body.started request=<Request [b'GET']>
2025-09-22 14:49:45,476 - httpcore.http11 - DEBUG - atrace:87 - receive_response_body.complete
2025-09-22 14:49:45,482 - httpcore.http11 - DEBUG - atrace:87 - response_closed.started
2025-09-22 14:49:45,482 - httpcore.http11 - DEBUG - atrace:87 - response_closed.complete
2025-09-22 14:49:45,988 - httpcore.http11 - DEBUG - atrace:87 - receive_response_headers.complete return_value=(b'HTTP/1.1', 200, b'OK', [(b'Content-Length', b'122'), (b'Content-Type', b'text/plain;charset=utf-8'), (b'Date', b'Mon, 22 Sep 2025 09:19:47 GMT'), (b'Server', b'Microsoft-IIS/10.0'), (b'Access-Control-Allow-Headers', b'Accept, Origin, Content-Type, MaxDataServiceVersion'), (b'Access-Control-Allow-Methods', b'GET'), (b'Access-Control-Allow-Origin', b'*'), (b'Access-Control-Expose-Headers', b'DataServiceVersion'), (b'Cache-Control', b'private'), (b'Content-Encoding', b'gzip'), (b'Expires', b'Mon, 22 Sep 2025 09:20:42 GMT'), (b'Vary', b'*'), (b'X-Content-Type-Options', b'nosniff'), (b'OData-Version', b'4.0;'), (b'X-AspNet-Version', b'4.0.30319'), (b'X-Powered-By', b'ASP.NET')])
2025-09-22 14:49:45,988 - httpx - INFO - _send_single_request:1740 - HTTP Request: GET https://services.odata.org/V4/Northwind/Northwind.svc/Orders_Qries/$count "HTTP/1.1 200 OK"
2025-09-22 14:49:45,991 - httpcore.http11 - DEBUG - atrace:87 - receive_response_body.started request=<Request [b'GET']>
2025-09-22 14:49:45,991 - httpcore.http11 - DEBUG - atrace:87 - receive_response_body.complete
2025-09-22 14:49:45,991 - httpcore.http11 - DEBUG - atrace:87 - response_closed.started
2025-09-22 14:49:45,991 - httpcore.http11 - DEBUG - atrace:87 - response_closed.complete
2025-09-22 14:49:46,532 - httpcore.http11 - DEBUG - atrace:87 - receive_response_headers.complete return_value=(b'HTTP/1.1', 200, b'OK', [(b'Content-Length', b'122'), (b'Content-Type', b'text/plain;charset=utf-8'), (b'Date', b'Mon, 22 Sep 2025 09:19:48 GMT'), (b'Server', b'Microsoft-IIS/10.0'), (b'Access-Control-Allow-Headers', b'Accept, Origin, Content-Type, MaxDataServiceVersion'), (b'Access-Control-Allow-Methods', b'GET'), (b'Access-Control-Allow-Origin', b'*'), (b'Access-Control-Expose-Headers', b'DataServiceVersion'), (b'Cache-Control', b'private'), (b'Content-Encoding', b'gzip'), (b'Expires', b'Mon, 22 Sep 2025 09:20:42 GMT'), (b'Vary', b'*'), (b'X-Content-Type-Options', b'nosniff'), (b'OData-Version', b'4.0;'), (b'X-AspNet-Version', b'4.0.30319'), (b'X-Powered-By', b'ASP.NET')])
2025-09-22 14:49:46,532 - httpx - INFO - _send_single_request:1740 - HTTP Request: GET https://services.odata.org/V4/Northwind/Northwind.svc/Order_Subtotals/$count "HTTP/1.1 200 OK"
2025-09-22 14:49:46,532 - httpcore.http11 - DEBUG - atrace:87 - receive_response_body.started request=<Request [b'GET']>
2025-09-22 14:49:46,532 - httpcore.http11 - DEBUG - atrace:87 - receive_response_body.complete
2025-09-22 14:49:46,532 - httpcore.http11 - DEBUG - atrace:87 - response_closed.started
2025-09-22 14:49:46,532 - httpcore.http11 - DEBUG - atrace:87 - response_closed.complete
2025-09-22 14:49:46,986 - httpcore.http11 - DEBUG - atrace:87 - receive_response_headers.complete return_value=(b'HTTP/1.1', 200, b'OK', [(b'Content-Length', b'122'), (b'Content-Type', b'text/plain;charset=utf-8'), (b'Date', b'Mon, 22 Sep 2025 09:19:48 GMT'), (b'Server', b'Microsoft-IIS/10.0'), (b'Access-Control-Allow-Headers', b'Accept, Origin, Content-Type, MaxDataServiceVersion'), (b'Access-Control-Allow-Methods', b'GET'), (b'Access-Control-Allow-Origin', b'*'), (b'Access-Control-Expose-Headers', b'DataServiceVersion'), (b'Cache-Control', b'private'), (b'Content-Encoding', b'gzip'), (b'Expires', b'Mon, 22 Sep 2025 09:20:42 GMT'), (b'Vary', b'*'), (b'X-Content-Type-Options', b'nosniff'), (b'OData-Version', b'4.0;'), (b'X-AspNet-Version', b'4.0.30319'), (b'X-Powered-By', b'ASP.NET')])
2025-09-22 14:49:46,986 - httpx - INFO - _send_single_request:1740 - HTTP Request: GET https://services.odata.org/V4/Northwind/Northwind.svc/Summary_of_Sales_by_Years/$count "HTTP/1.1 200 OK"
2025-09-22 14:49:46,986 - httpcore.http11 - DEBUG - atrace:87 - receive_response_body.started request=<Request [b'GET']>
2025-09-22 14:49:46,986 - httpcore.http11 - DEBUG - atrace:87 - receive_response_body.complete
2025-09-22 14:49:46,986 - httpcore.http11 - DEBUG - atrace:87 - response_closed.started
2025-09-22 14:49:46,986 - httpcore.http11 - DEBUG - atrace:87 - response_closed.complete
2025-09-22 14:49:47,503 - httpcore.http11 - DEBUG - atrace:87 - receive_response_headers.complete return_value=(b'HTTP/1.1', 200, b'OK', [(b'Content-Length', b'120'), (b'Content-Type', b'text/plain;charset=utf-8'), (b'Date', b'Mon, 22 Sep 2025 09:19:49 GMT'), (b'Server', b'Microsoft-IIS/10.0'), (b'Access-Control-Allow-Headers', b'Accept, Origin, Content-Type, MaxDataServiceVersion'), (b'Access-Control-Allow-Methods', b'GET'), (b'Access-Control-Allow-Origin', b'*'), (b'Access-Control-Expose-Headers', b'DataServiceVersion'), (b'Cache-Control', b'private'), (b'Content-Encoding', b'gzip'), (b'Expires', b'Mon, 22 Sep 2025 09:20:42 GMT'), (b'Vary', b'*'), (b'X-Content-Type-Options', b'nosniff'), (b'OData-Version', b'4.0;'), (b'X-AspNet-Version', b'4.0.30319'), (b'X-Powered-By', b'ASP.NET')])
2025-09-22 14:49:47,503 - httpx - INFO - _send_single_request:1740 - HTTP Request: GET https://services.odata.org/V4/Northwind/Northwind.svc/Employees/$count "HTTP/1.1 200 OK"
2025-09-22 14:49:47,503 - httpcore.http11 - DEBUG - atrace:87 - receive_response_body.started request=<Request [b'GET']>
2025-09-22 14:49:47,503 - httpcore.http11 - DEBUG - atrace:87 - receive_response_body.complete
2025-09-22 14:49:47,503 - httpcore.http11 - DEBUG - atrace:87 - response_closed.started
2025-09-22 14:49:47,503 - httpcore.http11 - DEBUG - atrace:87 - response_closed.complete
2025-09-22 14:49:47,503 - httpcore.connection - DEBUG - atrace:87 - close.started
2025-09-22 14:49:47,503 - httpcore.connection - DEBUG - atrace:87 - close.complete
2025-09-22 14:49:47,503 - httpcore.connection - DEBUG - atrace:87 - close.started
2025-09-22 14:49:47,503 - httpcore.connection - DEBUG - atrace:87 - close.complete
2025-09-22 14:49:48,000 - httpcore.http11 - DEBUG - atrace:87 - receive_response_headers.complete return_value=(b'HTTP/1.1', 200, b'OK', [(b'Content-Length', b'120'), (b'Content-Type', b'text/plain;charset=utf-8'), (b'Date', b'Mon, 22 Sep 2025 09:19:49 GMT'), (b'Server', b'Microsoft-IIS/10.0'), (b'Access-Control-Allow-Headers', b'Accept, Origin, Content-Type, MaxDataServiceVersion'), (b'Access-Control-Allow-Methods', b'GET'), (b'Access-Control-Allow-Origin', b'*'), (b'Access-Control-Expose-Headers', b'DataServiceVersion'), (b'Cache-Control', b'private'), (b'Content-Encoding', b'gzip'), (b'Expires', b'Mon, 22 Sep 2025 09:20:42 GMT'), (b'Vary', b'*'), (b'X-Content-Type-Options', b'nosniff'), (b'OData-Version', b'4.0;'), (b'X-AspNet-Version', b'4.0.30319'), (b'X-Powered-By', b'ASP.NET')])
2025-09-22 14:49:48,000 - httpx - INFO - _send_single_request:1740 - HTTP Request: GET https://services.odata.org/V4/Northwind/Northwind.svc/Category_Sales_for_1997/$count "HTTP/1.1 200 OK"
2025-09-22 14:49:48,000 - httpcore.http11 - DEBUG - atrace:87 - receive_response_body.started request=<Request [b'GET']>
2025-09-22 14:49:48,000 - httpcore.http11 - DEBUG - atrace:87 - receive_response_body.complete
2025-09-22 14:49:48,000 - httpcore.http11 - DEBUG - atrace:87 - response_closed.started
2025-09-22 14:49:48,000 - httpcore.http11 - DEBUG - atrace:87 - response_closed.complete
2025-09-22 14:49:48,000 - httpcore.connection - DEBUG - atrace:87 - close.started
2025-09-22 14:49:48,000 - httpcore.connection - DEBUG - atrace:87 - close.complete
2025-09-22 14:49:48,505 - httpcore.http11 - DEBUG - atrace:87 - receive_response_headers.complete return_value=(b'HTTP/1.1', 200, b'OK', [(b'Content-Length', b'122'), (b'Content-Type', b'text/plain;charset=utf-8'), (b'Date', b'Mon, 22 Sep 2025 09:19:50 GMT'), (b'Server', b'Microsoft-IIS/10.0'), (b'Access-Control-Allow-Headers', b'Accept, Origin, Content-Type, MaxDataServiceVersion'), (b'Access-Control-Allow-Methods', b'GET'), (b'Access-Control-Allow-Origin', b'*'), (b'Access-Control-Expose-Headers', b'DataServiceVersion'), (b'Cache-Control', b'private'), (b'Content-Encoding', b'gzip'), (b'Expires', b'Mon, 22 Sep 2025 09:20:42 GMT'), (b'Vary', b'*'), (b'X-Content-Type-Options', b'nosniff'), (b'OData-Version', b'4.0;'), (b'X-AspNet-Version', b'4.0.30319'), (b'X-Powered-By', b'ASP.NET')])
2025-09-22 14:49:48,505 - httpx - INFO - _send_single_request:1740 - HTTP Request: GET https://services.odata.org/V4/Northwind/Northwind.svc/Customer_and_Suppliers_by_Cities/$count "HTTP/1.1 200 OK"
2025-09-22 14:49:48,505 - httpcore.http11 - DEBUG - atrace:87 - receive_response_body.started request=<Request [b'GET']>
2025-09-22 14:49:48,505 - httpcore.http11 - DEBUG - atrace:87 - receive_response_body.complete
2025-09-22 14:49:48,505 - httpcore.http11 - DEBUG - atrace:87 - response_closed.started
2025-09-22 14:49:48,505 - httpcore.http11 - DEBUG - atrace:87 - response_closed.complete
2025-09-22 14:49:48,505 - httpcore.connection - DEBUG - atrace:87 - close.started
2025-09-22 14:49:48,505 - httpcore.connection - DEBUG - atrace:87 - close.complete
2025-09-22 14:49:49,036 - httpcore.http11 - DEBUG - atrace:87 - receive_response_headers.complete return_value=(b'HTTP/1.1', 200, b'OK', [(b'Content-Length', b'124'), (b'Content-Type', b'text/plain;charset=utf-8'), (b'Date', b'Mon, 22 Sep 2025 09:19:50 GMT'), (b'Server', b'Microsoft-IIS/10.0'), (b'Access-Control-Allow-Headers', b'Accept, Origin, Content-Type, MaxDataServiceVersion'), (b'Access-Control-Allow-Methods', b'GET'), (b'Access-Control-Allow-Origin', b'*'), (b'Access-Control-Expose-Headers', b'DataServiceVersion'), (b'Cache-Control', b'private'), (b'Content-Encoding', b'gzip'), (b'Expires', b'Mon, 22 Sep 2025 09:20:42 GMT'), (b'Vary', b'*'), (b'X-Content-Type-Options', b'nosniff'), (b'OData-Version', b'4.0;'), (b'X-AspNet-Version', b'4.0.30319'), (b'X-Powered-By', b'ASP.NET')])
2025-09-22 14:49:49,036 - httpx - INFO - _send_single_request:1740 - HTTP Request: GET https://services.odata.org/V4/Northwind/Northwind.svc/Invoices/$count "HTTP/1.1 200 OK"
2025-09-22 14:49:49,036 - httpcore.http11 - DEBUG - atrace:87 - receive_response_body.started request=<Request [b'GET']>
2025-09-22 14:49:49,036 - httpcore.http11 - DEBUG - atrace:87 - receive_response_body.complete
2025-09-22 14:49:49,036 - httpcore.http11 - DEBUG - atrace:87 - response_closed.started
2025-09-22 14:49:49,036 - httpcore.http11 - DEBUG - atrace:87 - response_closed.complete
2025-09-22 14:49:49,036 - httpcore.connection - DEBUG - atrace:87 - close.started
2025-09-22 14:49:49,036 - httpcore.connection - DEBUG - atrace:87 - close.complete
2025-09-22 14:49:49,636 - httpcore.http11 - DEBUG - atrace:87 - receive_response_headers.complete return_value=(b'HTTP/1.1', 200, b'OK', [(b'Content-Length', b'122'), (b'Content-Type', b'text/plain;charset=utf-8'), (b'Date', b'Mon, 22 Sep 2025 09:19:51 GMT'), (b'Server', b'Microsoft-IIS/10.0'), (b'Access-Control-Allow-Headers', b'Accept, Origin, Content-Type, MaxDataServiceVersion'), (b'Access-Control-Allow-Methods', b'GET'), (b'Access-Control-Allow-Origin', b'*'), (b'Access-Control-Expose-Headers', b'DataServiceVersion'), (b'Cache-Control', b'private'), (b'Content-Encoding', b'gzip'), (b'Expires', b'Mon, 22 Sep 2025 09:20:42 GMT'), (b'Vary', b'*'), (b'X-Content-Type-Options', b'nosniff'), (b'OData-Version', b'4.0;'), (b'X-AspNet-Version', b'4.0.30319'), (b'X-Powered-By', b'ASP.NET')])
2025-09-22 14:49:49,636 - httpx - INFO - _send_single_request:1740 - HTTP Request: GET https://services.odata.org/V4/Northwind/Northwind.svc/Territories/$count "HTTP/1.1 200 OK"
2025-09-22 14:49:49,636 - httpcore.http11 - DEBUG - atrace:87 - receive_response_body.started request=<Request [b'GET']>
2025-09-22 14:49:49,636 - httpcore.http11 - DEBUG - atrace:87 - receive_response_body.complete
2025-09-22 14:49:49,636 - httpcore.http11 - DEBUG - atrace:87 - response_closed.started
2025-09-22 14:49:49,644 - httpcore.http11 - DEBUG - atrace:87 - response_closed.complete
2025-09-22 14:49:49,644 - httpcore.connection - DEBUG - atrace:87 - close.started
2025-09-22 14:49:49,644 - httpcore.connection - DEBUG - atrace:87 - close.complete
2025-09-22 14:49:50,075 - httpcore.http11 - DEBUG - atrace:87 - receive_response_headers.complete return_value=(b'HTTP/1.1', 200, b'OK', [(b'Content-Length', b'122'), (b'Content-Type', b'text/plain;charset=utf-8'), (b'Date', b'Mon, 22 Sep 2025 09:19:51 GMT'), (b'Server', b'Microsoft-IIS/10.0'), (b'Access-Control-Allow-Headers', b'Accept, Origin, Content-Type, MaxDataServiceVersion'), (b'Access-Control-Allow-Methods', b'GET'), (b'Access-Control-Allow-Origin', b'*'), (b'Access-Control-Expose-Headers', b'DataServiceVersion'), (b'Cache-Control', b'private'), (b'Content-Encoding', b'gzip'), (b'Expires', b'Mon, 22 Sep 2025 09:20:42 GMT'), (b'Vary', b'*'), (b'X-Content-Type-Options', b'nosniff'), (b'OData-Version', b'4.0;'), (b'X-AspNet-Version', b'4.0.30319'), (b'X-Powered-By', b'ASP.NET')])
2025-09-22 14:49:50,075 - httpx - INFO - _send_single_request:1740 - HTTP Request: GET https://services.odata.org/V4/Northwind/Northwind.svc/Summary_of_Sales_by_Quarters/$count "HTTP/1.1 200 OK"
2025-09-22 14:49:50,075 - httpcore.http11 - DEBUG - atrace:87 - receive_response_body.started request=<Request [b'GET']>
2025-09-22 14:49:50,075 - httpcore.http11 - DEBUG - atrace:87 - receive_response_body.complete
2025-09-22 14:49:50,075 - httpcore.http11 - DEBUG - atrace:87 - response_closed.started
2025-09-22 14:49:50,075 - httpcore.http11 - DEBUG - atrace:87 - response_closed.complete
2025-09-22 14:49:50,075 - httpcore.connection - DEBUG - atrace:87 - close.started
2025-09-22 14:49:50,075 - httpcore.connection - DEBUG - atrace:87 - close.complete
2025-09-22 14:49:50,586 - httpcore.http11 - DEBUG - atrace:87 - receive_response_headers.complete return_value=(b'HTTP/1.1', 200, b'OK', [(b'Content-Length', b'120'), (b'Content-Type', b'text/plain;charset=utf-8'), (b'Date', b'Mon, 22 Sep 2025 09:19:52 GMT'), (b'Server', b'Microsoft-IIS/10.0'), (b'Access-Control-Allow-Headers', b'Accept, Origin, Content-Type, MaxDataServiceVersion'), (b'Access-Control-Allow-Methods', b'GET'), (b'Access-Control-Allow-Origin', b'*'), (b'Access-Control-Expose-Headers', b'DataServiceVersion'), (b'Cache-Control', b'private'), (b'Content-Encoding', b'gzip'), (b'Expires', b'Mon, 22 Sep 2025 09:20:42 GMT'), (b'Vary', b'*'), (b'X-Content-Type-Options', b'nosniff'), (b'OData-Version', b'4.0;'), (b'X-AspNet-Version', b'4.0.30319'), (b'X-Powered-By', b'ASP.NET')])
2025-09-22 14:49:50,586 - httpx - INFO - _send_single_request:1740 - HTTP Request: GET https://services.odata.org/V4/Northwind/Northwind.svc/Shippers/$count "HTTP/1.1 200 OK"
2025-09-22 14:49:50,586 - httpcore.http11 - DEBUG - atrace:87 - receive_response_body.started request=<Request [b'GET']>
2025-09-22 14:49:50,586 - httpcore.http11 - DEBUG - atrace:87 - receive_response_body.complete
2025-09-22 14:49:50,586 - httpcore.http11 - DEBUG - atrace:87 - response_closed.started
2025-09-22 14:49:50,586 - httpcore.http11 - DEBUG - atrace:87 - response_closed.complete
2025-09-22 14:49:50,600 - httpcore.connection - DEBUG - atrace:87 - close.started
2025-09-22 14:49:50,600 - httpcore.connection - DEBUG - atrace:87 - close.complete
2025-09-22 14:49:51,105 - httpcore.http11 - DEBUG - atrace:87 - receive_response_headers.complete return_value=(b'HTTP/1.1', 200, b'OK', [(b'Content-Length', b'122'), (b'Content-Type', b'text/plain;charset=utf-8'), (b'Date', b'Mon, 22 Sep 2025 09:19:52 GMT'), (b'Server', b'Microsoft-IIS/10.0'), (b'Access-Control-Allow-Headers', b'Accept, Origin, Content-Type, MaxDataServiceVersion'), (b'Access-Control-Allow-Methods', b'GET'), (b'Access-Control-Allow-Origin', b'*'), (b'Access-Control-Expose-Headers', b'DataServiceVersion'), (b'Cache-Control', b'private'), (b'Content-Encoding', b'gzip'), (b'Expires', b'Mon, 22 Sep 2025 09:20:42 GMT'), (b'Vary', b'*'), (b'X-Content-Type-Options', b'nosniff'), (b'OData-Version', b'4.0;'), (b'X-AspNet-Version', b'4.0.30319'), (b'X-Powered-By', b'ASP.NET')])
2025-09-22 14:49:51,105 - httpx - INFO - _send_single_request:1740 - HTTP Request: GET https://services.odata.org/V4/Northwind/Northwind.svc/Orders/$count "HTTP/1.1 200 OK"
2025-09-22 14:49:51,105 - httpcore.http11 - DEBUG - atrace:87 - receive_response_body.started request=<Request [b'GET']>
2025-09-22 14:49:51,105 - httpcore.http11 - DEBUG - atrace:87 - receive_response_body.complete
2025-09-22 14:49:51,105 - httpcore.http11 - DEBUG - atrace:87 - response_closed.started
2025-09-22 14:49:51,105 - httpcore.http11 - DEBUG - atrace:87 - response_closed.complete
2025-09-22 14:49:51,112 - httpcore.connection - DEBUG - atrace:87 - close.started
2025-09-22 14:49:51,112 - httpcore.connection - DEBUG - atrace:87 - close.complete
2025-09-22 14:49:51,624 - httpcore.http11 - DEBUG - atrace:87 - receive_response_headers.complete return_value=(b'HTTP/1.1', 200, b'OK', [(b'Content-Length', b'124'), (b'Content-Type', b'text/plain;charset=utf-8'), (b'Date', b'Mon, 22 Sep 2025 09:19:53 GMT'), (b'Server', b'Microsoft-IIS/10.0'), (b'Access-Control-Allow-Headers', b'Accept, Origin, Content-Type, MaxDataServiceVersion'), (b'Access-Control-Allow-Methods', b'GET'), (b'Access-Control-Allow-Origin', b'*'), (b'Access-Control-Expose-Headers', b'DataServiceVersion'), (b'Cache-Control', b'private'), (b'Content-Encoding', b'gzip'), (b'Expires', b'Mon, 22 Sep 2025 09:20:42 GMT'), (b'Vary', b'*'), (b'X-Content-Type-Options', b'nosniff'), (b'OData-Version', b'4.0;'), (b'X-AspNet-Version', b'4.0.30319'), (b'X-Powered-By', b'ASP.NET')])
2025-09-22 14:49:51,625 - httpx - INFO - _send_single_request:1740 - HTTP Request: GET https://services.odata.org/V4/Northwind/Northwind.svc/Order_Details_Extendeds/$count "HTTP/1.1 200 OK"
2025-09-22 14:49:51,625 - httpcore.http11 - DEBUG - atrace:87 - receive_response_body.started request=<Request [b'GET']>
2025-09-22 14:49:51,625 - httpcore.http11 - DEBUG - atrace:87 - receive_response_body.complete
2025-09-22 14:49:51,625 - httpcore.http11 - DEBUG - atrace:87 - response_closed.started
2025-09-22 14:49:51,625 - httpcore.http11 - DEBUG - atrace:87 - response_closed.complete
2025-09-22 14:49:51,625 - httpcore.connection - DEBUG - atrace:87 - close.started
2025-09-22 14:49:51,625 - httpcore.connection - DEBUG - atrace:87 - close.complete
2025-09-22 14:49:51,625 - services.count - INFO - get_entity_counts:61 - [2m2025-09-22T09:19:51.625159Z[0m [[32m[1minfo     [0m] [1mSuccessfully retrieved entity counts[0m [[0m[1m[34mservices.count[0m][0m [36mcounts[0m=[35m{'Categories': 8, 'CustomerDemographics': 0, 'Customers': 91, 'Employees': 9, 'Order_Details': 2155, 'Orders': 830, 'Products': 77, 'Regions': 4, 'Shippers': 3, 'Suppliers': 29, 'Territories': 53, 'Alphabetical_list_of_products': 69, 'Category_Sales_for_1997': 8, 'Current_Product_Lists': 69, 'Customer_and_Suppliers_by_Cities': 120, 'Invoices': 2155, 'Order_Details_Extendeds': 2155, 'Order_Subtotals': 830, 'Orders_Qries': 830, 'Product_Sales_for_1997': 77, 'Products_Above_Average_Prices': 25, 'Products_by_Categories': 69, 'Sales_by_Categories': 77, 'Sales_Totals_by_Amounts': 66, 'Summary_of_Sales_by_Quarters': 809, 'Summary_of_Sales_by_Years': 809}[0m
2025-09-22 14:49:51,625 - httpcore.connection - DEBUG - atrace:87 - close.started
2025-09-22 14:49:51,625 - httpcore.connection - DEBUG - atrace:87 - close.complete
2025-09-22 14:49:51,625 - httpcore.connection - DEBUG - atrace:87 - close.started
2025-09-22 14:49:51,625 - httpcore.connection - DEBUG - atrace:87 - close.complete
2025-09-22 14:49:51,625 - httpcore.connection - DEBUG - atrace:87 - close.started
2025-09-22 14:49:51,625 - httpcore.connection - DEBUG - atrace:87 - close.complete
2025-09-22 14:49:51,625 - httpcore.connection - DEBUG - atrace:87 - close.started
2025-09-22 14:49:51,625 - httpcore.connection - DEBUG - atrace:87 - close.complete
2025-09-22 14:49:51,625 - httpcore.connection - DEBUG - atrace:87 - close.started
2025-09-22 14:49:51,625 - httpcore.connection - DEBUG - atrace:87 - close.complete
2025-09-22 14:49:51,625 - httpcore.connection - DEBUG - atrace:87 - close.started
2025-09-22 14:49:51,625 - httpcore.connection - DEBUG - atrace:87 - close.complete
2025-09-22 14:49:51,625 - httpcore.connection - DEBUG - atrace:87 - close.started
2025-09-22 14:49:51,625 - httpcore.connection - DEBUG - atrace:87 - close.complete
2025-09-22 14:49:51,625 - httpcore.connection - DEBUG - atrace:87 - close.started
2025-09-22 14:49:51,625 - httpcore.connection - DEBUG - atrace:87 - close.complete
2025-09-22 14:49:51,625 - httpcore.connection - DEBUG - atrace:87 - close.started
2025-09-22 14:49:51,625 - httpcore.connection - DEBUG - atrace:87 - close.complete
2025-09-22 14:49:51,625 - httpcore.connection - DEBUG - atrace:87 - close.started
2025-09-22 14:49:51,625 - httpcore.connection - DEBUG - atrace:87 - close.complete
2025-09-22 14:49:51,625 - planning.graph_builder - INFO - add_entities:32 - [2m2025-09-22T09:19:51.625159Z[0m [[32m[1minfo     [0m] [1mAdded entities to graph       [0m [[0m[1m[34mplanning.graph_builder[0m][0m [36mentity_count[0m=[35m26[0m
2025-09-22 14:49:51,625 - planning.graph_builder - INFO - add_relationships:54 - [2m2025-09-22T09:19:51.625159Z[0m [[32m[1minfo     [0m] [1mAdded relationships to graph  [0m [[0m[1m[34mplanning.graph_builder[0m][0m [36mrelationship_count[0m=[35m0[0m
2025-09-22 14:49:51,625 - planning.graph_builder - INFO - get_processing_order:72 - [2m2025-09-22T09:19:51.625159Z[0m [[32m[1minfo     [0m] [1mGenerated processing order    [0m [[0m[1m[34mplanning.graph_builder[0m][0m [36mlevels[0m=[35m1[0m [36mtotal_entities[0m=[35m26[0m
2025-09-22 14:49:51,625 - planning.plan_generator - INFO - create_execution_plan:134 - [2m2025-09-22T09:19:51.625159Z[0m [[32m[1minfo     [0m] [1mCreating execution plan       [0m [[0m[1m[34mplanning.plan_generator[0m][0m [36mselected_entities[0m=[35mall[0m [36mtotal_entities[0m=[35m26[0m
2025-09-22 14:49:51,625 - planning.plan_generator - INFO - create_execution_plan:152 - [2m2025-09-22T09:19:51.625159Z[0m [[32m[1minfo     [0m] [1mSkipping empty entity         [0m [[0m[1m[34mplanning.plan_generator[0m][0m [36mentity[0m=[35mCustomerDemographics[0m
2025-09-22 14:49:51,625 - planning.plan_generator - INFO - create_execution_plan:186 - [2m2025-09-22T09:19:51.625159Z[0m [[32m[1minfo     [0m] [1mExecution plan created        [0m [[0m[1m[34mplanning.plan_generator[0m][0m [36mplanned_entities[0m=[35m25[0m [36mtotal_commands[0m=[35m28[0m
2025-09-22 14:49:51,625 - odc.connector - INFO - _discovery_phase:213 - [2m2025-09-22T09:19:51.625159Z[0m [[32m[1minfo     [0m] [1mDiscovery phase completed     [0m [[0m[1m[34modc.connector[0m][0m [36mentities[0m=[35m26[0m [36mprocessing_levels[0m=[35m1[0m [36mtotal_records[0m=[35m11427[0m
2025-09-22 14:49:51,625 - odc.connector - INFO - _execution_phase:220 - [2m2025-09-22T09:19:51.625159Z[0m [[32m[1minfo     [0m] [1mStarting execution phase      [0m [[0m[1m[34modc.connector[0m][0m
2025-09-22 14:49:51,625 - workers.proxy_pool - INFO - start:304 - [2m2025-09-22T09:19:51.625159Z[0m [[32m[1minfo     [0m] [1mStarting proxy pool           [0m [[0m[1m[34mworkers.proxy_pool[0m][0m [36mmax_workers[0m=[35m3[0m
2025-09-22 14:49:51,625 - workers.proxy_pool - INFO - start:324 - [2m2025-09-22T09:19:51.625159Z[0m [[32m[1minfo     [0m] [1mProxy pool started successfully[0m [[0m[1m[34mworkers.proxy_pool[0m][0m
2025-09-22 14:49:51,632 - planning.plan_generator - INFO - get_initial_commands:219 - [2m2025-09-22T09:19:51.632079Z[0m [[32m[1minfo     [0m] [1mGenerated initial commands    [0m [[0m[1m[34mplanning.plan_generator[0m][0m [36mcommand_count[0m=[35m28[0m
2025-09-22 14:49:51,632 - workers.proxy_pool - INFO - add_commands:365 - [2m2025-09-22T09:19:51.632861Z[0m [[32m[1minfo     [0m] [1mCommands added to queue       [0m [[0m[1m[34mworkers.proxy_pool[0m][0m [36mcount[0m=[35m28[0m
2025-09-22 14:49:51,632 - workers.proxy_pool - INFO - _worker_loop:372 - [2m2025-09-22T09:19:51.632861Z[0m [[32m[1minfo     [0m] [1m🟢 Worker started and ready for commands[0m [[0m[1m[34mworkers.proxy_pool[0m][0m [36mworker_id[0m=[35mworker_0[0m [36mworker_status[0m=[35mACTIVE[0m
2025-09-22 14:49:51,633 - workers.proxy_pool - INFO - _worker_loop:394 - [2m2025-09-22T09:19:51.633880Z[0m [[32m[1minfo     [0m] [1m📋 Worker picked up command from queue[0m [[0m[1m[34mworkers.proxy_pool[0m][0m [36mcommand_id[0m=[35mCategory_Sales_for_1997_page_1[0m [36mentity[0m=[35mCategory_Sales_for_1997[0m [36mqueue_size_after_pickup[0m=[35m27[0m [36mworker_id[0m=[35mworker_0[0m [36mworker_status[0m=[35mPROCESSING[0m
2025-09-22 14:49:51,634 - workers.proxy_pool - INFO - execute_command:51 - [2m2025-09-22T09:19:51.633880Z[0m [[32m[1minfo     [0m] [1m🚀 Worker starting command execution[0m [[0m[1m[34mworkers.proxy_pool[0m][0m [36mcommand_id[0m=[35mCategory_Sales_for_1997_page_1[0m [36mcommand_type[0m=[35mfetch_page[0m [36mentity[0m=[35mCategory_Sales_for_1997[0m [36mpriority[0m=[35m1[0m [36mretry_count[0m=[35m0[0m [36mskip[0m=[35m0[0m [36mtop[0m=[35m1500[0m [36mworker_id[0m=[35mworker_0[0m
2025-09-22 14:49:51,634 - workers.proxy_pool - INFO - execute_command:74 - [2m2025-09-22T09:19:51.634604Z[0m [[32m[1minfo     [0m] [1m🔄 Worker executing request with resilience patterns[0m [[0m[1m[34mworkers.proxy_pool[0m][0m [36mcircuit_breaker_state[0m=[35mclosed[0m [36mcommand_id[0m=[35mCategory_Sales_for_1997_page_1[0m [36mworker_id[0m=[35mworker_0[0m
2025-09-22 14:49:51,836 - workers.proxy_pool - INFO - _worker_loop:372 - [2m2025-09-22T09:19:51.836376Z[0m [[32m[1minfo     [0m] [1m🟢 Worker started and ready for commands[0m [[0m[1m[34mworkers.proxy_pool[0m][0m [36mworker_id[0m=[35mworker_1[0m [36mworker_status[0m=[35mACTIVE[0m
2025-09-22 14:49:51,847 - workers.proxy_pool - INFO - _worker_loop:394 - [2m2025-09-22T09:19:51.847669Z[0m [[32m[1minfo     [0m] [1m📋 Worker picked up command from queue[0m [[0m[1m[34mworkers.proxy_pool[0m][0m [36mcommand_id[0m=[35mProducts_by_Categories_page_1[0m [36mentity[0m=[35mProducts_by_Categories[0m [36mqueue_size_after_pickup[0m=[35m26[0m [36mworker_id[0m=[35mworker_1[0m [36mworker_status[0m=[35mPROCESSING[0m
2025-09-22 14:49:51,847 - workers.proxy_pool - INFO - execute_command:51 - [2m2025-09-22T09:19:51.847669Z[0m [[32m[1minfo     [0m] [1m🚀 Worker starting command execution[0m [[0m[1m[34mworkers.proxy_pool[0m][0m [36mcommand_id[0m=[35mProducts_by_Categories_page_1[0m [36mcommand_type[0m=[35mfetch_page[0m [36mentity[0m=[35mProducts_by_Categories[0m [36mpriority[0m=[35m1[0m [36mretry_count[0m=[35m0[0m [36mskip[0m=[35m0[0m [36mtop[0m=[35m1500[0m [36mworker_id[0m=[35mworker_1[0m
2025-09-22 14:49:51,848 - workers.proxy_pool - INFO - execute_command:74 - [2m2025-09-22T09:19:51.848276Z[0m [[32m[1minfo     [0m] [1m🔄 Worker executing request with resilience patterns[0m [[0m[1m[34mworkers.proxy_pool[0m][0m [36mcircuit_breaker_state[0m=[35mclosed[0m [36mcommand_id[0m=[35mProducts_by_Categories_page_1[0m [36mworker_id[0m=[35mworker_1[0m
2025-09-22 14:49:51,848 - workers.proxy_pool - INFO - _worker_loop:372 - [2m2025-09-22T09:19:51.848880Z[0m [[32m[1minfo     [0m] [1m🟢 Worker started and ready for commands[0m [[0m[1m[34mworkers.proxy_pool[0m][0m [36mworker_id[0m=[35mworker_2[0m [36mworker_status[0m=[35mACTIVE[0m
2025-09-22 14:49:51,848 - workers.proxy_pool - INFO - _worker_loop:394 - [2m2025-09-22T09:19:51.848880Z[0m [[32m[1minfo     [0m] [1m📋 Worker picked up command from queue[0m [[0m[1m[34mworkers.proxy_pool[0m][0m [36mcommand_id[0m=[35mEmployees_page_1[0m [36mentity[0m=[35mEmployees[0m [36mqueue_size_after_pickup[0m=[35m25[0m [36mworker_id[0m=[35mworker_2[0m [36mworker_status[0m=[35mPROCESSING[0m
2025-09-22 14:49:51,848 - workers.proxy_pool - INFO - execute_command:51 - [2m2025-09-22T09:19:51.848880Z[0m [[32m[1minfo     [0m] [1m🚀 Worker starting command execution[0m [[0m[1m[34mworkers.proxy_pool[0m][0m [36mcommand_id[0m=[35mEmployees_page_1[0m [36mcommand_type[0m=[35mfetch_page[0m [36mentity[0m=[35mEmployees[0m [36mpriority[0m=[35m1[0m [36mretry_count[0m=[35m0[0m [36mskip[0m=[35m0[0m [36mtop[0m=[35m1500[0m [36mworker_id[0m=[35mworker_2[0m
2025-09-22 14:49:51,848 - workers.proxy_pool - INFO - execute_command:74 - [2m2025-09-22T09:19:51.848880Z[0m [[32m[1minfo     [0m] [1m🔄 Worker executing request with resilience patterns[0m [[0m[1m[34mworkers.proxy_pool[0m][0m [36mcircuit_breaker_state[0m=[35mclosed[0m [36mcommand_id[0m=[35mEmployees_page_1[0m [36mworker_id[0m=[35mworker_2[0m
2025-09-22 14:49:51,850 - httpcore.connection - DEBUG - atrace:87 - connect_tcp.started host='services.odata.org' port=443 local_address=None timeout=30 socket_options=None
2025-09-22 14:49:51,850 - httpcore.connection - DEBUG - atrace:87 - connect_tcp.started host='services.odata.org' port=443 local_address=None timeout=30 socket_options=None
2025-09-22 14:49:51,850 - httpcore.connection - DEBUG - atrace:87 - connect_tcp.started host='services.odata.org' port=443 local_address=None timeout=30 socket_options=None
2025-09-22 14:49:52,136 - httpcore.connection - DEBUG - atrace:87 - connect_tcp.complete return_value=<httpcore._backends.anyio.AnyIOStream object at 0x0000025991997950>
2025-09-22 14:49:52,136 - httpcore.connection - DEBUG - atrace:87 - start_tls.started ssl_context=<ssl.SSLContext object at 0x000002599194EED0> server_hostname='services.odata.org' timeout=30
2025-09-22 14:49:52,136 - httpcore.connection - DEBUG - atrace:87 - connect_tcp.complete return_value=<httpcore._backends.anyio.AnyIOStream object at 0x0000025991225E20>
2025-09-22 14:49:52,136 - httpcore.connection - DEBUG - atrace:87 - start_tls.started ssl_context=<ssl.SSLContext object at 0x000002599194EED0> server_hostname='services.odata.org' timeout=30
2025-09-22 14:49:52,136 - httpcore.connection - DEBUG - atrace:87 - connect_tcp.complete return_value=<httpcore._backends.anyio.AnyIOStream object at 0x0000025991996B40>
2025-09-22 14:49:52,136 - httpcore.connection - DEBUG - atrace:87 - start_tls.started ssl_context=<ssl.SSLContext object at 0x000002599194EED0> server_hostname='services.odata.org' timeout=30
2025-09-22 14:49:52,624 - httpcore.connection - DEBUG - atrace:87 - start_tls.complete return_value=<httpcore._backends.anyio.AnyIOStream object at 0x0000025991997AA0>
2025-09-22 14:49:52,624 - httpcore.connection - DEBUG - atrace:87 - start_tls.complete return_value=<httpcore._backends.anyio.AnyIOStream object at 0x0000025991996FF0>
2025-09-22 14:49:52,624 - httpcore.http11 - DEBUG - atrace:87 - send_request_headers.started request=<Request [b'GET']>
2025-09-22 14:49:52,624 - httpcore.http11 - DEBUG - atrace:87 - send_request_headers.started request=<Request [b'GET']>
2025-09-22 14:49:52,624 - httpcore.http11 - DEBUG - atrace:87 - send_request_headers.complete
2025-09-22 14:49:52,624 - httpcore.http11 - DEBUG - atrace:87 - send_request_body.started request=<Request [b'GET']>
2025-09-22 14:49:52,624 - httpcore.http11 - DEBUG - atrace:87 - send_request_body.complete
2025-09-22 14:49:52,624 - httpcore.http11 - DEBUG - atrace:87 - receive_response_headers.started request=<Request [b'GET']>
2025-09-22 14:49:52,624 - httpcore.http11 - DEBUG - atrace:87 - send_request_headers.complete
2025-09-22 14:49:52,624 - httpcore.http11 - DEBUG - atrace:87 - send_request_body.started request=<Request [b'GET']>
2025-09-22 14:49:52,624 - httpcore.http11 - DEBUG - atrace:87 - send_request_body.complete
2025-09-22 14:49:52,624 - httpcore.http11 - DEBUG - atrace:87 - receive_response_headers.started request=<Request [b'GET']>
2025-09-22 14:49:52,624 - httpcore.connection - DEBUG - atrace:87 - start_tls.complete return_value=<httpcore._backends.anyio.AnyIOStream object at 0x0000025991997D40>
2025-09-22 14:49:52,624 - httpcore.http11 - DEBUG - atrace:87 - send_request_headers.started request=<Request [b'GET']>
2025-09-22 14:49:52,624 - httpcore.http11 - DEBUG - atrace:87 - send_request_headers.complete
2025-09-22 14:49:52,624 - httpcore.http11 - DEBUG - atrace:87 - send_request_body.started request=<Request [b'GET']>
2025-09-22 14:49:52,624 - httpcore.http11 - DEBUG - atrace:87 - send_request_body.complete
2025-09-22 14:49:52,624 - httpcore.http11 - DEBUG - atrace:87 - receive_response_headers.started request=<Request [b'GET']>
2025-09-22 14:49:53,016 - httpcore.http11 - DEBUG - atrace:87 - receive_response_headers.complete return_value=(b'HTTP/1.1', 200, b'OK', [(b'Content-Type', b'application/json;odata.metadata=minimal;odata.streaming=true;IEEE754Compatible=false;charset=utf-8'), (b'Date', b'Mon, 22 Sep 2025 09:19:54 GMT'), (b'Server', b'Microsoft-IIS/10.0'), (b'Access-Control-Allow-Headers', b'Accept, Origin, Content-Type, MaxDataServiceVersion'), (b'Access-Control-Allow-Methods', b'GET'), (b'Access-Control-Allow-Origin', b'*'), (b'Access-Control-Expose-Headers', b'DataServiceVersion'), (b'Cache-Control', b'private'), (b'Content-Encoding', b'gzip'), (b'Expires', b'Mon, 22 Sep 2025 09:20:54 GMT'), (b'Transfer-Encoding', b'chunked'), (b'Vary', b'*'), (b'X-Content-Type-Options', b'nosniff'), (b'OData-Version', b'4.0;'), (b'X-AspNet-Version', b'4.0.30319'), (b'X-Powered-By', b'ASP.NET')])
2025-09-22 14:49:53,024 - httpx - INFO - _send_single_request:1740 - HTTP Request: GET https://services.odata.org/V4/Northwind/Northwind.svc/Employees?%24skip=0&%24top=1500 "HTTP/1.1 200 OK"
2025-09-22 14:49:53,024 - httpcore.http11 - DEBUG - atrace:87 - receive_response_body.started request=<Request [b'GET']>
2025-09-22 14:49:53,702 - httpcore.http11 - DEBUG - atrace:87 - receive_response_headers.complete return_value=(b'HTTP/1.1', 200, b'OK', [(b'Content-Length', b'402'), (b'Content-Type', b'application/json;odata.metadata=minimal;odata.streaming=true;IEEE754Compatible=false;charset=utf-8'), (b'Date', b'Mon, 22 Sep 2025 09:19:55 GMT'), (b'Server', b'Microsoft-IIS/10.0'), (b'Access-Control-Allow-Headers', b'Accept, Origin, Content-Type, MaxDataServiceVersion'), (b'Access-Control-Allow-Methods', b'GET'), (b'Access-Control-Allow-Origin', b'*'), (b'Access-Control-Expose-Headers', b'DataServiceVersion'), (b'Cache-Control', b'private'), (b'Content-Encoding', b'gzip'), (b'Expires', b'Mon, 22 Sep 2025 09:20:54 GMT'), (b'Vary', b'*'), (b'X-Content-Type-Options', b'nosniff'), (b'OData-Version', b'4.0;'), (b'X-AspNet-Version', b'4.0.30319'), (b'X-Powered-By', b'ASP.NET')])
2025-09-22 14:49:53,702 - httpx - INFO - _send_single_request:1740 - HTTP Request: GET https://services.odata.org/V4/Northwind/Northwind.svc/Category_Sales_for_1997?%24skip=0&%24top=1500 "HTTP/1.1 200 OK"
2025-09-22 14:49:53,702 - httpcore.http11 - DEBUG - atrace:87 - receive_response_body.started request=<Request [b'GET']>
2025-09-22 14:49:53,702 - httpcore.http11 - DEBUG - atrace:87 - receive_response_body.complete
2025-09-22 14:49:53,702 - httpcore.http11 - DEBUG - atrace:87 - response_closed.started
2025-09-22 14:49:53,702 - httpcore.http11 - DEBUG - atrace:87 - response_closed.complete
2025-09-22 14:49:53,702 - workers.proxy_pool - INFO - _make_http_request:187 - [2m2025-09-22T09:19:53.702744Z[0m [[32m[1minfo     [0m] [1m📊 Worker successfully fetched data[0m [[0m[1m[34mworkers.proxy_pool[0m][0m [36mcommand_id[0m=[35mCategory_Sales_for_1997_page_1[0m [36mentity[0m=[35mCategory_Sales_for_1997[0m [36mhas_next_page[0m=[35mFalse[0m [36mrecords_in_response[0m=[35m8[0m [36mworker_id[0m=[35mworker_0[0m
2025-09-22 14:49:53,702 - workers.proxy_pool - ERROR - _worker_loop:429 - [2m2025-09-22T09:19:53.702744Z[0m [[31m[1merror    [0m] [1m💥 Unexpected error in worker loop[0m [[0m[1m[34mworkers.proxy_pool[0m][0m [36merror[0m=[35m"name 'metrics' is not defined"[0m [36merror_type[0m=[35mNameError[0m [36mworker_id[0m=[35mworker_0[0m [36mworker_status[0m=[35mERROR[0m
2025-09-22 14:49:53,702 - workers.proxy_pool - INFO - _worker_loop:394 - [2m2025-09-22T09:19:53.702744Z[0m [[32m[1minfo     [0m] [1m📋 Worker picked up command from queue[0m [[0m[1m[34mworkers.proxy_pool[0m][0m [36mcommand_id[0m=[35mCustomer_and_Suppliers_by_Cities_page_1[0m [36mentity[0m=[35mCustomer_and_Suppliers_by_Cities[0m [36mqueue_size_after_pickup[0m=[35m24[0m [36mworker_id[0m=[35mworker_0[0m [36mworker_status[0m=[35mPROCESSING[0m
2025-09-22 14:49:53,702 - workers.proxy_pool - INFO - execute_command:51 - [2m2025-09-22T09:19:53.702744Z[0m [[32m[1minfo     [0m] [1m🚀 Worker starting command execution[0m [[0m[1m[34mworkers.proxy_pool[0m][0m [36mcommand_id[0m=[35mCustomer_and_Suppliers_by_Cities_page_1[0m [36mcommand_type[0m=[35mfetch_page[0m [36mentity[0m=[35mCustomer_and_Suppliers_by_Cities[0m [36mpriority[0m=[35m1[0m [36mretry_count[0m=[35m0[0m [36mskip[0m=[35m0[0m [36mtop[0m=[35m1500[0m [36mworker_id[0m=[35mworker_0[0m
2025-09-22 14:49:53,702 - workers.proxy_pool - INFO - execute_command:74 - [2m2025-09-22T09:19:53.702744Z[0m [[32m[1minfo     [0m] [1m🔄 Worker executing request with resilience patterns[0m [[0m[1m[34mworkers.proxy_pool[0m][0m [36mcircuit_breaker_state[0m=[35mclosed[0m [36mcommand_id[0m=[35mCustomer_and_Suppliers_by_Cities_page_1[0m [36mworker_id[0m=[35mworker_0[0m
2025-09-22 14:49:53,702 - httpcore.http11 - DEBUG - atrace:87 - send_request_headers.started request=<Request [b'GET']>
2025-09-22 14:49:53,702 - httpcore.http11 - DEBUG - atrace:87 - send_request_headers.complete
2025-09-22 14:49:53,702 - httpcore.http11 - DEBUG - atrace:87 - send_request_body.started request=<Request [b'GET']>
2025-09-22 14:49:53,702 - httpcore.http11 - DEBUG - atrace:87 - send_request_body.complete
2025-09-22 14:49:53,702 - httpcore.http11 - DEBUG - atrace:87 - receive_response_headers.started request=<Request [b'GET']>
2025-09-22 14:49:54,003 - httpcore.http11 - DEBUG - atrace:87 - receive_response_headers.complete return_value=(b'HTTP/1.1', 200, b'OK', [(b'Content-Length', b'4166'), (b'Content-Type', b'application/json;odata.metadata=minimal;odata.streaming=true;IEEE754Compatible=false;charset=utf-8'), (b'Date', b'Mon, 22 Sep 2025 09:19:55 GMT'), (b'Server', b'Microsoft-IIS/10.0'), (b'Access-Control-Allow-Headers', b'Accept, Origin, Content-Type, MaxDataServiceVersion'), (b'Access-Control-Allow-Methods', b'GET'), (b'Access-Control-Allow-Origin', b'*'), (b'Access-Control-Expose-Headers', b'DataServiceVersion'), (b'Cache-Control', b'private'), (b'Content-Encoding', b'gzip'), (b'Expires', b'Mon, 22 Sep 2025 09:20:55 GMT'), (b'Vary', b'*'), (b'X-Content-Type-Options', b'nosniff'), (b'OData-Version', b'4.0;'), (b'X-AspNet-Version', b'4.0.30319'), (b'X-Powered-By', b'ASP.NET')])
2025-09-22 14:49:54,003 - httpx - INFO - _send_single_request:1740 - HTTP Request: GET https://services.odata.org/V4/Northwind/Northwind.svc/Customer_and_Suppliers_by_Cities?%24skip=0&%24top=1500 "HTTP/1.1 200 OK"
2025-09-22 14:49:54,003 - httpcore.http11 - DEBUG - atrace:87 - receive_response_body.started request=<Request [b'GET']>
2025-09-22 14:49:54,003 - httpcore.http11 - DEBUG - atrace:87 - receive_response_body.complete
2025-09-22 14:49:54,003 - httpcore.http11 - DEBUG - atrace:87 - response_closed.started
2025-09-22 14:49:54,003 - httpcore.http11 - DEBUG - atrace:87 - response_closed.complete
2025-09-22 14:49:54,010 - workers.proxy_pool - INFO - _make_http_request:187 - [2m2025-09-22T09:19:54.010727Z[0m [[32m[1minfo     [0m] [1m📊 Worker successfully fetched data[0m [[0m[1m[34mworkers.proxy_pool[0m][0m [36mcommand_id[0m=[35mCustomer_and_Suppliers_by_Cities_page_1[0m [36mentity[0m=[35mCustomer_and_Suppliers_by_Cities[0m [36mhas_next_page[0m=[35mTrue[0m [36mrecords_in_response[0m=[35m100[0m [36mworker_id[0m=[35mworker_0[0m
2025-09-22 14:49:54,010 - workers.proxy_pool - ERROR - _worker_loop:429 - [2m2025-09-22T09:19:54.010727Z[0m [[31m[1merror    [0m] [1m💥 Unexpected error in worker loop[0m [[0m[1m[34mworkers.proxy_pool[0m][0m [36merror[0m=[35m"name 'metrics' is not defined"[0m [36merror_type[0m=[35mNameError[0m [36mworker_id[0m=[35mworker_0[0m [36mworker_status[0m=[35mERROR[0m
2025-09-22 14:49:54,010 - workers.proxy_pool - INFO - _worker_loop:394 - [2m2025-09-22T09:19:54.010727Z[0m [[32m[1minfo     [0m] [1m📋 Worker picked up command from queue[0m [[0m[1m[34mworkers.proxy_pool[0m][0m [36mcommand_id[0m=[35mCurrent_Product_Lists_page_1[0m [36mentity[0m=[35mCurrent_Product_Lists[0m [36mqueue_size_after_pickup[0m=[35m23[0m [36mworker_id[0m=[35mworker_0[0m [36mworker_status[0m=[35mPROCESSING[0m
2025-09-22 14:49:54,010 - workers.proxy_pool - INFO - execute_command:51 - [2m2025-09-22T09:19:54.010727Z[0m [[32m[1minfo     [0m] [1m🚀 Worker starting command execution[0m [[0m[1m[34mworkers.proxy_pool[0m][0m [36mcommand_id[0m=[35mCurrent_Product_Lists_page_1[0m [36mcommand_type[0m=[35mfetch_page[0m [36mentity[0m=[35mCurrent_Product_Lists[0m [36mpriority[0m=[35m1[0m [36mretry_count[0m=[35m0[0m [36mskip[0m=[35m0[0m [36mtop[0m=[35m1500[0m [36mworker_id[0m=[35mworker_0[0m
2025-09-22 14:49:54,010 - workers.proxy_pool - INFO - execute_command:74 - [2m2025-09-22T09:19:54.010727Z[0m [[32m[1minfo     [0m] [1m🔄 Worker executing request with resilience patterns[0m [[0m[1m[34mworkers.proxy_pool[0m][0m [36mcircuit_breaker_state[0m=[35mclosed[0m [36mcommand_id[0m=[35mCurrent_Product_Lists_page_1[0m [36mworker_id[0m=[35mworker_0[0m
2025-09-22 14:49:54,010 - httpcore.http11 - DEBUG - atrace:87 - send_request_headers.started request=<Request [b'GET']>
2025-09-22 14:49:54,010 - httpcore.http11 - DEBUG - atrace:87 - send_request_headers.complete
2025-09-22 14:49:54,010 - httpcore.http11 - DEBUG - atrace:87 - send_request_body.started request=<Request [b'GET']>
2025-09-22 14:49:54,010 - httpcore.http11 - DEBUG - atrace:87 - send_request_body.complete
2025-09-22 14:49:54,010 - httpcore.http11 - DEBUG - atrace:87 - receive_response_headers.started request=<Request [b'GET']>
2025-09-22 14:49:54,050 - httpcore.http11 - DEBUG - atrace:87 - receive_response_headers.complete return_value=(b'HTTP/1.1', 200, b'OK', [(b'Content-Length', b'2280'), (b'Content-Type', b'application/json;odata.metadata=minimal;odata.streaming=true;IEEE754Compatible=false;charset=utf-8'), (b'Date', b'Mon, 22 Sep 2025 09:19:55 GMT'), (b'Server', b'Microsoft-IIS/10.0'), (b'Access-Control-Allow-Headers', b'Accept, Origin, Content-Type, MaxDataServiceVersion'), (b'Access-Control-Allow-Methods', b'GET'), (b'Access-Control-Allow-Origin', b'*'), (b'Access-Control-Expose-Headers', b'DataServiceVersion'), (b'Cache-Control', b'private'), (b'Content-Encoding', b'gzip'), (b'Expires', b'Mon, 22 Sep 2025 09:20:54 GMT'), (b'Vary', b'*'), (b'X-Content-Type-Options', b'nosniff'), (b'OData-Version', b'4.0;'), (b'X-AspNet-Version', b'4.0.30319'), (b'X-Powered-By', b'ASP.NET')])
2025-09-22 14:49:54,050 - httpx - INFO - _send_single_request:1740 - HTTP Request: GET https://services.odata.org/V4/Northwind/Northwind.svc/Products_by_Categories?%24skip=0&%24top=1500 "HTTP/1.1 200 OK"
2025-09-22 14:49:54,050 - httpcore.http11 - DEBUG - atrace:87 - receive_response_body.started request=<Request [b'GET']>
2025-09-22 14:49:54,050 - httpcore.http11 - DEBUG - atrace:87 - receive_response_body.complete
2025-09-22 14:49:54,050 - httpcore.http11 - DEBUG - atrace:87 - response_closed.started
2025-09-22 14:49:54,052 - httpcore.http11 - DEBUG - atrace:87 - response_closed.complete
2025-09-22 14:49:54,052 - workers.proxy_pool - INFO - _make_http_request:187 - [2m2025-09-22T09:19:54.052971Z[0m [[32m[1minfo     [0m] [1m📊 Worker successfully fetched data[0m [[0m[1m[34mworkers.proxy_pool[0m][0m [36mcommand_id[0m=[35mProducts_by_Categories_page_1[0m [36mentity[0m=[35mProducts_by_Categories[0m [36mhas_next_page[0m=[35mFalse[0m [36mrecords_in_response[0m=[35m69[0m [36mworker_id[0m=[35mworker_1[0m
2025-09-22 14:49:54,052 - workers.proxy_pool - ERROR - _worker_loop:429 - [2m2025-09-22T09:19:54.052971Z[0m [[31m[1merror    [0m] [1m💥 Unexpected error in worker loop[0m [[0m[1m[34mworkers.proxy_pool[0m][0m [36merror[0m=[35m"name 'metrics' is not defined"[0m [36merror_type[0m=[35mNameError[0m [36mworker_id[0m=[35mworker_1[0m [36mworker_status[0m=[35mERROR[0m
2025-09-22 14:49:54,053 - workers.proxy_pool - INFO - _worker_loop:394 - [2m2025-09-22T09:19:54.053889Z[0m [[32m[1minfo     [0m] [1m📋 Worker picked up command from queue[0m [[0m[1m[34mworkers.proxy_pool[0m][0m [36mcommand_id[0m=[35mCategories_page_1[0m [36mentity[0m=[35mCategories[0m [36mqueue_size_after_pickup[0m=[35m22[0m [36mworker_id[0m=[35mworker_1[0m [36mworker_status[0m=[35mPROCESSING[0m
2025-09-22 14:49:54,053 - workers.proxy_pool - INFO - execute_command:51 - [2m2025-09-22T09:19:54.053889Z[0m [[32m[1minfo     [0m] [1m🚀 Worker starting command execution[0m [[0m[1m[34mworkers.proxy_pool[0m][0m [36mcommand_id[0m=[35mCategories_page_1[0m [36mcommand_type[0m=[35mfetch_page[0m [36mentity[0m=[35mCategories[0m [36mpriority[0m=[35m1[0m [36mretry_count[0m=[35m0[0m [36mskip[0m=[35m0[0m [36mtop[0m=[35m1500[0m [36mworker_id[0m=[35mworker_1[0m
2025-09-22 14:49:54,053 - workers.proxy_pool - INFO - execute_command:74 - [2m2025-09-22T09:19:54.053889Z[0m [[32m[1minfo     [0m] [1m🔄 Worker executing request with resilience patterns[0m [[0m[1m[34mworkers.proxy_pool[0m][0m [36mcircuit_breaker_state[0m=[35mclosed[0m [36mcommand_id[0m=[35mCategories_page_1[0m [36mworker_id[0m=[35mworker_1[0m
2025-09-22 14:49:54,053 - httpcore.http11 - DEBUG - atrace:87 - send_request_headers.started request=<Request [b'GET']>
2025-09-22 14:49:54,053 - httpcore.http11 - DEBUG - atrace:87 - send_request_headers.complete
2025-09-22 14:49:54,053 - httpcore.http11 - DEBUG - atrace:87 - send_request_body.started request=<Request [b'GET']>
2025-09-22 14:49:54,053 - httpcore.http11 - DEBUG - atrace:87 - send_request_body.complete
2025-09-22 14:49:54,053 - httpcore.http11 - DEBUG - atrace:87 - receive_response_headers.started request=<Request [b'GET']>
2025-09-22 14:49:54,402 - httpcore.http11 - DEBUG - atrace:87 - receive_response_headers.complete return_value=(b'HTTP/1.1', 200, b'OK', [(b'Content-Length', b'1429'), (b'Content-Type', b'application/json;odata.metadata=minimal;odata.streaming=true;IEEE754Compatible=false;charset=utf-8'), (b'Date', b'Mon, 22 Sep 2025 09:19:55 GMT'), (b'Server', b'Microsoft-IIS/10.0'), (b'Access-Control-Allow-Headers', b'Accept, Origin, Content-Type, MaxDataServiceVersion'), (b'Access-Control-Allow-Methods', b'GET'), (b'Access-Control-Allow-Origin', b'*'), (b'Access-Control-Expose-Headers', b'DataServiceVersion'), (b'Cache-Control', b'private'), (b'Content-Encoding', b'gzip'), (b'Expires', b'Mon, 22 Sep 2025 09:20:56 GMT'), (b'Vary', b'*'), (b'X-Content-Type-Options', b'nosniff'), (b'OData-Version', b'4.0;'), (b'X-AspNet-Version', b'4.0.30319'), (b'X-Powered-By', b'ASP.NET')])
2025-09-22 14:49:54,402 - httpx - INFO - _send_single_request:1740 - HTTP Request: GET https://services.odata.org/V4/Northwind/Northwind.svc/Current_Product_Lists?%24skip=0&%24top=1500 "HTTP/1.1 200 OK"
2025-09-22 14:49:54,402 - httpcore.http11 - DEBUG - atrace:87 - receive_response_body.started request=<Request [b'GET']>
2025-09-22 14:49:54,402 - httpcore.http11 - DEBUG - atrace:87 - receive_response_body.complete
2025-09-22 14:49:54,402 - httpcore.http11 - DEBUG - atrace:87 - response_closed.started
2025-09-22 14:49:54,402 - httpcore.http11 - DEBUG - atrace:87 - response_closed.complete
2025-09-22 14:49:54,402 - workers.proxy_pool - INFO - _make_http_request:187 - [2m2025-09-22T09:19:54.402860Z[0m [[32m[1minfo     [0m] [1m📊 Worker successfully fetched data[0m [[0m[1m[34mworkers.proxy_pool[0m][0m [36mcommand_id[0m=[35mCurrent_Product_Lists_page_1[0m [36mentity[0m=[35mCurrent_Product_Lists[0m [36mhas_next_page[0m=[35mFalse[0m [36mrecords_in_response[0m=[35m69[0m [36mworker_id[0m=[35mworker_0[0m
2025-09-22 14:49:54,418 - workers.proxy_pool - ERROR - _worker_loop:429 - [2m2025-09-22T09:19:54.418631Z[0m [[31m[1merror    [0m] [1m💥 Unexpected error in worker loop[0m [[0m[1m[34mworkers.proxy_pool[0m][0m [36merror[0m=[35m"name 'metrics' is not defined"[0m [36merror_type[0m=[35mNameError[0m [36mworker_id[0m=[35mworker_0[0m [36mworker_status[0m=[35mERROR[0m
2025-09-22 14:49:54,418 - workers.proxy_pool - INFO - _worker_loop:394 - [2m2025-09-22T09:19:54.418631Z[0m [[32m[1minfo     [0m] [1m📋 Worker picked up command from queue[0m [[0m[1m[34mworkers.proxy_pool[0m][0m [36mcommand_id[0m=[35mOrder_Details_Extendeds_page_1[0m [36mentity[0m=[35mOrder_Details_Extendeds[0m [36mqueue_size_after_pickup[0m=[35m21[0m [36mworker_id[0m=[35mworker_0[0m [36mworker_status[0m=[35mPROCESSING[0m
2025-09-22 14:49:54,418 - workers.proxy_pool - INFO - execute_command:51 - [2m2025-09-22T09:19:54.418631Z[0m [[32m[1minfo     [0m] [1m🚀 Worker starting command execution[0m [[0m[1m[34mworkers.proxy_pool[0m][0m [36mcommand_id[0m=[35mOrder_Details_Extendeds_page_1[0m [36mcommand_type[0m=[35mfetch_page[0m [36mentity[0m=[35mOrder_Details_Extendeds[0m [36mpriority[0m=[35m1[0m [36mretry_count[0m=[35m0[0m [36mskip[0m=[35m0[0m [36mtop[0m=[35m1500[0m [36mworker_id[0m=[35mworker_0[0m
2025-09-22 14:49:54,418 - workers.proxy_pool - INFO - execute_command:74 - [2m2025-09-22T09:19:54.418631Z[0m [[32m[1minfo     [0m] [1m🔄 Worker executing request with resilience patterns[0m [[0m[1m[34mworkers.proxy_pool[0m][0m [36mcircuit_breaker_state[0m=[35mclosed[0m [36mcommand_id[0m=[35mOrder_Details_Extendeds_page_1[0m [36mworker_id[0m=[35mworker_0[0m
2025-09-22 14:49:54,418 - httpcore.http11 - DEBUG - atrace:87 - send_request_headers.started request=<Request [b'GET']>
2025-09-22 14:49:54,418 - httpcore.http11 - DEBUG - atrace:87 - send_request_headers.complete
2025-09-22 14:49:54,418 - httpcore.http11 - DEBUG - atrace:87 - send_request_body.started request=<Request [b'GET']>
2025-09-22 14:49:54,418 - httpcore.http11 - DEBUG - atrace:87 - send_request_body.complete
2025-09-22 14:49:54,418 - httpcore.http11 - DEBUG - atrace:87 - receive_response_headers.started request=<Request [b'GET']>
2025-09-22 14:49:54,425 - httpcore.http11 - DEBUG - atrace:87 - receive_response_body.complete
2025-09-22 14:49:54,426 - httpcore.http11 - DEBUG - atrace:87 - response_closed.started
2025-09-22 14:49:54,426 - httpcore.http11 - DEBUG - atrace:87 - response_closed.complete
2025-09-22 14:49:54,426 - workers.proxy_pool - INFO - _make_http_request:187 - [2m2025-09-22T09:19:54.426150Z[0m [[32m[1minfo     [0m] [1m📊 Worker successfully fetched data[0m [[0m[1m[34mworkers.proxy_pool[0m][0m [36mcommand_id[0m=[35mEmployees_page_1[0m [36mentity[0m=[35mEmployees[0m [36mhas_next_page[0m=[35mFalse[0m [36mrecords_in_response[0m=[35m9[0m [36mworker_id[0m=[35mworker_2[0m
2025-09-22 14:49:54,426 - workers.proxy_pool - ERROR - _worker_loop:429 - [2m2025-09-22T09:19:54.426150Z[0m [[31m[1merror    [0m] [1m💥 Unexpected error in worker loop[0m [[0m[1m[34mworkers.proxy_pool[0m][0m [36merror[0m=[35m"name 'metrics' is not defined"[0m [36merror_type[0m=[35mNameError[0m [36mworker_id[0m=[35mworker_2[0m [36mworker_status[0m=[35mERROR[0m
2025-09-22 14:49:54,426 - workers.proxy_pool - INFO - _worker_loop:394 - [2m2025-09-22T09:19:54.426150Z[0m [[32m[1minfo     [0m] [1m📋 Worker picked up command from queue[0m [[0m[1m[34mworkers.proxy_pool[0m][0m [36mcommand_id[0m=[35mOrder_Details_Extendeds_page_2[0m [36mentity[0m=[35mOrder_Details_Extendeds[0m [36mqueue_size_after_pickup[0m=[35m20[0m [36mworker_id[0m=[35mworker_2[0m [36mworker_status[0m=[35mPROCESSING[0m
2025-09-22 14:49:54,426 - workers.proxy_pool - INFO - execute_command:51 - [2m2025-09-22T09:19:54.426150Z[0m [[32m[1minfo     [0m] [1m🚀 Worker starting command execution[0m [[0m[1m[34mworkers.proxy_pool[0m][0m [36mcommand_id[0m=[35mOrder_Details_Extendeds_page_2[0m [36mcommand_type[0m=[35mfetch_page[0m [36mentity[0m=[35mOrder_Details_Extendeds[0m [36mpriority[0m=[35m1[0m [36mretry_count[0m=[35m0[0m [36mskip[0m=[35m1500[0m [36mtop[0m=[35m1500[0m [36mworker_id[0m=[35mworker_2[0m
2025-09-22 14:49:54,426 - workers.proxy_pool - INFO - execute_command:74 - [2m2025-09-22T09:19:54.426150Z[0m [[32m[1minfo     [0m] [1m🔄 Worker executing request with resilience patterns[0m [[0m[1m[34mworkers.proxy_pool[0m][0m [36mcircuit_breaker_state[0m=[35mclosed[0m [36mcommand_id[0m=[35mOrder_Details_Extendeds_page_2[0m [36mworker_id[0m=[35mworker_2[0m
2025-09-22 14:49:54,426 - httpcore.http11 - DEBUG - atrace:87 - send_request_headers.started request=<Request [b'GET']>
2025-09-22 14:49:54,426 - httpcore.http11 - DEBUG - atrace:87 - send_request_headers.complete
2025-09-22 14:49:54,426 - httpcore.http11 - DEBUG - atrace:87 - send_request_body.started request=<Request [b'GET']>
2025-09-22 14:49:54,426 - httpcore.http11 - DEBUG - atrace:87 - send_request_body.complete
2025-09-22 14:49:54,426 - httpcore.http11 - DEBUG - atrace:87 - receive_response_headers.started request=<Request [b'GET']>
2025-09-22 14:49:54,686 - httpcore.http11 - DEBUG - atrace:87 - receive_response_headers.complete return_value=(b'HTTP/1.1', 200, b'OK', [(b'Content-Length', b'3140'), (b'Content-Type', b'application/json;odata.metadata=minimal;odata.streaming=true;IEEE754Compatible=false;charset=utf-8'), (b'Date', b'Mon, 22 Sep 2025 09:19:56 GMT'), (b'Server', b'Microsoft-IIS/10.0'), (b'Access-Control-Allow-Headers', b'Accept, Origin, Content-Type, MaxDataServiceVersion'), (b'Access-Control-Allow-Methods', b'GET'), (b'Access-Control-Allow-Origin', b'*'), (b'Access-Control-Expose-Headers', b'DataServiceVersion'), (b'Cache-Control', b'private'), (b'Content-Encoding', b'gzip'), (b'Expires', b'Mon, 22 Sep 2025 09:20:56 GMT'), (b'Vary', b'*'), (b'X-Content-Type-Options', b'nosniff'), (b'OData-Version', b'4.0;'), (b'X-AspNet-Version', b'4.0.30319'), (b'X-Powered-By', b'ASP.NET')])
2025-09-22 14:49:54,686 - httpx - INFO - _send_single_request:1740 - HTTP Request: GET https://services.odata.org/V4/Northwind/Northwind.svc/Order_Details_Extendeds?%24skip=0&%24top=1500 "HTTP/1.1 200 OK"
2025-09-22 14:49:54,686 - httpcore.http11 - DEBUG - atrace:87 - receive_response_body.started request=<Request [b'GET']>
2025-09-22 14:49:54,686 - httpcore.http11 - DEBUG - atrace:87 - receive_response_body.complete
2025-09-22 14:49:54,686 - httpcore.http11 - DEBUG - atrace:87 - response_closed.started
2025-09-22 14:49:54,686 - httpcore.http11 - DEBUG - atrace:87 - response_closed.complete
2025-09-22 14:49:54,686 - workers.proxy_pool - INFO - _make_http_request:187 - [2m2025-09-22T09:19:54.686406Z[0m [[32m[1minfo     [0m] [1m📊 Worker successfully fetched data[0m [[0m[1m[34mworkers.proxy_pool[0m][0m [36mcommand_id[0m=[35mOrder_Details_Extendeds_page_1[0m [36mentity[0m=[35mOrder_Details_Extendeds[0m [36mhas_next_page[0m=[35mTrue[0m [36mrecords_in_response[0m=[35m100[0m [36mworker_id[0m=[35mworker_0[0m
2025-09-22 14:49:54,686 - workers.proxy_pool - ERROR - _worker_loop:429 - [2m2025-09-22T09:19:54.686406Z[0m [[31m[1merror    [0m] [1m💥 Unexpected error in worker loop[0m [[0m[1m[34mworkers.proxy_pool[0m][0m [36merror[0m=[35m"name 'metrics' is not defined"[0m [36merror_type[0m=[35mNameError[0m [36mworker_id[0m=[35mworker_0[0m [36mworker_status[0m=[35mERROR[0m
2025-09-22 14:49:54,690 - workers.proxy_pool - INFO - _worker_loop:394 - [2m2025-09-22T09:19:54.690844Z[0m [[32m[1minfo     [0m] [1m📋 Worker picked up command from queue[0m [[0m[1m[34mworkers.proxy_pool[0m][0m [36mcommand_id[0m=[35mSales_Totals_by_Amounts_page_1[0m [36mentity[0m=[35mSales_Totals_by_Amounts[0m [36mqueue_size_after_pickup[0m=[35m19[0m [36mworker_id[0m=[35mworker_0[0m [36mworker_status[0m=[35mPROCESSING[0m
2025-09-22 14:49:54,690 - workers.proxy_pool - INFO - execute_command:51 - [2m2025-09-22T09:19:54.690844Z[0m [[32m[1minfo     [0m] [1m🚀 Worker starting command execution[0m [[0m[1m[34mworkers.proxy_pool[0m][0m [36mcommand_id[0m=[35mSales_Totals_by_Amounts_page_1[0m [36mcommand_type[0m=[35mfetch_page[0m [36mentity[0m=[35mSales_Totals_by_Amounts[0m [36mpriority[0m=[35m1[0m [36mretry_count[0m=[35m0[0m [36mskip[0m=[35m0[0m [36mtop[0m=[35m1500[0m [36mworker_id[0m=[35mworker_0[0m
2025-09-22 14:49:54,690 - workers.proxy_pool - INFO - execute_command:74 - [2m2025-09-22T09:19:54.690844Z[0m [[32m[1minfo     [0m] [1m🔄 Worker executing request with resilience patterns[0m [[0m[1m[34mworkers.proxy_pool[0m][0m [36mcircuit_breaker_state[0m=[35mclosed[0m [36mcommand_id[0m=[35mSales_Totals_by_Amounts_page_1[0m [36mworker_id[0m=[35mworker_0[0m
2025-09-22 14:49:54,690 - httpcore.http11 - DEBUG - atrace:87 - send_request_headers.started request=<Request [b'GET']>
2025-09-22 14:49:54,690 - httpcore.http11 - DEBUG - atrace:87 - send_request_headers.complete
2025-09-22 14:49:54,690 - httpcore.http11 - DEBUG - atrace:87 - send_request_body.started request=<Request [b'GET']>
2025-09-22 14:49:54,690 - httpcore.http11 - DEBUG - atrace:87 - send_request_body.complete
2025-09-22 14:49:54,690 - httpcore.http11 - DEBUG - atrace:87 - receive_response_headers.started request=<Request [b'GET']>
2025-09-22 14:49:54,888 - httpcore.http11 - DEBUG - atrace:87 - receive_response_headers.complete return_value=(b'HTTP/1.1', 200, b'OK', [(b'Content-Type', b'application/json;odata.metadata=minimal;odata.streaming=true;IEEE754Compatible=false;charset=utf-8'), (b'Date', b'Mon, 22 Sep 2025 09:19:56 GMT'), (b'Server', b'Microsoft-IIS/10.0'), (b'Access-Control-Allow-Headers', b'Accept, Origin, Content-Type, MaxDataServiceVersion'), (b'Access-Control-Allow-Methods', b'GET'), (b'Access-Control-Allow-Origin', b'*'), (b'Access-Control-Expose-Headers', b'DataServiceVersion'), (b'Cache-Control', b'private'), (b'Content-Encoding', b'gzip'), (b'Expires', b'Mon, 22 Sep 2025 09:20:56 GMT'), (b'Transfer-Encoding', b'chunked'), (b'Vary', b'*'), (b'X-Content-Type-Options', b'nosniff'), (b'OData-Version', b'4.0;'), (b'X-AspNet-Version', b'4.0.30319'), (b'X-Powered-By', b'ASP.NET')])
2025-09-22 14:49:54,888 - httpx - INFO - _send_single_request:1740 - HTTP Request: GET https://services.odata.org/V4/Northwind/Northwind.svc/Categories?%24skip=0&%24top=1500 "HTTP/1.1 200 OK"
2025-09-22 14:49:54,888 - httpcore.http11 - DEBUG - atrace:87 - receive_response_body.started request=<Request [b'GET']>
2025-09-22 14:49:54,939 - httpcore.http11 - DEBUG - atrace:87 - receive_response_headers.complete return_value=(b'HTTP/1.1', 200, b'OK', [(b'Content-Length', b'1905'), (b'Content-Type', b'application/json;odata.metadata=minimal;odata.streaming=true;IEEE754Compatible=false;charset=utf-8'), (b'Date', b'Mon, 22 Sep 2025 09:19:56 GMT'), (b'Server', b'Microsoft-IIS/10.0'), (b'Access-Control-Allow-Headers', b'Accept, Origin, Content-Type, MaxDataServiceVersion'), (b'Access-Control-Allow-Methods', b'GET'), (b'Access-Control-Allow-Origin', b'*'), (b'Access-Control-Expose-Headers', b'DataServiceVersion'), (b'Cache-Control', b'private'), (b'Content-Encoding', b'gzip'), (b'Expires', b'Mon, 22 Sep 2025 09:20:56 GMT'), (b'Vary', b'*'), (b'X-Content-Type-Options', b'nosniff'), (b'OData-Version', b'4.0;'), (b'X-AspNet-Version', b'4.0.30319'), (b'X-Powered-By', b'ASP.NET')])
2025-09-22 14:49:54,939 - httpx - INFO - _send_single_request:1740 - HTTP Request: GET https://services.odata.org/V4/Northwind/Northwind.svc/Sales_Totals_by_Amounts?%24skip=0&%24top=1500 "HTTP/1.1 200 OK"
2025-09-22 14:49:54,939 - httpcore.http11 - DEBUG - atrace:87 - receive_response_body.started request=<Request [b'GET']>
2025-09-22 14:49:54,939 - httpcore.http11 - DEBUG - atrace:87 - receive_response_body.complete
2025-09-22 14:49:54,939 - httpcore.http11 - DEBUG - atrace:87 - response_closed.started
2025-09-22 14:49:54,939 - httpcore.http11 - DEBUG - atrace:87 - response_closed.complete
2025-09-22 14:49:54,939 - workers.proxy_pool - INFO - _make_http_request:187 - [2m2025-09-22T09:19:54.939653Z[0m [[32m[1minfo     [0m] [1m📊 Worker successfully fetched data[0m [[0m[1m[34mworkers.proxy_pool[0m][0m [36mcommand_id[0m=[35mSales_Totals_by_Amounts_page_1[0m [36mentity[0m=[35mSales_Totals_by_Amounts[0m [36mhas_next_page[0m=[35mFalse[0m [36mrecords_in_response[0m=[35m66[0m [36mworker_id[0m=[35mworker_0[0m
2025-09-22 14:49:54,939 - workers.proxy_pool - ERROR - _worker_loop:429 - [2m2025-09-22T09:19:54.939653Z[0m [[31m[1merror    [0m] [1m💥 Unexpected error in worker loop[0m [[0m[1m[34mworkers.proxy_pool[0m][0m [36merror[0m=[35m"name 'metrics' is not defined"[0m [36merror_type[0m=[35mNameError[0m [36mworker_id[0m=[35mworker_0[0m [36mworker_status[0m=[35mERROR[0m
2025-09-22 14:49:54,939 - workers.proxy_pool - INFO - _worker_loop:394 - [2m2025-09-22T09:19:54.939653Z[0m [[32m[1minfo     [0m] [1m📋 Worker picked up command from queue[0m [[0m[1m[34mworkers.proxy_pool[0m][0m [36mcommand_id[0m=[35mSales_by_Categories_page_1[0m [36mentity[0m=[35mSales_by_Categories[0m [36mqueue_size_after_pickup[0m=[35m18[0m [36mworker_id[0m=[35mworker_0[0m [36mworker_status[0m=[35mPROCESSING[0m
2025-09-22 14:49:54,939 - workers.proxy_pool - INFO - execute_command:51 - [2m2025-09-22T09:19:54.939653Z[0m [[32m[1minfo     [0m] [1m🚀 Worker starting command execution[0m [[0m[1m[34mworkers.proxy_pool[0m][0m [36mcommand_id[0m=[35mSales_by_Categories_page_1[0m [36mcommand_type[0m=[35mfetch_page[0m [36mentity[0m=[35mSales_by_Categories[0m [36mpriority[0m=[35m1[0m [36mretry_count[0m=[35m0[0m [36mskip[0m=[35m0[0m [36mtop[0m=[35m1500[0m [36mworker_id[0m=[35mworker_0[0m
2025-09-22 14:49:54,950 - workers.proxy_pool - INFO - execute_command:74 - [2m2025-09-22T09:19:54.950279Z[0m [[32m[1minfo     [0m] [1m🔄 Worker executing request with resilience patterns[0m [[0m[1m[34mworkers.proxy_pool[0m][0m [36mcircuit_breaker_state[0m=[35mclosed[0m [36mcommand_id[0m=[35mSales_by_Categories_page_1[0m [36mworker_id[0m=[35mworker_0[0m
2025-09-22 14:49:54,950 - httpcore.http11 - DEBUG - atrace:87 - send_request_headers.started request=<Request [b'GET']>
2025-09-22 14:49:54,950 - httpcore.http11 - DEBUG - atrace:87 - send_request_headers.complete
2025-09-22 14:49:54,950 - httpcore.http11 - DEBUG - atrace:87 - send_request_body.started request=<Request [b'GET']>
2025-09-22 14:49:54,950 - httpcore.http11 - DEBUG - atrace:87 - send_request_body.complete
2025-09-22 14:49:54,950 - httpcore.http11 - DEBUG - atrace:87 - receive_response_headers.started request=<Request [b'GET']>
2025-09-22 14:49:55,282 - httpcore.http11 - DEBUG - atrace:87 - receive_response_headers.complete return_value=(b'HTTP/1.1', 200, b'OK', [(b'Content-Length', b'2173'), (b'Content-Type', b'application/json;odata.metadata=minimal;odata.streaming=true;IEEE754Compatible=false;charset=utf-8'), (b'Date', b'Mon, 22 Sep 2025 09:19:56 GMT'), (b'Server', b'Microsoft-IIS/10.0'), (b'Access-Control-Allow-Headers', b'Accept, Origin, Content-Type, MaxDataServiceVersion'), (b'Access-Control-Allow-Methods', b'GET'), (b'Access-Control-Allow-Origin', b'*'), (b'Access-Control-Expose-Headers', b'DataServiceVersion'), (b'Cache-Control', b'private'), (b'Content-Encoding', b'gzip'), (b'Expires', b'Mon, 22 Sep 2025 09:20:57 GMT'), (b'Vary', b'*'), (b'X-Content-Type-Options', b'nosniff'), (b'OData-Version', b'4.0;'), (b'X-AspNet-Version', b'4.0.30319'), (b'X-Powered-By', b'ASP.NET')])
2025-09-22 14:49:55,282 - httpx - INFO - _send_single_request:1740 - HTTP Request: GET https://services.odata.org/V4/Northwind/Northwind.svc/Sales_by_Categories?%24skip=0&%24top=1500 "HTTP/1.1 200 OK"
2025-09-22 14:49:55,282 - httpcore.http11 - DEBUG - atrace:87 - receive_response_body.started request=<Request [b'GET']>
2025-09-22 14:49:55,282 - httpcore.http11 - DEBUG - atrace:87 - receive_response_body.complete
2025-09-22 14:49:55,282 - httpcore.http11 - DEBUG - atrace:87 - response_closed.started
2025-09-22 14:49:55,282 - httpcore.http11 - DEBUG - atrace:87 - response_closed.complete
2025-09-22 14:49:55,282 - workers.proxy_pool - INFO - _make_http_request:187 - [2m2025-09-22T09:19:55.282376Z[0m [[32m[1minfo     [0m] [1m📊 Worker successfully fetched data[0m [[0m[1m[34mworkers.proxy_pool[0m][0m [36mcommand_id[0m=[35mSales_by_Categories_page_1[0m [36mentity[0m=[35mSales_by_Categories[0m [36mhas_next_page[0m=[35mFalse[0m [36mrecords_in_response[0m=[35m77[0m [36mworker_id[0m=[35mworker_0[0m
2025-09-22 14:49:55,282 - workers.proxy_pool - ERROR - _worker_loop:429 - [2m2025-09-22T09:19:55.282376Z[0m [[31m[1merror    [0m] [1m💥 Unexpected error in worker loop[0m [[0m[1m[34mworkers.proxy_pool[0m][0m [36merror[0m=[35m"name 'metrics' is not defined"[0m [36merror_type[0m=[35mNameError[0m [36mworker_id[0m=[35mworker_0[0m [36mworker_status[0m=[35mERROR[0m
2025-09-22 14:49:55,287 - workers.proxy_pool - INFO - _worker_loop:394 - [2m2025-09-22T09:19:55.287099Z[0m [[32m[1minfo     [0m] [1m📋 Worker picked up command from queue[0m [[0m[1m[34mworkers.proxy_pool[0m][0m [36mcommand_id[0m=[35mSummary_of_Sales_by_Years_page_1[0m [36mentity[0m=[35mSummary_of_Sales_by_Years[0m [36mqueue_size_after_pickup[0m=[35m17[0m [36mworker_id[0m=[35mworker_0[0m [36mworker_status[0m=[35mPROCESSING[0m
2025-09-22 14:49:55,287 - workers.proxy_pool - INFO - execute_command:51 - [2m2025-09-22T09:19:55.287099Z[0m [[32m[1minfo     [0m] [1m🚀 Worker starting command execution[0m [[0m[1m[34mworkers.proxy_pool[0m][0m [36mcommand_id[0m=[35mSummary_of_Sales_by_Years_page_1[0m [36mcommand_type[0m=[35mfetch_page[0m [36mentity[0m=[35mSummary_of_Sales_by_Years[0m [36mpriority[0m=[35m1[0m [36mretry_count[0m=[35m0[0m [36mskip[0m=[35m0[0m [36mtop[0m=[35m1500[0m [36mworker_id[0m=[35mworker_0[0m
2025-09-22 14:49:55,287 - workers.proxy_pool - INFO - execute_command:74 - [2m2025-09-22T09:19:55.287099Z[0m [[32m[1minfo     [0m] [1m🔄 Worker executing request with resilience patterns[0m [[0m[1m[34mworkers.proxy_pool[0m][0m [36mcircuit_breaker_state[0m=[35mclosed[0m [36mcommand_id[0m=[35mSummary_of_Sales_by_Years_page_1[0m [36mworker_id[0m=[35mworker_0[0m
2025-09-22 14:49:55,287 - httpcore.http11 - DEBUG - atrace:87 - send_request_headers.started request=<Request [b'GET']>
2025-09-22 14:49:55,287 - httpcore.http11 - DEBUG - atrace:87 - send_request_headers.complete
2025-09-22 14:49:55,287 - httpcore.http11 - DEBUG - atrace:87 - send_request_body.started request=<Request [b'GET']>
2025-09-22 14:49:55,287 - httpcore.http11 - DEBUG - atrace:87 - send_request_body.complete
2025-09-22 14:49:55,287 - httpcore.http11 - DEBUG - atrace:87 - receive_response_headers.started request=<Request [b'GET']>
2025-09-22 14:49:55,325 - httpcore.http11 - DEBUG - atrace:87 - receive_response_headers.complete return_value=(b'HTTP/1.1', 200, b'OK', [(b'Content-Length', b'3390'), (b'Content-Type', b'application/json;odata.metadata=minimal;odata.streaming=true;IEEE754Compatible=false;charset=utf-8'), (b'Date', b'Mon, 22 Sep 2025 09:19:56 GMT'), (b'Server', b'Microsoft-IIS/10.0'), (b'Access-Control-Allow-Headers', b'Accept, Origin, Content-Type, MaxDataServiceVersion'), (b'Access-Control-Allow-Methods', b'GET'), (b'Access-Control-Allow-Origin', b'*'), (b'Access-Control-Expose-Headers', b'DataServiceVersion'), (b'Cache-Control', b'private'), (b'Content-Encoding', b'gzip'), (b'Expires', b'Mon, 22 Sep 2025 09:20:57 GMT'), (b'Vary', b'*'), (b'X-Content-Type-Options', b'nosniff'), (b'OData-Version', b'4.0;'), (b'X-AspNet-Version', b'4.0.30319'), (b'X-Powered-By', b'ASP.NET')])
2025-09-22 14:49:55,325 - httpx - INFO - _send_single_request:1740 - HTTP Request: GET https://services.odata.org/V4/Northwind/Northwind.svc/Order_Details_Extendeds?%24skip=1500&%24top=1500 "HTTP/1.1 200 OK"
2025-09-22 14:49:55,326 - httpcore.http11 - DEBUG - atrace:87 - receive_response_body.started request=<Request [b'GET']>
2025-09-22 14:49:55,326 - httpcore.http11 - DEBUG - atrace:87 - receive_response_body.complete
2025-09-22 14:49:55,326 - httpcore.http11 - DEBUG - atrace:87 - response_closed.started
2025-09-22 14:49:55,326 - httpcore.http11 - DEBUG - atrace:87 - response_closed.complete
2025-09-22 14:49:55,327 - workers.proxy_pool - INFO - _make_http_request:187 - [2m2025-09-22T09:19:55.327250Z[0m [[32m[1minfo     [0m] [1m📊 Worker successfully fetched data[0m [[0m[1m[34mworkers.proxy_pool[0m][0m [36mcommand_id[0m=[35mOrder_Details_Extendeds_page_2[0m [36mentity[0m=[35mOrder_Details_Extendeds[0m [36mhas_next_page[0m=[35mTrue[0m [36mrecords_in_response[0m=[35m100[0m [36mworker_id[0m=[35mworker_2[0m
2025-09-22 14:49:55,327 - workers.proxy_pool - ERROR - _worker_loop:429 - [2m2025-09-22T09:19:55.327824Z[0m [[31m[1merror    [0m] [1m💥 Unexpected error in worker loop[0m [[0m[1m[34mworkers.proxy_pool[0m][0m [36merror[0m=[35m"name 'metrics' is not defined"[0m [36merror_type[0m=[35mNameError[0m [36mworker_id[0m=[35mworker_2[0m [36mworker_status[0m=[35mERROR[0m
2025-09-22 14:49:55,327 - workers.proxy_pool - INFO - _worker_loop:394 - [2m2025-09-22T09:19:55.327824Z[0m [[32m[1minfo     [0m] [1m📋 Worker picked up command from queue[0m [[0m[1m[34mworkers.proxy_pool[0m][0m [36mcommand_id[0m=[35mTerritories_page_1[0m [36mentity[0m=[35mTerritories[0m [36mqueue_size_after_pickup[0m=[35m16[0m [36mworker_id[0m=[35mworker_2[0m [36mworker_status[0m=[35mPROCESSING[0m
2025-09-22 14:49:55,327 - workers.proxy_pool - INFO - execute_command:51 - [2m2025-09-22T09:19:55.327824Z[0m [[32m[1minfo     [0m] [1m🚀 Worker starting command execution[0m [[0m[1m[34mworkers.proxy_pool[0m][0m [36mcommand_id[0m=[35mTerritories_page_1[0m [36mcommand_type[0m=[35mfetch_page[0m [36mentity[0m=[35mTerritories[0m [36mpriority[0m=[35m1[0m [36mretry_count[0m=[35m0[0m [36mskip[0m=[35m0[0m [36mtop[0m=[35m1500[0m [36mworker_id[0m=[35mworker_2[0m
2025-09-22 14:49:55,328 - workers.proxy_pool - INFO - execute_command:74 - [2m2025-09-22T09:19:55.328880Z[0m [[32m[1minfo     [0m] [1m🔄 Worker executing request with resilience patterns[0m [[0m[1m[34mworkers.proxy_pool[0m][0m [36mcircuit_breaker_state[0m=[35mclosed[0m [36mcommand_id[0m=[35mTerritories_page_1[0m [36mworker_id[0m=[35mworker_2[0m
2025-09-22 14:49:55,328 - httpcore.http11 - DEBUG - atrace:87 - send_request_headers.started request=<Request [b'GET']>
2025-09-22 14:49:55,329 - httpcore.http11 - DEBUG - atrace:87 - send_request_headers.complete
2025-09-22 14:49:55,329 - httpcore.http11 - DEBUG - atrace:87 - send_request_body.started request=<Request [b'GET']>
2025-09-22 14:49:55,329 - httpcore.http11 - DEBUG - atrace:87 - send_request_body.complete
2025-09-22 14:49:55,329 - httpcore.http11 - DEBUG - atrace:87 - receive_response_headers.started request=<Request [b'GET']>
2025-09-22 14:49:55,355 - httpcore.http11 - DEBUG - atrace:87 - receive_response_body.complete
2025-09-22 14:49:55,356 - httpcore.http11 - DEBUG - atrace:87 - response_closed.started
2025-09-22 14:49:55,356 - httpcore.http11 - DEBUG - atrace:87 - response_closed.complete
2025-09-22 14:49:55,356 - workers.proxy_pool - INFO - _make_http_request:187 - [2m2025-09-22T09:19:55.356310Z[0m [[32m[1minfo     [0m] [1m📊 Worker successfully fetched data[0m [[0m[1m[34mworkers.proxy_pool[0m][0m [36mcommand_id[0m=[35mCategories_page_1[0m [36mentity[0m=[35mCategories[0m [36mhas_next_page[0m=[35mFalse[0m [36mrecords_in_response[0m=[35m8[0m [36mworker_id[0m=[35mworker_1[0m
2025-09-22 14:49:55,357 - workers.proxy_pool - ERROR - _worker_loop:429 - [2m2025-09-22T09:19:55.357271Z[0m [[31m[1merror    [0m] [1m💥 Unexpected error in worker loop[0m [[0m[1m[34mworkers.proxy_pool[0m][0m [36merror[0m=[35m"name 'metrics' is not defined"[0m [36merror_type[0m=[35mNameError[0m [36mworker_id[0m=[35mworker_1[0m [36mworker_status[0m=[35mERROR[0m
2025-09-22 14:49:55,357 - workers.proxy_pool - INFO - _worker_loop:394 - [2m2025-09-22T09:19:55.357271Z[0m [[32m[1minfo     [0m] [1m📋 Worker picked up command from queue[0m [[0m[1m[34mworkers.proxy_pool[0m][0m [36mcommand_id[0m=[35mShippers_page_1[0m [36mentity[0m=[35mShippers[0m [36mqueue_size_after_pickup[0m=[35m15[0m [36mworker_id[0m=[35mworker_1[0m [36mworker_status[0m=[35mPROCESSING[0m
2025-09-22 14:49:55,358 - workers.proxy_pool - INFO - execute_command:51 - [2m2025-09-22T09:19:55.358321Z[0m [[32m[1minfo     [0m] [1m🚀 Worker starting command execution[0m [[0m[1m[34mworkers.proxy_pool[0m][0m [36mcommand_id[0m=[35mShippers_page_1[0m [36mcommand_type[0m=[35mfetch_page[0m [36mentity[0m=[35mShippers[0m [36mpriority[0m=[35m1[0m [36mretry_count[0m=[35m0[0m [36mskip[0m=[35m0[0m [36mtop[0m=[35m1500[0m [36mworker_id[0m=[35mworker_1[0m
2025-09-22 14:49:55,359 - workers.proxy_pool - INFO - execute_command:74 - [2m2025-09-22T09:19:55.359452Z[0m [[32m[1minfo     [0m] [1m🔄 Worker executing request with resilience patterns[0m [[0m[1m[34mworkers.proxy_pool[0m][0m [36mcircuit_breaker_state[0m=[35mclosed[0m [36mcommand_id[0m=[35mShippers_page_1[0m [36mworker_id[0m=[35mworker_1[0m
2025-09-22 14:49:55,360 - httpcore.http11 - DEBUG - atrace:87 - send_request_headers.started request=<Request [b'GET']>
2025-09-22 14:49:55,360 - httpcore.http11 - DEBUG - atrace:87 - send_request_headers.complete
2025-09-22 14:49:55,362 - httpcore.http11 - DEBUG - atrace:87 - send_request_body.started request=<Request [b'GET']>
2025-09-22 14:49:55,362 - httpcore.http11 - DEBUG - atrace:87 - send_request_body.complete
2025-09-22 14:49:55,362 - httpcore.http11 - DEBUG - atrace:87 - receive_response_headers.started request=<Request [b'GET']>
2025-09-22 14:49:55,549 - httpcore.http11 - DEBUG - atrace:87 - receive_response_headers.complete return_value=(b'HTTP/1.1', 200, b'OK', [(b'Content-Length', b'1594'), (b'Content-Type', b'application/json;odata.metadata=minimal;odata.streaming=true;IEEE754Compatible=false;charset=utf-8'), (b'Date', b'Mon, 22 Sep 2025 09:19:56 GMT'), (b'Server', b'Microsoft-IIS/10.0'), (b'Access-Control-Allow-Headers', b'Accept, Origin, Content-Type, MaxDataServiceVersion'), (b'Access-Control-Allow-Methods', b'GET'), (b'Access-Control-Allow-Origin', b'*'), (b'Access-Control-Expose-Headers', b'DataServiceVersion'), (b'Cache-Control', b'private'), (b'Content-Encoding', b'gzip'), (b'Expires', b'Mon, 22 Sep 2025 09:20:57 GMT'), (b'Vary', b'*'), (b'X-Content-Type-Options', b'nosniff'), (b'OData-Version', b'4.0;'), (b'X-AspNet-Version', b'4.0.30319'), (b'X-Powered-By', b'ASP.NET')])
2025-09-22 14:49:55,550 - httpx - INFO - _send_single_request:1740 - HTTP Request: GET https://services.odata.org/V4/Northwind/Northwind.svc/Summary_of_Sales_by_Years?%24skip=0&%24top=1500 "HTTP/1.1 200 OK"
2025-09-22 14:49:55,550 - httpcore.http11 - DEBUG - atrace:87 - receive_response_body.started request=<Request [b'GET']>
2025-09-22 14:49:55,550 - httpcore.http11 - DEBUG - atrace:87 - receive_response_body.complete
2025-09-22 14:49:55,550 - httpcore.http11 - DEBUG - atrace:87 - response_closed.started
2025-09-22 14:49:55,550 - httpcore.http11 - DEBUG - atrace:87 - response_closed.complete
2025-09-22 14:49:55,551 - workers.proxy_pool - INFO - _make_http_request:187 - [2m2025-09-22T09:19:55.551399Z[0m [[32m[1minfo     [0m] [1m📊 Worker successfully fetched data[0m [[0m[1m[34mworkers.proxy_pool[0m][0m [36mcommand_id[0m=[35mSummary_of_Sales_by_Years_page_1[0m [36mentity[0m=[35mSummary_of_Sales_by_Years[0m [36mhas_next_page[0m=[35mTrue[0m [36mrecords_in_response[0m=[35m100[0m [36mworker_id[0m=[35mworker_0[0m
2025-09-22 14:49:55,551 - workers.proxy_pool - ERROR - _worker_loop:429 - [2m2025-09-22T09:19:55.551399Z[0m [[31m[1merror    [0m] [1m💥 Unexpected error in worker loop[0m [[0m[1m[34mworkers.proxy_pool[0m][0m [36merror[0m=[35m"name 'metrics' is not defined"[0m [36merror_type[0m=[35mNameError[0m [36mworker_id[0m=[35mworker_0[0m [36mworker_status[0m=[35mERROR[0m
2025-09-22 14:49:55,552 - workers.proxy_pool - INFO - _worker_loop:394 - [2m2025-09-22T09:19:55.551399Z[0m [[32m[1minfo     [0m] [1m📋 Worker picked up command from queue[0m [[0m[1m[34mworkers.proxy_pool[0m][0m [36mcommand_id[0m=[35mSuppliers_page_1[0m [36mentity[0m=[35mSuppliers[0m [36mqueue_size_after_pickup[0m=[35m14[0m [36mworker_id[0m=[35mworker_0[0m [36mworker_status[0m=[35mPROCESSING[0m
2025-09-22 14:49:55,552 - workers.proxy_pool - INFO - execute_command:51 - [2m2025-09-22T09:19:55.552778Z[0m [[32m[1minfo     [0m] [1m🚀 Worker starting command execution[0m [[0m[1m[34mworkers.proxy_pool[0m][0m [36mcommand_id[0m=[35mSuppliers_page_1[0m [36mcommand_type[0m=[35mfetch_page[0m [36mentity[0m=[35mSuppliers[0m [36mpriority[0m=[35m1[0m [36mretry_count[0m=[35m0[0m [36mskip[0m=[35m0[0m [36mtop[0m=[35m1500[0m [36mworker_id[0m=[35mworker_0[0m
2025-09-22 14:49:55,553 - workers.proxy_pool - INFO - execute_command:74 - [2m2025-09-22T09:19:55.553148Z[0m [[32m[1minfo     [0m] [1m🔄 Worker executing request with resilience patterns[0m [[0m[1m[34mworkers.proxy_pool[0m][0m [36mcircuit_breaker_state[0m=[35mclosed[0m [36mcommand_id[0m=[35mSuppliers_page_1[0m [36mworker_id[0m=[35mworker_0[0m
2025-09-22 14:49:55,554 - httpcore.http11 - DEBUG - atrace:87 - send_request_headers.started request=<Request [b'GET']>
2025-09-22 14:49:55,554 - httpcore.http11 - DEBUG - atrace:87 - send_request_headers.complete
2025-09-22 14:49:55,554 - httpcore.http11 - DEBUG - atrace:87 - send_request_body.started request=<Request [b'GET']>
2025-09-22 14:49:55,554 - httpcore.http11 - DEBUG - atrace:87 - send_request_body.complete
2025-09-22 14:49:55,554 - httpcore.http11 - DEBUG - atrace:87 - receive_response_headers.started request=<Request [b'GET']>
2025-09-22 14:49:55,572 - httpcore.http11 - DEBUG - atrace:87 - receive_response_headers.complete return_value=(b'HTTP/1.1', 200, b'OK', [(b'Content-Length', b'1290'), (b'Content-Type', b'application/json;odata.metadata=minimal;odata.streaming=true;IEEE754Compatible=false;charset=utf-8'), (b'Date', b'Mon, 22 Sep 2025 09:19:56 GMT'), (b'Server', b'Microsoft-IIS/10.0'), (b'Access-Control-Allow-Headers', b'Accept, Origin, Content-Type, MaxDataServiceVersion'), (b'Access-Control-Allow-Methods', b'GET'), (b'Access-Control-Allow-Origin', b'*'), (b'Access-Control-Expose-Headers', b'DataServiceVersion'), (b'Cache-Control', b'private'), (b'Content-Encoding', b'gzip'), (b'Expires', b'Mon, 22 Sep 2025 09:20:57 GMT'), (b'Vary', b'*'), (b'X-Content-Type-Options', b'nosniff'), (b'OData-Version', b'4.0;'), (b'X-AspNet-Version', b'4.0.30319'), (b'X-Powered-By', b'ASP.NET')])
2025-09-22 14:49:55,572 - httpx - INFO - _send_single_request:1740 - HTTP Request: GET https://services.odata.org/V4/Northwind/Northwind.svc/Territories?%24skip=0&%24top=1500 "HTTP/1.1 200 OK"
2025-09-22 14:49:55,573 - httpcore.http11 - DEBUG - atrace:87 - receive_response_body.started request=<Request [b'GET']>
2025-09-22 14:49:55,573 - httpcore.http11 - DEBUG - atrace:87 - receive_response_body.complete
2025-09-22 14:49:55,573 - httpcore.http11 - DEBUG - atrace:87 - response_closed.started
2025-09-22 14:49:55,573 - httpcore.http11 - DEBUG - atrace:87 - response_closed.complete
2025-09-22 14:49:55,573 - workers.proxy_pool - INFO - _make_http_request:187 - [2m2025-09-22T09:19:55.573992Z[0m [[32m[1minfo     [0m] [1m📊 Worker successfully fetched data[0m [[0m[1m[34mworkers.proxy_pool[0m][0m [36mcommand_id[0m=[35mTerritories_page_1[0m [36mentity[0m=[35mTerritories[0m [36mhas_next_page[0m=[35mFalse[0m [36mrecords_in_response[0m=[35m53[0m [36mworker_id[0m=[35mworker_2[0m
2025-09-22 14:49:55,575 - workers.proxy_pool - ERROR - _worker_loop:429 - [2m2025-09-22T09:19:55.575137Z[0m [[31m[1merror    [0m] [1m💥 Unexpected error in worker loop[0m [[0m[1m[34mworkers.proxy_pool[0m][0m [36merror[0m=[35m"name 'metrics' is not defined"[0m [36merror_type[0m=[35mNameError[0m [36mworker_id[0m=[35mworker_2[0m [36mworker_status[0m=[35mERROR[0m
2025-09-22 14:49:55,575 - workers.proxy_pool - INFO - _worker_loop:394 - [2m2025-09-22T09:19:55.575137Z[0m [[32m[1minfo     [0m] [1m📋 Worker picked up command from queue[0m [[0m[1m[34mworkers.proxy_pool[0m][0m [36mcommand_id[0m=[35mOrders_page_1[0m [36mentity[0m=[35mOrders[0m [36mqueue_size_after_pickup[0m=[35m13[0m [36mworker_id[0m=[35mworker_2[0m [36mworker_status[0m=[35mPROCESSING[0m
2025-09-22 14:49:55,575 - workers.proxy_pool - INFO - execute_command:51 - [2m2025-09-22T09:19:55.575137Z[0m [[32m[1minfo     [0m] [1m🚀 Worker starting command execution[0m [[0m[1m[34mworkers.proxy_pool[0m][0m [36mcommand_id[0m=[35mOrders_page_1[0m [36mcommand_type[0m=[35mfetch_page[0m [36mentity[0m=[35mOrders[0m [36mpriority[0m=[35m1[0m [36mretry_count[0m=[35m0[0m [36mskip[0m=[35m0[0m [36mtop[0m=[35m1500[0m [36mworker_id[0m=[35mworker_2[0m
2025-09-22 14:49:55,576 - workers.proxy_pool - INFO - execute_command:74 - [2m2025-09-22T09:19:55.576275Z[0m [[32m[1minfo     [0m] [1m🔄 Worker executing request with resilience patterns[0m [[0m[1m[34mworkers.proxy_pool[0m][0m [36mcircuit_breaker_state[0m=[35mclosed[0m [36mcommand_id[0m=[35mOrders_page_1[0m [36mworker_id[0m=[35mworker_2[0m
2025-09-22 14:49:55,577 - httpcore.http11 - DEBUG - atrace:87 - send_request_headers.started request=<Request [b'GET']>
2025-09-22 14:49:55,577 - httpcore.http11 - DEBUG - atrace:87 - send_request_headers.complete
2025-09-22 14:49:55,577 - httpcore.http11 - DEBUG - atrace:87 - send_request_body.started request=<Request [b'GET']>
2025-09-22 14:49:55,577 - httpcore.http11 - DEBUG - atrace:87 - send_request_body.complete
2025-09-22 14:49:55,577 - httpcore.http11 - DEBUG - atrace:87 - receive_response_headers.started request=<Request [b'GET']>
2025-09-22 14:49:55,605 - httpcore.http11 - DEBUG - atrace:87 - receive_response_headers.complete return_value=(b'HTTP/1.1', 200, b'OK', [(b'Content-Length', b'311'), (b'Content-Type', b'application/json;odata.metadata=minimal;odata.streaming=true;IEEE754Compatible=false;charset=utf-8'), (b'Date', b'Mon, 22 Sep 2025 09:19:56 GMT'), (b'Server', b'Microsoft-IIS/10.0'), (b'Access-Control-Allow-Headers', b'Accept, Origin, Content-Type, MaxDataServiceVersion'), (b'Access-Control-Allow-Methods', b'GET'), (b'Access-Control-Allow-Origin', b'*'), (b'Access-Control-Expose-Headers', b'DataServiceVersion'), (b'Cache-Control', b'private'), (b'Content-Encoding', b'gzip'), (b'Expires', b'Mon, 22 Sep 2025 09:20:57 GMT'), (b'Vary', b'*'), (b'X-Content-Type-Options', b'nosniff'), (b'OData-Version', b'4.0;'), (b'X-AspNet-Version', b'4.0.30319'), (b'X-Powered-By', b'ASP.NET')])
2025-09-22 14:49:55,605 - httpx - INFO - _send_single_request:1740 - HTTP Request: GET https://services.odata.org/V4/Northwind/Northwind.svc/Shippers?%24skip=0&%24top=1500 "HTTP/1.1 200 OK"
2025-09-22 14:49:55,606 - httpcore.http11 - DEBUG - atrace:87 - receive_response_body.started request=<Request [b'GET']>
2025-09-22 14:49:55,606 - httpcore.http11 - DEBUG - atrace:87 - receive_response_body.complete
2025-09-22 14:49:55,606 - httpcore.http11 - DEBUG - atrace:87 - response_closed.started
2025-09-22 14:49:55,606 - httpcore.http11 - DEBUG - atrace:87 - response_closed.complete
2025-09-22 14:49:55,606 - workers.proxy_pool - INFO - _make_http_request:187 - [2m2025-09-22T09:19:55.606154Z[0m [[32m[1minfo     [0m] [1m📊 Worker successfully fetched data[0m [[0m[1m[34mworkers.proxy_pool[0m][0m [36mcommand_id[0m=[35mShippers_page_1[0m [36mentity[0m=[35mShippers[0m [36mhas_next_page[0m=[35mFalse[0m [36mrecords_in_response[0m=[35m3[0m [36mworker_id[0m=[35mworker_1[0m
2025-09-22 14:49:55,607 - workers.proxy_pool - ERROR - _worker_loop:429 - [2m2025-09-22T09:19:55.607118Z[0m [[31m[1merror    [0m] [1m💥 Unexpected error in worker loop[0m [[0m[1m[34mworkers.proxy_pool[0m][0m [36merror[0m=[35m"name 'metrics' is not defined"[0m [36merror_type[0m=[35mNameError[0m [36mworker_id[0m=[35mworker_1[0m [36mworker_status[0m=[35mERROR[0m
2025-09-22 14:49:55,607 - workers.proxy_pool - INFO - _worker_loop:394 - [2m2025-09-22T09:19:55.607766Z[0m [[32m[1minfo     [0m] [1m📋 Worker picked up command from queue[0m [[0m[1m[34mworkers.proxy_pool[0m][0m [36mcommand_id[0m=[35mOrders_Qries_page_1[0m [36mentity[0m=[35mOrders_Qries[0m [36mqueue_size_after_pickup[0m=[35m12[0m [36mworker_id[0m=[35mworker_1[0m [36mworker_status[0m=[35mPROCESSING[0m
2025-09-22 14:49:55,608 - workers.proxy_pool - INFO - execute_command:51 - [2m2025-09-22T09:19:55.608846Z[0m [[32m[1minfo     [0m] [1m🚀 Worker starting command execution[0m [[0m[1m[34mworkers.proxy_pool[0m][0m [36mcommand_id[0m=[35mOrders_Qries_page_1[0m [36mcommand_type[0m=[35mfetch_page[0m [36mentity[0m=[35mOrders_Qries[0m [36mpriority[0m=[35m1[0m [36mretry_count[0m=[35m0[0m [36mskip[0m=[35m0[0m [36mtop[0m=[35m1500[0m [36mworker_id[0m=[35mworker_1[0m
2025-09-22 14:49:55,609 - workers.proxy_pool - INFO - execute_command:74 - [2m2025-09-22T09:19:55.609866Z[0m [[32m[1minfo     [0m] [1m🔄 Worker executing request with resilience patterns[0m [[0m[1m[34mworkers.proxy_pool[0m][0m [36mcircuit_breaker_state[0m=[35mclosed[0m [36mcommand_id[0m=[35mOrders_Qries_page_1[0m [36mworker_id[0m=[35mworker_1[0m
2025-09-22 14:49:55,611 - httpcore.http11 - DEBUG - atrace:87 - send_request_headers.started request=<Request [b'GET']>
2025-09-22 14:49:55,612 - httpcore.http11 - DEBUG - atrace:87 - send_request_headers.complete
2025-09-22 14:49:55,612 - httpcore.http11 - DEBUG - atrace:87 - send_request_body.started request=<Request [b'GET']>
2025-09-22 14:49:55,612 - httpcore.http11 - DEBUG - atrace:87 - send_request_body.complete
2025-09-22 14:49:55,612 - httpcore.http11 - DEBUG - atrace:87 - receive_response_headers.started request=<Request [b'GET']>
2025-09-22 14:49:55,815 - httpcore.http11 - DEBUG - atrace:87 - receive_response_headers.complete return_value=(b'HTTP/1.1', 200, b'OK', [(b'Content-Length', b'3492'), (b'Content-Type', b'application/json;odata.metadata=minimal;odata.streaming=true;IEEE754Compatible=false;charset=utf-8'), (b'Date', b'Mon, 22 Sep 2025 09:19:57 GMT'), (b'Server', b'Microsoft-IIS/10.0'), (b'Access-Control-Allow-Headers', b'Accept, Origin, Content-Type, MaxDataServiceVersion'), (b'Access-Control-Allow-Methods', b'GET'), (b'Access-Control-Allow-Origin', b'*'), (b'Access-Control-Expose-Headers', b'DataServiceVersion'), (b'Cache-Control', b'private'), (b'Content-Encoding', b'gzip'), (b'Expires', b'Mon, 22 Sep 2025 09:20:57 GMT'), (b'Vary', b'*'), (b'X-Content-Type-Options', b'nosniff'), (b'OData-Version', b'4.0;'), (b'X-AspNet-Version', b'4.0.30319'), (b'X-Powered-By', b'ASP.NET')])
2025-09-22 14:49:55,815 - httpx - INFO - _send_single_request:1740 - HTTP Request: GET https://services.odata.org/V4/Northwind/Northwind.svc/Suppliers?%24skip=0&%24top=1500 "HTTP/1.1 200 OK"
2025-09-22 14:49:55,815 - httpcore.http11 - DEBUG - atrace:87 - receive_response_body.started request=<Request [b'GET']>
2025-09-22 14:49:55,815 - httpcore.http11 - DEBUG - atrace:87 - receive_response_body.complete
2025-09-22 14:49:55,815 - httpcore.http11 - DEBUG - atrace:87 - response_closed.started
2025-09-22 14:49:55,815 - httpcore.http11 - DEBUG - atrace:87 - response_closed.complete
2025-09-22 14:49:55,815 - workers.proxy_pool - INFO - _make_http_request:187 - [2m2025-09-22T09:19:55.815034Z[0m [[32m[1minfo     [0m] [1m📊 Worker successfully fetched data[0m [[0m[1m[34mworkers.proxy_pool[0m][0m [36mcommand_id[0m=[35mSuppliers_page_1[0m [36mentity[0m=[35mSuppliers[0m [36mhas_next_page[0m=[35mFalse[0m [36mrecords_in_response[0m=[35m29[0m [36mworker_id[0m=[35mworker_0[0m
2025-09-22 14:49:55,815 - workers.proxy_pool - ERROR - _worker_loop:429 - [2m2025-09-22T09:19:55.815034Z[0m [[31m[1merror    [0m] [1m💥 Unexpected error in worker loop[0m [[0m[1m[34mworkers.proxy_pool[0m][0m [36merror[0m=[35m"name 'metrics' is not defined"[0m [36merror_type[0m=[35mNameError[0m [36mworker_id[0m=[35mworker_0[0m [36mworker_status[0m=[35mERROR[0m
2025-09-22 14:49:55,815 - workers.proxy_pool - INFO - _worker_loop:394 - [2m2025-09-22T09:19:55.815034Z[0m [[32m[1minfo     [0m] [1m📋 Worker picked up command from queue[0m [[0m[1m[34mworkers.proxy_pool[0m][0m [36mcommand_id[0m=[35mRegions_page_1[0m [36mentity[0m=[35mRegions[0m [36mqueue_size_after_pickup[0m=[35m11[0m [36mworker_id[0m=[35mworker_0[0m [36mworker_status[0m=[35mPROCESSING[0m
2025-09-22 14:49:55,815 - workers.proxy_pool - INFO - execute_command:51 - [2m2025-09-22T09:19:55.815034Z[0m [[32m[1minfo     [0m] [1m🚀 Worker starting command execution[0m [[0m[1m[34mworkers.proxy_pool[0m][0m [36mcommand_id[0m=[35mRegions_page_1[0m [36mcommand_type[0m=[35mfetch_page[0m [36mentity[0m=[35mRegions[0m [36mpriority[0m=[35m1[0m [36mretry_count[0m=[35m0[0m [36mskip[0m=[35m0[0m [36mtop[0m=[35m1500[0m [36mworker_id[0m=[35mworker_0[0m
2025-09-22 14:49:55,815 - workers.proxy_pool - INFO - execute_command:74 - [2m2025-09-22T09:19:55.815034Z[0m [[32m[1minfo     [0m] [1m🔄 Worker executing request with resilience patterns[0m [[0m[1m[34mworkers.proxy_pool[0m][0m [36mcircuit_breaker_state[0m=[35mclosed[0m [36mcommand_id[0m=[35mRegions_page_1[0m [36mworker_id[0m=[35mworker_0[0m
2025-09-22 14:49:55,815 - httpcore.http11 - DEBUG - atrace:87 - send_request_headers.started request=<Request [b'GET']>
2025-09-22 14:49:55,815 - httpcore.http11 - DEBUG - atrace:87 - send_request_headers.complete
2025-09-22 14:49:55,815 - httpcore.http11 - DEBUG - atrace:87 - send_request_body.started request=<Request [b'GET']>
2025-09-22 14:49:55,815 - httpcore.http11 - DEBUG - atrace:87 - send_request_body.complete
2025-09-22 14:49:55,815 - httpcore.http11 - DEBUG - atrace:87 - receive_response_headers.started request=<Request [b'GET']>
2025-09-22 14:49:55,883 - httpcore.http11 - DEBUG - atrace:87 - receive_response_headers.complete return_value=(b'HTTP/1.1', 200, b'OK', [(b'Content-Length', b'18516'), (b'Content-Type', b'application/json;odata.metadata=minimal;odata.streaming=true;IEEE754Compatible=false;charset=utf-8'), (b'Date', b'Mon, 22 Sep 2025 09:19:57 GMT'), (b'Server', b'Microsoft-IIS/10.0'), (b'Access-Control-Allow-Headers', b'Accept, Origin, Content-Type, MaxDataServiceVersion'), (b'Access-Control-Allow-Methods', b'GET'), (b'Access-Control-Allow-Origin', b'*'), (b'Access-Control-Expose-Headers', b'DataServiceVersion'), (b'Cache-Control', b'private'), (b'Content-Encoding', b'gzip'), (b'Expires', b'Mon, 22 Sep 2025 09:20:57 GMT'), (b'Vary', b'*'), (b'X-Content-Type-Options', b'nosniff'), (b'OData-Version', b'4.0;'), (b'X-AspNet-Version', b'4.0.30319'), (b'X-Powered-By', b'ASP.NET')])
2025-09-22 14:49:55,883 - httpx - INFO - _send_single_request:1740 - HTTP Request: GET https://services.odata.org/V4/Northwind/Northwind.svc/Orders?%24skip=0&%24top=1500 "HTTP/1.1 200 OK"
2025-09-22 14:49:55,884 - httpcore.http11 - DEBUG - atrace:87 - receive_response_body.started request=<Request [b'GET']>
2025-09-22 14:49:55,886 - httpcore.http11 - DEBUG - atrace:87 - receive_response_body.complete
2025-09-22 14:49:55,886 - httpcore.http11 - DEBUG - atrace:87 - response_closed.started
2025-09-22 14:49:55,886 - httpcore.http11 - DEBUG - atrace:87 - response_closed.complete
2025-09-22 14:49:55,887 - workers.proxy_pool - INFO - _make_http_request:187 - [2m2025-09-22T09:19:55.887740Z[0m [[32m[1minfo     [0m] [1m📊 Worker successfully fetched data[0m [[0m[1m[34mworkers.proxy_pool[0m][0m [36mcommand_id[0m=[35mOrders_page_1[0m [36mentity[0m=[35mOrders[0m [36mhas_next_page[0m=[35mTrue[0m [36mrecords_in_response[0m=[35m200[0m [36mworker_id[0m=[35mworker_2[0m
2025-09-22 14:49:55,887 - workers.proxy_pool - ERROR - _worker_loop:429 - [2m2025-09-22T09:19:55.887740Z[0m [[31m[1merror    [0m] [1m💥 Unexpected error in worker loop[0m [[0m[1m[34mworkers.proxy_pool[0m][0m [36merror[0m=[35m"name 'metrics' is not defined"[0m [36merror_type[0m=[35mNameError[0m [36mworker_id[0m=[35mworker_2[0m [36mworker_status[0m=[35mERROR[0m
2025-09-22 14:49:55,887 - workers.proxy_pool - INFO - _worker_loop:394 - [2m2025-09-22T09:19:55.887740Z[0m [[32m[1minfo     [0m] [1m📋 Worker picked up command from queue[0m [[0m[1m[34mworkers.proxy_pool[0m][0m [36mcommand_id[0m=[35mCustomers_page_1[0m [36mentity[0m=[35mCustomers[0m [36mqueue_size_after_pickup[0m=[35m10[0m [36mworker_id[0m=[35mworker_2[0m [36mworker_status[0m=[35mPROCESSING[0m
2025-09-22 14:49:55,887 - workers.proxy_pool - INFO - execute_command:51 - [2m2025-09-22T09:19:55.887740Z[0m [[32m[1minfo     [0m] [1m🚀 Worker starting command execution[0m [[0m[1m[34mworkers.proxy_pool[0m][0m [36mcommand_id[0m=[35mCustomers_page_1[0m [36mcommand_type[0m=[35mfetch_page[0m [36mentity[0m=[35mCustomers[0m [36mpriority[0m=[35m1[0m [36mretry_count[0m=[35m0[0m [36mskip[0m=[35m0[0m [36mtop[0m=[35m1500[0m [36mworker_id[0m=[35mworker_2[0m
2025-09-22 14:49:55,887 - workers.proxy_pool - INFO - execute_command:74 - [2m2025-09-22T09:19:55.887740Z[0m [[32m[1minfo     [0m] [1m🔄 Worker executing request with resilience patterns[0m [[0m[1m[34mworkers.proxy_pool[0m][0m [36mcircuit_breaker_state[0m=[35mclosed[0m [36mcommand_id[0m=[35mCustomers_page_1[0m [36mworker_id[0m=[35mworker_2[0m
2025-09-22 14:49:55,895 - httpcore.http11 - DEBUG - atrace:87 - send_request_headers.started request=<Request [b'GET']>
2025-09-22 14:49:55,895 - httpcore.http11 - DEBUG - atrace:87 - send_request_headers.complete
2025-09-22 14:49:55,895 - httpcore.http11 - DEBUG - atrace:87 - send_request_body.started request=<Request [b'GET']>
2025-09-22 14:49:55,896 - httpcore.http11 - DEBUG - atrace:87 - send_request_body.complete
2025-09-22 14:49:55,896 - httpcore.http11 - DEBUG - atrace:87 - receive_response_headers.started request=<Request [b'GET']>
2025-09-22 14:49:55,959 - httpcore.http11 - DEBUG - atrace:87 - receive_response_headers.complete return_value=(b'HTTP/1.1', 200, b'OK', [(b'Content-Length', b'6605'), (b'Content-Type', b'application/json;odata.metadata=minimal;odata.streaming=true;IEEE754Compatible=false;charset=utf-8'), (b'Date', b'Mon, 22 Sep 2025 09:19:57 GMT'), (b'Server', b'Microsoft-IIS/10.0'), (b'Access-Control-Allow-Headers', b'Accept, Origin, Content-Type, MaxDataServiceVersion'), (b'Access-Control-Allow-Methods', b'GET'), (b'Access-Control-Allow-Origin', b'*'), (b'Access-Control-Expose-Headers', b'DataServiceVersion'), (b'Cache-Control', b'private'), (b'Content-Encoding', b'gzip'), (b'Expires', b'Mon, 22 Sep 2025 09:20:57 GMT'), (b'Vary', b'*'), (b'X-Content-Type-Options', b'nosniff'), (b'OData-Version', b'4.0;'), (b'X-AspNet-Version', b'4.0.30319'), (b'X-Powered-By', b'ASP.NET')])
2025-09-22 14:49:55,959 - httpx - INFO - _send_single_request:1740 - HTTP Request: GET https://services.odata.org/V4/Northwind/Northwind.svc/Orders_Qries?%24skip=0&%24top=1500 "HTTP/1.1 200 OK"
2025-09-22 14:49:55,960 - httpcore.http11 - DEBUG - atrace:87 - receive_response_body.started request=<Request [b'GET']>
2025-09-22 14:49:55,960 - httpcore.http11 - DEBUG - atrace:87 - receive_response_body.complete
2025-09-22 14:49:55,960 - httpcore.http11 - DEBUG - atrace:87 - response_closed.started
2025-09-22 14:49:55,960 - httpcore.http11 - DEBUG - atrace:87 - response_closed.complete
2025-09-22 14:49:55,961 - workers.proxy_pool - INFO - _make_http_request:187 - [2m2025-09-22T09:19:55.961439Z[0m [[32m[1minfo     [0m] [1m📊 Worker successfully fetched data[0m [[0m[1m[34mworkers.proxy_pool[0m][0m [36mcommand_id[0m=[35mOrders_Qries_page_1[0m [36mentity[0m=[35mOrders_Qries[0m [36mhas_next_page[0m=[35mTrue[0m [36mrecords_in_response[0m=[35m100[0m [36mworker_id[0m=[35mworker_1[0m
2025-09-22 14:49:55,961 - workers.proxy_pool - ERROR - _worker_loop:429 - [2m2025-09-22T09:19:55.961439Z[0m [[31m[1merror    [0m] [1m💥 Unexpected error in worker loop[0m [[0m[1m[34mworkers.proxy_pool[0m][0m [36merror[0m=[35m"name 'metrics' is not defined"[0m [36merror_type[0m=[35mNameError[0m [36mworker_id[0m=[35mworker_1[0m [36mworker_status[0m=[35mERROR[0m
2025-09-22 14:49:55,962 - workers.proxy_pool - INFO - _worker_loop:394 - [2m2025-09-22T09:19:55.962454Z[0m [[32m[1minfo     [0m] [1m📋 Worker picked up command from queue[0m [[0m[1m[34mworkers.proxy_pool[0m][0m [36mcommand_id[0m=[35mProduct_Sales_for_1997_page_1[0m [36mentity[0m=[35mProduct_Sales_for_1997[0m [36mqueue_size_after_pickup[0m=[35m9[0m [36mworker_id[0m=[35mworker_1[0m [36mworker_status[0m=[35mPROCESSING[0m
2025-09-22 14:49:55,962 - workers.proxy_pool - INFO - execute_command:51 - [2m2025-09-22T09:19:55.962454Z[0m [[32m[1minfo     [0m] [1m🚀 Worker starting command execution[0m [[0m[1m[34mworkers.proxy_pool[0m][0m [36mcommand_id[0m=[35mProduct_Sales_for_1997_page_1[0m [36mcommand_type[0m=[35mfetch_page[0m [36mentity[0m=[35mProduct_Sales_for_1997[0m [36mpriority[0m=[35m1[0m [36mretry_count[0m=[35m0[0m [36mskip[0m=[35m0[0m [36mtop[0m=[35m1500[0m [36mworker_id[0m=[35mworker_1[0m
2025-09-22 14:49:55,962 - workers.proxy_pool - INFO - execute_command:74 - [2m2025-09-22T09:19:55.962454Z[0m [[32m[1minfo     [0m] [1m🔄 Worker executing request with resilience patterns[0m [[0m[1m[34mworkers.proxy_pool[0m][0m [36mcircuit_breaker_state[0m=[35mclosed[0m [36mcommand_id[0m=[35mProduct_Sales_for_1997_page_1[0m [36mworker_id[0m=[35mworker_1[0m
2025-09-22 14:49:55,963 - httpcore.http11 - DEBUG - atrace:87 - send_request_headers.started request=<Request [b'GET']>
2025-09-22 14:49:55,963 - httpcore.http11 - DEBUG - atrace:87 - send_request_headers.complete
2025-09-22 14:49:55,963 - httpcore.http11 - DEBUG - atrace:87 - send_request_body.started request=<Request [b'GET']>
2025-09-22 14:49:55,963 - httpcore.http11 - DEBUG - atrace:87 - send_request_body.complete
2025-09-22 14:49:55,963 - httpcore.http11 - DEBUG - atrace:87 - receive_response_headers.started request=<Request [b'GET']>
2025-09-22 14:49:56,086 - httpcore.http11 - DEBUG - atrace:87 - receive_response_headers.complete return_value=(b'HTTP/1.1', 200, b'OK', [(b'Content-Length', b'267'), (b'Content-Type', b'application/json;odata.metadata=minimal;odata.streaming=true;IEEE754Compatible=false;charset=utf-8'), (b'Date', b'Mon, 22 Sep 2025 09:19:57 GMT'), (b'Server', b'Microsoft-IIS/10.0'), (b'Access-Control-Allow-Headers', b'Accept, Origin, Content-Type, MaxDataServiceVersion'), (b'Access-Control-Allow-Methods', b'GET'), (b'Access-Control-Allow-Origin', b'*'), (b'Access-Control-Expose-Headers', b'DataServiceVersion'), (b'Cache-Control', b'private'), (b'Content-Encoding', b'gzip'), (b'Expires', b'Mon, 22 Sep 2025 09:20:57 GMT'), (b'Vary', b'*'), (b'X-Content-Type-Options', b'nosniff'), (b'OData-Version', b'4.0;'), (b'X-AspNet-Version', b'4.0.30319'), (b'X-Powered-By', b'ASP.NET')])
2025-09-22 14:49:56,086 - httpx - INFO - _send_single_request:1740 - HTTP Request: GET https://services.odata.org/V4/Northwind/Northwind.svc/Regions?%24skip=0&%24top=1500 "HTTP/1.1 200 OK"
2025-09-22 14:49:56,086 - httpcore.http11 - DEBUG - atrace:87 - receive_response_body.started request=<Request [b'GET']>
2025-09-22 14:49:56,086 - httpcore.http11 - DEBUG - atrace:87 - receive_response_body.complete
2025-09-22 14:49:56,086 - httpcore.http11 - DEBUG - atrace:87 - response_closed.started
2025-09-22 14:49:56,086 - httpcore.http11 - DEBUG - atrace:87 - response_closed.complete
2025-09-22 14:49:56,086 - workers.proxy_pool - INFO - _make_http_request:187 - [2m2025-09-22T09:19:56.086823Z[0m [[32m[1minfo     [0m] [1m📊 Worker successfully fetched data[0m [[0m[1m[34mworkers.proxy_pool[0m][0m [36mcommand_id[0m=[35mRegions_page_1[0m [36mentity[0m=[35mRegions[0m [36mhas_next_page[0m=[35mFalse[0m [36mrecords_in_response[0m=[35m4[0m [36mworker_id[0m=[35mworker_0[0m
2025-09-22 14:49:56,086 - workers.proxy_pool - ERROR - _worker_loop:429 - [2m2025-09-22T09:19:56.086823Z[0m [[31m[1merror    [0m] [1m💥 Unexpected error in worker loop[0m [[0m[1m[34mworkers.proxy_pool[0m][0m [36merror[0m=[35m"name 'metrics' is not defined"[0m [36merror_type[0m=[35mNameError[0m [36mworker_id[0m=[35mworker_0[0m [36mworker_status[0m=[35mERROR[0m
2025-09-22 14:49:56,086 - workers.proxy_pool - INFO - _worker_loop:394 - [2m2025-09-22T09:19:56.086823Z[0m [[32m[1minfo     [0m] [1m📋 Worker picked up command from queue[0m [[0m[1m[34mworkers.proxy_pool[0m][0m [36mcommand_id[0m=[35mOrder_Details_page_1[0m [36mentity[0m=[35mOrder_Details[0m [36mqueue_size_after_pickup[0m=[35m8[0m [36mworker_id[0m=[35mworker_0[0m [36mworker_status[0m=[35mPROCESSING[0m
2025-09-22 14:49:56,086 - workers.proxy_pool - INFO - execute_command:51 - [2m2025-09-22T09:19:56.086823Z[0m [[32m[1minfo     [0m] [1m🚀 Worker starting command execution[0m [[0m[1m[34mworkers.proxy_pool[0m][0m [36mcommand_id[0m=[35mOrder_Details_page_1[0m [36mcommand_type[0m=[35mfetch_page[0m [36mentity[0m=[35mOrder_Details[0m [36mpriority[0m=[35m1[0m [36mretry_count[0m=[35m0[0m [36mskip[0m=[35m0[0m [36mtop[0m=[35m1500[0m [36mworker_id[0m=[35mworker_0[0m
2025-09-22 14:49:56,086 - workers.proxy_pool - INFO - execute_command:74 - [2m2025-09-22T09:19:56.086823Z[0m [[32m[1minfo     [0m] [1m🔄 Worker executing request with resilience patterns[0m [[0m[1m[34mworkers.proxy_pool[0m][0m [36mcircuit_breaker_state[0m=[35mclosed[0m [36mcommand_id[0m=[35mOrder_Details_page_1[0m [36mworker_id[0m=[35mworker_0[0m
2025-09-22 14:49:56,096 - httpcore.http11 - DEBUG - atrace:87 - send_request_headers.started request=<Request [b'GET']>
2025-09-22 14:49:56,096 - httpcore.http11 - DEBUG - atrace:87 - send_request_headers.complete
2025-09-22 14:49:56,096 - httpcore.http11 - DEBUG - atrace:87 - send_request_body.started request=<Request [b'GET']>
2025-09-22 14:49:56,096 - httpcore.http11 - DEBUG - atrace:87 - send_request_body.complete
2025-09-22 14:49:56,096 - httpcore.http11 - DEBUG - atrace:87 - receive_response_headers.started request=<Request [b'GET']>
2025-09-22 14:49:56,125 - httpcore.http11 - DEBUG - atrace:87 - receive_response_headers.complete return_value=(b'HTTP/1.1', 200, b'OK', [(b'Content-Length', b'2319'), (b'Content-Type', b'application/json;odata.metadata=minimal;odata.streaming=true;IEEE754Compatible=false;charset=utf-8'), (b'Date', b'Mon, 22 Sep 2025 09:19:57 GMT'), (b'Server', b'Microsoft-IIS/10.0'), (b'Access-Control-Allow-Headers', b'Accept, Origin, Content-Type, MaxDataServiceVersion'), (b'Access-Control-Allow-Methods', b'GET'), (b'Access-Control-Allow-Origin', b'*'), (b'Access-Control-Expose-Headers', b'DataServiceVersion'), (b'Cache-Control', b'private'), (b'Content-Encoding', b'gzip'), (b'Expires', b'Mon, 22 Sep 2025 09:20:57 GMT'), (b'Vary', b'*'), (b'X-Content-Type-Options', b'nosniff'), (b'OData-Version', b'4.0;'), (b'X-AspNet-Version', b'4.0.30319'), (b'X-Powered-By', b'ASP.NET')])
2025-09-22 14:49:56,125 - httpx - INFO - _send_single_request:1740 - HTTP Request: GET https://services.odata.org/V4/Northwind/Northwind.svc/Customers?%24skip=0&%24top=1500 "HTTP/1.1 200 OK"
2025-09-22 14:49:56,125 - httpcore.http11 - DEBUG - atrace:87 - receive_response_body.started request=<Request [b'GET']>
2025-09-22 14:49:56,136 - httpcore.http11 - DEBUG - atrace:87 - receive_response_body.complete
2025-09-22 14:49:56,136 - httpcore.http11 - DEBUG - atrace:87 - response_closed.started
2025-09-22 14:49:56,136 - httpcore.http11 - DEBUG - atrace:87 - response_closed.complete
2025-09-22 14:49:56,136 - workers.proxy_pool - INFO - _make_http_request:187 - [2m2025-09-22T09:19:56.136399Z[0m [[32m[1minfo     [0m] [1m📊 Worker successfully fetched data[0m [[0m[1m[34mworkers.proxy_pool[0m][0m [36mcommand_id[0m=[35mCustomers_page_1[0m [36mentity[0m=[35mCustomers[0m [36mhas_next_page[0m=[35mTrue[0m [36mrecords_in_response[0m=[35m20[0m [36mworker_id[0m=[35mworker_2[0m
2025-09-22 14:49:56,137 - workers.proxy_pool - ERROR - _worker_loop:429 - [2m2025-09-22T09:19:56.137468Z[0m [[31m[1merror    [0m] [1m💥 Unexpected error in worker loop[0m [[0m[1m[34mworkers.proxy_pool[0m][0m [36merror[0m=[35m"name 'metrics' is not defined"[0m [36merror_type[0m=[35mNameError[0m [36mworker_id[0m=[35mworker_2[0m [36mworker_status[0m=[35mERROR[0m
2025-09-22 14:49:56,138 - workers.proxy_pool - INFO - _worker_loop:394 - [2m2025-09-22T09:19:56.138093Z[0m [[32m[1minfo     [0m] [1m📋 Worker picked up command from queue[0m [[0m[1m[34mworkers.proxy_pool[0m][0m [36mcommand_id[0m=[35mOrder_Details_page_2[0m [36mentity[0m=[35mOrder_Details[0m [36mqueue_size_after_pickup[0m=[35m7[0m [36mworker_id[0m=[35mworker_2[0m [36mworker_status[0m=[35mPROCESSING[0m
2025-09-22 14:49:56,139 - workers.proxy_pool - INFO - execute_command:51 - [2m2025-09-22T09:19:56.139107Z[0m [[32m[1minfo     [0m] [1m🚀 Worker starting command execution[0m [[0m[1m[34mworkers.proxy_pool[0m][0m [36mcommand_id[0m=[35mOrder_Details_page_2[0m [36mcommand_type[0m=[35mfetch_page[0m [36mentity[0m=[35mOrder_Details[0m [36mpriority[0m=[35m1[0m [36mretry_count[0m=[35m0[0m [36mskip[0m=[35m1500[0m [36mtop[0m=[35m1500[0m [36mworker_id[0m=[35mworker_2[0m
2025-09-22 14:49:56,139 - workers.proxy_pool - INFO - execute_command:74 - [2m2025-09-22T09:19:56.139107Z[0m [[32m[1minfo     [0m] [1m🔄 Worker executing request with resilience patterns[0m [[0m[1m[34mworkers.proxy_pool[0m][0m [36mcircuit_breaker_state[0m=[35mclosed[0m [36mcommand_id[0m=[35mOrder_Details_page_2[0m [36mworker_id[0m=[35mworker_2[0m
2025-09-22 14:49:56,140 - httpcore.http11 - DEBUG - atrace:87 - send_request_headers.started request=<Request [b'GET']>
2025-09-22 14:49:56,140 - httpcore.http11 - DEBUG - atrace:87 - send_request_headers.complete
2025-09-22 14:49:56,140 - httpcore.http11 - DEBUG - atrace:87 - send_request_body.started request=<Request [b'GET']>
2025-09-22 14:49:56,140 - httpcore.http11 - DEBUG - atrace:87 - send_request_body.complete
2025-09-22 14:49:56,140 - httpcore.http11 - DEBUG - atrace:87 - receive_response_headers.started request=<Request [b'GET']>
2025-09-22 14:49:56,286 - httpcore.http11 - DEBUG - atrace:87 - receive_response_headers.complete return_value=(b'HTTP/1.1', 200, b'OK', [(b'Content-Length', b'2134'), (b'Content-Type', b'application/json;odata.metadata=minimal;odata.streaming=true;IEEE754Compatible=false;charset=utf-8'), (b'Date', b'Mon, 22 Sep 2025 09:19:57 GMT'), (b'Server', b'Microsoft-IIS/10.0'), (b'Access-Control-Allow-Headers', b'Accept, Origin, Content-Type, MaxDataServiceVersion'), (b'Access-Control-Allow-Methods', b'GET'), (b'Access-Control-Allow-Origin', b'*'), (b'Access-Control-Expose-Headers', b'DataServiceVersion'), (b'Cache-Control', b'private'), (b'Content-Encoding', b'gzip'), (b'Expires', b'Mon, 22 Sep 2025 09:20:58 GMT'), (b'Vary', b'*'), (b'X-Content-Type-Options', b'nosniff'), (b'OData-Version', b'4.0;'), (b'X-AspNet-Version', b'4.0.30319'), (b'X-Powered-By', b'ASP.NET')])
2025-09-22 14:49:56,286 - httpx - INFO - _send_single_request:1740 - HTTP Request: GET https://services.odata.org/V4/Northwind/Northwind.svc/Product_Sales_for_1997?%24skip=0&%24top=1500 "HTTP/1.1 200 OK"
2025-09-22 14:49:56,286 - httpcore.http11 - DEBUG - atrace:87 - receive_response_body.started request=<Request [b'GET']>
2025-09-22 14:49:56,286 - httpcore.http11 - DEBUG - atrace:87 - receive_response_body.complete
2025-09-22 14:49:56,286 - httpcore.http11 - DEBUG - atrace:87 - response_closed.started
2025-09-22 14:49:56,286 - httpcore.http11 - DEBUG - atrace:87 - response_closed.complete
2025-09-22 14:49:56,286 - workers.proxy_pool - INFO - _make_http_request:187 - [2m2025-09-22T09:19:56.286841Z[0m [[32m[1minfo     [0m] [1m📊 Worker successfully fetched data[0m [[0m[1m[34mworkers.proxy_pool[0m][0m [36mcommand_id[0m=[35mProduct_Sales_for_1997_page_1[0m [36mentity[0m=[35mProduct_Sales_for_1997[0m [36mhas_next_page[0m=[35mFalse[0m [36mrecords_in_response[0m=[35m77[0m [36mworker_id[0m=[35mworker_1[0m
2025-09-22 14:49:56,286 - workers.proxy_pool - ERROR - _worker_loop:429 - [2m2025-09-22T09:19:56.286841Z[0m [[31m[1merror    [0m] [1m💥 Unexpected error in worker loop[0m [[0m[1m[34mworkers.proxy_pool[0m][0m [36merror[0m=[35m"name 'metrics' is not defined"[0m [36merror_type[0m=[35mNameError[0m [36mworker_id[0m=[35mworker_1[0m [36mworker_status[0m=[35mERROR[0m
2025-09-22 14:49:56,286 - workers.proxy_pool - INFO - _worker_loop:394 - [2m2025-09-22T09:19:56.286841Z[0m [[32m[1minfo     [0m] [1m📋 Worker picked up command from queue[0m [[0m[1m[34mworkers.proxy_pool[0m][0m [36mcommand_id[0m=[35mAlphabetical_list_of_products_page_1[0m [36mentity[0m=[35mAlphabetical_list_of_products[0m [36mqueue_size_after_pickup[0m=[35m6[0m [36mworker_id[0m=[35mworker_1[0m [36mworker_status[0m=[35mPROCESSING[0m
2025-09-22 14:49:56,300 - workers.proxy_pool - INFO - execute_command:51 - [2m2025-09-22T09:19:56.300412Z[0m [[32m[1minfo     [0m] [1m🚀 Worker starting command execution[0m [[0m[1m[34mworkers.proxy_pool[0m][0m [36mcommand_id[0m=[35mAlphabetical_list_of_products_page_1[0m [36mcommand_type[0m=[35mfetch_page[0m [36mentity[0m=[35mAlphabetical_list_of_products[0m [36mpriority[0m=[35m1[0m [36mretry_count[0m=[35m0[0m [36mskip[0m=[35m0[0m [36mtop[0m=[35m1500[0m [36mworker_id[0m=[35mworker_1[0m
2025-09-22 14:49:56,301 - workers.proxy_pool - INFO - execute_command:74 - [2m2025-09-22T09:19:56.301102Z[0m [[32m[1minfo     [0m] [1m🔄 Worker executing request with resilience patterns[0m [[0m[1m[34mworkers.proxy_pool[0m][0m [36mcircuit_breaker_state[0m=[35mclosed[0m [36mcommand_id[0m=[35mAlphabetical_list_of_products_page_1[0m [36mworker_id[0m=[35mworker_1[0m
2025-09-22 14:49:56,301 - httpcore.http11 - DEBUG - atrace:87 - send_request_headers.started request=<Request [b'GET']>
2025-09-22 14:49:56,301 - httpcore.http11 - DEBUG - atrace:87 - send_request_headers.complete
2025-09-22 14:49:56,301 - httpcore.http11 - DEBUG - atrace:87 - send_request_body.started request=<Request [b'GET']>
2025-09-22 14:49:56,301 - httpcore.http11 - DEBUG - atrace:87 - send_request_body.complete
2025-09-22 14:49:56,301 - httpcore.http11 - DEBUG - atrace:87 - receive_response_headers.started request=<Request [b'GET']>
2025-09-22 14:49:56,425 - httpcore.http11 - DEBUG - atrace:87 - receive_response_headers.complete return_value=(b'HTTP/1.1', 200, b'OK', [(b'Content-Length', b'6023'), (b'Content-Type', b'application/json;odata.metadata=minimal;odata.streaming=true;IEEE754Compatible=false;charset=utf-8'), (b'Date', b'Mon, 22 Sep 2025 09:19:57 GMT'), (b'Server', b'Microsoft-IIS/10.0'), (b'Access-Control-Allow-Headers', b'Accept, Origin, Content-Type, MaxDataServiceVersion'), (b'Access-Control-Allow-Methods', b'GET'), (b'Access-Control-Allow-Origin', b'*'), (b'Access-Control-Expose-Headers', b'DataServiceVersion'), (b'Cache-Control', b'private'), (b'Content-Encoding', b'gzip'), (b'Expires', b'Mon, 22 Sep 2025 09:20:58 GMT'), (b'Vary', b'*'), (b'X-Content-Type-Options', b'nosniff'), (b'OData-Version', b'4.0;'), (b'X-AspNet-Version', b'4.0.30319'), (b'X-Powered-By', b'ASP.NET')])
2025-09-22 14:49:56,425 - httpx - INFO - _send_single_request:1740 - HTTP Request: GET https://services.odata.org/V4/Northwind/Northwind.svc/Order_Details?%24skip=0&%24top=1500 "HTTP/1.1 200 OK"
2025-09-22 14:49:56,434 - httpcore.http11 - DEBUG - atrace:87 - receive_response_body.started request=<Request [b'GET']>
2025-09-22 14:49:56,435 - httpcore.http11 - DEBUG - atrace:87 - receive_response_body.complete
2025-09-22 14:49:56,435 - httpcore.http11 - DEBUG - atrace:87 - response_closed.started
2025-09-22 14:49:56,435 - httpcore.http11 - DEBUG - atrace:87 - response_closed.complete
2025-09-22 14:49:56,436 - workers.proxy_pool - INFO - _make_http_request:187 - [2m2025-09-22T09:19:56.436167Z[0m [[32m[1minfo     [0m] [1m📊 Worker successfully fetched data[0m [[0m[1m[34mworkers.proxy_pool[0m][0m [36mcommand_id[0m=[35mOrder_Details_page_1[0m [36mentity[0m=[35mOrder_Details[0m [36mhas_next_page[0m=[35mTrue[0m [36mrecords_in_response[0m=[35m500[0m [36mworker_id[0m=[35mworker_0[0m
2025-09-22 14:49:56,436 - workers.proxy_pool - ERROR - _worker_loop:429 - [2m2025-09-22T09:19:56.436167Z[0m [[31m[1merror    [0m] [1m💥 Unexpected error in worker loop[0m [[0m[1m[34mworkers.proxy_pool[0m][0m [36merror[0m=[35m"name 'metrics' is not defined"[0m [36merror_type[0m=[35mNameError[0m [36mworker_id[0m=[35mworker_0[0m [36mworker_status[0m=[35mERROR[0m
2025-09-22 14:49:56,436 - workers.proxy_pool - INFO - _worker_loop:394 - [2m2025-09-22T09:19:56.436167Z[0m [[32m[1minfo     [0m] [1m📋 Worker picked up command from queue[0m [[0m[1m[34mworkers.proxy_pool[0m][0m [36mcommand_id[0m=[35mOrder_Subtotals_page_1[0m [36mentity[0m=[35mOrder_Subtotals[0m [36mqueue_size_after_pickup[0m=[35m5[0m [36mworker_id[0m=[35mworker_0[0m [36mworker_status[0m=[35mPROCESSING[0m
2025-09-22 14:49:56,436 - workers.proxy_pool - INFO - execute_command:51 - [2m2025-09-22T09:19:56.436167Z[0m [[32m[1minfo     [0m] [1m🚀 Worker starting command execution[0m [[0m[1m[34mworkers.proxy_pool[0m][0m [36mcommand_id[0m=[35mOrder_Subtotals_page_1[0m [36mcommand_type[0m=[35mfetch_page[0m [36mentity[0m=[35mOrder_Subtotals[0m [36mpriority[0m=[35m1[0m [36mretry_count[0m=[35m0[0m [36mskip[0m=[35m0[0m [36mtop[0m=[35m1500[0m [36mworker_id[0m=[35mworker_0[0m
2025-09-22 14:49:56,436 - workers.proxy_pool - INFO - execute_command:74 - [2m2025-09-22T09:19:56.436167Z[0m [[32m[1minfo     [0m] [1m🔄 Worker executing request with resilience patterns[0m [[0m[1m[34mworkers.proxy_pool[0m][0m [36mcircuit_breaker_state[0m=[35mclosed[0m [36mcommand_id[0m=[35mOrder_Subtotals_page_1[0m [36mworker_id[0m=[35mworker_0[0m
2025-09-22 14:49:56,441 - httpcore.http11 - DEBUG - atrace:87 - send_request_headers.started request=<Request [b'GET']>
2025-09-22 14:49:56,441 - httpcore.http11 - DEBUG - atrace:87 - send_request_headers.complete
2025-09-22 14:49:56,441 - httpcore.http11 - DEBUG - atrace:87 - send_request_body.started request=<Request [b'GET']>
2025-09-22 14:49:56,441 - httpcore.http11 - DEBUG - atrace:87 - send_request_body.complete
2025-09-22 14:49:56,441 - httpcore.http11 - DEBUG - atrace:87 - receive_response_headers.started request=<Request [b'GET']>
2025-09-22 14:49:56,557 - httpcore.http11 - DEBUG - atrace:87 - receive_response_headers.complete return_value=(b'HTTP/1.1', 200, b'OK', [(b'Content-Length', b'3863'), (b'Content-Type', b'application/json;odata.metadata=minimal;odata.streaming=true;IEEE754Compatible=false;charset=utf-8'), (b'Date', b'Mon, 22 Sep 2025 09:19:57 GMT'), (b'Server', b'Microsoft-IIS/10.0'), (b'Access-Control-Allow-Headers', b'Accept, Origin, Content-Type, MaxDataServiceVersion'), (b'Access-Control-Allow-Methods', b'GET'), (b'Access-Control-Allow-Origin', b'*'), (b'Access-Control-Expose-Headers', b'DataServiceVersion'), (b'Cache-Control', b'private'), (b'Content-Encoding', b'gzip'), (b'Expires', b'Mon, 22 Sep 2025 09:20:58 GMT'), (b'Vary', b'*'), (b'X-Content-Type-Options', b'nosniff'), (b'OData-Version', b'4.0;'), (b'X-AspNet-Version', b'4.0.30319'), (b'X-Powered-By', b'ASP.NET')])
2025-09-22 14:49:56,557 - httpx - INFO - _send_single_request:1740 - HTTP Request: GET https://services.odata.org/V4/Northwind/Northwind.svc/Alphabetical_list_of_products?%24skip=0&%24top=1500 "HTTP/1.1 200 OK"
2025-09-22 14:49:56,557 - httpcore.http11 - DEBUG - atrace:87 - receive_response_body.started request=<Request [b'GET']>
2025-09-22 14:49:56,557 - httpcore.http11 - DEBUG - atrace:87 - receive_response_body.complete
2025-09-22 14:49:56,557 - httpcore.http11 - DEBUG - atrace:87 - response_closed.started
2025-09-22 14:49:56,557 - httpcore.http11 - DEBUG - atrace:87 - response_closed.complete
2025-09-22 14:49:56,557 - workers.proxy_pool - INFO - _make_http_request:187 - [2m2025-09-22T09:19:56.557313Z[0m [[32m[1minfo     [0m] [1m📊 Worker successfully fetched data[0m [[0m[1m[34mworkers.proxy_pool[0m][0m [36mcommand_id[0m=[35mAlphabetical_list_of_products_page_1[0m [36mentity[0m=[35mAlphabetical_list_of_products[0m [36mhas_next_page[0m=[35mFalse[0m [36mrecords_in_response[0m=[35m69[0m [36mworker_id[0m=[35mworker_1[0m
2025-09-22 14:49:56,557 - workers.proxy_pool - ERROR - _worker_loop:429 - [2m2025-09-22T09:19:56.557313Z[0m [[31m[1merror    [0m] [1m💥 Unexpected error in worker loop[0m [[0m[1m[34mworkers.proxy_pool[0m][0m [36merror[0m=[35m"name 'metrics' is not defined"[0m [36merror_type[0m=[35mNameError[0m [36mworker_id[0m=[35mworker_1[0m [36mworker_status[0m=[35mERROR[0m
2025-09-22 14:49:56,557 - workers.proxy_pool - INFO - _worker_loop:394 - [2m2025-09-22T09:19:56.557313Z[0m [[32m[1minfo     [0m] [1m📋 Worker picked up command from queue[0m [[0m[1m[34mworkers.proxy_pool[0m][0m [36mcommand_id[0m=[35mProducts_page_1[0m [36mentity[0m=[35mProducts[0m [36mqueue_size_after_pickup[0m=[35m4[0m [36mworker_id[0m=[35mworker_1[0m [36mworker_status[0m=[35mPROCESSING[0m
2025-09-22 14:49:56,557 - workers.proxy_pool - INFO - execute_command:51 - [2m2025-09-22T09:19:56.557313Z[0m [[32m[1minfo     [0m] [1m🚀 Worker starting command execution[0m [[0m[1m[34mworkers.proxy_pool[0m][0m [36mcommand_id[0m=[35mProducts_page_1[0m [36mcommand_type[0m=[35mfetch_page[0m [36mentity[0m=[35mProducts[0m [36mpriority[0m=[35m1[0m [36mretry_count[0m=[35m0[0m [36mskip[0m=[35m0[0m [36mtop[0m=[35m1500[0m [36mworker_id[0m=[35mworker_1[0m
2025-09-22 14:49:56,557 - workers.proxy_pool - INFO - execute_command:74 - [2m2025-09-22T09:19:56.557313Z[0m [[32m[1minfo     [0m] [1m🔄 Worker executing request with resilience patterns[0m [[0m[1m[34mworkers.proxy_pool[0m][0m [36mcircuit_breaker_state[0m=[35mclosed[0m [36mcommand_id[0m=[35mProducts_page_1[0m [36mworker_id[0m=[35mworker_1[0m
2025-09-22 14:49:56,568 - httpcore.http11 - DEBUG - atrace:87 - send_request_headers.started request=<Request [b'GET']>
2025-09-22 14:49:56,568 - httpcore.http11 - DEBUG - atrace:87 - send_request_headers.complete
2025-09-22 14:49:56,568 - httpcore.http11 - DEBUG - atrace:87 - send_request_body.started request=<Request [b'GET']>
2025-09-22 14:49:56,570 - httpcore.http11 - DEBUG - atrace:87 - send_request_body.complete
2025-09-22 14:49:56,570 - httpcore.http11 - DEBUG - atrace:87 - receive_response_headers.started request=<Request [b'GET']>
2025-09-22 14:49:56,736 - httpcore.http11 - DEBUG - atrace:87 - receive_response_headers.complete return_value=(b'HTTP/1.1', 200, b'OK', [(b'Content-Length', b'1172'), (b'Content-Type', b'application/json;odata.metadata=minimal;odata.streaming=true;IEEE754Compatible=false;charset=utf-8'), (b'Date', b'Mon, 22 Sep 2025 09:19:58 GMT'), (b'Server', b'Microsoft-IIS/10.0'), (b'Access-Control-Allow-Headers', b'Accept, Origin, Content-Type, MaxDataServiceVersion'), (b'Access-Control-Allow-Methods', b'GET'), (b'Access-Control-Allow-Origin', b'*'), (b'Access-Control-Expose-Headers', b'DataServiceVersion'), (b'Cache-Control', b'private'), (b'Content-Encoding', b'gzip'), (b'Expires', b'Mon, 22 Sep 2025 09:20:58 GMT'), (b'Vary', b'*'), (b'X-Content-Type-Options', b'nosniff'), (b'OData-Version', b'4.0;'), (b'X-AspNet-Version', b'4.0.30319'), (b'X-Powered-By', b'ASP.NET')])
2025-09-22 14:49:56,736 - httpx - INFO - _send_single_request:1740 - HTTP Request: GET https://services.odata.org/V4/Northwind/Northwind.svc/Order_Subtotals?%24skip=0&%24top=1500 "HTTP/1.1 200 OK"
2025-09-22 14:49:56,736 - httpcore.http11 - DEBUG - atrace:87 - receive_response_body.started request=<Request [b'GET']>
2025-09-22 14:49:56,736 - httpcore.http11 - DEBUG - atrace:87 - receive_response_body.complete
2025-09-22 14:49:56,736 - httpcore.http11 - DEBUG - atrace:87 - response_closed.started
2025-09-22 14:49:56,736 - httpcore.http11 - DEBUG - atrace:87 - response_closed.complete
2025-09-22 14:49:56,736 - workers.proxy_pool - INFO - _make_http_request:187 - [2m2025-09-22T09:19:56.736213Z[0m [[32m[1minfo     [0m] [1m📊 Worker successfully fetched data[0m [[0m[1m[34mworkers.proxy_pool[0m][0m [36mcommand_id[0m=[35mOrder_Subtotals_page_1[0m [36mentity[0m=[35mOrder_Subtotals[0m [36mhas_next_page[0m=[35mTrue[0m [36mrecords_in_response[0m=[35m100[0m [36mworker_id[0m=[35mworker_0[0m
2025-09-22 14:49:56,742 - workers.proxy_pool - ERROR - _worker_loop:429 - [2m2025-09-22T09:19:56.736213Z[0m [[31m[1merror    [0m] [1m💥 Unexpected error in worker loop[0m [[0m[1m[34mworkers.proxy_pool[0m][0m [36merror[0m=[35m"name 'metrics' is not defined"[0m [36merror_type[0m=[35mNameError[0m [36mworker_id[0m=[35mworker_0[0m [36mworker_status[0m=[35mERROR[0m
2025-09-22 14:49:56,742 - workers.proxy_pool - INFO - _worker_loop:394 - [2m2025-09-22T09:19:56.742386Z[0m [[32m[1minfo     [0m] [1m📋 Worker picked up command from queue[0m [[0m[1m[34mworkers.proxy_pool[0m][0m [36mcommand_id[0m=[35mInvoices_page_1[0m [36mentity[0m=[35mInvoices[0m [36mqueue_size_after_pickup[0m=[35m3[0m [36mworker_id[0m=[35mworker_0[0m [36mworker_status[0m=[35mPROCESSING[0m
2025-09-22 14:49:56,742 - workers.proxy_pool - INFO - execute_command:51 - [2m2025-09-22T09:19:56.742386Z[0m [[32m[1minfo     [0m] [1m🚀 Worker starting command execution[0m [[0m[1m[34mworkers.proxy_pool[0m][0m [36mcommand_id[0m=[35mInvoices_page_1[0m [36mcommand_type[0m=[35mfetch_page[0m [36mentity[0m=[35mInvoices[0m [36mpriority[0m=[35m1[0m [36mretry_count[0m=[35m0[0m [36mskip[0m=[35m0[0m [36mtop[0m=[35m1500[0m [36mworker_id[0m=[35mworker_0[0m
2025-09-22 14:49:56,744 - workers.proxy_pool - INFO - execute_command:74 - [2m2025-09-22T09:19:56.742386Z[0m [[32m[1minfo     [0m] [1m🔄 Worker executing request with resilience patterns[0m [[0m[1m[34mworkers.proxy_pool[0m][0m [36mcircuit_breaker_state[0m=[35mclosed[0m [36mcommand_id[0m=[35mInvoices_page_1[0m [36mworker_id[0m=[35mworker_0[0m
2025-09-22 14:49:56,744 - httpcore.http11 - DEBUG - atrace:87 - send_request_headers.started request=<Request [b'GET']>
2025-09-22 14:49:56,744 - httpcore.http11 - DEBUG - atrace:87 - send_request_headers.complete
2025-09-22 14:49:56,744 - httpcore.http11 - DEBUG - atrace:87 - send_request_body.started request=<Request [b'GET']>
2025-09-22 14:49:56,744 - httpcore.http11 - DEBUG - atrace:87 - send_request_body.complete
2025-09-22 14:49:56,744 - httpcore.http11 - DEBUG - atrace:87 - receive_response_headers.started request=<Request [b'GET']>
2025-09-22 14:49:56,818 - httpcore.http11 - DEBUG - atrace:87 - receive_response_headers.complete return_value=(b'HTTP/1.1', 200, b'OK', [(b'Content-Length', b'1436'), (b'Content-Type', b'application/json;odata.metadata=minimal;odata.streaming=true;IEEE754Compatible=false;charset=utf-8'), (b'Date', b'Mon, 22 Sep 2025 09:19:58 GMT'), (b'Server', b'Microsoft-IIS/10.0'), (b'Access-Control-Allow-Headers', b'Accept, Origin, Content-Type, MaxDataServiceVersion'), (b'Access-Control-Allow-Methods', b'GET'), (b'Access-Control-Allow-Origin', b'*'), (b'Access-Control-Expose-Headers', b'DataServiceVersion'), (b'Cache-Control', b'private'), (b'Content-Encoding', b'gzip'), (b'Expires', b'Mon, 22 Sep 2025 09:20:58 GMT'), (b'Vary', b'*'), (b'X-Content-Type-Options', b'nosniff'), (b'OData-Version', b'4.0;'), (b'X-AspNet-Version', b'4.0.30319'), (b'X-Powered-By', b'ASP.NET')])
2025-09-22 14:49:56,818 - httpx - INFO - _send_single_request:1740 - HTTP Request: GET https://services.odata.org/V4/Northwind/Northwind.svc/Products?%24skip=0&%24top=1500 "HTTP/1.1 200 OK"
2025-09-22 14:49:56,819 - httpcore.http11 - DEBUG - atrace:87 - receive_response_body.started request=<Request [b'GET']>
2025-09-22 14:49:56,819 - httpcore.http11 - DEBUG - atrace:87 - receive_response_body.complete
2025-09-22 14:49:56,820 - httpcore.http11 - DEBUG - atrace:87 - response_closed.started
2025-09-22 14:49:56,820 - httpcore.http11 - DEBUG - atrace:87 - response_closed.complete
2025-09-22 14:49:56,820 - workers.proxy_pool - INFO - _make_http_request:187 - [2m2025-09-22T09:19:56.820106Z[0m [[32m[1minfo     [0m] [1m📊 Worker successfully fetched data[0m [[0m[1m[34mworkers.proxy_pool[0m][0m [36mcommand_id[0m=[35mProducts_page_1[0m [36mentity[0m=[35mProducts[0m [36mhas_next_page[0m=[35mTrue[0m [36mrecords_in_response[0m=[35m20[0m [36mworker_id[0m=[35mworker_1[0m
2025-09-22 14:49:56,820 - workers.proxy_pool - ERROR - _worker_loop:429 - [2m2025-09-22T09:19:56.820106Z[0m [[31m[1merror    [0m] [1m💥 Unexpected error in worker loop[0m [[0m[1m[34mworkers.proxy_pool[0m][0m [36merror[0m=[35m"name 'metrics' is not defined"[0m [36merror_type[0m=[35mNameError[0m [36mworker_id[0m=[35mworker_1[0m [36mworker_status[0m=[35mERROR[0m
2025-09-22 14:49:56,820 - workers.proxy_pool - INFO - _worker_loop:394 - [2m2025-09-22T09:19:56.820106Z[0m [[32m[1minfo     [0m] [1m📋 Worker picked up command from queue[0m [[0m[1m[34mworkers.proxy_pool[0m][0m [36mcommand_id[0m=[35mInvoices_page_2[0m [36mentity[0m=[35mInvoices[0m [36mqueue_size_after_pickup[0m=[35m2[0m [36mworker_id[0m=[35mworker_1[0m [36mworker_status[0m=[35mPROCESSING[0m
2025-09-22 14:49:56,820 - workers.proxy_pool - INFO - execute_command:51 - [2m2025-09-22T09:19:56.820106Z[0m [[32m[1minfo     [0m] [1m🚀 Worker starting command execution[0m [[0m[1m[34mworkers.proxy_pool[0m][0m [36mcommand_id[0m=[35mInvoices_page_2[0m [36mcommand_type[0m=[35mfetch_page[0m [36mentity[0m=[35mInvoices[0m [36mpriority[0m=[35m1[0m [36mretry_count[0m=[35m0[0m [36mskip[0m=[35m1500[0m [36mtop[0m=[35m1500[0m [36mworker_id[0m=[35mworker_1[0m
2025-09-22 14:49:56,820 - workers.proxy_pool - INFO - execute_command:74 - [2m2025-09-22T09:19:56.820106Z[0m [[32m[1minfo     [0m] [1m🔄 Worker executing request with resilience patterns[0m [[0m[1m[34mworkers.proxy_pool[0m][0m [36mcircuit_breaker_state[0m=[35mclosed[0m [36mcommand_id[0m=[35mInvoices_page_2[0m [36mworker_id[0m=[35mworker_1[0m
2025-09-22 14:49:56,820 - httpcore.http11 - DEBUG - atrace:87 - send_request_headers.started request=<Request [b'GET']>
2025-09-22 14:49:56,824 - httpcore.http11 - DEBUG - atrace:87 - send_request_headers.complete
2025-09-22 14:49:56,824 - httpcore.http11 - DEBUG - atrace:87 - send_request_body.started request=<Request [b'GET']>
2025-09-22 14:49:56,824 - httpcore.http11 - DEBUG - atrace:87 - send_request_body.complete
2025-09-22 14:49:56,824 - httpcore.http11 - DEBUG - atrace:87 - receive_response_headers.started request=<Request [b'GET']>
2025-09-22 14:49:57,007 - httpcore.http11 - DEBUG - atrace:87 - receive_response_headers.complete return_value=(b'HTTP/1.1', 200, b'OK', [(b'Content-Length', b'6232'), (b'Content-Type', b'application/json;odata.metadata=minimal;odata.streaming=true;IEEE754Compatible=false;charset=utf-8'), (b'Date', b'Mon, 22 Sep 2025 09:19:58 GMT'), (b'Server', b'Microsoft-IIS/10.0'), (b'Access-Control-Allow-Headers', b'Accept, Origin, Content-Type, MaxDataServiceVersion'), (b'Access-Control-Allow-Methods', b'GET'), (b'Access-Control-Allow-Origin', b'*'), (b'Access-Control-Expose-Headers', b'DataServiceVersion'), (b'Cache-Control', b'private'), (b'Content-Encoding', b'gzip'), (b'Expires', b'Mon, 22 Sep 2025 09:20:58 GMT'), (b'Vary', b'*'), (b'X-Content-Type-Options', b'nosniff'), (b'OData-Version', b'4.0;'), (b'X-AspNet-Version', b'4.0.30319'), (b'X-Powered-By', b'ASP.NET')])
2025-09-22 14:49:57,007 - httpx - INFO - _send_single_request:1740 - HTTP Request: GET https://services.odata.org/V4/Northwind/Northwind.svc/Order_Details?%24skip=1500&%24top=1500 "HTTP/1.1 200 OK"
2025-09-22 14:49:57,011 - httpcore.http11 - DEBUG - atrace:87 - receive_response_body.started request=<Request [b'GET']>
2025-09-22 14:49:57,012 - httpcore.http11 - DEBUG - atrace:87 - receive_response_body.complete
2025-09-22 14:49:57,012 - httpcore.http11 - DEBUG - atrace:87 - response_closed.started
2025-09-22 14:49:57,012 - httpcore.http11 - DEBUG - atrace:87 - response_closed.complete
2025-09-22 14:49:57,012 - workers.proxy_pool - INFO - _make_http_request:187 - [2m2025-09-22T09:19:57.012660Z[0m [[32m[1minfo     [0m] [1m📊 Worker successfully fetched data[0m [[0m[1m[34mworkers.proxy_pool[0m][0m [36mcommand_id[0m=[35mOrder_Details_page_2[0m [36mentity[0m=[35mOrder_Details[0m [36mhas_next_page[0m=[35mTrue[0m [36mrecords_in_response[0m=[35m500[0m [36mworker_id[0m=[35mworker_2[0m
2025-09-22 14:49:57,012 - workers.proxy_pool - ERROR - _worker_loop:429 - [2m2025-09-22T09:19:57.012660Z[0m [[31m[1merror    [0m] [1m💥 Unexpected error in worker loop[0m [[0m[1m[34mworkers.proxy_pool[0m][0m [36merror[0m=[35m"name 'metrics' is not defined"[0m [36merror_type[0m=[35mNameError[0m [36mworker_id[0m=[35mworker_2[0m [36mworker_status[0m=[35mERROR[0m
2025-09-22 14:49:57,012 - workers.proxy_pool - INFO - _worker_loop:394 - [2m2025-09-22T09:19:57.012660Z[0m [[32m[1minfo     [0m] [1m📋 Worker picked up command from queue[0m [[0m[1m[34mworkers.proxy_pool[0m][0m [36mcommand_id[0m=[35mSummary_of_Sales_by_Quarters_page_1[0m [36mentity[0m=[35mSummary_of_Sales_by_Quarters[0m [36mqueue_size_after_pickup[0m=[35m1[0m [36mworker_id[0m=[35mworker_2[0m [36mworker_status[0m=[35mPROCESSING[0m
2025-09-22 14:49:57,012 - workers.proxy_pool - INFO - execute_command:51 - [2m2025-09-22T09:19:57.012660Z[0m [[32m[1minfo     [0m] [1m🚀 Worker starting command execution[0m [[0m[1m[34mworkers.proxy_pool[0m][0m [36mcommand_id[0m=[35mSummary_of_Sales_by_Quarters_page_1[0m [36mcommand_type[0m=[35mfetch_page[0m [36mentity[0m=[35mSummary_of_Sales_by_Quarters[0m [36mpriority[0m=[35m1[0m [36mretry_count[0m=[35m0[0m [36mskip[0m=[35m0[0m [36mtop[0m=[35m1500[0m [36mworker_id[0m=[35mworker_2[0m
2025-09-22 14:49:57,012 - workers.proxy_pool - INFO - execute_command:74 - [2m2025-09-22T09:19:57.012660Z[0m [[32m[1minfo     [0m] [1m🔄 Worker executing request with resilience patterns[0m [[0m[1m[34mworkers.proxy_pool[0m][0m [36mcircuit_breaker_state[0m=[35mclosed[0m [36mcommand_id[0m=[35mSummary_of_Sales_by_Quarters_page_1[0m [36mworker_id[0m=[35mworker_2[0m
2025-09-22 14:49:57,012 - httpcore.http11 - DEBUG - atrace:87 - send_request_headers.started request=<Request [b'GET']>
2025-09-22 14:49:57,012 - httpcore.http11 - DEBUG - atrace:87 - send_request_headers.complete
2025-09-22 14:49:57,012 - httpcore.http11 - DEBUG - atrace:87 - send_request_body.started request=<Request [b'GET']>
2025-09-22 14:49:57,012 - httpcore.http11 - DEBUG - atrace:87 - send_request_body.complete
2025-09-22 14:49:57,012 - httpcore.http11 - DEBUG - atrace:87 - receive_response_headers.started request=<Request [b'GET']>
2025-09-22 14:49:57,250 - httpcore.http11 - DEBUG - atrace:87 - receive_response_headers.complete return_value=(b'HTTP/1.1', 200, b'OK', [(b'Content-Length', b'37906'), (b'Content-Type', b'application/json;odata.metadata=minimal;odata.streaming=true;IEEE754Compatible=false;charset=utf-8'), (b'Date', b'Mon, 22 Sep 2025 09:19:58 GMT'), (b'Server', b'Microsoft-IIS/10.0'), (b'Access-Control-Allow-Headers', b'Accept, Origin, Content-Type, MaxDataServiceVersion'), (b'Access-Control-Allow-Methods', b'GET'), (b'Access-Control-Allow-Origin', b'*'), (b'Access-Control-Expose-Headers', b'DataServiceVersion'), (b'Cache-Control', b'private'), (b'Content-Encoding', b'gzip'), (b'Expires', b'Mon, 22 Sep 2025 09:20:58 GMT'), (b'Vary', b'*'), (b'X-Content-Type-Options', b'nosniff'), (b'OData-Version', b'4.0;'), (b'X-AspNet-Version', b'4.0.30319'), (b'X-Powered-By', b'ASP.NET')])
2025-09-22 14:49:57,250 - httpx - INFO - _send_single_request:1740 - HTTP Request: GET https://services.odata.org/V4/Northwind/Northwind.svc/Invoices?%24skip=0&%24top=1500 "HTTP/1.1 200 OK"
2025-09-22 14:49:57,250 - httpcore.http11 - DEBUG - atrace:87 - receive_response_body.started request=<Request [b'GET']>
2025-09-22 14:49:57,258 - httpcore.http11 - DEBUG - atrace:87 - receive_response_body.complete
2025-09-22 14:49:57,258 - httpcore.http11 - DEBUG - atrace:87 - response_closed.started
2025-09-22 14:49:57,258 - httpcore.http11 - DEBUG - atrace:87 - response_closed.complete
2025-09-22 14:49:57,262 - workers.proxy_pool - INFO - _make_http_request:187 - [2m2025-09-22T09:19:57.262318Z[0m [[32m[1minfo     [0m] [1m📊 Worker successfully fetched data[0m [[0m[1m[34mworkers.proxy_pool[0m][0m [36mcommand_id[0m=[35mInvoices_page_1[0m [36mentity[0m=[35mInvoices[0m [36mhas_next_page[0m=[35mTrue[0m [36mrecords_in_response[0m=[35m500[0m [36mworker_id[0m=[35mworker_0[0m
2025-09-22 14:49:57,262 - workers.proxy_pool - ERROR - _worker_loop:429 - [2m2025-09-22T09:19:57.262318Z[0m [[31m[1merror    [0m] [1m💥 Unexpected error in worker loop[0m [[0m[1m[34mworkers.proxy_pool[0m][0m [36merror[0m=[35m"name 'metrics' is not defined"[0m [36merror_type[0m=[35mNameError[0m [36mworker_id[0m=[35mworker_0[0m [36mworker_status[0m=[35mERROR[0m
2025-09-22 14:49:57,262 - workers.proxy_pool - INFO - _worker_loop:394 - [2m2025-09-22T09:19:57.262318Z[0m [[32m[1minfo     [0m] [1m📋 Worker picked up command from queue[0m [[0m[1m[34mworkers.proxy_pool[0m][0m [36mcommand_id[0m=[35mProducts_Above_Average_Prices_page_1[0m [36mentity[0m=[35mProducts_Above_Average_Prices[0m [36mqueue_size_after_pickup[0m=[35m0[0m [36mworker_id[0m=[35mworker_0[0m [36mworker_status[0m=[35mPROCESSING[0m
2025-09-22 14:49:57,262 - workers.proxy_pool - INFO - execute_command:51 - [2m2025-09-22T09:19:57.262318Z[0m [[32m[1minfo     [0m] [1m🚀 Worker starting command execution[0m [[0m[1m[34mworkers.proxy_pool[0m][0m [36mcommand_id[0m=[35mProducts_Above_Average_Prices_page_1[0m [36mcommand_type[0m=[35mfetch_page[0m [36mentity[0m=[35mProducts_Above_Average_Prices[0m [36mpriority[0m=[35m1[0m [36mretry_count[0m=[35m0[0m [36mskip[0m=[35m0[0m [36mtop[0m=[35m1500[0m [36mworker_id[0m=[35mworker_0[0m
2025-09-22 14:49:57,266 - workers.proxy_pool - INFO - execute_command:74 - [2m2025-09-22T09:19:57.266075Z[0m [[32m[1minfo     [0m] [1m🔄 Worker executing request with resilience patterns[0m [[0m[1m[34mworkers.proxy_pool[0m][0m [36mcircuit_breaker_state[0m=[35mclosed[0m [36mcommand_id[0m=[35mProducts_Above_Average_Prices_page_1[0m [36mworker_id[0m=[35mworker_0[0m
2025-09-22 14:49:57,267 - httpcore.http11 - DEBUG - atrace:87 - send_request_headers.started request=<Request [b'GET']>
2025-09-22 14:49:57,267 - httpcore.http11 - DEBUG - atrace:87 - send_request_headers.complete
2025-09-22 14:49:57,269 - httpcore.http11 - DEBUG - atrace:87 - send_request_body.started request=<Request [b'GET']>
2025-09-22 14:49:57,269 - httpcore.http11 - DEBUG - atrace:87 - send_request_body.complete
2025-09-22 14:49:57,269 - httpcore.http11 - DEBUG - atrace:87 - receive_response_headers.started request=<Request [b'GET']>
2025-09-22 14:49:57,625 - httpcore.http11 - DEBUG - atrace:87 - receive_response_headers.complete return_value=(b'HTTP/1.1', 200, b'OK', [(b'Content-Length', b'37481'), (b'Content-Type', b'application/json;odata.metadata=minimal;odata.streaming=true;IEEE754Compatible=false;charset=utf-8'), (b'Date', b'Mon, 22 Sep 2025 09:19:58 GMT'), (b'Server', b'Microsoft-IIS/10.0'), (b'Access-Control-Allow-Headers', b'Accept, Origin, Content-Type, MaxDataServiceVersion'), (b'Access-Control-Allow-Methods', b'GET'), (b'Access-Control-Allow-Origin', b'*'), (b'Access-Control-Expose-Headers', b'DataServiceVersion'), (b'Cache-Control', b'private'), (b'Content-Encoding', b'gzip'), (b'Expires', b'Mon, 22 Sep 2025 09:20:59 GMT'), (b'Vary', b'*'), (b'X-Content-Type-Options', b'nosniff'), (b'OData-Version', b'4.0;'), (b'X-AspNet-Version', b'4.0.30319'), (b'X-Powered-By', b'ASP.NET')])
2025-09-22 14:49:57,625 - httpx - INFO - _send_single_request:1740 - HTTP Request: GET https://services.odata.org/V4/Northwind/Northwind.svc/Invoices?%24skip=1500&%24top=1500 "HTTP/1.1 200 OK"
2025-09-22 14:49:57,625 - httpcore.http11 - DEBUG - atrace:87 - receive_response_body.started request=<Request [b'GET']>
2025-09-22 14:49:57,625 - httpcore.http11 - DEBUG - atrace:87 - receive_response_body.complete
2025-09-22 14:49:57,625 - httpcore.http11 - DEBUG - atrace:87 - response_closed.started
2025-09-22 14:49:57,625 - httpcore.http11 - DEBUG - atrace:87 - response_closed.complete
2025-09-22 14:49:57,637 - workers.proxy_pool - INFO - _make_http_request:187 - [2m2025-09-22T09:19:57.637143Z[0m [[32m[1minfo     [0m] [1m📊 Worker successfully fetched data[0m [[0m[1m[34mworkers.proxy_pool[0m][0m [36mcommand_id[0m=[35mInvoices_page_2[0m [36mentity[0m=[35mInvoices[0m [36mhas_next_page[0m=[35mTrue[0m [36mrecords_in_response[0m=[35m500[0m [36mworker_id[0m=[35mworker_1[0m
2025-09-22 14:49:57,638 - workers.proxy_pool - ERROR - _worker_loop:429 - [2m2025-09-22T09:19:57.638144Z[0m [[31m[1merror    [0m] [1m💥 Unexpected error in worker loop[0m [[0m[1m[34mworkers.proxy_pool[0m][0m [36merror[0m=[35m"name 'metrics' is not defined"[0m [36merror_type[0m=[35mNameError[0m [36mworker_id[0m=[35mworker_1[0m [36mworker_status[0m=[35mERROR[0m
2025-09-22 14:49:57,790 - httpcore.http11 - DEBUG - atrace:87 - receive_response_headers.complete return_value=(b'HTTP/1.1', 200, b'OK', [(b'Content-Length', b'764'), (b'Content-Type', b'application/json;odata.metadata=minimal;odata.streaming=true;IEEE754Compatible=false;charset=utf-8'), (b'Date', b'Mon, 22 Sep 2025 09:19:59 GMT'), (b'Server', b'Microsoft-IIS/10.0'), (b'Access-Control-Allow-Headers', b'Accept, Origin, Content-Type, MaxDataServiceVersion'), (b'Access-Control-Allow-Methods', b'GET'), (b'Access-Control-Allow-Origin', b'*'), (b'Access-Control-Expose-Headers', b'DataServiceVersion'), (b'Cache-Control', b'private'), (b'Content-Encoding', b'gzip'), (b'Expires', b'Mon, 22 Sep 2025 09:20:59 GMT'), (b'Vary', b'*'), (b'X-Content-Type-Options', b'nosniff'), (b'OData-Version', b'4.0;'), (b'X-AspNet-Version', b'4.0.30319'), (b'X-Powered-By', b'ASP.NET')])
2025-09-22 14:49:57,790 - httpx - INFO - _send_single_request:1740 - HTTP Request: GET https://services.odata.org/V4/Northwind/Northwind.svc/Products_Above_Average_Prices?%24skip=0&%24top=1500 "HTTP/1.1 200 OK"
2025-09-22 14:49:57,791 - httpcore.http11 - DEBUG - atrace:87 - receive_response_body.started request=<Request [b'GET']>
2025-09-22 14:49:57,791 - httpcore.http11 - DEBUG - atrace:87 - receive_response_body.complete
2025-09-22 14:49:57,791 - httpcore.http11 - DEBUG - atrace:87 - response_closed.started
2025-09-22 14:49:57,791 - httpcore.http11 - DEBUG - atrace:87 - response_closed.complete
2025-09-22 14:49:57,791 - workers.proxy_pool - INFO - _make_http_request:187 - [2m2025-09-22T09:19:57.791646Z[0m [[32m[1minfo     [0m] [1m📊 Worker successfully fetched data[0m [[0m[1m[34mworkers.proxy_pool[0m][0m [36mcommand_id[0m=[35mProducts_Above_Average_Prices_page_1[0m [36mentity[0m=[35mProducts_Above_Average_Prices[0m [36mhas_next_page[0m=[35mFalse[0m [36mrecords_in_response[0m=[35m25[0m [36mworker_id[0m=[35mworker_0[0m
2025-09-22 14:49:57,793 - workers.proxy_pool - ERROR - _worker_loop:429 - [2m2025-09-22T09:19:57.793706Z[0m [[31m[1merror    [0m] [1m💥 Unexpected error in worker loop[0m [[0m[1m[34mworkers.proxy_pool[0m][0m [36merror[0m=[35m"name 'metrics' is not defined"[0m [36merror_type[0m=[35mNameError[0m [36mworker_id[0m=[35mworker_0[0m [36mworker_status[0m=[35mERROR[0m
2025-09-22 14:49:58,099 - httpcore.http11 - DEBUG - atrace:87 - receive_response_headers.complete return_value=(b'HTTP/1.1', 200, b'OK', [(b'Content-Length', b'1596'), (b'Content-Type', b'application/json;odata.metadata=minimal;odata.streaming=true;IEEE754Compatible=false;charset=utf-8'), (b'Date', b'Mon, 22 Sep 2025 09:19:59 GMT'), (b'Server', b'Microsoft-IIS/10.0'), (b'Access-Control-Allow-Headers', b'Accept, Origin, Content-Type, MaxDataServiceVersion'), (b'Access-Control-Allow-Methods', b'GET'), (b'Access-Control-Allow-Origin', b'*'), (b'Access-Control-Expose-Headers', b'DataServiceVersion'), (b'Cache-Control', b'private'), (b'Content-Encoding', b'gzip'), (b'Expires', b'Mon, 22 Sep 2025 09:20:59 GMT'), (b'Vary', b'*'), (b'X-Content-Type-Options', b'nosniff'), (b'OData-Version', b'4.0;'), (b'X-AspNet-Version', b'4.0.30319'), (b'X-Powered-By', b'ASP.NET')])
2025-09-22 14:49:58,100 - httpx - INFO - _send_single_request:1740 - HTTP Request: GET https://services.odata.org/V4/Northwind/Northwind.svc/Summary_of_Sales_by_Quarters?%24skip=0&%24top=1500 "HTTP/1.1 200 OK"
2025-09-22 14:49:58,100 - httpcore.http11 - DEBUG - atrace:87 - receive_response_body.started request=<Request [b'GET']>
2025-09-22 14:49:58,101 - httpcore.http11 - DEBUG - atrace:87 - receive_response_body.complete
2025-09-22 14:49:58,101 - httpcore.http11 - DEBUG - atrace:87 - response_closed.started
2025-09-22 14:49:58,101 - httpcore.http11 - DEBUG - atrace:87 - response_closed.complete
2025-09-22 14:49:58,101 - workers.proxy_pool - INFO - _make_http_request:187 - [2m2025-09-22T09:19:58.101682Z[0m [[32m[1minfo     [0m] [1m📊 Worker successfully fetched data[0m [[0m[1m[34mworkers.proxy_pool[0m][0m [36mcommand_id[0m=[35mSummary_of_Sales_by_Quarters_page_1[0m [36mentity[0m=[35mSummary_of_Sales_by_Quarters[0m [36mhas_next_page[0m=[35mTrue[0m [36mrecords_in_response[0m=[35m100[0m [36mworker_id[0m=[35mworker_2[0m
2025-09-22 14:49:58,102 - workers.proxy_pool - ERROR - _worker_loop:429 - [2m2025-09-22T09:19:58.102669Z[0m [[31m[1merror    [0m] [1m💥 Unexpected error in worker loop[0m [[0m[1m[34mworkers.proxy_pool[0m][0m [36merror[0m=[35m"name 'metrics' is not defined"[0m [36merror_type[0m=[35mNameError[0m [36mworker_id[0m=[35mworker_2[0m [36mworker_status[0m=[35mERROR[0m
2025-09-22 14:49:59,694 - odc.connector - INFO - _execution_phase:232 - [2m2025-09-22T09:19:59.694737Z[0m [[32m[1minfo     [0m] [1mExecution phase completed     [0m [[0m[1m[34modc.connector[0m][0m
2025-09-22 14:49:59,695 - odc.connector - INFO - _completion_phase:267 - [2m2025-09-22T09:19:59.695411Z[0m [[32m[1minfo     [0m] [1mStarting completion phase     [0m [[0m[1m[34modc.connector[0m][0m
2025-09-22 14:49:59,696 - workers.proxy_pool - INFO - stop:331 - [2m2025-09-22T09:19:59.696421Z[0m [[32m[1minfo     [0m] [1mStopping proxy pool           [0m [[0m[1m[34mworkers.proxy_pool[0m][0m
2025-09-22 14:49:59,697 - workers.proxy_pool - INFO - _worker_loop:423 - [2m2025-09-22T09:19:59.696421Z[0m [[32m[1minfo     [0m] [1m🛑 Worker cancelled            [0m [[0m[1m[34mworkers.proxy_pool[0m][0m [36mworker_id[0m=[35mworker_0[0m [36mworker_status[0m=[35mCANCELLED[0m
2025-09-22 14:49:59,697 - workers.proxy_pool - INFO - _worker_loop:437 - [2m2025-09-22T09:19:59.697420Z[0m [[32m[1minfo     [0m] [1m🔴 Worker stopped              [0m [[0m[1m[34mworkers.proxy_pool[0m][0m [36mfinal_stats[0m=[35m{'requests_processed': 13, 'requests_failed': 13, 'requests_retried': 0}[0m [36mworker_id[0m=[35mworker_0[0m [36mworker_status[0m=[35mSTOPPED[0m
2025-09-22 14:49:59,698 - workers.proxy_pool - INFO - _worker_loop:423 - [2m2025-09-22T09:19:59.698421Z[0m [[32m[1minfo     [0m] [1m🛑 Worker cancelled            [0m [[0m[1m[34mworkers.proxy_pool[0m][0m [36mworker_id[0m=[35mworker_1[0m [36mworker_status[0m=[35mCANCELLED[0m
2025-09-22 14:49:59,699 - workers.proxy_pool - INFO - _worker_loop:437 - [2m2025-09-22T09:19:59.699422Z[0m [[32m[1minfo     [0m] [1m🔴 Worker stopped              [0m [[0m[1m[34mworkers.proxy_pool[0m][0m [36mfinal_stats[0m=[35m{'requests_processed': 8, 'requests_failed': 8, 'requests_retried': 0}[0m [36mworker_id[0m=[35mworker_1[0m [36mworker_status[0m=[35mSTOPPED[0m
2025-09-22 14:49:59,699 - workers.proxy_pool - INFO - _worker_loop:423 - [2m2025-09-22T09:19:59.699422Z[0m [[32m[1minfo     [0m] [1m🛑 Worker cancelled            [0m [[0m[1m[34mworkers.proxy_pool[0m][0m [36mworker_id[0m=[35mworker_2[0m [36mworker_status[0m=[35mCANCELLED[0m
2025-09-22 14:49:59,700 - workers.proxy_pool - INFO - _worker_loop:437 - [2m2025-09-22T09:19:59.700422Z[0m [[32m[1minfo     [0m] [1m🔴 Worker stopped              [0m [[0m[1m[34mworkers.proxy_pool[0m][0m [36mfinal_stats[0m=[35m{'requests_processed': 7, 'requests_failed': 7, 'requests_retried': 0}[0m [36mworker_id[0m=[35mworker_2[0m [36mworker_status[0m=[35mSTOPPED[0m
2025-09-22 14:49:59,700 - httpcore.connection - DEBUG - atrace:87 - close.started
2025-09-22 14:49:59,701 - httpcore.connection - DEBUG - atrace:87 - close.complete
2025-09-22 14:49:59,701 - httpcore.connection - DEBUG - atrace:87 - close.started
2025-09-22 14:49:59,701 - httpcore.connection - DEBUG - atrace:87 - close.complete
2025-09-22 14:49:59,701 - httpcore.connection - DEBUG - atrace:87 - close.started
2025-09-22 14:49:59,703 - httpcore.connection - DEBUG - atrace:87 - close.complete
2025-09-22 14:49:59,703 - workers.proxy_pool - INFO - stop:349 - [2m2025-09-22T09:19:59.703169Z[0m [[32m[1minfo     [0m] [1mProxy pool stopped            [0m [[0m[1m[34mworkers.proxy_pool[0m][0m
2025-09-22 14:49:59,703 - odc.connector - INFO - run:169 - [2m2025-09-22T09:19:59.703490Z[0m [[32m[1minfo     [0m] [1mConnector execution completed successfully[0m [[0m[1m[34modc.connector[0m][0m [36mduration[0m=[35m21.976543[0m [36mentities_processed[0m=[35m0[0m [36mrecords_processed[0m=[35m0[0m
2025-09-22 14:49:59,703 - odc.connector - INFO - _cleanup:408 - [2m2025-09-22T09:19:59.703490Z[0m [[32m[1minfo     [0m] [1mCleaning up connector resources[0m [[0m[1m[34modc.connector[0m][0m
2025-09-22 14:49:59,704 - odc.connector - ERROR - _push_metrics_to_gateway:402 - [2m2025-09-22T09:19:59.704610Z[0m [[31m[1merror    [0m] [1mFailed to push metrics to Push Gateway[0m [[0m[1m[34modc.connector[0m][0m [36merror[0m=[35m"cannot import name 'PUSH_GATEWAY_URL' from 'odc' (C:\\Users\\Mothe Bhuvan Chandra\\Documents\\sap_odata_connector\\odc\\__init__.py)"[0m
