2025-09-22 10:05:54,261 - logging_config - INFO - setup_connector_logging:106 - [2m2025-09-22T04:35:54.261709Z[0m [[32m[1minfo     [0m] [1mSAP OData Connector logging configured[0m [[0m[1m[34mlogging_config[0m][0m [36mlog_file[0m=[35mlogs\sap_odata_connector_20250922_100554.log[0m [36mlog_level[0m=[35mINFO[0m [36mlog_to_file[0m=[35mTrue[0m
2025-09-22 10:05:54,934 - asyncio - DEBUG - __init__:634 - Using proactor: IocpProactor
2025-09-22 10:05:54,936 - connector - INFO - initialize:98 - [2m2025-09-22T04:35:54.936440Z[0m [[32m[1minfo     [0m] [1mInitializing SAP OData Connector[0m [[0m[1m[34mconnector[0m][0m
2025-09-22 10:05:54,945 - connector - INFO - initialize:124 - [2m2025-09-22T04:35:54.945623Z[0m [[32m[1minfo     [0m] [1mConnector initialization completed[0m [[0m[1m[34mconnector[0m][0m
2025-09-22 10:05:54,945 - connector - INFO - run:152 - [2m2025-09-22T04:35:54.945623Z[0m [[32m[1minfo     [0m] [1mStarting SAP OData connector execution[0m [[0m[1m[34mconnector[0m][0m
2025-09-22 10:05:54,948 - connector - INFO - _discovery_phase:187 - [2m2025-09-22T04:35:54.947659Z[0m [[32m[1minfo     [0m] [1mStarting discovery phase      [0m [[0m[1m[34mconnector[0m][0m
2025-09-22 10:05:55,339 - services.metadata - INFO - fetch_metadata:64 - [2m2025-09-22T04:35:55.339108Z[0m [[32m[1minfo     [0m] [1mFetching metadata from OData service[0m [[0m[1m[34mservices.metadata[0m][0m [36murl[0m=[35mhttps://services.odata.org/V4/Northwind/Northwind.svc/$metadata[0m
2025-09-22 10:05:55,345 - httpcore.connection - DEBUG - atrace:87 - connect_tcp.started host='services.odata.org' port=443 local_address=None timeout=30 socket_options=None
2025-09-22 10:05:55,624 - httpcore.connection - DEBUG - atrace:87 - connect_tcp.complete return_value=<httpcore._backends.anyio.AnyIOStream object at 0x0000022F533D2270>
2025-09-22 10:05:55,624 - httpcore.connection - DEBUG - atrace:87 - start_tls.started ssl_context=<ssl.SSLContext object at 0x0000022F533B9350> server_hostname='services.odata.org' timeout=30
2025-09-22 10:05:56,109 - httpcore.connection - DEBUG - atrace:87 - start_tls.complete return_value=<httpcore._backends.anyio.AnyIOStream object at 0x0000022F4E32A540>
2025-09-22 10:05:56,110 - httpcore.http11 - DEBUG - atrace:87 - send_request_headers.started request=<Request [b'GET']>
2025-09-22 10:05:56,110 - httpcore.http11 - DEBUG - atrace:87 - send_request_headers.complete
2025-09-22 10:05:56,110 - httpcore.http11 - DEBUG - atrace:87 - send_request_body.started request=<Request [b'GET']>
2025-09-22 10:05:56,110 - httpcore.http11 - DEBUG - atrace:87 - send_request_body.complete
2025-09-22 10:05:56,110 - httpcore.http11 - DEBUG - atrace:87 - receive_response_headers.started request=<Request [b'GET']>
2025-09-22 10:05:56,384 - httpcore.http11 - DEBUG - atrace:87 - receive_response_headers.complete return_value=(b'HTTP/1.1', 200, b'OK', [(b'Content-Length', b'19406'), (b'Content-Type', b'application/xml;charset=utf-8'), (b'Date', b'Mon, 22 Sep 2025 04:35:58 GMT'), (b'Server', b'Microsoft-IIS/10.0'), (b'Access-Control-Allow-Headers', b'Accept, Origin, Content-Type, MaxDataServiceVersion'), (b'Access-Control-Allow-Methods', b'GET'), (b'Access-Control-Allow-Origin', b'*'), (b'Access-Control-Expose-Headers', b'DataServiceVersion'), (b'Cache-Control', b'private'), (b'Expires', b'Mon, 22 Sep 2025 04:36:58 GMT'), (b'Vary', b'*'), (b'X-Content-Type-Options', b'nosniff'), (b'OData-Version', b'4.0;'), (b'X-AspNet-Version', b'4.0.30319'), (b'X-Powered-By', b'ASP.NET')])
2025-09-22 10:05:56,389 - httpx - INFO - _send_single_request:1740 - HTTP Request: GET https://services.odata.org/V4/Northwind/Northwind.svc/$metadata "HTTP/1.1 200 OK"
2025-09-22 10:05:56,389 - httpcore.http11 - DEBUG - atrace:87 - receive_response_body.started request=<Request [b'GET']>
2025-09-22 10:05:56,632 - httpcore.http11 - DEBUG - atrace:87 - receive_response_body.complete
2025-09-22 10:05:56,632 - httpcore.http11 - DEBUG - atrace:87 - response_closed.started
2025-09-22 10:05:56,632 - httpcore.http11 - DEBUG - atrace:87 - response_closed.complete
2025-09-22 10:05:56,639 - services.metadata - INFO - fetch_metadata:82 - [2m2025-09-22T04:35:56.639549Z[0m [[32m[1minfo     [0m] [1mSuccessfully parsed metadata  [0m [[0m[1m[34mservices.metadata[0m][0m [36mentity_count[0m=[35m26[0m
2025-09-22 10:05:56,639 - httpcore.connection - DEBUG - atrace:87 - close.started
2025-09-22 10:05:56,639 - httpcore.connection - DEBUG - atrace:87 - close.complete
2025-09-22 10:05:56,957 - services.count - INFO - get_entity_counts:34 - [2m2025-09-22T04:35:56.957461Z[0m [[32m[1minfo     [0m] [1mFetching entity counts        [0m [[0m[1m[34mservices.count[0m][0m [36mentity_count[0m=[35m26[0m
2025-09-22 10:05:56,971 - httpcore.connection - DEBUG - atrace:87 - connect_tcp.started host='services.odata.org' port=443 local_address=None timeout=30 socket_options=None
2025-09-22 10:05:56,971 - httpcore.connection - DEBUG - atrace:87 - connect_tcp.started host='services.odata.org' port=443 local_address=None timeout=30 socket_options=None
2025-09-22 10:05:56,971 - httpcore.connection - DEBUG - atrace:87 - connect_tcp.started host='services.odata.org' port=443 local_address=None timeout=30 socket_options=None
2025-09-22 10:05:56,971 - httpcore.connection - DEBUG - atrace:87 - connect_tcp.started host='services.odata.org' port=443 local_address=None timeout=30 socket_options=None
2025-09-22 10:05:56,971 - httpcore.connection - DEBUG - atrace:87 - connect_tcp.started host='services.odata.org' port=443 local_address=None timeout=30 socket_options=None
2025-09-22 10:05:56,971 - httpcore.connection - DEBUG - atrace:87 - connect_tcp.started host='services.odata.org' port=443 local_address=None timeout=30 socket_options=None
2025-09-22 10:05:56,974 - httpcore.connection - DEBUG - atrace:87 - connect_tcp.started host='services.odata.org' port=443 local_address=None timeout=30 socket_options=None
2025-09-22 10:05:56,974 - httpcore.connection - DEBUG - atrace:87 - connect_tcp.started host='services.odata.org' port=443 local_address=None timeout=30 socket_options=None
2025-09-22 10:05:56,974 - httpcore.connection - DEBUG - atrace:87 - connect_tcp.started host='services.odata.org' port=443 local_address=None timeout=30 socket_options=None
2025-09-22 10:05:56,974 - httpcore.connection - DEBUG - atrace:87 - connect_tcp.started host='services.odata.org' port=443 local_address=None timeout=30 socket_options=None
2025-09-22 10:05:56,974 - httpcore.connection - DEBUG - atrace:87 - connect_tcp.started host='services.odata.org' port=443 local_address=None timeout=30 socket_options=None
2025-09-22 10:05:56,974 - httpcore.connection - DEBUG - atrace:87 - connect_tcp.started host='services.odata.org' port=443 local_address=None timeout=30 socket_options=None
2025-09-22 10:05:56,974 - httpcore.connection - DEBUG - atrace:87 - connect_tcp.started host='services.odata.org' port=443 local_address=None timeout=30 socket_options=None
2025-09-22 10:05:56,974 - httpcore.connection - DEBUG - atrace:87 - connect_tcp.started host='services.odata.org' port=443 local_address=None timeout=30 socket_options=None
2025-09-22 10:05:56,974 - httpcore.connection - DEBUG - atrace:87 - connect_tcp.started host='services.odata.org' port=443 local_address=None timeout=30 socket_options=None
2025-09-22 10:05:56,974 - httpcore.connection - DEBUG - atrace:87 - connect_tcp.started host='services.odata.org' port=443 local_address=None timeout=30 socket_options=None
2025-09-22 10:05:56,974 - httpcore.connection - DEBUG - atrace:87 - connect_tcp.started host='services.odata.org' port=443 local_address=None timeout=30 socket_options=None
2025-09-22 10:05:56,974 - httpcore.connection - DEBUG - atrace:87 - connect_tcp.started host='services.odata.org' port=443 local_address=None timeout=30 socket_options=None
2025-09-22 10:05:56,974 - httpcore.connection - DEBUG - atrace:87 - connect_tcp.started host='services.odata.org' port=443 local_address=None timeout=30 socket_options=None
2025-09-22 10:05:56,980 - httpcore.connection - DEBUG - atrace:87 - connect_tcp.started host='services.odata.org' port=443 local_address=None timeout=30 socket_options=None
2025-09-22 10:05:56,980 - httpcore.connection - DEBUG - atrace:87 - connect_tcp.started host='services.odata.org' port=443 local_address=None timeout=30 socket_options=None
2025-09-22 10:05:56,980 - httpcore.connection - DEBUG - atrace:87 - connect_tcp.started host='services.odata.org' port=443 local_address=None timeout=30 socket_options=None
2025-09-22 10:05:56,980 - httpcore.connection - DEBUG - atrace:87 - connect_tcp.started host='services.odata.org' port=443 local_address=None timeout=30 socket_options=None
2025-09-22 10:05:56,980 - httpcore.connection - DEBUG - atrace:87 - connect_tcp.started host='services.odata.org' port=443 local_address=None timeout=30 socket_options=None
2025-09-22 10:05:56,981 - httpcore.connection - DEBUG - atrace:87 - connect_tcp.started host='services.odata.org' port=443 local_address=None timeout=30 socket_options=None
2025-09-22 10:05:56,981 - httpcore.connection - DEBUG - atrace:87 - connect_tcp.started host='services.odata.org' port=443 local_address=None timeout=30 socket_options=None
2025-09-22 10:05:57,245 - httpcore.connection - DEBUG - atrace:87 - connect_tcp.complete return_value=<httpcore._backends.anyio.AnyIOStream object at 0x0000022F53447830>
2025-09-22 10:05:57,245 - httpcore.connection - DEBUG - atrace:87 - start_tls.started ssl_context=<ssl.SSLContext object at 0x0000022F533BA150> server_hostname='services.odata.org' timeout=30
2025-09-22 10:05:57,245 - httpcore.connection - DEBUG - atrace:87 - connect_tcp.complete return_value=<httpcore._backends.anyio.AnyIOStream object at 0x0000022F5348AA50>
2025-09-22 10:05:57,245 - httpcore.connection - DEBUG - atrace:87 - start_tls.started ssl_context=<ssl.SSLContext object at 0x0000022F533BA150> server_hostname='services.odata.org' timeout=30
2025-09-22 10:05:57,245 - httpcore.connection - DEBUG - atrace:87 - connect_tcp.complete return_value=<httpcore._backends.anyio.AnyIOStream object at 0x0000022F53489190>
2025-09-22 10:05:57,245 - httpcore.connection - DEBUG - atrace:87 - start_tls.started ssl_context=<ssl.SSLContext object at 0x0000022F533BA150> server_hostname='services.odata.org' timeout=30
2025-09-22 10:05:57,245 - httpcore.connection - DEBUG - atrace:87 - connect_tcp.complete return_value=<httpcore._backends.anyio.AnyIOStream object at 0x0000022F5348BCB0>
2025-09-22 10:05:57,245 - httpcore.connection - DEBUG - atrace:87 - start_tls.started ssl_context=<ssl.SSLContext object at 0x0000022F533BA150> server_hostname='services.odata.org' timeout=30
2025-09-22 10:05:57,245 - httpcore.connection - DEBUG - atrace:87 - connect_tcp.complete return_value=<httpcore._backends.anyio.AnyIOStream object at 0x0000022F534EF590>
2025-09-22 10:05:57,245 - httpcore.connection - DEBUG - atrace:87 - start_tls.started ssl_context=<ssl.SSLContext object at 0x0000022F533BA150> server_hostname='services.odata.org' timeout=30
2025-09-22 10:05:57,251 - httpcore.connection - DEBUG - atrace:87 - connect_tcp.complete return_value=<httpcore._backends.anyio.AnyIOStream object at 0x0000022F534B7E90>
2025-09-22 10:05:57,251 - httpcore.connection - DEBUG - atrace:87 - start_tls.started ssl_context=<ssl.SSLContext object at 0x0000022F533BA150> server_hostname='services.odata.org' timeout=30
2025-09-22 10:05:57,251 - httpcore.connection - DEBUG - atrace:87 - connect_tcp.complete return_value=<httpcore._backends.anyio.AnyIOStream object at 0x0000022F534B6AE0>
2025-09-22 10:05:57,251 - httpcore.connection - DEBUG - atrace:87 - start_tls.started ssl_context=<ssl.SSLContext object at 0x0000022F533BA150> server_hostname='services.odata.org' timeout=30
2025-09-22 10:05:57,251 - httpcore.connection - DEBUG - atrace:87 - connect_tcp.complete return_value=<httpcore._backends.anyio.AnyIOStream object at 0x0000022F534B50A0>
2025-09-22 10:05:57,251 - httpcore.connection - DEBUG - atrace:87 - start_tls.started ssl_context=<ssl.SSLContext object at 0x0000022F533BA150> server_hostname='services.odata.org' timeout=30
2025-09-22 10:05:57,257 - httpcore.connection - DEBUG - atrace:87 - connect_tcp.complete return_value=<httpcore._backends.anyio.AnyIOStream object at 0x0000022F534B4380>
2025-09-22 10:05:57,257 - httpcore.connection - DEBUG - atrace:87 - start_tls.started ssl_context=<ssl.SSLContext object at 0x0000022F533BA150> server_hostname='services.odata.org' timeout=30
2025-09-22 10:05:57,257 - httpcore.connection - DEBUG - atrace:87 - connect_tcp.complete return_value=<httpcore._backends.anyio.AnyIOStream object at 0x0000022F53489DF0>
2025-09-22 10:05:57,257 - httpcore.connection - DEBUG - atrace:87 - start_tls.started ssl_context=<ssl.SSLContext object at 0x0000022F533BA150> server_hostname='services.odata.org' timeout=30
2025-09-22 10:05:57,257 - httpcore.connection - DEBUG - atrace:87 - connect_tcp.complete return_value=<httpcore._backends.anyio.AnyIOStream object at 0x0000022F534897C0>
2025-09-22 10:05:57,257 - httpcore.connection - DEBUG - atrace:87 - start_tls.started ssl_context=<ssl.SSLContext object at 0x0000022F533BA150> server_hostname='services.odata.org' timeout=30
2025-09-22 10:05:57,257 - httpcore.connection - DEBUG - atrace:87 - connect_tcp.complete return_value=<httpcore._backends.anyio.AnyIOStream object at 0x0000022F5348B080>
2025-09-22 10:05:57,257 - httpcore.connection - DEBUG - atrace:87 - start_tls.started ssl_context=<ssl.SSLContext object at 0x0000022F533BA150> server_hostname='services.odata.org' timeout=30
2025-09-22 10:05:57,257 - httpcore.connection - DEBUG - atrace:87 - connect_tcp.complete return_value=<httpcore._backends.anyio.AnyIOStream object at 0x0000022F5348A420>
2025-09-22 10:05:57,257 - httpcore.connection - DEBUG - atrace:87 - start_tls.started ssl_context=<ssl.SSLContext object at 0x0000022F533BA150> server_hostname='services.odata.org' timeout=30
2025-09-22 10:05:57,257 - httpcore.connection - DEBUG - atrace:87 - connect_tcp.complete return_value=<httpcore._backends.anyio.AnyIOStream object at 0x0000022F53488B60>
2025-09-22 10:05:57,257 - httpcore.connection - DEBUG - atrace:87 - start_tls.started ssl_context=<ssl.SSLContext object at 0x0000022F533BA150> server_hostname='services.odata.org' timeout=30
2025-09-22 10:05:57,257 - httpcore.connection - DEBUG - atrace:87 - connect_tcp.complete return_value=<httpcore._backends.anyio.AnyIOStream object at 0x0000022F534B7170>
2025-09-22 10:05:57,257 - httpcore.connection - DEBUG - atrace:87 - start_tls.started ssl_context=<ssl.SSLContext object at 0x0000022F533BA150> server_hostname='services.odata.org' timeout=30
2025-09-22 10:05:57,257 - httpcore.connection - DEBUG - atrace:87 - connect_tcp.complete return_value=<httpcore._backends.anyio.AnyIOStream object at 0x0000022F534B4A10>
2025-09-22 10:05:57,257 - httpcore.connection - DEBUG - atrace:87 - start_tls.started ssl_context=<ssl.SSLContext object at 0x0000022F533BA150> server_hostname='services.odata.org' timeout=30
2025-09-22 10:05:57,257 - httpcore.connection - DEBUG - atrace:87 - connect_tcp.complete return_value=<httpcore._backends.anyio.AnyIOStream object at 0x0000022F534C0BF0>
2025-09-22 10:05:57,257 - httpcore.connection - DEBUG - atrace:87 - start_tls.started ssl_context=<ssl.SSLContext object at 0x0000022F533BA150> server_hostname='services.odata.org' timeout=30
2025-09-22 10:05:57,257 - httpcore.connection - DEBUG - atrace:87 - connect_tcp.complete return_value=<httpcore._backends.anyio.AnyIOStream object at 0x0000022F534C1B80>
2025-09-22 10:05:57,257 - httpcore.connection - DEBUG - atrace:87 - start_tls.started ssl_context=<ssl.SSLContext object at 0x0000022F533BA150> server_hostname='services.odata.org' timeout=30
2025-09-22 10:05:57,257 - httpcore.connection - DEBUG - atrace:87 - connect_tcp.complete return_value=<httpcore._backends.anyio.AnyIOStream object at 0x0000022F5348B680>
2025-09-22 10:05:57,257 - httpcore.connection - DEBUG - atrace:87 - start_tls.started ssl_context=<ssl.SSLContext object at 0x0000022F533BA150> server_hostname='services.odata.org' timeout=30
2025-09-22 10:05:57,257 - httpcore.connection - DEBUG - atrace:87 - connect_tcp.complete return_value=<httpcore._backends.anyio.AnyIOStream object at 0x0000022F534883E0>
2025-09-22 10:05:57,257 - httpcore.connection - DEBUG - atrace:87 - start_tls.started ssl_context=<ssl.SSLContext object at 0x0000022F533BA150> server_hostname='services.odata.org' timeout=30
2025-09-22 10:05:57,257 - httpcore.connection - DEBUG - atrace:87 - connect_tcp.complete return_value=<httpcore._backends.anyio.AnyIOStream object at 0x0000022F51D36180>
2025-09-22 10:05:57,257 - httpcore.connection - DEBUG - atrace:87 - start_tls.started ssl_context=<ssl.SSLContext object at 0x0000022F533BA150> server_hostname='services.odata.org' timeout=30
2025-09-22 10:05:57,257 - httpcore.connection - DEBUG - atrace:87 - connect_tcp.complete return_value=<httpcore._backends.anyio.AnyIOStream object at 0x0000022F534C0560>
2025-09-22 10:05:57,257 - httpcore.connection - DEBUG - atrace:87 - start_tls.started ssl_context=<ssl.SSLContext object at 0x0000022F533BA150> server_hostname='services.odata.org' timeout=30
2025-09-22 10:05:57,257 - httpcore.connection - DEBUG - atrace:87 - connect_tcp.complete return_value=<httpcore._backends.anyio.AnyIOStream object at 0x0000022F534B7800>
2025-09-22 10:05:57,257 - httpcore.connection - DEBUG - atrace:87 - start_tls.started ssl_context=<ssl.SSLContext object at 0x0000022F533BA150> server_hostname='services.odata.org' timeout=30
2025-09-22 10:05:57,257 - httpcore.connection - DEBUG - atrace:87 - connect_tcp.complete return_value=<httpcore._backends.anyio.AnyIOStream object at 0x0000022F534B5730>
2025-09-22 10:05:57,257 - httpcore.connection - DEBUG - atrace:87 - start_tls.started ssl_context=<ssl.SSLContext object at 0x0000022F533BA150> server_hostname='services.odata.org' timeout=30
2025-09-22 10:05:57,257 - httpcore.connection - DEBUG - atrace:87 - connect_tcp.complete return_value=<httpcore._backends.anyio.AnyIOStream object at 0x0000022F534B5DC0>
2025-09-22 10:05:57,257 - httpcore.connection - DEBUG - atrace:87 - start_tls.started ssl_context=<ssl.SSLContext object at 0x0000022F533BA150> server_hostname='services.odata.org' timeout=30
2025-09-22 10:05:57,257 - httpcore.connection - DEBUG - atrace:87 - connect_tcp.complete return_value=<httpcore._backends.anyio.AnyIOStream object at 0x0000022F534B6450>
2025-09-22 10:05:57,257 - httpcore.connection - DEBUG - atrace:87 - start_tls.started ssl_context=<ssl.SSLContext object at 0x0000022F533BA150> server_hostname='services.odata.org' timeout=30
2025-09-22 10:05:57,886 - httpcore.connection - DEBUG - atrace:87 - start_tls.complete return_value=<httpcore._backends.anyio.AnyIOStream object at 0x0000022F534B77D0>
2025-09-22 10:05:57,886 - httpcore.connection - DEBUG - atrace:87 - start_tls.complete return_value=<httpcore._backends.anyio.AnyIOStream object at 0x0000022F5348B020>
2025-09-22 10:05:57,908 - httpcore.http11 - DEBUG - atrace:87 - send_request_headers.started request=<Request [b'GET']>
2025-09-22 10:05:57,908 - httpcore.http11 - DEBUG - atrace:87 - send_request_headers.started request=<Request [b'GET']>
2025-09-22 10:05:57,909 - httpcore.connection - DEBUG - atrace:87 - start_tls.complete return_value=<httpcore._backends.anyio.AnyIOStream object at 0x0000022F5348A3C0>
2025-09-22 10:05:57,909 - httpcore.connection - DEBUG - atrace:87 - start_tls.complete return_value=<httpcore._backends.anyio.AnyIOStream object at 0x0000022F534B5070>
2025-09-22 10:05:57,909 - httpcore.connection - DEBUG - atrace:87 - start_tls.complete return_value=<httpcore._backends.anyio.AnyIOStream object at 0x0000022F534C12E0>
2025-09-22 10:05:57,910 - httpcore.connection - DEBUG - atrace:87 - start_tls.complete return_value=<httpcore._backends.anyio.AnyIOStream object at 0x0000022F534B4AA0>
2025-09-22 10:05:57,996 - httpcore.http11 - DEBUG - atrace:87 - send_request_headers.complete
2025-09-22 10:05:57,996 - httpcore.http11 - DEBUG - atrace:87 - send_request_body.started request=<Request [b'GET']>
2025-09-22 10:05:57,996 - httpcore.http11 - DEBUG - atrace:87 - send_request_body.complete
2025-09-22 10:05:57,996 - httpcore.http11 - DEBUG - atrace:87 - receive_response_headers.started request=<Request [b'GET']>
2025-09-22 10:05:57,996 - httpcore.http11 - DEBUG - atrace:87 - send_request_headers.complete
2025-09-22 10:05:57,996 - httpcore.http11 - DEBUG - atrace:87 - send_request_body.started request=<Request [b'GET']>
2025-09-22 10:05:57,996 - httpcore.http11 - DEBUG - atrace:87 - send_request_body.complete
2025-09-22 10:05:57,996 - httpcore.http11 - DEBUG - atrace:87 - receive_response_headers.started request=<Request [b'GET']>
2025-09-22 10:05:57,996 - httpcore.http11 - DEBUG - atrace:87 - send_request_headers.started request=<Request [b'GET']>
2025-09-22 10:05:57,996 - httpcore.http11 - DEBUG - atrace:87 - send_request_headers.started request=<Request [b'GET']>
2025-09-22 10:05:57,996 - httpcore.http11 - DEBUG - atrace:87 - send_request_headers.started request=<Request [b'GET']>
2025-09-22 10:05:57,996 - httpcore.http11 - DEBUG - atrace:87 - send_request_headers.started request=<Request [b'GET']>
2025-09-22 10:05:57,996 - httpcore.connection - DEBUG - atrace:87 - start_tls.complete return_value=<httpcore._backends.anyio.AnyIOStream object at 0x0000022F534B4350>
2025-09-22 10:05:57,996 - httpcore.connection - DEBUG - atrace:87 - start_tls.complete return_value=<httpcore._backends.anyio.AnyIOStream object at 0x0000022F534B7140>
2025-09-22 10:05:57,996 - httpcore.connection - DEBUG - atrace:87 - start_tls.complete return_value=<httpcore._backends.anyio.AnyIOStream object at 0x0000022F534B5700>
2025-09-22 10:05:57,996 - httpcore.connection - DEBUG - atrace:87 - start_tls.complete return_value=<httpcore._backends.anyio.AnyIOStream object at 0x0000022F53489760>
2025-09-22 10:05:57,996 - httpcore.connection - DEBUG - atrace:87 - start_tls.complete return_value=<httpcore._backends.anyio.AnyIOStream object at 0x0000022F534EF6E0>
2025-09-22 10:05:57,996 - httpcore.connection - DEBUG - atrace:87 - start_tls.complete return_value=<httpcore._backends.anyio.AnyIOStream object at 0x0000022F534B49E0>
2025-09-22 10:05:57,996 - httpcore.connection - DEBUG - atrace:87 - start_tls.complete return_value=<httpcore._backends.anyio.AnyIOStream object at 0x0000022F53489D90>
2025-09-22 10:05:57,996 - httpcore.connection - DEBUG - atrace:87 - start_tls.complete return_value=<httpcore._backends.anyio.AnyIOStream object at 0x0000022F5348A9F0>
2025-09-22 10:05:57,996 - httpcore.connection - DEBUG - atrace:87 - start_tls.complete return_value=<httpcore._backends.anyio.AnyIOStream object at 0x0000022F53489130>
2025-09-22 10:05:57,996 - httpcore.connection - DEBUG - atrace:87 - start_tls.complete return_value=<httpcore._backends.anyio.AnyIOStream object at 0x0000022F534B7E60>
2025-09-22 10:05:57,996 - httpcore.connection - DEBUG - atrace:87 - start_tls.complete return_value=<httpcore._backends.anyio.AnyIOStream object at 0x0000022F534B6420>
2025-09-22 10:05:57,996 - httpcore.connection - DEBUG - atrace:87 - start_tls.complete return_value=<httpcore._backends.anyio.AnyIOStream object at 0x0000022F5348BC80>
2025-09-22 10:05:57,996 - httpcore.connection - DEBUG - atrace:87 - start_tls.complete return_value=<httpcore._backends.anyio.AnyIOStream object at 0x0000022F534B6AB0>
2025-09-22 10:05:57,996 - httpcore.connection - DEBUG - atrace:87 - start_tls.complete return_value=<httpcore._backends.anyio.AnyIOStream object at 0x0000022F53488B00>
2025-09-22 10:05:57,996 - httpcore.connection - DEBUG - atrace:87 - start_tls.complete return_value=<httpcore._backends.anyio.AnyIOStream object at 0x0000022F534C22A0>
2025-09-22 10:05:57,996 - httpcore.connection - DEBUG - atrace:87 - start_tls.complete return_value=<httpcore._backends.anyio.AnyIOStream object at 0x0000022F534C1AF0>
2025-09-22 10:05:57,996 - httpcore.connection - DEBUG - atrace:87 - start_tls.complete return_value=<httpcore._backends.anyio.AnyIOStream object at 0x0000022F5348B650>
2025-09-22 10:05:57,996 - httpcore.connection - DEBUG - atrace:87 - start_tls.complete return_value=<httpcore._backends.anyio.AnyIOStream object at 0x0000022F534C0BC0>
2025-09-22 10:05:57,996 - httpcore.connection - DEBUG - atrace:87 - start_tls.complete return_value=<httpcore._backends.anyio.AnyIOStream object at 0x0000022F534463F0>
2025-09-22 10:05:57,996 - httpcore.connection - DEBUG - atrace:87 - start_tls.complete return_value=<httpcore._backends.anyio.AnyIOStream object at 0x0000022F534B5D90>
2025-09-22 10:05:57,996 - httpcore.http11 - DEBUG - atrace:87 - send_request_headers.complete
2025-09-22 10:05:57,996 - httpcore.http11 - DEBUG - atrace:87 - send_request_body.started request=<Request [b'GET']>
2025-09-22 10:05:58,000 - httpcore.http11 - DEBUG - atrace:87 - send_request_body.complete
2025-09-22 10:05:58,000 - httpcore.http11 - DEBUG - atrace:87 - receive_response_headers.started request=<Request [b'GET']>
2025-09-22 10:05:58,000 - httpcore.http11 - DEBUG - atrace:87 - send_request_headers.complete
2025-09-22 10:05:58,000 - httpcore.http11 - DEBUG - atrace:87 - send_request_body.started request=<Request [b'GET']>
2025-09-22 10:05:58,000 - httpcore.http11 - DEBUG - atrace:87 - send_request_body.complete
2025-09-22 10:05:58,000 - httpcore.http11 - DEBUG - atrace:87 - receive_response_headers.started request=<Request [b'GET']>
2025-09-22 10:05:58,000 - httpcore.http11 - DEBUG - atrace:87 - send_request_headers.complete
2025-09-22 10:05:58,000 - httpcore.http11 - DEBUG - atrace:87 - send_request_body.started request=<Request [b'GET']>
2025-09-22 10:05:58,000 - httpcore.http11 - DEBUG - atrace:87 - send_request_body.complete
2025-09-22 10:05:58,000 - httpcore.http11 - DEBUG - atrace:87 - receive_response_headers.started request=<Request [b'GET']>
2025-09-22 10:05:58,000 - httpcore.http11 - DEBUG - atrace:87 - send_request_headers.complete
2025-09-22 10:05:58,000 - httpcore.http11 - DEBUG - atrace:87 - send_request_body.started request=<Request [b'GET']>
2025-09-22 10:05:58,000 - httpcore.http11 - DEBUG - atrace:87 - send_request_body.complete
2025-09-22 10:05:58,000 - httpcore.http11 - DEBUG - atrace:87 - receive_response_headers.started request=<Request [b'GET']>
2025-09-22 10:05:58,000 - httpcore.http11 - DEBUG - atrace:87 - send_request_headers.started request=<Request [b'GET']>
2025-09-22 10:05:58,000 - httpcore.http11 - DEBUG - atrace:87 - send_request_headers.started request=<Request [b'GET']>
2025-09-22 10:05:58,000 - httpcore.http11 - DEBUG - atrace:87 - send_request_headers.started request=<Request [b'GET']>
2025-09-22 10:05:58,000 - httpcore.http11 - DEBUG - atrace:87 - send_request_headers.started request=<Request [b'GET']>
2025-09-22 10:05:58,000 - httpcore.http11 - DEBUG - atrace:87 - send_request_headers.started request=<Request [b'GET']>
2025-09-22 10:05:58,000 - httpcore.http11 - DEBUG - atrace:87 - send_request_headers.started request=<Request [b'GET']>
2025-09-22 10:05:58,000 - httpcore.http11 - DEBUG - atrace:87 - send_request_headers.started request=<Request [b'GET']>
2025-09-22 10:05:58,000 - httpcore.http11 - DEBUG - atrace:87 - send_request_headers.started request=<Request [b'GET']>
2025-09-22 10:05:58,000 - httpcore.http11 - DEBUG - atrace:87 - send_request_headers.started request=<Request [b'GET']>
2025-09-22 10:05:58,000 - httpcore.http11 - DEBUG - atrace:87 - send_request_headers.started request=<Request [b'GET']>
2025-09-22 10:05:58,000 - httpcore.http11 - DEBUG - atrace:87 - send_request_headers.started request=<Request [b'GET']>
2025-09-22 10:05:58,000 - httpcore.http11 - DEBUG - atrace:87 - send_request_headers.started request=<Request [b'GET']>
2025-09-22 10:05:58,000 - httpcore.http11 - DEBUG - atrace:87 - send_request_headers.started request=<Request [b'GET']>
2025-09-22 10:05:58,000 - httpcore.http11 - DEBUG - atrace:87 - send_request_headers.started request=<Request [b'GET']>
2025-09-22 10:05:58,000 - httpcore.http11 - DEBUG - atrace:87 - send_request_headers.started request=<Request [b'GET']>
2025-09-22 10:05:58,000 - httpcore.http11 - DEBUG - atrace:87 - send_request_headers.started request=<Request [b'GET']>
2025-09-22 10:05:58,000 - httpcore.http11 - DEBUG - atrace:87 - send_request_headers.started request=<Request [b'GET']>
2025-09-22 10:05:58,000 - httpcore.http11 - DEBUG - atrace:87 - send_request_headers.started request=<Request [b'GET']>
2025-09-22 10:05:58,000 - httpcore.http11 - DEBUG - atrace:87 - send_request_headers.started request=<Request [b'GET']>
2025-09-22 10:05:58,000 - httpcore.http11 - DEBUG - atrace:87 - send_request_headers.started request=<Request [b'GET']>
2025-09-22 10:05:58,000 - httpcore.http11 - DEBUG - atrace:87 - send_request_headers.complete
2025-09-22 10:05:58,000 - httpcore.http11 - DEBUG - atrace:87 - send_request_body.started request=<Request [b'GET']>
2025-09-22 10:05:58,000 - httpcore.http11 - DEBUG - atrace:87 - send_request_body.complete
2025-09-22 10:05:58,000 - httpcore.http11 - DEBUG - atrace:87 - receive_response_headers.started request=<Request [b'GET']>
2025-09-22 10:05:58,000 - httpcore.http11 - DEBUG - atrace:87 - send_request_headers.complete
2025-09-22 10:05:58,000 - httpcore.http11 - DEBUG - atrace:87 - send_request_body.started request=<Request [b'GET']>
2025-09-22 10:05:58,000 - httpcore.http11 - DEBUG - atrace:87 - send_request_body.complete
2025-09-22 10:05:58,000 - httpcore.http11 - DEBUG - atrace:87 - receive_response_headers.started request=<Request [b'GET']>
2025-09-22 10:05:58,000 - httpcore.http11 - DEBUG - atrace:87 - send_request_headers.complete
2025-09-22 10:05:58,000 - httpcore.http11 - DEBUG - atrace:87 - send_request_body.started request=<Request [b'GET']>
2025-09-22 10:05:58,000 - httpcore.http11 - DEBUG - atrace:87 - send_request_body.complete
2025-09-22 10:05:58,000 - httpcore.http11 - DEBUG - atrace:87 - receive_response_headers.started request=<Request [b'GET']>
2025-09-22 10:05:58,000 - httpcore.http11 - DEBUG - atrace:87 - send_request_headers.complete
2025-09-22 10:05:58,000 - httpcore.http11 - DEBUG - atrace:87 - send_request_body.started request=<Request [b'GET']>
2025-09-22 10:05:58,000 - httpcore.http11 - DEBUG - atrace:87 - send_request_body.complete
2025-09-22 10:05:58,000 - httpcore.http11 - DEBUG - atrace:87 - receive_response_headers.started request=<Request [b'GET']>
2025-09-22 10:05:58,000 - httpcore.http11 - DEBUG - atrace:87 - send_request_headers.complete
2025-09-22 10:05:58,000 - httpcore.http11 - DEBUG - atrace:87 - send_request_body.started request=<Request [b'GET']>
2025-09-22 10:05:58,000 - httpcore.http11 - DEBUG - atrace:87 - send_request_body.complete
2025-09-22 10:05:58,000 - httpcore.http11 - DEBUG - atrace:87 - receive_response_headers.started request=<Request [b'GET']>
2025-09-22 10:05:58,000 - httpcore.http11 - DEBUG - atrace:87 - send_request_headers.complete
2025-09-22 10:05:58,000 - httpcore.http11 - DEBUG - atrace:87 - send_request_body.started request=<Request [b'GET']>
2025-09-22 10:05:58,000 - httpcore.http11 - DEBUG - atrace:87 - send_request_body.complete
2025-09-22 10:05:58,000 - httpcore.http11 - DEBUG - atrace:87 - receive_response_headers.started request=<Request [b'GET']>
2025-09-22 10:05:58,000 - httpcore.http11 - DEBUG - atrace:87 - send_request_headers.complete
2025-09-22 10:05:58,000 - httpcore.http11 - DEBUG - atrace:87 - send_request_body.started request=<Request [b'GET']>
2025-09-22 10:05:58,000 - httpcore.http11 - DEBUG - atrace:87 - send_request_body.complete
2025-09-22 10:05:58,000 - httpcore.http11 - DEBUG - atrace:87 - receive_response_headers.started request=<Request [b'GET']>
2025-09-22 10:05:58,000 - httpcore.http11 - DEBUG - atrace:87 - send_request_headers.complete
2025-09-22 10:05:58,000 - httpcore.http11 - DEBUG - atrace:87 - send_request_body.started request=<Request [b'GET']>
2025-09-22 10:05:58,000 - httpcore.http11 - DEBUG - atrace:87 - send_request_body.complete
2025-09-22 10:05:58,000 - httpcore.http11 - DEBUG - atrace:87 - receive_response_headers.started request=<Request [b'GET']>
2025-09-22 10:05:58,000 - httpcore.http11 - DEBUG - atrace:87 - send_request_headers.complete
2025-09-22 10:05:58,000 - httpcore.http11 - DEBUG - atrace:87 - send_request_body.started request=<Request [b'GET']>
2025-09-22 10:05:58,000 - httpcore.http11 - DEBUG - atrace:87 - send_request_body.complete
2025-09-22 10:05:58,000 - httpcore.http11 - DEBUG - atrace:87 - receive_response_headers.started request=<Request [b'GET']>
2025-09-22 10:05:58,000 - httpcore.http11 - DEBUG - atrace:87 - send_request_headers.complete
2025-09-22 10:05:58,000 - httpcore.http11 - DEBUG - atrace:87 - send_request_body.started request=<Request [b'GET']>
2025-09-22 10:05:58,000 - httpcore.http11 - DEBUG - atrace:87 - send_request_body.complete
2025-09-22 10:05:58,000 - httpcore.http11 - DEBUG - atrace:87 - receive_response_headers.started request=<Request [b'GET']>
2025-09-22 10:05:58,000 - httpcore.http11 - DEBUG - atrace:87 - send_request_headers.complete
2025-09-22 10:05:58,000 - httpcore.http11 - DEBUG - atrace:87 - send_request_body.started request=<Request [b'GET']>
2025-09-22 10:05:58,000 - httpcore.http11 - DEBUG - atrace:87 - send_request_body.complete
2025-09-22 10:05:58,000 - httpcore.http11 - DEBUG - atrace:87 - receive_response_headers.started request=<Request [b'GET']>
2025-09-22 10:05:58,000 - httpcore.http11 - DEBUG - atrace:87 - send_request_headers.complete
2025-09-22 10:05:58,000 - httpcore.http11 - DEBUG - atrace:87 - send_request_body.started request=<Request [b'GET']>
2025-09-22 10:05:58,000 - httpcore.http11 - DEBUG - atrace:87 - send_request_body.complete
2025-09-22 10:05:58,000 - httpcore.http11 - DEBUG - atrace:87 - receive_response_headers.started request=<Request [b'GET']>
2025-09-22 10:05:58,000 - httpcore.http11 - DEBUG - atrace:87 - send_request_headers.complete
2025-09-22 10:05:58,000 - httpcore.http11 - DEBUG - atrace:87 - send_request_body.started request=<Request [b'GET']>
2025-09-22 10:05:58,000 - httpcore.http11 - DEBUG - atrace:87 - send_request_body.complete
2025-09-22 10:05:58,000 - httpcore.http11 - DEBUG - atrace:87 - receive_response_headers.started request=<Request [b'GET']>
2025-09-22 10:05:58,000 - httpcore.http11 - DEBUG - atrace:87 - send_request_headers.complete
2025-09-22 10:05:58,000 - httpcore.http11 - DEBUG - atrace:87 - send_request_body.started request=<Request [b'GET']>
2025-09-22 10:05:58,000 - httpcore.http11 - DEBUG - atrace:87 - send_request_body.complete
2025-09-22 10:05:58,000 - httpcore.http11 - DEBUG - atrace:87 - receive_response_headers.started request=<Request [b'GET']>
2025-09-22 10:05:58,000 - httpcore.http11 - DEBUG - atrace:87 - send_request_headers.complete
2025-09-22 10:05:58,000 - httpcore.http11 - DEBUG - atrace:87 - send_request_body.started request=<Request [b'GET']>
2025-09-22 10:05:58,000 - httpcore.http11 - DEBUG - atrace:87 - send_request_body.complete
2025-09-22 10:05:58,000 - httpcore.http11 - DEBUG - atrace:87 - receive_response_headers.started request=<Request [b'GET']>
2025-09-22 10:05:58,000 - httpcore.http11 - DEBUG - atrace:87 - send_request_headers.complete
2025-09-22 10:05:58,000 - httpcore.http11 - DEBUG - atrace:87 - send_request_body.started request=<Request [b'GET']>
2025-09-22 10:05:58,000 - httpcore.http11 - DEBUG - atrace:87 - send_request_body.complete
2025-09-22 10:05:58,000 - httpcore.http11 - DEBUG - atrace:87 - receive_response_headers.started request=<Request [b'GET']>
2025-09-22 10:05:58,000 - httpcore.http11 - DEBUG - atrace:87 - send_request_headers.complete
2025-09-22 10:05:58,000 - httpcore.http11 - DEBUG - atrace:87 - send_request_body.started request=<Request [b'GET']>
2025-09-22 10:05:58,000 - httpcore.http11 - DEBUG - atrace:87 - send_request_body.complete
2025-09-22 10:05:58,000 - httpcore.http11 - DEBUG - atrace:87 - receive_response_headers.started request=<Request [b'GET']>
2025-09-22 10:05:58,000 - httpcore.http11 - DEBUG - atrace:87 - send_request_headers.complete
2025-09-22 10:05:58,000 - httpcore.http11 - DEBUG - atrace:87 - send_request_body.started request=<Request [b'GET']>
2025-09-22 10:05:58,000 - httpcore.http11 - DEBUG - atrace:87 - send_request_body.complete
2025-09-22 10:05:58,000 - httpcore.http11 - DEBUG - atrace:87 - receive_response_headers.started request=<Request [b'GET']>
2025-09-22 10:05:58,000 - httpcore.http11 - DEBUG - atrace:87 - send_request_headers.complete
2025-09-22 10:05:58,000 - httpcore.http11 - DEBUG - atrace:87 - send_request_body.started request=<Request [b'GET']>
2025-09-22 10:05:58,000 - httpcore.http11 - DEBUG - atrace:87 - send_request_body.complete
2025-09-22 10:05:58,000 - httpcore.http11 - DEBUG - atrace:87 - receive_response_headers.started request=<Request [b'GET']>
2025-09-22 10:05:58,000 - httpcore.http11 - DEBUG - atrace:87 - send_request_headers.complete
2025-09-22 10:05:58,000 - httpcore.http11 - DEBUG - atrace:87 - send_request_body.started request=<Request [b'GET']>
2025-09-22 10:05:58,000 - httpcore.http11 - DEBUG - atrace:87 - send_request_body.complete
2025-09-22 10:05:58,000 - httpcore.http11 - DEBUG - atrace:87 - receive_response_headers.started request=<Request [b'GET']>
2025-09-22 10:05:58,260 - httpcore.http11 - DEBUG - atrace:87 - receive_response_headers.complete return_value=(b'HTTP/1.1', 200, b'OK', [(b'Content-Length', b'122'), (b'Content-Type', b'text/plain;charset=utf-8'), (b'Date', b'Mon, 22 Sep 2025 04:35:59 GMT'), (b'Server', b'Microsoft-IIS/10.0'), (b'Access-Control-Allow-Headers', b'Accept, Origin, Content-Type, MaxDataServiceVersion'), (b'Access-Control-Allow-Methods', b'GET'), (b'Access-Control-Allow-Origin', b'*'), (b'Access-Control-Expose-Headers', b'DataServiceVersion'), (b'Cache-Control', b'private'), (b'Content-Encoding', b'gzip'), (b'Expires', b'Mon, 22 Sep 2025 04:36:59 GMT'), (b'Vary', b'*'), (b'X-Content-Type-Options', b'nosniff'), (b'OData-Version', b'4.0;'), (b'X-AspNet-Version', b'4.0.30319'), (b'X-Powered-By', b'ASP.NET')])
2025-09-22 10:05:58,260 - httpx - INFO - _send_single_request:1740 - HTTP Request: GET https://services.odata.org/V4/Northwind/Northwind.svc/Orders_Qries/$count "HTTP/1.1 200 OK"
2025-09-22 10:05:58,265 - httpcore.http11 - DEBUG - atrace:87 - receive_response_body.started request=<Request [b'GET']>
2025-09-22 10:05:58,265 - httpcore.http11 - DEBUG - atrace:87 - receive_response_body.complete
2025-09-22 10:05:58,265 - httpcore.http11 - DEBUG - atrace:87 - response_closed.started
2025-09-22 10:05:58,265 - httpcore.http11 - DEBUG - atrace:87 - response_closed.complete
2025-09-22 10:05:58,265 - httpcore.connection - DEBUG - atrace:87 - close.started
2025-09-22 10:05:58,265 - httpcore.connection - DEBUG - atrace:87 - close.complete
2025-09-22 10:05:58,783 - httpcore.http11 - DEBUG - atrace:87 - receive_response_headers.complete return_value=(b'HTTP/1.1', 200, b'OK', [(b'Content-Length', b'122'), (b'Content-Type', b'text/plain;charset=utf-8'), (b'Date', b'Mon, 22 Sep 2025 04:36:00 GMT'), (b'Server', b'Microsoft-IIS/10.0'), (b'Access-Control-Allow-Headers', b'Accept, Origin, Content-Type, MaxDataServiceVersion'), (b'Access-Control-Allow-Methods', b'GET'), (b'Access-Control-Allow-Origin', b'*'), (b'Access-Control-Expose-Headers', b'DataServiceVersion'), (b'Cache-Control', b'private'), (b'Content-Encoding', b'gzip'), (b'Expires', b'Mon, 22 Sep 2025 04:37:00 GMT'), (b'Vary', b'*'), (b'X-Content-Type-Options', b'nosniff'), (b'OData-Version', b'4.0;'), (b'X-AspNet-Version', b'4.0.30319'), (b'X-Powered-By', b'ASP.NET')])
2025-09-22 10:05:58,783 - httpx - INFO - _send_single_request:1740 - HTTP Request: GET https://services.odata.org/V4/Northwind/Northwind.svc/Orders/$count "HTTP/1.1 200 OK"
2025-09-22 10:05:58,783 - httpcore.http11 - DEBUG - atrace:87 - receive_response_body.started request=<Request [b'GET']>
2025-09-22 10:05:58,783 - httpcore.http11 - DEBUG - atrace:87 - receive_response_body.complete
2025-09-22 10:05:58,783 - httpcore.http11 - DEBUG - atrace:87 - response_closed.started
2025-09-22 10:05:58,783 - httpcore.http11 - DEBUG - atrace:87 - response_closed.complete
2025-09-22 10:05:58,783 - httpcore.connection - DEBUG - atrace:87 - close.started
2025-09-22 10:05:58,783 - httpcore.connection - DEBUG - atrace:87 - close.complete
2025-09-22 10:05:58,983 - httpcore.http11 - DEBUG - atrace:87 - receive_response_headers.complete return_value=(b'HTTP/1.1', 200, b'OK', [(b'Content-Length', b'122'), (b'Content-Type', b'text/plain;charset=utf-8'), (b'Date', b'Mon, 22 Sep 2025 04:36:00 GMT'), (b'Server', b'Microsoft-IIS/10.0'), (b'Access-Control-Allow-Headers', b'Accept, Origin, Content-Type, MaxDataServiceVersion'), (b'Access-Control-Allow-Methods', b'GET'), (b'Access-Control-Allow-Origin', b'*'), (b'Access-Control-Expose-Headers', b'DataServiceVersion'), (b'Cache-Control', b'private'), (b'Content-Encoding', b'gzip'), (b'Expires', b'Mon, 22 Sep 2025 04:37:00 GMT'), (b'Vary', b'*'), (b'X-Content-Type-Options', b'nosniff'), (b'OData-Version', b'4.0;'), (b'X-AspNet-Version', b'4.0.30319'), (b'X-Powered-By', b'ASP.NET')])
2025-09-22 10:05:58,983 - httpx - INFO - _send_single_request:1740 - HTTP Request: GET https://services.odata.org/V4/Northwind/Northwind.svc/Alphabetical_list_of_products/$count "HTTP/1.1 200 OK"
2025-09-22 10:05:58,983 - httpcore.http11 - DEBUG - atrace:87 - receive_response_body.started request=<Request [b'GET']>
2025-09-22 10:05:58,983 - httpcore.http11 - DEBUG - atrace:87 - receive_response_body.complete
2025-09-22 10:05:58,983 - httpcore.http11 - DEBUG - atrace:87 - response_closed.started
2025-09-22 10:05:58,983 - httpcore.http11 - DEBUG - atrace:87 - response_closed.complete
2025-09-22 10:05:58,983 - httpcore.connection - DEBUG - atrace:87 - close.started
2025-09-22 10:05:58,983 - httpcore.connection - DEBUG - atrace:87 - close.complete
2025-09-22 10:05:59,383 - httpcore.http11 - DEBUG - atrace:87 - receive_response_headers.complete return_value=(b'HTTP/1.1', 200, b'OK', [(b'Content-Length', b'122'), (b'Content-Type', b'text/plain;charset=utf-8'), (b'Date', b'Mon, 22 Sep 2025 04:36:00 GMT'), (b'Server', b'Microsoft-IIS/10.0'), (b'Access-Control-Allow-Headers', b'Accept, Origin, Content-Type, MaxDataServiceVersion'), (b'Access-Control-Allow-Methods', b'GET'), (b'Access-Control-Allow-Origin', b'*'), (b'Access-Control-Expose-Headers', b'DataServiceVersion'), (b'Cache-Control', b'private'), (b'Content-Encoding', b'gzip'), (b'Expires', b'Mon, 22 Sep 2025 04:36:59 GMT'), (b'Vary', b'*'), (b'X-Content-Type-Options', b'nosniff'), (b'OData-Version', b'4.0;'), (b'X-AspNet-Version', b'4.0.30319'), (b'X-Powered-By', b'ASP.NET')])
2025-09-22 10:05:59,383 - httpx - INFO - _send_single_request:1740 - HTTP Request: GET https://services.odata.org/V4/Northwind/Northwind.svc/Summary_of_Sales_by_Years/$count "HTTP/1.1 200 OK"
2025-09-22 10:05:59,383 - httpcore.http11 - DEBUG - atrace:87 - receive_response_body.started request=<Request [b'GET']>
2025-09-22 10:05:59,383 - httpcore.http11 - DEBUG - atrace:87 - receive_response_body.complete
2025-09-22 10:05:59,383 - httpcore.http11 - DEBUG - atrace:87 - response_closed.started
2025-09-22 10:05:59,383 - httpcore.http11 - DEBUG - atrace:87 - response_closed.complete
2025-09-22 10:05:59,383 - httpcore.connection - DEBUG - atrace:87 - close.started
2025-09-22 10:05:59,388 - httpcore.connection - DEBUG - atrace:87 - close.complete
2025-09-22 10:05:59,446 - httpcore.http11 - DEBUG - atrace:87 - receive_response_headers.complete return_value=(b'HTTP/1.1', 200, b'OK', [(b'Content-Length', b'122'), (b'Content-Type', b'text/plain;charset=utf-8'), (b'Date', b'Mon, 22 Sep 2025 04:36:01 GMT'), (b'Server', b'Microsoft-IIS/10.0'), (b'Access-Control-Allow-Headers', b'Accept, Origin, Content-Type, MaxDataServiceVersion'), (b'Access-Control-Allow-Methods', b'GET'), (b'Access-Control-Allow-Origin', b'*'), (b'Access-Control-Expose-Headers', b'DataServiceVersion'), (b'Cache-Control', b'private'), (b'Content-Encoding', b'gzip'), (b'Expires', b'Mon, 22 Sep 2025 04:37:00 GMT'), (b'Vary', b'*'), (b'X-Content-Type-Options', b'nosniff'), (b'OData-Version', b'4.0;'), (b'X-AspNet-Version', b'4.0.30319'), (b'X-Powered-By', b'ASP.NET')])
2025-09-22 10:05:59,446 - httpx - INFO - _send_single_request:1740 - HTTP Request: GET https://services.odata.org/V4/Northwind/Northwind.svc/Products_by_Categories/$count "HTTP/1.1 200 OK"
2025-09-22 10:05:59,446 - httpcore.http11 - DEBUG - atrace:87 - receive_response_body.started request=<Request [b'GET']>
2025-09-22 10:05:59,446 - httpcore.http11 - DEBUG - atrace:87 - receive_response_body.complete
2025-09-22 10:05:59,446 - httpcore.http11 - DEBUG - atrace:87 - response_closed.started
2025-09-22 10:05:59,446 - httpcore.http11 - DEBUG - atrace:87 - response_closed.complete
2025-09-22 10:05:59,446 - httpcore.connection - DEBUG - atrace:87 - close.started
2025-09-22 10:05:59,446 - httpcore.connection - DEBUG - atrace:87 - close.complete
2025-09-22 10:05:59,477 - httpcore.http11 - DEBUG - atrace:87 - receive_response_headers.complete return_value=(b'HTTP/1.1', 200, b'OK', [(b'Content-Length', b'122'), (b'Content-Type', b'text/plain;charset=utf-8'), (b'Date', b'Mon, 22 Sep 2025 04:36:01 GMT'), (b'Server', b'Microsoft-IIS/10.0'), (b'Access-Control-Allow-Headers', b'Accept, Origin, Content-Type, MaxDataServiceVersion'), (b'Access-Control-Allow-Methods', b'GET'), (b'Access-Control-Allow-Origin', b'*'), (b'Access-Control-Expose-Headers', b'DataServiceVersion'), (b'Cache-Control', b'private'), (b'Content-Encoding', b'gzip'), (b'Expires', b'Mon, 22 Sep 2025 04:37:00 GMT'), (b'Vary', b'*'), (b'X-Content-Type-Options', b'nosniff'), (b'OData-Version', b'4.0;'), (b'X-AspNet-Version', b'4.0.30319'), (b'X-Powered-By', b'ASP.NET')])
2025-09-22 10:05:59,477 - httpx - INFO - _send_single_request:1740 - HTTP Request: GET https://services.odata.org/V4/Northwind/Northwind.svc/Customer_and_Suppliers_by_Cities/$count "HTTP/1.1 200 OK"
2025-09-22 10:05:59,477 - httpcore.http11 - DEBUG - atrace:87 - receive_response_body.started request=<Request [b'GET']>
2025-09-22 10:05:59,477 - httpcore.http11 - DEBUG - atrace:87 - receive_response_body.complete
2025-09-22 10:05:59,477 - httpcore.http11 - DEBUG - atrace:87 - response_closed.started
2025-09-22 10:05:59,477 - httpcore.http11 - DEBUG - atrace:87 - response_closed.complete
2025-09-22 10:05:59,477 - httpcore.connection - DEBUG - atrace:87 - close.started
2025-09-22 10:05:59,477 - httpcore.connection - DEBUG - atrace:87 - close.complete
2025-09-22 10:05:59,908 - httpcore.http11 - DEBUG - atrace:87 - receive_response_headers.complete return_value=(b'HTTP/1.1', 200, b'OK', [(b'Content-Length', b'120'), (b'Content-Type', b'text/plain;charset=utf-8'), (b'Date', b'Mon, 22 Sep 2025 04:36:01 GMT'), (b'Server', b'Microsoft-IIS/10.0'), (b'Access-Control-Allow-Headers', b'Accept, Origin, Content-Type, MaxDataServiceVersion'), (b'Access-Control-Allow-Methods', b'GET'), (b'Access-Control-Allow-Origin', b'*'), (b'Access-Control-Expose-Headers', b'DataServiceVersion'), (b'Cache-Control', b'private'), (b'Content-Encoding', b'gzip'), (b'Expires', b'Mon, 22 Sep 2025 04:36:59 GMT'), (b'Vary', b'*'), (b'X-Content-Type-Options', b'nosniff'), (b'OData-Version', b'4.0;'), (b'X-AspNet-Version', b'4.0.30319'), (b'X-Powered-By', b'ASP.NET')])
2025-09-22 10:05:59,908 - httpx - INFO - _send_single_request:1740 - HTTP Request: GET https://services.odata.org/V4/Northwind/Northwind.svc/Employees/$count "HTTP/1.1 200 OK"
2025-09-22 10:05:59,908 - httpcore.http11 - DEBUG - atrace:87 - receive_response_body.started request=<Request [b'GET']>
2025-09-22 10:05:59,908 - httpcore.http11 - DEBUG - atrace:87 - receive_response_body.complete
2025-09-22 10:05:59,908 - httpcore.http11 - DEBUG - atrace:87 - response_closed.started
2025-09-22 10:05:59,908 - httpcore.http11 - DEBUG - atrace:87 - receive_response_headers.complete return_value=(b'HTTP/1.1', 200, b'OK', [(b'Content-Length', b'122'), (b'Content-Type', b'text/plain;charset=utf-8'), (b'Date', b'Mon, 22 Sep 2025 04:36:01 GMT'), (b'Server', b'Microsoft-IIS/10.0'), (b'Access-Control-Allow-Headers', b'Accept, Origin, Content-Type, MaxDataServiceVersion'), (b'Access-Control-Allow-Methods', b'GET'), (b'Access-Control-Allow-Origin', b'*'), (b'Access-Control-Expose-Headers', b'DataServiceVersion'), (b'Cache-Control', b'private'), (b'Content-Encoding', b'gzip'), (b'Expires', b'Mon, 22 Sep 2025 04:37:00 GMT'), (b'Vary', b'*'), (b'X-Content-Type-Options', b'nosniff'), (b'OData-Version', b'4.0;'), (b'X-AspNet-Version', b'4.0.30319'), (b'X-Powered-By', b'ASP.NET')])
2025-09-22 10:05:59,908 - httpx - INFO - _send_single_request:1740 - HTTP Request: GET https://services.odata.org/V4/Northwind/Northwind.svc/Sales_Totals_by_Amounts/$count "HTTP/1.1 200 OK"
2025-09-22 10:05:59,908 - httpcore.http11 - DEBUG - atrace:87 - receive_response_body.started request=<Request [b'GET']>
2025-09-22 10:05:59,908 - httpcore.http11 - DEBUG - atrace:87 - receive_response_body.complete
2025-09-22 10:05:59,908 - httpcore.http11 - DEBUG - atrace:87 - response_closed.started
2025-09-22 10:05:59,908 - httpcore.http11 - DEBUG - atrace:87 - response_closed.complete
2025-09-22 10:05:59,908 - httpcore.http11 - DEBUG - atrace:87 - response_closed.complete
2025-09-22 10:06:00,417 - httpcore.http11 - DEBUG - atrace:87 - receive_response_headers.complete return_value=(b'HTTP/1.1', 200, b'OK', [(b'Content-Length', b'120'), (b'Content-Type', b'text/plain;charset=utf-8'), (b'Date', b'Mon, 22 Sep 2025 04:36:02 GMT'), (b'Server', b'Microsoft-IIS/10.0'), (b'Access-Control-Allow-Headers', b'Accept, Origin, Content-Type, MaxDataServiceVersion'), (b'Access-Control-Allow-Methods', b'GET'), (b'Access-Control-Allow-Origin', b'*'), (b'Access-Control-Expose-Headers', b'DataServiceVersion'), (b'Cache-Control', b'private'), (b'Content-Encoding', b'gzip'), (b'Expires', b'Mon, 22 Sep 2025 04:37:00 GMT'), (b'Vary', b'*'), (b'X-Content-Type-Options', b'nosniff'), (b'OData-Version', b'4.0;'), (b'X-AspNet-Version', b'4.0.30319'), (b'X-Powered-By', b'ASP.NET')])
2025-09-22 10:06:00,417 - httpx - INFO - _send_single_request:1740 - HTTP Request: GET https://services.odata.org/V4/Northwind/Northwind.svc/Shippers/$count "HTTP/1.1 200 OK"
2025-09-22 10:06:00,417 - httpcore.http11 - DEBUG - atrace:87 - receive_response_body.started request=<Request [b'GET']>
2025-09-22 10:06:00,417 - httpcore.http11 - DEBUG - atrace:87 - receive_response_body.complete
2025-09-22 10:06:00,417 - httpcore.http11 - DEBUG - atrace:87 - response_closed.started
2025-09-22 10:06:00,417 - httpcore.http11 - DEBUG - atrace:87 - response_closed.complete
2025-09-22 10:06:00,933 - httpcore.http11 - DEBUG - atrace:87 - receive_response_headers.complete return_value=(b'HTTP/1.1', 200, b'OK', [(b'Content-Length', b'124'), (b'Content-Type', b'text/plain;charset=utf-8'), (b'Date', b'Mon, 22 Sep 2025 04:36:02 GMT'), (b'Server', b'Microsoft-IIS/10.0'), (b'Access-Control-Allow-Headers', b'Accept, Origin, Content-Type, MaxDataServiceVersion'), (b'Access-Control-Allow-Methods', b'GET'), (b'Access-Control-Allow-Origin', b'*'), (b'Access-Control-Expose-Headers', b'DataServiceVersion'), (b'Cache-Control', b'private'), (b'Content-Encoding', b'gzip'), (b'Expires', b'Mon, 22 Sep 2025 04:37:00 GMT'), (b'Vary', b'*'), (b'X-Content-Type-Options', b'nosniff'), (b'OData-Version', b'4.0;'), (b'X-AspNet-Version', b'4.0.30319'), (b'X-Powered-By', b'ASP.NET')])
2025-09-22 10:06:00,933 - httpx - INFO - _send_single_request:1740 - HTTP Request: GET https://services.odata.org/V4/Northwind/Northwind.svc/Order_Details_Extendeds/$count "HTTP/1.1 200 OK"
2025-09-22 10:06:00,933 - httpcore.http11 - DEBUG - atrace:87 - receive_response_body.started request=<Request [b'GET']>
2025-09-22 10:06:00,933 - httpcore.http11 - DEBUG - atrace:87 - receive_response_body.complete
2025-09-22 10:06:00,933 - httpcore.http11 - DEBUG - atrace:87 - response_closed.started
2025-09-22 10:06:00,933 - httpcore.http11 - DEBUG - atrace:87 - response_closed.complete
2025-09-22 10:06:01,538 - httpcore.http11 - DEBUG - atrace:87 - receive_response_headers.complete return_value=(b'HTTP/1.1', 200, b'OK', [(b'Content-Length', b'122'), (b'Content-Type', b'text/plain;charset=utf-8'), (b'Date', b'Mon, 22 Sep 2025 04:36:03 GMT'), (b'Server', b'Microsoft-IIS/10.0'), (b'Access-Control-Allow-Headers', b'Accept, Origin, Content-Type, MaxDataServiceVersion'), (b'Access-Control-Allow-Methods', b'GET'), (b'Access-Control-Allow-Origin', b'*'), (b'Access-Control-Expose-Headers', b'DataServiceVersion'), (b'Cache-Control', b'private'), (b'Content-Encoding', b'gzip'), (b'Expires', b'Mon, 22 Sep 2025 04:37:00 GMT'), (b'Vary', b'*'), (b'X-Content-Type-Options', b'nosniff'), (b'OData-Version', b'4.0;'), (b'X-AspNet-Version', b'4.0.30319'), (b'X-Powered-By', b'ASP.NET')])
2025-09-22 10:06:01,538 - httpx - INFO - _send_single_request:1740 - HTTP Request: GET https://services.odata.org/V4/Northwind/Northwind.svc/Summary_of_Sales_by_Quarters/$count "HTTP/1.1 200 OK"
2025-09-22 10:06:01,538 - httpcore.http11 - DEBUG - atrace:87 - receive_response_body.started request=<Request [b'GET']>
2025-09-22 10:06:01,538 - httpcore.http11 - DEBUG - atrace:87 - receive_response_body.complete
2025-09-22 10:06:01,538 - httpcore.http11 - DEBUG - atrace:87 - response_closed.started
2025-09-22 10:06:01,538 - httpcore.http11 - DEBUG - atrace:87 - response_closed.complete
2025-09-22 10:06:01,954 - httpcore.http11 - DEBUG - atrace:87 - receive_response_headers.complete return_value=(b'HTTP/1.1', 200, b'OK', [(b'Content-Length', b'120'), (b'Content-Type', b'text/plain;charset=utf-8'), (b'Date', b'Mon, 22 Sep 2025 04:36:03 GMT'), (b'Server', b'Microsoft-IIS/10.0'), (b'Access-Control-Allow-Headers', b'Accept, Origin, Content-Type, MaxDataServiceVersion'), (b'Access-Control-Allow-Methods', b'GET'), (b'Access-Control-Allow-Origin', b'*'), (b'Access-Control-Expose-Headers', b'DataServiceVersion'), (b'Cache-Control', b'private'), (b'Content-Encoding', b'gzip'), (b'Expires', b'Mon, 22 Sep 2025 04:37:00 GMT'), (b'Vary', b'*'), (b'X-Content-Type-Options', b'nosniff'), (b'OData-Version', b'4.0;'), (b'X-AspNet-Version', b'4.0.30319'), (b'X-Powered-By', b'ASP.NET')])
2025-09-22 10:06:01,954 - httpx - INFO - _send_single_request:1740 - HTTP Request: GET https://services.odata.org/V4/Northwind/Northwind.svc/CustomerDemographics/$count "HTTP/1.1 200 OK"
2025-09-22 10:06:01,959 - httpcore.http11 - DEBUG - atrace:87 - receive_response_body.started request=<Request [b'GET']>
2025-09-22 10:06:01,959 - httpcore.http11 - DEBUG - atrace:87 - receive_response_body.complete
2025-09-22 10:06:01,959 - httpcore.http11 - DEBUG - atrace:87 - response_closed.started
2025-09-22 10:06:01,959 - httpcore.http11 - DEBUG - atrace:87 - response_closed.complete
2025-09-22 10:06:02,468 - httpcore.http11 - DEBUG - atrace:87 - receive_response_headers.complete return_value=(b'HTTP/1.1', 200, b'OK', [(b'Content-Length', b'124'), (b'Content-Type', b'text/plain;charset=utf-8'), (b'Date', b'Mon, 22 Sep 2025 04:36:04 GMT'), (b'Server', b'Microsoft-IIS/10.0'), (b'Access-Control-Allow-Headers', b'Accept, Origin, Content-Type, MaxDataServiceVersion'), (b'Access-Control-Allow-Methods', b'GET'), (b'Access-Control-Allow-Origin', b'*'), (b'Access-Control-Expose-Headers', b'DataServiceVersion'), (b'Cache-Control', b'private'), (b'Content-Encoding', b'gzip'), (b'Expires', b'Mon, 22 Sep 2025 04:37:00 GMT'), (b'Vary', b'*'), (b'X-Content-Type-Options', b'nosniff'), (b'OData-Version', b'4.0;'), (b'X-AspNet-Version', b'4.0.30319'), (b'X-Powered-By', b'ASP.NET')])
2025-09-22 10:06:02,468 - httpx - INFO - _send_single_request:1740 - HTTP Request: GET https://services.odata.org/V4/Northwind/Northwind.svc/Invoices/$count "HTTP/1.1 200 OK"
2025-09-22 10:06:02,468 - httpcore.http11 - DEBUG - atrace:87 - receive_response_body.started request=<Request [b'GET']>
2025-09-22 10:06:02,468 - httpcore.http11 - DEBUG - atrace:87 - receive_response_body.complete
2025-09-22 10:06:02,468 - httpcore.http11 - DEBUG - atrace:87 - response_closed.started
2025-09-22 10:06:02,468 - httpcore.http11 - DEBUG - atrace:87 - response_closed.complete
2025-09-22 10:06:02,957 - httpcore.http11 - DEBUG - atrace:87 - receive_response_headers.complete return_value=(b'HTTP/1.1', 200, b'OK', [(b'Content-Length', b'121'), (b'Content-Type', b'text/plain;charset=utf-8'), (b'Date', b'Mon, 22 Sep 2025 04:36:04 GMT'), (b'Server', b'Microsoft-IIS/10.0'), (b'Access-Control-Allow-Headers', b'Accept, Origin, Content-Type, MaxDataServiceVersion'), (b'Access-Control-Allow-Methods', b'GET'), (b'Access-Control-Allow-Origin', b'*'), (b'Access-Control-Expose-Headers', b'DataServiceVersion'), (b'Cache-Control', b'private'), (b'Content-Encoding', b'gzip'), (b'Expires', b'Mon, 22 Sep 2025 04:37:00 GMT'), (b'Vary', b'*'), (b'X-Content-Type-Options', b'nosniff'), (b'OData-Version', b'4.0;'), (b'X-AspNet-Version', b'4.0.30319'), (b'X-Powered-By', b'ASP.NET')])
2025-09-22 10:06:02,957 - httpx - INFO - _send_single_request:1740 - HTTP Request: GET https://services.odata.org/V4/Northwind/Northwind.svc/Products_Above_Average_Prices/$count "HTTP/1.1 200 OK"
2025-09-22 10:06:02,959 - httpcore.http11 - DEBUG - atrace:87 - receive_response_body.started request=<Request [b'GET']>
2025-09-22 10:06:02,959 - httpcore.http11 - DEBUG - atrace:87 - receive_response_body.complete
2025-09-22 10:06:02,959 - httpcore.http11 - DEBUG - atrace:87 - response_closed.started
2025-09-22 10:06:02,959 - httpcore.http11 - DEBUG - atrace:87 - response_closed.complete
2025-09-22 10:06:03,483 - httpcore.http11 - DEBUG - atrace:87 - receive_response_headers.complete return_value=(b'HTTP/1.1', 200, b'OK', [(b'Content-Length', b'121'), (b'Content-Type', b'text/plain;charset=utf-8'), (b'Date', b'Mon, 22 Sep 2025 04:36:05 GMT'), (b'Server', b'Microsoft-IIS/10.0'), (b'Access-Control-Allow-Headers', b'Accept, Origin, Content-Type, MaxDataServiceVersion'), (b'Access-Control-Allow-Methods', b'GET'), (b'Access-Control-Allow-Origin', b'*'), (b'Access-Control-Expose-Headers', b'DataServiceVersion'), (b'Cache-Control', b'private'), (b'Content-Encoding', b'gzip'), (b'Expires', b'Mon, 22 Sep 2025 04:37:00 GMT'), (b'Vary', b'*'), (b'X-Content-Type-Options', b'nosniff'), (b'OData-Version', b'4.0;'), (b'X-AspNet-Version', b'4.0.30319'), (b'X-Powered-By', b'ASP.NET')])
2025-09-22 10:06:03,483 - httpx - INFO - _send_single_request:1740 - HTTP Request: GET https://services.odata.org/V4/Northwind/Northwind.svc/Suppliers/$count "HTTP/1.1 200 OK"
2025-09-22 10:06:03,489 - httpcore.http11 - DEBUG - atrace:87 - receive_response_body.started request=<Request [b'GET']>
2025-09-22 10:06:03,489 - httpcore.http11 - DEBUG - atrace:87 - receive_response_body.complete
2025-09-22 10:06:03,489 - httpcore.http11 - DEBUG - atrace:87 - response_closed.started
2025-09-22 10:06:03,489 - httpcore.http11 - DEBUG - atrace:87 - response_closed.complete
2025-09-22 10:06:03,984 - httpcore.http11 - DEBUG - atrace:87 - receive_response_headers.complete return_value=(b'HTTP/1.1', 200, b'OK', [(b'Content-Length', b'121'), (b'Content-Type', b'text/plain;charset=utf-8'), (b'Date', b'Mon, 22 Sep 2025 04:36:05 GMT'), (b'Server', b'Microsoft-IIS/10.0'), (b'Access-Control-Allow-Headers', b'Accept, Origin, Content-Type, MaxDataServiceVersion'), (b'Access-Control-Allow-Methods', b'GET'), (b'Access-Control-Allow-Origin', b'*'), (b'Access-Control-Expose-Headers', b'DataServiceVersion'), (b'Cache-Control', b'private'), (b'Content-Encoding', b'gzip'), (b'Expires', b'Mon, 22 Sep 2025 04:37:00 GMT'), (b'Vary', b'*'), (b'X-Content-Type-Options', b'nosniff'), (b'OData-Version', b'4.0;'), (b'X-AspNet-Version', b'4.0.30319'), (b'X-Powered-By', b'ASP.NET')])
2025-09-22 10:06:03,985 - httpx - INFO - _send_single_request:1740 - HTTP Request: GET https://services.odata.org/V4/Northwind/Northwind.svc/Customers/$count "HTTP/1.1 200 OK"
2025-09-22 10:06:03,985 - httpcore.http11 - DEBUG - atrace:87 - receive_response_body.started request=<Request [b'GET']>
2025-09-22 10:06:03,985 - httpcore.http11 - DEBUG - atrace:87 - receive_response_body.complete
2025-09-22 10:06:03,985 - httpcore.http11 - DEBUG - atrace:87 - response_closed.started
2025-09-22 10:06:03,985 - httpcore.http11 - DEBUG - atrace:87 - response_closed.complete
2025-09-22 10:06:04,518 - httpcore.http11 - DEBUG - atrace:87 - receive_response_headers.complete return_value=(b'HTTP/1.1', 200, b'OK', [(b'Content-Length', b'122'), (b'Content-Type', b'text/plain;charset=utf-8'), (b'Date', b'Mon, 22 Sep 2025 04:36:06 GMT'), (b'Server', b'Microsoft-IIS/10.0'), (b'Access-Control-Allow-Headers', b'Accept, Origin, Content-Type, MaxDataServiceVersion'), (b'Access-Control-Allow-Methods', b'GET'), (b'Access-Control-Allow-Origin', b'*'), (b'Access-Control-Expose-Headers', b'DataServiceVersion'), (b'Cache-Control', b'private'), (b'Content-Encoding', b'gzip'), (b'Expires', b'Mon, 22 Sep 2025 04:37:00 GMT'), (b'Vary', b'*'), (b'X-Content-Type-Options', b'nosniff'), (b'OData-Version', b'4.0;'), (b'X-AspNet-Version', b'4.0.30319'), (b'X-Powered-By', b'ASP.NET')])
2025-09-22 10:06:04,518 - httpx - INFO - _send_single_request:1740 - HTTP Request: GET https://services.odata.org/V4/Northwind/Northwind.svc/Products/$count "HTTP/1.1 200 OK"
2025-09-22 10:06:04,518 - httpcore.http11 - DEBUG - atrace:87 - receive_response_body.started request=<Request [b'GET']>
2025-09-22 10:06:04,518 - httpcore.http11 - DEBUG - atrace:87 - receive_response_body.complete
2025-09-22 10:06:04,520 - httpcore.http11 - DEBUG - atrace:87 - response_closed.started
2025-09-22 10:06:04,520 - httpcore.http11 - DEBUG - atrace:87 - response_closed.complete
2025-09-22 10:06:05,011 - httpcore.http11 - DEBUG - atrace:87 - receive_response_headers.complete return_value=(b'HTTP/1.1', 200, b'OK', [(b'Content-Length', b'124'), (b'Content-Type', b'text/plain;charset=utf-8'), (b'Date', b'Mon, 22 Sep 2025 04:36:06 GMT'), (b'Server', b'Microsoft-IIS/10.0'), (b'Access-Control-Allow-Headers', b'Accept, Origin, Content-Type, MaxDataServiceVersion'), (b'Access-Control-Allow-Methods', b'GET'), (b'Access-Control-Allow-Origin', b'*'), (b'Access-Control-Expose-Headers', b'DataServiceVersion'), (b'Cache-Control', b'private'), (b'Content-Encoding', b'gzip'), (b'Expires', b'Mon, 22 Sep 2025 04:37:00 GMT'), (b'Vary', b'*'), (b'X-Content-Type-Options', b'nosniff'), (b'OData-Version', b'4.0;'), (b'X-AspNet-Version', b'4.0.30319'), (b'X-Powered-By', b'ASP.NET')])
2025-09-22 10:06:05,011 - httpx - INFO - _send_single_request:1740 - HTTP Request: GET https://services.odata.org/V4/Northwind/Northwind.svc/Order_Details/$count "HTTP/1.1 200 OK"
2025-09-22 10:06:05,011 - httpcore.http11 - DEBUG - atrace:87 - receive_response_body.started request=<Request [b'GET']>
2025-09-22 10:06:05,011 - httpcore.http11 - DEBUG - atrace:87 - receive_response_body.complete
2025-09-22 10:06:05,011 - httpcore.http11 - DEBUG - atrace:87 - response_closed.started
2025-09-22 10:06:05,011 - httpcore.http11 - DEBUG - atrace:87 - response_closed.complete
2025-09-22 10:06:05,011 - httpcore.connection - DEBUG - atrace:87 - close.started
2025-09-22 10:06:05,011 - httpcore.connection - DEBUG - atrace:87 - close.complete
2025-09-22 10:06:05,011 - httpcore.connection - DEBUG - atrace:87 - close.started
2025-09-22 10:06:05,016 - httpcore.connection - DEBUG - atrace:87 - close.complete
2025-09-22 10:06:05,540 - httpcore.http11 - DEBUG - atrace:87 - receive_response_headers.complete return_value=(b'HTTP/1.1', 200, b'OK', [(b'Content-Length', b'122'), (b'Content-Type', b'text/plain;charset=utf-8'), (b'Date', b'Mon, 22 Sep 2025 04:36:07 GMT'), (b'Server', b'Microsoft-IIS/10.0'), (b'Access-Control-Allow-Headers', b'Accept, Origin, Content-Type, MaxDataServiceVersion'), (b'Access-Control-Allow-Methods', b'GET'), (b'Access-Control-Allow-Origin', b'*'), (b'Access-Control-Expose-Headers', b'DataServiceVersion'), (b'Cache-Control', b'private'), (b'Content-Encoding', b'gzip'), (b'Expires', b'Mon, 22 Sep 2025 04:37:00 GMT'), (b'Vary', b'*'), (b'X-Content-Type-Options', b'nosniff'), (b'OData-Version', b'4.0;'), (b'X-AspNet-Version', b'4.0.30319'), (b'X-Powered-By', b'ASP.NET')])
2025-09-22 10:06:05,540 - httpx - INFO - _send_single_request:1740 - HTTP Request: GET https://services.odata.org/V4/Northwind/Northwind.svc/Product_Sales_for_1997/$count "HTTP/1.1 200 OK"
2025-09-22 10:06:05,543 - httpcore.http11 - DEBUG - atrace:87 - receive_response_body.started request=<Request [b'GET']>
2025-09-22 10:06:05,543 - httpcore.http11 - DEBUG - atrace:87 - receive_response_body.complete
2025-09-22 10:06:05,543 - httpcore.http11 - DEBUG - atrace:87 - response_closed.started
2025-09-22 10:06:05,544 - httpcore.http11 - DEBUG - atrace:87 - response_closed.complete
2025-09-22 10:06:05,545 - httpcore.connection - DEBUG - atrace:87 - close.started
2025-09-22 10:06:05,545 - httpcore.connection - DEBUG - atrace:87 - close.complete
2025-09-22 10:06:06,054 - httpcore.http11 - DEBUG - atrace:87 - receive_response_headers.complete return_value=(b'HTTP/1.1', 200, b'OK', [(b'Content-Length', b'122'), (b'Content-Type', b'text/plain;charset=utf-8'), (b'Date', b'Mon, 22 Sep 2025 04:36:07 GMT'), (b'Server', b'Microsoft-IIS/10.0'), (b'Access-Control-Allow-Headers', b'Accept, Origin, Content-Type, MaxDataServiceVersion'), (b'Access-Control-Allow-Methods', b'GET'), (b'Access-Control-Allow-Origin', b'*'), (b'Access-Control-Expose-Headers', b'DataServiceVersion'), (b'Cache-Control', b'private'), (b'Content-Encoding', b'gzip'), (b'Expires', b'Mon, 22 Sep 2025 04:37:00 GMT'), (b'Vary', b'*'), (b'X-Content-Type-Options', b'nosniff'), (b'OData-Version', b'4.0;'), (b'X-AspNet-Version', b'4.0.30319'), (b'X-Powered-By', b'ASP.NET')])
2025-09-22 10:06:06,054 - httpx - INFO - _send_single_request:1740 - HTTP Request: GET https://services.odata.org/V4/Northwind/Northwind.svc/Territories/$count "HTTP/1.1 200 OK"
2025-09-22 10:06:06,056 - httpcore.http11 - DEBUG - atrace:87 - receive_response_body.started request=<Request [b'GET']>
2025-09-22 10:06:06,056 - httpcore.http11 - DEBUG - atrace:87 - receive_response_body.complete
2025-09-22 10:06:06,056 - httpcore.http11 - DEBUG - atrace:87 - response_closed.started
2025-09-22 10:06:06,056 - httpcore.http11 - DEBUG - atrace:87 - response_closed.complete
2025-09-22 10:06:06,056 - httpcore.connection - DEBUG - atrace:87 - close.started
2025-09-22 10:06:06,056 - httpcore.connection - DEBUG - atrace:87 - close.complete
2025-09-22 10:06:06,562 - httpcore.http11 - DEBUG - atrace:87 - receive_response_headers.complete return_value=(b'HTTP/1.1', 200, b'OK', [(b'Content-Length', b'122'), (b'Content-Type', b'text/plain;charset=utf-8'), (b'Date', b'Mon, 22 Sep 2025 04:36:08 GMT'), (b'Server', b'Microsoft-IIS/10.0'), (b'Access-Control-Allow-Headers', b'Accept, Origin, Content-Type, MaxDataServiceVersion'), (b'Access-Control-Allow-Methods', b'GET'), (b'Access-Control-Allow-Origin', b'*'), (b'Access-Control-Expose-Headers', b'DataServiceVersion'), (b'Cache-Control', b'private'), (b'Content-Encoding', b'gzip'), (b'Expires', b'Mon, 22 Sep 2025 04:36:59 GMT'), (b'Vary', b'*'), (b'X-Content-Type-Options', b'nosniff'), (b'OData-Version', b'4.0;'), (b'X-AspNet-Version', b'4.0.30319'), (b'X-Powered-By', b'ASP.NET')])
2025-09-22 10:06:06,563 - httpx - INFO - _send_single_request:1740 - HTTP Request: GET https://services.odata.org/V4/Northwind/Northwind.svc/Current_Product_Lists/$count "HTTP/1.1 200 OK"
2025-09-22 10:06:06,563 - httpcore.http11 - DEBUG - atrace:87 - receive_response_body.started request=<Request [b'GET']>
2025-09-22 10:06:06,563 - httpcore.http11 - DEBUG - atrace:87 - receive_response_body.complete
2025-09-22 10:06:06,563 - httpcore.http11 - DEBUG - atrace:87 - response_closed.started
2025-09-22 10:06:06,563 - httpcore.http11 - DEBUG - atrace:87 - response_closed.complete
2025-09-22 10:06:06,563 - httpcore.connection - DEBUG - atrace:87 - close.started
2025-09-22 10:06:06,563 - httpcore.connection - DEBUG - atrace:87 - close.complete
2025-09-22 10:06:07,074 - httpcore.http11 - DEBUG - atrace:87 - receive_response_headers.complete return_value=(b'HTTP/1.1', 200, b'OK', [(b'Content-Length', b'122'), (b'Content-Type', b'text/plain;charset=utf-8'), (b'Date', b'Mon, 22 Sep 2025 04:36:08 GMT'), (b'Server', b'Microsoft-IIS/10.0'), (b'Access-Control-Allow-Headers', b'Accept, Origin, Content-Type, MaxDataServiceVersion'), (b'Access-Control-Allow-Methods', b'GET'), (b'Access-Control-Allow-Origin', b'*'), (b'Access-Control-Expose-Headers', b'DataServiceVersion'), (b'Cache-Control', b'private'), (b'Content-Encoding', b'gzip'), (b'Expires', b'Mon, 22 Sep 2025 04:36:59 GMT'), (b'Vary', b'*'), (b'X-Content-Type-Options', b'nosniff'), (b'OData-Version', b'4.0;'), (b'X-AspNet-Version', b'4.0.30319'), (b'X-Powered-By', b'ASP.NET')])
2025-09-22 10:06:07,076 - httpx - INFO - _send_single_request:1740 - HTTP Request: GET https://services.odata.org/V4/Northwind/Northwind.svc/Order_Subtotals/$count "HTTP/1.1 200 OK"
2025-09-22 10:06:07,078 - httpcore.http11 - DEBUG - atrace:87 - receive_response_body.started request=<Request [b'GET']>
2025-09-22 10:06:07,078 - httpcore.http11 - DEBUG - atrace:87 - receive_response_body.complete
2025-09-22 10:06:07,078 - httpcore.http11 - DEBUG - atrace:87 - response_closed.started
2025-09-22 10:06:07,078 - httpcore.http11 - DEBUG - atrace:87 - response_closed.complete
2025-09-22 10:06:07,079 - httpcore.connection - DEBUG - atrace:87 - close.started
2025-09-22 10:06:07,079 - httpcore.connection - DEBUG - atrace:87 - close.complete
2025-09-22 10:06:07,574 - httpcore.http11 - DEBUG - atrace:87 - receive_response_headers.complete return_value=(b'HTTP/1.1', 200, b'OK', [(b'Content-Length', b'122'), (b'Content-Type', b'text/plain;charset=utf-8'), (b'Date', b'Mon, 22 Sep 2025 04:36:09 GMT'), (b'Server', b'Microsoft-IIS/10.0'), (b'Access-Control-Allow-Headers', b'Accept, Origin, Content-Type, MaxDataServiceVersion'), (b'Access-Control-Allow-Methods', b'GET'), (b'Access-Control-Allow-Origin', b'*'), (b'Access-Control-Expose-Headers', b'DataServiceVersion'), (b'Cache-Control', b'private'), (b'Content-Encoding', b'gzip'), (b'Expires', b'Mon, 22 Sep 2025 04:36:59 GMT'), (b'Vary', b'*'), (b'X-Content-Type-Options', b'nosniff'), (b'OData-Version', b'4.0;'), (b'X-AspNet-Version', b'4.0.30319'), (b'X-Powered-By', b'ASP.NET')])
2025-09-22 10:06:07,574 - httpx - INFO - _send_single_request:1740 - HTTP Request: GET https://services.odata.org/V4/Northwind/Northwind.svc/Sales_by_Categories/$count "HTTP/1.1 200 OK"
2025-09-22 10:06:07,582 - httpcore.http11 - DEBUG - atrace:87 - receive_response_body.started request=<Request [b'GET']>
2025-09-22 10:06:07,582 - httpcore.http11 - DEBUG - atrace:87 - receive_response_body.complete
2025-09-22 10:06:07,582 - httpcore.http11 - DEBUG - atrace:87 - response_closed.started
2025-09-22 10:06:07,582 - httpcore.http11 - DEBUG - atrace:87 - response_closed.complete
2025-09-22 10:06:07,582 - httpcore.connection - DEBUG - atrace:87 - close.started
2025-09-22 10:06:07,582 - httpcore.connection - DEBUG - atrace:87 - close.complete
2025-09-22 10:06:08,110 - httpcore.http11 - DEBUG - atrace:87 - receive_response_headers.complete return_value=(b'HTTP/1.1', 200, b'OK', [(b'Content-Length', b'120'), (b'Content-Type', b'text/plain;charset=utf-8'), (b'Date', b'Mon, 22 Sep 2025 04:36:09 GMT'), (b'Server', b'Microsoft-IIS/10.0'), (b'Access-Control-Allow-Headers', b'Accept, Origin, Content-Type, MaxDataServiceVersion'), (b'Access-Control-Allow-Methods', b'GET'), (b'Access-Control-Allow-Origin', b'*'), (b'Access-Control-Expose-Headers', b'DataServiceVersion'), (b'Cache-Control', b'private'), (b'Content-Encoding', b'gzip'), (b'Expires', b'Mon, 22 Sep 2025 04:36:59 GMT'), (b'Vary', b'*'), (b'X-Content-Type-Options', b'nosniff'), (b'OData-Version', b'4.0;'), (b'X-AspNet-Version', b'4.0.30319'), (b'X-Powered-By', b'ASP.NET')])
2025-09-22 10:06:08,110 - httpx - INFO - _send_single_request:1740 - HTTP Request: GET https://services.odata.org/V4/Northwind/Northwind.svc/Categories/$count "HTTP/1.1 200 OK"
2025-09-22 10:06:08,110 - httpcore.http11 - DEBUG - atrace:87 - receive_response_body.started request=<Request [b'GET']>
2025-09-22 10:06:08,110 - httpcore.http11 - DEBUG - atrace:87 - receive_response_body.complete
2025-09-22 10:06:08,110 - httpcore.http11 - DEBUG - atrace:87 - response_closed.started
2025-09-22 10:06:08,110 - httpcore.http11 - DEBUG - atrace:87 - response_closed.complete
2025-09-22 10:06:08,113 - httpcore.connection - DEBUG - atrace:87 - close.started
2025-09-22 10:06:08,113 - httpcore.connection - DEBUG - atrace:87 - close.complete
2025-09-22 10:06:08,610 - httpcore.http11 - DEBUG - atrace:87 - receive_response_headers.complete return_value=(b'HTTP/1.1', 200, b'OK', [(b'Content-Length', b'120'), (b'Content-Type', b'text/plain;charset=utf-8'), (b'Date', b'Mon, 22 Sep 2025 04:36:10 GMT'), (b'Server', b'Microsoft-IIS/10.0'), (b'Access-Control-Allow-Headers', b'Accept, Origin, Content-Type, MaxDataServiceVersion'), (b'Access-Control-Allow-Methods', b'GET'), (b'Access-Control-Allow-Origin', b'*'), (b'Access-Control-Expose-Headers', b'DataServiceVersion'), (b'Cache-Control', b'private'), (b'Content-Encoding', b'gzip'), (b'Expires', b'Mon, 22 Sep 2025 04:36:59 GMT'), (b'Vary', b'*'), (b'X-Content-Type-Options', b'nosniff'), (b'OData-Version', b'4.0;'), (b'X-AspNet-Version', b'4.0.30319'), (b'X-Powered-By', b'ASP.NET')])
2025-09-22 10:06:08,613 - httpx - INFO - _send_single_request:1740 - HTTP Request: GET https://services.odata.org/V4/Northwind/Northwind.svc/Category_Sales_for_1997/$count "HTTP/1.1 200 OK"
2025-09-22 10:06:08,613 - httpcore.http11 - DEBUG - atrace:87 - receive_response_body.started request=<Request [b'GET']>
2025-09-22 10:06:08,613 - httpcore.http11 - DEBUG - atrace:87 - receive_response_body.complete
2025-09-22 10:06:08,613 - httpcore.http11 - DEBUG - atrace:87 - response_closed.started
2025-09-22 10:06:08,613 - httpcore.http11 - DEBUG - atrace:87 - response_closed.complete
2025-09-22 10:06:08,613 - httpcore.connection - DEBUG - atrace:87 - close.started
2025-09-22 10:06:08,616 - httpcore.connection - DEBUG - atrace:87 - close.complete
2025-09-22 10:06:09,124 - httpcore.http11 - DEBUG - atrace:87 - receive_response_headers.complete return_value=(b'HTTP/1.1', 200, b'OK', [(b'Content-Length', b'120'), (b'Content-Type', b'text/plain;charset=utf-8'), (b'Date', b'Mon, 22 Sep 2025 04:36:10 GMT'), (b'Server', b'Microsoft-IIS/10.0'), (b'Access-Control-Allow-Headers', b'Accept, Origin, Content-Type, MaxDataServiceVersion'), (b'Access-Control-Allow-Methods', b'GET'), (b'Access-Control-Allow-Origin', b'*'), (b'Access-Control-Expose-Headers', b'DataServiceVersion'), (b'Cache-Control', b'private'), (b'Content-Encoding', b'gzip'), (b'Expires', b'Mon, 22 Sep 2025 04:36:59 GMT'), (b'Vary', b'*'), (b'X-Content-Type-Options', b'nosniff'), (b'OData-Version', b'4.0;'), (b'X-AspNet-Version', b'4.0.30319'), (b'X-Powered-By', b'ASP.NET')])
2025-09-22 10:06:09,124 - httpx - INFO - _send_single_request:1740 - HTTP Request: GET https://services.odata.org/V4/Northwind/Northwind.svc/Regions/$count "HTTP/1.1 200 OK"
2025-09-22 10:06:09,124 - httpcore.http11 - DEBUG - atrace:87 - receive_response_body.started request=<Request [b'GET']>
2025-09-22 10:06:09,124 - httpcore.http11 - DEBUG - atrace:87 - receive_response_body.complete
2025-09-22 10:06:09,124 - httpcore.http11 - DEBUG - atrace:87 - response_closed.started
2025-09-22 10:06:09,124 - httpcore.http11 - DEBUG - atrace:87 - response_closed.complete
2025-09-22 10:06:09,124 - httpcore.connection - DEBUG - atrace:87 - close.started
2025-09-22 10:06:09,124 - httpcore.connection - DEBUG - atrace:87 - close.complete
2025-09-22 10:06:09,124 - services.count - INFO - get_entity_counts:61 - [2m2025-09-22T04:36:09.124663Z[0m [[32m[1minfo     [0m] [1mSuccessfully retrieved entity counts[0m [[0m[1m[34mservices.count[0m][0m [36mcounts[0m=[35m{'Categories': 8, 'CustomerDemographics': 0, 'Customers': 91, 'Employees': 9, 'Order_Details': 2155, 'Orders': 830, 'Products': 77, 'Regions': 4, 'Shippers': 3, 'Suppliers': 29, 'Territories': 53, 'Alphabetical_list_of_products': 69, 'Category_Sales_for_1997': 8, 'Current_Product_Lists': 69, 'Customer_and_Suppliers_by_Cities': 120, 'Invoices': 2155, 'Order_Details_Extendeds': 2155, 'Order_Subtotals': 830, 'Orders_Qries': 830, 'Product_Sales_for_1997': 77, 'Products_Above_Average_Prices': 25, 'Products_by_Categories': 69, 'Sales_by_Categories': 77, 'Sales_Totals_by_Amounts': 66, 'Summary_of_Sales_by_Quarters': 809, 'Summary_of_Sales_by_Years': 809}[0m
2025-09-22 10:06:09,124 - httpcore.connection - DEBUG - atrace:87 - close.started
2025-09-22 10:06:09,124 - httpcore.connection - DEBUG - atrace:87 - close.complete
2025-09-22 10:06:09,124 - httpcore.connection - DEBUG - atrace:87 - close.started
2025-09-22 10:06:09,133 - httpcore.connection - DEBUG - atrace:87 - close.complete
2025-09-22 10:06:09,133 - httpcore.connection - DEBUG - atrace:87 - close.started
2025-09-22 10:06:09,133 - httpcore.connection - DEBUG - atrace:87 - close.complete
2025-09-22 10:06:09,133 - httpcore.connection - DEBUG - atrace:87 - close.started
2025-09-22 10:06:09,133 - httpcore.connection - DEBUG - atrace:87 - close.complete
2025-09-22 10:06:09,133 - httpcore.connection - DEBUG - atrace:87 - close.started
2025-09-22 10:06:09,133 - httpcore.connection - DEBUG - atrace:87 - close.complete
2025-09-22 10:06:09,133 - httpcore.connection - DEBUG - atrace:87 - close.started
2025-09-22 10:06:09,133 - httpcore.connection - DEBUG - atrace:87 - close.complete
2025-09-22 10:06:09,133 - httpcore.connection - DEBUG - atrace:87 - close.started
2025-09-22 10:06:09,133 - httpcore.connection - DEBUG - atrace:87 - close.complete
2025-09-22 10:06:09,133 - httpcore.connection - DEBUG - atrace:87 - close.started
2025-09-22 10:06:09,133 - httpcore.connection - DEBUG - atrace:87 - close.complete
2025-09-22 10:06:09,133 - httpcore.connection - DEBUG - atrace:87 - close.started
2025-09-22 10:06:09,133 - httpcore.connection - DEBUG - atrace:87 - close.complete
2025-09-22 10:06:09,133 - httpcore.connection - DEBUG - atrace:87 - close.started
2025-09-22 10:06:09,133 - httpcore.connection - DEBUG - atrace:87 - close.complete
2025-09-22 10:06:09,133 - planning.graph_builder - INFO - add_entities:32 - [2m2025-09-22T04:36:09.133044Z[0m [[32m[1minfo     [0m] [1mAdded entities to graph       [0m [[0m[1m[34mplanning.graph_builder[0m][0m [36mentity_count[0m=[35m26[0m
2025-09-22 10:06:09,133 - planning.graph_builder - INFO - add_relationships:54 - [2m2025-09-22T04:36:09.133044Z[0m [[32m[1minfo     [0m] [1mAdded relationships to graph  [0m [[0m[1m[34mplanning.graph_builder[0m][0m [36mrelationship_count[0m=[35m0[0m
2025-09-22 10:06:09,137 - planning.graph_builder - INFO - get_processing_order:72 - [2m2025-09-22T04:36:09.137457Z[0m [[32m[1minfo     [0m] [1mGenerated processing order    [0m [[0m[1m[34mplanning.graph_builder[0m][0m [36mlevels[0m=[35m1[0m [36mtotal_entities[0m=[35m26[0m
2025-09-22 10:06:09,138 - planning.plan_generator - INFO - create_execution_plan:134 - [2m2025-09-22T04:36:09.138429Z[0m [[32m[1minfo     [0m] [1mCreating execution plan       [0m [[0m[1m[34mplanning.plan_generator[0m][0m [36mselected_entities[0m=[35mall[0m [36mtotal_entities[0m=[35m26[0m
2025-09-22 10:06:09,139 - planning.plan_generator - INFO - create_execution_plan:152 - [2m2025-09-22T04:36:09.139182Z[0m [[32m[1minfo     [0m] [1mSkipping empty entity         [0m [[0m[1m[34mplanning.plan_generator[0m][0m [36mentity[0m=[35mCustomerDemographics[0m
2025-09-22 10:06:09,139 - planning.plan_generator - INFO - create_execution_plan:186 - [2m2025-09-22T04:36:09.139182Z[0m [[32m[1minfo     [0m] [1mExecution plan created        [0m [[0m[1m[34mplanning.plan_generator[0m][0m [36mplanned_entities[0m=[35m25[0m [36mtotal_commands[0m=[35m245[0m
2025-09-22 10:06:09,139 - connector - INFO - _discovery_phase:213 - [2m2025-09-22T04:36:09.139182Z[0m [[32m[1minfo     [0m] [1mDiscovery phase completed     [0m [[0m[1m[34mconnector[0m][0m [36mentities[0m=[35m26[0m [36mprocessing_levels[0m=[35m1[0m [36mtotal_records[0m=[35m11427[0m
2025-09-22 10:06:09,139 - connector - INFO - _execution_phase:220 - [2m2025-09-22T04:36:09.139182Z[0m [[32m[1minfo     [0m] [1mStarting execution phase      [0m [[0m[1m[34mconnector[0m][0m
2025-09-22 10:06:09,143 - workers.proxy_pool - INFO - start:279 - [2m2025-09-22T04:36:09.142688Z[0m [[32m[1minfo     [0m] [1mStarting proxy pool           [0m [[0m[1m[34mworkers.proxy_pool[0m][0m [36mmax_workers[0m=[35m20[0m
2025-09-22 10:06:09,143 - workers.proxy_pool - INFO - start:299 - [2m2025-09-22T04:36:09.143203Z[0m [[32m[1minfo     [0m] [1mProxy pool started successfully[0m [[0m[1m[34mworkers.proxy_pool[0m][0m
2025-09-22 10:06:09,143 - planning.plan_generator - INFO - get_initial_commands:219 - [2m2025-09-22T04:36:09.143203Z[0m [[32m[1minfo     [0m] [1mGenerated initial commands    [0m [[0m[1m[34mplanning.plan_generator[0m][0m [36mcommand_count[0m=[35m52[0m
2025-09-22 10:06:09,143 - workers.proxy_pool - INFO - add_commands:340 - [2m2025-09-22T04:36:09.143203Z[0m [[32m[1minfo     [0m] [1mCommands added to queue       [0m [[0m[1m[34mworkers.proxy_pool[0m][0m [36mcount[0m=[35m52[0m
2025-09-22 10:06:09,146 - workers.proxy_pool - INFO - _worker_loop:346 - [2m2025-09-22T04:36:09.146320Z[0m [[32m[1minfo     [0m] [1m🟢 Worker started and ready for commands[0m [[0m[1m[34mworkers.proxy_pool[0m][0m [36mworker_id[0m=[35mworker_0[0m [36mworker_status[0m=[35mACTIVE[0m
2025-09-22 10:06:09,147 - workers.proxy_pool - INFO - _worker_loop:363 - [2m2025-09-22T04:36:09.146838Z[0m [[32m[1minfo     [0m] [1m📋 Worker picked up command from queue[0m [[0m[1m[34mworkers.proxy_pool[0m][0m [36mcommand_id[0m=[35mSales_by_Categories_page_1[0m [36mentity[0m=[35mSales_by_Categories[0m [36mqueue_size_after_pickup[0m=[35m51[0m [36mworker_id[0m=[35mworker_0[0m [36mworker_status[0m=[35mPROCESSING[0m
2025-09-22 10:06:09,148 - workers.proxy_pool - INFO - execute_command:51 - [2m2025-09-22T04:36:09.148207Z[0m [[32m[1minfo     [0m] [1m🚀 Worker starting command execution[0m [[0m[1m[34mworkers.proxy_pool[0m][0m [36mcommand_id[0m=[35mSales_by_Categories_page_1[0m [36mcommand_type[0m=[35mfetch_page[0m [36mentity[0m=[35mSales_by_Categories[0m [36mpriority[0m=[35m1[0m [36mretry_count[0m=[35m0[0m [36mskip[0m=[35m0[0m [36mtop[0m=[35m50[0m [36mworker_id[0m=[35mworker_0[0m
2025-09-22 10:06:09,148 - workers.proxy_pool - INFO - execute_command:74 - [2m2025-09-22T04:36:09.148207Z[0m [[32m[1minfo     [0m] [1m🔄 Worker executing request with resilience patterns[0m [[0m[1m[34mworkers.proxy_pool[0m][0m [36mcircuit_breaker_state[0m=[35mclosed[0m [36mcommand_id[0m=[35mSales_by_Categories_page_1[0m [36mworker_id[0m=[35mworker_0[0m
2025-09-22 10:06:09,445 - workers.proxy_pool - INFO - _worker_loop:346 - [2m2025-09-22T04:36:09.445422Z[0m [[32m[1minfo     [0m] [1m🟢 Worker started and ready for commands[0m [[0m[1m[34mworkers.proxy_pool[0m][0m [36mworker_id[0m=[35mworker_1[0m [36mworker_status[0m=[35mACTIVE[0m
2025-09-22 10:06:09,445 - workers.proxy_pool - INFO - _worker_loop:363 - [2m2025-09-22T04:36:09.445422Z[0m [[32m[1minfo     [0m] [1m📋 Worker picked up command from queue[0m [[0m[1m[34mworkers.proxy_pool[0m][0m [36mcommand_id[0m=[35mSales_by_Categories_page_2[0m [36mentity[0m=[35mSales_by_Categories[0m [36mqueue_size_after_pickup[0m=[35m50[0m [36mworker_id[0m=[35mworker_1[0m [36mworker_status[0m=[35mPROCESSING[0m
2025-09-22 10:06:09,445 - workers.proxy_pool - INFO - execute_command:51 - [2m2025-09-22T04:36:09.445422Z[0m [[32m[1minfo     [0m] [1m🚀 Worker starting command execution[0m [[0m[1m[34mworkers.proxy_pool[0m][0m [36mcommand_id[0m=[35mSales_by_Categories_page_2[0m [36mcommand_type[0m=[35mfetch_page[0m [36mentity[0m=[35mSales_by_Categories[0m [36mpriority[0m=[35m1[0m [36mretry_count[0m=[35m0[0m [36mskip[0m=[35m50[0m [36mtop[0m=[35m50[0m [36mworker_id[0m=[35mworker_1[0m
2025-09-22 10:06:09,445 - workers.proxy_pool - INFO - execute_command:74 - [2m2025-09-22T04:36:09.445422Z[0m [[32m[1minfo     [0m] [1m🔄 Worker executing request with resilience patterns[0m [[0m[1m[34mworkers.proxy_pool[0m][0m [36mcircuit_breaker_state[0m=[35mclosed[0m [36mcommand_id[0m=[35mSales_by_Categories_page_2[0m [36mworker_id[0m=[35mworker_1[0m
2025-09-22 10:06:09,452 - workers.proxy_pool - INFO - _worker_loop:346 - [2m2025-09-22T04:36:09.452734Z[0m [[32m[1minfo     [0m] [1m🟢 Worker started and ready for commands[0m [[0m[1m[34mworkers.proxy_pool[0m][0m [36mworker_id[0m=[35mworker_2[0m [36mworker_status[0m=[35mACTIVE[0m
2025-09-22 10:06:09,452 - workers.proxy_pool - INFO - _worker_loop:363 - [2m2025-09-22T04:36:09.452734Z[0m [[32m[1minfo     [0m] [1m📋 Worker picked up command from queue[0m [[0m[1m[34mworkers.proxy_pool[0m][0m [36mcommand_id[0m=[35mTerritories_page_1[0m [36mentity[0m=[35mTerritories[0m [36mqueue_size_after_pickup[0m=[35m49[0m [36mworker_id[0m=[35mworker_2[0m [36mworker_status[0m=[35mPROCESSING[0m
2025-09-22 10:06:09,452 - workers.proxy_pool - INFO - execute_command:51 - [2m2025-09-22T04:36:09.452734Z[0m [[32m[1minfo     [0m] [1m🚀 Worker starting command execution[0m [[0m[1m[34mworkers.proxy_pool[0m][0m [36mcommand_id[0m=[35mTerritories_page_1[0m [36mcommand_type[0m=[35mfetch_page[0m [36mentity[0m=[35mTerritories[0m [36mpriority[0m=[35m1[0m [36mretry_count[0m=[35m0[0m [36mskip[0m=[35m0[0m [36mtop[0m=[35m50[0m [36mworker_id[0m=[35mworker_2[0m
2025-09-22 10:06:09,452 - workers.proxy_pool - INFO - execute_command:74 - [2m2025-09-22T04:36:09.452734Z[0m [[32m[1minfo     [0m] [1m🔄 Worker executing request with resilience patterns[0m [[0m[1m[34mworkers.proxy_pool[0m][0m [36mcircuit_breaker_state[0m=[35mclosed[0m [36mcommand_id[0m=[35mTerritories_page_1[0m [36mworker_id[0m=[35mworker_2[0m
2025-09-22 10:06:09,452 - workers.proxy_pool - INFO - _worker_loop:346 - [2m2025-09-22T04:36:09.452734Z[0m [[32m[1minfo     [0m] [1m🟢 Worker started and ready for commands[0m [[0m[1m[34mworkers.proxy_pool[0m][0m [36mworker_id[0m=[35mworker_3[0m [36mworker_status[0m=[35mACTIVE[0m
2025-09-22 10:06:09,452 - workers.proxy_pool - INFO - _worker_loop:363 - [2m2025-09-22T04:36:09.452734Z[0m [[32m[1minfo     [0m] [1m📋 Worker picked up command from queue[0m [[0m[1m[34mworkers.proxy_pool[0m][0m [36mcommand_id[0m=[35mTerritories_page_2[0m [36mentity[0m=[35mTerritories[0m [36mqueue_size_after_pickup[0m=[35m48[0m [36mworker_id[0m=[35mworker_3[0m [36mworker_status[0m=[35mPROCESSING[0m
2025-09-22 10:06:09,452 - workers.proxy_pool - INFO - execute_command:51 - [2m2025-09-22T04:36:09.452734Z[0m [[32m[1minfo     [0m] [1m🚀 Worker starting command execution[0m [[0m[1m[34mworkers.proxy_pool[0m][0m [36mcommand_id[0m=[35mTerritories_page_2[0m [36mcommand_type[0m=[35mfetch_page[0m [36mentity[0m=[35mTerritories[0m [36mpriority[0m=[35m1[0m [36mretry_count[0m=[35m0[0m [36mskip[0m=[35m50[0m [36mtop[0m=[35m50[0m [36mworker_id[0m=[35mworker_3[0m
2025-09-22 10:06:09,455 - workers.proxy_pool - INFO - execute_command:74 - [2m2025-09-22T04:36:09.455815Z[0m [[32m[1minfo     [0m] [1m🔄 Worker executing request with resilience patterns[0m [[0m[1m[34mworkers.proxy_pool[0m][0m [36mcircuit_breaker_state[0m=[35mclosed[0m [36mcommand_id[0m=[35mTerritories_page_2[0m [36mworker_id[0m=[35mworker_3[0m
2025-09-22 10:06:09,456 - workers.proxy_pool - INFO - _worker_loop:346 - [2m2025-09-22T04:36:09.456575Z[0m [[32m[1minfo     [0m] [1m🟢 Worker started and ready for commands[0m [[0m[1m[34mworkers.proxy_pool[0m][0m [36mworker_id[0m=[35mworker_4[0m [36mworker_status[0m=[35mACTIVE[0m
2025-09-22 10:06:09,456 - workers.proxy_pool - INFO - _worker_loop:363 - [2m2025-09-22T04:36:09.456575Z[0m [[32m[1minfo     [0m] [1m📋 Worker picked up command from queue[0m [[0m[1m[34mworkers.proxy_pool[0m][0m [36mcommand_id[0m=[35mCurrent_Product_Lists_page_1[0m [36mentity[0m=[35mCurrent_Product_Lists[0m [36mqueue_size_after_pickup[0m=[35m47[0m [36mworker_id[0m=[35mworker_4[0m [36mworker_status[0m=[35mPROCESSING[0m
2025-09-22 10:06:09,457 - workers.proxy_pool - INFO - execute_command:51 - [2m2025-09-22T04:36:09.456575Z[0m [[32m[1minfo     [0m] [1m🚀 Worker starting command execution[0m [[0m[1m[34mworkers.proxy_pool[0m][0m [36mcommand_id[0m=[35mCurrent_Product_Lists_page_1[0m [36mcommand_type[0m=[35mfetch_page[0m [36mentity[0m=[35mCurrent_Product_Lists[0m [36mpriority[0m=[35m1[0m [36mretry_count[0m=[35m0[0m [36mskip[0m=[35m0[0m [36mtop[0m=[35m50[0m [36mworker_id[0m=[35mworker_4[0m
2025-09-22 10:06:09,458 - workers.proxy_pool - INFO - execute_command:74 - [2m2025-09-22T04:36:09.458087Z[0m [[32m[1minfo     [0m] [1m🔄 Worker executing request with resilience patterns[0m [[0m[1m[34mworkers.proxy_pool[0m][0m [36mcircuit_breaker_state[0m=[35mclosed[0m [36mcommand_id[0m=[35mCurrent_Product_Lists_page_1[0m [36mworker_id[0m=[35mworker_4[0m
2025-09-22 10:06:09,458 - workers.proxy_pool - INFO - _worker_loop:346 - [2m2025-09-22T04:36:09.458628Z[0m [[32m[1minfo     [0m] [1m🟢 Worker started and ready for commands[0m [[0m[1m[34mworkers.proxy_pool[0m][0m [36mworker_id[0m=[35mworker_5[0m [36mworker_status[0m=[35mACTIVE[0m
2025-09-22 10:06:09,458 - workers.proxy_pool - INFO - _worker_loop:363 - [2m2025-09-22T04:36:09.458628Z[0m [[32m[1minfo     [0m] [1m📋 Worker picked up command from queue[0m [[0m[1m[34mworkers.proxy_pool[0m][0m [36mcommand_id[0m=[35mCurrent_Product_Lists_page_2[0m [36mentity[0m=[35mCurrent_Product_Lists[0m [36mqueue_size_after_pickup[0m=[35m46[0m [36mworker_id[0m=[35mworker_5[0m [36mworker_status[0m=[35mPROCESSING[0m
2025-09-22 10:06:09,461 - workers.proxy_pool - INFO - execute_command:51 - [2m2025-09-22T04:36:09.461318Z[0m [[32m[1minfo     [0m] [1m🚀 Worker starting command execution[0m [[0m[1m[34mworkers.proxy_pool[0m][0m [36mcommand_id[0m=[35mCurrent_Product_Lists_page_2[0m [36mcommand_type[0m=[35mfetch_page[0m [36mentity[0m=[35mCurrent_Product_Lists[0m [36mpriority[0m=[35m1[0m [36mretry_count[0m=[35m0[0m [36mskip[0m=[35m50[0m [36mtop[0m=[35m50[0m [36mworker_id[0m=[35mworker_5[0m
2025-09-22 10:06:09,462 - workers.proxy_pool - INFO - execute_command:74 - [2m2025-09-22T04:36:09.462651Z[0m [[32m[1minfo     [0m] [1m🔄 Worker executing request with resilience patterns[0m [[0m[1m[34mworkers.proxy_pool[0m][0m [36mcircuit_breaker_state[0m=[35mclosed[0m [36mcommand_id[0m=[35mCurrent_Product_Lists_page_2[0m [36mworker_id[0m=[35mworker_5[0m
2025-09-22 10:06:09,462 - workers.proxy_pool - INFO - _worker_loop:346 - [2m2025-09-22T04:36:09.462651Z[0m [[32m[1minfo     [0m] [1m🟢 Worker started and ready for commands[0m [[0m[1m[34mworkers.proxy_pool[0m][0m [36mworker_id[0m=[35mworker_6[0m [36mworker_status[0m=[35mACTIVE[0m
2025-09-22 10:06:09,463 - workers.proxy_pool - INFO - _worker_loop:363 - [2m2025-09-22T04:36:09.463872Z[0m [[32m[1minfo     [0m] [1m📋 Worker picked up command from queue[0m [[0m[1m[34mworkers.proxy_pool[0m][0m [36mcommand_id[0m=[35mProducts_by_Categories_page_1[0m [36mentity[0m=[35mProducts_by_Categories[0m [36mqueue_size_after_pickup[0m=[35m45[0m [36mworker_id[0m=[35mworker_6[0m [36mworker_status[0m=[35mPROCESSING[0m
2025-09-22 10:06:09,463 - workers.proxy_pool - INFO - execute_command:51 - [2m2025-09-22T04:36:09.463872Z[0m [[32m[1minfo     [0m] [1m🚀 Worker starting command execution[0m [[0m[1m[34mworkers.proxy_pool[0m][0m [36mcommand_id[0m=[35mProducts_by_Categories_page_1[0m [36mcommand_type[0m=[35mfetch_page[0m [36mentity[0m=[35mProducts_by_Categories[0m [36mpriority[0m=[35m1[0m [36mretry_count[0m=[35m0[0m [36mskip[0m=[35m0[0m [36mtop[0m=[35m50[0m [36mworker_id[0m=[35mworker_6[0m
2025-09-22 10:06:09,463 - workers.proxy_pool - INFO - execute_command:74 - [2m2025-09-22T04:36:09.463872Z[0m [[32m[1minfo     [0m] [1m🔄 Worker executing request with resilience patterns[0m [[0m[1m[34mworkers.proxy_pool[0m][0m [36mcircuit_breaker_state[0m=[35mclosed[0m [36mcommand_id[0m=[35mProducts_by_Categories_page_1[0m [36mworker_id[0m=[35mworker_6[0m
2025-09-22 10:06:09,463 - workers.proxy_pool - INFO - _worker_loop:346 - [2m2025-09-22T04:36:09.463872Z[0m [[32m[1minfo     [0m] [1m🟢 Worker started and ready for commands[0m [[0m[1m[34mworkers.proxy_pool[0m][0m [36mworker_id[0m=[35mworker_7[0m [36mworker_status[0m=[35mACTIVE[0m
2025-09-22 10:06:09,463 - workers.proxy_pool - INFO - _worker_loop:363 - [2m2025-09-22T04:36:09.463872Z[0m [[32m[1minfo     [0m] [1m📋 Worker picked up command from queue[0m [[0m[1m[34mworkers.proxy_pool[0m][0m [36mcommand_id[0m=[35mProducts_by_Categories_page_2[0m [36mentity[0m=[35mProducts_by_Categories[0m [36mqueue_size_after_pickup[0m=[35m44[0m [36mworker_id[0m=[35mworker_7[0m [36mworker_status[0m=[35mPROCESSING[0m
2025-09-22 10:06:09,466 - workers.proxy_pool - INFO - execute_command:51 - [2m2025-09-22T04:36:09.463872Z[0m [[32m[1minfo     [0m] [1m🚀 Worker starting command execution[0m [[0m[1m[34mworkers.proxy_pool[0m][0m [36mcommand_id[0m=[35mProducts_by_Categories_page_2[0m [36mcommand_type[0m=[35mfetch_page[0m [36mentity[0m=[35mProducts_by_Categories[0m [36mpriority[0m=[35m1[0m [36mretry_count[0m=[35m0[0m [36mskip[0m=[35m50[0m [36mtop[0m=[35m50[0m [36mworker_id[0m=[35mworker_7[0m
2025-09-22 10:06:09,466 - workers.proxy_pool - INFO - execute_command:74 - [2m2025-09-22T04:36:09.466765Z[0m [[32m[1minfo     [0m] [1m🔄 Worker executing request with resilience patterns[0m [[0m[1m[34mworkers.proxy_pool[0m][0m [36mcircuit_breaker_state[0m=[35mclosed[0m [36mcommand_id[0m=[35mProducts_by_Categories_page_2[0m [36mworker_id[0m=[35mworker_7[0m
2025-09-22 10:06:09,466 - workers.proxy_pool - INFO - _worker_loop:346 - [2m2025-09-22T04:36:09.466765Z[0m [[32m[1minfo     [0m] [1m🟢 Worker started and ready for commands[0m [[0m[1m[34mworkers.proxy_pool[0m][0m [36mworker_id[0m=[35mworker_8[0m [36mworker_status[0m=[35mACTIVE[0m
2025-09-22 10:06:09,467 - workers.proxy_pool - INFO - _worker_loop:363 - [2m2025-09-22T04:36:09.467771Z[0m [[32m[1minfo     [0m] [1m📋 Worker picked up command from queue[0m [[0m[1m[34mworkers.proxy_pool[0m][0m [36mcommand_id[0m=[35mProducts_Above_Average_Prices_page_1[0m [36mentity[0m=[35mProducts_Above_Average_Prices[0m [36mqueue_size_after_pickup[0m=[35m43[0m [36mworker_id[0m=[35mworker_8[0m [36mworker_status[0m=[35mPROCESSING[0m
2025-09-22 10:06:09,467 - workers.proxy_pool - INFO - execute_command:51 - [2m2025-09-22T04:36:09.467771Z[0m [[32m[1minfo     [0m] [1m🚀 Worker starting command execution[0m [[0m[1m[34mworkers.proxy_pool[0m][0m [36mcommand_id[0m=[35mProducts_Above_Average_Prices_page_1[0m [36mcommand_type[0m=[35mfetch_page[0m [36mentity[0m=[35mProducts_Above_Average_Prices[0m [36mpriority[0m=[35m1[0m [36mretry_count[0m=[35m0[0m [36mskip[0m=[35m0[0m [36mtop[0m=[35m50[0m [36mworker_id[0m=[35mworker_8[0m
2025-09-22 10:06:09,467 - workers.proxy_pool - INFO - execute_command:74 - [2m2025-09-22T04:36:09.467771Z[0m [[32m[1minfo     [0m] [1m🔄 Worker executing request with resilience patterns[0m [[0m[1m[34mworkers.proxy_pool[0m][0m [36mcircuit_breaker_state[0m=[35mclosed[0m [36mcommand_id[0m=[35mProducts_Above_Average_Prices_page_1[0m [36mworker_id[0m=[35mworker_8[0m
2025-09-22 10:06:09,467 - workers.proxy_pool - INFO - _worker_loop:346 - [2m2025-09-22T04:36:09.467771Z[0m [[32m[1minfo     [0m] [1m🟢 Worker started and ready for commands[0m [[0m[1m[34mworkers.proxy_pool[0m][0m [36mworker_id[0m=[35mworker_9[0m [36mworker_status[0m=[35mACTIVE[0m
2025-09-22 10:06:09,467 - workers.proxy_pool - INFO - _worker_loop:363 - [2m2025-09-22T04:36:09.467771Z[0m [[32m[1minfo     [0m] [1m📋 Worker picked up command from queue[0m [[0m[1m[34mworkers.proxy_pool[0m][0m [36mcommand_id[0m=[35mSummary_of_Sales_by_Quarters_page_1[0m [36mentity[0m=[35mSummary_of_Sales_by_Quarters[0m [36mqueue_size_after_pickup[0m=[35m42[0m [36mworker_id[0m=[35mworker_9[0m [36mworker_status[0m=[35mPROCESSING[0m
2025-09-22 10:06:09,467 - workers.proxy_pool - INFO - execute_command:51 - [2m2025-09-22T04:36:09.467771Z[0m [[32m[1minfo     [0m] [1m🚀 Worker starting command execution[0m [[0m[1m[34mworkers.proxy_pool[0m][0m [36mcommand_id[0m=[35mSummary_of_Sales_by_Quarters_page_1[0m [36mcommand_type[0m=[35mfetch_page[0m [36mentity[0m=[35mSummary_of_Sales_by_Quarters[0m [36mpriority[0m=[35m1[0m [36mretry_count[0m=[35m0[0m [36mskip[0m=[35m0[0m [36mtop[0m=[35m50[0m [36mworker_id[0m=[35mworker_9[0m
2025-09-22 10:06:09,467 - workers.proxy_pool - INFO - execute_command:74 - [2m2025-09-22T04:36:09.467771Z[0m [[32m[1minfo     [0m] [1m🔄 Worker executing request with resilience patterns[0m [[0m[1m[34mworkers.proxy_pool[0m][0m [36mcircuit_breaker_state[0m=[35mclosed[0m [36mcommand_id[0m=[35mSummary_of_Sales_by_Quarters_page_1[0m [36mworker_id[0m=[35mworker_9[0m
2025-09-22 10:06:09,467 - workers.proxy_pool - INFO - _worker_loop:346 - [2m2025-09-22T04:36:09.467771Z[0m [[32m[1minfo     [0m] [1m🟢 Worker started and ready for commands[0m [[0m[1m[34mworkers.proxy_pool[0m][0m [36mworker_id[0m=[35mworker_10[0m [36mworker_status[0m=[35mACTIVE[0m
2025-09-22 10:06:09,467 - workers.proxy_pool - INFO - _worker_loop:363 - [2m2025-09-22T04:36:09.467771Z[0m [[32m[1minfo     [0m] [1m📋 Worker picked up command from queue[0m [[0m[1m[34mworkers.proxy_pool[0m][0m [36mcommand_id[0m=[35mSummary_of_Sales_by_Quarters_page_2[0m [36mentity[0m=[35mSummary_of_Sales_by_Quarters[0m [36mqueue_size_after_pickup[0m=[35m41[0m [36mworker_id[0m=[35mworker_10[0m [36mworker_status[0m=[35mPROCESSING[0m
2025-09-22 10:06:09,467 - workers.proxy_pool - INFO - execute_command:51 - [2m2025-09-22T04:36:09.467771Z[0m [[32m[1minfo     [0m] [1m🚀 Worker starting command execution[0m [[0m[1m[34mworkers.proxy_pool[0m][0m [36mcommand_id[0m=[35mSummary_of_Sales_by_Quarters_page_2[0m [36mcommand_type[0m=[35mfetch_page[0m [36mentity[0m=[35mSummary_of_Sales_by_Quarters[0m [36mpriority[0m=[35m1[0m [36mretry_count[0m=[35m0[0m [36mskip[0m=[35m50[0m [36mtop[0m=[35m50[0m [36mworker_id[0m=[35mworker_10[0m
2025-09-22 10:06:09,467 - workers.proxy_pool - INFO - execute_command:74 - [2m2025-09-22T04:36:09.467771Z[0m [[32m[1minfo     [0m] [1m🔄 Worker executing request with resilience patterns[0m [[0m[1m[34mworkers.proxy_pool[0m][0m [36mcircuit_breaker_state[0m=[35mclosed[0m [36mcommand_id[0m=[35mSummary_of_Sales_by_Quarters_page_2[0m [36mworker_id[0m=[35mworker_10[0m
2025-09-22 10:06:09,472 - workers.proxy_pool - INFO - _worker_loop:346 - [2m2025-09-22T04:36:09.472557Z[0m [[32m[1minfo     [0m] [1m🟢 Worker started and ready for commands[0m [[0m[1m[34mworkers.proxy_pool[0m][0m [36mworker_id[0m=[35mworker_11[0m [36mworker_status[0m=[35mACTIVE[0m
2025-09-22 10:06:09,473 - workers.proxy_pool - INFO - _worker_loop:363 - [2m2025-09-22T04:36:09.473042Z[0m [[32m[1minfo     [0m] [1m📋 Worker picked up command from queue[0m [[0m[1m[34mworkers.proxy_pool[0m][0m [36mcommand_id[0m=[35mSummary_of_Sales_by_Quarters_page_3[0m [36mentity[0m=[35mSummary_of_Sales_by_Quarters[0m [36mqueue_size_after_pickup[0m=[35m40[0m [36mworker_id[0m=[35mworker_11[0m [36mworker_status[0m=[35mPROCESSING[0m
2025-09-22 10:06:09,473 - workers.proxy_pool - INFO - execute_command:51 - [2m2025-09-22T04:36:09.473042Z[0m [[32m[1minfo     [0m] [1m🚀 Worker starting command execution[0m [[0m[1m[34mworkers.proxy_pool[0m][0m [36mcommand_id[0m=[35mSummary_of_Sales_by_Quarters_page_3[0m [36mcommand_type[0m=[35mfetch_page[0m [36mentity[0m=[35mSummary_of_Sales_by_Quarters[0m [36mpriority[0m=[35m1[0m [36mretry_count[0m=[35m0[0m [36mskip[0m=[35m100[0m [36mtop[0m=[35m50[0m [36mworker_id[0m=[35mworker_11[0m
2025-09-22 10:06:09,473 - workers.proxy_pool - INFO - _worker_loop:346 - [2m2025-09-22T04:36:09.473042Z[0m [[32m[1minfo     [0m] [1m🟢 Worker started and ready for commands[0m [[0m[1m[34mworkers.proxy_pool[0m][0m [36mworker_id[0m=[35mworker_12[0m [36mworker_status[0m=[35mACTIVE[0m
2025-09-22 10:06:09,473 - workers.proxy_pool - INFO - _worker_loop:363 - [2m2025-09-22T04:36:09.473042Z[0m [[32m[1minfo     [0m] [1m📋 Worker picked up command from queue[0m [[0m[1m[34mworkers.proxy_pool[0m][0m [36mcommand_id[0m=[35mAlphabetical_list_of_products_page_1[0m [36mentity[0m=[35mAlphabetical_list_of_products[0m [36mqueue_size_after_pickup[0m=[35m39[0m [36mworker_id[0m=[35mworker_12[0m [36mworker_status[0m=[35mPROCESSING[0m
2025-09-22 10:06:09,474 - workers.proxy_pool - INFO - execute_command:51 - [2m2025-09-22T04:36:09.474549Z[0m [[32m[1minfo     [0m] [1m🚀 Worker starting command execution[0m [[0m[1m[34mworkers.proxy_pool[0m][0m [36mcommand_id[0m=[35mAlphabetical_list_of_products_page_1[0m [36mcommand_type[0m=[35mfetch_page[0m [36mentity[0m=[35mAlphabetical_list_of_products[0m [36mpriority[0m=[35m1[0m [36mretry_count[0m=[35m0[0m [36mskip[0m=[35m0[0m [36mtop[0m=[35m50[0m [36mworker_id[0m=[35mworker_12[0m
2025-09-22 10:06:09,474 - workers.proxy_pool - INFO - _worker_loop:346 - [2m2025-09-22T04:36:09.474549Z[0m [[32m[1minfo     [0m] [1m🟢 Worker started and ready for commands[0m [[0m[1m[34mworkers.proxy_pool[0m][0m [36mworker_id[0m=[35mworker_13[0m [36mworker_status[0m=[35mACTIVE[0m
2025-09-22 10:06:09,474 - workers.proxy_pool - INFO - _worker_loop:363 - [2m2025-09-22T04:36:09.474549Z[0m [[32m[1minfo     [0m] [1m📋 Worker picked up command from queue[0m [[0m[1m[34mworkers.proxy_pool[0m][0m [36mcommand_id[0m=[35mAlphabetical_list_of_products_page_2[0m [36mentity[0m=[35mAlphabetical_list_of_products[0m [36mqueue_size_after_pickup[0m=[35m38[0m [36mworker_id[0m=[35mworker_13[0m [36mworker_status[0m=[35mPROCESSING[0m
2025-09-22 10:06:09,474 - workers.proxy_pool - INFO - execute_command:51 - [2m2025-09-22T04:36:09.474549Z[0m [[32m[1minfo     [0m] [1m🚀 Worker starting command execution[0m [[0m[1m[34mworkers.proxy_pool[0m][0m [36mcommand_id[0m=[35mAlphabetical_list_of_products_page_2[0m [36mcommand_type[0m=[35mfetch_page[0m [36mentity[0m=[35mAlphabetical_list_of_products[0m [36mpriority[0m=[35m1[0m [36mretry_count[0m=[35m0[0m [36mskip[0m=[35m50[0m [36mtop[0m=[35m50[0m [36mworker_id[0m=[35mworker_13[0m
2025-09-22 10:06:09,474 - workers.proxy_pool - INFO - _worker_loop:346 - [2m2025-09-22T04:36:09.474549Z[0m [[32m[1minfo     [0m] [1m🟢 Worker started and ready for commands[0m [[0m[1m[34mworkers.proxy_pool[0m][0m [36mworker_id[0m=[35mworker_14[0m [36mworker_status[0m=[35mACTIVE[0m
2025-09-22 10:06:09,474 - workers.proxy_pool - INFO - _worker_loop:363 - [2m2025-09-22T04:36:09.474549Z[0m [[32m[1minfo     [0m] [1m📋 Worker picked up command from queue[0m [[0m[1m[34mworkers.proxy_pool[0m][0m [36mcommand_id[0m=[35mProduct_Sales_for_1997_page_1[0m [36mentity[0m=[35mProduct_Sales_for_1997[0m [36mqueue_size_after_pickup[0m=[35m37[0m [36mworker_id[0m=[35mworker_14[0m [36mworker_status[0m=[35mPROCESSING[0m
2025-09-22 10:06:09,474 - workers.proxy_pool - INFO - execute_command:51 - [2m2025-09-22T04:36:09.474549Z[0m [[32m[1minfo     [0m] [1m🚀 Worker starting command execution[0m [[0m[1m[34mworkers.proxy_pool[0m][0m [36mcommand_id[0m=[35mProduct_Sales_for_1997_page_1[0m [36mcommand_type[0m=[35mfetch_page[0m [36mentity[0m=[35mProduct_Sales_for_1997[0m [36mpriority[0m=[35m1[0m [36mretry_count[0m=[35m0[0m [36mskip[0m=[35m0[0m [36mtop[0m=[35m50[0m [36mworker_id[0m=[35mworker_14[0m
2025-09-22 10:06:09,474 - workers.proxy_pool - INFO - _worker_loop:346 - [2m2025-09-22T04:36:09.474549Z[0m [[32m[1minfo     [0m] [1m🟢 Worker started and ready for commands[0m [[0m[1m[34mworkers.proxy_pool[0m][0m [36mworker_id[0m=[35mworker_15[0m [36mworker_status[0m=[35mACTIVE[0m
2025-09-22 10:06:09,474 - workers.proxy_pool - INFO - _worker_loop:363 - [2m2025-09-22T04:36:09.474549Z[0m [[32m[1minfo     [0m] [1m📋 Worker picked up command from queue[0m [[0m[1m[34mworkers.proxy_pool[0m][0m [36mcommand_id[0m=[35mProduct_Sales_for_1997_page_2[0m [36mentity[0m=[35mProduct_Sales_for_1997[0m [36mqueue_size_after_pickup[0m=[35m36[0m [36mworker_id[0m=[35mworker_15[0m [36mworker_status[0m=[35mPROCESSING[0m
2025-09-22 10:06:09,479 - workers.proxy_pool - INFO - execute_command:51 - [2m2025-09-22T04:36:09.479380Z[0m [[32m[1minfo     [0m] [1m🚀 Worker starting command execution[0m [[0m[1m[34mworkers.proxy_pool[0m][0m [36mcommand_id[0m=[35mProduct_Sales_for_1997_page_2[0m [36mcommand_type[0m=[35mfetch_page[0m [36mentity[0m=[35mProduct_Sales_for_1997[0m [36mpriority[0m=[35m1[0m [36mretry_count[0m=[35m0[0m [36mskip[0m=[35m50[0m [36mtop[0m=[35m50[0m [36mworker_id[0m=[35mworker_15[0m
2025-09-22 10:06:09,480 - workers.proxy_pool - INFO - _worker_loop:346 - [2m2025-09-22T04:36:09.480125Z[0m [[32m[1minfo     [0m] [1m🟢 Worker started and ready for commands[0m [[0m[1m[34mworkers.proxy_pool[0m][0m [36mworker_id[0m=[35mworker_16[0m [36mworker_status[0m=[35mACTIVE[0m
2025-09-22 10:06:09,480 - workers.proxy_pool - INFO - _worker_loop:363 - [2m2025-09-22T04:36:09.480125Z[0m [[32m[1minfo     [0m] [1m📋 Worker picked up command from queue[0m [[0m[1m[34mworkers.proxy_pool[0m][0m [36mcommand_id[0m=[35mSales_Totals_by_Amounts_page_1[0m [36mentity[0m=[35mSales_Totals_by_Amounts[0m [36mqueue_size_after_pickup[0m=[35m35[0m [36mworker_id[0m=[35mworker_16[0m [36mworker_status[0m=[35mPROCESSING[0m
2025-09-22 10:06:09,480 - workers.proxy_pool - INFO - execute_command:51 - [2m2025-09-22T04:36:09.480125Z[0m [[32m[1minfo     [0m] [1m🚀 Worker starting command execution[0m [[0m[1m[34mworkers.proxy_pool[0m][0m [36mcommand_id[0m=[35mSales_Totals_by_Amounts_page_1[0m [36mcommand_type[0m=[35mfetch_page[0m [36mentity[0m=[35mSales_Totals_by_Amounts[0m [36mpriority[0m=[35m1[0m [36mretry_count[0m=[35m0[0m [36mskip[0m=[35m0[0m [36mtop[0m=[35m50[0m [36mworker_id[0m=[35mworker_16[0m
2025-09-22 10:06:09,480 - workers.proxy_pool - INFO - _worker_loop:346 - [2m2025-09-22T04:36:09.480125Z[0m [[32m[1minfo     [0m] [1m🟢 Worker started and ready for commands[0m [[0m[1m[34mworkers.proxy_pool[0m][0m [36mworker_id[0m=[35mworker_17[0m [36mworker_status[0m=[35mACTIVE[0m
2025-09-22 10:06:09,482 - workers.proxy_pool - INFO - _worker_loop:363 - [2m2025-09-22T04:36:09.482022Z[0m [[32m[1minfo     [0m] [1m📋 Worker picked up command from queue[0m [[0m[1m[34mworkers.proxy_pool[0m][0m [36mcommand_id[0m=[35mSales_Totals_by_Amounts_page_2[0m [36mentity[0m=[35mSales_Totals_by_Amounts[0m [36mqueue_size_after_pickup[0m=[35m34[0m [36mworker_id[0m=[35mworker_17[0m [36mworker_status[0m=[35mPROCESSING[0m
2025-09-22 10:06:09,482 - workers.proxy_pool - INFO - execute_command:51 - [2m2025-09-22T04:36:09.482530Z[0m [[32m[1minfo     [0m] [1m🚀 Worker starting command execution[0m [[0m[1m[34mworkers.proxy_pool[0m][0m [36mcommand_id[0m=[35mSales_Totals_by_Amounts_page_2[0m [36mcommand_type[0m=[35mfetch_page[0m [36mentity[0m=[35mSales_Totals_by_Amounts[0m [36mpriority[0m=[35m1[0m [36mretry_count[0m=[35m0[0m [36mskip[0m=[35m50[0m [36mtop[0m=[35m50[0m [36mworker_id[0m=[35mworker_17[0m
2025-09-22 10:06:09,482 - workers.proxy_pool - INFO - _worker_loop:346 - [2m2025-09-22T04:36:09.482530Z[0m [[32m[1minfo     [0m] [1m🟢 Worker started and ready for commands[0m [[0m[1m[34mworkers.proxy_pool[0m][0m [36mworker_id[0m=[35mworker_18[0m [36mworker_status[0m=[35mACTIVE[0m
2025-09-22 10:06:09,483 - workers.proxy_pool - INFO - _worker_loop:363 - [2m2025-09-22T04:36:09.483272Z[0m [[32m[1minfo     [0m] [1m📋 Worker picked up command from queue[0m [[0m[1m[34mworkers.proxy_pool[0m][0m [36mcommand_id[0m=[35mOrder_Details_page_1[0m [36mentity[0m=[35mOrder_Details[0m [36mqueue_size_after_pickup[0m=[35m33[0m [36mworker_id[0m=[35mworker_18[0m [36mworker_status[0m=[35mPROCESSING[0m
2025-09-22 10:06:09,483 - workers.proxy_pool - INFO - execute_command:51 - [2m2025-09-22T04:36:09.483953Z[0m [[32m[1minfo     [0m] [1m🚀 Worker starting command execution[0m [[0m[1m[34mworkers.proxy_pool[0m][0m [36mcommand_id[0m=[35mOrder_Details_page_1[0m [36mcommand_type[0m=[35mfetch_page[0m [36mentity[0m=[35mOrder_Details[0m [36mpriority[0m=[35m1[0m [36mretry_count[0m=[35m0[0m [36mskip[0m=[35m0[0m [36mtop[0m=[35m50[0m [36mworker_id[0m=[35mworker_18[0m
2025-09-22 10:06:09,483 - workers.proxy_pool - INFO - _worker_loop:346 - [2m2025-09-22T04:36:09.483953Z[0m [[32m[1minfo     [0m] [1m🟢 Worker started and ready for commands[0m [[0m[1m[34mworkers.proxy_pool[0m][0m [36mworker_id[0m=[35mworker_19[0m [36mworker_status[0m=[35mACTIVE[0m
2025-09-22 10:06:09,483 - workers.proxy_pool - INFO - _worker_loop:363 - [2m2025-09-22T04:36:09.483953Z[0m [[32m[1minfo     [0m] [1m📋 Worker picked up command from queue[0m [[0m[1m[34mworkers.proxy_pool[0m][0m [36mcommand_id[0m=[35mOrder_Details_page_2[0m [36mentity[0m=[35mOrder_Details[0m [36mqueue_size_after_pickup[0m=[35m32[0m [36mworker_id[0m=[35mworker_19[0m [36mworker_status[0m=[35mPROCESSING[0m
2025-09-22 10:06:09,483 - workers.proxy_pool - INFO - execute_command:51 - [2m2025-09-22T04:36:09.483953Z[0m [[32m[1minfo     [0m] [1m🚀 Worker starting command execution[0m [[0m[1m[34mworkers.proxy_pool[0m][0m [36mcommand_id[0m=[35mOrder_Details_page_2[0m [36mcommand_type[0m=[35mfetch_page[0m [36mentity[0m=[35mOrder_Details[0m [36mpriority[0m=[35m1[0m [36mretry_count[0m=[35m0[0m [36mskip[0m=[35m50[0m [36mtop[0m=[35m50[0m [36mworker_id[0m=[35mworker_19[0m
2025-09-22 10:06:09,483 - httpcore.connection - DEBUG - atrace:87 - connect_tcp.started host='services.odata.org' port=443 local_address=None timeout=30 socket_options=None
2025-09-22 10:06:09,483 - httpcore.connection - DEBUG - atrace:87 - connect_tcp.started host='services.odata.org' port=443 local_address=None timeout=30 socket_options=None
2025-09-22 10:06:09,483 - httpcore.connection - DEBUG - atrace:87 - connect_tcp.started host='services.odata.org' port=443 local_address=None timeout=30 socket_options=None
2025-09-22 10:06:09,483 - httpcore.connection - DEBUG - atrace:87 - connect_tcp.started host='services.odata.org' port=443 local_address=None timeout=30 socket_options=None
2025-09-22 10:06:09,483 - httpcore.connection - DEBUG - atrace:87 - connect_tcp.started host='services.odata.org' port=443 local_address=None timeout=30 socket_options=None
2025-09-22 10:06:09,483 - httpcore.connection - DEBUG - atrace:87 - connect_tcp.started host='services.odata.org' port=443 local_address=None timeout=30 socket_options=None
2025-09-22 10:06:09,483 - httpcore.connection - DEBUG - atrace:87 - connect_tcp.started host='services.odata.org' port=443 local_address=None timeout=30 socket_options=None
2025-09-22 10:06:09,483 - httpcore.connection - DEBUG - atrace:87 - connect_tcp.started host='services.odata.org' port=443 local_address=None timeout=30 socket_options=None
2025-09-22 10:06:09,483 - httpcore.connection - DEBUG - atrace:87 - connect_tcp.started host='services.odata.org' port=443 local_address=None timeout=30 socket_options=None
2025-09-22 10:06:09,483 - httpcore.connection - DEBUG - atrace:87 - connect_tcp.started host='services.odata.org' port=443 local_address=None timeout=30 socket_options=None
2025-09-22 10:06:09,483 - httpcore.connection - DEBUG - atrace:87 - connect_tcp.started host='services.odata.org' port=443 local_address=None timeout=30 socket_options=None
2025-09-22 10:06:09,544 - workers.proxy_pool - INFO - execute_command:74 - [2m2025-09-22T04:36:09.544021Z[0m [[32m[1minfo     [0m] [1m🔄 Worker executing request with resilience patterns[0m [[0m[1m[34mworkers.proxy_pool[0m][0m [36mcircuit_breaker_state[0m=[35mclosed[0m [36mcommand_id[0m=[35mSummary_of_Sales_by_Quarters_page_3[0m [36mworker_id[0m=[35mworker_11[0m
2025-09-22 10:06:09,546 - httpcore.connection - DEBUG - atrace:87 - connect_tcp.started host='services.odata.org' port=443 local_address=None timeout=30 socket_options=None
2025-09-22 10:06:09,659 - workers.proxy_pool - INFO - execute_command:74 - [2m2025-09-22T04:36:09.659746Z[0m [[32m[1minfo     [0m] [1m🔄 Worker executing request with resilience patterns[0m [[0m[1m[34mworkers.proxy_pool[0m][0m [36mcircuit_breaker_state[0m=[35mclosed[0m [36mcommand_id[0m=[35mAlphabetical_list_of_products_page_1[0m [36mworker_id[0m=[35mworker_12[0m
2025-09-22 10:06:09,660 - httpcore.connection - DEBUG - atrace:87 - connect_tcp.started host='services.odata.org' port=443 local_address=None timeout=30 socket_options=None
2025-09-22 10:06:09,750 - workers.proxy_pool - INFO - execute_command:74 - [2m2025-09-22T04:36:09.750798Z[0m [[32m[1minfo     [0m] [1m🔄 Worker executing request with resilience patterns[0m [[0m[1m[34mworkers.proxy_pool[0m][0m [36mcircuit_breaker_state[0m=[35mclosed[0m [36mcommand_id[0m=[35mAlphabetical_list_of_products_page_2[0m [36mworker_id[0m=[35mworker_13[0m
2025-09-22 10:06:09,752 - httpcore.connection - DEBUG - atrace:87 - connect_tcp.started host='services.odata.org' port=443 local_address=None timeout=30 socket_options=None
2025-09-22 10:06:09,793 - httpcore.connection - DEBUG - atrace:87 - connect_tcp.complete return_value=<httpcore._backends.anyio.AnyIOStream object at 0x0000022F535305F0>
2025-09-22 10:06:09,795 - httpcore.connection - DEBUG - atrace:87 - start_tls.started ssl_context=<ssl.SSLContext object at 0x0000022F535292D0> server_hostname='services.odata.org' timeout=30
2025-09-22 10:06:09,795 - httpcore.connection - DEBUG - atrace:87 - connect_tcp.complete return_value=<httpcore._backends.anyio.AnyIOStream object at 0x0000022F53530C80>
2025-09-22 10:06:09,795 - httpcore.connection - DEBUG - atrace:87 - start_tls.started ssl_context=<ssl.SSLContext object at 0x0000022F535292D0> server_hostname='services.odata.org' timeout=30
2025-09-22 10:06:09,795 - httpcore.connection - DEBUG - atrace:87 - connect_tcp.complete return_value=<httpcore._backends.anyio.AnyIOStream object at 0x0000022F53530080>
2025-09-22 10:06:09,795 - httpcore.connection - DEBUG - atrace:87 - start_tls.started ssl_context=<ssl.SSLContext object at 0x0000022F535292D0> server_hostname='services.odata.org' timeout=30
2025-09-22 10:06:09,795 - httpcore.connection - DEBUG - atrace:87 - connect_tcp.complete return_value=<httpcore._backends.anyio.AnyIOStream object at 0x0000022F532E0DD0>
2025-09-22 10:06:09,795 - httpcore.connection - DEBUG - atrace:87 - start_tls.started ssl_context=<ssl.SSLContext object at 0x0000022F535292D0> server_hostname='services.odata.org' timeout=30
2025-09-22 10:06:09,795 - httpcore.connection - DEBUG - atrace:87 - connect_tcp.complete return_value=<httpcore._backends.anyio.AnyIOStream object at 0x0000022F51F7A600>
2025-09-22 10:06:09,795 - httpcore.connection - DEBUG - atrace:87 - start_tls.started ssl_context=<ssl.SSLContext object at 0x0000022F535292D0> server_hostname='services.odata.org' timeout=30
2025-09-22 10:06:09,800 - httpcore.connection - DEBUG - atrace:87 - connect_tcp.complete return_value=<httpcore._backends.anyio.AnyIOStream object at 0x0000022F53488B30>
2025-09-22 10:06:09,800 - httpcore.connection - DEBUG - atrace:87 - start_tls.started ssl_context=<ssl.SSLContext object at 0x0000022F535292D0> server_hostname='services.odata.org' timeout=30
2025-09-22 10:06:09,800 - httpcore.connection - DEBUG - atrace:87 - connect_tcp.complete return_value=<httpcore._backends.anyio.AnyIOStream object at 0x0000022F53530560>
2025-09-22 10:06:09,800 - httpcore.connection - DEBUG - atrace:87 - start_tls.started ssl_context=<ssl.SSLContext object at 0x0000022F535292D0> server_hostname='services.odata.org' timeout=30
2025-09-22 10:06:09,800 - httpcore.connection - DEBUG - atrace:87 - connect_tcp.complete return_value=<httpcore._backends.anyio.AnyIOStream object at 0x0000022F53531970>
2025-09-22 10:06:09,800 - httpcore.connection - DEBUG - atrace:87 - start_tls.started ssl_context=<ssl.SSLContext object at 0x0000022F535292D0> server_hostname='services.odata.org' timeout=30
2025-09-22 10:06:09,800 - httpcore.connection - DEBUG - atrace:87 - connect_tcp.complete return_value=<httpcore._backends.anyio.AnyIOStream object at 0x0000022F53533140>
2025-09-22 10:06:09,800 - httpcore.connection - DEBUG - atrace:87 - start_tls.started ssl_context=<ssl.SSLContext object at 0x0000022F535292D0> server_hostname='services.odata.org' timeout=30
2025-09-22 10:06:09,803 - httpcore.connection - DEBUG - atrace:87 - connect_tcp.complete return_value=<httpcore._backends.anyio.AnyIOStream object at 0x0000022F53533800>
2025-09-22 10:06:09,803 - httpcore.connection - DEBUG - atrace:87 - start_tls.started ssl_context=<ssl.SSLContext object at 0x0000022F535292D0> server_hostname='services.odata.org' timeout=30
2025-09-22 10:06:09,803 - httpcore.connection - DEBUG - atrace:87 - connect_tcp.complete return_value=<httpcore._backends.anyio.AnyIOStream object at 0x0000022F53531BB0>
2025-09-22 10:06:09,803 - httpcore.connection - DEBUG - atrace:87 - start_tls.started ssl_context=<ssl.SSLContext object at 0x0000022F535292D0> server_hostname='services.odata.org' timeout=30
2025-09-22 10:06:09,803 - httpcore.connection - DEBUG - atrace:87 - connect_tcp.complete return_value=<httpcore._backends.anyio.AnyIOStream object at 0x0000022F535322D0>
2025-09-22 10:06:09,803 - httpcore.connection - DEBUG - atrace:87 - start_tls.started ssl_context=<ssl.SSLContext object at 0x0000022F535292D0> server_hostname='services.odata.org' timeout=30
2025-09-22 10:06:09,848 - workers.proxy_pool - INFO - execute_command:74 - [2m2025-09-22T04:36:09.848866Z[0m [[32m[1minfo     [0m] [1m🔄 Worker executing request with resilience patterns[0m [[0m[1m[34mworkers.proxy_pool[0m][0m [36mcircuit_breaker_state[0m=[35mclosed[0m [36mcommand_id[0m=[35mProduct_Sales_for_1997_page_1[0m [36mworker_id[0m=[35mworker_14[0m
2025-09-22 10:06:09,849 - httpcore.connection - DEBUG - atrace:87 - connect_tcp.started host='services.odata.org' port=443 local_address=None timeout=30 socket_options=None
2025-09-22 10:06:09,893 - httpcore.connection - DEBUG - atrace:87 - connect_tcp.complete return_value=<httpcore._backends.anyio.AnyIOStream object at 0x0000022F53446570>
2025-09-22 10:06:09,893 - httpcore.connection - DEBUG - atrace:87 - start_tls.started ssl_context=<ssl.SSLContext object at 0x0000022F535292D0> server_hostname='services.odata.org' timeout=30
2025-09-22 10:06:09,947 - workers.proxy_pool - INFO - execute_command:74 - [2m2025-09-22T04:36:09.947935Z[0m [[32m[1minfo     [0m] [1m🔄 Worker executing request with resilience patterns[0m [[0m[1m[34mworkers.proxy_pool[0m][0m [36mcircuit_breaker_state[0m=[35mclosed[0m [36mcommand_id[0m=[35mProduct_Sales_for_1997_page_2[0m [36mworker_id[0m=[35mworker_15[0m
2025-09-22 10:06:09,948 - httpcore.connection - DEBUG - atrace:87 - connect_tcp.started host='services.odata.org' port=443 local_address=None timeout=30 socket_options=None
2025-09-22 10:06:09,987 - httpcore.connection - DEBUG - atrace:87 - connect_tcp.complete return_value=<httpcore._backends.anyio.AnyIOStream object at 0x0000022F53447230>
2025-09-22 10:06:09,987 - httpcore.connection - DEBUG - atrace:87 - start_tls.started ssl_context=<ssl.SSLContext object at 0x0000022F535292D0> server_hostname='services.odata.org' timeout=30
2025-09-22 10:06:10,050 - workers.proxy_pool - INFO - execute_command:74 - [2m2025-09-22T04:36:10.050503Z[0m [[32m[1minfo     [0m] [1m🔄 Worker executing request with resilience patterns[0m [[0m[1m[34mworkers.proxy_pool[0m][0m [36mcircuit_breaker_state[0m=[35mclosed[0m [36mcommand_id[0m=[35mSales_Totals_by_Amounts_page_1[0m [36mworker_id[0m=[35mworker_16[0m
2025-09-22 10:06:10,050 - httpcore.connection - DEBUG - atrace:87 - connect_tcp.started host='services.odata.org' port=443 local_address=None timeout=30 socket_options=None
2025-09-22 10:06:10,077 - httpcore.connection - DEBUG - atrace:87 - connect_tcp.complete return_value=<httpcore._backends.anyio.AnyIOStream object at 0x0000022F53489D90>
2025-09-22 10:06:10,077 - httpcore.connection - DEBUG - atrace:87 - start_tls.started ssl_context=<ssl.SSLContext object at 0x0000022F535292D0> server_hostname='services.odata.org' timeout=30
2025-09-22 10:06:10,146 - workers.proxy_pool - INFO - execute_command:74 - [2m2025-09-22T04:36:10.146440Z[0m [[32m[1minfo     [0m] [1m🔄 Worker executing request with resilience patterns[0m [[0m[1m[34mworkers.proxy_pool[0m][0m [36mcircuit_breaker_state[0m=[35mclosed[0m [36mcommand_id[0m=[35mSales_Totals_by_Amounts_page_2[0m [36mworker_id[0m=[35mworker_17[0m
2025-09-22 10:06:10,146 - httpcore.connection - DEBUG - atrace:87 - connect_tcp.started host='services.odata.org' port=443 local_address=None timeout=30 socket_options=None
2025-09-22 10:06:10,182 - httpcore.connection - DEBUG - atrace:87 - connect_tcp.complete return_value=<httpcore._backends.anyio.AnyIOStream object at 0x0000022F5351D610>
2025-09-22 10:06:10,182 - httpcore.connection - DEBUG - atrace:87 - start_tls.started ssl_context=<ssl.SSLContext object at 0x0000022F535292D0> server_hostname='services.odata.org' timeout=30
2025-09-22 10:06:10,258 - workers.proxy_pool - INFO - execute_command:74 - [2m2025-09-22T04:36:10.258294Z[0m [[32m[1minfo     [0m] [1m🔄 Worker executing request with resilience patterns[0m [[0m[1m[34mworkers.proxy_pool[0m][0m [36mcircuit_breaker_state[0m=[35mclosed[0m [36mcommand_id[0m=[35mOrder_Details_page_1[0m [36mworker_id[0m=[35mworker_18[0m
2025-09-22 10:06:10,259 - httpcore.connection - DEBUG - atrace:87 - connect_tcp.started host='services.odata.org' port=443 local_address=None timeout=30 socket_options=None
2025-09-22 10:06:10,282 - httpcore.connection - DEBUG - atrace:87 - start_tls.complete return_value=<httpcore._backends.anyio.AnyIOStream object at 0x0000022F535337D0>
2025-09-22 10:06:10,295 - httpcore.http11 - DEBUG - atrace:87 - send_request_headers.started request=<Request [b'GET']>
2025-09-22 10:06:10,295 - httpcore.connection - DEBUG - atrace:87 - start_tls.complete return_value=<httpcore._backends.anyio.AnyIOStream object at 0x0000022F509E6720>
2025-09-22 10:06:10,311 - httpcore.http11 - DEBUG - atrace:87 - send_request_headers.complete
2025-09-22 10:06:10,313 - httpcore.http11 - DEBUG - atrace:87 - send_request_body.started request=<Request [b'GET']>
2025-09-22 10:06:10,313 - httpcore.http11 - DEBUG - atrace:87 - send_request_body.complete
2025-09-22 10:06:10,313 - httpcore.http11 - DEBUG - atrace:87 - receive_response_headers.started request=<Request [b'GET']>
2025-09-22 10:06:10,313 - httpcore.http11 - DEBUG - atrace:87 - send_request_headers.started request=<Request [b'GET']>
2025-09-22 10:06:10,313 - httpcore.connection - DEBUG - atrace:87 - start_tls.complete return_value=<httpcore._backends.anyio.AnyIOStream object at 0x0000022F53530CB0>
2025-09-22 10:06:10,313 - httpcore.connection - DEBUG - atrace:87 - start_tls.complete return_value=<httpcore._backends.anyio.AnyIOStream object at 0x0000022F53530920>
2025-09-22 10:06:10,313 - httpcore.connection - DEBUG - atrace:87 - start_tls.complete return_value=<httpcore._backends.anyio.AnyIOStream object at 0x0000022F53530DA0>
2025-09-22 10:06:10,313 - httpcore.http11 - DEBUG - atrace:87 - send_request_headers.complete
2025-09-22 10:06:10,313 - httpcore.http11 - DEBUG - atrace:87 - send_request_body.started request=<Request [b'GET']>
2025-09-22 10:06:10,313 - httpcore.http11 - DEBUG - atrace:87 - send_request_body.complete
2025-09-22 10:06:10,313 - httpcore.http11 - DEBUG - atrace:87 - receive_response_headers.started request=<Request [b'GET']>
2025-09-22 10:06:10,313 - httpcore.http11 - DEBUG - atrace:87 - send_request_headers.started request=<Request [b'GET']>
2025-09-22 10:06:10,313 - httpcore.http11 - DEBUG - atrace:87 - send_request_headers.started request=<Request [b'GET']>
2025-09-22 10:06:10,313 - httpcore.http11 - DEBUG - atrace:87 - send_request_headers.started request=<Request [b'GET']>
2025-09-22 10:06:10,338 - httpcore.http11 - DEBUG - atrace:87 - send_request_headers.complete
2025-09-22 10:06:10,338 - httpcore.http11 - DEBUG - atrace:87 - send_request_body.started request=<Request [b'GET']>
2025-09-22 10:06:10,338 - httpcore.http11 - DEBUG - atrace:87 - send_request_body.complete
2025-09-22 10:06:10,338 - httpcore.http11 - DEBUG - atrace:87 - receive_response_headers.started request=<Request [b'GET']>
2025-09-22 10:06:10,338 - httpcore.http11 - DEBUG - atrace:87 - send_request_headers.complete
2025-09-22 10:06:10,338 - httpcore.http11 - DEBUG - atrace:87 - send_request_body.started request=<Request [b'GET']>
2025-09-22 10:06:10,338 - httpcore.http11 - DEBUG - atrace:87 - send_request_body.complete
2025-09-22 10:06:10,340 - httpcore.http11 - DEBUG - atrace:87 - receive_response_headers.started request=<Request [b'GET']>
2025-09-22 10:06:10,340 - httpcore.http11 - DEBUG - atrace:87 - send_request_headers.complete
2025-09-22 10:06:10,340 - httpcore.http11 - DEBUG - atrace:87 - send_request_body.started request=<Request [b'GET']>
2025-09-22 10:06:10,340 - httpcore.http11 - DEBUG - atrace:87 - send_request_body.complete
2025-09-22 10:06:10,340 - httpcore.http11 - DEBUG - atrace:87 - receive_response_headers.started request=<Request [b'GET']>
2025-09-22 10:06:10,340 - httpcore.connection - DEBUG - atrace:87 - start_tls.complete return_value=<httpcore._backends.anyio.AnyIOStream object at 0x0000022F53530AA0>
2025-09-22 10:06:10,340 - httpcore.connection - DEBUG - atrace:87 - start_tls.complete return_value=<httpcore._backends.anyio.AnyIOStream object at 0x0000022F534885F0>
2025-09-22 10:06:10,340 - httpcore.connection - DEBUG - atrace:87 - start_tls.complete return_value=<httpcore._backends.anyio.AnyIOStream object at 0x0000022F53532210>
2025-09-22 10:06:10,340 - httpcore.connection - DEBUG - atrace:87 - start_tls.complete return_value=<httpcore._backends.anyio.AnyIOStream object at 0x0000022F53531A90>
2025-09-22 10:06:10,340 - httpcore.connection - DEBUG - atrace:87 - start_tls.complete return_value=<httpcore._backends.anyio.AnyIOStream object at 0x0000022F5348B650>
2025-09-22 10:06:10,340 - httpcore.http11 - DEBUG - atrace:87 - send_request_headers.started request=<Request [b'GET']>
2025-09-22 10:06:10,340 - httpcore.http11 - DEBUG - atrace:87 - send_request_headers.started request=<Request [b'GET']>
2025-09-22 10:06:10,340 - httpcore.http11 - DEBUG - atrace:87 - send_request_headers.started request=<Request [b'GET']>
2025-09-22 10:06:10,340 - httpcore.http11 - DEBUG - atrace:87 - send_request_headers.started request=<Request [b'GET']>
2025-09-22 10:06:10,340 - httpcore.http11 - DEBUG - atrace:87 - send_request_headers.started request=<Request [b'GET']>
2025-09-22 10:06:10,345 - workers.proxy_pool - INFO - execute_command:74 - [2m2025-09-22T04:36:10.345916Z[0m [[32m[1minfo     [0m] [1m🔄 Worker executing request with resilience patterns[0m [[0m[1m[34mworkers.proxy_pool[0m][0m [36mcircuit_breaker_state[0m=[35mclosed[0m [36mcommand_id[0m=[35mOrder_Details_page_2[0m [36mworker_id[0m=[35mworker_19[0m
2025-09-22 10:06:10,345 - httpcore.connection - DEBUG - atrace:87 - connect_tcp.complete return_value=<httpcore._backends.anyio.AnyIOStream object at 0x0000022F534EEB40>
2025-09-22 10:06:10,345 - httpcore.connection - DEBUG - atrace:87 - start_tls.started ssl_context=<ssl.SSLContext object at 0x0000022F535292D0> server_hostname='services.odata.org' timeout=30
2025-09-22 10:06:10,345 - httpcore.http11 - DEBUG - atrace:87 - send_request_headers.complete
2025-09-22 10:06:10,345 - httpcore.http11 - DEBUG - atrace:87 - send_request_body.started request=<Request [b'GET']>
2025-09-22 10:06:10,345 - httpcore.http11 - DEBUG - atrace:87 - send_request_body.complete
2025-09-22 10:06:10,345 - httpcore.http11 - DEBUG - atrace:87 - receive_response_headers.started request=<Request [b'GET']>
2025-09-22 10:06:10,345 - httpcore.http11 - DEBUG - atrace:87 - send_request_headers.complete
2025-09-22 10:06:10,345 - httpcore.http11 - DEBUG - atrace:87 - send_request_body.started request=<Request [b'GET']>
2025-09-22 10:06:10,345 - httpcore.http11 - DEBUG - atrace:87 - send_request_body.complete
2025-09-22 10:06:10,345 - httpcore.http11 - DEBUG - atrace:87 - receive_response_headers.started request=<Request [b'GET']>
2025-09-22 10:06:10,345 - httpcore.http11 - DEBUG - atrace:87 - send_request_headers.complete
2025-09-22 10:06:10,345 - httpcore.http11 - DEBUG - atrace:87 - send_request_body.started request=<Request [b'GET']>
2025-09-22 10:06:10,345 - httpcore.http11 - DEBUG - atrace:87 - send_request_body.complete
2025-09-22 10:06:10,345 - httpcore.http11 - DEBUG - atrace:87 - receive_response_headers.started request=<Request [b'GET']>
2025-09-22 10:06:10,345 - httpcore.http11 - DEBUG - atrace:87 - send_request_headers.complete
2025-09-22 10:06:10,345 - httpcore.http11 - DEBUG - atrace:87 - send_request_body.started request=<Request [b'GET']>
2025-09-22 10:06:10,345 - httpcore.http11 - DEBUG - atrace:87 - send_request_body.complete
2025-09-22 10:06:10,345 - httpcore.http11 - DEBUG - atrace:87 - receive_response_headers.started request=<Request [b'GET']>
2025-09-22 10:06:10,345 - httpcore.http11 - DEBUG - atrace:87 - send_request_headers.complete
2025-09-22 10:06:10,345 - httpcore.http11 - DEBUG - atrace:87 - send_request_body.started request=<Request [b'GET']>
2025-09-22 10:06:10,345 - httpcore.http11 - DEBUG - atrace:87 - send_request_body.complete
2025-09-22 10:06:10,345 - httpcore.http11 - DEBUG - atrace:87 - receive_response_headers.started request=<Request [b'GET']>
2025-09-22 10:06:10,345 - httpcore.connection - DEBUG - atrace:87 - start_tls.complete return_value=<httpcore._backends.anyio.AnyIOStream object at 0x0000022F535330E0>
2025-09-22 10:06:10,345 - httpcore.connection - DEBUG - atrace:87 - start_tls.complete return_value=<httpcore._backends.anyio.AnyIOStream object at 0x0000022F53531D30>
2025-09-22 10:06:10,345 - httpcore.connection - DEBUG - atrace:87 - connect_tcp.started host='services.odata.org' port=443 local_address=None timeout=30 socket_options=None
2025-09-22 10:06:10,345 - httpcore.http11 - DEBUG - atrace:87 - send_request_headers.started request=<Request [b'GET']>
2025-09-22 10:06:10,345 - httpcore.http11 - DEBUG - atrace:87 - send_request_headers.started request=<Request [b'GET']>
2025-09-22 10:06:10,345 - httpcore.http11 - DEBUG - atrace:87 - send_request_headers.complete
2025-09-22 10:06:10,345 - httpcore.http11 - DEBUG - atrace:87 - send_request_body.started request=<Request [b'GET']>
2025-09-22 10:06:10,345 - httpcore.http11 - DEBUG - atrace:87 - send_request_body.complete
2025-09-22 10:06:10,345 - httpcore.http11 - DEBUG - atrace:87 - receive_response_headers.started request=<Request [b'GET']>
2025-09-22 10:06:10,345 - httpcore.http11 - DEBUG - atrace:87 - send_request_headers.complete
2025-09-22 10:06:10,345 - httpcore.http11 - DEBUG - atrace:87 - send_request_body.started request=<Request [b'GET']>
2025-09-22 10:06:10,345 - httpcore.http11 - DEBUG - atrace:87 - send_request_body.complete
2025-09-22 10:06:10,345 - httpcore.http11 - DEBUG - atrace:87 - receive_response_headers.started request=<Request [b'GET']>
2025-09-22 10:06:10,365 - httpcore.connection - DEBUG - atrace:87 - start_tls.complete return_value=<httpcore._backends.anyio.AnyIOStream object at 0x0000022F534479B0>
2025-09-22 10:06:10,365 - httpcore.http11 - DEBUG - atrace:87 - send_request_headers.started request=<Request [b'GET']>
2025-09-22 10:06:10,365 - httpcore.http11 - DEBUG - atrace:87 - send_request_headers.complete
2025-09-22 10:06:10,365 - httpcore.http11 - DEBUG - atrace:87 - send_request_body.started request=<Request [b'GET']>
2025-09-22 10:06:10,365 - httpcore.http11 - DEBUG - atrace:87 - send_request_body.complete
2025-09-22 10:06:10,365 - httpcore.http11 - DEBUG - atrace:87 - receive_response_headers.started request=<Request [b'GET']>
2025-09-22 10:06:10,386 - httpcore.connection - DEBUG - atrace:87 - connect_tcp.complete return_value=<httpcore._backends.anyio.AnyIOStream object at 0x0000022F534EC380>
2025-09-22 10:06:10,386 - httpcore.connection - DEBUG - atrace:87 - start_tls.started ssl_context=<ssl.SSLContext object at 0x0000022F535292D0> server_hostname='services.odata.org' timeout=30
2025-09-22 10:06:10,458 - httpcore.connection - DEBUG - atrace:87 - start_tls.complete return_value=<httpcore._backends.anyio.AnyIOStream object at 0x0000022F534EE210>
2025-09-22 10:06:10,458 - httpcore.http11 - DEBUG - atrace:87 - send_request_headers.started request=<Request [b'GET']>
2025-09-22 10:06:10,458 - httpcore.http11 - DEBUG - atrace:87 - send_request_headers.complete
2025-09-22 10:06:10,458 - httpcore.http11 - DEBUG - atrace:87 - send_request_body.started request=<Request [b'GET']>
2025-09-22 10:06:10,458 - httpcore.http11 - DEBUG - atrace:87 - send_request_body.complete
2025-09-22 10:06:10,458 - httpcore.http11 - DEBUG - atrace:87 - receive_response_headers.started request=<Request [b'GET']>
2025-09-22 10:06:10,495 - httpcore.connection - DEBUG - atrace:87 - connect_tcp.complete return_value=<httpcore._backends.anyio.AnyIOStream object at 0x0000022F5351B830>
2025-09-22 10:06:10,495 - httpcore.connection - DEBUG - atrace:87 - start_tls.started ssl_context=<ssl.SSLContext object at 0x0000022F535292D0> server_hostname='services.odata.org' timeout=30
2025-09-22 10:06:10,555 - httpcore.http11 - DEBUG - atrace:87 - receive_response_headers.complete return_value=(b'HTTP/1.1', 200, b'OK', [(b'Content-Length', b'617'), (b'Content-Type', b'application/json;odata.metadata=minimal;odata.streaming=true;IEEE754Compatible=false;charset=utf-8'), (b'Date', b'Mon, 22 Sep 2025 04:36:11 GMT'), (b'Server', b'Microsoft-IIS/10.0'), (b'Access-Control-Allow-Headers', b'Accept, Origin, Content-Type, MaxDataServiceVersion'), (b'Access-Control-Allow-Methods', b'GET'), (b'Access-Control-Allow-Origin', b'*'), (b'Access-Control-Expose-Headers', b'DataServiceVersion'), (b'Cache-Control', b'private'), (b'Content-Encoding', b'gzip'), (b'Expires', b'Mon, 22 Sep 2025 04:37:12 GMT'), (b'Vary', b'*'), (b'X-Content-Type-Options', b'nosniff'), (b'OData-Version', b'4.0;'), (b'X-AspNet-Version', b'4.0.30319'), (b'X-Powered-By', b'ASP.NET')])
2025-09-22 10:06:10,555 - httpx - INFO - _send_single_request:1740 - HTTP Request: GET https://services.odata.org/V4/Northwind/Northwind.svc/Current_Product_Lists?%24skip=50&%24top=50 "HTTP/1.1 200 OK"
2025-09-22 10:06:10,555 - httpcore.http11 - DEBUG - atrace:87 - receive_response_body.started request=<Request [b'GET']>
2025-09-22 10:06:10,555 - httpcore.http11 - DEBUG - atrace:87 - receive_response_body.complete
2025-09-22 10:06:10,555 - httpcore.http11 - DEBUG - atrace:87 - response_closed.started
2025-09-22 10:06:10,555 - httpcore.http11 - DEBUG - atrace:87 - response_closed.complete
2025-09-22 10:06:10,555 - workers.proxy_pool - INFO - _make_http_request:162 - [2m2025-09-22T04:36:10.555080Z[0m [[32m[1minfo     [0m] [1m📊 Worker successfully fetched data[0m [[0m[1m[34mworkers.proxy_pool[0m][0m [36mcommand_id[0m=[35mCurrent_Product_Lists_page_2[0m [36mentity[0m=[35mCurrent_Product_Lists[0m [36mhas_next_page[0m=[35mFalse[0m [36mrecords_in_response[0m=[35m19[0m [36mworker_id[0m=[35mworker_5[0m
2025-09-22 10:06:10,555 - workers.proxy_pool - INFO - execute_command:85 - [2m2025-09-22T04:36:10.555080Z[0m [[32m[1minfo     [0m] [1m✅ Worker completed command successfully[0m [[0m[1m[34mworkers.proxy_pool[0m][0m [36mcommand_id[0m=[35mCurrent_Product_Lists_page_2[0m [36mentity[0m=[35mCurrent_Product_Lists[0m [36mexecution_time_seconds[0m=[35m1.09[0m [36mhas_next_page[0m=[35mFalse[0m [36mrecords_fetched[0m=[35m19[0m [36mworker_id[0m=[35mworker_5[0m
2025-09-22 10:06:10,555 - workers.proxy_pool - INFO - _worker_loop:363 - [2m2025-09-22T04:36:10.555080Z[0m [[32m[1minfo     [0m] [1m📋 Worker picked up command from queue[0m [[0m[1m[34mworkers.proxy_pool[0m][0m [36mcommand_id[0m=[35mOrder_Details_page_3[0m [36mentity[0m=[35mOrder_Details[0m [36mqueue_size_after_pickup[0m=[35m31[0m [36mworker_id[0m=[35mworker_5[0m [36mworker_status[0m=[35mPROCESSING[0m
2025-09-22 10:06:10,555 - workers.proxy_pool - INFO - execute_command:51 - [2m2025-09-22T04:36:10.555080Z[0m [[32m[1minfo     [0m] [1m🚀 Worker starting command execution[0m [[0m[1m[34mworkers.proxy_pool[0m][0m [36mcommand_id[0m=[35mOrder_Details_page_3[0m [36mcommand_type[0m=[35mfetch_page[0m [36mentity[0m=[35mOrder_Details[0m [36mpriority[0m=[35m1[0m [36mretry_count[0m=[35m0[0m [36mskip[0m=[35m100[0m [36mtop[0m=[35m50[0m [36mworker_id[0m=[35mworker_5[0m
2025-09-22 10:06:10,555 - workers.proxy_pool - INFO - execute_command:74 - [2m2025-09-22T04:36:10.555080Z[0m [[32m[1minfo     [0m] [1m🔄 Worker executing request with resilience patterns[0m [[0m[1m[34mworkers.proxy_pool[0m][0m [36mcircuit_breaker_state[0m=[35mclosed[0m [36mcommand_id[0m=[35mOrder_Details_page_3[0m [36mworker_id[0m=[35mworker_5[0m
2025-09-22 10:06:10,555 - storage.transformer - INFO - transform_odata_response:96 - [2m2025-09-22T04:36:10.555080Z[0m [[32m[1minfo     [0m] [1mTransformation completed      [0m [[0m[1m[34mstorage.transformer[0m][0m [36mentity_name[0m=[35mCurrent_Product_Lists[0m [36minput_records[0m=[35m19[0m [36moutput_records[0m=[35m19[0m
2025-09-22 10:06:10,562 - storage.local_storage - INFO - store_processed_records:131 - [2m2025-09-22T04:36:10.562961Z[0m [[32m[1minfo     [0m] [1mStoring processed records     [0m [[0m[1m[34mstorage.local_storage[0m][0m [36mentity_name[0m=[35mCurrent_Product_Lists[0m [36mformat[0m=[35mjson[0m [36mrecord_count[0m=[35m19[0m
2025-09-22 10:06:10,564 - storage.local_storage - INFO - store_processed_records:142 - [2m2025-09-22T04:36:10.562961Z[0m [[32m[1minfo     [0m] [1mSuccessfully stored processed records[0m [[0m[1m[34mstorage.local_storage[0m][0m [36mentity_name[0m=[35mCurrent_Product_Lists[0m [36mfile_path[0m=[35m./test_output/processed\Current_Product_Lists_20250922_043610.json[0m [36mrecord_count[0m=[35m19[0m
2025-09-22 10:06:10,567 - storage.local_storage - INFO - store_raw_response:83 - [2m2025-09-22T04:36:10.567988Z[0m [[32m[1minfo     [0m] [1mSuccessfully stored raw data  [0m [[0m[1m[34mstorage.local_storage[0m][0m [36mentity_name[0m=[35mCurrent_Product_Lists[0m [36mfile_path[0m=[35m./test_output/raw\Current_Product_Lists\2025/09/22\04\Current_Product_Lists_page_2.json[0m [36msize_bytes[0m=[35m1969[0m
2025-09-22 10:06:10,567 - httpcore.http11 - DEBUG - atrace:87 - send_request_headers.started request=<Request [b'GET']>
2025-09-22 10:06:10,570 - httpcore.http11 - DEBUG - atrace:87 - send_request_headers.complete
2025-09-22 10:06:10,570 - httpcore.http11 - DEBUG - atrace:87 - send_request_body.started request=<Request [b'GET']>
2025-09-22 10:06:10,570 - httpcore.http11 - DEBUG - atrace:87 - send_request_body.complete
2025-09-22 10:06:10,570 - httpcore.http11 - DEBUG - atrace:87 - receive_response_headers.started request=<Request [b'GET']>
2025-09-22 10:06:10,577 - httpcore.connection - DEBUG - atrace:87 - start_tls.complete return_value=<httpcore._backends.anyio.AnyIOStream object at 0x0000022F534899D0>
2025-09-22 10:06:10,577 - httpcore.http11 - DEBUG - atrace:87 - send_request_headers.started request=<Request [b'GET']>
2025-09-22 10:06:10,577 - httpcore.http11 - DEBUG - atrace:87 - send_request_headers.complete
2025-09-22 10:06:10,577 - httpcore.http11 - DEBUG - atrace:87 - send_request_body.started request=<Request [b'GET']>
2025-09-22 10:06:10,577 - httpcore.http11 - DEBUG - atrace:87 - send_request_body.complete
2025-09-22 10:06:10,577 - httpcore.http11 - DEBUG - atrace:87 - receive_response_headers.started request=<Request [b'GET']>
2025-09-22 10:06:10,583 - httpcore.connection - DEBUG - atrace:87 - connect_tcp.complete return_value=<httpcore._backends.anyio.AnyIOStream object at 0x0000022F53518170>
2025-09-22 10:06:10,583 - httpcore.connection - DEBUG - atrace:87 - start_tls.started ssl_context=<ssl.SSLContext object at 0x0000022F535292D0> server_hostname='services.odata.org' timeout=30
2025-09-22 10:06:10,583 - httpcore.http11 - DEBUG - atrace:87 - receive_response_headers.complete return_value=(b'HTTP/1.1', 200, b'OK', [(b'Content-Length', b'307'), (b'Content-Type', b'application/json;odata.metadata=minimal;odata.streaming=true;IEEE754Compatible=false;charset=utf-8'), (b'Date', b'Mon, 22 Sep 2025 04:36:11 GMT'), (b'Server', b'Microsoft-IIS/10.0'), (b'Access-Control-Allow-Headers', b'Accept, Origin, Content-Type, MaxDataServiceVersion'), (b'Access-Control-Allow-Methods', b'GET'), (b'Access-Control-Allow-Origin', b'*'), (b'Access-Control-Expose-Headers', b'DataServiceVersion'), (b'Cache-Control', b'private'), (b'Content-Encoding', b'gzip'), (b'Expires', b'Mon, 22 Sep 2025 04:37:12 GMT'), (b'Vary', b'*'), (b'X-Content-Type-Options', b'nosniff'), (b'OData-Version', b'4.0;'), (b'X-AspNet-Version', b'4.0.30319'), (b'X-Powered-By', b'ASP.NET')])
2025-09-22 10:06:10,583 - httpx - INFO - _send_single_request:1740 - HTTP Request: GET https://services.odata.org/V4/Northwind/Northwind.svc/Territories?%24skip=50&%24top=50 "HTTP/1.1 200 OK"
2025-09-22 10:06:10,588 - httpcore.http11 - DEBUG - atrace:87 - receive_response_body.started request=<Request [b'GET']>
2025-09-22 10:06:10,588 - httpcore.http11 - DEBUG - atrace:87 - receive_response_body.complete
2025-09-22 10:06:10,588 - httpcore.http11 - DEBUG - atrace:87 - response_closed.started
2025-09-22 10:06:10,588 - httpcore.http11 - DEBUG - atrace:87 - response_closed.complete
2025-09-22 10:06:10,588 - workers.proxy_pool - INFO - _make_http_request:162 - [2m2025-09-22T04:36:10.588416Z[0m [[32m[1minfo     [0m] [1m📊 Worker successfully fetched data[0m [[0m[1m[34mworkers.proxy_pool[0m][0m [36mcommand_id[0m=[35mTerritories_page_2[0m [36mentity[0m=[35mTerritories[0m [36mhas_next_page[0m=[35mFalse[0m [36mrecords_in_response[0m=[35m3[0m [36mworker_id[0m=[35mworker_3[0m
2025-09-22 10:06:10,589 - workers.proxy_pool - INFO - execute_command:85 - [2m2025-09-22T04:36:10.589424Z[0m [[32m[1minfo     [0m] [1m✅ Worker completed command successfully[0m [[0m[1m[34mworkers.proxy_pool[0m][0m [36mcommand_id[0m=[35mTerritories_page_2[0m [36mentity[0m=[35mTerritories[0m [36mexecution_time_seconds[0m=[35m1.14[0m [36mhas_next_page[0m=[35mFalse[0m [36mrecords_fetched[0m=[35m3[0m [36mworker_id[0m=[35mworker_3[0m
2025-09-22 10:06:10,589 - workers.proxy_pool - INFO - _worker_loop:363 - [2m2025-09-22T04:36:10.589982Z[0m [[32m[1minfo     [0m] [1m📋 Worker picked up command from queue[0m [[0m[1m[34mworkers.proxy_pool[0m][0m [36mcommand_id[0m=[35mSuppliers_page_1[0m [36mentity[0m=[35mSuppliers[0m [36mqueue_size_after_pickup[0m=[35m30[0m [36mworker_id[0m=[35mworker_3[0m [36mworker_status[0m=[35mPROCESSING[0m
2025-09-22 10:06:10,589 - workers.proxy_pool - INFO - execute_command:51 - [2m2025-09-22T04:36:10.589982Z[0m [[32m[1minfo     [0m] [1m🚀 Worker starting command execution[0m [[0m[1m[34mworkers.proxy_pool[0m][0m [36mcommand_id[0m=[35mSuppliers_page_1[0m [36mcommand_type[0m=[35mfetch_page[0m [36mentity[0m=[35mSuppliers[0m [36mpriority[0m=[35m1[0m [36mretry_count[0m=[35m0[0m [36mskip[0m=[35m0[0m [36mtop[0m=[35m50[0m [36mworker_id[0m=[35mworker_3[0m
2025-09-22 10:06:10,589 - workers.proxy_pool - INFO - execute_command:74 - [2m2025-09-22T04:36:10.589982Z[0m [[32m[1minfo     [0m] [1m🔄 Worker executing request with resilience patterns[0m [[0m[1m[34mworkers.proxy_pool[0m][0m [36mcircuit_breaker_state[0m=[35mclosed[0m [36mcommand_id[0m=[35mSuppliers_page_1[0m [36mworker_id[0m=[35mworker_3[0m
2025-09-22 10:06:10,589 - storage.transformer - INFO - transform_odata_response:96 - [2m2025-09-22T04:36:10.589982Z[0m [[32m[1minfo     [0m] [1mTransformation completed      [0m [[0m[1m[34mstorage.transformer[0m][0m [36mentity_name[0m=[35mTerritories[0m [36minput_records[0m=[35m3[0m [36moutput_records[0m=[35m3[0m
2025-09-22 10:06:10,593 - storage.local_storage - INFO - store_processed_records:131 - [2m2025-09-22T04:36:10.593204Z[0m [[32m[1minfo     [0m] [1mStoring processed records     [0m [[0m[1m[34mstorage.local_storage[0m][0m [36mentity_name[0m=[35mTerritories[0m [36mformat[0m=[35mjson[0m [36mrecord_count[0m=[35m3[0m
2025-09-22 10:06:10,594 - storage.local_storage - INFO - store_processed_records:142 - [2m2025-09-22T04:36:10.594732Z[0m [[32m[1minfo     [0m] [1mSuccessfully stored processed records[0m [[0m[1m[34mstorage.local_storage[0m][0m [36mentity_name[0m=[35mTerritories[0m [36mfile_path[0m=[35m./test_output/processed\Territories_20250922_043610.json[0m [36mrecord_count[0m=[35m3[0m
2025-09-22 10:06:10,600 - storage.local_storage - INFO - store_raw_response:83 - [2m2025-09-22T04:36:10.600159Z[0m [[32m[1minfo     [0m] [1mSuccessfully stored raw data  [0m [[0m[1m[34mstorage.local_storage[0m][0m [36mentity_name[0m=[35mTerritories[0m [36mfile_path[0m=[35m./test_output/raw\Territories\2025/09/22\04\Territories_page_2.json[0m [36msize_bytes[0m=[35m860[0m
2025-09-22 10:06:10,600 - httpcore.http11 - DEBUG - atrace:87 - send_request_headers.started request=<Request [b'GET']>
2025-09-22 10:06:10,600 - httpcore.http11 - DEBUG - atrace:87 - send_request_headers.complete
2025-09-22 10:06:10,600 - httpcore.http11 - DEBUG - atrace:87 - send_request_body.started request=<Request [b'GET']>
2025-09-22 10:06:10,600 - httpcore.http11 - DEBUG - atrace:87 - send_request_body.complete
2025-09-22 10:06:10,600 - httpcore.http11 - DEBUG - atrace:87 - receive_response_headers.started request=<Request [b'GET']>
2025-09-22 10:06:10,609 - httpcore.http11 - DEBUG - atrace:87 - receive_response_headers.complete return_value=(b'HTTP/1.1', 200, b'OK', [(b'Content-Length', b'928'), (b'Content-Type', b'application/json;odata.metadata=minimal;odata.streaming=true;IEEE754Compatible=false;charset=utf-8'), (b'Date', b'Mon, 22 Sep 2025 04:36:11 GMT'), (b'Server', b'Microsoft-IIS/10.0'), (b'Access-Control-Allow-Headers', b'Accept, Origin, Content-Type, MaxDataServiceVersion'), (b'Access-Control-Allow-Methods', b'GET'), (b'Access-Control-Allow-Origin', b'*'), (b'Access-Control-Expose-Headers', b'DataServiceVersion'), (b'Cache-Control', b'private'), (b'Content-Encoding', b'gzip'), (b'Expires', b'Mon, 22 Sep 2025 04:37:12 GMT'), (b'Vary', b'*'), (b'X-Content-Type-Options', b'nosniff'), (b'OData-Version', b'4.0;'), (b'X-AspNet-Version', b'4.0.30319'), (b'X-Powered-By', b'ASP.NET')])
2025-09-22 10:06:10,609 - httpx - INFO - _send_single_request:1740 - HTTP Request: GET https://services.odata.org/V4/Northwind/Northwind.svc/Summary_of_Sales_by_Quarters?%24skip=100&%24top=50 "HTTP/1.1 200 OK"
2025-09-22 10:06:10,609 - httpcore.http11 - DEBUG - atrace:87 - receive_response_body.started request=<Request [b'GET']>
2025-09-22 10:06:10,609 - httpcore.http11 - DEBUG - atrace:87 - receive_response_body.complete
2025-09-22 10:06:10,609 - httpcore.http11 - DEBUG - atrace:87 - response_closed.started
2025-09-22 10:06:10,609 - httpcore.http11 - DEBUG - atrace:87 - response_closed.complete
2025-09-22 10:06:10,612 - workers.proxy_pool - INFO - _make_http_request:162 - [2m2025-09-22T04:36:10.612496Z[0m [[32m[1minfo     [0m] [1m📊 Worker successfully fetched data[0m [[0m[1m[34mworkers.proxy_pool[0m][0m [36mcommand_id[0m=[35mSummary_of_Sales_by_Quarters_page_3[0m [36mentity[0m=[35mSummary_of_Sales_by_Quarters[0m [36mhas_next_page[0m=[35mFalse[0m [36mrecords_in_response[0m=[35m50[0m [36mworker_id[0m=[35mworker_11[0m
2025-09-22 10:06:10,613 - workers.proxy_pool - INFO - execute_command:85 - [2m2025-09-22T04:36:10.613076Z[0m [[32m[1minfo     [0m] [1m✅ Worker completed command successfully[0m [[0m[1m[34mworkers.proxy_pool[0m][0m [36mcommand_id[0m=[35mSummary_of_Sales_by_Quarters_page_3[0m [36mentity[0m=[35mSummary_of_Sales_by_Quarters[0m [36mexecution_time_seconds[0m=[35m1.14[0m [36mhas_next_page[0m=[35mFalse[0m [36mrecords_fetched[0m=[35m50[0m [36mworker_id[0m=[35mworker_11[0m
2025-09-22 10:06:10,613 - workers.proxy_pool - INFO - _worker_loop:363 - [2m2025-09-22T04:36:10.613076Z[0m [[32m[1minfo     [0m] [1m📋 Worker picked up command from queue[0m [[0m[1m[34mworkers.proxy_pool[0m][0m [36mcommand_id[0m=[35mCustomer_and_Suppliers_by_Cities_page_1[0m [36mentity[0m=[35mCustomer_and_Suppliers_by_Cities[0m [36mqueue_size_after_pickup[0m=[35m29[0m [36mworker_id[0m=[35mworker_11[0m [36mworker_status[0m=[35mPROCESSING[0m
2025-09-22 10:06:10,614 - workers.proxy_pool - INFO - execute_command:51 - [2m2025-09-22T04:36:10.613076Z[0m [[32m[1minfo     [0m] [1m🚀 Worker starting command execution[0m [[0m[1m[34mworkers.proxy_pool[0m][0m [36mcommand_id[0m=[35mCustomer_and_Suppliers_by_Cities_page_1[0m [36mcommand_type[0m=[35mfetch_page[0m [36mentity[0m=[35mCustomer_and_Suppliers_by_Cities[0m [36mpriority[0m=[35m1[0m [36mretry_count[0m=[35m0[0m [36mskip[0m=[35m0[0m [36mtop[0m=[35m50[0m [36mworker_id[0m=[35mworker_11[0m
2025-09-22 10:06:10,614 - storage.transformer - INFO - transform_odata_response:96 - [2m2025-09-22T04:36:10.614905Z[0m [[32m[1minfo     [0m] [1mTransformation completed      [0m [[0m[1m[34mstorage.transformer[0m][0m [36mentity_name[0m=[35mSummary_of_Sales_by_Quarters[0m [36minput_records[0m=[35m50[0m [36moutput_records[0m=[35m50[0m
2025-09-22 10:06:10,614 - storage.local_storage - INFO - store_processed_records:131 - [2m2025-09-22T04:36:10.614905Z[0m [[32m[1minfo     [0m] [1mStoring processed records     [0m [[0m[1m[34mstorage.local_storage[0m][0m [36mentity_name[0m=[35mSummary_of_Sales_by_Quarters[0m [36mformat[0m=[35mjson[0m [36mrecord_count[0m=[35m50[0m
2025-09-22 10:06:10,620 - storage.local_storage - INFO - store_processed_records:142 - [2m2025-09-22T04:36:10.620000Z[0m [[32m[1minfo     [0m] [1mSuccessfully stored processed records[0m [[0m[1m[34mstorage.local_storage[0m][0m [36mentity_name[0m=[35mSummary_of_Sales_by_Quarters[0m [36mfile_path[0m=[35m./test_output/processed\Summary_of_Sales_by_Quarters_20250922_043610.json[0m [36mrecord_count[0m=[35m50[0m
2025-09-22 10:06:10,625 - storage.local_storage - INFO - store_raw_response:83 - [2m2025-09-22T04:36:10.625401Z[0m [[32m[1minfo     [0m] [1mSuccessfully stored raw data  [0m [[0m[1m[34mstorage.local_storage[0m][0m [36mentity_name[0m=[35mSummary_of_Sales_by_Quarters[0m [36mfile_path[0m=[35m./test_output/raw\Summary_of_Sales_by_Quarters\2025/09/22\04\Summary_of_Sales_by_Quarters_page_3.json[0m [36msize_bytes[0m=[35m6174[0m
2025-09-22 10:06:10,633 - httpcore.http11 - DEBUG - atrace:87 - receive_response_headers.complete return_value=(b'HTTP/1.1', 200, b'OK', [(b'Content-Length', b'932'), (b'Content-Type', b'application/json;odata.metadata=minimal;odata.streaming=true;IEEE754Compatible=false;charset=utf-8'), (b'Date', b'Mon, 22 Sep 2025 04:36:11 GMT'), (b'Server', b'Microsoft-IIS/10.0'), (b'Access-Control-Allow-Headers', b'Accept, Origin, Content-Type, MaxDataServiceVersion'), (b'Access-Control-Allow-Methods', b'GET'), (b'Access-Control-Allow-Origin', b'*'), (b'Access-Control-Expose-Headers', b'DataServiceVersion'), (b'Cache-Control', b'private'), (b'Content-Encoding', b'gzip'), (b'Expires', b'Mon, 22 Sep 2025 04:37:12 GMT'), (b'Vary', b'*'), (b'X-Content-Type-Options', b'nosniff'), (b'OData-Version', b'4.0;'), (b'X-AspNet-Version', b'4.0.30319'), (b'X-Powered-By', b'ASP.NET')])
2025-09-22 10:06:10,633 - httpx - INFO - _send_single_request:1740 - HTTP Request: GET https://services.odata.org/V4/Northwind/Northwind.svc/Summary_of_Sales_by_Quarters?%24skip=0&%24top=50 "HTTP/1.1 200 OK"
2025-09-22 10:06:10,633 - httpcore.http11 - DEBUG - atrace:87 - receive_response_body.started request=<Request [b'GET']>
2025-09-22 10:06:10,633 - httpcore.http11 - DEBUG - atrace:87 - receive_response_body.complete
2025-09-22 10:06:10,633 - httpcore.http11 - DEBUG - atrace:87 - response_closed.started
2025-09-22 10:06:10,633 - httpcore.http11 - DEBUG - atrace:87 - response_closed.complete
2025-09-22 10:06:10,633 - workers.proxy_pool - INFO - _make_http_request:162 - [2m2025-09-22T04:36:10.633900Z[0m [[32m[1minfo     [0m] [1m📊 Worker successfully fetched data[0m [[0m[1m[34mworkers.proxy_pool[0m][0m [36mcommand_id[0m=[35mSummary_of_Sales_by_Quarters_page_1[0m [36mentity[0m=[35mSummary_of_Sales_by_Quarters[0m [36mhas_next_page[0m=[35mFalse[0m [36mrecords_in_response[0m=[35m50[0m [36mworker_id[0m=[35mworker_9[0m
2025-09-22 10:06:10,633 - workers.proxy_pool - INFO - execute_command:85 - [2m2025-09-22T04:36:10.633900Z[0m [[32m[1minfo     [0m] [1m✅ Worker completed command successfully[0m [[0m[1m[34mworkers.proxy_pool[0m][0m [36mcommand_id[0m=[35mSummary_of_Sales_by_Quarters_page_1[0m [36mentity[0m=[35mSummary_of_Sales_by_Quarters[0m [36mexecution_time_seconds[0m=[35m1.16[0m [36mhas_next_page[0m=[35mFalse[0m [36mrecords_fetched[0m=[35m50[0m [36mworker_id[0m=[35mworker_9[0m
2025-09-22 10:06:10,633 - workers.proxy_pool - INFO - _worker_loop:363 - [2m2025-09-22T04:36:10.633900Z[0m [[32m[1minfo     [0m] [1m📋 Worker picked up command from queue[0m [[0m[1m[34mworkers.proxy_pool[0m][0m [36mcommand_id[0m=[35mCustomer_and_Suppliers_by_Cities_page_2[0m [36mentity[0m=[35mCustomer_and_Suppliers_by_Cities[0m [36mqueue_size_after_pickup[0m=[35m28[0m [36mworker_id[0m=[35mworker_9[0m [36mworker_status[0m=[35mPROCESSING[0m
2025-09-22 10:06:10,633 - workers.proxy_pool - INFO - execute_command:51 - [2m2025-09-22T04:36:10.633900Z[0m [[32m[1minfo     [0m] [1m🚀 Worker starting command execution[0m [[0m[1m[34mworkers.proxy_pool[0m][0m [36mcommand_id[0m=[35mCustomer_and_Suppliers_by_Cities_page_2[0m [36mcommand_type[0m=[35mfetch_page[0m [36mentity[0m=[35mCustomer_and_Suppliers_by_Cities[0m [36mpriority[0m=[35m1[0m [36mretry_count[0m=[35m0[0m [36mskip[0m=[35m50[0m [36mtop[0m=[35m50[0m [36mworker_id[0m=[35mworker_9[0m
2025-09-22 10:06:10,639 - storage.transformer - INFO - transform_odata_response:96 - [2m2025-09-22T04:36:10.639648Z[0m [[32m[1minfo     [0m] [1mTransformation completed      [0m [[0m[1m[34mstorage.transformer[0m][0m [36mentity_name[0m=[35mSummary_of_Sales_by_Quarters[0m [36minput_records[0m=[35m50[0m [36moutput_records[0m=[35m50[0m
2025-09-22 10:06:10,639 - storage.local_storage - INFO - store_processed_records:131 - [2m2025-09-22T04:36:10.639648Z[0m [[32m[1minfo     [0m] [1mStoring processed records     [0m [[0m[1m[34mstorage.local_storage[0m][0m [36mentity_name[0m=[35mSummary_of_Sales_by_Quarters[0m [36mformat[0m=[35mjson[0m [36mrecord_count[0m=[35m50[0m
2025-09-22 10:06:10,639 - storage.local_storage - INFO - store_processed_records:142 - [2m2025-09-22T04:36:10.639648Z[0m [[32m[1minfo     [0m] [1mSuccessfully stored processed records[0m [[0m[1m[34mstorage.local_storage[0m][0m [36mentity_name[0m=[35mSummary_of_Sales_by_Quarters[0m [36mfile_path[0m=[35m./test_output/processed\Summary_of_Sales_by_Quarters_20250922_043610.json[0m [36mrecord_count[0m=[35m50[0m
2025-09-22 10:06:10,643 - storage.local_storage - INFO - store_raw_response:83 - [2m2025-09-22T04:36:10.643787Z[0m [[32m[1minfo     [0m] [1mSuccessfully stored raw data  [0m [[0m[1m[34mstorage.local_storage[0m][0m [36mentity_name[0m=[35mSummary_of_Sales_by_Quarters[0m [36mfile_path[0m=[35m./test_output/raw\Summary_of_Sales_by_Quarters\2025/09/22\04\Summary_of_Sales_by_Quarters_page_1.json[0m [36msize_bytes[0m=[35m6172[0m
2025-09-22 10:06:10,645 - workers.proxy_pool - INFO - execute_command:74 - [2m2025-09-22T04:36:10.645804Z[0m [[32m[1minfo     [0m] [1m🔄 Worker executing request with resilience patterns[0m [[0m[1m[34mworkers.proxy_pool[0m][0m [36mcircuit_breaker_state[0m=[35mclosed[0m [36mcommand_id[0m=[35mCustomer_and_Suppliers_by_Cities_page_1[0m [36mworker_id[0m=[35mworker_11[0m
2025-09-22 10:06:10,645 - httpcore.http11 - DEBUG - atrace:87 - send_request_headers.started request=<Request [b'GET']>
2025-09-22 10:06:10,647 - httpcore.http11 - DEBUG - atrace:87 - send_request_headers.complete
2025-09-22 10:06:10,647 - httpcore.http11 - DEBUG - atrace:87 - send_request_body.started request=<Request [b'GET']>
2025-09-22 10:06:10,647 - httpcore.http11 - DEBUG - atrace:87 - send_request_body.complete
2025-09-22 10:06:10,647 - httpcore.http11 - DEBUG - atrace:87 - receive_response_headers.started request=<Request [b'GET']>
2025-09-22 10:06:10,658 - httpcore.connection - DEBUG - atrace:87 - start_tls.complete return_value=<httpcore._backends.anyio.AnyIOStream object at 0x0000022F5351D820>
2025-09-22 10:06:10,658 - httpcore.http11 - DEBUG - atrace:87 - send_request_headers.started request=<Request [b'GET']>
2025-09-22 10:06:10,658 - httpcore.http11 - DEBUG - atrace:87 - send_request_headers.complete
2025-09-22 10:06:10,663 - httpcore.http11 - DEBUG - atrace:87 - send_request_body.started request=<Request [b'GET']>
2025-09-22 10:06:10,663 - httpcore.http11 - DEBUG - atrace:87 - send_request_body.complete
2025-09-22 10:06:10,663 - httpcore.http11 - DEBUG - atrace:87 - receive_response_headers.started request=<Request [b'GET']>
2025-09-22 10:06:10,750 - workers.proxy_pool - INFO - execute_command:74 - [2m2025-09-22T04:36:10.750170Z[0m [[32m[1minfo     [0m] [1m🔄 Worker executing request with resilience patterns[0m [[0m[1m[34mworkers.proxy_pool[0m][0m [36mcircuit_breaker_state[0m=[35mclosed[0m [36mcommand_id[0m=[35mCustomer_and_Suppliers_by_Cities_page_2[0m [36mworker_id[0m=[35mworker_9[0m
2025-09-22 10:06:10,750 - httpcore.http11 - DEBUG - atrace:87 - send_request_headers.started request=<Request [b'GET']>
2025-09-22 10:06:10,754 - httpcore.http11 - DEBUG - atrace:87 - send_request_headers.complete
2025-09-22 10:06:10,754 - httpcore.http11 - DEBUG - atrace:87 - send_request_body.started request=<Request [b'GET']>
2025-09-22 10:06:10,754 - httpcore.http11 - DEBUG - atrace:87 - send_request_body.complete
2025-09-22 10:06:10,754 - httpcore.http11 - DEBUG - atrace:87 - receive_response_headers.started request=<Request [b'GET']>
2025-09-22 10:06:10,767 - httpcore.http11 - DEBUG - atrace:87 - receive_response_headers.complete return_value=(b'HTTP/1.1', 200, b'OK', [(b'Content-Length', b'1377'), (b'Content-Type', b'application/json;odata.metadata=minimal;odata.streaming=true;IEEE754Compatible=false;charset=utf-8'), (b'Date', b'Mon, 22 Sep 2025 04:36:12 GMT'), (b'Server', b'Microsoft-IIS/10.0'), (b'Access-Control-Allow-Headers', b'Accept, Origin, Content-Type, MaxDataServiceVersion'), (b'Access-Control-Allow-Methods', b'GET'), (b'Access-Control-Allow-Origin', b'*'), (b'Access-Control-Expose-Headers', b'DataServiceVersion'), (b'Cache-Control', b'private'), (b'Content-Encoding', b'gzip'), (b'Expires', b'Mon, 22 Sep 2025 04:37:12 GMT'), (b'Vary', b'*'), (b'X-Content-Type-Options', b'nosniff'), (b'OData-Version', b'4.0;'), (b'X-AspNet-Version', b'4.0.30319'), (b'X-Powered-By', b'ASP.NET')])
2025-09-22 10:06:10,768 - httpx - INFO - _send_single_request:1740 - HTTP Request: GET https://services.odata.org/V4/Northwind/Northwind.svc/Alphabetical_list_of_products?%24skip=50&%24top=50 "HTTP/1.1 200 OK"
2025-09-22 10:06:10,768 - httpcore.http11 - DEBUG - atrace:87 - receive_response_body.started request=<Request [b'GET']>
2025-09-22 10:06:10,768 - httpcore.http11 - DEBUG - atrace:87 - receive_response_body.complete
2025-09-22 10:06:10,768 - httpcore.http11 - DEBUG - atrace:87 - response_closed.started
2025-09-22 10:06:10,768 - httpcore.http11 - DEBUG - atrace:87 - response_closed.complete
2025-09-22 10:06:10,770 - workers.proxy_pool - INFO - _make_http_request:162 - [2m2025-09-22T04:36:10.768113Z[0m [[32m[1minfo     [0m] [1m📊 Worker successfully fetched data[0m [[0m[1m[34mworkers.proxy_pool[0m][0m [36mcommand_id[0m=[35mAlphabetical_list_of_products_page_2[0m [36mentity[0m=[35mAlphabetical_list_of_products[0m [36mhas_next_page[0m=[35mFalse[0m [36mrecords_in_response[0m=[35m19[0m [36mworker_id[0m=[35mworker_13[0m
2025-09-22 10:06:10,770 - workers.proxy_pool - INFO - execute_command:85 - [2m2025-09-22T04:36:10.770702Z[0m [[32m[1minfo     [0m] [1m✅ Worker completed command successfully[0m [[0m[1m[34mworkers.proxy_pool[0m][0m [36mcommand_id[0m=[35mAlphabetical_list_of_products_page_2[0m [36mentity[0m=[35mAlphabetical_list_of_products[0m [36mexecution_time_seconds[0m=[35m1.3[0m [36mhas_next_page[0m=[35mFalse[0m [36mrecords_fetched[0m=[35m19[0m [36mworker_id[0m=[35mworker_13[0m
2025-09-22 10:06:10,771 - workers.proxy_pool - INFO - _worker_loop:363 - [2m2025-09-22T04:36:10.771755Z[0m [[32m[1minfo     [0m] [1m📋 Worker picked up command from queue[0m [[0m[1m[34mworkers.proxy_pool[0m][0m [36mcommand_id[0m=[35mCustomer_and_Suppliers_by_Cities_page_3[0m [36mentity[0m=[35mCustomer_and_Suppliers_by_Cities[0m [36mqueue_size_after_pickup[0m=[35m27[0m [36mworker_id[0m=[35mworker_13[0m [36mworker_status[0m=[35mPROCESSING[0m
2025-09-22 10:06:10,772 - workers.proxy_pool - INFO - execute_command:51 - [2m2025-09-22T04:36:10.772486Z[0m [[32m[1minfo     [0m] [1m🚀 Worker starting command execution[0m [[0m[1m[34mworkers.proxy_pool[0m][0m [36mcommand_id[0m=[35mCustomer_and_Suppliers_by_Cities_page_3[0m [36mcommand_type[0m=[35mfetch_page[0m [36mentity[0m=[35mCustomer_and_Suppliers_by_Cities[0m [36mpriority[0m=[35m1[0m [36mretry_count[0m=[35m0[0m [36mskip[0m=[35m100[0m [36mtop[0m=[35m50[0m [36mworker_id[0m=[35mworker_13[0m
2025-09-22 10:06:10,772 - storage.transformer - INFO - transform_odata_response:96 - [2m2025-09-22T04:36:10.772486Z[0m [[32m[1minfo     [0m] [1mTransformation completed      [0m [[0m[1m[34mstorage.transformer[0m][0m [36mentity_name[0m=[35mAlphabetical_list_of_products[0m [36minput_records[0m=[35m19[0m [36moutput_records[0m=[35m19[0m
2025-09-22 10:06:10,775 - storage.local_storage - INFO - store_processed_records:131 - [2m2025-09-22T04:36:10.775748Z[0m [[32m[1minfo     [0m] [1mStoring processed records     [0m [[0m[1m[34mstorage.local_storage[0m][0m [36mentity_name[0m=[35mAlphabetical_list_of_products[0m [36mformat[0m=[35mjson[0m [36mrecord_count[0m=[35m19[0m
2025-09-22 10:06:10,776 - storage.local_storage - INFO - store_processed_records:142 - [2m2025-09-22T04:36:10.776763Z[0m [[32m[1minfo     [0m] [1mSuccessfully stored processed records[0m [[0m[1m[34mstorage.local_storage[0m][0m [36mentity_name[0m=[35mAlphabetical_list_of_products[0m [36mfile_path[0m=[35m./test_output/processed\Alphabetical_list_of_products_20250922_043610.json[0m [36mrecord_count[0m=[35m19[0m
2025-09-22 10:06:10,787 - storage.local_storage - INFO - store_raw_response:83 - [2m2025-09-22T04:36:10.787524Z[0m [[32m[1minfo     [0m] [1mSuccessfully stored raw data  [0m [[0m[1m[34mstorage.local_storage[0m][0m [36mentity_name[0m=[35mAlphabetical_list_of_products[0m [36mfile_path[0m=[35m./test_output/raw\Alphabetical_list_of_products\2025/09/22\04\Alphabetical_list_of_products_page_2.json[0m [36msize_bytes[0m=[35m7092[0m
2025-09-22 10:06:10,826 - httpcore.connection - DEBUG - atrace:87 - start_tls.complete return_value=<httpcore._backends.anyio.AnyIOStream object at 0x0000022F534ECB30>
2025-09-22 10:06:10,826 - httpcore.http11 - DEBUG - atrace:87 - send_request_headers.started request=<Request [b'GET']>
2025-09-22 10:06:10,829 - httpcore.http11 - DEBUG - atrace:87 - receive_response_headers.complete return_value=(b'HTTP/1.1', 200, b'OK', [(b'Content-Length', b'918'), (b'Content-Type', b'application/json;odata.metadata=minimal;odata.streaming=true;IEEE754Compatible=false;charset=utf-8'), (b'Date', b'Mon, 22 Sep 2025 04:36:12 GMT'), (b'Server', b'Microsoft-IIS/10.0'), (b'Access-Control-Allow-Headers', b'Accept, Origin, Content-Type, MaxDataServiceVersion'), (b'Access-Control-Allow-Methods', b'GET'), (b'Access-Control-Allow-Origin', b'*'), (b'Access-Control-Expose-Headers', b'DataServiceVersion'), (b'Cache-Control', b'private'), (b'Content-Encoding', b'gzip'), (b'Expires', b'Mon, 22 Sep 2025 04:37:12 GMT'), (b'Vary', b'*'), (b'X-Content-Type-Options', b'nosniff'), (b'OData-Version', b'4.0;'), (b'X-AspNet-Version', b'4.0.30319'), (b'X-Powered-By', b'ASP.NET')])
2025-09-22 10:06:10,829 - httpx - INFO - _send_single_request:1740 - HTTP Request: GET https://services.odata.org/V4/Northwind/Northwind.svc/Order_Details?%24skip=100&%24top=50 "HTTP/1.1 200 OK"
2025-09-22 10:06:10,829 - httpcore.http11 - DEBUG - atrace:87 - receive_response_body.started request=<Request [b'GET']>
2025-09-22 10:06:10,829 - httpcore.http11 - DEBUG - atrace:87 - receive_response_body.complete
2025-09-22 10:06:10,829 - httpcore.http11 - DEBUG - atrace:87 - response_closed.started
2025-09-22 10:06:10,829 - httpcore.http11 - DEBUG - atrace:87 - send_request_headers.complete
2025-09-22 10:06:10,829 - httpcore.http11 - DEBUG - atrace:87 - send_request_body.started request=<Request [b'GET']>
2025-09-22 10:06:10,829 - httpcore.http11 - DEBUG - atrace:87 - send_request_body.complete
2025-09-22 10:06:10,829 - httpcore.http11 - DEBUG - atrace:87 - receive_response_headers.started request=<Request [b'GET']>
2025-09-22 10:06:10,829 - httpcore.http11 - DEBUG - atrace:87 - response_closed.complete
2025-09-22 10:06:10,833 - workers.proxy_pool - INFO - _make_http_request:162 - [2m2025-09-22T04:36:10.829535Z[0m [[32m[1minfo     [0m] [1m📊 Worker successfully fetched data[0m [[0m[1m[34mworkers.proxy_pool[0m][0m [36mcommand_id[0m=[35mOrder_Details_page_3[0m [36mentity[0m=[35mOrder_Details[0m [36mhas_next_page[0m=[35mFalse[0m [36mrecords_in_response[0m=[35m50[0m [36mworker_id[0m=[35mworker_5[0m
2025-09-22 10:06:10,833 - workers.proxy_pool - INFO - execute_command:85 - [2m2025-09-22T04:36:10.833044Z[0m [[32m[1minfo     [0m] [1m✅ Worker completed command successfully[0m [[0m[1m[34mworkers.proxy_pool[0m][0m [36mcommand_id[0m=[35mOrder_Details_page_3[0m [36mentity[0m=[35mOrder_Details[0m [36mexecution_time_seconds[0m=[35m0.28[0m [36mhas_next_page[0m=[35mFalse[0m [36mrecords_fetched[0m=[35m50[0m [36mworker_id[0m=[35mworker_5[0m
2025-09-22 10:06:10,833 - workers.proxy_pool - INFO - _worker_loop:363 - [2m2025-09-22T04:36:10.833044Z[0m [[32m[1minfo     [0m] [1m📋 Worker picked up command from queue[0m [[0m[1m[34mworkers.proxy_pool[0m][0m [36mcommand_id[0m=[35mCategory_Sales_for_1997_page_1[0m [36mentity[0m=[35mCategory_Sales_for_1997[0m [36mqueue_size_after_pickup[0m=[35m26[0m [36mworker_id[0m=[35mworker_5[0m [36mworker_status[0m=[35mPROCESSING[0m
2025-09-22 10:06:10,833 - workers.proxy_pool - INFO - execute_command:51 - [2m2025-09-22T04:36:10.833044Z[0m [[32m[1minfo     [0m] [1m🚀 Worker starting command execution[0m [[0m[1m[34mworkers.proxy_pool[0m][0m [36mcommand_id[0m=[35mCategory_Sales_for_1997_page_1[0m [36mcommand_type[0m=[35mfetch_page[0m [36mentity[0m=[35mCategory_Sales_for_1997[0m [36mpriority[0m=[35m1[0m [36mretry_count[0m=[35m0[0m [36mskip[0m=[35m0[0m [36mtop[0m=[35m50[0m [36mworker_id[0m=[35mworker_5[0m
2025-09-22 10:06:10,835 - storage.transformer - INFO - transform_odata_response:96 - [2m2025-09-22T04:36:10.835076Z[0m [[32m[1minfo     [0m] [1mTransformation completed      [0m [[0m[1m[34mstorage.transformer[0m][0m [36mentity_name[0m=[35mOrder_Details[0m [36minput_records[0m=[35m50[0m [36moutput_records[0m=[35m50[0m
2025-09-22 10:06:10,835 - storage.local_storage - INFO - store_processed_records:131 - [2m2025-09-22T04:36:10.835076Z[0m [[32m[1minfo     [0m] [1mStoring processed records     [0m [[0m[1m[34mstorage.local_storage[0m][0m [36mentity_name[0m=[35mOrder_Details[0m [36mformat[0m=[35mjson[0m [36mrecord_count[0m=[35m50[0m
2025-09-22 10:06:10,838 - storage.local_storage - INFO - store_processed_records:142 - [2m2025-09-22T04:36:10.838692Z[0m [[32m[1minfo     [0m] [1mSuccessfully stored processed records[0m [[0m[1m[34mstorage.local_storage[0m][0m [36mentity_name[0m=[35mOrder_Details[0m [36mfile_path[0m=[35m./test_output/processed\Order_Details_20250922_043610.json[0m [36mrecord_count[0m=[35m50[0m
2025-09-22 10:06:10,843 - storage.local_storage - INFO - store_raw_response:83 - [2m2025-09-22T04:36:10.843770Z[0m [[32m[1minfo     [0m] [1mSuccessfully stored raw data  [0m [[0m[1m[34mstorage.local_storage[0m][0m [36mentity_name[0m=[35mOrder_Details[0m [36mfile_path[0m=[35m./test_output/raw\Order_Details\2025/09/22\04\Order_Details_page_3.json[0m [36msize_bytes[0m=[35m7357[0m
2025-09-22 10:06:10,845 - workers.proxy_pool - INFO - execute_command:74 - [2m2025-09-22T04:36:10.845211Z[0m [[32m[1minfo     [0m] [1m🔄 Worker executing request with resilience patterns[0m [[0m[1m[34mworkers.proxy_pool[0m][0m [36mcircuit_breaker_state[0m=[35mclosed[0m [36mcommand_id[0m=[35mCustomer_and_Suppliers_by_Cities_page_3[0m [36mworker_id[0m=[35mworker_13[0m
2025-09-22 10:06:10,847 - httpcore.http11 - DEBUG - atrace:87 - receive_response_headers.complete return_value=(b'HTTP/1.1', 200, b'OK', [(b'Content-Length', b'1487'), (b'Content-Type', b'application/json;odata.metadata=minimal;odata.streaming=true;IEEE754Compatible=false;charset=utf-8'), (b'Date', b'Mon, 22 Sep 2025 04:36:12 GMT'), (b'Server', b'Microsoft-IIS/10.0'), (b'Access-Control-Allow-Headers', b'Accept, Origin, Content-Type, MaxDataServiceVersion'), (b'Access-Control-Allow-Methods', b'GET'), (b'Access-Control-Allow-Origin', b'*'), (b'Access-Control-Expose-Headers', b'DataServiceVersion'), (b'Cache-Control', b'private'), (b'Content-Encoding', b'gzip'), (b'Expires', b'Mon, 22 Sep 2025 04:37:12 GMT'), (b'Vary', b'*'), (b'X-Content-Type-Options', b'nosniff'), (b'OData-Version', b'4.0;'), (b'X-AspNet-Version', b'4.0.30319'), (b'X-Powered-By', b'ASP.NET')])
2025-09-22 10:06:10,848 - httpx - INFO - _send_single_request:1740 - HTTP Request: GET https://services.odata.org/V4/Northwind/Northwind.svc/Product_Sales_for_1997?%24skip=0&%24top=50 "HTTP/1.1 200 OK"
2025-09-22 10:06:10,848 - httpcore.http11 - DEBUG - atrace:87 - receive_response_body.started request=<Request [b'GET']>
2025-09-22 10:06:10,848 - httpcore.http11 - DEBUG - atrace:87 - receive_response_body.complete
2025-09-22 10:06:10,848 - httpcore.http11 - DEBUG - atrace:87 - response_closed.started
2025-09-22 10:06:10,848 - httpcore.http11 - DEBUG - atrace:87 - send_request_headers.started request=<Request [b'GET']>
2025-09-22 10:06:10,848 - httpcore.http11 - DEBUG - atrace:87 - response_closed.complete
2025-09-22 10:06:10,848 - workers.proxy_pool - INFO - _make_http_request:162 - [2m2025-09-22T04:36:10.848075Z[0m [[32m[1minfo     [0m] [1m📊 Worker successfully fetched data[0m [[0m[1m[34mworkers.proxy_pool[0m][0m [36mcommand_id[0m=[35mProduct_Sales_for_1997_page_1[0m [36mentity[0m=[35mProduct_Sales_for_1997[0m [36mhas_next_page[0m=[35mFalse[0m [36mrecords_in_response[0m=[35m50[0m [36mworker_id[0m=[35mworker_14[0m
2025-09-22 10:06:10,848 - workers.proxy_pool - INFO - execute_command:85 - [2m2025-09-22T04:36:10.848075Z[0m [[32m[1minfo     [0m] [1m✅ Worker completed command successfully[0m [[0m[1m[34mworkers.proxy_pool[0m][0m [36mcommand_id[0m=[35mProduct_Sales_for_1997_page_1[0m [36mentity[0m=[35mProduct_Sales_for_1997[0m [36mexecution_time_seconds[0m=[35m1.38[0m [36mhas_next_page[0m=[35mFalse[0m [36mrecords_fetched[0m=[35m50[0m [36mworker_id[0m=[35mworker_14[0m
2025-09-22 10:06:10,848 - workers.proxy_pool - INFO - _worker_loop:363 - [2m2025-09-22T04:36:10.848075Z[0m [[32m[1minfo     [0m] [1m📋 Worker picked up command from queue[0m [[0m[1m[34mworkers.proxy_pool[0m][0m [36mcommand_id[0m=[35mCustomers_page_1[0m [36mentity[0m=[35mCustomers[0m [36mqueue_size_after_pickup[0m=[35m25[0m [36mworker_id[0m=[35mworker_14[0m [36mworker_status[0m=[35mPROCESSING[0m
2025-09-22 10:06:10,852 - workers.proxy_pool - INFO - execute_command:51 - [2m2025-09-22T04:36:10.852104Z[0m [[32m[1minfo     [0m] [1m🚀 Worker starting command execution[0m [[0m[1m[34mworkers.proxy_pool[0m][0m [36mcommand_id[0m=[35mCustomers_page_1[0m [36mcommand_type[0m=[35mfetch_page[0m [36mentity[0m=[35mCustomers[0m [36mpriority[0m=[35m1[0m [36mretry_count[0m=[35m0[0m [36mskip[0m=[35m0[0m [36mtop[0m=[35m50[0m [36mworker_id[0m=[35mworker_14[0m
2025-09-22 10:06:10,852 - httpcore.http11 - DEBUG - atrace:87 - send_request_headers.complete
2025-09-22 10:06:10,853 - httpcore.http11 - DEBUG - atrace:87 - send_request_body.started request=<Request [b'GET']>
2025-09-22 10:06:10,853 - httpcore.http11 - DEBUG - atrace:87 - send_request_body.complete
2025-09-22 10:06:10,853 - httpcore.http11 - DEBUG - atrace:87 - receive_response_headers.started request=<Request [b'GET']>
2025-09-22 10:06:10,853 - storage.transformer - INFO - transform_odata_response:96 - [2m2025-09-22T04:36:10.853397Z[0m [[32m[1minfo     [0m] [1mTransformation completed      [0m [[0m[1m[34mstorage.transformer[0m][0m [36mentity_name[0m=[35mProduct_Sales_for_1997[0m [36minput_records[0m=[35m50[0m [36moutput_records[0m=[35m50[0m
2025-09-22 10:06:10,854 - storage.local_storage - INFO - store_processed_records:131 - [2m2025-09-22T04:36:10.854409Z[0m [[32m[1minfo     [0m] [1mStoring processed records     [0m [[0m[1m[34mstorage.local_storage[0m][0m [36mentity_name[0m=[35mProduct_Sales_for_1997[0m [36mformat[0m=[35mjson[0m [36mrecord_count[0m=[35m50[0m
2025-09-22 10:06:10,854 - storage.local_storage - INFO - store_processed_records:142 - [2m2025-09-22T04:36:10.854409Z[0m [[32m[1minfo     [0m] [1mSuccessfully stored processed records[0m [[0m[1m[34mstorage.local_storage[0m][0m [36mentity_name[0m=[35mProduct_Sales_for_1997[0m [36mfile_path[0m=[35m./test_output/processed\Product_Sales_for_1997_20250922_043610.json[0m [36mrecord_count[0m=[35m50[0m
2025-09-22 10:06:10,862 - storage.local_storage - INFO - store_raw_response:83 - [2m2025-09-22T04:36:10.862785Z[0m [[32m[1minfo     [0m] [1mSuccessfully stored raw data  [0m [[0m[1m[34mstorage.local_storage[0m][0m [36mentity_name[0m=[35mProduct_Sales_for_1997[0m [36mfile_path[0m=[35m./test_output/raw\Product_Sales_for_1997\2025/09/22\04\Product_Sales_for_1997_page_1.json[0m [36msize_bytes[0m=[35m6917[0m
2025-09-22 10:06:10,882 - httpcore.connection - DEBUG - atrace:87 - start_tls.complete return_value=<httpcore._backends.anyio.AnyIOStream object at 0x0000022F534ED400>
2025-09-22 10:06:10,882 - httpcore.http11 - DEBUG - atrace:87 - send_request_headers.started request=<Request [b'GET']>
2025-09-22 10:06:10,882 - httpcore.http11 - DEBUG - atrace:87 - send_request_headers.complete
2025-09-22 10:06:10,882 - httpcore.http11 - DEBUG - atrace:87 - send_request_body.started request=<Request [b'GET']>
2025-09-22 10:06:10,882 - httpcore.http11 - DEBUG - atrace:87 - send_request_body.complete
2025-09-22 10:06:10,882 - httpcore.http11 - DEBUG - atrace:87 - receive_response_headers.started request=<Request [b'GET']>
2025-09-22 10:06:10,896 - httpcore.http11 - DEBUG - atrace:87 - receive_response_headers.complete return_value=(b'HTTP/1.1', 200, b'OK', [(b'Content-Length', b'2231'), (b'Content-Type', b'application/json;odata.metadata=minimal;odata.streaming=true;IEEE754Compatible=false;charset=utf-8'), (b'Date', b'Mon, 22 Sep 2025 04:36:12 GMT'), (b'Server', b'Microsoft-IIS/10.0'), (b'Access-Control-Allow-Headers', b'Accept, Origin, Content-Type, MaxDataServiceVersion'), (b'Access-Control-Allow-Methods', b'GET'), (b'Access-Control-Allow-Origin', b'*'), (b'Access-Control-Expose-Headers', b'DataServiceVersion'), (b'Cache-Control', b'private'), (b'Content-Encoding', b'gzip'), (b'Expires', b'Mon, 22 Sep 2025 04:37:12 GMT'), (b'Vary', b'*'), (b'X-Content-Type-Options', b'nosniff'), (b'OData-Version', b'4.0;'), (b'X-AspNet-Version', b'4.0.30319'), (b'X-Powered-By', b'ASP.NET')])
2025-09-22 10:06:10,896 - httpx - INFO - _send_single_request:1740 - HTTP Request: GET https://services.odata.org/V4/Northwind/Northwind.svc/Customer_and_Suppliers_by_Cities?%24skip=0&%24top=50 "HTTP/1.1 200 OK"
2025-09-22 10:06:10,896 - httpcore.http11 - DEBUG - atrace:87 - receive_response_body.started request=<Request [b'GET']>
2025-09-22 10:06:10,896 - httpcore.http11 - DEBUG - atrace:87 - receive_response_body.complete
2025-09-22 10:06:10,896 - httpcore.http11 - DEBUG - atrace:87 - response_closed.started
2025-09-22 10:06:10,903 - httpcore.http11 - DEBUG - atrace:87 - response_closed.complete
2025-09-22 10:06:10,903 - workers.proxy_pool - INFO - _make_http_request:162 - [2m2025-09-22T04:36:10.903430Z[0m [[32m[1minfo     [0m] [1m📊 Worker successfully fetched data[0m [[0m[1m[34mworkers.proxy_pool[0m][0m [36mcommand_id[0m=[35mCustomer_and_Suppliers_by_Cities_page_1[0m [36mentity[0m=[35mCustomer_and_Suppliers_by_Cities[0m [36mhas_next_page[0m=[35mFalse[0m [36mrecords_in_response[0m=[35m50[0m [36mworker_id[0m=[35mworker_11[0m
2025-09-22 10:06:10,903 - workers.proxy_pool - INFO - execute_command:85 - [2m2025-09-22T04:36:10.903430Z[0m [[32m[1minfo     [0m] [1m✅ Worker completed command successfully[0m [[0m[1m[34mworkers.proxy_pool[0m][0m [36mcommand_id[0m=[35mCustomer_and_Suppliers_by_Cities_page_1[0m [36mentity[0m=[35mCustomer_and_Suppliers_by_Cities[0m [36mexecution_time_seconds[0m=[35m0.3[0m [36mhas_next_page[0m=[35mFalse[0m [36mrecords_fetched[0m=[35m50[0m [36mworker_id[0m=[35mworker_11[0m
2025-09-22 10:06:10,906 - workers.proxy_pool - INFO - _worker_loop:363 - [2m2025-09-22T04:36:10.906106Z[0m [[32m[1minfo     [0m] [1m📋 Worker picked up command from queue[0m [[0m[1m[34mworkers.proxy_pool[0m][0m [36mcommand_id[0m=[35mCustomers_page_2[0m [36mentity[0m=[35mCustomers[0m [36mqueue_size_after_pickup[0m=[35m24[0m [36mworker_id[0m=[35mworker_11[0m [36mworker_status[0m=[35mPROCESSING[0m
2025-09-22 10:06:10,906 - workers.proxy_pool - INFO - execute_command:51 - [2m2025-09-22T04:36:10.906106Z[0m [[32m[1minfo     [0m] [1m🚀 Worker starting command execution[0m [[0m[1m[34mworkers.proxy_pool[0m][0m [36mcommand_id[0m=[35mCustomers_page_2[0m [36mcommand_type[0m=[35mfetch_page[0m [36mentity[0m=[35mCustomers[0m [36mpriority[0m=[35m1[0m [36mretry_count[0m=[35m0[0m [36mskip[0m=[35m50[0m [36mtop[0m=[35m50[0m [36mworker_id[0m=[35mworker_11[0m
2025-09-22 10:06:10,909 - storage.transformer - INFO - transform_odata_response:96 - [2m2025-09-22T04:36:10.909035Z[0m [[32m[1minfo     [0m] [1mTransformation completed      [0m [[0m[1m[34mstorage.transformer[0m][0m [36mentity_name[0m=[35mCustomer_and_Suppliers_by_Cities[0m [36minput_records[0m=[35m50[0m [36moutput_records[0m=[35m50[0m
2025-09-22 10:06:10,909 - storage.local_storage - INFO - store_processed_records:131 - [2m2025-09-22T04:36:10.909035Z[0m [[32m[1minfo     [0m] [1mStoring processed records     [0m [[0m[1m[34mstorage.local_storage[0m][0m [36mentity_name[0m=[35mCustomer_and_Suppliers_by_Cities[0m [36mformat[0m=[35mjson[0m [36mrecord_count[0m=[35m50[0m
2025-09-22 10:06:10,911 - storage.local_storage - INFO - store_processed_records:142 - [2m2025-09-22T04:36:10.911068Z[0m [[32m[1minfo     [0m] [1mSuccessfully stored processed records[0m [[0m[1m[34mstorage.local_storage[0m][0m [36mentity_name[0m=[35mCustomer_and_Suppliers_by_Cities[0m [36mfile_path[0m=[35m./test_output/processed\Customer_and_Suppliers_by_Cities_20250922_043610.json[0m [36mrecord_count[0m=[35m50[0m
2025-09-22 10:06:10,918 - storage.local_storage - INFO - store_raw_response:83 - [2m2025-09-22T04:36:10.918629Z[0m [[32m[1minfo     [0m] [1mSuccessfully stored raw data  [0m [[0m[1m[34mstorage.local_storage[0m][0m [36mentity_name[0m=[35mCustomer_and_Suppliers_by_Cities[0m [36mfile_path[0m=[35m./test_output/raw\Customer_and_Suppliers_by_Cities\2025/09/22\04\Customer_and_Suppliers_by_Cities_page_1.json[0m [36msize_bytes[0m=[35m8781[0m
2025-09-22 10:06:10,918 - httpcore.http11 - DEBUG - atrace:87 - receive_response_headers.complete return_value=(b'HTTP/1.1', 200, b'OK', [(b'Content-Length', b'958'), (b'Content-Type', b'application/json;odata.metadata=minimal;odata.streaming=true;IEEE754Compatible=false;charset=utf-8'), (b'Date', b'Mon, 22 Sep 2025 04:36:12 GMT'), (b'Server', b'Microsoft-IIS/10.0'), (b'Access-Control-Allow-Headers', b'Accept, Origin, Content-Type, MaxDataServiceVersion'), (b'Access-Control-Allow-Methods', b'GET'), (b'Access-Control-Allow-Origin', b'*'), (b'Access-Control-Expose-Headers', b'DataServiceVersion'), (b'Cache-Control', b'private'), (b'Content-Encoding', b'gzip'), (b'Expires', b'Mon, 22 Sep 2025 04:37:12 GMT'), (b'Vary', b'*'), (b'X-Content-Type-Options', b'nosniff'), (b'OData-Version', b'4.0;'), (b'X-AspNet-Version', b'4.0.30319'), (b'X-Powered-By', b'ASP.NET')])
2025-09-22 10:06:10,918 - httpx - INFO - _send_single_request:1740 - HTTP Request: GET https://services.odata.org/V4/Northwind/Northwind.svc/Product_Sales_for_1997?%24skip=50&%24top=50 "HTTP/1.1 200 OK"
2025-09-22 10:06:10,918 - httpcore.http11 - DEBUG - atrace:87 - receive_response_body.started request=<Request [b'GET']>
2025-09-22 10:06:10,918 - httpcore.http11 - DEBUG - atrace:87 - receive_response_body.complete
2025-09-22 10:06:10,918 - httpcore.http11 - DEBUG - atrace:87 - response_closed.started
2025-09-22 10:06:10,918 - httpcore.http11 - DEBUG - atrace:87 - response_closed.complete
2025-09-22 10:06:10,918 - workers.proxy_pool - INFO - _make_http_request:162 - [2m2025-09-22T04:36:10.918629Z[0m [[32m[1minfo     [0m] [1m📊 Worker successfully fetched data[0m [[0m[1m[34mworkers.proxy_pool[0m][0m [36mcommand_id[0m=[35mProduct_Sales_for_1997_page_2[0m [36mentity[0m=[35mProduct_Sales_for_1997[0m [36mhas_next_page[0m=[35mFalse[0m [36mrecords_in_response[0m=[35m27[0m [36mworker_id[0m=[35mworker_15[0m
2025-09-22 10:06:10,918 - workers.proxy_pool - INFO - execute_command:85 - [2m2025-09-22T04:36:10.918629Z[0m [[32m[1minfo     [0m] [1m✅ Worker completed command successfully[0m [[0m[1m[34mworkers.proxy_pool[0m][0m [36mcommand_id[0m=[35mProduct_Sales_for_1997_page_2[0m [36mentity[0m=[35mProduct_Sales_for_1997[0m [36mexecution_time_seconds[0m=[35m1.45[0m [36mhas_next_page[0m=[35mFalse[0m [36mrecords_fetched[0m=[35m27[0m [36mworker_id[0m=[35mworker_15[0m
2025-09-22 10:06:10,918 - workers.proxy_pool - INFO - _worker_loop:363 - [2m2025-09-22T04:36:10.918629Z[0m [[32m[1minfo     [0m] [1m📋 Worker picked up command from queue[0m [[0m[1m[34mworkers.proxy_pool[0m][0m [36mcommand_id[0m=[35mOrder_Subtotals_page_1[0m [36mentity[0m=[35mOrder_Subtotals[0m [36mqueue_size_after_pickup[0m=[35m23[0m [36mworker_id[0m=[35mworker_15[0m [36mworker_status[0m=[35mPROCESSING[0m
2025-09-22 10:06:10,918 - workers.proxy_pool - INFO - execute_command:51 - [2m2025-09-22T04:36:10.918629Z[0m [[32m[1minfo     [0m] [1m🚀 Worker starting command execution[0m [[0m[1m[34mworkers.proxy_pool[0m][0m [36mcommand_id[0m=[35mOrder_Subtotals_page_1[0m [36mcommand_type[0m=[35mfetch_page[0m [36mentity[0m=[35mOrder_Subtotals[0m [36mpriority[0m=[35m1[0m [36mretry_count[0m=[35m0[0m [36mskip[0m=[35m0[0m [36mtop[0m=[35m50[0m [36mworker_id[0m=[35mworker_15[0m
2025-09-22 10:06:10,918 - storage.transformer - INFO - transform_odata_response:96 - [2m2025-09-22T04:36:10.918629Z[0m [[32m[1minfo     [0m] [1mTransformation completed      [0m [[0m[1m[34mstorage.transformer[0m][0m [36mentity_name[0m=[35mProduct_Sales_for_1997[0m [36minput_records[0m=[35m27[0m [36moutput_records[0m=[35m27[0m
2025-09-22 10:06:10,918 - storage.local_storage - INFO - store_processed_records:131 - [2m2025-09-22T04:36:10.918629Z[0m [[32m[1minfo     [0m] [1mStoring processed records     [0m [[0m[1m[34mstorage.local_storage[0m][0m [36mentity_name[0m=[35mProduct_Sales_for_1997[0m [36mformat[0m=[35mjson[0m [36mrecord_count[0m=[35m27[0m
2025-09-22 10:06:10,925 - storage.local_storage - INFO - store_processed_records:142 - [2m2025-09-22T04:36:10.925732Z[0m [[32m[1minfo     [0m] [1mSuccessfully stored processed records[0m [[0m[1m[34mstorage.local_storage[0m][0m [36mentity_name[0m=[35mProduct_Sales_for_1997[0m [36mfile_path[0m=[35m./test_output/processed\Product_Sales_for_1997_20250922_043610.json[0m [36mrecord_count[0m=[35m27[0m
2025-09-22 10:06:10,927 - storage.local_storage - INFO - store_raw_response:83 - [2m2025-09-22T04:36:10.927889Z[0m [[32m[1minfo     [0m] [1mSuccessfully stored raw data  [0m [[0m[1m[34mstorage.local_storage[0m][0m [36mentity_name[0m=[35mProduct_Sales_for_1997[0m [36mfile_path[0m=[35m./test_output/raw\Product_Sales_for_1997\2025/09/22\04\Product_Sales_for_1997_page_2.json[0m [36msize_bytes[0m=[35m3788[0m
2025-09-22 10:06:10,959 - workers.proxy_pool - INFO - execute_command:74 - [2m2025-09-22T04:36:10.959541Z[0m [[32m[1minfo     [0m] [1m🔄 Worker executing request with resilience patterns[0m [[0m[1m[34mworkers.proxy_pool[0m][0m [36mcircuit_breaker_state[0m=[35mclosed[0m [36mcommand_id[0m=[35mCategory_Sales_for_1997_page_1[0m [36mworker_id[0m=[35mworker_5[0m
2025-09-22 10:06:10,962 - httpcore.http11 - DEBUG - atrace:87 - send_request_headers.started request=<Request [b'GET']>
2025-09-22 10:06:10,962 - httpcore.http11 - DEBUG - atrace:87 - send_request_headers.complete
2025-09-22 10:06:10,962 - httpcore.http11 - DEBUG - atrace:87 - send_request_body.started request=<Request [b'GET']>
2025-09-22 10:06:10,962 - httpcore.http11 - DEBUG - atrace:87 - send_request_body.complete
2025-09-22 10:06:10,962 - httpcore.http11 - DEBUG - atrace:87 - receive_response_headers.started request=<Request [b'GET']>
2025-09-22 10:06:10,975 - httpcore.connection - DEBUG - atrace:87 - start_tls.complete return_value=<httpcore._backends.anyio.AnyIOStream object at 0x0000022F534EE750>
2025-09-22 10:06:10,976 - httpcore.http11 - DEBUG - atrace:87 - send_request_headers.started request=<Request [b'GET']>
2025-09-22 10:06:10,978 - httpcore.http11 - DEBUG - atrace:87 - send_request_headers.complete
2025-09-22 10:06:10,978 - httpcore.http11 - DEBUG - atrace:87 - send_request_body.started request=<Request [b'GET']>
2025-09-22 10:06:10,978 - httpcore.http11 - DEBUG - atrace:87 - send_request_body.complete
2025-09-22 10:06:10,978 - httpcore.http11 - DEBUG - atrace:87 - receive_response_headers.started request=<Request [b'GET']>
2025-09-22 10:06:10,985 - httpcore.http11 - DEBUG - atrace:87 - receive_response_headers.complete return_value=(b'HTTP/1.1', 200, b'OK', [(b'Content-Length', b'2238'), (b'Content-Type', b'application/json;odata.metadata=minimal;odata.streaming=true;IEEE754Compatible=false;charset=utf-8'), (b'Date', b'Mon, 22 Sep 2025 04:36:12 GMT'), (b'Server', b'Microsoft-IIS/10.0'), (b'Access-Control-Allow-Headers', b'Accept, Origin, Content-Type, MaxDataServiceVersion'), (b'Access-Control-Allow-Methods', b'GET'), (b'Access-Control-Allow-Origin', b'*'), (b'Access-Control-Expose-Headers', b'DataServiceVersion'), (b'Cache-Control', b'private'), (b'Content-Encoding', b'gzip'), (b'Expires', b'Mon, 22 Sep 2025 04:37:12 GMT'), (b'Vary', b'*'), (b'X-Content-Type-Options', b'nosniff'), (b'OData-Version', b'4.0;'), (b'X-AspNet-Version', b'4.0.30319'), (b'X-Powered-By', b'ASP.NET')])
2025-09-22 10:06:10,985 - httpx - INFO - _send_single_request:1740 - HTTP Request: GET https://services.odata.org/V4/Northwind/Northwind.svc/Customer_and_Suppliers_by_Cities?%24skip=50&%24top=50 "HTTP/1.1 200 OK"
2025-09-22 10:06:10,985 - httpcore.http11 - DEBUG - atrace:87 - receive_response_body.started request=<Request [b'GET']>
2025-09-22 10:06:10,985 - httpcore.http11 - DEBUG - atrace:87 - receive_response_body.complete
2025-09-22 10:06:10,992 - httpcore.http11 - DEBUG - atrace:87 - response_closed.started
2025-09-22 10:06:10,992 - httpcore.http11 - DEBUG - atrace:87 - response_closed.complete
2025-09-22 10:06:10,992 - workers.proxy_pool - INFO - _make_http_request:162 - [2m2025-09-22T04:36:10.992817Z[0m [[32m[1minfo     [0m] [1m📊 Worker successfully fetched data[0m [[0m[1m[34mworkers.proxy_pool[0m][0m [36mcommand_id[0m=[35mCustomer_and_Suppliers_by_Cities_page_2[0m [36mentity[0m=[35mCustomer_and_Suppliers_by_Cities[0m [36mhas_next_page[0m=[35mFalse[0m [36mrecords_in_response[0m=[35m50[0m [36mworker_id[0m=[35mworker_9[0m
2025-09-22 10:06:10,992 - workers.proxy_pool - INFO - execute_command:85 - [2m2025-09-22T04:36:10.992817Z[0m [[32m[1minfo     [0m] [1m✅ Worker completed command successfully[0m [[0m[1m[34mworkers.proxy_pool[0m][0m [36mcommand_id[0m=[35mCustomer_and_Suppliers_by_Cities_page_2[0m [36mentity[0m=[35mCustomer_and_Suppliers_by_Cities[0m [36mexecution_time_seconds[0m=[35m0.36[0m [36mhas_next_page[0m=[35mFalse[0m [36mrecords_fetched[0m=[35m50[0m [36mworker_id[0m=[35mworker_9[0m
2025-09-22 10:06:10,992 - workers.proxy_pool - INFO - _worker_loop:363 - [2m2025-09-22T04:36:10.992817Z[0m [[32m[1minfo     [0m] [1m📋 Worker picked up command from queue[0m [[0m[1m[34mworkers.proxy_pool[0m][0m [36mcommand_id[0m=[35mOrder_Subtotals_page_2[0m [36mentity[0m=[35mOrder_Subtotals[0m [36mqueue_size_after_pickup[0m=[35m22[0m [36mworker_id[0m=[35mworker_9[0m [36mworker_status[0m=[35mPROCESSING[0m
2025-09-22 10:06:10,992 - workers.proxy_pool - INFO - execute_command:51 - [2m2025-09-22T04:36:10.992817Z[0m [[32m[1minfo     [0m] [1m🚀 Worker starting command execution[0m [[0m[1m[34mworkers.proxy_pool[0m][0m [36mcommand_id[0m=[35mOrder_Subtotals_page_2[0m [36mcommand_type[0m=[35mfetch_page[0m [36mentity[0m=[35mOrder_Subtotals[0m [36mpriority[0m=[35m1[0m [36mretry_count[0m=[35m0[0m [36mskip[0m=[35m50[0m [36mtop[0m=[35m50[0m [36mworker_id[0m=[35mworker_9[0m
2025-09-22 10:06:10,998 - storage.transformer - INFO - transform_odata_response:96 - [2m2025-09-22T04:36:10.998681Z[0m [[32m[1minfo     [0m] [1mTransformation completed      [0m [[0m[1m[34mstorage.transformer[0m][0m [36mentity_name[0m=[35mCustomer_and_Suppliers_by_Cities[0m [36minput_records[0m=[35m50[0m [36moutput_records[0m=[35m50[0m
2025-09-22 10:06:11,000 - storage.local_storage - INFO - store_processed_records:131 - [2m2025-09-22T04:36:11.000328Z[0m [[32m[1minfo     [0m] [1mStoring processed records     [0m [[0m[1m[34mstorage.local_storage[0m][0m [36mentity_name[0m=[35mCustomer_and_Suppliers_by_Cities[0m [36mformat[0m=[35mjson[0m [36mrecord_count[0m=[35m50[0m
2025-09-22 10:06:11,003 - storage.local_storage - INFO - store_processed_records:142 - [2m2025-09-22T04:36:11.003419Z[0m [[32m[1minfo     [0m] [1mSuccessfully stored processed records[0m [[0m[1m[34mstorage.local_storage[0m][0m [36mentity_name[0m=[35mCustomer_and_Suppliers_by_Cities[0m [36mfile_path[0m=[35m./test_output/processed\Customer_and_Suppliers_by_Cities_20250922_043611.json[0m [36mrecord_count[0m=[35m50[0m
2025-09-22 10:06:11,008 - storage.local_storage - INFO - store_raw_response:83 - [2m2025-09-22T04:36:11.008402Z[0m [[32m[1minfo     [0m] [1mSuccessfully stored raw data  [0m [[0m[1m[34mstorage.local_storage[0m][0m [36mentity_name[0m=[35mCustomer_and_Suppliers_by_Cities[0m [36mfile_path[0m=[35m./test_output/raw\Customer_and_Suppliers_by_Cities\2025/09/22\04\Customer_and_Suppliers_by_Cities_page_2.json[0m [36msize_bytes[0m=[35m8768[0m
2025-09-22 10:06:11,047 - workers.proxy_pool - INFO - execute_command:74 - [2m2025-09-22T04:36:11.047415Z[0m [[32m[1minfo     [0m] [1m🔄 Worker executing request with resilience patterns[0m [[0m[1m[34mworkers.proxy_pool[0m][0m [36mcircuit_breaker_state[0m=[35mclosed[0m [36mcommand_id[0m=[35mCustomers_page_1[0m [36mworker_id[0m=[35mworker_14[0m
2025-09-22 10:06:11,058 - httpcore.http11 - DEBUG - atrace:87 - send_request_headers.started request=<Request [b'GET']>
2025-09-22 10:06:11,059 - httpcore.http11 - DEBUG - atrace:87 - send_request_headers.complete
2025-09-22 10:06:11,060 - httpcore.http11 - DEBUG - atrace:87 - send_request_body.started request=<Request [b'GET']>
2025-09-22 10:06:11,060 - httpcore.http11 - DEBUG - atrace:87 - send_request_body.complete
2025-09-22 10:06:11,060 - httpcore.http11 - DEBUG - atrace:87 - receive_response_headers.started request=<Request [b'GET']>
2025-09-22 10:06:11,067 - httpcore.connection - DEBUG - atrace:87 - start_tls.complete return_value=<httpcore._backends.anyio.AnyIOStream object at 0x0000022F535189B0>
2025-09-22 10:06:11,067 - httpcore.http11 - DEBUG - atrace:87 - send_request_headers.started request=<Request [b'GET']>
2025-09-22 10:06:11,068 - httpcore.http11 - DEBUG - atrace:87 - send_request_headers.complete
2025-09-22 10:06:11,068 - httpcore.http11 - DEBUG - atrace:87 - send_request_body.started request=<Request [b'GET']>
2025-09-22 10:06:11,068 - httpcore.http11 - DEBUG - atrace:87 - send_request_body.complete
2025-09-22 10:06:11,068 - httpcore.http11 - DEBUG - atrace:87 - receive_response_headers.started request=<Request [b'GET']>
2025-09-22 10:06:11,146 - workers.proxy_pool - INFO - execute_command:74 - [2m2025-09-22T04:36:11.146636Z[0m [[32m[1minfo     [0m] [1m🔄 Worker executing request with resilience patterns[0m [[0m[1m[34mworkers.proxy_pool[0m][0m [36mcircuit_breaker_state[0m=[35mclosed[0m [36mcommand_id[0m=[35mCustomers_page_2[0m [36mworker_id[0m=[35mworker_11[0m
2025-09-22 10:06:11,147 - httpcore.http11 - DEBUG - atrace:87 - send_request_headers.started request=<Request [b'GET']>
2025-09-22 10:06:11,149 - httpcore.http11 - DEBUG - atrace:87 - send_request_headers.complete
2025-09-22 10:06:11,149 - httpcore.http11 - DEBUG - atrace:87 - send_request_body.started request=<Request [b'GET']>
2025-09-22 10:06:11,149 - httpcore.http11 - DEBUG - atrace:87 - send_request_body.complete
2025-09-22 10:06:11,149 - httpcore.http11 - DEBUG - atrace:87 - receive_response_headers.started request=<Request [b'GET']>
2025-09-22 10:06:11,251 - workers.proxy_pool - INFO - execute_command:74 - [2m2025-09-22T04:36:11.250646Z[0m [[32m[1minfo     [0m] [1m🔄 Worker executing request with resilience patterns[0m [[0m[1m[34mworkers.proxy_pool[0m][0m [36mcircuit_breaker_state[0m=[35mclosed[0m [36mcommand_id[0m=[35mOrder_Subtotals_page_1[0m [36mworker_id[0m=[35mworker_15[0m
2025-09-22 10:06:11,252 - httpcore.http11 - DEBUG - atrace:87 - send_request_headers.started request=<Request [b'GET']>
2025-09-22 10:06:11,253 - httpcore.http11 - DEBUG - atrace:87 - send_request_headers.complete
2025-09-22 10:06:11,253 - httpcore.http11 - DEBUG - atrace:87 - send_request_body.started request=<Request [b'GET']>
2025-09-22 10:06:11,253 - httpcore.http11 - DEBUG - atrace:87 - send_request_body.complete
2025-09-22 10:06:11,253 - httpcore.http11 - DEBUG - atrace:87 - receive_response_headers.started request=<Request [b'GET']>
2025-09-22 10:06:11,340 - workers.proxy_pool - INFO - execute_command:74 - [2m2025-09-22T04:36:11.340839Z[0m [[32m[1minfo     [0m] [1m🔄 Worker executing request with resilience patterns[0m [[0m[1m[34mworkers.proxy_pool[0m][0m [36mcircuit_breaker_state[0m=[35mclosed[0m [36mcommand_id[0m=[35mOrder_Subtotals_page_2[0m [36mworker_id[0m=[35mworker_9[0m
2025-09-22 10:06:11,341 - httpcore.http11 - DEBUG - atrace:87 - send_request_headers.started request=<Request [b'GET']>
2025-09-22 10:06:11,343 - httpcore.http11 - DEBUG - atrace:87 - send_request_headers.complete
2025-09-22 10:06:11,343 - httpcore.http11 - DEBUG - atrace:87 - send_request_body.started request=<Request [b'GET']>
2025-09-22 10:06:11,343 - httpcore.http11 - DEBUG - atrace:87 - send_request_body.complete
2025-09-22 10:06:11,343 - httpcore.http11 - DEBUG - atrace:87 - receive_response_headers.started request=<Request [b'GET']>
2025-09-22 10:06:11,619 - httpcore.http11 - DEBUG - atrace:87 - receive_response_headers.complete return_value=(b'HTTP/1.1', 200, b'OK', [(b'Content-Length', b'1070'), (b'Content-Type', b'application/json;odata.metadata=minimal;odata.streaming=true;IEEE754Compatible=false;charset=utf-8'), (b'Date', b'Mon, 22 Sep 2025 04:36:12 GMT'), (b'Server', b'Microsoft-IIS/10.0'), (b'Access-Control-Allow-Headers', b'Accept, Origin, Content-Type, MaxDataServiceVersion'), (b'Access-Control-Allow-Methods', b'GET'), (b'Access-Control-Allow-Origin', b'*'), (b'Access-Control-Expose-Headers', b'DataServiceVersion'), (b'Cache-Control', b'private'), (b'Content-Encoding', b'gzip'), (b'Expires', b'Mon, 22 Sep 2025 04:37:12 GMT'), (b'Vary', b'*'), (b'X-Content-Type-Options', b'nosniff'), (b'OData-Version', b'4.0;'), (b'X-AspNet-Version', b'4.0.30319'), (b'X-Powered-By', b'ASP.NET')])
2025-09-22 10:06:11,620 - httpx - INFO - _send_single_request:1740 - HTTP Request: GET https://services.odata.org/V4/Northwind/Northwind.svc/Current_Product_Lists?%24skip=0&%24top=50 "HTTP/1.1 200 OK"
2025-09-22 10:06:11,621 - httpcore.http11 - DEBUG - atrace:87 - receive_response_body.started request=<Request [b'GET']>
2025-09-22 10:06:11,621 - httpcore.http11 - DEBUG - atrace:87 - receive_response_body.complete
2025-09-22 10:06:11,621 - httpcore.http11 - DEBUG - atrace:87 - response_closed.started
2025-09-22 10:06:11,621 - httpcore.http11 - DEBUG - atrace:87 - response_closed.complete
2025-09-22 10:06:11,622 - workers.proxy_pool - INFO - _make_http_request:162 - [2m2025-09-22T04:36:11.622517Z[0m [[32m[1minfo     [0m] [1m📊 Worker successfully fetched data[0m [[0m[1m[34mworkers.proxy_pool[0m][0m [36mcommand_id[0m=[35mCurrent_Product_Lists_page_1[0m [36mentity[0m=[35mCurrent_Product_Lists[0m [36mhas_next_page[0m=[35mFalse[0m [36mrecords_in_response[0m=[35m50[0m [36mworker_id[0m=[35mworker_4[0m
2025-09-22 10:06:11,623 - workers.proxy_pool - INFO - execute_command:85 - [2m2025-09-22T04:36:11.623169Z[0m [[32m[1minfo     [0m] [1m✅ Worker completed command successfully[0m [[0m[1m[34mworkers.proxy_pool[0m][0m [36mcommand_id[0m=[35mCurrent_Product_Lists_page_1[0m [36mentity[0m=[35mCurrent_Product_Lists[0m [36mexecution_time_seconds[0m=[35m2.17[0m [36mhas_next_page[0m=[35mFalse[0m [36mrecords_fetched[0m=[35m50[0m [36mworker_id[0m=[35mworker_4[0m
2025-09-22 10:06:11,624 - workers.proxy_pool - INFO - _worker_loop:363 - [2m2025-09-22T04:36:11.624400Z[0m [[32m[1minfo     [0m] [1m📋 Worker picked up command from queue[0m [[0m[1m[34mworkers.proxy_pool[0m][0m [36mcommand_id[0m=[35mOrder_Subtotals_page_3[0m [36mentity[0m=[35mOrder_Subtotals[0m [36mqueue_size_after_pickup[0m=[35m21[0m [36mworker_id[0m=[35mworker_4[0m [36mworker_status[0m=[35mPROCESSING[0m
2025-09-22 10:06:11,625 - workers.proxy_pool - INFO - execute_command:51 - [2m2025-09-22T04:36:11.625573Z[0m [[32m[1minfo     [0m] [1m🚀 Worker starting command execution[0m [[0m[1m[34mworkers.proxy_pool[0m][0m [36mcommand_id[0m=[35mOrder_Subtotals_page_3[0m [36mcommand_type[0m=[35mfetch_page[0m [36mentity[0m=[35mOrder_Subtotals[0m [36mpriority[0m=[35m1[0m [36mretry_count[0m=[35m0[0m [36mskip[0m=[35m100[0m [36mtop[0m=[35m50[0m [36mworker_id[0m=[35mworker_4[0m
2025-09-22 10:06:11,626 - workers.proxy_pool - INFO - execute_command:74 - [2m2025-09-22T04:36:11.626507Z[0m [[32m[1minfo     [0m] [1m🔄 Worker executing request with resilience patterns[0m [[0m[1m[34mworkers.proxy_pool[0m][0m [36mcircuit_breaker_state[0m=[35mclosed[0m [36mcommand_id[0m=[35mOrder_Subtotals_page_3[0m [36mworker_id[0m=[35mworker_4[0m
2025-09-22 10:06:11,630 - storage.transformer - INFO - transform_odata_response:96 - [2m2025-09-22T04:36:11.630281Z[0m [[32m[1minfo     [0m] [1mTransformation completed      [0m [[0m[1m[34mstorage.transformer[0m][0m [36mentity_name[0m=[35mCurrent_Product_Lists[0m [36minput_records[0m=[35m50[0m [36moutput_records[0m=[35m50[0m
2025-09-22 10:06:11,630 - storage.local_storage - INFO - store_processed_records:131 - [2m2025-09-22T04:36:11.630281Z[0m [[32m[1minfo     [0m] [1mStoring processed records     [0m [[0m[1m[34mstorage.local_storage[0m][0m [36mentity_name[0m=[35mCurrent_Product_Lists[0m [36mformat[0m=[35mjson[0m [36mrecord_count[0m=[35m50[0m
2025-09-22 10:06:11,633 - storage.local_storage - INFO - store_processed_records:142 - [2m2025-09-22T04:36:11.633806Z[0m [[32m[1minfo     [0m] [1mSuccessfully stored processed records[0m [[0m[1m[34mstorage.local_storage[0m][0m [36mentity_name[0m=[35mCurrent_Product_Lists[0m [36mfile_path[0m=[35m./test_output/processed\Current_Product_Lists_20250922_043611.json[0m [36mrecord_count[0m=[35m50[0m
2025-09-22 10:06:11,642 - storage.local_storage - INFO - store_raw_response:83 - [2m2025-09-22T04:36:11.639622Z[0m [[32m[1minfo     [0m] [1mSuccessfully stored raw data  [0m [[0m[1m[34mstorage.local_storage[0m][0m [36mentity_name[0m=[35mCurrent_Product_Lists[0m [36mfile_path[0m=[35m./test_output/raw\Current_Product_Lists\2025/09/22\04\Current_Product_Lists_page_1.json[0m [36msize_bytes[0m=[35m4481[0m
2025-09-22 10:06:11,643 - httpcore.http11 - DEBUG - atrace:87 - send_request_headers.started request=<Request [b'GET']>
2025-09-22 10:06:11,643 - httpcore.http11 - DEBUG - atrace:87 - send_request_headers.complete
2025-09-22 10:06:11,645 - httpcore.http11 - DEBUG - atrace:87 - send_request_body.started request=<Request [b'GET']>
2025-09-22 10:06:11,645 - httpcore.http11 - DEBUG - atrace:87 - send_request_body.complete
2025-09-22 10:06:11,645 - httpcore.http11 - DEBUG - atrace:87 - receive_response_headers.started request=<Request [b'GET']>
2025-09-22 10:06:11,684 - httpcore.http11 - DEBUG - atrace:87 - receive_response_headers.complete return_value=(b'HTTP/1.1', 200, b'OK', [(b'Content-Length', b'1095'), (b'Content-Type', b'application/json;odata.metadata=minimal;odata.streaming=true;IEEE754Compatible=false;charset=utf-8'), (b'Date', b'Mon, 22 Sep 2025 04:36:12 GMT'), (b'Server', b'Microsoft-IIS/10.0'), (b'Access-Control-Allow-Headers', b'Accept, Origin, Content-Type, MaxDataServiceVersion'), (b'Access-Control-Allow-Methods', b'GET'), (b'Access-Control-Allow-Origin', b'*'), (b'Access-Control-Expose-Headers', b'DataServiceVersion'), (b'Cache-Control', b'private'), (b'Content-Encoding', b'gzip'), (b'Expires', b'Mon, 22 Sep 2025 04:37:13 GMT'), (b'Vary', b'*'), (b'X-Content-Type-Options', b'nosniff'), (b'OData-Version', b'4.0;'), (b'X-AspNet-Version', b'4.0.30319'), (b'X-Powered-By', b'ASP.NET')])
2025-09-22 10:06:11,684 - httpx - INFO - _send_single_request:1740 - HTTP Request: GET https://services.odata.org/V4/Northwind/Northwind.svc/Customer_and_Suppliers_by_Cities?%24skip=100&%24top=50 "HTTP/1.1 200 OK"
2025-09-22 10:06:11,684 - httpcore.http11 - DEBUG - atrace:87 - receive_response_body.started request=<Request [b'GET']>
2025-09-22 10:06:11,684 - httpcore.http11 - DEBUG - atrace:87 - receive_response_body.complete
2025-09-22 10:06:11,684 - httpcore.http11 - DEBUG - atrace:87 - response_closed.started
2025-09-22 10:06:11,684 - httpcore.http11 - DEBUG - atrace:87 - response_closed.complete
2025-09-22 10:06:11,692 - workers.proxy_pool - INFO - _make_http_request:162 - [2m2025-09-22T04:36:11.692409Z[0m [[32m[1minfo     [0m] [1m📊 Worker successfully fetched data[0m [[0m[1m[34mworkers.proxy_pool[0m][0m [36mcommand_id[0m=[35mCustomer_and_Suppliers_by_Cities_page_3[0m [36mentity[0m=[35mCustomer_and_Suppliers_by_Cities[0m [36mhas_next_page[0m=[35mFalse[0m [36mrecords_in_response[0m=[35m20[0m [36mworker_id[0m=[35mworker_13[0m
2025-09-22 10:06:11,693 - workers.proxy_pool - INFO - execute_command:85 - [2m2025-09-22T04:36:11.693433Z[0m [[32m[1minfo     [0m] [1m✅ Worker completed command successfully[0m [[0m[1m[34mworkers.proxy_pool[0m][0m [36mcommand_id[0m=[35mCustomer_and_Suppliers_by_Cities_page_3[0m [36mentity[0m=[35mCustomer_and_Suppliers_by_Cities[0m [36mexecution_time_seconds[0m=[35m0.92[0m [36mhas_next_page[0m=[35mFalse[0m [36mrecords_fetched[0m=[35m20[0m [36mworker_id[0m=[35mworker_13[0m
2025-09-22 10:06:11,695 - workers.proxy_pool - INFO - _worker_loop:363 - [2m2025-09-22T04:36:11.695518Z[0m [[32m[1minfo     [0m] [1m📋 Worker picked up command from queue[0m [[0m[1m[34mworkers.proxy_pool[0m][0m [36mcommand_id[0m=[35mOrders_Qries_page_1[0m [36mentity[0m=[35mOrders_Qries[0m [36mqueue_size_after_pickup[0m=[35m20[0m [36mworker_id[0m=[35mworker_13[0m [36mworker_status[0m=[35mPROCESSING[0m
2025-09-22 10:06:11,695 - workers.proxy_pool - INFO - execute_command:51 - [2m2025-09-22T04:36:11.695518Z[0m [[32m[1minfo     [0m] [1m🚀 Worker starting command execution[0m [[0m[1m[34mworkers.proxy_pool[0m][0m [36mcommand_id[0m=[35mOrders_Qries_page_1[0m [36mcommand_type[0m=[35mfetch_page[0m [36mentity[0m=[35mOrders_Qries[0m [36mpriority[0m=[35m1[0m [36mretry_count[0m=[35m0[0m [36mskip[0m=[35m0[0m [36mtop[0m=[35m50[0m [36mworker_id[0m=[35mworker_13[0m
2025-09-22 10:06:11,695 - workers.proxy_pool - INFO - execute_command:74 - [2m2025-09-22T04:36:11.695518Z[0m [[32m[1minfo     [0m] [1m🔄 Worker executing request with resilience patterns[0m [[0m[1m[34mworkers.proxy_pool[0m][0m [36mcircuit_breaker_state[0m=[35mclosed[0m [36mcommand_id[0m=[35mOrders_Qries_page_1[0m [36mworker_id[0m=[35mworker_13[0m
2025-09-22 10:06:11,700 - storage.transformer - INFO - transform_odata_response:96 - [2m2025-09-22T04:36:11.700100Z[0m [[32m[1minfo     [0m] [1mTransformation completed      [0m [[0m[1m[34mstorage.transformer[0m][0m [36mentity_name[0m=[35mCustomer_and_Suppliers_by_Cities[0m [36minput_records[0m=[35m20[0m [36moutput_records[0m=[35m20[0m
2025-09-22 10:06:11,700 - storage.local_storage - INFO - store_processed_records:131 - [2m2025-09-22T04:36:11.700100Z[0m [[32m[1minfo     [0m] [1mStoring processed records     [0m [[0m[1m[34mstorage.local_storage[0m][0m [36mentity_name[0m=[35mCustomer_and_Suppliers_by_Cities[0m [36mformat[0m=[35mjson[0m [36mrecord_count[0m=[35m20[0m
2025-09-22 10:06:11,702 - storage.local_storage - INFO - store_processed_records:142 - [2m2025-09-22T04:36:11.702666Z[0m [[32m[1minfo     [0m] [1mSuccessfully stored processed records[0m [[0m[1m[34mstorage.local_storage[0m][0m [36mentity_name[0m=[35mCustomer_and_Suppliers_by_Cities[0m [36mfile_path[0m=[35m./test_output/processed\Customer_and_Suppliers_by_Cities_20250922_043611.json[0m [36mrecord_count[0m=[35m20[0m
2025-09-22 10:06:11,708 - storage.local_storage - INFO - store_raw_response:83 - [2m2025-09-22T04:36:11.708949Z[0m [[32m[1minfo     [0m] [1mSuccessfully stored raw data  [0m [[0m[1m[34mstorage.local_storage[0m][0m [36mentity_name[0m=[35mCustomer_and_Suppliers_by_Cities[0m [36mfile_path[0m=[35m./test_output/raw\Customer_and_Suppliers_by_Cities\2025/09/22\04\Customer_and_Suppliers_by_Cities_page_3.json[0m [36msize_bytes[0m=[35m3691[0m
2025-09-22 10:06:11,711 - httpcore.http11 - DEBUG - atrace:87 - send_request_headers.started request=<Request [b'GET']>
2025-09-22 10:06:11,712 - httpcore.http11 - DEBUG - atrace:87 - send_request_headers.complete
2025-09-22 10:06:11,712 - httpcore.http11 - DEBUG - atrace:87 - send_request_body.started request=<Request [b'GET']>
2025-09-22 10:06:11,712 - httpcore.http11 - DEBUG - atrace:87 - send_request_body.complete
2025-09-22 10:06:11,712 - httpcore.http11 - DEBUG - atrace:87 - receive_response_headers.started request=<Request [b'GET']>
2025-09-22 10:06:11,993 - httpcore.http11 - DEBUG - atrace:87 - receive_response_headers.complete return_value=(b'HTTP/1.1', 200, b'OK', [(b'Content-Length', b'691'), (b'Content-Type', b'application/json;odata.metadata=minimal;odata.streaming=true;IEEE754Compatible=false;charset=utf-8'), (b'Date', b'Mon, 22 Sep 2025 04:36:13 GMT'), (b'Server', b'Microsoft-IIS/10.0'), (b'Access-Control-Allow-Headers', b'Accept, Origin, Content-Type, MaxDataServiceVersion'), (b'Access-Control-Allow-Methods', b'GET'), (b'Access-Control-Allow-Origin', b'*'), (b'Access-Control-Expose-Headers', b'DataServiceVersion'), (b'Cache-Control', b'private'), (b'Content-Encoding', b'gzip'), (b'Expires', b'Mon, 22 Sep 2025 04:37:13 GMT'), (b'Vary', b'*'), (b'X-Content-Type-Options', b'nosniff'), (b'OData-Version', b'4.0;'), (b'X-AspNet-Version', b'4.0.30319'), (b'X-Powered-By', b'ASP.NET')])
2025-09-22 10:06:11,994 - httpx - INFO - _send_single_request:1740 - HTTP Request: GET https://services.odata.org/V4/Northwind/Northwind.svc/Order_Subtotals?%24skip=100&%24top=50 "HTTP/1.1 200 OK"
2025-09-22 10:06:11,994 - httpcore.http11 - DEBUG - atrace:87 - receive_response_body.started request=<Request [b'GET']>
2025-09-22 10:06:11,995 - httpcore.http11 - DEBUG - atrace:87 - receive_response_body.complete
2025-09-22 10:06:11,995 - httpcore.http11 - DEBUG - atrace:87 - response_closed.started
2025-09-22 10:06:11,995 - httpcore.http11 - DEBUG - atrace:87 - receive_response_headers.complete return_value=(b'HTTP/1.1', 200, b'OK', [(b'Content-Length', b'3529'), (b'Content-Type', b'application/json;odata.metadata=minimal;odata.streaming=true;IEEE754Compatible=false;charset=utf-8'), (b'Date', b'Mon, 22 Sep 2025 04:36:13 GMT'), (b'Server', b'Microsoft-IIS/10.0'), (b'Access-Control-Allow-Headers', b'Accept, Origin, Content-Type, MaxDataServiceVersion'), (b'Access-Control-Allow-Methods', b'GET'), (b'Access-Control-Allow-Origin', b'*'), (b'Access-Control-Expose-Headers', b'DataServiceVersion'), (b'Cache-Control', b'private'), (b'Content-Encoding', b'gzip'), (b'Expires', b'Mon, 22 Sep 2025 04:37:13 GMT'), (b'Vary', b'*'), (b'X-Content-Type-Options', b'nosniff'), (b'OData-Version', b'4.0;'), (b'X-AspNet-Version', b'4.0.30319'), (b'X-Powered-By', b'ASP.NET')])
2025-09-22 10:06:11,996 - httpx - INFO - _send_single_request:1740 - HTTP Request: GET https://services.odata.org/V4/Northwind/Northwind.svc/Orders_Qries?%24skip=0&%24top=50 "HTTP/1.1 200 OK"
2025-09-22 10:06:11,997 - httpcore.http11 - DEBUG - atrace:87 - receive_response_body.started request=<Request [b'GET']>
2025-09-22 10:06:11,997 - httpcore.http11 - DEBUG - atrace:87 - receive_response_body.complete
2025-09-22 10:06:11,998 - httpcore.http11 - DEBUG - atrace:87 - response_closed.started
2025-09-22 10:06:11,998 - httpcore.http11 - DEBUG - atrace:87 - response_closed.complete
2025-09-22 10:06:11,998 - workers.proxy_pool - INFO - _make_http_request:162 - [2m2025-09-22T04:36:11.998955Z[0m [[32m[1minfo     [0m] [1m📊 Worker successfully fetched data[0m [[0m[1m[34mworkers.proxy_pool[0m][0m [36mcommand_id[0m=[35mOrder_Subtotals_page_3[0m [36mentity[0m=[35mOrder_Subtotals[0m [36mhas_next_page[0m=[35mFalse[0m [36mrecords_in_response[0m=[35m50[0m [36mworker_id[0m=[35mworker_4[0m
2025-09-22 10:06:11,999 - workers.proxy_pool - INFO - execute_command:85 - [2m2025-09-22T04:36:11.999664Z[0m [[32m[1minfo     [0m] [1m✅ Worker completed command successfully[0m [[0m[1m[34mworkers.proxy_pool[0m][0m [36mcommand_id[0m=[35mOrder_Subtotals_page_3[0m [36mentity[0m=[35mOrder_Subtotals[0m [36mexecution_time_seconds[0m=[35m0.38[0m [36mhas_next_page[0m=[35mFalse[0m [36mrecords_fetched[0m=[35m50[0m [36mworker_id[0m=[35mworker_4[0m
2025-09-22 10:06:12,000 - workers.proxy_pool - INFO - _worker_loop:363 - [2m2025-09-22T04:36:12.000337Z[0m [[32m[1minfo     [0m] [1m📋 Worker picked up command from queue[0m [[0m[1m[34mworkers.proxy_pool[0m][0m [36mcommand_id[0m=[35mOrders_Qries_page_2[0m [36mentity[0m=[35mOrders_Qries[0m [36mqueue_size_after_pickup[0m=[35m19[0m [36mworker_id[0m=[35mworker_4[0m [36mworker_status[0m=[35mPROCESSING[0m
2025-09-22 10:06:12,002 - workers.proxy_pool - INFO - execute_command:51 - [2m2025-09-22T04:36:12.002104Z[0m [[32m[1minfo     [0m] [1m🚀 Worker starting command execution[0m [[0m[1m[34mworkers.proxy_pool[0m][0m [36mcommand_id[0m=[35mOrders_Qries_page_2[0m [36mcommand_type[0m=[35mfetch_page[0m [36mentity[0m=[35mOrders_Qries[0m [36mpriority[0m=[35m1[0m [36mretry_count[0m=[35m0[0m [36mskip[0m=[35m50[0m [36mtop[0m=[35m50[0m [36mworker_id[0m=[35mworker_4[0m
2025-09-22 10:06:12,003 - workers.proxy_pool - INFO - execute_command:74 - [2m2025-09-22T04:36:12.003019Z[0m [[32m[1minfo     [0m] [1m🔄 Worker executing request with resilience patterns[0m [[0m[1m[34mworkers.proxy_pool[0m][0m [36mcircuit_breaker_state[0m=[35mclosed[0m [36mcommand_id[0m=[35mOrders_Qries_page_2[0m [36mworker_id[0m=[35mworker_4[0m
2025-09-22 10:06:12,004 - httpcore.http11 - DEBUG - atrace:87 - response_closed.complete
2025-09-22 10:06:12,005 - workers.proxy_pool - INFO - _make_http_request:162 - [2m2025-09-22T04:36:12.005226Z[0m [[32m[1minfo     [0m] [1m📊 Worker successfully fetched data[0m [[0m[1m[34mworkers.proxy_pool[0m][0m [36mcommand_id[0m=[35mOrders_Qries_page_1[0m [36mentity[0m=[35mOrders_Qries[0m [36mhas_next_page[0m=[35mFalse[0m [36mrecords_in_response[0m=[35m50[0m [36mworker_id[0m=[35mworker_13[0m
2025-09-22 10:06:12,006 - workers.proxy_pool - INFO - execute_command:85 - [2m2025-09-22T04:36:12.006215Z[0m [[32m[1minfo     [0m] [1m✅ Worker completed command successfully[0m [[0m[1m[34mworkers.proxy_pool[0m][0m [36mcommand_id[0m=[35mOrders_Qries_page_1[0m [36mentity[0m=[35mOrders_Qries[0m [36mexecution_time_seconds[0m=[35m0.31[0m [36mhas_next_page[0m=[35mFalse[0m [36mrecords_fetched[0m=[35m50[0m [36mworker_id[0m=[35mworker_13[0m
2025-09-22 10:06:12,008 - workers.proxy_pool - INFO - _worker_loop:363 - [2m2025-09-22T04:36:12.007553Z[0m [[32m[1minfo     [0m] [1m📋 Worker picked up command from queue[0m [[0m[1m[34mworkers.proxy_pool[0m][0m [36mcommand_id[0m=[35mOrders_Qries_page_3[0m [36mentity[0m=[35mOrders_Qries[0m [36mqueue_size_after_pickup[0m=[35m18[0m [36mworker_id[0m=[35mworker_13[0m [36mworker_status[0m=[35mPROCESSING[0m
2025-09-22 10:06:12,010 - workers.proxy_pool - INFO - execute_command:51 - [2m2025-09-22T04:36:12.010016Z[0m [[32m[1minfo     [0m] [1m🚀 Worker starting command execution[0m [[0m[1m[34mworkers.proxy_pool[0m][0m [36mcommand_id[0m=[35mOrders_Qries_page_3[0m [36mcommand_type[0m=[35mfetch_page[0m [36mentity[0m=[35mOrders_Qries[0m [36mpriority[0m=[35m1[0m [36mretry_count[0m=[35m0[0m [36mskip[0m=[35m100[0m [36mtop[0m=[35m50[0m [36mworker_id[0m=[35mworker_13[0m
2025-09-22 10:06:12,011 - workers.proxy_pool - INFO - execute_command:74 - [2m2025-09-22T04:36:12.011339Z[0m [[32m[1minfo     [0m] [1m🔄 Worker executing request with resilience patterns[0m [[0m[1m[34mworkers.proxy_pool[0m][0m [36mcircuit_breaker_state[0m=[35mclosed[0m [36mcommand_id[0m=[35mOrders_Qries_page_3[0m [36mworker_id[0m=[35mworker_13[0m
2025-09-22 10:06:12,016 - storage.transformer - INFO - transform_odata_response:96 - [2m2025-09-22T04:36:12.015831Z[0m [[32m[1minfo     [0m] [1mTransformation completed      [0m [[0m[1m[34mstorage.transformer[0m][0m [36mentity_name[0m=[35mOrder_Subtotals[0m [36minput_records[0m=[35m50[0m [36moutput_records[0m=[35m50[0m
2025-09-22 10:06:12,017 - storage.local_storage - INFO - store_processed_records:131 - [2m2025-09-22T04:36:12.017457Z[0m [[32m[1minfo     [0m] [1mStoring processed records     [0m [[0m[1m[34mstorage.local_storage[0m][0m [36mentity_name[0m=[35mOrder_Subtotals[0m [36mformat[0m=[35mjson[0m [36mrecord_count[0m=[35m50[0m
2025-09-22 10:06:12,021 - storage.local_storage - INFO - store_processed_records:142 - [2m2025-09-22T04:36:12.020973Z[0m [[32m[1minfo     [0m] [1mSuccessfully stored processed records[0m [[0m[1m[34mstorage.local_storage[0m][0m [36mentity_name[0m=[35mOrder_Subtotals[0m [36mfile_path[0m=[35m./test_output/processed\Order_Subtotals_20250922_043612.json[0m [36mrecord_count[0m=[35m50[0m
2025-09-22 10:06:12,031 - storage.local_storage - INFO - store_raw_response:83 - [2m2025-09-22T04:36:12.030851Z[0m [[32m[1minfo     [0m] [1mSuccessfully stored raw data  [0m [[0m[1m[34mstorage.local_storage[0m][0m [36mentity_name[0m=[35mOrder_Subtotals[0m [36mfile_path[0m=[35m./test_output/raw\Order_Subtotals\2025/09/22\04\Order_Subtotals_page_3.json[0m [36msize_bytes[0m=[35m3785[0m
2025-09-22 10:06:12,037 - storage.transformer - INFO - transform_odata_response:96 - [2m2025-09-22T04:36:12.037185Z[0m [[32m[1minfo     [0m] [1mTransformation completed      [0m [[0m[1m[34mstorage.transformer[0m][0m [36mentity_name[0m=[35mOrders_Qries[0m [36minput_records[0m=[35m50[0m [36moutput_records[0m=[35m50[0m
2025-09-22 10:06:12,037 - storage.local_storage - INFO - store_processed_records:131 - [2m2025-09-22T04:36:12.037882Z[0m [[32m[1minfo     [0m] [1mStoring processed records     [0m [[0m[1m[34mstorage.local_storage[0m][0m [36mentity_name[0m=[35mOrders_Qries[0m [36mformat[0m=[35mjson[0m [36mrecord_count[0m=[35m50[0m
2025-09-22 10:06:12,039 - storage.local_storage - INFO - store_processed_records:142 - [2m2025-09-22T04:36:12.039025Z[0m [[32m[1minfo     [0m] [1mSuccessfully stored processed records[0m [[0m[1m[34mstorage.local_storage[0m][0m [36mentity_name[0m=[35mOrders_Qries[0m [36mfile_path[0m=[35m./test_output/processed\Orders_Qries_20250922_043612.json[0m [36mrecord_count[0m=[35m50[0m
2025-09-22 10:06:12,049 - storage.local_storage - INFO - store_raw_response:83 - [2m2025-09-22T04:36:12.049170Z[0m [[32m[1minfo     [0m] [1mSuccessfully stored raw data  [0m [[0m[1m[34mstorage.local_storage[0m][0m [36mentity_name[0m=[35mOrders_Qries[0m [36mfile_path[0m=[35m./test_output/raw\Orders_Qries\2025/09/22\04\Orders_Qries_page_1.json[0m [36msize_bytes[0m=[35m35553[0m
2025-09-22 10:06:12,051 - httpcore.http11 - DEBUG - atrace:87 - send_request_headers.started request=<Request [b'GET']>
2025-09-22 10:06:12,051 - httpcore.http11 - DEBUG - atrace:87 - send_request_headers.complete
2025-09-22 10:06:12,053 - httpcore.http11 - DEBUG - atrace:87 - send_request_body.started request=<Request [b'GET']>
2025-09-22 10:06:12,053 - httpcore.http11 - DEBUG - atrace:87 - send_request_body.complete
2025-09-22 10:06:12,053 - httpcore.http11 - DEBUG - atrace:87 - receive_response_headers.started request=<Request [b'GET']>
2025-09-22 10:06:12,053 - httpcore.http11 - DEBUG - atrace:87 - send_request_headers.started request=<Request [b'GET']>
2025-09-22 10:06:12,054 - httpcore.http11 - DEBUG - atrace:87 - send_request_headers.complete
2025-09-22 10:06:12,054 - httpcore.http11 - DEBUG - atrace:87 - send_request_body.started request=<Request [b'GET']>
2025-09-22 10:06:12,054 - httpcore.http11 - DEBUG - atrace:87 - send_request_body.complete
2025-09-22 10:06:12,054 - httpcore.http11 - DEBUG - atrace:87 - receive_response_headers.started request=<Request [b'GET']>
2025-09-22 10:06:12,195 - httpcore.http11 - DEBUG - atrace:87 - receive_response_headers.complete return_value=(b'HTTP/1.1', 200, b'OK', [(b'Content-Length', b'919'), (b'Content-Type', b'application/json;odata.metadata=minimal;odata.streaming=true;IEEE754Compatible=false;charset=utf-8'), (b'Date', b'Mon, 22 Sep 2025 04:36:13 GMT'), (b'Server', b'Microsoft-IIS/10.0'), (b'Access-Control-Allow-Headers', b'Accept, Origin, Content-Type, MaxDataServiceVersion'), (b'Access-Control-Allow-Methods', b'GET'), (b'Access-Control-Allow-Origin', b'*'), (b'Access-Control-Expose-Headers', b'DataServiceVersion'), (b'Cache-Control', b'private'), (b'Content-Encoding', b'gzip'), (b'Expires', b'Mon, 22 Sep 2025 04:37:13 GMT'), (b'Vary', b'*'), (b'X-Content-Type-Options', b'nosniff'), (b'OData-Version', b'4.0;'), (b'X-AspNet-Version', b'4.0.30319'), (b'X-Powered-By', b'ASP.NET')])
2025-09-22 10:06:12,195 - httpx - INFO - _send_single_request:1740 - HTTP Request: GET https://services.odata.org/V4/Northwind/Northwind.svc/Order_Details?%24skip=0&%24top=50 "HTTP/1.1 200 OK"
2025-09-22 10:06:12,195 - httpcore.http11 - DEBUG - atrace:87 - receive_response_body.started request=<Request [b'GET']>
2025-09-22 10:06:12,195 - httpcore.http11 - DEBUG - atrace:87 - receive_response_body.complete
2025-09-22 10:06:12,195 - httpcore.http11 - DEBUG - atrace:87 - response_closed.started
2025-09-22 10:06:12,195 - httpcore.http11 - DEBUG - atrace:87 - receive_response_headers.complete return_value=(b'HTTP/1.1', 200, b'OK', [(b'Content-Length', b'2479'), (b'Content-Type', b'application/json;odata.metadata=minimal;odata.streaming=true;IEEE754Compatible=false;charset=utf-8'), (b'Date', b'Mon, 22 Sep 2025 04:36:13 GMT'), (b'Server', b'Microsoft-IIS/10.0'), (b'Access-Control-Allow-Headers', b'Accept, Origin, Content-Type, MaxDataServiceVersion'), (b'Access-Control-Allow-Methods', b'GET'), (b'Access-Control-Allow-Origin', b'*'), (b'Access-Control-Expose-Headers', b'DataServiceVersion'), (b'Cache-Control', b'private'), (b'Content-Encoding', b'gzip'), (b'Expires', b'Mon, 22 Sep 2025 04:37:13 GMT'), (b'Vary', b'*'), (b'X-Content-Type-Options', b'nosniff'), (b'OData-Version', b'4.0;'), (b'X-AspNet-Version', b'4.0.30319'), (b'X-Powered-By', b'ASP.NET')])
2025-09-22 10:06:12,195 - httpx - INFO - _send_single_request:1740 - HTTP Request: GET https://services.odata.org/V4/Northwind/Northwind.svc/Customers?%24skip=50&%24top=50 "HTTP/1.1 200 OK"
2025-09-22 10:06:12,199 - httpcore.http11 - DEBUG - atrace:87 - receive_response_body.started request=<Request [b'GET']>
2025-09-22 10:06:12,199 - httpcore.http11 - DEBUG - atrace:87 - receive_response_body.complete
2025-09-22 10:06:12,199 - httpcore.http11 - DEBUG - atrace:87 - response_closed.started
2025-09-22 10:06:12,199 - httpcore.http11 - DEBUG - atrace:87 - response_closed.complete
2025-09-22 10:06:12,199 - workers.proxy_pool - INFO - _make_http_request:162 - [2m2025-09-22T04:36:12.199395Z[0m [[32m[1minfo     [0m] [1m📊 Worker successfully fetched data[0m [[0m[1m[34mworkers.proxy_pool[0m][0m [36mcommand_id[0m=[35mOrder_Details_page_1[0m [36mentity[0m=[35mOrder_Details[0m [36mhas_next_page[0m=[35mFalse[0m [36mrecords_in_response[0m=[35m50[0m [36mworker_id[0m=[35mworker_18[0m
2025-09-22 10:06:12,199 - workers.proxy_pool - INFO - execute_command:85 - [2m2025-09-22T04:36:12.199395Z[0m [[32m[1minfo     [0m] [1m✅ Worker completed command successfully[0m [[0m[1m[34mworkers.proxy_pool[0m][0m [36mcommand_id[0m=[35mOrder_Details_page_1[0m [36mentity[0m=[35mOrder_Details[0m [36mexecution_time_seconds[0m=[35m2.72[0m [36mhas_next_page[0m=[35mFalse[0m [36mrecords_fetched[0m=[35m50[0m [36mworker_id[0m=[35mworker_18[0m
2025-09-22 10:06:12,201 - workers.proxy_pool - INFO - _worker_loop:363 - [2m2025-09-22T04:36:12.201909Z[0m [[32m[1minfo     [0m] [1m📋 Worker picked up command from queue[0m [[0m[1m[34mworkers.proxy_pool[0m][0m [36mcommand_id[0m=[35mSummary_of_Sales_by_Years_page_1[0m [36mentity[0m=[35mSummary_of_Sales_by_Years[0m [36mqueue_size_after_pickup[0m=[35m17[0m [36mworker_id[0m=[35mworker_18[0m [36mworker_status[0m=[35mPROCESSING[0m
2025-09-22 10:06:12,201 - workers.proxy_pool - INFO - execute_command:51 - [2m2025-09-22T04:36:12.201909Z[0m [[32m[1minfo     [0m] [1m🚀 Worker starting command execution[0m [[0m[1m[34mworkers.proxy_pool[0m][0m [36mcommand_id[0m=[35mSummary_of_Sales_by_Years_page_1[0m [36mcommand_type[0m=[35mfetch_page[0m [36mentity[0m=[35mSummary_of_Sales_by_Years[0m [36mpriority[0m=[35m1[0m [36mretry_count[0m=[35m0[0m [36mskip[0m=[35m0[0m [36mtop[0m=[35m50[0m [36mworker_id[0m=[35mworker_18[0m
2025-09-22 10:06:12,203 - workers.proxy_pool - INFO - execute_command:74 - [2m2025-09-22T04:36:12.203702Z[0m [[32m[1minfo     [0m] [1m🔄 Worker executing request with resilience patterns[0m [[0m[1m[34mworkers.proxy_pool[0m][0m [36mcircuit_breaker_state[0m=[35mclosed[0m [36mcommand_id[0m=[35mSummary_of_Sales_by_Years_page_1[0m [36mworker_id[0m=[35mworker_18[0m
2025-09-22 10:06:12,204 - httpcore.http11 - DEBUG - atrace:87 - response_closed.complete
2025-09-22 10:06:12,205 - workers.proxy_pool - INFO - _make_http_request:162 - [2m2025-09-22T04:36:12.205675Z[0m [[32m[1minfo     [0m] [1m📊 Worker successfully fetched data[0m [[0m[1m[34mworkers.proxy_pool[0m][0m [36mcommand_id[0m=[35mCustomers_page_2[0m [36mentity[0m=[35mCustomers[0m [36mhas_next_page[0m=[35mTrue[0m [36mrecords_in_response[0m=[35m20[0m [36mworker_id[0m=[35mworker_11[0m
2025-09-22 10:06:12,206 - workers.proxy_pool - INFO - execute_command:85 - [2m2025-09-22T04:36:12.206008Z[0m [[32m[1minfo     [0m] [1m✅ Worker completed command successfully[0m [[0m[1m[34mworkers.proxy_pool[0m][0m [36mcommand_id[0m=[35mCustomers_page_2[0m [36mentity[0m=[35mCustomers[0m [36mexecution_time_seconds[0m=[35m1.3[0m [36mhas_next_page[0m=[35mTrue[0m [36mrecords_fetched[0m=[35m20[0m [36mworker_id[0m=[35mworker_11[0m
2025-09-22 10:06:12,207 - workers.proxy_pool - INFO - _worker_loop:363 - [2m2025-09-22T04:36:12.206688Z[0m [[32m[1minfo     [0m] [1m📋 Worker picked up command from queue[0m [[0m[1m[34mworkers.proxy_pool[0m][0m [36mcommand_id[0m=[35mSummary_of_Sales_by_Years_page_2[0m [36mentity[0m=[35mSummary_of_Sales_by_Years[0m [36mqueue_size_after_pickup[0m=[35m16[0m [36mworker_id[0m=[35mworker_11[0m [36mworker_status[0m=[35mPROCESSING[0m
2025-09-22 10:06:12,207 - workers.proxy_pool - INFO - execute_command:51 - [2m2025-09-22T04:36:12.207261Z[0m [[32m[1minfo     [0m] [1m🚀 Worker starting command execution[0m [[0m[1m[34mworkers.proxy_pool[0m][0m [36mcommand_id[0m=[35mSummary_of_Sales_by_Years_page_2[0m [36mcommand_type[0m=[35mfetch_page[0m [36mentity[0m=[35mSummary_of_Sales_by_Years[0m [36mpriority[0m=[35m1[0m [36mretry_count[0m=[35m0[0m [36mskip[0m=[35m50[0m [36mtop[0m=[35m50[0m [36mworker_id[0m=[35mworker_11[0m
2025-09-22 10:06:12,208 - workers.proxy_pool - INFO - execute_command:74 - [2m2025-09-22T04:36:12.208144Z[0m [[32m[1minfo     [0m] [1m🔄 Worker executing request with resilience patterns[0m [[0m[1m[34mworkers.proxy_pool[0m][0m [36mcircuit_breaker_state[0m=[35mclosed[0m [36mcommand_id[0m=[35mSummary_of_Sales_by_Years_page_2[0m [36mworker_id[0m=[35mworker_11[0m
2025-09-22 10:06:12,209 - storage.transformer - INFO - transform_odata_response:96 - [2m2025-09-22T04:36:12.209798Z[0m [[32m[1minfo     [0m] [1mTransformation completed      [0m [[0m[1m[34mstorage.transformer[0m][0m [36mentity_name[0m=[35mOrder_Details[0m [36minput_records[0m=[35m50[0m [36moutput_records[0m=[35m50[0m
2025-09-22 10:06:12,209 - storage.local_storage - INFO - store_processed_records:131 - [2m2025-09-22T04:36:12.209798Z[0m [[32m[1minfo     [0m] [1mStoring processed records     [0m [[0m[1m[34mstorage.local_storage[0m][0m [36mentity_name[0m=[35mOrder_Details[0m [36mformat[0m=[35mjson[0m [36mrecord_count[0m=[35m50[0m
2025-09-22 10:06:12,213 - storage.local_storage - INFO - store_processed_records:142 - [2m2025-09-22T04:36:12.212887Z[0m [[32m[1minfo     [0m] [1mSuccessfully stored processed records[0m [[0m[1m[34mstorage.local_storage[0m][0m [36mentity_name[0m=[35mOrder_Details[0m [36mfile_path[0m=[35m./test_output/processed\Order_Details_20250922_043612.json[0m [36mrecord_count[0m=[35m50[0m
2025-09-22 10:06:12,214 - storage.local_storage - INFO - store_raw_response:83 - [2m2025-09-22T04:36:12.214203Z[0m [[32m[1minfo     [0m] [1mSuccessfully stored raw data  [0m [[0m[1m[34mstorage.local_storage[0m][0m [36mentity_name[0m=[35mOrder_Details[0m [36mfile_path[0m=[35m./test_output/raw\Order_Details\2025/09/22\04\Order_Details_page_1.json[0m [36msize_bytes[0m=[35m7372[0m
2025-09-22 10:06:12,214 - storage.transformer - INFO - transform_odata_response:96 - [2m2025-09-22T04:36:12.214203Z[0m [[32m[1minfo     [0m] [1mTransformation completed      [0m [[0m[1m[34mstorage.transformer[0m][0m [36mentity_name[0m=[35mCustomers[0m [36minput_records[0m=[35m20[0m [36moutput_records[0m=[35m20[0m
2025-09-22 10:06:12,216 - storage.local_storage - INFO - store_processed_records:131 - [2m2025-09-22T04:36:12.216457Z[0m [[32m[1minfo     [0m] [1mStoring processed records     [0m [[0m[1m[34mstorage.local_storage[0m][0m [36mentity_name[0m=[35mCustomers[0m [36mformat[0m=[35mjson[0m [36mrecord_count[0m=[35m20[0m
2025-09-22 10:06:12,219 - storage.local_storage - INFO - store_processed_records:142 - [2m2025-09-22T04:36:12.219941Z[0m [[32m[1minfo     [0m] [1mSuccessfully stored processed records[0m [[0m[1m[34mstorage.local_storage[0m][0m [36mentity_name[0m=[35mCustomers[0m [36mfile_path[0m=[35m./test_output/processed\Customers_20250922_043612.json[0m [36mrecord_count[0m=[35m20[0m
2025-09-22 10:06:12,222 - storage.local_storage - INFO - store_raw_response:83 - [2m2025-09-22T04:36:12.222096Z[0m [[32m[1minfo     [0m] [1mSuccessfully stored raw data  [0m [[0m[1m[34mstorage.local_storage[0m][0m [36mentity_name[0m=[35mCustomers[0m [36mfile_path[0m=[35m./test_output/raw\Customers\2025/09/22\04\Customers_page_2.json[0m [36msize_bytes[0m=[35m8274[0m
2025-09-22 10:06:12,222 - httpcore.http11 - DEBUG - atrace:87 - send_request_headers.started request=<Request [b'GET']>
2025-09-22 10:06:12,222 - httpcore.http11 - DEBUG - atrace:87 - send_request_headers.started request=<Request [b'GET']>
2025-09-22 10:06:12,224 - httpcore.http11 - DEBUG - atrace:87 - send_request_headers.complete
2025-09-22 10:06:12,224 - httpcore.http11 - DEBUG - atrace:87 - send_request_body.started request=<Request [b'GET']>
2025-09-22 10:06:12,224 - httpcore.http11 - DEBUG - atrace:87 - send_request_body.complete
2025-09-22 10:06:12,224 - httpcore.http11 - DEBUG - atrace:87 - receive_response_headers.started request=<Request [b'GET']>
2025-09-22 10:06:12,224 - httpcore.http11 - DEBUG - atrace:87 - send_request_headers.complete
2025-09-22 10:06:12,224 - httpcore.http11 - DEBUG - atrace:87 - send_request_body.started request=<Request [b'GET']>
2025-09-22 10:06:12,224 - httpcore.http11 - DEBUG - atrace:87 - send_request_body.complete
2025-09-22 10:06:12,224 - httpcore.http11 - DEBUG - atrace:87 - receive_response_headers.started request=<Request [b'GET']>
2025-09-22 10:06:12,224 - httpcore.http11 - DEBUG - atrace:87 - receive_response_headers.complete return_value=(b'HTTP/1.1', 200, b'OK', [(b'Content-Length', b'683'), (b'Content-Type', b'application/json;odata.metadata=minimal;odata.streaming=true;IEEE754Compatible=false;charset=utf-8'), (b'Date', b'Mon, 22 Sep 2025 04:36:13 GMT'), (b'Server', b'Microsoft-IIS/10.0'), (b'Access-Control-Allow-Headers', b'Accept, Origin, Content-Type, MaxDataServiceVersion'), (b'Access-Control-Allow-Methods', b'GET'), (b'Access-Control-Allow-Origin', b'*'), (b'Access-Control-Expose-Headers', b'DataServiceVersion'), (b'Cache-Control', b'private'), (b'Content-Encoding', b'gzip'), (b'Expires', b'Mon, 22 Sep 2025 04:37:13 GMT'), (b'Vary', b'*'), (b'X-Content-Type-Options', b'nosniff'), (b'OData-Version', b'4.0;'), (b'X-AspNet-Version', b'4.0.30319'), (b'X-Powered-By', b'ASP.NET')])
2025-09-22 10:06:12,224 - httpx - INFO - _send_single_request:1740 - HTTP Request: GET https://services.odata.org/V4/Northwind/Northwind.svc/Order_Subtotals?%24skip=50&%24top=50 "HTTP/1.1 200 OK"
2025-09-22 10:06:12,224 - httpcore.http11 - DEBUG - atrace:87 - receive_response_body.started request=<Request [b'GET']>
2025-09-22 10:06:12,224 - httpcore.http11 - DEBUG - atrace:87 - receive_response_body.complete
2025-09-22 10:06:12,224 - httpcore.http11 - DEBUG - atrace:87 - response_closed.started
2025-09-22 10:06:12,224 - httpcore.http11 - DEBUG - atrace:87 - response_closed.complete
2025-09-22 10:06:12,224 - workers.proxy_pool - INFO - _make_http_request:162 - [2m2025-09-22T04:36:12.224746Z[0m [[32m[1minfo     [0m] [1m📊 Worker successfully fetched data[0m [[0m[1m[34mworkers.proxy_pool[0m][0m [36mcommand_id[0m=[35mOrder_Subtotals_page_2[0m [36mentity[0m=[35mOrder_Subtotals[0m [36mhas_next_page[0m=[35mFalse[0m [36mrecords_in_response[0m=[35m50[0m [36mworker_id[0m=[35mworker_9[0m
2025-09-22 10:06:12,228 - workers.proxy_pool - INFO - execute_command:85 - [2m2025-09-22T04:36:12.228175Z[0m [[32m[1minfo     [0m] [1m✅ Worker completed command successfully[0m [[0m[1m[34mworkers.proxy_pool[0m][0m [36mcommand_id[0m=[35mOrder_Subtotals_page_2[0m [36mentity[0m=[35mOrder_Subtotals[0m [36mexecution_time_seconds[0m=[35m1.23[0m [36mhas_next_page[0m=[35mFalse[0m [36mrecords_fetched[0m=[35m50[0m [36mworker_id[0m=[35mworker_9[0m
2025-09-22 10:06:12,228 - workers.proxy_pool - INFO - _worker_loop:363 - [2m2025-09-22T04:36:12.228544Z[0m [[32m[1minfo     [0m] [1m📋 Worker picked up command from queue[0m [[0m[1m[34mworkers.proxy_pool[0m][0m [36mcommand_id[0m=[35mSummary_of_Sales_by_Years_page_3[0m [36mentity[0m=[35mSummary_of_Sales_by_Years[0m [36mqueue_size_after_pickup[0m=[35m16[0m [36mworker_id[0m=[35mworker_9[0m [36mworker_status[0m=[35mPROCESSING[0m
2025-09-22 10:06:12,229 - workers.proxy_pool - INFO - execute_command:51 - [2m2025-09-22T04:36:12.229332Z[0m [[32m[1minfo     [0m] [1m🚀 Worker starting command execution[0m [[0m[1m[34mworkers.proxy_pool[0m][0m [36mcommand_id[0m=[35mSummary_of_Sales_by_Years_page_3[0m [36mcommand_type[0m=[35mfetch_page[0m [36mentity[0m=[35mSummary_of_Sales_by_Years[0m [36mpriority[0m=[35m1[0m [36mretry_count[0m=[35m0[0m [36mskip[0m=[35m100[0m [36mtop[0m=[35m50[0m [36mworker_id[0m=[35mworker_9[0m
2025-09-22 10:06:12,229 - workers.proxy_pool - INFO - execute_command:74 - [2m2025-09-22T04:36:12.229720Z[0m [[32m[1minfo     [0m] [1m🔄 Worker executing request with resilience patterns[0m [[0m[1m[34mworkers.proxy_pool[0m][0m [36mcircuit_breaker_state[0m=[35mclosed[0m [36mcommand_id[0m=[35mSummary_of_Sales_by_Years_page_3[0m [36mworker_id[0m=[35mworker_9[0m
2025-09-22 10:06:12,229 - storage.transformer - INFO - transform_odata_response:96 - [2m2025-09-22T04:36:12.229720Z[0m [[32m[1minfo     [0m] [1mTransformation completed      [0m [[0m[1m[34mstorage.transformer[0m][0m [36mentity_name[0m=[35mOrder_Subtotals[0m [36minput_records[0m=[35m50[0m [36moutput_records[0m=[35m50[0m
2025-09-22 10:06:12,229 - storage.local_storage - INFO - store_processed_records:131 - [2m2025-09-22T04:36:12.229720Z[0m [[32m[1minfo     [0m] [1mStoring processed records     [0m [[0m[1m[34mstorage.local_storage[0m][0m [36mentity_name[0m=[35mOrder_Subtotals[0m [36mformat[0m=[35mjson[0m [36mrecord_count[0m=[35m50[0m
2025-09-22 10:06:12,232 - storage.local_storage - INFO - store_processed_records:142 - [2m2025-09-22T04:36:12.232935Z[0m [[32m[1minfo     [0m] [1mSuccessfully stored processed records[0m [[0m[1m[34mstorage.local_storage[0m][0m [36mentity_name[0m=[35mOrder_Subtotals[0m [36mfile_path[0m=[35m./test_output/processed\Order_Subtotals_20250922_043612.json[0m [36mrecord_count[0m=[35m50[0m
2025-09-22 10:06:12,232 - storage.local_storage - INFO - store_raw_response:83 - [2m2025-09-22T04:36:12.232935Z[0m [[32m[1minfo     [0m] [1mSuccessfully stored raw data  [0m [[0m[1m[34mstorage.local_storage[0m][0m [36mentity_name[0m=[35mOrder_Subtotals[0m [36mfile_path[0m=[35m./test_output/raw\Order_Subtotals\2025/09/22\04\Order_Subtotals_page_2.json[0m [36msize_bytes[0m=[35m3781[0m
2025-09-22 10:06:12,232 - httpcore.http11 - DEBUG - atrace:87 - send_request_headers.started request=<Request [b'GET']>
2025-09-22 10:06:12,232 - httpcore.http11 - DEBUG - atrace:87 - send_request_headers.complete
2025-09-22 10:06:12,235 - httpcore.http11 - DEBUG - atrace:87 - send_request_body.started request=<Request [b'GET']>
2025-09-22 10:06:12,235 - httpcore.http11 - DEBUG - atrace:87 - send_request_body.complete
2025-09-22 10:06:12,235 - httpcore.http11 - DEBUG - atrace:87 - receive_response_headers.started request=<Request [b'GET']>
2025-09-22 10:06:12,326 - httpcore.http11 - DEBUG - atrace:87 - receive_response_headers.complete return_value=(b'HTTP/1.1', 200, b'OK', [(b'Content-Length', b'3398'), (b'Content-Type', b'application/json;odata.metadata=minimal;odata.streaming=true;IEEE754Compatible=false;charset=utf-8'), (b'Date', b'Mon, 22 Sep 2025 04:36:13 GMT'), (b'Server', b'Microsoft-IIS/10.0'), (b'Access-Control-Allow-Headers', b'Accept, Origin, Content-Type, MaxDataServiceVersion'), (b'Access-Control-Allow-Methods', b'GET'), (b'Access-Control-Allow-Origin', b'*'), (b'Access-Control-Expose-Headers', b'DataServiceVersion'), (b'Cache-Control', b'private'), (b'Content-Encoding', b'gzip'), (b'Expires', b'Mon, 22 Sep 2025 04:37:14 GMT'), (b'Vary', b'*'), (b'X-Content-Type-Options', b'nosniff'), (b'OData-Version', b'4.0;'), (b'X-AspNet-Version', b'4.0.30319'), (b'X-Powered-By', b'ASP.NET')])
2025-09-22 10:06:12,327 - httpx - INFO - _send_single_request:1740 - HTTP Request: GET https://services.odata.org/V4/Northwind/Northwind.svc/Orders_Qries?%24skip=50&%24top=50 "HTTP/1.1 200 OK"
2025-09-22 10:06:12,327 - httpcore.http11 - DEBUG - atrace:87 - receive_response_body.started request=<Request [b'GET']>
2025-09-22 10:06:12,327 - httpcore.http11 - DEBUG - atrace:87 - receive_response_body.complete
2025-09-22 10:06:12,327 - httpcore.http11 - DEBUG - atrace:87 - response_closed.started
2025-09-22 10:06:12,327 - httpcore.http11 - DEBUG - atrace:87 - response_closed.complete
2025-09-22 10:06:12,327 - workers.proxy_pool - INFO - _make_http_request:162 - [2m2025-09-22T04:36:12.327065Z[0m [[32m[1minfo     [0m] [1m📊 Worker successfully fetched data[0m [[0m[1m[34mworkers.proxy_pool[0m][0m [36mcommand_id[0m=[35mOrders_Qries_page_2[0m [36mentity[0m=[35mOrders_Qries[0m [36mhas_next_page[0m=[35mFalse[0m [36mrecords_in_response[0m=[35m50[0m [36mworker_id[0m=[35mworker_4[0m
2025-09-22 10:06:12,327 - workers.proxy_pool - INFO - execute_command:85 - [2m2025-09-22T04:36:12.327065Z[0m [[32m[1minfo     [0m] [1m✅ Worker completed command successfully[0m [[0m[1m[34mworkers.proxy_pool[0m][0m [36mcommand_id[0m=[35mOrders_Qries_page_2[0m [36mentity[0m=[35mOrders_Qries[0m [36mexecution_time_seconds[0m=[35m0.33[0m [36mhas_next_page[0m=[35mFalse[0m [36mrecords_fetched[0m=[35m50[0m [36mworker_id[0m=[35mworker_4[0m
2025-09-22 10:06:12,327 - workers.proxy_pool - INFO - _worker_loop:363 - [2m2025-09-22T04:36:12.327065Z[0m [[32m[1minfo     [0m] [1m📋 Worker picked up command from queue[0m [[0m[1m[34mworkers.proxy_pool[0m][0m [36mcommand_id[0m=[35mOrders_page_1[0m [36mentity[0m=[35mOrders[0m [36mqueue_size_after_pickup[0m=[35m15[0m [36mworker_id[0m=[35mworker_4[0m [36mworker_status[0m=[35mPROCESSING[0m
2025-09-22 10:06:12,333 - workers.proxy_pool - INFO - execute_command:51 - [2m2025-09-22T04:36:12.333717Z[0m [[32m[1minfo     [0m] [1m🚀 Worker starting command execution[0m [[0m[1m[34mworkers.proxy_pool[0m][0m [36mcommand_id[0m=[35mOrders_page_1[0m [36mcommand_type[0m=[35mfetch_page[0m [36mentity[0m=[35mOrders[0m [36mpriority[0m=[35m1[0m [36mretry_count[0m=[35m0[0m [36mskip[0m=[35m0[0m [36mtop[0m=[35m50[0m [36mworker_id[0m=[35mworker_4[0m
2025-09-22 10:06:12,335 - workers.proxy_pool - INFO - execute_command:74 - [2m2025-09-22T04:36:12.334785Z[0m [[32m[1minfo     [0m] [1m🔄 Worker executing request with resilience patterns[0m [[0m[1m[34mworkers.proxy_pool[0m][0m [36mcircuit_breaker_state[0m=[35mclosed[0m [36mcommand_id[0m=[35mOrders_page_1[0m [36mworker_id[0m=[35mworker_4[0m
2025-09-22 10:06:12,335 - storage.transformer - INFO - transform_odata_response:96 - [2m2025-09-22T04:36:12.335734Z[0m [[32m[1minfo     [0m] [1mTransformation completed      [0m [[0m[1m[34mstorage.transformer[0m][0m [36mentity_name[0m=[35mOrders_Qries[0m [36minput_records[0m=[35m50[0m [36moutput_records[0m=[35m50[0m
2025-09-22 10:06:12,335 - storage.local_storage - INFO - store_processed_records:131 - [2m2025-09-22T04:36:12.335734Z[0m [[32m[1minfo     [0m] [1mStoring processed records     [0m [[0m[1m[34mstorage.local_storage[0m][0m [36mentity_name[0m=[35mOrders_Qries[0m [36mformat[0m=[35mjson[0m [36mrecord_count[0m=[35m50[0m
2025-09-22 10:06:12,342 - storage.local_storage - INFO - store_processed_records:142 - [2m2025-09-22T04:36:12.335734Z[0m [[32m[1minfo     [0m] [1mSuccessfully stored processed records[0m [[0m[1m[34mstorage.local_storage[0m][0m [36mentity_name[0m=[35mOrders_Qries[0m [36mfile_path[0m=[35m./test_output/processed\Orders_Qries_20250922_043612.json[0m [36mrecord_count[0m=[35m50[0m
2025-09-22 10:06:12,348 - storage.local_storage - INFO - store_raw_response:83 - [2m2025-09-22T04:36:12.348236Z[0m [[32m[1minfo     [0m] [1mSuccessfully stored raw data  [0m [[0m[1m[34mstorage.local_storage[0m][0m [36mentity_name[0m=[35mOrders_Qries[0m [36mfile_path[0m=[35m./test_output/raw\Orders_Qries\2025/09/22\04\Orders_Qries_page_2.json[0m [36msize_bytes[0m=[35m35272[0m
2025-09-22 10:06:12,349 - httpcore.http11 - DEBUG - atrace:87 - send_request_headers.started request=<Request [b'GET']>
2025-09-22 10:06:12,349 - httpcore.http11 - DEBUG - atrace:87 - send_request_headers.complete
2025-09-22 10:06:12,350 - httpcore.http11 - DEBUG - atrace:87 - send_request_body.started request=<Request [b'GET']>
2025-09-22 10:06:12,350 - httpcore.http11 - DEBUG - atrace:87 - send_request_body.complete
2025-09-22 10:06:12,350 - httpcore.http11 - DEBUG - atrace:87 - receive_response_headers.started request=<Request [b'GET']>
2025-09-22 10:06:12,496 - httpcore.http11 - DEBUG - atrace:87 - receive_response_headers.complete return_value=(b'HTTP/1.1', 200, b'OK', [(b'Content-Length', b'930'), (b'Content-Type', b'application/json;odata.metadata=minimal;odata.streaming=true;IEEE754Compatible=false;charset=utf-8'), (b'Date', b'Mon, 22 Sep 2025 04:36:13 GMT'), (b'Server', b'Microsoft-IIS/10.0'), (b'Access-Control-Allow-Headers', b'Accept, Origin, Content-Type, MaxDataServiceVersion'), (b'Access-Control-Allow-Methods', b'GET'), (b'Access-Control-Allow-Origin', b'*'), (b'Access-Control-Expose-Headers', b'DataServiceVersion'), (b'Cache-Control', b'private'), (b'Content-Encoding', b'gzip'), (b'Expires', b'Mon, 22 Sep 2025 04:37:14 GMT'), (b'Vary', b'*'), (b'X-Content-Type-Options', b'nosniff'), (b'OData-Version', b'4.0;'), (b'X-AspNet-Version', b'4.0.30319'), (b'X-Powered-By', b'ASP.NET')])
2025-09-22 10:06:12,496 - httpx - INFO - _send_single_request:1740 - HTTP Request: GET https://services.odata.org/V4/Northwind/Northwind.svc/Summary_of_Sales_by_Years?%24skip=0&%24top=50 "HTTP/1.1 200 OK"
2025-09-22 10:06:12,496 - httpcore.http11 - DEBUG - atrace:87 - receive_response_body.started request=<Request [b'GET']>
2025-09-22 10:06:12,496 - httpcore.http11 - DEBUG - atrace:87 - receive_response_body.complete
2025-09-22 10:06:12,496 - httpcore.http11 - DEBUG - atrace:87 - response_closed.started
2025-09-22 10:06:12,496 - httpcore.http11 - DEBUG - atrace:87 - response_closed.complete
2025-09-22 10:06:12,496 - workers.proxy_pool - INFO - _make_http_request:162 - [2m2025-09-22T04:36:12.496866Z[0m [[32m[1minfo     [0m] [1m📊 Worker successfully fetched data[0m [[0m[1m[34mworkers.proxy_pool[0m][0m [36mcommand_id[0m=[35mSummary_of_Sales_by_Years_page_1[0m [36mentity[0m=[35mSummary_of_Sales_by_Years[0m [36mhas_next_page[0m=[35mFalse[0m [36mrecords_in_response[0m=[35m50[0m [36mworker_id[0m=[35mworker_18[0m
2025-09-22 10:06:12,496 - workers.proxy_pool - INFO - execute_command:85 - [2m2025-09-22T04:36:12.496866Z[0m [[32m[1minfo     [0m] [1m✅ Worker completed command successfully[0m [[0m[1m[34mworkers.proxy_pool[0m][0m [36mcommand_id[0m=[35mSummary_of_Sales_by_Years_page_1[0m [36mentity[0m=[35mSummary_of_Sales_by_Years[0m [36mexecution_time_seconds[0m=[35m0.3[0m [36mhas_next_page[0m=[35mFalse[0m [36mrecords_fetched[0m=[35m50[0m [36mworker_id[0m=[35mworker_18[0m
2025-09-22 10:06:12,496 - workers.proxy_pool - INFO - _worker_loop:363 - [2m2025-09-22T04:36:12.496866Z[0m [[32m[1minfo     [0m] [1m📋 Worker picked up command from queue[0m [[0m[1m[34mworkers.proxy_pool[0m][0m [36mcommand_id[0m=[35mOrders_page_2[0m [36mentity[0m=[35mOrders[0m [36mqueue_size_after_pickup[0m=[35m14[0m [36mworker_id[0m=[35mworker_18[0m [36mworker_status[0m=[35mPROCESSING[0m
2025-09-22 10:06:12,496 - workers.proxy_pool - INFO - execute_command:51 - [2m2025-09-22T04:36:12.496866Z[0m [[32m[1minfo     [0m] [1m🚀 Worker starting command execution[0m [[0m[1m[34mworkers.proxy_pool[0m][0m [36mcommand_id[0m=[35mOrders_page_2[0m [36mcommand_type[0m=[35mfetch_page[0m [36mentity[0m=[35mOrders[0m [36mpriority[0m=[35m1[0m [36mretry_count[0m=[35m0[0m [36mskip[0m=[35m50[0m [36mtop[0m=[35m50[0m [36mworker_id[0m=[35mworker_18[0m
2025-09-22 10:06:12,496 - workers.proxy_pool - INFO - execute_command:74 - [2m2025-09-22T04:36:12.496866Z[0m [[32m[1minfo     [0m] [1m🔄 Worker executing request with resilience patterns[0m [[0m[1m[34mworkers.proxy_pool[0m][0m [36mcircuit_breaker_state[0m=[35mclosed[0m [36mcommand_id[0m=[35mOrders_page_2[0m [36mworker_id[0m=[35mworker_18[0m
2025-09-22 10:06:12,512 - storage.transformer - INFO - transform_odata_response:96 - [2m2025-09-22T04:36:12.512354Z[0m [[32m[1minfo     [0m] [1mTransformation completed      [0m [[0m[1m[34mstorage.transformer[0m][0m [36mentity_name[0m=[35mSummary_of_Sales_by_Years[0m [36minput_records[0m=[35m50[0m [36moutput_records[0m=[35m50[0m
2025-09-22 10:06:12,512 - storage.local_storage - INFO - store_processed_records:131 - [2m2025-09-22T04:36:12.512354Z[0m [[32m[1minfo     [0m] [1mStoring processed records     [0m [[0m[1m[34mstorage.local_storage[0m][0m [36mentity_name[0m=[35mSummary_of_Sales_by_Years[0m [36mformat[0m=[35mjson[0m [36mrecord_count[0m=[35m50[0m
2025-09-22 10:06:12,516 - storage.local_storage - INFO - store_processed_records:142 - [2m2025-09-22T04:36:12.515687Z[0m [[32m[1minfo     [0m] [1mSuccessfully stored processed records[0m [[0m[1m[34mstorage.local_storage[0m][0m [36mentity_name[0m=[35mSummary_of_Sales_by_Years[0m [36mfile_path[0m=[35m./test_output/processed\Summary_of_Sales_by_Years_20250922_043612.json[0m [36mrecord_count[0m=[35m50[0m
2025-09-22 10:06:12,524 - storage.local_storage - INFO - store_raw_response:83 - [2m2025-09-22T04:36:12.524576Z[0m [[32m[1minfo     [0m] [1mSuccessfully stored raw data  [0m [[0m[1m[34mstorage.local_storage[0m][0m [36mentity_name[0m=[35mSummary_of_Sales_by_Years[0m [36mfile_path[0m=[35m./test_output/raw\Summary_of_Sales_by_Years\2025/09/22\04\Summary_of_Sales_by_Years_page_1.json[0m [36msize_bytes[0m=[35m6163[0m
2025-09-22 10:06:12,526 - httpcore.http11 - DEBUG - atrace:87 - send_request_headers.started request=<Request [b'GET']>
2025-09-22 10:06:12,528 - httpcore.http11 - DEBUG - atrace:87 - send_request_headers.complete
2025-09-22 10:06:12,529 - httpcore.http11 - DEBUG - atrace:87 - send_request_body.started request=<Request [b'GET']>
2025-09-22 10:06:12,529 - httpcore.http11 - DEBUG - atrace:87 - send_request_body.complete
2025-09-22 10:06:12,529 - httpcore.http11 - DEBUG - atrace:87 - receive_response_headers.started request=<Request [b'GET']>
2025-09-22 10:06:12,600 - httpcore.http11 - DEBUG - atrace:87 - receive_response_headers.complete return_value=(b'HTTP/1.1', 200, b'OK', [(b'Content-Length', b'5057'), (b'Content-Type', b'application/json;odata.metadata=minimal;odata.streaming=true;IEEE754Compatible=false;charset=utf-8'), (b'Date', b'Mon, 22 Sep 2025 04:36:13 GMT'), (b'Server', b'Microsoft-IIS/10.0'), (b'Access-Control-Allow-Headers', b'Accept, Origin, Content-Type, MaxDataServiceVersion'), (b'Access-Control-Allow-Methods', b'GET'), (b'Access-Control-Allow-Origin', b'*'), (b'Access-Control-Expose-Headers', b'DataServiceVersion'), (b'Cache-Control', b'private'), (b'Content-Encoding', b'gzip'), (b'Expires', b'Mon, 22 Sep 2025 04:37:14 GMT'), (b'Vary', b'*'), (b'X-Content-Type-Options', b'nosniff'), (b'OData-Version', b'4.0;'), (b'X-AspNet-Version', b'4.0.30319'), (b'X-Powered-By', b'ASP.NET')])
2025-09-22 10:06:12,600 - httpx - INFO - _send_single_request:1740 - HTTP Request: GET https://services.odata.org/V4/Northwind/Northwind.svc/Orders?%24skip=0&%24top=50 "HTTP/1.1 200 OK"
2025-09-22 10:06:12,603 - httpcore.http11 - DEBUG - atrace:87 - receive_response_body.started request=<Request [b'GET']>
2025-09-22 10:06:12,603 - httpcore.http11 - DEBUG - atrace:87 - receive_response_body.complete
2025-09-22 10:06:12,603 - httpcore.http11 - DEBUG - atrace:87 - response_closed.started
2025-09-22 10:06:12,603 - httpcore.http11 - DEBUG - atrace:87 - response_closed.complete
2025-09-22 10:06:12,606 - workers.proxy_pool - INFO - _make_http_request:162 - [2m2025-09-22T04:36:12.606569Z[0m [[32m[1minfo     [0m] [1m📊 Worker successfully fetched data[0m [[0m[1m[34mworkers.proxy_pool[0m][0m [36mcommand_id[0m=[35mOrders_page_1[0m [36mentity[0m=[35mOrders[0m [36mhas_next_page[0m=[35mFalse[0m [36mrecords_in_response[0m=[35m50[0m [36mworker_id[0m=[35mworker_4[0m
2025-09-22 10:06:12,608 - workers.proxy_pool - INFO - execute_command:85 - [2m2025-09-22T04:36:12.606569Z[0m [[32m[1minfo     [0m] [1m✅ Worker completed command successfully[0m [[0m[1m[34mworkers.proxy_pool[0m][0m [36mcommand_id[0m=[35mOrders_page_1[0m [36mentity[0m=[35mOrders[0m [36mexecution_time_seconds[0m=[35m0.28[0m [36mhas_next_page[0m=[35mFalse[0m [36mrecords_fetched[0m=[35m50[0m [36mworker_id[0m=[35mworker_4[0m
2025-09-22 10:06:12,608 - workers.proxy_pool - INFO - _worker_loop:363 - [2m2025-09-22T04:36:12.608796Z[0m [[32m[1minfo     [0m] [1m📋 Worker picked up command from queue[0m [[0m[1m[34mworkers.proxy_pool[0m][0m [36mcommand_id[0m=[35mOrders_page_3[0m [36mentity[0m=[35mOrders[0m [36mqueue_size_after_pickup[0m=[35m13[0m [36mworker_id[0m=[35mworker_4[0m [36mworker_status[0m=[35mPROCESSING[0m
2025-09-22 10:06:12,608 - workers.proxy_pool - INFO - execute_command:51 - [2m2025-09-22T04:36:12.608796Z[0m [[32m[1minfo     [0m] [1m🚀 Worker starting command execution[0m [[0m[1m[34mworkers.proxy_pool[0m][0m [36mcommand_id[0m=[35mOrders_page_3[0m [36mcommand_type[0m=[35mfetch_page[0m [36mentity[0m=[35mOrders[0m [36mpriority[0m=[35m1[0m [36mretry_count[0m=[35m0[0m [36mskip[0m=[35m100[0m [36mtop[0m=[35m50[0m [36mworker_id[0m=[35mworker_4[0m
2025-09-22 10:06:12,611 - workers.proxy_pool - INFO - execute_command:74 - [2m2025-09-22T04:36:12.611454Z[0m [[32m[1minfo     [0m] [1m🔄 Worker executing request with resilience patterns[0m [[0m[1m[34mworkers.proxy_pool[0m][0m [36mcircuit_breaker_state[0m=[35mclosed[0m [36mcommand_id[0m=[35mOrders_page_3[0m [36mworker_id[0m=[35mworker_4[0m
2025-09-22 10:06:12,615 - storage.transformer - INFO - transform_odata_response:96 - [2m2025-09-22T04:36:12.615431Z[0m [[32m[1minfo     [0m] [1mTransformation completed      [0m [[0m[1m[34mstorage.transformer[0m][0m [36mentity_name[0m=[35mOrders[0m [36minput_records[0m=[35m50[0m [36moutput_records[0m=[35m50[0m
2025-09-22 10:06:12,616 - storage.local_storage - INFO - store_processed_records:131 - [2m2025-09-22T04:36:12.616396Z[0m [[32m[1minfo     [0m] [1mStoring processed records     [0m [[0m[1m[34mstorage.local_storage[0m][0m [36mentity_name[0m=[35mOrders[0m [36mformat[0m=[35mjson[0m [36mrecord_count[0m=[35m50[0m
2025-09-22 10:06:12,621 - storage.local_storage - INFO - store_processed_records:142 - [2m2025-09-22T04:36:12.621555Z[0m [[32m[1minfo     [0m] [1mSuccessfully stored processed records[0m [[0m[1m[34mstorage.local_storage[0m][0m [36mentity_name[0m=[35mOrders[0m [36mfile_path[0m=[35m./test_output/processed\Orders_20250922_043612.json[0m [36mrecord_count[0m=[35m50[0m
2025-09-22 10:06:12,632 - storage.local_storage - INFO - store_raw_response:83 - [2m2025-09-22T04:36:12.628655Z[0m [[32m[1minfo     [0m] [1mSuccessfully stored raw data  [0m [[0m[1m[34mstorage.local_storage[0m][0m [36mentity_name[0m=[35mOrders[0m [36mfile_path[0m=[35m./test_output/raw\Orders\2025/09/22\04\Orders_page_1.json[0m [36msize_bytes[0m=[35m27633[0m
2025-09-22 10:06:12,632 - httpcore.http11 - DEBUG - atrace:87 - send_request_headers.started request=<Request [b'GET']>
2025-09-22 10:06:12,632 - httpcore.http11 - DEBUG - atrace:87 - send_request_headers.complete
2025-09-22 10:06:12,632 - httpcore.http11 - DEBUG - atrace:87 - send_request_body.started request=<Request [b'GET']>
2025-09-22 10:06:12,636 - httpcore.http11 - DEBUG - atrace:87 - send_request_body.complete
2025-09-22 10:06:12,636 - httpcore.http11 - DEBUG - atrace:87 - receive_response_headers.started request=<Request [b'GET']>
2025-09-22 10:06:12,661 - httpcore.http11 - DEBUG - atrace:87 - receive_response_headers.complete return_value=(b'HTTP/1.1', 200, b'OK', [(b'Content-Length', b'402'), (b'Content-Type', b'application/json;odata.metadata=minimal;odata.streaming=true;IEEE754Compatible=false;charset=utf-8'), (b'Date', b'Mon, 22 Sep 2025 04:36:13 GMT'), (b'Server', b'Microsoft-IIS/10.0'), (b'Access-Control-Allow-Headers', b'Accept, Origin, Content-Type, MaxDataServiceVersion'), (b'Access-Control-Allow-Methods', b'GET'), (b'Access-Control-Allow-Origin', b'*'), (b'Access-Control-Expose-Headers', b'DataServiceVersion'), (b'Cache-Control', b'private'), (b'Content-Encoding', b'gzip'), (b'Expires', b'Mon, 22 Sep 2025 04:37:13 GMT'), (b'Vary', b'*'), (b'X-Content-Type-Options', b'nosniff'), (b'OData-Version', b'4.0;'), (b'X-AspNet-Version', b'4.0.30319'), (b'X-Powered-By', b'ASP.NET')])
2025-09-22 10:06:12,666 - httpx - INFO - _send_single_request:1740 - HTTP Request: GET https://services.odata.org/V4/Northwind/Northwind.svc/Category_Sales_for_1997?%24skip=0&%24top=50 "HTTP/1.1 200 OK"
2025-09-22 10:06:12,666 - httpcore.http11 - DEBUG - atrace:87 - receive_response_body.started request=<Request [b'GET']>
2025-09-22 10:06:12,666 - httpcore.http11 - DEBUG - atrace:87 - receive_response_body.complete
2025-09-22 10:06:12,666 - httpcore.http11 - DEBUG - atrace:87 - response_closed.started
2025-09-22 10:06:12,666 - httpcore.http11 - DEBUG - atrace:87 - response_closed.complete
2025-09-22 10:06:12,669 - workers.proxy_pool - INFO - _make_http_request:162 - [2m2025-09-22T04:36:12.669295Z[0m [[32m[1minfo     [0m] [1m📊 Worker successfully fetched data[0m [[0m[1m[34mworkers.proxy_pool[0m][0m [36mcommand_id[0m=[35mCategory_Sales_for_1997_page_1[0m [36mentity[0m=[35mCategory_Sales_for_1997[0m [36mhas_next_page[0m=[35mFalse[0m [36mrecords_in_response[0m=[35m8[0m [36mworker_id[0m=[35mworker_5[0m
2025-09-22 10:06:12,669 - workers.proxy_pool - INFO - execute_command:85 - [2m2025-09-22T04:36:12.669295Z[0m [[32m[1minfo     [0m] [1m✅ Worker completed command successfully[0m [[0m[1m[34mworkers.proxy_pool[0m][0m [36mcommand_id[0m=[35mCategory_Sales_for_1997_page_1[0m [36mentity[0m=[35mCategory_Sales_for_1997[0m [36mexecution_time_seconds[0m=[35m1.84[0m [36mhas_next_page[0m=[35mFalse[0m [36mrecords_fetched[0m=[35m8[0m [36mworker_id[0m=[35mworker_5[0m
2025-09-22 10:06:12,669 - workers.proxy_pool - INFO - _worker_loop:363 - [2m2025-09-22T04:36:12.669295Z[0m [[32m[1minfo     [0m] [1m📋 Worker picked up command from queue[0m [[0m[1m[34mworkers.proxy_pool[0m][0m [36mcommand_id[0m=[35mProducts_page_1[0m [36mentity[0m=[35mProducts[0m [36mqueue_size_after_pickup[0m=[35m12[0m [36mworker_id[0m=[35mworker_5[0m [36mworker_status[0m=[35mPROCESSING[0m
2025-09-22 10:06:12,669 - workers.proxy_pool - INFO - execute_command:51 - [2m2025-09-22T04:36:12.669295Z[0m [[32m[1minfo     [0m] [1m🚀 Worker starting command execution[0m [[0m[1m[34mworkers.proxy_pool[0m][0m [36mcommand_id[0m=[35mProducts_page_1[0m [36mcommand_type[0m=[35mfetch_page[0m [36mentity[0m=[35mProducts[0m [36mpriority[0m=[35m1[0m [36mretry_count[0m=[35m0[0m [36mskip[0m=[35m0[0m [36mtop[0m=[35m50[0m [36mworker_id[0m=[35mworker_5[0m
2025-09-22 10:06:12,673 - workers.proxy_pool - INFO - execute_command:74 - [2m2025-09-22T04:36:12.669295Z[0m [[32m[1minfo     [0m] [1m🔄 Worker executing request with resilience patterns[0m [[0m[1m[34mworkers.proxy_pool[0m][0m [36mcircuit_breaker_state[0m=[35mclosed[0m [36mcommand_id[0m=[35mProducts_page_1[0m [36mworker_id[0m=[35mworker_5[0m
2025-09-22 10:06:12,676 - storage.transformer - INFO - transform_odata_response:96 - [2m2025-09-22T04:36:12.676067Z[0m [[32m[1minfo     [0m] [1mTransformation completed      [0m [[0m[1m[34mstorage.transformer[0m][0m [36mentity_name[0m=[35mCategory_Sales_for_1997[0m [36minput_records[0m=[35m8[0m [36moutput_records[0m=[35m8[0m
2025-09-22 10:06:12,676 - storage.local_storage - INFO - store_processed_records:131 - [2m2025-09-22T04:36:12.676067Z[0m [[32m[1minfo     [0m] [1mStoring processed records     [0m [[0m[1m[34mstorage.local_storage[0m][0m [36mentity_name[0m=[35mCategory_Sales_for_1997[0m [36mformat[0m=[35mjson[0m [36mrecord_count[0m=[35m8[0m
2025-09-22 10:06:12,682 - storage.local_storage - INFO - store_processed_records:142 - [2m2025-09-22T04:36:12.682400Z[0m [[32m[1minfo     [0m] [1mSuccessfully stored processed records[0m [[0m[1m[34mstorage.local_storage[0m][0m [36mentity_name[0m=[35mCategory_Sales_for_1997[0m [36mfile_path[0m=[35m./test_output/processed\Category_Sales_for_1997_20250922_043612.json[0m [36mrecord_count[0m=[35m8[0m
2025-09-22 10:06:12,696 - storage.local_storage - INFO - store_raw_response:83 - [2m2025-09-22T04:36:12.696058Z[0m [[32m[1minfo     [0m] [1mSuccessfully stored raw data  [0m [[0m[1m[34mstorage.local_storage[0m][0m [36mentity_name[0m=[35mCategory_Sales_for_1997[0m [36mfile_path[0m=[35m./test_output/raw\Category_Sales_for_1997\2025/09/22\04\Category_Sales_for_1997_page_1.json[0m [36msize_bytes[0m=[35m1040[0m
2025-09-22 10:06:12,696 - httpcore.http11 - DEBUG - atrace:87 - send_request_headers.started request=<Request [b'GET']>
2025-09-22 10:06:12,700 - httpcore.http11 - DEBUG - atrace:87 - send_request_headers.complete
2025-09-22 10:06:12,701 - httpcore.http11 - DEBUG - atrace:87 - send_request_body.started request=<Request [b'GET']>
2025-09-22 10:06:12,701 - httpcore.http11 - DEBUG - atrace:87 - send_request_body.complete
2025-09-22 10:06:12,701 - httpcore.http11 - DEBUG - atrace:87 - receive_response_headers.started request=<Request [b'GET']>
2025-09-22 10:06:12,703 - httpcore.http11 - DEBUG - atrace:87 - receive_response_headers.complete return_value=(b'HTTP/1.1', 200, b'OK', [(b'Content-Length', b'693'), (b'Content-Type', b'application/json;odata.metadata=minimal;odata.streaming=true;IEEE754Compatible=false;charset=utf-8'), (b'Date', b'Mon, 22 Sep 2025 04:36:13 GMT'), (b'Server', b'Microsoft-IIS/10.0'), (b'Access-Control-Allow-Headers', b'Accept, Origin, Content-Type, MaxDataServiceVersion'), (b'Access-Control-Allow-Methods', b'GET'), (b'Access-Control-Allow-Origin', b'*'), (b'Access-Control-Expose-Headers', b'DataServiceVersion'), (b'Cache-Control', b'private'), (b'Content-Encoding', b'gzip'), (b'Expires', b'Mon, 22 Sep 2025 04:37:13 GMT'), (b'Vary', b'*'), (b'X-Content-Type-Options', b'nosniff'), (b'OData-Version', b'4.0;'), (b'X-AspNet-Version', b'4.0.30319'), (b'X-Powered-By', b'ASP.NET')])
2025-09-22 10:06:12,703 - httpx - INFO - _send_single_request:1740 - HTTP Request: GET https://services.odata.org/V4/Northwind/Northwind.svc/Order_Subtotals?%24skip=0&%24top=50 "HTTP/1.1 200 OK"
2025-09-22 10:06:12,703 - httpcore.http11 - DEBUG - atrace:87 - receive_response_body.started request=<Request [b'GET']>
2025-09-22 10:06:12,703 - httpcore.http11 - DEBUG - atrace:87 - receive_response_body.complete
2025-09-22 10:06:12,703 - httpcore.http11 - DEBUG - atrace:87 - response_closed.started
2025-09-22 10:06:12,703 - httpcore.http11 - DEBUG - atrace:87 - response_closed.complete
2025-09-22 10:06:12,706 - workers.proxy_pool - INFO - _make_http_request:162 - [2m2025-09-22T04:36:12.706534Z[0m [[32m[1minfo     [0m] [1m📊 Worker successfully fetched data[0m [[0m[1m[34mworkers.proxy_pool[0m][0m [36mcommand_id[0m=[35mOrder_Subtotals_page_1[0m [36mentity[0m=[35mOrder_Subtotals[0m [36mhas_next_page[0m=[35mFalse[0m [36mrecords_in_response[0m=[35m50[0m [36mworker_id[0m=[35mworker_15[0m
2025-09-22 10:06:12,707 - workers.proxy_pool - INFO - execute_command:85 - [2m2025-09-22T04:36:12.707390Z[0m [[32m[1minfo     [0m] [1m✅ Worker completed command successfully[0m [[0m[1m[34mworkers.proxy_pool[0m][0m [36mcommand_id[0m=[35mOrder_Subtotals_page_1[0m [36mentity[0m=[35mOrder_Subtotals[0m [36mexecution_time_seconds[0m=[35m1.78[0m [36mhas_next_page[0m=[35mFalse[0m [36mrecords_fetched[0m=[35m50[0m [36mworker_id[0m=[35mworker_15[0m
2025-09-22 10:06:12,708 - workers.proxy_pool - INFO - _worker_loop:363 - [2m2025-09-22T04:36:12.708206Z[0m [[32m[1minfo     [0m] [1m📋 Worker picked up command from queue[0m [[0m[1m[34mworkers.proxy_pool[0m][0m [36mcommand_id[0m=[35mProducts_page_2[0m [36mentity[0m=[35mProducts[0m [36mqueue_size_after_pickup[0m=[35m11[0m [36mworker_id[0m=[35mworker_15[0m [36mworker_status[0m=[35mPROCESSING[0m
2025-09-22 10:06:12,709 - workers.proxy_pool - INFO - execute_command:51 - [2m2025-09-22T04:36:12.708901Z[0m [[32m[1minfo     [0m] [1m🚀 Worker starting command execution[0m [[0m[1m[34mworkers.proxy_pool[0m][0m [36mcommand_id[0m=[35mProducts_page_2[0m [36mcommand_type[0m=[35mfetch_page[0m [36mentity[0m=[35mProducts[0m [36mpriority[0m=[35m1[0m [36mretry_count[0m=[35m0[0m [36mskip[0m=[35m50[0m [36mtop[0m=[35m50[0m [36mworker_id[0m=[35mworker_15[0m
2025-09-22 10:06:12,709 - workers.proxy_pool - INFO - execute_command:74 - [2m2025-09-22T04:36:12.709643Z[0m [[32m[1minfo     [0m] [1m🔄 Worker executing request with resilience patterns[0m [[0m[1m[34mworkers.proxy_pool[0m][0m [36mcircuit_breaker_state[0m=[35mclosed[0m [36mcommand_id[0m=[35mProducts_page_2[0m [36mworker_id[0m=[35mworker_15[0m
2025-09-22 10:06:12,712 - storage.transformer - INFO - transform_odata_response:96 - [2m2025-09-22T04:36:12.712125Z[0m [[32m[1minfo     [0m] [1mTransformation completed      [0m [[0m[1m[34mstorage.transformer[0m][0m [36mentity_name[0m=[35mOrder_Subtotals[0m [36minput_records[0m=[35m50[0m [36moutput_records[0m=[35m50[0m
2025-09-22 10:06:12,715 - storage.local_storage - INFO - store_processed_records:131 - [2m2025-09-22T04:36:12.715515Z[0m [[32m[1minfo     [0m] [1mStoring processed records     [0m [[0m[1m[34mstorage.local_storage[0m][0m [36mentity_name[0m=[35mOrder_Subtotals[0m [36mformat[0m=[35mjson[0m [36mrecord_count[0m=[35m50[0m
2025-09-22 10:06:12,717 - storage.local_storage - INFO - store_processed_records:142 - [2m2025-09-22T04:36:12.717331Z[0m [[32m[1minfo     [0m] [1mSuccessfully stored processed records[0m [[0m[1m[34mstorage.local_storage[0m][0m [36mentity_name[0m=[35mOrder_Subtotals[0m [36mfile_path[0m=[35m./test_output/processed\Order_Subtotals_20250922_043612.json[0m [36mrecord_count[0m=[35m50[0m
2025-09-22 10:06:12,717 - storage.local_storage - INFO - store_raw_response:83 - [2m2025-09-22T04:36:12.717331Z[0m [[32m[1minfo     [0m] [1mSuccessfully stored raw data  [0m [[0m[1m[34mstorage.local_storage[0m][0m [36mentity_name[0m=[35mOrder_Subtotals[0m [36mfile_path[0m=[35m./test_output/raw\Order_Subtotals\2025/09/22\04\Order_Subtotals_page_1.json[0m [36msize_bytes[0m=[35m3783[0m
2025-09-22 10:06:12,717 - httpcore.http11 - DEBUG - atrace:87 - send_request_headers.started request=<Request [b'GET']>
2025-09-22 10:06:12,717 - httpcore.http11 - DEBUG - atrace:87 - send_request_headers.complete
2025-09-22 10:06:12,717 - httpcore.http11 - DEBUG - atrace:87 - send_request_body.started request=<Request [b'GET']>
2025-09-22 10:06:12,717 - httpcore.http11 - DEBUG - atrace:87 - send_request_body.complete
2025-09-22 10:06:12,724 - httpcore.http11 - DEBUG - atrace:87 - receive_response_headers.started request=<Request [b'GET']>
2025-09-22 10:06:12,791 - httpcore.http11 - DEBUG - atrace:87 - receive_response_headers.complete return_value=(b'HTTP/1.1', 200, b'OK', [(b'Content-Length', b'5100'), (b'Content-Type', b'application/json;odata.metadata=minimal;odata.streaming=true;IEEE754Compatible=false;charset=utf-8'), (b'Date', b'Mon, 22 Sep 2025 04:36:14 GMT'), (b'Server', b'Microsoft-IIS/10.0'), (b'Access-Control-Allow-Headers', b'Accept, Origin, Content-Type, MaxDataServiceVersion'), (b'Access-Control-Allow-Methods', b'GET'), (b'Access-Control-Allow-Origin', b'*'), (b'Access-Control-Expose-Headers', b'DataServiceVersion'), (b'Cache-Control', b'private'), (b'Content-Encoding', b'gzip'), (b'Expires', b'Mon, 22 Sep 2025 04:37:14 GMT'), (b'Vary', b'*'), (b'X-Content-Type-Options', b'nosniff'), (b'OData-Version', b'4.0;'), (b'X-AspNet-Version', b'4.0.30319'), (b'X-Powered-By', b'ASP.NET')])
2025-09-22 10:06:12,791 - httpx - INFO - _send_single_request:1740 - HTTP Request: GET https://services.odata.org/V4/Northwind/Northwind.svc/Orders?%24skip=50&%24top=50 "HTTP/1.1 200 OK"
2025-09-22 10:06:12,791 - httpcore.http11 - DEBUG - atrace:87 - receive_response_body.started request=<Request [b'GET']>
2025-09-22 10:06:12,793 - httpcore.http11 - DEBUG - atrace:87 - receive_response_body.complete
2025-09-22 10:06:12,793 - httpcore.http11 - DEBUG - atrace:87 - response_closed.started
2025-09-22 10:06:12,793 - httpcore.http11 - DEBUG - atrace:87 - response_closed.complete
2025-09-22 10:06:12,793 - workers.proxy_pool - INFO - _make_http_request:162 - [2m2025-09-22T04:36:12.793011Z[0m [[32m[1minfo     [0m] [1m📊 Worker successfully fetched data[0m [[0m[1m[34mworkers.proxy_pool[0m][0m [36mcommand_id[0m=[35mOrders_page_2[0m [36mentity[0m=[35mOrders[0m [36mhas_next_page[0m=[35mFalse[0m [36mrecords_in_response[0m=[35m50[0m [36mworker_id[0m=[35mworker_18[0m
2025-09-22 10:06:12,793 - workers.proxy_pool - INFO - execute_command:85 - [2m2025-09-22T04:36:12.793011Z[0m [[32m[1minfo     [0m] [1m✅ Worker completed command successfully[0m [[0m[1m[34mworkers.proxy_pool[0m][0m [36mcommand_id[0m=[35mOrders_page_2[0m [36mentity[0m=[35mOrders[0m [36mexecution_time_seconds[0m=[35m0.3[0m [36mhas_next_page[0m=[35mFalse[0m [36mrecords_fetched[0m=[35m50[0m [36mworker_id[0m=[35mworker_18[0m
2025-09-22 10:06:12,793 - workers.proxy_pool - INFO - _worker_loop:363 - [2m2025-09-22T04:36:12.793011Z[0m [[32m[1minfo     [0m] [1m📋 Worker picked up command from queue[0m [[0m[1m[34mworkers.proxy_pool[0m][0m [36mcommand_id[0m=[35mEmployees_page_1[0m [36mentity[0m=[35mEmployees[0m [36mqueue_size_after_pickup[0m=[35m10[0m [36mworker_id[0m=[35mworker_18[0m [36mworker_status[0m=[35mPROCESSING[0m
2025-09-22 10:06:12,795 - workers.proxy_pool - INFO - execute_command:51 - [2m2025-09-22T04:36:12.795706Z[0m [[32m[1minfo     [0m] [1m🚀 Worker starting command execution[0m [[0m[1m[34mworkers.proxy_pool[0m][0m [36mcommand_id[0m=[35mEmployees_page_1[0m [36mcommand_type[0m=[35mfetch_page[0m [36mentity[0m=[35mEmployees[0m [36mpriority[0m=[35m1[0m [36mretry_count[0m=[35m0[0m [36mskip[0m=[35m0[0m [36mtop[0m=[35m50[0m [36mworker_id[0m=[35mworker_18[0m
2025-09-22 10:06:12,795 - workers.proxy_pool - INFO - execute_command:74 - [2m2025-09-22T04:36:12.795706Z[0m [[32m[1minfo     [0m] [1m🔄 Worker executing request with resilience patterns[0m [[0m[1m[34mworkers.proxy_pool[0m][0m [36mcircuit_breaker_state[0m=[35mclosed[0m [36mcommand_id[0m=[35mEmployees_page_1[0m [36mworker_id[0m=[35mworker_18[0m
2025-09-22 10:06:12,795 - storage.transformer - INFO - transform_odata_response:96 - [2m2025-09-22T04:36:12.795706Z[0m [[32m[1minfo     [0m] [1mTransformation completed      [0m [[0m[1m[34mstorage.transformer[0m][0m [36mentity_name[0m=[35mOrders[0m [36minput_records[0m=[35m50[0m [36moutput_records[0m=[35m50[0m
2025-09-22 10:06:12,795 - storage.local_storage - INFO - store_processed_records:131 - [2m2025-09-22T04:36:12.795706Z[0m [[32m[1minfo     [0m] [1mStoring processed records     [0m [[0m[1m[34mstorage.local_storage[0m][0m [36mentity_name[0m=[35mOrders[0m [36mformat[0m=[35mjson[0m [36mrecord_count[0m=[35m50[0m
2025-09-22 10:06:12,799 - storage.local_storage - INFO - store_processed_records:142 - [2m2025-09-22T04:36:12.799868Z[0m [[32m[1minfo     [0m] [1mSuccessfully stored processed records[0m [[0m[1m[34mstorage.local_storage[0m][0m [36mentity_name[0m=[35mOrders[0m [36mfile_path[0m=[35m./test_output/processed\Orders_20250922_043612.json[0m [36mrecord_count[0m=[35m50[0m
2025-09-22 10:06:12,800 - storage.local_storage - INFO - store_raw_response:83 - [2m2025-09-22T04:36:12.800521Z[0m [[32m[1minfo     [0m] [1mSuccessfully stored raw data  [0m [[0m[1m[34mstorage.local_storage[0m][0m [36mentity_name[0m=[35mOrders[0m [36mfile_path[0m=[35m./test_output/raw\Orders\2025/09/22\04\Orders_page_2.json[0m [36msize_bytes[0m=[35m27630[0m
2025-09-22 10:06:12,800 - httpcore.http11 - DEBUG - atrace:87 - send_request_headers.started request=<Request [b'GET']>
2025-09-22 10:06:12,800 - httpcore.http11 - DEBUG - atrace:87 - send_request_headers.complete
2025-09-22 10:06:12,800 - httpcore.http11 - DEBUG - atrace:87 - send_request_body.started request=<Request [b'GET']>
2025-09-22 10:06:12,800 - httpcore.http11 - DEBUG - atrace:87 - send_request_body.complete
2025-09-22 10:06:12,800 - httpcore.http11 - DEBUG - atrace:87 - receive_response_headers.started request=<Request [b'GET']>
2025-09-22 10:06:12,865 - httpcore.http11 - DEBUG - atrace:87 - receive_response_headers.complete return_value=(b'HTTP/1.1', 200, b'OK', [(b'Content-Length', b'3725'), (b'Content-Type', b'application/json;odata.metadata=minimal;odata.streaming=true;IEEE754Compatible=false;charset=utf-8'), (b'Date', b'Mon, 22 Sep 2025 04:36:14 GMT'), (b'Server', b'Microsoft-IIS/10.0'), (b'Access-Control-Allow-Headers', b'Accept, Origin, Content-Type, MaxDataServiceVersion'), (b'Access-Control-Allow-Methods', b'GET'), (b'Access-Control-Allow-Origin', b'*'), (b'Access-Control-Expose-Headers', b'DataServiceVersion'), (b'Cache-Control', b'private'), (b'Content-Encoding', b'gzip'), (b'Expires', b'Mon, 22 Sep 2025 04:37:14 GMT'), (b'Vary', b'*'), (b'X-Content-Type-Options', b'nosniff'), (b'OData-Version', b'4.0;'), (b'X-AspNet-Version', b'4.0.30319'), (b'X-Powered-By', b'ASP.NET')])
2025-09-22 10:06:12,865 - httpx - INFO - _send_single_request:1740 - HTTP Request: GET https://services.odata.org/V4/Northwind/Northwind.svc/Orders_Qries?%24skip=100&%24top=50 "HTTP/1.1 200 OK"
2025-09-22 10:06:12,865 - httpcore.http11 - DEBUG - atrace:87 - receive_response_body.started request=<Request [b'GET']>
2025-09-22 10:06:12,865 - httpcore.http11 - DEBUG - atrace:87 - receive_response_body.complete
2025-09-22 10:06:12,865 - httpcore.http11 - DEBUG - atrace:87 - response_closed.started
2025-09-22 10:06:12,865 - httpcore.http11 - DEBUG - atrace:87 - response_closed.complete
2025-09-22 10:06:12,865 - workers.proxy_pool - INFO - _make_http_request:162 - [2m2025-09-22T04:36:12.865174Z[0m [[32m[1minfo     [0m] [1m📊 Worker successfully fetched data[0m [[0m[1m[34mworkers.proxy_pool[0m][0m [36mcommand_id[0m=[35mOrders_Qries_page_3[0m [36mentity[0m=[35mOrders_Qries[0m [36mhas_next_page[0m=[35mFalse[0m [36mrecords_in_response[0m=[35m50[0m [36mworker_id[0m=[35mworker_13[0m
2025-09-22 10:06:12,865 - workers.proxy_pool - INFO - execute_command:85 - [2m2025-09-22T04:36:12.865174Z[0m [[32m[1minfo     [0m] [1m✅ Worker completed command successfully[0m [[0m[1m[34mworkers.proxy_pool[0m][0m [36mcommand_id[0m=[35mOrders_Qries_page_3[0m [36mentity[0m=[35mOrders_Qries[0m [36mexecution_time_seconds[0m=[35m0.86[0m [36mhas_next_page[0m=[35mFalse[0m [36mrecords_fetched[0m=[35m50[0m [36mworker_id[0m=[35mworker_13[0m
2025-09-22 10:06:12,865 - workers.proxy_pool - INFO - _worker_loop:363 - [2m2025-09-22T04:36:12.865174Z[0m [[32m[1minfo     [0m] [1m📋 Worker picked up command from queue[0m [[0m[1m[34mworkers.proxy_pool[0m][0m [36mcommand_id[0m=[35mCategories_page_1[0m [36mentity[0m=[35mCategories[0m [36mqueue_size_after_pickup[0m=[35m9[0m [36mworker_id[0m=[35mworker_13[0m [36mworker_status[0m=[35mPROCESSING[0m
2025-09-22 10:06:12,865 - workers.proxy_pool - INFO - execute_command:51 - [2m2025-09-22T04:36:12.865174Z[0m [[32m[1minfo     [0m] [1m🚀 Worker starting command execution[0m [[0m[1m[34mworkers.proxy_pool[0m][0m [36mcommand_id[0m=[35mCategories_page_1[0m [36mcommand_type[0m=[35mfetch_page[0m [36mentity[0m=[35mCategories[0m [36mpriority[0m=[35m1[0m [36mretry_count[0m=[35m0[0m [36mskip[0m=[35m0[0m [36mtop[0m=[35m50[0m [36mworker_id[0m=[35mworker_13[0m
2025-09-22 10:06:12,872 - workers.proxy_pool - INFO - execute_command:74 - [2m2025-09-22T04:36:12.872963Z[0m [[32m[1minfo     [0m] [1m🔄 Worker executing request with resilience patterns[0m [[0m[1m[34mworkers.proxy_pool[0m][0m [36mcircuit_breaker_state[0m=[35mclosed[0m [36mcommand_id[0m=[35mCategories_page_1[0m [36mworker_id[0m=[35mworker_13[0m
2025-09-22 10:06:12,881 - storage.transformer - INFO - transform_odata_response:96 - [2m2025-09-22T04:36:12.881248Z[0m [[32m[1minfo     [0m] [1mTransformation completed      [0m [[0m[1m[34mstorage.transformer[0m][0m [36mentity_name[0m=[35mOrders_Qries[0m [36minput_records[0m=[35m50[0m [36moutput_records[0m=[35m50[0m
2025-09-22 10:06:12,883 - storage.local_storage - INFO - store_processed_records:131 - [2m2025-09-22T04:36:12.883759Z[0m [[32m[1minfo     [0m] [1mStoring processed records     [0m [[0m[1m[34mstorage.local_storage[0m][0m [36mentity_name[0m=[35mOrders_Qries[0m [36mformat[0m=[35mjson[0m [36mrecord_count[0m=[35m50[0m
2025-09-22 10:06:12,891 - storage.local_storage - INFO - store_processed_records:142 - [2m2025-09-22T04:36:12.890706Z[0m [[32m[1minfo     [0m] [1mSuccessfully stored processed records[0m [[0m[1m[34mstorage.local_storage[0m][0m [36mentity_name[0m=[35mOrders_Qries[0m [36mfile_path[0m=[35m./test_output/processed\Orders_Qries_20250922_043612.json[0m [36mrecord_count[0m=[35m50[0m
2025-09-22 10:06:12,914 - storage.local_storage - INFO - store_raw_response:83 - [2m2025-09-22T04:36:12.914103Z[0m [[32m[1minfo     [0m] [1mSuccessfully stored raw data  [0m [[0m[1m[34mstorage.local_storage[0m][0m [36mentity_name[0m=[35mOrders_Qries[0m [36mfile_path[0m=[35m./test_output/raw\Orders_Qries\2025/09/22\04\Orders_Qries_page_3.json[0m [36msize_bytes[0m=[35m35134[0m
2025-09-22 10:06:12,914 - httpcore.http11 - DEBUG - atrace:87 - send_request_headers.started request=<Request [b'GET']>
2025-09-22 10:06:12,914 - httpcore.http11 - DEBUG - atrace:87 - send_request_headers.complete
2025-09-22 10:06:12,914 - httpcore.http11 - DEBUG - atrace:87 - send_request_body.started request=<Request [b'GET']>
2025-09-22 10:06:12,914 - httpcore.http11 - DEBUG - atrace:87 - send_request_body.complete
2025-09-22 10:06:12,914 - httpcore.http11 - DEBUG - atrace:87 - receive_response_headers.started request=<Request [b'GET']>
2025-09-22 10:06:12,919 - httpcore.http11 - DEBUG - atrace:87 - receive_response_headers.complete return_value=(b'HTTP/1.1', 200, b'OK', [(b'Content-Length', b'5105'), (b'Content-Type', b'application/json;odata.metadata=minimal;odata.streaming=true;IEEE754Compatible=false;charset=utf-8'), (b'Date', b'Mon, 22 Sep 2025 04:36:14 GMT'), (b'Server', b'Microsoft-IIS/10.0'), (b'Access-Control-Allow-Headers', b'Accept, Origin, Content-Type, MaxDataServiceVersion'), (b'Access-Control-Allow-Methods', b'GET'), (b'Access-Control-Allow-Origin', b'*'), (b'Access-Control-Expose-Headers', b'DataServiceVersion'), (b'Cache-Control', b'private'), (b'Content-Encoding', b'gzip'), (b'Expires', b'Mon, 22 Sep 2025 04:37:14 GMT'), (b'Vary', b'*'), (b'X-Content-Type-Options', b'nosniff'), (b'OData-Version', b'4.0;'), (b'X-AspNet-Version', b'4.0.30319'), (b'X-Powered-By', b'ASP.NET')])
2025-09-22 10:06:12,919 - httpx - INFO - _send_single_request:1740 - HTTP Request: GET https://services.odata.org/V4/Northwind/Northwind.svc/Orders?%24skip=100&%24top=50 "HTTP/1.1 200 OK"
2025-09-22 10:06:12,920 - httpcore.http11 - DEBUG - atrace:87 - receive_response_body.started request=<Request [b'GET']>
2025-09-22 10:06:12,920 - httpcore.http11 - DEBUG - atrace:87 - receive_response_body.complete
2025-09-22 10:06:12,920 - httpcore.http11 - DEBUG - atrace:87 - response_closed.started
2025-09-22 10:06:12,920 - httpcore.http11 - DEBUG - atrace:87 - response_closed.complete
2025-09-22 10:06:12,920 - workers.proxy_pool - INFO - _make_http_request:162 - [2m2025-09-22T04:36:12.920614Z[0m [[32m[1minfo     [0m] [1m📊 Worker successfully fetched data[0m [[0m[1m[34mworkers.proxy_pool[0m][0m [36mcommand_id[0m=[35mOrders_page_3[0m [36mentity[0m=[35mOrders[0m [36mhas_next_page[0m=[35mFalse[0m [36mrecords_in_response[0m=[35m50[0m [36mworker_id[0m=[35mworker_4[0m
2025-09-22 10:06:12,920 - workers.proxy_pool - INFO - execute_command:85 - [2m2025-09-22T04:36:12.920614Z[0m [[32m[1minfo     [0m] [1m✅ Worker completed command successfully[0m [[0m[1m[34mworkers.proxy_pool[0m][0m [36mcommand_id[0m=[35mOrders_page_3[0m [36mentity[0m=[35mOrders[0m [36mexecution_time_seconds[0m=[35m0.31[0m [36mhas_next_page[0m=[35mFalse[0m [36mrecords_fetched[0m=[35m50[0m [36mworker_id[0m=[35mworker_4[0m
2025-09-22 10:06:12,920 - workers.proxy_pool - INFO - _worker_loop:363 - [2m2025-09-22T04:36:12.920614Z[0m [[32m[1minfo     [0m] [1m📋 Worker picked up command from queue[0m [[0m[1m[34mworkers.proxy_pool[0m][0m [36mcommand_id[0m=[35mRegions_page_1[0m [36mentity[0m=[35mRegions[0m [36mqueue_size_after_pickup[0m=[35m8[0m [36mworker_id[0m=[35mworker_4[0m [36mworker_status[0m=[35mPROCESSING[0m
2025-09-22 10:06:12,920 - workers.proxy_pool - INFO - execute_command:51 - [2m2025-09-22T04:36:12.920614Z[0m [[32m[1minfo     [0m] [1m🚀 Worker starting command execution[0m [[0m[1m[34mworkers.proxy_pool[0m][0m [36mcommand_id[0m=[35mRegions_page_1[0m [36mcommand_type[0m=[35mfetch_page[0m [36mentity[0m=[35mRegions[0m [36mpriority[0m=[35m1[0m [36mretry_count[0m=[35m0[0m [36mskip[0m=[35m0[0m [36mtop[0m=[35m50[0m [36mworker_id[0m=[35mworker_4[0m
2025-09-22 10:06:12,924 - workers.proxy_pool - INFO - execute_command:74 - [2m2025-09-22T04:36:12.920614Z[0m [[32m[1minfo     [0m] [1m🔄 Worker executing request with resilience patterns[0m [[0m[1m[34mworkers.proxy_pool[0m][0m [36mcircuit_breaker_state[0m=[35mclosed[0m [36mcommand_id[0m=[35mRegions_page_1[0m [36mworker_id[0m=[35mworker_4[0m
2025-09-22 10:06:12,927 - storage.transformer - INFO - transform_odata_response:96 - [2m2025-09-22T04:36:12.927847Z[0m [[32m[1minfo     [0m] [1mTransformation completed      [0m [[0m[1m[34mstorage.transformer[0m][0m [36mentity_name[0m=[35mOrders[0m [36minput_records[0m=[35m50[0m [36moutput_records[0m=[35m50[0m
2025-09-22 10:06:12,927 - storage.local_storage - INFO - store_processed_records:131 - [2m2025-09-22T04:36:12.927847Z[0m [[32m[1minfo     [0m] [1mStoring processed records     [0m [[0m[1m[34mstorage.local_storage[0m][0m [36mentity_name[0m=[35mOrders[0m [36mformat[0m=[35mjson[0m [36mrecord_count[0m=[35m50[0m
2025-09-22 10:06:12,931 - storage.local_storage - INFO - store_processed_records:142 - [2m2025-09-22T04:36:12.931569Z[0m [[32m[1minfo     [0m] [1mSuccessfully stored processed records[0m [[0m[1m[34mstorage.local_storage[0m][0m [36mentity_name[0m=[35mOrders[0m [36mfile_path[0m=[35m./test_output/processed\Orders_20250922_043612.json[0m [36mrecord_count[0m=[35m50[0m
2025-09-22 10:06:12,936 - storage.local_storage - INFO - store_raw_response:83 - [2m2025-09-22T04:36:12.936120Z[0m [[32m[1minfo     [0m] [1mSuccessfully stored raw data  [0m [[0m[1m[34mstorage.local_storage[0m][0m [36mentity_name[0m=[35mOrders[0m [36mfile_path[0m=[35m./test_output/raw\Orders\2025/09/22\04\Orders_page_3.json[0m [36msize_bytes[0m=[35m27595[0m
2025-09-22 10:06:12,936 - httpcore.http11 - DEBUG - atrace:87 - send_request_headers.started request=<Request [b'GET']>
2025-09-22 10:06:12,936 - httpcore.http11 - DEBUG - atrace:87 - send_request_headers.complete
2025-09-22 10:06:12,936 - httpcore.http11 - DEBUG - atrace:87 - send_request_body.started request=<Request [b'GET']>
2025-09-22 10:06:12,936 - httpcore.http11 - DEBUG - atrace:87 - send_request_body.complete
2025-09-22 10:06:12,936 - httpcore.http11 - DEBUG - atrace:87 - receive_response_headers.started request=<Request [b'GET']>
2025-09-22 10:06:12,954 - httpcore.http11 - DEBUG - atrace:87 - receive_response_headers.complete return_value=(b'HTTP/1.1', 200, b'OK', [(b'Content-Length', b'1435'), (b'Content-Type', b'application/json;odata.metadata=minimal;odata.streaming=true;IEEE754Compatible=false;charset=utf-8'), (b'Date', b'Mon, 22 Sep 2025 04:36:14 GMT'), (b'Server', b'Microsoft-IIS/10.0'), (b'Access-Control-Allow-Headers', b'Accept, Origin, Content-Type, MaxDataServiceVersion'), (b'Access-Control-Allow-Methods', b'GET'), (b'Access-Control-Allow-Origin', b'*'), (b'Access-Control-Expose-Headers', b'DataServiceVersion'), (b'Cache-Control', b'private'), (b'Content-Encoding', b'gzip'), (b'Expires', b'Mon, 22 Sep 2025 04:37:14 GMT'), (b'Vary', b'*'), (b'X-Content-Type-Options', b'nosniff'), (b'OData-Version', b'4.0;'), (b'X-AspNet-Version', b'4.0.30319'), (b'X-Powered-By', b'ASP.NET')])
2025-09-22 10:06:12,954 - httpx - INFO - _send_single_request:1740 - HTTP Request: GET https://services.odata.org/V4/Northwind/Northwind.svc/Products?%24skip=0&%24top=50 "HTTP/1.1 200 OK"
2025-09-22 10:06:12,957 - httpcore.http11 - DEBUG - atrace:87 - receive_response_body.started request=<Request [b'GET']>
2025-09-22 10:06:12,957 - httpcore.http11 - DEBUG - atrace:87 - receive_response_body.complete
2025-09-22 10:06:12,957 - httpcore.http11 - DEBUG - atrace:87 - response_closed.started
2025-09-22 10:06:12,957 - httpcore.http11 - DEBUG - atrace:87 - response_closed.complete
2025-09-22 10:06:12,957 - workers.proxy_pool - INFO - _make_http_request:162 - [2m2025-09-22T04:36:12.957187Z[0m [[32m[1minfo     [0m] [1m📊 Worker successfully fetched data[0m [[0m[1m[34mworkers.proxy_pool[0m][0m [36mcommand_id[0m=[35mProducts_page_1[0m [36mentity[0m=[35mProducts[0m [36mhas_next_page[0m=[35mTrue[0m [36mrecords_in_response[0m=[35m20[0m [36mworker_id[0m=[35mworker_5[0m
2025-09-22 10:06:12,958 - workers.proxy_pool - INFO - execute_command:85 - [2m2025-09-22T04:36:12.958283Z[0m [[32m[1minfo     [0m] [1m✅ Worker completed command successfully[0m [[0m[1m[34mworkers.proxy_pool[0m][0m [36mcommand_id[0m=[35mProducts_page_1[0m [36mentity[0m=[35mProducts[0m [36mexecution_time_seconds[0m=[35m0.28[0m [36mhas_next_page[0m=[35mTrue[0m [36mrecords_fetched[0m=[35m20[0m [36mworker_id[0m=[35mworker_5[0m
2025-09-22 10:06:12,959 - workers.proxy_pool - INFO - _worker_loop:363 - [2m2025-09-22T04:36:12.959806Z[0m [[32m[1minfo     [0m] [1m📋 Worker picked up command from queue[0m [[0m[1m[34mworkers.proxy_pool[0m][0m [36mcommand_id[0m=[35mInvoices_page_1[0m [36mentity[0m=[35mInvoices[0m [36mqueue_size_after_pickup[0m=[35m7[0m [36mworker_id[0m=[35mworker_5[0m [36mworker_status[0m=[35mPROCESSING[0m
2025-09-22 10:06:12,959 - workers.proxy_pool - INFO - execute_command:51 - [2m2025-09-22T04:36:12.959806Z[0m [[32m[1minfo     [0m] [1m🚀 Worker starting command execution[0m [[0m[1m[34mworkers.proxy_pool[0m][0m [36mcommand_id[0m=[35mInvoices_page_1[0m [36mcommand_type[0m=[35mfetch_page[0m [36mentity[0m=[35mInvoices[0m [36mpriority[0m=[35m1[0m [36mretry_count[0m=[35m0[0m [36mskip[0m=[35m0[0m [36mtop[0m=[35m50[0m [36mworker_id[0m=[35mworker_5[0m
2025-09-22 10:06:12,959 - workers.proxy_pool - INFO - execute_command:74 - [2m2025-09-22T04:36:12.959806Z[0m [[32m[1minfo     [0m] [1m🔄 Worker executing request with resilience patterns[0m [[0m[1m[34mworkers.proxy_pool[0m][0m [36mcircuit_breaker_state[0m=[35mclosed[0m [36mcommand_id[0m=[35mInvoices_page_1[0m [36mworker_id[0m=[35mworker_5[0m
2025-09-22 10:06:12,964 - storage.transformer - INFO - transform_odata_response:96 - [2m2025-09-22T04:36:12.964082Z[0m [[32m[1minfo     [0m] [1mTransformation completed      [0m [[0m[1m[34mstorage.transformer[0m][0m [36mentity_name[0m=[35mProducts[0m [36minput_records[0m=[35m20[0m [36moutput_records[0m=[35m20[0m
2025-09-22 10:06:12,964 - storage.local_storage - INFO - store_processed_records:131 - [2m2025-09-22T04:36:12.964082Z[0m [[32m[1minfo     [0m] [1mStoring processed records     [0m [[0m[1m[34mstorage.local_storage[0m][0m [36mentity_name[0m=[35mProducts[0m [36mformat[0m=[35mjson[0m [36mrecord_count[0m=[35m20[0m
2025-09-22 10:06:12,971 - storage.local_storage - INFO - store_processed_records:142 - [2m2025-09-22T04:36:12.971075Z[0m [[32m[1minfo     [0m] [1mSuccessfully stored processed records[0m [[0m[1m[34mstorage.local_storage[0m][0m [36mentity_name[0m=[35mProducts[0m [36mfile_path[0m=[35m./test_output/processed\Products_20250922_043612.json[0m [36mrecord_count[0m=[35m20[0m
2025-09-22 10:06:12,979 - storage.local_storage - INFO - store_raw_response:83 - [2m2025-09-22T04:36:12.979200Z[0m [[32m[1minfo     [0m] [1mSuccessfully stored raw data  [0m [[0m[1m[34mstorage.local_storage[0m][0m [36mentity_name[0m=[35mProducts[0m [36mfile_path[0m=[35m./test_output/raw\Products\2025/09/22\04\Products_page_1.json[0m [36msize_bytes[0m=[35m7446[0m
2025-09-22 10:06:12,980 - httpcore.http11 - DEBUG - atrace:87 - send_request_headers.started request=<Request [b'GET']>
2025-09-22 10:06:12,981 - httpcore.http11 - DEBUG - atrace:87 - send_request_headers.complete
2025-09-22 10:06:12,981 - httpcore.http11 - DEBUG - atrace:87 - send_request_body.started request=<Request [b'GET']>
2025-09-22 10:06:12,981 - httpcore.http11 - DEBUG - atrace:87 - send_request_body.complete
2025-09-22 10:06:12,981 - httpcore.http11 - DEBUG - atrace:87 - receive_response_headers.started request=<Request [b'GET']>
2025-09-22 10:06:12,982 - httpcore.http11 - DEBUG - atrace:87 - receive_response_headers.complete return_value=(b'HTTP/1.1', 200, b'OK', [(b'Content-Length', b'1492'), (b'Content-Type', b'application/json;odata.metadata=minimal;odata.streaming=true;IEEE754Compatible=false;charset=utf-8'), (b'Date', b'Mon, 22 Sep 2025 04:36:14 GMT'), (b'Server', b'Microsoft-IIS/10.0'), (b'Access-Control-Allow-Headers', b'Accept, Origin, Content-Type, MaxDataServiceVersion'), (b'Access-Control-Allow-Methods', b'GET'), (b'Access-Control-Allow-Origin', b'*'), (b'Access-Control-Expose-Headers', b'DataServiceVersion'), (b'Cache-Control', b'private'), (b'Content-Encoding', b'gzip'), (b'Expires', b'Mon, 22 Sep 2025 04:37:14 GMT'), (b'Vary', b'*'), (b'X-Content-Type-Options', b'nosniff'), (b'OData-Version', b'4.0;'), (b'X-AspNet-Version', b'4.0.30319'), (b'X-Powered-By', b'ASP.NET')])
2025-09-22 10:06:12,983 - httpx - INFO - _send_single_request:1740 - HTTP Request: GET https://services.odata.org/V4/Northwind/Northwind.svc/Products?%24skip=50&%24top=50 "HTTP/1.1 200 OK"
2025-09-22 10:06:12,983 - httpcore.http11 - DEBUG - atrace:87 - receive_response_body.started request=<Request [b'GET']>
2025-09-22 10:06:12,983 - httpcore.http11 - DEBUG - atrace:87 - receive_response_body.complete
2025-09-22 10:06:12,983 - httpcore.http11 - DEBUG - atrace:87 - response_closed.started
2025-09-22 10:06:12,983 - httpcore.http11 - DEBUG - atrace:87 - response_closed.complete
2025-09-22 10:06:12,983 - workers.proxy_pool - INFO - _make_http_request:162 - [2m2025-09-22T04:36:12.983952Z[0m [[32m[1minfo     [0m] [1m📊 Worker successfully fetched data[0m [[0m[1m[34mworkers.proxy_pool[0m][0m [36mcommand_id[0m=[35mProducts_page_2[0m [36mentity[0m=[35mProducts[0m [36mhas_next_page[0m=[35mTrue[0m [36mrecords_in_response[0m=[35m20[0m [36mworker_id[0m=[35mworker_15[0m
2025-09-22 10:06:12,983 - workers.proxy_pool - INFO - execute_command:85 - [2m2025-09-22T04:36:12.983952Z[0m [[32m[1minfo     [0m] [1m✅ Worker completed command successfully[0m [[0m[1m[34mworkers.proxy_pool[0m][0m [36mcommand_id[0m=[35mProducts_page_2[0m [36mentity[0m=[35mProducts[0m [36mexecution_time_seconds[0m=[35m0.28[0m [36mhas_next_page[0m=[35mTrue[0m [36mrecords_fetched[0m=[35m20[0m [36mworker_id[0m=[35mworker_15[0m
2025-09-22 10:06:12,983 - workers.proxy_pool - INFO - _worker_loop:363 - [2m2025-09-22T04:36:12.983952Z[0m [[32m[1minfo     [0m] [1m📋 Worker picked up command from queue[0m [[0m[1m[34mworkers.proxy_pool[0m][0m [36mcommand_id[0m=[35mInvoices_page_2[0m [36mentity[0m=[35mInvoices[0m [36mqueue_size_after_pickup[0m=[35m7[0m [36mworker_id[0m=[35mworker_15[0m [36mworker_status[0m=[35mPROCESSING[0m
2025-09-22 10:06:12,983 - workers.proxy_pool - INFO - execute_command:51 - [2m2025-09-22T04:36:12.983952Z[0m [[32m[1minfo     [0m] [1m🚀 Worker starting command execution[0m [[0m[1m[34mworkers.proxy_pool[0m][0m [36mcommand_id[0m=[35mInvoices_page_2[0m [36mcommand_type[0m=[35mfetch_page[0m [36mentity[0m=[35mInvoices[0m [36mpriority[0m=[35m1[0m [36mretry_count[0m=[35m0[0m [36mskip[0m=[35m50[0m [36mtop[0m=[35m50[0m [36mworker_id[0m=[35mworker_15[0m
2025-09-22 10:06:12,987 - storage.transformer - INFO - transform_odata_response:96 - [2m2025-09-22T04:36:12.987475Z[0m [[32m[1minfo     [0m] [1mTransformation completed      [0m [[0m[1m[34mstorage.transformer[0m][0m [36mentity_name[0m=[35mProducts[0m [36minput_records[0m=[35m20[0m [36moutput_records[0m=[35m20[0m
2025-09-22 10:06:12,987 - storage.local_storage - INFO - store_processed_records:131 - [2m2025-09-22T04:36:12.987475Z[0m [[32m[1minfo     [0m] [1mStoring processed records     [0m [[0m[1m[34mstorage.local_storage[0m][0m [36mentity_name[0m=[35mProducts[0m [36mformat[0m=[35mjson[0m [36mrecord_count[0m=[35m20[0m
2025-09-22 10:06:12,988 - storage.local_storage - INFO - store_processed_records:142 - [2m2025-09-22T04:36:12.988817Z[0m [[32m[1minfo     [0m] [1mSuccessfully stored processed records[0m [[0m[1m[34mstorage.local_storage[0m][0m [36mentity_name[0m=[35mProducts[0m [36mfile_path[0m=[35m./test_output/processed\Products_20250922_043612.json[0m [36mrecord_count[0m=[35m20[0m
2025-09-22 10:06:12,990 - storage.local_storage - INFO - store_raw_response:83 - [2m2025-09-22T04:36:12.990920Z[0m [[32m[1minfo     [0m] [1mSuccessfully stored raw data  [0m [[0m[1m[34mstorage.local_storage[0m][0m [36mentity_name[0m=[35mProducts[0m [36mfile_path[0m=[35m./test_output/raw\Products\2025/09/22\04\Products_page_2.json[0m [36msize_bytes[0m=[35m7530[0m
2025-09-22 10:06:12,996 - httpcore.http11 - DEBUG - atrace:87 - receive_response_headers.complete return_value=(b'HTTP/1.1', 200, b'OK', [(b'Content-Length', b'925'), (b'Content-Type', b'application/json;odata.metadata=minimal;odata.streaming=true;IEEE754Compatible=false;charset=utf-8'), (b'Date', b'Mon, 22 Sep 2025 04:36:14 GMT'), (b'Server', b'Microsoft-IIS/10.0'), (b'Access-Control-Allow-Headers', b'Accept, Origin, Content-Type, MaxDataServiceVersion'), (b'Access-Control-Allow-Methods', b'GET'), (b'Access-Control-Allow-Origin', b'*'), (b'Access-Control-Expose-Headers', b'DataServiceVersion'), (b'Cache-Control', b'private'), (b'Content-Encoding', b'gzip'), (b'Expires', b'Mon, 22 Sep 2025 04:37:14 GMT'), (b'Vary', b'*'), (b'X-Content-Type-Options', b'nosniff'), (b'OData-Version', b'4.0;'), (b'X-AspNet-Version', b'4.0.30319'), (b'X-Powered-By', b'ASP.NET')])
2025-09-22 10:06:12,996 - httpx - INFO - _send_single_request:1740 - HTTP Request: GET https://services.odata.org/V4/Northwind/Northwind.svc/Summary_of_Sales_by_Years?%24skip=100&%24top=50 "HTTP/1.1 200 OK"
2025-09-22 10:06:12,996 - httpcore.http11 - DEBUG - atrace:87 - receive_response_body.started request=<Request [b'GET']>
2025-09-22 10:06:12,996 - httpcore.http11 - DEBUG - atrace:87 - receive_response_body.complete
2025-09-22 10:06:12,996 - httpcore.http11 - DEBUG - atrace:87 - response_closed.started
2025-09-22 10:06:12,996 - httpcore.http11 - DEBUG - atrace:87 - response_closed.complete
2025-09-22 10:06:12,996 - workers.proxy_pool - INFO - _make_http_request:162 - [2m2025-09-22T04:36:12.996610Z[0m [[32m[1minfo     [0m] [1m📊 Worker successfully fetched data[0m [[0m[1m[34mworkers.proxy_pool[0m][0m [36mcommand_id[0m=[35mSummary_of_Sales_by_Years_page_3[0m [36mentity[0m=[35mSummary_of_Sales_by_Years[0m [36mhas_next_page[0m=[35mFalse[0m [36mrecords_in_response[0m=[35m50[0m [36mworker_id[0m=[35mworker_9[0m
2025-09-22 10:06:12,996 - workers.proxy_pool - INFO - execute_command:85 - [2m2025-09-22T04:36:12.996610Z[0m [[32m[1minfo     [0m] [1m✅ Worker completed command successfully[0m [[0m[1m[34mworkers.proxy_pool[0m][0m [36mcommand_id[0m=[35mSummary_of_Sales_by_Years_page_3[0m [36mentity[0m=[35mSummary_of_Sales_by_Years[0m [36mexecution_time_seconds[0m=[35m0.78[0m [36mhas_next_page[0m=[35mFalse[0m [36mrecords_fetched[0m=[35m50[0m [36mworker_id[0m=[35mworker_9[0m
2025-09-22 10:06:13,004 - workers.proxy_pool - INFO - _worker_loop:363 - [2m2025-09-22T04:36:13.004215Z[0m [[32m[1minfo     [0m] [1m📋 Worker picked up command from queue[0m [[0m[1m[34mworkers.proxy_pool[0m][0m [36mcommand_id[0m=[35mInvoices_page_3[0m [36mentity[0m=[35mInvoices[0m [36mqueue_size_after_pickup[0m=[35m7[0m [36mworker_id[0m=[35mworker_9[0m [36mworker_status[0m=[35mPROCESSING[0m
2025-09-22 10:06:13,004 - workers.proxy_pool - INFO - execute_command:51 - [2m2025-09-22T04:36:13.004561Z[0m [[32m[1minfo     [0m] [1m🚀 Worker starting command execution[0m [[0m[1m[34mworkers.proxy_pool[0m][0m [36mcommand_id[0m=[35mInvoices_page_3[0m [36mcommand_type[0m=[35mfetch_page[0m [36mentity[0m=[35mInvoices[0m [36mpriority[0m=[35m1[0m [36mretry_count[0m=[35m0[0m [36mskip[0m=[35m100[0m [36mtop[0m=[35m50[0m [36mworker_id[0m=[35mworker_9[0m
2025-09-22 10:06:13,004 - storage.transformer - INFO - transform_odata_response:96 - [2m2025-09-22T04:36:13.004561Z[0m [[32m[1minfo     [0m] [1mTransformation completed      [0m [[0m[1m[34mstorage.transformer[0m][0m [36mentity_name[0m=[35mSummary_of_Sales_by_Years[0m [36minput_records[0m=[35m50[0m [36moutput_records[0m=[35m50[0m
2025-09-22 10:06:13,004 - storage.local_storage - INFO - store_processed_records:131 - [2m2025-09-22T04:36:13.004561Z[0m [[32m[1minfo     [0m] [1mStoring processed records     [0m [[0m[1m[34mstorage.local_storage[0m][0m [36mentity_name[0m=[35mSummary_of_Sales_by_Years[0m [36mformat[0m=[35mjson[0m [36mrecord_count[0m=[35m50[0m
2025-09-22 10:06:13,004 - storage.local_storage - INFO - store_processed_records:142 - [2m2025-09-22T04:36:13.004561Z[0m [[32m[1minfo     [0m] [1mSuccessfully stored processed records[0m [[0m[1m[34mstorage.local_storage[0m][0m [36mentity_name[0m=[35mSummary_of_Sales_by_Years[0m [36mfile_path[0m=[35m./test_output/processed\Summary_of_Sales_by_Years_20250922_043613.json[0m [36mrecord_count[0m=[35m50[0m
2025-09-22 10:06:13,010 - storage.local_storage - INFO - store_raw_response:83 - [2m2025-09-22T04:36:13.010606Z[0m [[32m[1minfo     [0m] [1mSuccessfully stored raw data  [0m [[0m[1m[34mstorage.local_storage[0m][0m [36mentity_name[0m=[35mSummary_of_Sales_by_Years[0m [36mfile_path[0m=[35m./test_output/raw\Summary_of_Sales_by_Years\2025/09/22\04\Summary_of_Sales_by_Years_page_3.json[0m [36msize_bytes[0m=[35m6165[0m
2025-09-22 10:06:13,046 - workers.proxy_pool - INFO - execute_command:74 - [2m2025-09-22T04:36:13.045663Z[0m [[32m[1minfo     [0m] [1m🔄 Worker executing request with resilience patterns[0m [[0m[1m[34mworkers.proxy_pool[0m][0m [36mcircuit_breaker_state[0m=[35mclosed[0m [36mcommand_id[0m=[35mInvoices_page_2[0m [36mworker_id[0m=[35mworker_15[0m
2025-09-22 10:06:13,049 - httpcore.http11 - DEBUG - atrace:87 - send_request_headers.started request=<Request [b'GET']>
2025-09-22 10:06:13,049 - httpcore.http11 - DEBUG - atrace:87 - send_request_headers.complete
2025-09-22 10:06:13,049 - httpcore.http11 - DEBUG - atrace:87 - send_request_body.started request=<Request [b'GET']>
2025-09-22 10:06:13,049 - httpcore.http11 - DEBUG - atrace:87 - send_request_body.complete
2025-09-22 10:06:13,049 - httpcore.http11 - DEBUG - atrace:87 - receive_response_headers.started request=<Request [b'GET']>
2025-09-22 10:06:13,071 - httpcore.http11 - DEBUG - atrace:87 - receive_response_headers.complete return_value=(b'HTTP/1.1', 200, b'OK', [(b'Content-Type', b'application/json;odata.metadata=minimal;odata.streaming=true;IEEE754Compatible=false;charset=utf-8'), (b'Date', b'Mon, 22 Sep 2025 04:36:14 GMT'), (b'Server', b'Microsoft-IIS/10.0'), (b'Access-Control-Allow-Headers', b'Accept, Origin, Content-Type, MaxDataServiceVersion'), (b'Access-Control-Allow-Methods', b'GET'), (b'Access-Control-Allow-Origin', b'*'), (b'Access-Control-Expose-Headers', b'DataServiceVersion'), (b'Cache-Control', b'private'), (b'Content-Encoding', b'gzip'), (b'Expires', b'Mon, 22 Sep 2025 04:37:14 GMT'), (b'Transfer-Encoding', b'chunked'), (b'Vary', b'*'), (b'X-Content-Type-Options', b'nosniff'), (b'OData-Version', b'4.0;'), (b'X-AspNet-Version', b'4.0.30319'), (b'X-Powered-By', b'ASP.NET')])
2025-09-22 10:06:13,071 - httpx - INFO - _send_single_request:1740 - HTTP Request: GET https://services.odata.org/V4/Northwind/Northwind.svc/Employees?%24skip=0&%24top=50 "HTTP/1.1 200 OK"
2025-09-22 10:06:13,074 - httpcore.http11 - DEBUG - atrace:87 - receive_response_body.started request=<Request [b'GET']>
2025-09-22 10:06:13,142 - workers.proxy_pool - INFO - execute_command:74 - [2m2025-09-22T04:36:13.141758Z[0m [[32m[1minfo     [0m] [1m🔄 Worker executing request with resilience patterns[0m [[0m[1m[34mworkers.proxy_pool[0m][0m [36mcircuit_breaker_state[0m=[35mclosed[0m [36mcommand_id[0m=[35mInvoices_page_3[0m [36mworker_id[0m=[35mworker_9[0m
2025-09-22 10:06:13,144 - httpcore.http11 - DEBUG - atrace:87 - send_request_headers.started request=<Request [b'GET']>
2025-09-22 10:06:13,145 - httpcore.http11 - DEBUG - atrace:87 - send_request_headers.complete
2025-09-22 10:06:13,145 - httpcore.http11 - DEBUG - atrace:87 - send_request_body.started request=<Request [b'GET']>
2025-09-22 10:06:13,145 - httpcore.http11 - DEBUG - atrace:87 - send_request_body.complete
2025-09-22 10:06:13,145 - httpcore.http11 - DEBUG - atrace:87 - receive_response_headers.started request=<Request [b'GET']>
2025-09-22 10:06:13,181 - httpcore.http11 - DEBUG - atrace:87 - receive_response_headers.complete return_value=(b'HTTP/1.1', 200, b'OK', [(b'Content-Type', b'application/json;odata.metadata=minimal;odata.streaming=true;IEEE754Compatible=false;charset=utf-8'), (b'Date', b'Mon, 22 Sep 2025 04:36:14 GMT'), (b'Server', b'Microsoft-IIS/10.0'), (b'Access-Control-Allow-Headers', b'Accept, Origin, Content-Type, MaxDataServiceVersion'), (b'Access-Control-Allow-Methods', b'GET'), (b'Access-Control-Allow-Origin', b'*'), (b'Access-Control-Expose-Headers', b'DataServiceVersion'), (b'Cache-Control', b'private'), (b'Content-Encoding', b'gzip'), (b'Expires', b'Mon, 22 Sep 2025 04:37:14 GMT'), (b'Transfer-Encoding', b'chunked'), (b'Vary', b'*'), (b'X-Content-Type-Options', b'nosniff'), (b'OData-Version', b'4.0;'), (b'X-AspNet-Version', b'4.0.30319'), (b'X-Powered-By', b'ASP.NET')])
2025-09-22 10:06:13,181 - httpx - INFO - _send_single_request:1740 - HTTP Request: GET https://services.odata.org/V4/Northwind/Northwind.svc/Categories?%24skip=0&%24top=50 "HTTP/1.1 200 OK"
2025-09-22 10:06:13,181 - httpcore.http11 - DEBUG - atrace:87 - receive_response_body.started request=<Request [b'GET']>
2025-09-22 10:06:13,201 - httpcore.http11 - DEBUG - atrace:87 - receive_response_headers.complete return_value=(b'HTTP/1.1', 200, b'OK', [(b'Content-Length', b'267'), (b'Content-Type', b'application/json;odata.metadata=minimal;odata.streaming=true;IEEE754Compatible=false;charset=utf-8'), (b'Date', b'Mon, 22 Sep 2025 04:36:14 GMT'), (b'Server', b'Microsoft-IIS/10.0'), (b'Access-Control-Allow-Headers', b'Accept, Origin, Content-Type, MaxDataServiceVersion'), (b'Access-Control-Allow-Methods', b'GET'), (b'Access-Control-Allow-Origin', b'*'), (b'Access-Control-Expose-Headers', b'DataServiceVersion'), (b'Cache-Control', b'private'), (b'Content-Encoding', b'gzip'), (b'Expires', b'Mon, 22 Sep 2025 04:37:14 GMT'), (b'Vary', b'*'), (b'X-Content-Type-Options', b'nosniff'), (b'OData-Version', b'4.0;'), (b'X-AspNet-Version', b'4.0.30319'), (b'X-Powered-By', b'ASP.NET')])
2025-09-22 10:06:13,201 - httpx - INFO - _send_single_request:1740 - HTTP Request: GET https://services.odata.org/V4/Northwind/Northwind.svc/Regions?%24skip=0&%24top=50 "HTTP/1.1 200 OK"
2025-09-22 10:06:13,202 - httpcore.http11 - DEBUG - atrace:87 - receive_response_body.started request=<Request [b'GET']>
2025-09-22 10:06:13,202 - httpcore.http11 - DEBUG - atrace:87 - receive_response_body.complete
2025-09-22 10:06:13,203 - httpcore.http11 - DEBUG - atrace:87 - response_closed.started
2025-09-22 10:06:13,203 - httpcore.http11 - DEBUG - atrace:87 - response_closed.complete
2025-09-22 10:06:13,204 - workers.proxy_pool - INFO - _make_http_request:162 - [2m2025-09-22T04:36:13.204132Z[0m [[32m[1minfo     [0m] [1m📊 Worker successfully fetched data[0m [[0m[1m[34mworkers.proxy_pool[0m][0m [36mcommand_id[0m=[35mRegions_page_1[0m [36mentity[0m=[35mRegions[0m [36mhas_next_page[0m=[35mFalse[0m [36mrecords_in_response[0m=[35m4[0m [36mworker_id[0m=[35mworker_4[0m
2025-09-22 10:06:13,205 - workers.proxy_pool - INFO - execute_command:85 - [2m2025-09-22T04:36:13.204701Z[0m [[32m[1minfo     [0m] [1m✅ Worker completed command successfully[0m [[0m[1m[34mworkers.proxy_pool[0m][0m [36mcommand_id[0m=[35mRegions_page_1[0m [36mentity[0m=[35mRegions[0m [36mexecution_time_seconds[0m=[35m0.28[0m [36mhas_next_page[0m=[35mFalse[0m [36mrecords_fetched[0m=[35m4[0m [36mworker_id[0m=[35mworker_4[0m
2025-09-22 10:06:13,205 - workers.proxy_pool - INFO - _worker_loop:363 - [2m2025-09-22T04:36:13.205804Z[0m [[32m[1minfo     [0m] [1m📋 Worker picked up command from queue[0m [[0m[1m[34mworkers.proxy_pool[0m][0m [36mcommand_id[0m=[35mShippers_page_1[0m [36mentity[0m=[35mShippers[0m [36mqueue_size_after_pickup[0m=[35m6[0m [36mworker_id[0m=[35mworker_4[0m [36mworker_status[0m=[35mPROCESSING[0m
2025-09-22 10:06:13,206 - workers.proxy_pool - INFO - execute_command:51 - [2m2025-09-22T04:36:13.205804Z[0m [[32m[1minfo     [0m] [1m🚀 Worker starting command execution[0m [[0m[1m[34mworkers.proxy_pool[0m][0m [36mcommand_id[0m=[35mShippers_page_1[0m [36mcommand_type[0m=[35mfetch_page[0m [36mentity[0m=[35mShippers[0m [36mpriority[0m=[35m1[0m [36mretry_count[0m=[35m0[0m [36mskip[0m=[35m0[0m [36mtop[0m=[35m50[0m [36mworker_id[0m=[35mworker_4[0m
2025-09-22 10:06:13,206 - storage.transformer - INFO - transform_odata_response:96 - [2m2025-09-22T04:36:13.206915Z[0m [[32m[1minfo     [0m] [1mTransformation completed      [0m [[0m[1m[34mstorage.transformer[0m][0m [36mentity_name[0m=[35mRegions[0m [36minput_records[0m=[35m4[0m [36moutput_records[0m=[35m4[0m
2025-09-22 10:06:13,207 - storage.local_storage - INFO - store_processed_records:131 - [2m2025-09-22T04:36:13.207513Z[0m [[32m[1minfo     [0m] [1mStoring processed records     [0m [[0m[1m[34mstorage.local_storage[0m][0m [36mentity_name[0m=[35mRegions[0m [36mformat[0m=[35mjson[0m [36mrecord_count[0m=[35m4[0m
2025-09-22 10:06:13,212 - storage.local_storage - INFO - store_processed_records:142 - [2m2025-09-22T04:36:13.211935Z[0m [[32m[1minfo     [0m] [1mSuccessfully stored processed records[0m [[0m[1m[34mstorage.local_storage[0m][0m [36mentity_name[0m=[35mRegions[0m [36mfile_path[0m=[35m./test_output/processed\Regions_20250922_043613.json[0m [36mrecord_count[0m=[35m4[0m
2025-09-22 10:06:13,220 - storage.local_storage - INFO - store_raw_response:83 - [2m2025-09-22T04:36:13.220162Z[0m [[32m[1minfo     [0m] [1mSuccessfully stored raw data  [0m [[0m[1m[34mstorage.local_storage[0m][0m [36mentity_name[0m=[35mRegions[0m [36mfile_path[0m=[35m./test_output/raw\Regions\2025/09/22\04\Regions_page_1.json[0m [36msize_bytes[0m=[35m763[0m
2025-09-22 10:06:13,246 - httpcore.http11 - DEBUG - atrace:87 - receive_response_headers.complete return_value=(b'HTTP/1.1', 200, b'OK', [(b'Content-Length', b'4414'), (b'Content-Type', b'application/json;odata.metadata=minimal;odata.streaming=true;IEEE754Compatible=false;charset=utf-8'), (b'Date', b'Mon, 22 Sep 2025 04:36:14 GMT'), (b'Server', b'Microsoft-IIS/10.0'), (b'Access-Control-Allow-Headers', b'Accept, Origin, Content-Type, MaxDataServiceVersion'), (b'Access-Control-Allow-Methods', b'GET'), (b'Access-Control-Allow-Origin', b'*'), (b'Access-Control-Expose-Headers', b'DataServiceVersion'), (b'Cache-Control', b'private'), (b'Content-Encoding', b'gzip'), (b'Expires', b'Mon, 22 Sep 2025 04:37:14 GMT'), (b'Vary', b'*'), (b'X-Content-Type-Options', b'nosniff'), (b'OData-Version', b'4.0;'), (b'X-AspNet-Version', b'4.0.30319'), (b'X-Powered-By', b'ASP.NET')])
2025-09-22 10:06:13,246 - httpx - INFO - _send_single_request:1740 - HTTP Request: GET https://services.odata.org/V4/Northwind/Northwind.svc/Invoices?%24skip=0&%24top=50 "HTTP/1.1 200 OK"
2025-09-22 10:06:13,248 - httpcore.http11 - DEBUG - atrace:87 - receive_response_body.started request=<Request [b'GET']>
2025-09-22 10:06:13,248 - workers.proxy_pool - INFO - execute_command:74 - [2m2025-09-22T04:36:13.248084Z[0m [[32m[1minfo     [0m] [1m🔄 Worker executing request with resilience patterns[0m [[0m[1m[34mworkers.proxy_pool[0m][0m [36mcircuit_breaker_state[0m=[35mclosed[0m [36mcommand_id[0m=[35mShippers_page_1[0m [36mworker_id[0m=[35mworker_4[0m
2025-09-22 10:06:13,250 - httpcore.http11 - DEBUG - atrace:87 - receive_response_body.complete
2025-09-22 10:06:13,250 - httpcore.http11 - DEBUG - atrace:87 - response_closed.started
2025-09-22 10:06:13,250 - httpcore.http11 - DEBUG - atrace:87 - response_closed.complete
2025-09-22 10:06:13,250 - workers.proxy_pool - INFO - _make_http_request:162 - [2m2025-09-22T04:36:13.250989Z[0m [[32m[1minfo     [0m] [1m📊 Worker successfully fetched data[0m [[0m[1m[34mworkers.proxy_pool[0m][0m [36mcommand_id[0m=[35mInvoices_page_1[0m [36mentity[0m=[35mInvoices[0m [36mhas_next_page[0m=[35mFalse[0m [36mrecords_in_response[0m=[35m50[0m [36mworker_id[0m=[35mworker_5[0m
2025-09-22 10:06:13,252 - workers.proxy_pool - INFO - execute_command:85 - [2m2025-09-22T04:36:13.252780Z[0m [[32m[1minfo     [0m] [1m✅ Worker completed command successfully[0m [[0m[1m[34mworkers.proxy_pool[0m][0m [36mcommand_id[0m=[35mInvoices_page_1[0m [36mentity[0m=[35mInvoices[0m [36mexecution_time_seconds[0m=[35m0.3[0m [36mhas_next_page[0m=[35mFalse[0m [36mrecords_fetched[0m=[35m50[0m [36mworker_id[0m=[35mworker_5[0m
2025-09-22 10:06:13,253 - workers.proxy_pool - INFO - _worker_loop:363 - [2m2025-09-22T04:36:13.253574Z[0m [[32m[1minfo     [0m] [1m📋 Worker picked up command from queue[0m [[0m[1m[34mworkers.proxy_pool[0m][0m [36mcommand_id[0m=[35mOrder_Details_Extendeds_page_1[0m [36mentity[0m=[35mOrder_Details_Extendeds[0m [36mqueue_size_after_pickup[0m=[35m5[0m [36mworker_id[0m=[35mworker_5[0m [36mworker_status[0m=[35mPROCESSING[0m
2025-09-22 10:06:13,255 - workers.proxy_pool - INFO - execute_command:51 - [2m2025-09-22T04:36:13.255011Z[0m [[32m[1minfo     [0m] [1m🚀 Worker starting command execution[0m [[0m[1m[34mworkers.proxy_pool[0m][0m [36mcommand_id[0m=[35mOrder_Details_Extendeds_page_1[0m [36mcommand_type[0m=[35mfetch_page[0m [36mentity[0m=[35mOrder_Details_Extendeds[0m [36mpriority[0m=[35m1[0m [36mretry_count[0m=[35m0[0m [36mskip[0m=[35m0[0m [36mtop[0m=[35m50[0m [36mworker_id[0m=[35mworker_5[0m
2025-09-22 10:06:13,255 - httpcore.http11 - DEBUG - atrace:87 - send_request_headers.started request=<Request [b'GET']>
2025-09-22 10:06:13,256 - httpcore.http11 - DEBUG - atrace:87 - send_request_headers.complete
2025-09-22 10:06:13,256 - httpcore.http11 - DEBUG - atrace:87 - send_request_body.started request=<Request [b'GET']>
2025-09-22 10:06:13,256 - httpcore.http11 - DEBUG - atrace:87 - send_request_body.complete
2025-09-22 10:06:13,256 - httpcore.http11 - DEBUG - atrace:87 - receive_response_headers.started request=<Request [b'GET']>
2025-09-22 10:06:13,260 - storage.transformer - INFO - transform_odata_response:96 - [2m2025-09-22T04:36:13.260204Z[0m [[32m[1minfo     [0m] [1mTransformation completed      [0m [[0m[1m[34mstorage.transformer[0m][0m [36mentity_name[0m=[35mInvoices[0m [36minput_records[0m=[35m50[0m [36moutput_records[0m=[35m50[0m
2025-09-22 10:06:13,261 - storage.local_storage - INFO - store_processed_records:131 - [2m2025-09-22T04:36:13.261289Z[0m [[32m[1minfo     [0m] [1mStoring processed records     [0m [[0m[1m[34mstorage.local_storage[0m][0m [36mentity_name[0m=[35mInvoices[0m [36mformat[0m=[35mjson[0m [36mrecord_count[0m=[35m50[0m
2025-09-22 10:06:13,265 - storage.local_storage - INFO - store_processed_records:142 - [2m2025-09-22T04:36:13.265220Z[0m [[32m[1minfo     [0m] [1mSuccessfully stored processed records[0m [[0m[1m[34mstorage.local_storage[0m][0m [36mentity_name[0m=[35mInvoices[0m [36mfile_path[0m=[35m./test_output/processed\Invoices_20250922_043613.json[0m [36mrecord_count[0m=[35m50[0m
2025-09-22 10:06:13,270 - storage.local_storage - INFO - store_raw_response:83 - [2m2025-09-22T04:36:13.270795Z[0m [[32m[1minfo     [0m] [1mSuccessfully stored raw data  [0m [[0m[1m[34mstorage.local_storage[0m][0m [36mentity_name[0m=[35mInvoices[0m [36mfile_path[0m=[35m./test_output/raw\Invoices\2025/09/22\04\Invoices_page_1.json[0m [36msize_bytes[0m=[35m46526[0m
2025-09-22 10:06:13,314 - httpcore.http11 - DEBUG - atrace:87 - receive_response_headers.complete return_value=(b'HTTP/1.1', 200, b'OK', [(b'Content-Length', b'4124'), (b'Content-Type', b'application/json;odata.metadata=minimal;odata.streaming=true;IEEE754Compatible=false;charset=utf-8'), (b'Date', b'Mon, 22 Sep 2025 04:36:14 GMT'), (b'Server', b'Microsoft-IIS/10.0'), (b'Access-Control-Allow-Headers', b'Accept, Origin, Content-Type, MaxDataServiceVersion'), (b'Access-Control-Allow-Methods', b'GET'), (b'Access-Control-Allow-Origin', b'*'), (b'Access-Control-Expose-Headers', b'DataServiceVersion'), (b'Cache-Control', b'private'), (b'Content-Encoding', b'gzip'), (b'Expires', b'Mon, 22 Sep 2025 04:37:15 GMT'), (b'Vary', b'*'), (b'X-Content-Type-Options', b'nosniff'), (b'OData-Version', b'4.0;'), (b'X-AspNet-Version', b'4.0.30319'), (b'X-Powered-By', b'ASP.NET')])
2025-09-22 10:06:13,316 - httpx - INFO - _send_single_request:1740 - HTTP Request: GET https://services.odata.org/V4/Northwind/Northwind.svc/Invoices?%24skip=50&%24top=50 "HTTP/1.1 200 OK"
2025-09-22 10:06:13,318 - httpcore.http11 - DEBUG - atrace:87 - receive_response_body.started request=<Request [b'GET']>
2025-09-22 10:06:13,318 - httpcore.http11 - DEBUG - atrace:87 - receive_response_body.complete
2025-09-22 10:06:13,318 - httpcore.http11 - DEBUG - atrace:87 - response_closed.started
2025-09-22 10:06:13,318 - httpcore.http11 - DEBUG - atrace:87 - response_closed.complete
2025-09-22 10:06:13,318 - workers.proxy_pool - INFO - _make_http_request:162 - [2m2025-09-22T04:36:13.318631Z[0m [[32m[1minfo     [0m] [1m📊 Worker successfully fetched data[0m [[0m[1m[34mworkers.proxy_pool[0m][0m [36mcommand_id[0m=[35mInvoices_page_2[0m [36mentity[0m=[35mInvoices[0m [36mhas_next_page[0m=[35mFalse[0m [36mrecords_in_response[0m=[35m50[0m [36mworker_id[0m=[35mworker_15[0m
2025-09-22 10:06:13,320 - workers.proxy_pool - INFO - execute_command:85 - [2m2025-09-22T04:36:13.320646Z[0m [[32m[1minfo     [0m] [1m✅ Worker completed command successfully[0m [[0m[1m[34mworkers.proxy_pool[0m][0m [36mcommand_id[0m=[35mInvoices_page_2[0m [36mentity[0m=[35mInvoices[0m [36mexecution_time_seconds[0m=[35m0.33[0m [36mhas_next_page[0m=[35mFalse[0m [36mrecords_fetched[0m=[35m50[0m [36mworker_id[0m=[35mworker_15[0m
2025-09-22 10:06:13,320 - workers.proxy_pool - INFO - _worker_loop:363 - [2m2025-09-22T04:36:13.320646Z[0m [[32m[1minfo     [0m] [1m📋 Worker picked up command from queue[0m [[0m[1m[34mworkers.proxy_pool[0m][0m [36mcommand_id[0m=[35mOrder_Details_Extendeds_page_2[0m [36mentity[0m=[35mOrder_Details_Extendeds[0m [36mqueue_size_after_pickup[0m=[35m4[0m [36mworker_id[0m=[35mworker_15[0m [36mworker_status[0m=[35mPROCESSING[0m
2025-09-22 10:06:13,320 - workers.proxy_pool - INFO - execute_command:51 - [2m2025-09-22T04:36:13.320646Z[0m [[32m[1minfo     [0m] [1m🚀 Worker starting command execution[0m [[0m[1m[34mworkers.proxy_pool[0m][0m [36mcommand_id[0m=[35mOrder_Details_Extendeds_page_2[0m [36mcommand_type[0m=[35mfetch_page[0m [36mentity[0m=[35mOrder_Details_Extendeds[0m [36mpriority[0m=[35m1[0m [36mretry_count[0m=[35m0[0m [36mskip[0m=[35m50[0m [36mtop[0m=[35m50[0m [36mworker_id[0m=[35mworker_15[0m
2025-09-22 10:06:13,324 - storage.transformer - INFO - transform_odata_response:96 - [2m2025-09-22T04:36:13.324646Z[0m [[32m[1minfo     [0m] [1mTransformation completed      [0m [[0m[1m[34mstorage.transformer[0m][0m [36mentity_name[0m=[35mInvoices[0m [36minput_records[0m=[35m50[0m [36moutput_records[0m=[35m50[0m
2025-09-22 10:06:13,324 - storage.local_storage - INFO - store_processed_records:131 - [2m2025-09-22T04:36:13.324646Z[0m [[32m[1minfo     [0m] [1mStoring processed records     [0m [[0m[1m[34mstorage.local_storage[0m][0m [36mentity_name[0m=[35mInvoices[0m [36mformat[0m=[35mjson[0m [36mrecord_count[0m=[35m50[0m
2025-09-22 10:06:13,330 - storage.local_storage - INFO - store_processed_records:142 - [2m2025-09-22T04:36:13.328779Z[0m [[32m[1minfo     [0m] [1mSuccessfully stored processed records[0m [[0m[1m[34mstorage.local_storage[0m][0m [36mentity_name[0m=[35mInvoices[0m [36mfile_path[0m=[35m./test_output/processed\Invoices_20250922_043613.json[0m [36mrecord_count[0m=[35m50[0m
2025-09-22 10:06:13,334 - storage.local_storage - INFO - store_raw_response:83 - [2m2025-09-22T04:36:13.334216Z[0m [[32m[1minfo     [0m] [1mSuccessfully stored raw data  [0m [[0m[1m[34mstorage.local_storage[0m][0m [36mentity_name[0m=[35mInvoices[0m [36mfile_path[0m=[35m./test_output/raw\Invoices\2025/09/22\04\Invoices_page_2.json[0m [36msize_bytes[0m=[35m45741[0m
2025-09-22 10:06:13,358 - workers.proxy_pool - INFO - execute_command:74 - [2m2025-09-22T04:36:13.357479Z[0m [[32m[1minfo     [0m] [1m🔄 Worker executing request with resilience patterns[0m [[0m[1m[34mworkers.proxy_pool[0m][0m [36mcircuit_breaker_state[0m=[35mclosed[0m [36mcommand_id[0m=[35mOrder_Details_Extendeds_page_1[0m [36mworker_id[0m=[35mworker_5[0m
2025-09-22 10:06:13,360 - httpcore.http11 - DEBUG - atrace:87 - send_request_headers.started request=<Request [b'GET']>
2025-09-22 10:06:13,362 - httpcore.http11 - DEBUG - atrace:87 - send_request_headers.complete
2025-09-22 10:06:13,363 - httpcore.http11 - DEBUG - atrace:87 - send_request_body.started request=<Request [b'GET']>
2025-09-22 10:06:13,363 - httpcore.http11 - DEBUG - atrace:87 - send_request_body.complete
2025-09-22 10:06:13,363 - httpcore.http11 - DEBUG - atrace:87 - receive_response_headers.started request=<Request [b'GET']>
2025-09-22 10:06:13,454 - workers.proxy_pool - INFO - execute_command:74 - [2m2025-09-22T04:36:13.454521Z[0m [[32m[1minfo     [0m] [1m🔄 Worker executing request with resilience patterns[0m [[0m[1m[34mworkers.proxy_pool[0m][0m [36mcircuit_breaker_state[0m=[35mclosed[0m [36mcommand_id[0m=[35mOrder_Details_Extendeds_page_2[0m [36mworker_id[0m=[35mworker_15[0m
2025-09-22 10:06:13,456 - httpcore.http11 - DEBUG - atrace:87 - send_request_headers.started request=<Request [b'GET']>
2025-09-22 10:06:13,456 - httpcore.http11 - DEBUG - atrace:87 - send_request_headers.complete
2025-09-22 10:06:13,456 - httpcore.http11 - DEBUG - atrace:87 - send_request_body.started request=<Request [b'GET']>
2025-09-22 10:06:13,456 - httpcore.http11 - DEBUG - atrace:87 - send_request_body.complete
2025-09-22 10:06:13,456 - httpcore.http11 - DEBUG - atrace:87 - receive_response_headers.started request=<Request [b'GET']>
2025-09-22 10:06:13,518 - httpcore.http11 - DEBUG - atrace:87 - receive_response_headers.complete return_value=(b'HTTP/1.1', 200, b'OK', [(b'Content-Length', b'4313'), (b'Content-Type', b'application/json;odata.metadata=minimal;odata.streaming=true;IEEE754Compatible=false;charset=utf-8'), (b'Date', b'Mon, 22 Sep 2025 04:36:14 GMT'), (b'Server', b'Microsoft-IIS/10.0'), (b'Access-Control-Allow-Headers', b'Accept, Origin, Content-Type, MaxDataServiceVersion'), (b'Access-Control-Allow-Methods', b'GET'), (b'Access-Control-Allow-Origin', b'*'), (b'Access-Control-Expose-Headers', b'DataServiceVersion'), (b'Cache-Control', b'private'), (b'Content-Encoding', b'gzip'), (b'Expires', b'Mon, 22 Sep 2025 04:37:15 GMT'), (b'Vary', b'*'), (b'X-Content-Type-Options', b'nosniff'), (b'OData-Version', b'4.0;'), (b'X-AspNet-Version', b'4.0.30319'), (b'X-Powered-By', b'ASP.NET')])
2025-09-22 10:06:13,518 - httpx - INFO - _send_single_request:1740 - HTTP Request: GET https://services.odata.org/V4/Northwind/Northwind.svc/Invoices?%24skip=100&%24top=50 "HTTP/1.1 200 OK"
2025-09-22 10:06:13,518 - httpcore.http11 - DEBUG - atrace:87 - receive_response_body.started request=<Request [b'GET']>
2025-09-22 10:06:13,518 - httpcore.http11 - DEBUG - atrace:87 - receive_response_body.complete
2025-09-22 10:06:13,518 - httpcore.http11 - DEBUG - atrace:87 - response_closed.started
2025-09-22 10:06:13,518 - httpcore.http11 - DEBUG - atrace:87 - response_closed.complete
2025-09-22 10:06:13,518 - workers.proxy_pool - INFO - _make_http_request:162 - [2m2025-09-22T04:36:13.518623Z[0m [[32m[1minfo     [0m] [1m📊 Worker successfully fetched data[0m [[0m[1m[34mworkers.proxy_pool[0m][0m [36mcommand_id[0m=[35mInvoices_page_3[0m [36mentity[0m=[35mInvoices[0m [36mhas_next_page[0m=[35mFalse[0m [36mrecords_in_response[0m=[35m50[0m [36mworker_id[0m=[35mworker_9[0m
2025-09-22 10:06:13,518 - workers.proxy_pool - INFO - execute_command:85 - [2m2025-09-22T04:36:13.518623Z[0m [[32m[1minfo     [0m] [1m✅ Worker completed command successfully[0m [[0m[1m[34mworkers.proxy_pool[0m][0m [36mcommand_id[0m=[35mInvoices_page_3[0m [36mentity[0m=[35mInvoices[0m [36mexecution_time_seconds[0m=[35m0.52[0m [36mhas_next_page[0m=[35mFalse[0m [36mrecords_fetched[0m=[35m50[0m [36mworker_id[0m=[35mworker_9[0m
2025-09-22 10:06:13,518 - workers.proxy_pool - INFO - _worker_loop:363 - [2m2025-09-22T04:36:13.518623Z[0m [[32m[1minfo     [0m] [1m📋 Worker picked up command from queue[0m [[0m[1m[34mworkers.proxy_pool[0m][0m [36mcommand_id[0m=[35mOrder_Details_Extendeds_page_3[0m [36mentity[0m=[35mOrder_Details_Extendeds[0m [36mqueue_size_after_pickup[0m=[35m3[0m [36mworker_id[0m=[35mworker_9[0m [36mworker_status[0m=[35mPROCESSING[0m
2025-09-22 10:06:13,518 - workers.proxy_pool - INFO - execute_command:51 - [2m2025-09-22T04:36:13.518623Z[0m [[32m[1minfo     [0m] [1m🚀 Worker starting command execution[0m [[0m[1m[34mworkers.proxy_pool[0m][0m [36mcommand_id[0m=[35mOrder_Details_Extendeds_page_3[0m [36mcommand_type[0m=[35mfetch_page[0m [36mentity[0m=[35mOrder_Details_Extendeds[0m [36mpriority[0m=[35m1[0m [36mretry_count[0m=[35m0[0m [36mskip[0m=[35m100[0m [36mtop[0m=[35m50[0m [36mworker_id[0m=[35mworker_9[0m
2025-09-22 10:06:13,526 - storage.transformer - INFO - transform_odata_response:96 - [2m2025-09-22T04:36:13.525168Z[0m [[32m[1minfo     [0m] [1mTransformation completed      [0m [[0m[1m[34mstorage.transformer[0m][0m [36mentity_name[0m=[35mInvoices[0m [36minput_records[0m=[35m50[0m [36moutput_records[0m=[35m50[0m
2025-09-22 10:06:13,526 - storage.local_storage - INFO - store_processed_records:131 - [2m2025-09-22T04:36:13.526437Z[0m [[32m[1minfo     [0m] [1mStoring processed records     [0m [[0m[1m[34mstorage.local_storage[0m][0m [36mentity_name[0m=[35mInvoices[0m [36mformat[0m=[35mjson[0m [36mrecord_count[0m=[35m50[0m
2025-09-22 10:06:13,528 - storage.local_storage - INFO - store_processed_records:142 - [2m2025-09-22T04:36:13.528575Z[0m [[32m[1minfo     [0m] [1mSuccessfully stored processed records[0m [[0m[1m[34mstorage.local_storage[0m][0m [36mentity_name[0m=[35mInvoices[0m [36mfile_path[0m=[35m./test_output/processed\Invoices_20250922_043613.json[0m [36mrecord_count[0m=[35m50[0m
2025-09-22 10:06:13,531 - storage.local_storage - INFO - store_raw_response:83 - [2m2025-09-22T04:36:13.531828Z[0m [[32m[1minfo     [0m] [1mSuccessfully stored raw data  [0m [[0m[1m[34mstorage.local_storage[0m][0m [36mentity_name[0m=[35mInvoices[0m [36mfile_path[0m=[35m./test_output/raw\Invoices\2025/09/22\04\Invoices_page_3.json[0m [36msize_bytes[0m=[35m45958[0m
2025-09-22 10:06:13,548 - workers.proxy_pool - INFO - execute_command:74 - [2m2025-09-22T04:36:13.548023Z[0m [[32m[1minfo     [0m] [1m🔄 Worker executing request with resilience patterns[0m [[0m[1m[34mworkers.proxy_pool[0m][0m [36mcircuit_breaker_state[0m=[35mclosed[0m [36mcommand_id[0m=[35mOrder_Details_Extendeds_page_3[0m [36mworker_id[0m=[35mworker_9[0m
2025-09-22 10:06:13,549 - httpcore.http11 - DEBUG - atrace:87 - send_request_headers.started request=<Request [b'GET']>
2025-09-22 10:06:13,550 - httpcore.http11 - DEBUG - atrace:87 - send_request_headers.complete
2025-09-22 10:06:13,550 - httpcore.http11 - DEBUG - atrace:87 - send_request_body.started request=<Request [b'GET']>
2025-09-22 10:06:13,550 - httpcore.http11 - DEBUG - atrace:87 - send_request_body.complete
2025-09-22 10:06:13,550 - httpcore.http11 - DEBUG - atrace:87 - receive_response_headers.started request=<Request [b'GET']>
2025-09-22 10:06:13,619 - httpcore.http11 - DEBUG - atrace:87 - receive_response_headers.complete return_value=(b'HTTP/1.1', 200, b'OK', [(b'Content-Length', b'1850'), (b'Content-Type', b'application/json;odata.metadata=minimal;odata.streaming=true;IEEE754Compatible=false;charset=utf-8'), (b'Date', b'Mon, 22 Sep 2025 04:36:14 GMT'), (b'Server', b'Microsoft-IIS/10.0'), (b'Access-Control-Allow-Headers', b'Accept, Origin, Content-Type, MaxDataServiceVersion'), (b'Access-Control-Allow-Methods', b'GET'), (b'Access-Control-Allow-Origin', b'*'), (b'Access-Control-Expose-Headers', b'DataServiceVersion'), (b'Cache-Control', b'private'), (b'Content-Encoding', b'gzip'), (b'Expires', b'Mon, 22 Sep 2025 04:37:15 GMT'), (b'Vary', b'*'), (b'X-Content-Type-Options', b'nosniff'), (b'OData-Version', b'4.0;'), (b'X-AspNet-Version', b'4.0.30319'), (b'X-Powered-By', b'ASP.NET')])
2025-09-22 10:06:13,620 - httpx - INFO - _send_single_request:1740 - HTTP Request: GET https://services.odata.org/V4/Northwind/Northwind.svc/Order_Details_Extendeds?%24skip=0&%24top=50 "HTTP/1.1 200 OK"
2025-09-22 10:06:13,621 - httpcore.http11 - DEBUG - atrace:87 - receive_response_body.started request=<Request [b'GET']>
2025-09-22 10:06:13,622 - httpcore.http11 - DEBUG - atrace:87 - receive_response_body.complete
2025-09-22 10:06:13,622 - httpcore.http11 - DEBUG - atrace:87 - response_closed.started
2025-09-22 10:06:13,622 - httpcore.http11 - DEBUG - atrace:87 - response_closed.complete
2025-09-22 10:06:13,623 - workers.proxy_pool - INFO - _make_http_request:162 - [2m2025-09-22T04:36:13.623692Z[0m [[32m[1minfo     [0m] [1m📊 Worker successfully fetched data[0m [[0m[1m[34mworkers.proxy_pool[0m][0m [36mcommand_id[0m=[35mOrder_Details_Extendeds_page_1[0m [36mentity[0m=[35mOrder_Details_Extendeds[0m [36mhas_next_page[0m=[35mFalse[0m [36mrecords_in_response[0m=[35m50[0m [36mworker_id[0m=[35mworker_5[0m
2025-09-22 10:06:13,624 - workers.proxy_pool - INFO - execute_command:85 - [2m2025-09-22T04:36:13.624811Z[0m [[32m[1minfo     [0m] [1m✅ Worker completed command successfully[0m [[0m[1m[34mworkers.proxy_pool[0m][0m [36mcommand_id[0m=[35mOrder_Details_Extendeds_page_1[0m [36mentity[0m=[35mOrder_Details_Extendeds[0m [36mexecution_time_seconds[0m=[35m0.38[0m [36mhas_next_page[0m=[35mFalse[0m [36mrecords_fetched[0m=[35m50[0m [36mworker_id[0m=[35mworker_5[0m
2025-09-22 10:06:13,626 - workers.proxy_pool - INFO - _worker_loop:363 - [2m2025-09-22T04:36:13.626364Z[0m [[32m[1minfo     [0m] [1m📋 Worker picked up command from queue[0m [[0m[1m[34mworkers.proxy_pool[0m][0m [36mcommand_id[0m=[35mCustomers_page_next_100[0m [36mentity[0m=[35mCustomers[0m [36mqueue_size_after_pickup[0m=[35m2[0m [36mworker_id[0m=[35mworker_5[0m [36mworker_status[0m=[35mPROCESSING[0m
2025-09-22 10:06:13,626 - workers.proxy_pool - INFO - execute_command:51 - [2m2025-09-22T04:36:13.626364Z[0m [[32m[1minfo     [0m] [1m🚀 Worker starting command execution[0m [[0m[1m[34mworkers.proxy_pool[0m][0m [36mcommand_id[0m=[35mCustomers_page_next_100[0m [36mcommand_type[0m=[35mfetch_page[0m [36mentity[0m=[35mCustomers[0m [36mpriority[0m=[35m1[0m [36mretry_count[0m=[35m0[0m [36mskip[0m=[35m100[0m [36mtop[0m=[35m50[0m [36mworker_id[0m=[35mworker_5[0m
2025-09-22 10:06:13,629 - storage.transformer - INFO - transform_odata_response:96 - [2m2025-09-22T04:36:13.629936Z[0m [[32m[1minfo     [0m] [1mTransformation completed      [0m [[0m[1m[34mstorage.transformer[0m][0m [36mentity_name[0m=[35mOrder_Details_Extendeds[0m [36minput_records[0m=[35m50[0m [36moutput_records[0m=[35m50[0m
2025-09-22 10:06:13,629 - storage.local_storage - INFO - store_processed_records:131 - [2m2025-09-22T04:36:13.629936Z[0m [[32m[1minfo     [0m] [1mStoring processed records     [0m [[0m[1m[34mstorage.local_storage[0m][0m [36mentity_name[0m=[35mOrder_Details_Extendeds[0m [36mformat[0m=[35mjson[0m [36mrecord_count[0m=[35m50[0m
2025-09-22 10:06:13,636 - storage.local_storage - INFO - store_processed_records:142 - [2m2025-09-22T04:36:13.636148Z[0m [[32m[1minfo     [0m] [1mSuccessfully stored processed records[0m [[0m[1m[34mstorage.local_storage[0m][0m [36mentity_name[0m=[35mOrder_Details_Extendeds[0m [36mfile_path[0m=[35m./test_output/processed\Order_Details_Extendeds_20250922_043613.json[0m [36mrecord_count[0m=[35m50[0m
2025-09-22 10:06:13,646 - storage.local_storage - INFO - store_raw_response:83 - [2m2025-09-22T04:36:13.646151Z[0m [[32m[1minfo     [0m] [1mSuccessfully stored raw data  [0m [[0m[1m[34mstorage.local_storage[0m][0m [36mentity_name[0m=[35mOrder_Details_Extendeds[0m [36mfile_path[0m=[35m./test_output/raw\Order_Details_Extendeds\2025/09/22\04\Order_Details_Extendeds_page_1.json[0m [36msize_bytes[0m=[35m11122[0m
2025-09-22 10:06:13,647 - workers.proxy_pool - INFO - execute_command:74 - [2m2025-09-22T04:36:13.647914Z[0m [[32m[1minfo     [0m] [1m🔄 Worker executing request with resilience patterns[0m [[0m[1m[34mworkers.proxy_pool[0m][0m [36mcircuit_breaker_state[0m=[35mclosed[0m [36mcommand_id[0m=[35mCustomers_page_next_100[0m [36mworker_id[0m=[35mworker_5[0m
2025-09-22 10:06:13,651 - httpcore.http11 - DEBUG - atrace:87 - receive_response_body.complete
2025-09-22 10:06:13,651 - httpcore.http11 - DEBUG - atrace:87 - response_closed.started
2025-09-22 10:06:13,651 - httpcore.http11 - DEBUG - atrace:87 - send_request_headers.started request=<Request [b'GET']>
2025-09-22 10:06:13,651 - httpcore.http11 - DEBUG - atrace:87 - response_closed.complete
2025-09-22 10:06:13,653 - workers.proxy_pool - INFO - _make_http_request:162 - [2m2025-09-22T04:36:13.651554Z[0m [[32m[1minfo     [0m] [1m📊 Worker successfully fetched data[0m [[0m[1m[34mworkers.proxy_pool[0m][0m [36mcommand_id[0m=[35mCategories_page_1[0m [36mentity[0m=[35mCategories[0m [36mhas_next_page[0m=[35mFalse[0m [36mrecords_in_response[0m=[35m8[0m [36mworker_id[0m=[35mworker_13[0m
2025-09-22 10:06:13,654 - workers.proxy_pool - INFO - execute_command:85 - [2m2025-09-22T04:36:13.654366Z[0m [[32m[1minfo     [0m] [1m✅ Worker completed command successfully[0m [[0m[1m[34mworkers.proxy_pool[0m][0m [36mcommand_id[0m=[35mCategories_page_1[0m [36mentity[0m=[35mCategories[0m [36mexecution_time_seconds[0m=[35m0.8[0m [36mhas_next_page[0m=[35mFalse[0m [36mrecords_fetched[0m=[35m8[0m [36mworker_id[0m=[35mworker_13[0m
2025-09-22 10:06:13,655 - workers.proxy_pool - INFO - _worker_loop:363 - [2m2025-09-22T04:36:13.655278Z[0m [[32m[1minfo     [0m] [1m📋 Worker picked up command from queue[0m [[0m[1m[34mworkers.proxy_pool[0m][0m [36mcommand_id[0m=[35mProducts_page_next_50[0m [36mentity[0m=[35mProducts[0m [36mqueue_size_after_pickup[0m=[35m1[0m [36mworker_id[0m=[35mworker_13[0m [36mworker_status[0m=[35mPROCESSING[0m
2025-09-22 10:06:13,656 - workers.proxy_pool - INFO - execute_command:51 - [2m2025-09-22T04:36:13.656587Z[0m [[32m[1minfo     [0m] [1m🚀 Worker starting command execution[0m [[0m[1m[34mworkers.proxy_pool[0m][0m [36mcommand_id[0m=[35mProducts_page_next_50[0m [36mcommand_type[0m=[35mfetch_page[0m [36mentity[0m=[35mProducts[0m [36mpriority[0m=[35m1[0m [36mretry_count[0m=[35m0[0m [36mskip[0m=[35m50[0m [36mtop[0m=[35m50[0m [36mworker_id[0m=[35mworker_13[0m
2025-09-22 10:06:13,657 - httpcore.http11 - DEBUG - atrace:87 - send_request_headers.complete
2025-09-22 10:06:13,657 - httpcore.http11 - DEBUG - atrace:87 - send_request_body.started request=<Request [b'GET']>
2025-09-22 10:06:13,658 - httpcore.http11 - DEBUG - atrace:87 - send_request_body.complete
2025-09-22 10:06:13,658 - httpcore.http11 - DEBUG - atrace:87 - receive_response_headers.started request=<Request [b'GET']>
2025-09-22 10:06:13,659 - storage.transformer - INFO - transform_odata_response:96 - [2m2025-09-22T04:36:13.658609Z[0m [[32m[1minfo     [0m] [1mTransformation completed      [0m [[0m[1m[34mstorage.transformer[0m][0m [36mentity_name[0m=[35mCategories[0m [36minput_records[0m=[35m8[0m [36moutput_records[0m=[35m8[0m
2025-09-22 10:06:13,660 - storage.local_storage - INFO - store_processed_records:131 - [2m2025-09-22T04:36:13.659859Z[0m [[32m[1minfo     [0m] [1mStoring processed records     [0m [[0m[1m[34mstorage.local_storage[0m][0m [36mentity_name[0m=[35mCategories[0m [36mformat[0m=[35mjson[0m [36mrecord_count[0m=[35m8[0m
2025-09-22 10:06:13,666 - storage.local_storage - INFO - store_processed_records:142 - [2m2025-09-22T04:36:13.665575Z[0m [[32m[1minfo     [0m] [1mSuccessfully stored processed records[0m [[0m[1m[34mstorage.local_storage[0m][0m [36mentity_name[0m=[35mCategories[0m [36mfile_path[0m=[35m./test_output/processed\Categories_20250922_043613.json[0m [36mrecord_count[0m=[35m8[0m
2025-09-22 10:06:13,673 - storage.local_storage - INFO - store_raw_response:83 - [2m2025-09-22T04:36:13.673483Z[0m [[32m[1minfo     [0m] [1mSuccessfully stored raw data  [0m [[0m[1m[34mstorage.local_storage[0m][0m [36mentity_name[0m=[35mCategories[0m [36mfile_path[0m=[35m./test_output/raw\Categories\2025/09/22\04\Categories_page_1.json[0m [36msize_bytes[0m=[35m116177[0m
2025-09-22 10:06:13,700 - httpcore.http11 - DEBUG - atrace:87 - receive_response_headers.complete return_value=(b'HTTP/1.1', 200, b'OK', [(b'Content-Length', b'671'), (b'Content-Type', b'application/json;odata.metadata=minimal;odata.streaming=true;IEEE754Compatible=false;charset=utf-8'), (b'Date', b'Mon, 22 Sep 2025 04:36:14 GMT'), (b'Server', b'Microsoft-IIS/10.0'), (b'Access-Control-Allow-Headers', b'Accept, Origin, Content-Type, MaxDataServiceVersion'), (b'Access-Control-Allow-Methods', b'GET'), (b'Access-Control-Allow-Origin', b'*'), (b'Access-Control-Expose-Headers', b'DataServiceVersion'), (b'Cache-Control', b'private'), (b'Content-Encoding', b'gzip'), (b'Expires', b'Mon, 22 Sep 2025 04:37:13 GMT'), (b'Vary', b'*'), (b'X-Content-Type-Options', b'nosniff'), (b'OData-Version', b'4.0;'), (b'X-AspNet-Version', b'4.0.30319'), (b'X-Powered-By', b'ASP.NET')])
2025-09-22 10:06:13,701 - httpx - INFO - _send_single_request:1740 - HTTP Request: GET https://services.odata.org/V4/Northwind/Northwind.svc/Sales_Totals_by_Amounts?%24skip=50&%24top=50 "HTTP/1.1 200 OK"
2025-09-22 10:06:13,701 - httpcore.http11 - DEBUG - atrace:87 - receive_response_body.started request=<Request [b'GET']>
2025-09-22 10:06:13,701 - httpcore.http11 - DEBUG - atrace:87 - receive_response_body.complete
2025-09-22 10:06:13,701 - httpcore.http11 - DEBUG - atrace:87 - response_closed.started
2025-09-22 10:06:13,701 - httpcore.http11 - DEBUG - atrace:87 - response_closed.complete
2025-09-22 10:06:13,702 - workers.proxy_pool - INFO - _make_http_request:162 - [2m2025-09-22T04:36:13.702586Z[0m [[32m[1minfo     [0m] [1m📊 Worker successfully fetched data[0m [[0m[1m[34mworkers.proxy_pool[0m][0m [36mcommand_id[0m=[35mSales_Totals_by_Amounts_page_2[0m [36mentity[0m=[35mSales_Totals_by_Amounts[0m [36mhas_next_page[0m=[35mFalse[0m [36mrecords_in_response[0m=[35m16[0m [36mworker_id[0m=[35mworker_17[0m
2025-09-22 10:06:13,703 - workers.proxy_pool - INFO - execute_command:85 - [2m2025-09-22T04:36:13.703147Z[0m [[32m[1minfo     [0m] [1m✅ Worker completed command successfully[0m [[0m[1m[34mworkers.proxy_pool[0m][0m [36mcommand_id[0m=[35mSales_Totals_by_Amounts_page_2[0m [36mentity[0m=[35mSales_Totals_by_Amounts[0m [36mexecution_time_seconds[0m=[35m4.22[0m [36mhas_next_page[0m=[35mFalse[0m [36mrecords_fetched[0m=[35m16[0m [36mworker_id[0m=[35mworker_17[0m
2025-09-22 10:06:13,703 - workers.proxy_pool - INFO - _worker_loop:363 - [2m2025-09-22T04:36:13.703685Z[0m [[32m[1minfo     [0m] [1m📋 Worker picked up command from queue[0m [[0m[1m[34mworkers.proxy_pool[0m][0m [36mcommand_id[0m=[35mProducts_page_next_100[0m [36mentity[0m=[35mProducts[0m [36mqueue_size_after_pickup[0m=[35m0[0m [36mworker_id[0m=[35mworker_17[0m [36mworker_status[0m=[35mPROCESSING[0m
2025-09-22 10:06:13,704 - workers.proxy_pool - INFO - execute_command:51 - [2m2025-09-22T04:36:13.704232Z[0m [[32m[1minfo     [0m] [1m🚀 Worker starting command execution[0m [[0m[1m[34mworkers.proxy_pool[0m][0m [36mcommand_id[0m=[35mProducts_page_next_100[0m [36mcommand_type[0m=[35mfetch_page[0m [36mentity[0m=[35mProducts[0m [36mpriority[0m=[35m1[0m [36mretry_count[0m=[35m0[0m [36mskip[0m=[35m100[0m [36mtop[0m=[35m50[0m [36mworker_id[0m=[35mworker_17[0m
2025-09-22 10:06:13,704 - storage.transformer - INFO - transform_odata_response:96 - [2m2025-09-22T04:36:13.704776Z[0m [[32m[1minfo     [0m] [1mTransformation completed      [0m [[0m[1m[34mstorage.transformer[0m][0m [36mentity_name[0m=[35mSales_Totals_by_Amounts[0m [36minput_records[0m=[35m16[0m [36moutput_records[0m=[35m16[0m
2025-09-22 10:06:13,705 - storage.local_storage - INFO - store_processed_records:131 - [2m2025-09-22T04:36:13.705340Z[0m [[32m[1minfo     [0m] [1mStoring processed records     [0m [[0m[1m[34mstorage.local_storage[0m][0m [36mentity_name[0m=[35mSales_Totals_by_Amounts[0m [36mformat[0m=[35mjson[0m [36mrecord_count[0m=[35m16[0m
2025-09-22 10:06:13,708 - storage.local_storage - INFO - store_processed_records:142 - [2m2025-09-22T04:36:13.708312Z[0m [[32m[1minfo     [0m] [1mSuccessfully stored processed records[0m [[0m[1m[34mstorage.local_storage[0m][0m [36mentity_name[0m=[35mSales_Totals_by_Amounts[0m [36mfile_path[0m=[35m./test_output/processed\Sales_Totals_by_Amounts_20250922_043613.json[0m [36mrecord_count[0m=[35m16[0m
2025-09-22 10:06:13,715 - storage.local_storage - INFO - store_raw_response:83 - [2m2025-09-22T04:36:13.714978Z[0m [[32m[1minfo     [0m] [1mSuccessfully stored raw data  [0m [[0m[1m[34mstorage.local_storage[0m][0m [36mentity_name[0m=[35mSales_Totals_by_Amounts[0m [36mfile_path[0m=[35m./test_output/raw\Sales_Totals_by_Amounts\2025/09/22\04\Sales_Totals_by_Amounts_page_2.json[0m [36msize_bytes[0m=[35m2932[0m
2025-09-22 10:06:13,737 - httpcore.http11 - DEBUG - atrace:87 - receive_response_headers.complete return_value=(b'HTTP/1.1', 200, b'OK', [(b'Content-Length', b'1838'), (b'Content-Type', b'application/json;odata.metadata=minimal;odata.streaming=true;IEEE754Compatible=false;charset=utf-8'), (b'Date', b'Mon, 22 Sep 2025 04:36:14 GMT'), (b'Server', b'Microsoft-IIS/10.0'), (b'Access-Control-Allow-Headers', b'Accept, Origin, Content-Type, MaxDataServiceVersion'), (b'Access-Control-Allow-Methods', b'GET'), (b'Access-Control-Allow-Origin', b'*'), (b'Access-Control-Expose-Headers', b'DataServiceVersion'), (b'Cache-Control', b'private'), (b'Content-Encoding', b'gzip'), (b'Expires', b'Mon, 22 Sep 2025 04:37:15 GMT'), (b'Vary', b'*'), (b'X-Content-Type-Options', b'nosniff'), (b'OData-Version', b'4.0;'), (b'X-AspNet-Version', b'4.0.30319'), (b'X-Powered-By', b'ASP.NET')])
2025-09-22 10:06:13,737 - httpx - INFO - _send_single_request:1740 - HTTP Request: GET https://services.odata.org/V4/Northwind/Northwind.svc/Order_Details_Extendeds?%24skip=50&%24top=50 "HTTP/1.1 200 OK"
2025-09-22 10:06:13,737 - httpcore.http11 - DEBUG - atrace:87 - receive_response_body.started request=<Request [b'GET']>
2025-09-22 10:06:13,738 - httpcore.http11 - DEBUG - atrace:87 - receive_response_body.complete
2025-09-22 10:06:13,738 - httpcore.http11 - DEBUG - atrace:87 - response_closed.started
2025-09-22 10:06:13,738 - httpcore.http11 - DEBUG - atrace:87 - response_closed.complete
2025-09-22 10:06:13,738 - workers.proxy_pool - INFO - _make_http_request:162 - [2m2025-09-22T04:36:13.738934Z[0m [[32m[1minfo     [0m] [1m📊 Worker successfully fetched data[0m [[0m[1m[34mworkers.proxy_pool[0m][0m [36mcommand_id[0m=[35mOrder_Details_Extendeds_page_2[0m [36mentity[0m=[35mOrder_Details_Extendeds[0m [36mhas_next_page[0m=[35mFalse[0m [36mrecords_in_response[0m=[35m50[0m [36mworker_id[0m=[35mworker_15[0m
2025-09-22 10:06:13,739 - workers.proxy_pool - INFO - execute_command:85 - [2m2025-09-22T04:36:13.739509Z[0m [[32m[1minfo     [0m] [1m✅ Worker completed command successfully[0m [[0m[1m[34mworkers.proxy_pool[0m][0m [36mcommand_id[0m=[35mOrder_Details_Extendeds_page_2[0m [36mentity[0m=[35mOrder_Details_Extendeds[0m [36mexecution_time_seconds[0m=[35m0.42[0m [36mhas_next_page[0m=[35mFalse[0m [36mrecords_fetched[0m=[35m50[0m [36mworker_id[0m=[35mworker_15[0m
2025-09-22 10:06:13,740 - storage.transformer - INFO - transform_odata_response:96 - [2m2025-09-22T04:36:13.740647Z[0m [[32m[1minfo     [0m] [1mTransformation completed      [0m [[0m[1m[34mstorage.transformer[0m][0m [36mentity_name[0m=[35mOrder_Details_Extendeds[0m [36minput_records[0m=[35m50[0m [36moutput_records[0m=[35m50[0m
2025-09-22 10:06:13,741 - storage.local_storage - INFO - store_processed_records:131 - [2m2025-09-22T04:36:13.741207Z[0m [[32m[1minfo     [0m] [1mStoring processed records     [0m [[0m[1m[34mstorage.local_storage[0m][0m [36mentity_name[0m=[35mOrder_Details_Extendeds[0m [36mformat[0m=[35mjson[0m [36mrecord_count[0m=[35m50[0m
2025-09-22 10:06:13,743 - storage.local_storage - INFO - store_processed_records:142 - [2m2025-09-22T04:36:13.743548Z[0m [[32m[1minfo     [0m] [1mSuccessfully stored processed records[0m [[0m[1m[34mstorage.local_storage[0m][0m [36mentity_name[0m=[35mOrder_Details_Extendeds[0m [36mfile_path[0m=[35m./test_output/processed\Order_Details_Extendeds_20250922_043613.json[0m [36mrecord_count[0m=[35m50[0m
2025-09-22 10:06:13,747 - storage.local_storage - INFO - store_raw_response:83 - [2m2025-09-22T04:36:13.747600Z[0m [[32m[1minfo     [0m] [1mSuccessfully stored raw data  [0m [[0m[1m[34mstorage.local_storage[0m][0m [36mentity_name[0m=[35mOrder_Details_Extendeds[0m [36mfile_path[0m=[35m./test_output/raw\Order_Details_Extendeds\2025/09/22\04\Order_Details_Extendeds_page_2.json[0m [36msize_bytes[0m=[35m11149[0m
2025-09-22 10:06:13,749 - workers.proxy_pool - INFO - execute_command:74 - [2m2025-09-22T04:36:13.749678Z[0m [[32m[1minfo     [0m] [1m🔄 Worker executing request with resilience patterns[0m [[0m[1m[34mworkers.proxy_pool[0m][0m [36mcircuit_breaker_state[0m=[35mclosed[0m [36mcommand_id[0m=[35mProducts_page_next_50[0m [36mworker_id[0m=[35mworker_13[0m
2025-09-22 10:06:13,752 - httpcore.http11 - DEBUG - atrace:87 - send_request_headers.started request=<Request [b'GET']>
2025-09-22 10:06:13,754 - httpcore.http11 - DEBUG - atrace:87 - send_request_headers.complete
2025-09-22 10:06:13,754 - httpcore.http11 - DEBUG - atrace:87 - send_request_body.started request=<Request [b'GET']>
2025-09-22 10:06:13,754 - httpcore.http11 - DEBUG - atrace:87 - send_request_body.complete
2025-09-22 10:06:13,754 - httpcore.http11 - DEBUG - atrace:87 - receive_response_headers.started request=<Request [b'GET']>
2025-09-22 10:06:13,804 - httpcore.http11 - DEBUG - atrace:87 - receive_response_headers.complete return_value=(b'HTTP/1.1', 200, b'OK', [(b'Content-Length', b'1712'), (b'Content-Type', b'application/json;odata.metadata=minimal;odata.streaming=true;IEEE754Compatible=false;charset=utf-8'), (b'Date', b'Mon, 22 Sep 2025 04:36:15 GMT'), (b'Server', b'Microsoft-IIS/10.0'), (b'Access-Control-Allow-Headers', b'Accept, Origin, Content-Type, MaxDataServiceVersion'), (b'Access-Control-Allow-Methods', b'GET'), (b'Access-Control-Allow-Origin', b'*'), (b'Access-Control-Expose-Headers', b'DataServiceVersion'), (b'Cache-Control', b'private'), (b'Content-Encoding', b'gzip'), (b'Expires', b'Mon, 22 Sep 2025 04:37:15 GMT'), (b'Vary', b'*'), (b'X-Content-Type-Options', b'nosniff'), (b'OData-Version', b'4.0;'), (b'X-AspNet-Version', b'4.0.30319'), (b'X-Powered-By', b'ASP.NET')])
2025-09-22 10:06:13,806 - httpx - INFO - _send_single_request:1740 - HTTP Request: GET https://services.odata.org/V4/Northwind/Northwind.svc/Order_Details_Extendeds?%24skip=100&%24top=50 "HTTP/1.1 200 OK"
2025-09-22 10:06:13,806 - httpcore.http11 - DEBUG - atrace:87 - receive_response_body.started request=<Request [b'GET']>
2025-09-22 10:06:13,808 - httpcore.http11 - DEBUG - atrace:87 - receive_response_body.complete
2025-09-22 10:06:13,808 - httpcore.http11 - DEBUG - atrace:87 - response_closed.started
2025-09-22 10:06:13,808 - httpcore.http11 - DEBUG - atrace:87 - response_closed.complete
2025-09-22 10:06:13,809 - workers.proxy_pool - INFO - _make_http_request:162 - [2m2025-09-22T04:36:13.809820Z[0m [[32m[1minfo     [0m] [1m📊 Worker successfully fetched data[0m [[0m[1m[34mworkers.proxy_pool[0m][0m [36mcommand_id[0m=[35mOrder_Details_Extendeds_page_3[0m [36mentity[0m=[35mOrder_Details_Extendeds[0m [36mhas_next_page[0m=[35mFalse[0m [36mrecords_in_response[0m=[35m50[0m [36mworker_id[0m=[35mworker_9[0m
2025-09-22 10:06:13,809 - workers.proxy_pool - INFO - execute_command:85 - [2m2025-09-22T04:36:13.809820Z[0m [[32m[1minfo     [0m] [1m✅ Worker completed command successfully[0m [[0m[1m[34mworkers.proxy_pool[0m][0m [36mcommand_id[0m=[35mOrder_Details_Extendeds_page_3[0m [36mentity[0m=[35mOrder_Details_Extendeds[0m [36mexecution_time_seconds[0m=[35m0.3[0m [36mhas_next_page[0m=[35mFalse[0m [36mrecords_fetched[0m=[35m50[0m [36mworker_id[0m=[35mworker_9[0m
2025-09-22 10:06:13,812 - storage.transformer - INFO - transform_odata_response:96 - [2m2025-09-22T04:36:13.812885Z[0m [[32m[1minfo     [0m] [1mTransformation completed      [0m [[0m[1m[34mstorage.transformer[0m][0m [36mentity_name[0m=[35mOrder_Details_Extendeds[0m [36minput_records[0m=[35m50[0m [36moutput_records[0m=[35m50[0m
2025-09-22 10:06:13,812 - storage.local_storage - INFO - store_processed_records:131 - [2m2025-09-22T04:36:13.812885Z[0m [[32m[1minfo     [0m] [1mStoring processed records     [0m [[0m[1m[34mstorage.local_storage[0m][0m [36mentity_name[0m=[35mOrder_Details_Extendeds[0m [36mformat[0m=[35mjson[0m [36mrecord_count[0m=[35m50[0m
2025-09-22 10:06:13,816 - storage.local_storage - INFO - store_processed_records:142 - [2m2025-09-22T04:36:13.816028Z[0m [[32m[1minfo     [0m] [1mSuccessfully stored processed records[0m [[0m[1m[34mstorage.local_storage[0m][0m [36mentity_name[0m=[35mOrder_Details_Extendeds[0m [36mfile_path[0m=[35m./test_output/processed\Order_Details_Extendeds_20250922_043613.json[0m [36mrecord_count[0m=[35m50[0m
2025-09-22 10:06:13,816 - storage.local_storage - INFO - store_raw_response:83 - [2m2025-09-22T04:36:13.816028Z[0m [[32m[1minfo     [0m] [1mSuccessfully stored raw data  [0m [[0m[1m[34mstorage.local_storage[0m][0m [36mentity_name[0m=[35mOrder_Details_Extendeds[0m [36mfile_path[0m=[35m./test_output/raw\Order_Details_Extendeds\2025/09/22\04\Order_Details_Extendeds_page_3.json[0m [36msize_bytes[0m=[35m11079[0m
2025-09-22 10:06:13,855 - workers.proxy_pool - INFO - execute_command:74 - [2m2025-09-22T04:36:13.855504Z[0m [[32m[1minfo     [0m] [1m🔄 Worker executing request with resilience patterns[0m [[0m[1m[34mworkers.proxy_pool[0m][0m [36mcircuit_breaker_state[0m=[35mclosed[0m [36mcommand_id[0m=[35mProducts_page_next_100[0m [36mworker_id[0m=[35mworker_17[0m
2025-09-22 10:06:13,855 - httpcore.http11 - DEBUG - atrace:87 - send_request_headers.started request=<Request [b'GET']>
2025-09-22 10:06:13,855 - httpcore.http11 - DEBUG - atrace:87 - send_request_headers.complete
2025-09-22 10:06:13,855 - httpcore.http11 - DEBUG - atrace:87 - send_request_body.started request=<Request [b'GET']>
2025-09-22 10:06:13,858 - httpcore.http11 - DEBUG - atrace:87 - send_request_body.complete
2025-09-22 10:06:13,858 - httpcore.http11 - DEBUG - atrace:87 - receive_response_headers.started request=<Request [b'GET']>
2025-09-22 10:06:13,899 - httpcore.http11 - DEBUG - atrace:87 - receive_response_headers.complete return_value=(b'HTTP/1.1', 200, b'OK', [(b'Content-Length', b'205'), (b'Content-Type', b'application/json;odata.metadata=minimal;odata.streaming=true;IEEE754Compatible=false;charset=utf-8'), (b'Date', b'Mon, 22 Sep 2025 04:36:15 GMT'), (b'Server', b'Microsoft-IIS/10.0'), (b'Access-Control-Allow-Headers', b'Accept, Origin, Content-Type, MaxDataServiceVersion'), (b'Access-Control-Allow-Methods', b'GET'), (b'Access-Control-Allow-Origin', b'*'), (b'Access-Control-Expose-Headers', b'DataServiceVersion'), (b'Cache-Control', b'private'), (b'Content-Encoding', b'gzip'), (b'Expires', b'Mon, 22 Sep 2025 04:37:15 GMT'), (b'Vary', b'*'), (b'X-Content-Type-Options', b'nosniff'), (b'OData-Version', b'4.0;'), (b'X-AspNet-Version', b'4.0.30319'), (b'X-Powered-By', b'ASP.NET')])
2025-09-22 10:06:13,901 - httpx - INFO - _send_single_request:1740 - HTTP Request: GET https://services.odata.org/V4/Northwind/Northwind.svc/Customers?%24skip=100&%24top=50 "HTTP/1.1 200 OK"
2025-09-22 10:06:13,901 - httpcore.http11 - DEBUG - atrace:87 - receive_response_body.started request=<Request [b'GET']>
2025-09-22 10:06:13,902 - httpcore.http11 - DEBUG - atrace:87 - receive_response_body.complete
2025-09-22 10:06:13,902 - httpcore.http11 - DEBUG - atrace:87 - response_closed.started
2025-09-22 10:06:13,903 - httpcore.http11 - DEBUG - atrace:87 - response_closed.complete
2025-09-22 10:06:13,903 - workers.proxy_pool - INFO - _make_http_request:162 - [2m2025-09-22T04:36:13.903653Z[0m [[32m[1minfo     [0m] [1m📊 Worker successfully fetched data[0m [[0m[1m[34mworkers.proxy_pool[0m][0m [36mcommand_id[0m=[35mCustomers_page_next_100[0m [36mentity[0m=[35mCustomers[0m [36mhas_next_page[0m=[35mFalse[0m [36mrecords_in_response[0m=[35m0[0m [36mworker_id[0m=[35mworker_5[0m
2025-09-22 10:06:13,904 - workers.proxy_pool - INFO - execute_command:85 - [2m2025-09-22T04:36:13.904233Z[0m [[32m[1minfo     [0m] [1m✅ Worker completed command successfully[0m [[0m[1m[34mworkers.proxy_pool[0m][0m [36mcommand_id[0m=[35mCustomers_page_next_100[0m [36mentity[0m=[35mCustomers[0m [36mexecution_time_seconds[0m=[35m0.28[0m [36mhas_next_page[0m=[35mFalse[0m [36mrecords_fetched[0m=[35m0[0m [36mworker_id[0m=[35mworker_5[0m
2025-09-22 10:06:13,905 - storage.transformer - WARNING - transform_odata_response:67 - [2m2025-09-22T04:36:13.905347Z[0m [[33m[1mwarning  [0m] [1mNo records found in response  [0m [[0m[1m[34mstorage.transformer[0m][0m [36mentity_name[0m=[35mCustomers[0m
2025-09-22 10:06:13,995 - httpcore.http11 - DEBUG - atrace:87 - receive_response_headers.complete return_value=(b'HTTP/1.1', 200, b'OK', [(b'Content-Length', b'1492'), (b'Content-Type', b'application/json;odata.metadata=minimal;odata.streaming=true;IEEE754Compatible=false;charset=utf-8'), (b'Date', b'Mon, 22 Sep 2025 04:36:15 GMT'), (b'Server', b'Microsoft-IIS/10.0'), (b'Access-Control-Allow-Headers', b'Accept, Origin, Content-Type, MaxDataServiceVersion'), (b'Access-Control-Allow-Methods', b'GET'), (b'Access-Control-Allow-Origin', b'*'), (b'Access-Control-Expose-Headers', b'DataServiceVersion'), (b'Cache-Control', b'private'), (b'Content-Encoding', b'gzip'), (b'Expires', b'Mon, 22 Sep 2025 04:37:14 GMT'), (b'Vary', b'*'), (b'X-Content-Type-Options', b'nosniff'), (b'OData-Version', b'4.0;'), (b'X-AspNet-Version', b'4.0.30319'), (b'X-Powered-By', b'ASP.NET')])
2025-09-22 10:06:13,995 - httpx - INFO - _send_single_request:1740 - HTTP Request: GET https://services.odata.org/V4/Northwind/Northwind.svc/Products?%24skip=50&%24top=50 "HTTP/1.1 200 OK"
2025-09-22 10:06:13,995 - httpcore.http11 - DEBUG - atrace:87 - receive_response_body.started request=<Request [b'GET']>
2025-09-22 10:06:13,995 - httpcore.http11 - DEBUG - atrace:87 - receive_response_body.complete
2025-09-22 10:06:13,995 - httpcore.http11 - DEBUG - atrace:87 - response_closed.started
2025-09-22 10:06:13,995 - httpcore.http11 - DEBUG - atrace:87 - response_closed.complete
2025-09-22 10:06:13,995 - workers.proxy_pool - INFO - _make_http_request:162 - [2m2025-09-22T04:36:13.995814Z[0m [[32m[1minfo     [0m] [1m📊 Worker successfully fetched data[0m [[0m[1m[34mworkers.proxy_pool[0m][0m [36mcommand_id[0m=[35mProducts_page_next_50[0m [36mentity[0m=[35mProducts[0m [36mhas_next_page[0m=[35mTrue[0m [36mrecords_in_response[0m=[35m20[0m [36mworker_id[0m=[35mworker_13[0m
2025-09-22 10:06:13,995 - workers.proxy_pool - INFO - execute_command:85 - [2m2025-09-22T04:36:13.995814Z[0m [[32m[1minfo     [0m] [1m✅ Worker completed command successfully[0m [[0m[1m[34mworkers.proxy_pool[0m][0m [36mcommand_id[0m=[35mProducts_page_next_50[0m [36mentity[0m=[35mProducts[0m [36mexecution_time_seconds[0m=[35m0.34[0m [36mhas_next_page[0m=[35mTrue[0m [36mrecords_fetched[0m=[35m20[0m [36mworker_id[0m=[35mworker_13[0m
2025-09-22 10:06:14,000 - storage.transformer - INFO - transform_odata_response:96 - [2m2025-09-22T04:36:14.000555Z[0m [[32m[1minfo     [0m] [1mTransformation completed      [0m [[0m[1m[34mstorage.transformer[0m][0m [36mentity_name[0m=[35mProducts[0m [36minput_records[0m=[35m20[0m [36moutput_records[0m=[35m20[0m
2025-09-22 10:06:14,000 - storage.local_storage - INFO - store_processed_records:131 - [2m2025-09-22T04:36:14.000555Z[0m [[32m[1minfo     [0m] [1mStoring processed records     [0m [[0m[1m[34mstorage.local_storage[0m][0m [36mentity_name[0m=[35mProducts[0m [36mformat[0m=[35mjson[0m [36mrecord_count[0m=[35m20[0m
2025-09-22 10:06:14,000 - storage.local_storage - INFO - store_processed_records:142 - [2m2025-09-22T04:36:14.000555Z[0m [[32m[1minfo     [0m] [1mSuccessfully stored processed records[0m [[0m[1m[34mstorage.local_storage[0m][0m [36mentity_name[0m=[35mProducts[0m [36mfile_path[0m=[35m./test_output/processed\Products_20250922_043614.json[0m [36mrecord_count[0m=[35m20[0m
2025-09-22 10:06:14,005 - storage.local_storage - INFO - store_raw_response:83 - [2m2025-09-22T04:36:14.005548Z[0m [[32m[1minfo     [0m] [1mSuccessfully stored raw data  [0m [[0m[1m[34mstorage.local_storage[0m][0m [36mentity_name[0m=[35mProducts[0m [36mfile_path[0m=[35m./test_output/raw\Products\2025/09/22\04\Products_page_next_50.json[0m [36msize_bytes[0m=[35m7536[0m
2025-09-22 10:06:14,007 - workers.proxy_pool - INFO - _worker_loop:363 - [2m2025-09-22T04:36:14.007672Z[0m [[32m[1minfo     [0m] [1m📋 Worker picked up command from queue[0m [[0m[1m[34mworkers.proxy_pool[0m][0m [36mcommand_id[0m=[35mProducts_page_next_100[0m [36mentity[0m=[35mProducts[0m [36mqueue_size_after_pickup[0m=[35m0[0m [36mworker_id[0m=[35mworker_15[0m [36mworker_status[0m=[35mPROCESSING[0m
2025-09-22 10:06:14,007 - workers.proxy_pool - INFO - execute_command:51 - [2m2025-09-22T04:36:14.007672Z[0m [[32m[1minfo     [0m] [1m🚀 Worker starting command execution[0m [[0m[1m[34mworkers.proxy_pool[0m][0m [36mcommand_id[0m=[35mProducts_page_next_100[0m [36mcommand_type[0m=[35mfetch_page[0m [36mentity[0m=[35mProducts[0m [36mpriority[0m=[35m1[0m [36mretry_count[0m=[35m0[0m [36mskip[0m=[35m100[0m [36mtop[0m=[35m50[0m [36mworker_id[0m=[35mworker_15[0m
2025-09-22 10:06:14,007 - workers.proxy_pool - INFO - execute_command:74 - [2m2025-09-22T04:36:14.007672Z[0m [[32m[1minfo     [0m] [1m🔄 Worker executing request with resilience patterns[0m [[0m[1m[34mworkers.proxy_pool[0m][0m [36mcircuit_breaker_state[0m=[35mclosed[0m [36mcommand_id[0m=[35mProducts_page_next_100[0m [36mworker_id[0m=[35mworker_15[0m
2025-09-22 10:06:14,010 - httpcore.http11 - DEBUG - atrace:87 - receive_response_headers.complete return_value=(b'HTTP/1.1', 200, b'OK', [(b'Content-Length', b'311'), (b'Content-Type', b'application/json;odata.metadata=minimal;odata.streaming=true;IEEE754Compatible=false;charset=utf-8'), (b'Date', b'Mon, 22 Sep 2025 04:36:15 GMT'), (b'Server', b'Microsoft-IIS/10.0'), (b'Access-Control-Allow-Headers', b'Accept, Origin, Content-Type, MaxDataServiceVersion'), (b'Access-Control-Allow-Methods', b'GET'), (b'Access-Control-Allow-Origin', b'*'), (b'Access-Control-Expose-Headers', b'DataServiceVersion'), (b'Cache-Control', b'private'), (b'Content-Encoding', b'gzip'), (b'Expires', b'Mon, 22 Sep 2025 04:37:15 GMT'), (b'Vary', b'*'), (b'X-Content-Type-Options', b'nosniff'), (b'OData-Version', b'4.0;'), (b'X-AspNet-Version', b'4.0.30319'), (b'X-Powered-By', b'ASP.NET')])
2025-09-22 10:06:14,010 - httpx - INFO - _send_single_request:1740 - HTTP Request: GET https://services.odata.org/V4/Northwind/Northwind.svc/Shippers?%24skip=0&%24top=50 "HTTP/1.1 200 OK"
2025-09-22 10:06:14,011 - httpcore.http11 - DEBUG - atrace:87 - receive_response_body.started request=<Request [b'GET']>
2025-09-22 10:06:14,011 - httpcore.http11 - DEBUG - atrace:87 - receive_response_body.complete
2025-09-22 10:06:14,011 - httpcore.http11 - DEBUG - atrace:87 - response_closed.started
2025-09-22 10:06:14,011 - httpcore.http11 - DEBUG - atrace:87 - send_request_headers.started request=<Request [b'GET']>
2025-09-22 10:06:14,012 - httpcore.http11 - DEBUG - atrace:87 - response_closed.complete
2025-09-22 10:06:14,012 - workers.proxy_pool - INFO - _make_http_request:162 - [2m2025-09-22T04:36:14.012166Z[0m [[32m[1minfo     [0m] [1m📊 Worker successfully fetched data[0m [[0m[1m[34mworkers.proxy_pool[0m][0m [36mcommand_id[0m=[35mShippers_page_1[0m [36mentity[0m=[35mShippers[0m [36mhas_next_page[0m=[35mFalse[0m [36mrecords_in_response[0m=[35m3[0m [36mworker_id[0m=[35mworker_4[0m
2025-09-22 10:06:14,013 - workers.proxy_pool - INFO - execute_command:85 - [2m2025-09-22T04:36:14.013463Z[0m [[32m[1minfo     [0m] [1m✅ Worker completed command successfully[0m [[0m[1m[34mworkers.proxy_pool[0m][0m [36mcommand_id[0m=[35mShippers_page_1[0m [36mentity[0m=[35mShippers[0m [36mexecution_time_seconds[0m=[35m0.81[0m [36mhas_next_page[0m=[35mFalse[0m [36mrecords_fetched[0m=[35m3[0m [36mworker_id[0m=[35mworker_4[0m
2025-09-22 10:06:14,015 - httpcore.http11 - DEBUG - atrace:87 - send_request_headers.complete
2025-09-22 10:06:14,015 - httpcore.http11 - DEBUG - atrace:87 - send_request_body.started request=<Request [b'GET']>
2025-09-22 10:06:14,016 - httpcore.http11 - DEBUG - atrace:87 - send_request_body.complete
2025-09-22 10:06:14,016 - httpcore.http11 - DEBUG - atrace:87 - receive_response_headers.started request=<Request [b'GET']>
2025-09-22 10:06:14,016 - storage.transformer - INFO - transform_odata_response:96 - [2m2025-09-22T04:36:14.016794Z[0m [[32m[1minfo     [0m] [1mTransformation completed      [0m [[0m[1m[34mstorage.transformer[0m][0m [36mentity_name[0m=[35mShippers[0m [36minput_records[0m=[35m3[0m [36moutput_records[0m=[35m3[0m
2025-09-22 10:06:14,017 - storage.local_storage - INFO - store_processed_records:131 - [2m2025-09-22T04:36:14.017517Z[0m [[32m[1minfo     [0m] [1mStoring processed records     [0m [[0m[1m[34mstorage.local_storage[0m][0m [36mentity_name[0m=[35mShippers[0m [36mformat[0m=[35mjson[0m [36mrecord_count[0m=[35m3[0m
2025-09-22 10:06:14,019 - storage.local_storage - INFO - store_processed_records:142 - [2m2025-09-22T04:36:14.019748Z[0m [[32m[1minfo     [0m] [1mSuccessfully stored processed records[0m [[0m[1m[34mstorage.local_storage[0m][0m [36mentity_name[0m=[35mShippers[0m [36mfile_path[0m=[35m./test_output/processed\Shippers_20250922_043614.json[0m [36mrecord_count[0m=[35m3[0m
2025-09-22 10:06:14,023 - storage.local_storage - INFO - store_raw_response:83 - [2m2025-09-22T04:36:14.023754Z[0m [[32m[1minfo     [0m] [1mSuccessfully stored raw data  [0m [[0m[1m[34mstorage.local_storage[0m][0m [36mentity_name[0m=[35mShippers[0m [36mfile_path[0m=[35m./test_output/raw\Shippers\2025/09/22\04\Shippers_page_1.json[0m [36msize_bytes[0m=[35m628[0m
2025-09-22 10:06:14,114 - httpcore.http11 - DEBUG - atrace:87 - receive_response_headers.complete return_value=(b'HTTP/1.1', 200, b'OK', [(b'Content-Length', b'205'), (b'Content-Type', b'application/json;odata.metadata=minimal;odata.streaming=true;IEEE754Compatible=false;charset=utf-8'), (b'Date', b'Mon, 22 Sep 2025 04:36:15 GMT'), (b'Server', b'Microsoft-IIS/10.0'), (b'Access-Control-Allow-Headers', b'Accept, Origin, Content-Type, MaxDataServiceVersion'), (b'Access-Control-Allow-Methods', b'GET'), (b'Access-Control-Allow-Origin', b'*'), (b'Access-Control-Expose-Headers', b'DataServiceVersion'), (b'Cache-Control', b'private'), (b'Content-Encoding', b'gzip'), (b'Expires', b'Mon, 22 Sep 2025 04:37:15 GMT'), (b'Vary', b'*'), (b'X-Content-Type-Options', b'nosniff'), (b'OData-Version', b'4.0;'), (b'X-AspNet-Version', b'4.0.30319'), (b'X-Powered-By', b'ASP.NET')])
2025-09-22 10:06:14,114 - httpx - INFO - _send_single_request:1740 - HTTP Request: GET https://services.odata.org/V4/Northwind/Northwind.svc/Products?%24skip=100&%24top=50 "HTTP/1.1 200 OK"
2025-09-22 10:06:14,116 - httpcore.http11 - DEBUG - atrace:87 - receive_response_body.started request=<Request [b'GET']>
2025-09-22 10:06:14,116 - httpcore.http11 - DEBUG - atrace:87 - receive_response_body.complete
2025-09-22 10:06:14,116 - httpcore.http11 - DEBUG - atrace:87 - response_closed.started
2025-09-22 10:06:14,117 - httpcore.http11 - DEBUG - atrace:87 - response_closed.complete
2025-09-22 10:06:14,118 - workers.proxy_pool - INFO - _make_http_request:162 - [2m2025-09-22T04:36:14.117756Z[0m [[32m[1minfo     [0m] [1m📊 Worker successfully fetched data[0m [[0m[1m[34mworkers.proxy_pool[0m][0m [36mcommand_id[0m=[35mProducts_page_next_100[0m [36mentity[0m=[35mProducts[0m [36mhas_next_page[0m=[35mFalse[0m [36mrecords_in_response[0m=[35m0[0m [36mworker_id[0m=[35mworker_17[0m
2025-09-22 10:06:14,119 - workers.proxy_pool - INFO - execute_command:85 - [2m2025-09-22T04:36:14.118945Z[0m [[32m[1minfo     [0m] [1m✅ Worker completed command successfully[0m [[0m[1m[34mworkers.proxy_pool[0m][0m [36mcommand_id[0m=[35mProducts_page_next_100[0m [36mentity[0m=[35mProducts[0m [36mexecution_time_seconds[0m=[35m0.41[0m [36mhas_next_page[0m=[35mFalse[0m [36mrecords_fetched[0m=[35m0[0m [36mworker_id[0m=[35mworker_17[0m
2025-09-22 10:06:14,120 - storage.transformer - WARNING - transform_odata_response:67 - [2m2025-09-22T04:36:14.120893Z[0m [[33m[1mwarning  [0m] [1mNo records found in response  [0m [[0m[1m[34mstorage.transformer[0m][0m [36mentity_name[0m=[35mProducts[0m
2025-09-22 10:06:14,215 - httpcore.http11 - DEBUG - atrace:87 - receive_response_headers.complete return_value=(b'HTTP/1.1', 200, b'OK', [(b'Content-Length', b'1552'), (b'Content-Type', b'application/json;odata.metadata=minimal;odata.streaming=true;IEEE754Compatible=false;charset=utf-8'), (b'Date', b'Mon, 22 Sep 2025 04:36:15 GMT'), (b'Server', b'Microsoft-IIS/10.0'), (b'Access-Control-Allow-Headers', b'Accept, Origin, Content-Type, MaxDataServiceVersion'), (b'Access-Control-Allow-Methods', b'GET'), (b'Access-Control-Allow-Origin', b'*'), (b'Access-Control-Expose-Headers', b'DataServiceVersion'), (b'Cache-Control', b'private'), (b'Content-Encoding', b'gzip'), (b'Expires', b'Mon, 22 Sep 2025 04:37:13 GMT'), (b'Vary', b'*'), (b'X-Content-Type-Options', b'nosniff'), (b'OData-Version', b'4.0;'), (b'X-AspNet-Version', b'4.0.30319'), (b'X-Powered-By', b'ASP.NET')])
2025-09-22 10:06:14,215 - httpx - INFO - _send_single_request:1740 - HTTP Request: GET https://services.odata.org/V4/Northwind/Northwind.svc/Sales_Totals_by_Amounts?%24skip=0&%24top=50 "HTTP/1.1 200 OK"
2025-09-22 10:06:14,219 - httpcore.http11 - DEBUG - atrace:87 - receive_response_body.started request=<Request [b'GET']>
2025-09-22 10:06:14,219 - httpcore.http11 - DEBUG - atrace:87 - receive_response_body.complete
2025-09-22 10:06:14,219 - httpcore.http11 - DEBUG - atrace:87 - response_closed.started
2025-09-22 10:06:14,219 - httpcore.http11 - DEBUG - atrace:87 - response_closed.complete
2025-09-22 10:06:14,219 - workers.proxy_pool - INFO - _make_http_request:162 - [2m2025-09-22T04:36:14.219961Z[0m [[32m[1minfo     [0m] [1m📊 Worker successfully fetched data[0m [[0m[1m[34mworkers.proxy_pool[0m][0m [36mcommand_id[0m=[35mSales_Totals_by_Amounts_page_1[0m [36mentity[0m=[35mSales_Totals_by_Amounts[0m [36mhas_next_page[0m=[35mFalse[0m [36mrecords_in_response[0m=[35m50[0m [36mworker_id[0m=[35mworker_16[0m
2025-09-22 10:06:14,222 - workers.proxy_pool - INFO - execute_command:85 - [2m2025-09-22T04:36:14.222004Z[0m [[32m[1minfo     [0m] [1m✅ Worker completed command successfully[0m [[0m[1m[34mworkers.proxy_pool[0m][0m [36mcommand_id[0m=[35mSales_Totals_by_Amounts_page_1[0m [36mentity[0m=[35mSales_Totals_by_Amounts[0m [36mexecution_time_seconds[0m=[35m4.73[0m [36mhas_next_page[0m=[35mFalse[0m [36mrecords_fetched[0m=[35m50[0m [36mworker_id[0m=[35mworker_16[0m
2025-09-22 10:06:14,222 - storage.transformer - INFO - transform_odata_response:96 - [2m2025-09-22T04:36:14.222004Z[0m [[32m[1minfo     [0m] [1mTransformation completed      [0m [[0m[1m[34mstorage.transformer[0m][0m [36mentity_name[0m=[35mSales_Totals_by_Amounts[0m [36minput_records[0m=[35m50[0m [36moutput_records[0m=[35m50[0m
2025-09-22 10:06:14,224 - storage.local_storage - INFO - store_processed_records:131 - [2m2025-09-22T04:36:14.224570Z[0m [[32m[1minfo     [0m] [1mStoring processed records     [0m [[0m[1m[34mstorage.local_storage[0m][0m [36mentity_name[0m=[35mSales_Totals_by_Amounts[0m [36mformat[0m=[35mjson[0m [36mrecord_count[0m=[35m50[0m
2025-09-22 10:06:14,226 - storage.local_storage - INFO - store_processed_records:142 - [2m2025-09-22T04:36:14.226609Z[0m [[32m[1minfo     [0m] [1mSuccessfully stored processed records[0m [[0m[1m[34mstorage.local_storage[0m][0m [36mentity_name[0m=[35mSales_Totals_by_Amounts[0m [36mfile_path[0m=[35m./test_output/processed\Sales_Totals_by_Amounts_20250922_043614.json[0m [36mrecord_count[0m=[35m50[0m
2025-09-22 10:06:14,232 - storage.local_storage - INFO - store_raw_response:83 - [2m2025-09-22T04:36:14.232587Z[0m [[32m[1minfo     [0m] [1mSuccessfully stored raw data  [0m [[0m[1m[34mstorage.local_storage[0m][0m [36mentity_name[0m=[35mSales_Totals_by_Amounts[0m [36mfile_path[0m=[35m./test_output/raw\Sales_Totals_by_Amounts\2025/09/22\04\Sales_Totals_by_Amounts_page_1.json[0m [36msize_bytes[0m=[35m8448[0m
2025-09-22 10:06:14,237 - httpcore.http11 - DEBUG - atrace:87 - receive_response_headers.complete return_value=(b'HTTP/1.1', 200, b'OK', [(b'Content-Length', b'905'), (b'Content-Type', b'application/json;odata.metadata=minimal;odata.streaming=true;IEEE754Compatible=false;charset=utf-8'), (b'Date', b'Mon, 22 Sep 2025 04:36:15 GMT'), (b'Server', b'Microsoft-IIS/10.0'), (b'Access-Control-Allow-Headers', b'Accept, Origin, Content-Type, MaxDataServiceVersion'), (b'Access-Control-Allow-Methods', b'GET'), (b'Access-Control-Allow-Origin', b'*'), (b'Access-Control-Expose-Headers', b'DataServiceVersion'), (b'Cache-Control', b'private'), (b'Content-Encoding', b'gzip'), (b'Expires', b'Mon, 22 Sep 2025 04:37:13 GMT'), (b'Vary', b'*'), (b'X-Content-Type-Options', b'nosniff'), (b'OData-Version', b'4.0;'), (b'X-AspNet-Version', b'4.0.30319'), (b'X-Powered-By', b'ASP.NET')])
2025-09-22 10:06:14,237 - httpx - INFO - _send_single_request:1740 - HTTP Request: GET https://services.odata.org/V4/Northwind/Northwind.svc/Order_Details?%24skip=50&%24top=50 "HTTP/1.1 200 OK"
2025-09-22 10:06:14,239 - httpcore.http11 - DEBUG - atrace:87 - receive_response_body.started request=<Request [b'GET']>
2025-09-22 10:06:14,239 - httpcore.http11 - DEBUG - atrace:87 - receive_response_body.complete
2025-09-22 10:06:14,239 - httpcore.http11 - DEBUG - atrace:87 - response_closed.started
2025-09-22 10:06:14,239 - httpcore.http11 - DEBUG - atrace:87 - response_closed.complete
2025-09-22 10:06:14,239 - workers.proxy_pool - INFO - _make_http_request:162 - [2m2025-09-22T04:36:14.239568Z[0m [[32m[1minfo     [0m] [1m📊 Worker successfully fetched data[0m [[0m[1m[34mworkers.proxy_pool[0m][0m [36mcommand_id[0m=[35mOrder_Details_page_2[0m [36mentity[0m=[35mOrder_Details[0m [36mhas_next_page[0m=[35mFalse[0m [36mrecords_in_response[0m=[35m50[0m [36mworker_id[0m=[35mworker_19[0m
2025-09-22 10:06:14,241 - workers.proxy_pool - INFO - execute_command:85 - [2m2025-09-22T04:36:14.241095Z[0m [[32m[1minfo     [0m] [1m✅ Worker completed command successfully[0m [[0m[1m[34mworkers.proxy_pool[0m][0m [36mcommand_id[0m=[35mOrder_Details_page_2[0m [36mentity[0m=[35mOrder_Details[0m [36mexecution_time_seconds[0m=[35m4.75[0m [36mhas_next_page[0m=[35mFalse[0m [36mrecords_fetched[0m=[35m50[0m [36mworker_id[0m=[35mworker_19[0m
2025-09-22 10:06:14,243 - storage.transformer - INFO - transform_odata_response:96 - [2m2025-09-22T04:36:14.243039Z[0m [[32m[1minfo     [0m] [1mTransformation completed      [0m [[0m[1m[34mstorage.transformer[0m][0m [36mentity_name[0m=[35mOrder_Details[0m [36minput_records[0m=[35m50[0m [36moutput_records[0m=[35m50[0m
2025-09-22 10:06:14,244 - storage.local_storage - INFO - store_processed_records:131 - [2m2025-09-22T04:36:14.244146Z[0m [[32m[1minfo     [0m] [1mStoring processed records     [0m [[0m[1m[34mstorage.local_storage[0m][0m [36mentity_name[0m=[35mOrder_Details[0m [36mformat[0m=[35mjson[0m [36mrecord_count[0m=[35m50[0m
2025-09-22 10:06:14,250 - storage.local_storage - INFO - store_processed_records:142 - [2m2025-09-22T04:36:14.250076Z[0m [[32m[1minfo     [0m] [1mSuccessfully stored processed records[0m [[0m[1m[34mstorage.local_storage[0m][0m [36mentity_name[0m=[35mOrder_Details[0m [36mfile_path[0m=[35m./test_output/processed\Order_Details_20250922_043614.json[0m [36mrecord_count[0m=[35m50[0m
2025-09-22 10:06:14,255 - storage.local_storage - INFO - store_raw_response:83 - [2m2025-09-22T04:36:14.255364Z[0m [[32m[1minfo     [0m] [1mSuccessfully stored raw data  [0m [[0m[1m[34mstorage.local_storage[0m][0m [36mentity_name[0m=[35mOrder_Details[0m [36mfile_path[0m=[35m./test_output/raw\Order_Details\2025/09/22\04\Order_Details_page_2.json[0m [36msize_bytes[0m=[35m7367[0m
2025-09-22 10:06:14,257 - httpcore.http11 - DEBUG - atrace:87 - receive_response_headers.complete return_value=(b'HTTP/1.1', 200, b'OK', [(b'Content-Length', b'205'), (b'Content-Type', b'application/json;odata.metadata=minimal;odata.streaming=true;IEEE754Compatible=false;charset=utf-8'), (b'Date', b'Mon, 22 Sep 2025 04:36:15 GMT'), (b'Server', b'Microsoft-IIS/10.0'), (b'Access-Control-Allow-Headers', b'Accept, Origin, Content-Type, MaxDataServiceVersion'), (b'Access-Control-Allow-Methods', b'GET'), (b'Access-Control-Allow-Origin', b'*'), (b'Access-Control-Expose-Headers', b'DataServiceVersion'), (b'Cache-Control', b'private'), (b'Content-Encoding', b'gzip'), (b'Expires', b'Mon, 22 Sep 2025 04:37:15 GMT'), (b'Vary', b'*'), (b'X-Content-Type-Options', b'nosniff'), (b'OData-Version', b'4.0;'), (b'X-AspNet-Version', b'4.0.30319'), (b'X-Powered-By', b'ASP.NET')])
2025-09-22 10:06:14,258 - httpx - INFO - _send_single_request:1740 - HTTP Request: GET https://services.odata.org/V4/Northwind/Northwind.svc/Products?%24skip=100&%24top=50 "HTTP/1.1 200 OK"
2025-09-22 10:06:14,259 - httpcore.http11 - DEBUG - atrace:87 - receive_response_body.started request=<Request [b'GET']>
2025-09-22 10:06:14,259 - httpcore.http11 - DEBUG - atrace:87 - receive_response_body.complete
2025-09-22 10:06:14,259 - httpcore.http11 - DEBUG - atrace:87 - response_closed.started
2025-09-22 10:06:14,261 - httpcore.http11 - DEBUG - atrace:87 - receive_response_body.complete
2025-09-22 10:06:14,262 - httpcore.http11 - DEBUG - atrace:87 - response_closed.started
2025-09-22 10:06:14,262 - httpcore.http11 - DEBUG - atrace:87 - response_closed.complete
2025-09-22 10:06:14,264 - workers.proxy_pool - INFO - _make_http_request:162 - [2m2025-09-22T04:36:14.264049Z[0m [[32m[1minfo     [0m] [1m📊 Worker successfully fetched data[0m [[0m[1m[34mworkers.proxy_pool[0m][0m [36mcommand_id[0m=[35mProducts_page_next_100[0m [36mentity[0m=[35mProducts[0m [36mhas_next_page[0m=[35mFalse[0m [36mrecords_in_response[0m=[35m0[0m [36mworker_id[0m=[35mworker_15[0m
2025-09-22 10:06:14,265 - workers.proxy_pool - INFO - execute_command:85 - [2m2025-09-22T04:36:14.264511Z[0m [[32m[1minfo     [0m] [1m✅ Worker completed command successfully[0m [[0m[1m[34mworkers.proxy_pool[0m][0m [36mcommand_id[0m=[35mProducts_page_next_100[0m [36mentity[0m=[35mProducts[0m [36mexecution_time_seconds[0m=[35m0.27[0m [36mhas_next_page[0m=[35mFalse[0m [36mrecords_fetched[0m=[35m0[0m [36mworker_id[0m=[35mworker_15[0m
2025-09-22 10:06:14,265 - httpcore.http11 - DEBUG - atrace:87 - response_closed.complete
2025-09-22 10:06:14,267 - workers.proxy_pool - INFO - _make_http_request:162 - [2m2025-09-22T04:36:14.267955Z[0m [[32m[1minfo     [0m] [1m📊 Worker successfully fetched data[0m [[0m[1m[34mworkers.proxy_pool[0m][0m [36mcommand_id[0m=[35mEmployees_page_1[0m [36mentity[0m=[35mEmployees[0m [36mhas_next_page[0m=[35mFalse[0m [36mrecords_in_response[0m=[35m9[0m [36mworker_id[0m=[35mworker_18[0m
2025-09-22 10:06:14,269 - workers.proxy_pool - INFO - execute_command:85 - [2m2025-09-22T04:36:14.268568Z[0m [[32m[1minfo     [0m] [1m✅ Worker completed command successfully[0m [[0m[1m[34mworkers.proxy_pool[0m][0m [36mcommand_id[0m=[35mEmployees_page_1[0m [36mentity[0m=[35mEmployees[0m [36mexecution_time_seconds[0m=[35m1.47[0m [36mhas_next_page[0m=[35mFalse[0m [36mrecords_fetched[0m=[35m9[0m [36mworker_id[0m=[35mworker_18[0m
2025-09-22 10:06:14,270 - storage.transformer - WARNING - transform_odata_response:67 - [2m2025-09-22T04:36:14.270898Z[0m [[33m[1mwarning  [0m] [1mNo records found in response  [0m [[0m[1m[34mstorage.transformer[0m][0m [36mentity_name[0m=[35mProducts[0m
2025-09-22 10:06:14,272 - storage.transformer - INFO - transform_odata_response:96 - [2m2025-09-22T04:36:14.272270Z[0m [[32m[1minfo     [0m] [1mTransformation completed      [0m [[0m[1m[34mstorage.transformer[0m][0m [36mentity_name[0m=[35mEmployees[0m [36minput_records[0m=[35m9[0m [36moutput_records[0m=[35m9[0m
2025-09-22 10:06:14,272 - storage.local_storage - INFO - store_processed_records:131 - [2m2025-09-22T04:36:14.272625Z[0m [[32m[1minfo     [0m] [1mStoring processed records     [0m [[0m[1m[34mstorage.local_storage[0m][0m [36mentity_name[0m=[35mEmployees[0m [36mformat[0m=[35mjson[0m [36mrecord_count[0m=[35m9[0m
2025-09-22 10:06:14,274 - storage.local_storage - INFO - store_processed_records:142 - [2m2025-09-22T04:36:14.274732Z[0m [[32m[1minfo     [0m] [1mSuccessfully stored processed records[0m [[0m[1m[34mstorage.local_storage[0m][0m [36mentity_name[0m=[35mEmployees[0m [36mfile_path[0m=[35m./test_output/processed\Employees_20250922_043614.json[0m [36mrecord_count[0m=[35m9[0m
2025-09-22 10:06:14,285 - storage.local_storage - INFO - store_raw_response:83 - [2m2025-09-22T04:36:14.283973Z[0m [[32m[1minfo     [0m] [1mSuccessfully stored raw data  [0m [[0m[1m[34mstorage.local_storage[0m][0m [36mentity_name[0m=[35mEmployees[0m [36mfile_path[0m=[35m./test_output/raw\Employees\2025/09/22\04\Employees_page_1.json[0m [36msize_bytes[0m=[35m268167[0m
2025-09-22 10:06:14,560 - httpcore.http11 - DEBUG - atrace:87 - receive_response_headers.complete return_value=(b'HTTP/1.1', 200, b'OK', [(b'Content-Length', b'915'), (b'Content-Type', b'application/json;odata.metadata=minimal;odata.streaming=true;IEEE754Compatible=false;charset=utf-8'), (b'Date', b'Mon, 22 Sep 2025 04:36:15 GMT'), (b'Server', b'Microsoft-IIS/10.0'), (b'Access-Control-Allow-Headers', b'Accept, Origin, Content-Type, MaxDataServiceVersion'), (b'Access-Control-Allow-Methods', b'GET'), (b'Access-Control-Allow-Origin', b'*'), (b'Access-Control-Expose-Headers', b'DataServiceVersion'), (b'Cache-Control', b'private'), (b'Content-Encoding', b'gzip'), (b'Expires', b'Mon, 22 Sep 2025 04:37:14 GMT'), (b'Vary', b'*'), (b'X-Content-Type-Options', b'nosniff'), (b'OData-Version', b'4.0;'), (b'X-AspNet-Version', b'4.0.30319'), (b'X-Powered-By', b'ASP.NET')])
2025-09-22 10:06:14,561 - httpx - INFO - _send_single_request:1740 - HTTP Request: GET https://services.odata.org/V4/Northwind/Northwind.svc/Summary_of_Sales_by_Years?%24skip=50&%24top=50 "HTTP/1.1 200 OK"
2025-09-22 10:06:14,562 - httpcore.http11 - DEBUG - atrace:87 - receive_response_body.started request=<Request [b'GET']>
2025-09-22 10:06:14,562 - httpcore.http11 - DEBUG - atrace:87 - receive_response_body.complete
2025-09-22 10:06:14,562 - httpcore.http11 - DEBUG - atrace:87 - response_closed.started
2025-09-22 10:06:14,562 - httpcore.http11 - DEBUG - atrace:87 - response_closed.complete
2025-09-22 10:06:14,562 - workers.proxy_pool - INFO - _make_http_request:162 - [2m2025-09-22T04:36:14.562640Z[0m [[32m[1minfo     [0m] [1m📊 Worker successfully fetched data[0m [[0m[1m[34mworkers.proxy_pool[0m][0m [36mcommand_id[0m=[35mSummary_of_Sales_by_Years_page_2[0m [36mentity[0m=[35mSummary_of_Sales_by_Years[0m [36mhas_next_page[0m=[35mFalse[0m [36mrecords_in_response[0m=[35m50[0m [36mworker_id[0m=[35mworker_11[0m
2025-09-22 10:06:14,563 - workers.proxy_pool - INFO - execute_command:85 - [2m2025-09-22T04:36:14.563777Z[0m [[32m[1minfo     [0m] [1m✅ Worker completed command successfully[0m [[0m[1m[34mworkers.proxy_pool[0m][0m [36mcommand_id[0m=[35mSummary_of_Sales_by_Years_page_2[0m [36mentity[0m=[35mSummary_of_Sales_by_Years[0m [36mexecution_time_seconds[0m=[35m2.36[0m [36mhas_next_page[0m=[35mFalse[0m [36mrecords_fetched[0m=[35m50[0m [36mworker_id[0m=[35mworker_11[0m
2025-09-22 10:06:14,565 - storage.transformer - INFO - transform_odata_response:96 - [2m2025-09-22T04:36:14.565687Z[0m [[32m[1minfo     [0m] [1mTransformation completed      [0m [[0m[1m[34mstorage.transformer[0m][0m [36mentity_name[0m=[35mSummary_of_Sales_by_Years[0m [36minput_records[0m=[35m50[0m [36moutput_records[0m=[35m50[0m
2025-09-22 10:06:14,565 - storage.local_storage - INFO - store_processed_records:131 - [2m2025-09-22T04:36:14.565687Z[0m [[32m[1minfo     [0m] [1mStoring processed records     [0m [[0m[1m[34mstorage.local_storage[0m][0m [36mentity_name[0m=[35mSummary_of_Sales_by_Years[0m [36mformat[0m=[35mjson[0m [36mrecord_count[0m=[35m50[0m
2025-09-22 10:06:14,570 - storage.local_storage - INFO - store_processed_records:142 - [2m2025-09-22T04:36:14.570959Z[0m [[32m[1minfo     [0m] [1mSuccessfully stored processed records[0m [[0m[1m[34mstorage.local_storage[0m][0m [36mentity_name[0m=[35mSummary_of_Sales_by_Years[0m [36mfile_path[0m=[35m./test_output/processed\Summary_of_Sales_by_Years_20250922_043614.json[0m [36mrecord_count[0m=[35m50[0m
2025-09-22 10:06:14,579 - storage.local_storage - INFO - store_raw_response:83 - [2m2025-09-22T04:36:14.579877Z[0m [[32m[1minfo     [0m] [1mSuccessfully stored raw data  [0m [[0m[1m[34mstorage.local_storage[0m][0m [36mentity_name[0m=[35mSummary_of_Sales_by_Years[0m [36mfile_path[0m=[35m./test_output/raw\Summary_of_Sales_by_Years\2025/09/22\04\Summary_of_Sales_by_Years_page_2.json[0m [36msize_bytes[0m=[35m6161[0m
2025-09-22 10:06:14,745 - httpcore.http11 - DEBUG - atrace:87 - receive_response_headers.complete return_value=(b'HTTP/1.1', 200, b'OK', [(b'Content-Length', b'2317'), (b'Content-Type', b'application/json;odata.metadata=minimal;odata.streaming=true;IEEE754Compatible=false;charset=utf-8'), (b'Date', b'Mon, 22 Sep 2025 04:36:15 GMT'), (b'Server', b'Microsoft-IIS/10.0'), (b'Access-Control-Allow-Headers', b'Accept, Origin, Content-Type, MaxDataServiceVersion'), (b'Access-Control-Allow-Methods', b'GET'), (b'Access-Control-Allow-Origin', b'*'), (b'Access-Control-Expose-Headers', b'DataServiceVersion'), (b'Cache-Control', b'private'), (b'Content-Encoding', b'gzip'), (b'Expires', b'Mon, 22 Sep 2025 04:37:13 GMT'), (b'Vary', b'*'), (b'X-Content-Type-Options', b'nosniff'), (b'OData-Version', b'4.0;'), (b'X-AspNet-Version', b'4.0.30319'), (b'X-Powered-By', b'ASP.NET')])
2025-09-22 10:06:14,745 - httpx - INFO - _send_single_request:1740 - HTTP Request: GET https://services.odata.org/V4/Northwind/Northwind.svc/Customers?%24skip=0&%24top=50 "HTTP/1.1 200 OK"
2025-09-22 10:06:14,745 - httpcore.http11 - DEBUG - atrace:87 - receive_response_body.started request=<Request [b'GET']>
2025-09-22 10:06:14,745 - httpcore.http11 - DEBUG - atrace:87 - receive_response_body.complete
2025-09-22 10:06:14,745 - httpcore.http11 - DEBUG - atrace:87 - response_closed.started
2025-09-22 10:06:14,745 - httpcore.http11 - DEBUG - atrace:87 - response_closed.complete
2025-09-22 10:06:14,745 - workers.proxy_pool - INFO - _make_http_request:162 - [2m2025-09-22T04:36:14.745805Z[0m [[32m[1minfo     [0m] [1m📊 Worker successfully fetched data[0m [[0m[1m[34mworkers.proxy_pool[0m][0m [36mcommand_id[0m=[35mCustomers_page_1[0m [36mentity[0m=[35mCustomers[0m [36mhas_next_page[0m=[35mTrue[0m [36mrecords_in_response[0m=[35m20[0m [36mworker_id[0m=[35mworker_14[0m
2025-09-22 10:06:14,745 - workers.proxy_pool - INFO - execute_command:85 - [2m2025-09-22T04:36:14.745805Z[0m [[32m[1minfo     [0m] [1m✅ Worker completed command successfully[0m [[0m[1m[34mworkers.proxy_pool[0m][0m [36mcommand_id[0m=[35mCustomers_page_1[0m [36mentity[0m=[35mCustomers[0m [36mexecution_time_seconds[0m=[35m3.91[0m [36mhas_next_page[0m=[35mTrue[0m [36mrecords_fetched[0m=[35m20[0m [36mworker_id[0m=[35mworker_14[0m
2025-09-22 10:06:14,745 - storage.transformer - INFO - transform_odata_response:96 - [2m2025-09-22T04:36:14.745805Z[0m [[32m[1minfo     [0m] [1mTransformation completed      [0m [[0m[1m[34mstorage.transformer[0m][0m [36mentity_name[0m=[35mCustomers[0m [36minput_records[0m=[35m20[0m [36moutput_records[0m=[35m20[0m
2025-09-22 10:06:14,745 - storage.local_storage - INFO - store_processed_records:131 - [2m2025-09-22T04:36:14.745805Z[0m [[32m[1minfo     [0m] [1mStoring processed records     [0m [[0m[1m[34mstorage.local_storage[0m][0m [36mentity_name[0m=[35mCustomers[0m [36mformat[0m=[35mjson[0m [36mrecord_count[0m=[35m20[0m
2025-09-22 10:06:14,745 - storage.local_storage - INFO - store_processed_records:142 - [2m2025-09-22T04:36:14.745805Z[0m [[32m[1minfo     [0m] [1mSuccessfully stored processed records[0m [[0m[1m[34mstorage.local_storage[0m][0m [36mentity_name[0m=[35mCustomers[0m [36mfile_path[0m=[35m./test_output/processed\Customers_20250922_043614.json[0m [36mrecord_count[0m=[35m20[0m
2025-09-22 10:06:14,760 - storage.local_storage - INFO - store_raw_response:83 - [2m2025-09-22T04:36:14.760404Z[0m [[32m[1minfo     [0m] [1mSuccessfully stored raw data  [0m [[0m[1m[34mstorage.local_storage[0m][0m [36mentity_name[0m=[35mCustomers[0m [36mfile_path[0m=[35m./test_output/raw\Customers\2025/09/22\04\Customers_page_1.json[0m [36msize_bytes[0m=[35m8172[0m
2025-09-22 10:06:14,760 - workers.proxy_pool - INFO - _worker_loop:363 - [2m2025-09-22T04:36:14.760404Z[0m [[32m[1minfo     [0m] [1m📋 Worker picked up command from queue[0m [[0m[1m[34mworkers.proxy_pool[0m][0m [36mcommand_id[0m=[35mCustomers_page_next_50[0m [36mentity[0m=[35mCustomers[0m [36mqueue_size_after_pickup[0m=[35m0[0m [36mworker_id[0m=[35mworker_9[0m [36mworker_status[0m=[35mPROCESSING[0m
2025-09-22 10:06:14,762 - workers.proxy_pool - INFO - execute_command:51 - [2m2025-09-22T04:36:14.762426Z[0m [[32m[1minfo     [0m] [1m🚀 Worker starting command execution[0m [[0m[1m[34mworkers.proxy_pool[0m][0m [36mcommand_id[0m=[35mCustomers_page_next_50[0m [36mcommand_type[0m=[35mfetch_page[0m [36mentity[0m=[35mCustomers[0m [36mpriority[0m=[35m1[0m [36mretry_count[0m=[35m0[0m [36mskip[0m=[35m50[0m [36mtop[0m=[35m50[0m [36mworker_id[0m=[35mworker_9[0m
2025-09-22 10:06:14,763 - workers.proxy_pool - INFO - execute_command:74 - [2m2025-09-22T04:36:14.762426Z[0m [[32m[1minfo     [0m] [1m🔄 Worker executing request with resilience patterns[0m [[0m[1m[34mworkers.proxy_pool[0m][0m [36mcircuit_breaker_state[0m=[35mclosed[0m [36mcommand_id[0m=[35mCustomers_page_next_50[0m [36mworker_id[0m=[35mworker_9[0m
2025-09-22 10:06:14,765 - httpcore.http11 - DEBUG - atrace:87 - send_request_headers.started request=<Request [b'GET']>
2025-09-22 10:06:14,765 - httpcore.http11 - DEBUG - atrace:87 - send_request_headers.complete
2025-09-22 10:06:14,765 - httpcore.http11 - DEBUG - atrace:87 - send_request_body.started request=<Request [b'GET']>
2025-09-22 10:06:14,765 - httpcore.http11 - DEBUG - atrace:87 - send_request_body.complete
2025-09-22 10:06:14,765 - httpcore.http11 - DEBUG - atrace:87 - receive_response_headers.started request=<Request [b'GET']>
2025-09-22 10:06:15,168 - httpcore.http11 - DEBUG - atrace:87 - receive_response_headers.complete return_value=(b'HTTP/1.1', 200, b'OK', [(b'Content-Length', b'2479'), (b'Content-Type', b'application/json;odata.metadata=minimal;odata.streaming=true;IEEE754Compatible=false;charset=utf-8'), (b'Date', b'Mon, 22 Sep 2025 04:36:16 GMT'), (b'Server', b'Microsoft-IIS/10.0'), (b'Access-Control-Allow-Headers', b'Accept, Origin, Content-Type, MaxDataServiceVersion'), (b'Access-Control-Allow-Methods', b'GET'), (b'Access-Control-Allow-Origin', b'*'), (b'Access-Control-Expose-Headers', b'DataServiceVersion'), (b'Cache-Control', b'private'), (b'Content-Encoding', b'gzip'), (b'Expires', b'Mon, 22 Sep 2025 04:37:13 GMT'), (b'Vary', b'*'), (b'X-Content-Type-Options', b'nosniff'), (b'OData-Version', b'4.0;'), (b'X-AspNet-Version', b'4.0.30319'), (b'X-Powered-By', b'ASP.NET')])
2025-09-22 10:06:15,169 - httpx - INFO - _send_single_request:1740 - HTTP Request: GET https://services.odata.org/V4/Northwind/Northwind.svc/Customers?%24skip=50&%24top=50 "HTTP/1.1 200 OK"
2025-09-22 10:06:15,170 - httpcore.http11 - DEBUG - atrace:87 - receive_response_body.started request=<Request [b'GET']>
2025-09-22 10:06:15,171 - httpcore.http11 - DEBUG - atrace:87 - receive_response_body.complete
2025-09-22 10:06:15,171 - httpcore.http11 - DEBUG - atrace:87 - response_closed.started
2025-09-22 10:06:15,172 - httpcore.http11 - DEBUG - atrace:87 - response_closed.complete
2025-09-22 10:06:15,173 - workers.proxy_pool - INFO - _make_http_request:162 - [2m2025-09-22T04:36:15.172904Z[0m [[32m[1minfo     [0m] [1m📊 Worker successfully fetched data[0m [[0m[1m[34mworkers.proxy_pool[0m][0m [36mcommand_id[0m=[35mCustomers_page_next_50[0m [36mentity[0m=[35mCustomers[0m [36mhas_next_page[0m=[35mTrue[0m [36mrecords_in_response[0m=[35m20[0m [36mworker_id[0m=[35mworker_9[0m
2025-09-22 10:06:15,174 - workers.proxy_pool - INFO - execute_command:85 - [2m2025-09-22T04:36:15.174079Z[0m [[32m[1minfo     [0m] [1m✅ Worker completed command successfully[0m [[0m[1m[34mworkers.proxy_pool[0m][0m [36mcommand_id[0m=[35mCustomers_page_next_50[0m [36mentity[0m=[35mCustomers[0m [36mexecution_time_seconds[0m=[35m0.41[0m [36mhas_next_page[0m=[35mTrue[0m [36mrecords_fetched[0m=[35m20[0m [36mworker_id[0m=[35mworker_9[0m
2025-09-22 10:06:15,176 - storage.transformer - INFO - transform_odata_response:96 - [2m2025-09-22T04:36:15.176991Z[0m [[32m[1minfo     [0m] [1mTransformation completed      [0m [[0m[1m[34mstorage.transformer[0m][0m [36mentity_name[0m=[35mCustomers[0m [36minput_records[0m=[35m20[0m [36moutput_records[0m=[35m20[0m
2025-09-22 10:06:15,177 - storage.local_storage - INFO - store_processed_records:131 - [2m2025-09-22T04:36:15.177639Z[0m [[32m[1minfo     [0m] [1mStoring processed records     [0m [[0m[1m[34mstorage.local_storage[0m][0m [36mentity_name[0m=[35mCustomers[0m [36mformat[0m=[35mjson[0m [36mrecord_count[0m=[35m20[0m
2025-09-22 10:06:15,180 - storage.local_storage - INFO - store_processed_records:142 - [2m2025-09-22T04:36:15.180750Z[0m [[32m[1minfo     [0m] [1mSuccessfully stored processed records[0m [[0m[1m[34mstorage.local_storage[0m][0m [36mentity_name[0m=[35mCustomers[0m [36mfile_path[0m=[35m./test_output/processed\Customers_20250922_043615.json[0m [36mrecord_count[0m=[35m20[0m
2025-09-22 10:06:15,187 - storage.local_storage - INFO - store_raw_response:83 - [2m2025-09-22T04:36:15.186330Z[0m [[32m[1minfo     [0m] [1mSuccessfully stored raw data  [0m [[0m[1m[34mstorage.local_storage[0m][0m [36mentity_name[0m=[35mCustomers[0m [36mfile_path[0m=[35m./test_output/raw\Customers\2025/09/22\04\Customers_page_next_50.json[0m [36msize_bytes[0m=[35m8280[0m
2025-09-22 10:06:15,189 - workers.proxy_pool - INFO - _worker_loop:363 - [2m2025-09-22T04:36:15.189286Z[0m [[32m[1minfo     [0m] [1m📋 Worker picked up command from queue[0m [[0m[1m[34mworkers.proxy_pool[0m][0m [36mcommand_id[0m=[35mCustomers_page_next_100[0m [36mentity[0m=[35mCustomers[0m [36mqueue_size_after_pickup[0m=[35m0[0m [36mworker_id[0m=[35mworker_16[0m [36mworker_status[0m=[35mPROCESSING[0m
2025-09-22 10:06:15,191 - workers.proxy_pool - INFO - execute_command:51 - [2m2025-09-22T04:36:15.191902Z[0m [[32m[1minfo     [0m] [1m🚀 Worker starting command execution[0m [[0m[1m[34mworkers.proxy_pool[0m][0m [36mcommand_id[0m=[35mCustomers_page_next_100[0m [36mcommand_type[0m=[35mfetch_page[0m [36mentity[0m=[35mCustomers[0m [36mpriority[0m=[35m1[0m [36mretry_count[0m=[35m0[0m [36mskip[0m=[35m100[0m [36mtop[0m=[35m50[0m [36mworker_id[0m=[35mworker_16[0m
2025-09-22 10:06:15,193 - workers.proxy_pool - INFO - execute_command:74 - [2m2025-09-22T04:36:15.193464Z[0m [[32m[1minfo     [0m] [1m🔄 Worker executing request with resilience patterns[0m [[0m[1m[34mworkers.proxy_pool[0m][0m [36mcircuit_breaker_state[0m=[35mclosed[0m [36mcommand_id[0m=[35mCustomers_page_next_100[0m [36mworker_id[0m=[35mworker_16[0m
2025-09-22 10:06:15,198 - httpcore.http11 - DEBUG - atrace:87 - send_request_headers.started request=<Request [b'GET']>
2025-09-22 10:06:15,199 - httpcore.http11 - DEBUG - atrace:87 - send_request_headers.complete
2025-09-22 10:06:15,199 - httpcore.http11 - DEBUG - atrace:87 - send_request_body.started request=<Request [b'GET']>
2025-09-22 10:06:15,200 - httpcore.http11 - DEBUG - atrace:87 - send_request_body.complete
2025-09-22 10:06:15,200 - httpcore.http11 - DEBUG - atrace:87 - receive_response_headers.started request=<Request [b'GET']>
2025-09-22 10:06:15,260 - httpcore.http11 - DEBUG - atrace:87 - receive_response_headers.complete return_value=(b'HTTP/1.1', 200, b'OK', [(b'Content-Length', b'3492'), (b'Content-Type', b'application/json;odata.metadata=minimal;odata.streaming=true;IEEE754Compatible=false;charset=utf-8'), (b'Date', b'Mon, 22 Sep 2025 04:36:16 GMT'), (b'Server', b'Microsoft-IIS/10.0'), (b'Access-Control-Allow-Headers', b'Accept, Origin, Content-Type, MaxDataServiceVersion'), (b'Access-Control-Allow-Methods', b'GET'), (b'Access-Control-Allow-Origin', b'*'), (b'Access-Control-Expose-Headers', b'DataServiceVersion'), (b'Cache-Control', b'private'), (b'Content-Encoding', b'gzip'), (b'Expires', b'Mon, 22 Sep 2025 04:37:12 GMT'), (b'Vary', b'*'), (b'X-Content-Type-Options', b'nosniff'), (b'OData-Version', b'4.0;'), (b'X-AspNet-Version', b'4.0.30319'), (b'X-Powered-By', b'ASP.NET')])
2025-09-22 10:06:15,260 - httpx - INFO - _send_single_request:1740 - HTTP Request: GET https://services.odata.org/V4/Northwind/Northwind.svc/Suppliers?%24skip=0&%24top=50 "HTTP/1.1 200 OK"
2025-09-22 10:06:15,260 - httpcore.http11 - DEBUG - atrace:87 - receive_response_body.started request=<Request [b'GET']>
2025-09-22 10:06:15,260 - httpcore.http11 - DEBUG - atrace:87 - receive_response_body.complete
2025-09-22 10:06:15,260 - httpcore.http11 - DEBUG - atrace:87 - response_closed.started
2025-09-22 10:06:15,260 - httpcore.http11 - DEBUG - atrace:87 - response_closed.complete
2025-09-22 10:06:15,260 - workers.proxy_pool - INFO - _make_http_request:162 - [2m2025-09-22T04:36:15.260458Z[0m [[32m[1minfo     [0m] [1m📊 Worker successfully fetched data[0m [[0m[1m[34mworkers.proxy_pool[0m][0m [36mcommand_id[0m=[35mSuppliers_page_1[0m [36mentity[0m=[35mSuppliers[0m [36mhas_next_page[0m=[35mFalse[0m [36mrecords_in_response[0m=[35m29[0m [36mworker_id[0m=[35mworker_3[0m
2025-09-22 10:06:15,260 - workers.proxy_pool - INFO - execute_command:85 - [2m2025-09-22T04:36:15.260458Z[0m [[32m[1minfo     [0m] [1m✅ Worker completed command successfully[0m [[0m[1m[34mworkers.proxy_pool[0m][0m [36mcommand_id[0m=[35mSuppliers_page_1[0m [36mentity[0m=[35mSuppliers[0m [36mexecution_time_seconds[0m=[35m4.66[0m [36mhas_next_page[0m=[35mFalse[0m [36mrecords_fetched[0m=[35m29[0m [36mworker_id[0m=[35mworker_3[0m
2025-09-22 10:06:15,260 - storage.transformer - INFO - transform_odata_response:96 - [2m2025-09-22T04:36:15.260458Z[0m [[32m[1minfo     [0m] [1mTransformation completed      [0m [[0m[1m[34mstorage.transformer[0m][0m [36mentity_name[0m=[35mSuppliers[0m [36minput_records[0m=[35m29[0m [36moutput_records[0m=[35m29[0m
2025-09-22 10:06:15,260 - storage.local_storage - INFO - store_processed_records:131 - [2m2025-09-22T04:36:15.260458Z[0m [[32m[1minfo     [0m] [1mStoring processed records     [0m [[0m[1m[34mstorage.local_storage[0m][0m [36mentity_name[0m=[35mSuppliers[0m [36mformat[0m=[35mjson[0m [36mrecord_count[0m=[35m29[0m
2025-09-22 10:06:15,267 - storage.local_storage - INFO - store_processed_records:142 - [2m2025-09-22T04:36:15.267789Z[0m [[32m[1minfo     [0m] [1mSuccessfully stored processed records[0m [[0m[1m[34mstorage.local_storage[0m][0m [36mentity_name[0m=[35mSuppliers[0m [36mfile_path[0m=[35m./test_output/processed\Suppliers_20250922_043615.json[0m [36mrecord_count[0m=[35m29[0m
2025-09-22 10:06:15,283 - storage.local_storage - INFO - store_raw_response:83 - [2m2025-09-22T04:36:15.283690Z[0m [[32m[1minfo     [0m] [1mSuccessfully stored raw data  [0m [[0m[1m[34mstorage.local_storage[0m][0m [36mentity_name[0m=[35mSuppliers[0m [36mfile_path[0m=[35m./test_output/raw\Suppliers\2025/09/22\04\Suppliers_page_1.json[0m [36msize_bytes[0m=[35m12636[0m
2025-09-22 10:06:15,425 - httpcore.http11 - DEBUG - atrace:87 - receive_response_headers.complete return_value=(b'HTTP/1.1', 200, b'OK', [(b'Content-Length', b'205'), (b'Content-Type', b'application/json;odata.metadata=minimal;odata.streaming=true;IEEE754Compatible=false;charset=utf-8'), (b'Date', b'Mon, 22 Sep 2025 04:36:16 GMT'), (b'Server', b'Microsoft-IIS/10.0'), (b'Access-Control-Allow-Headers', b'Accept, Origin, Content-Type, MaxDataServiceVersion'), (b'Access-Control-Allow-Methods', b'GET'), (b'Access-Control-Allow-Origin', b'*'), (b'Access-Control-Expose-Headers', b'DataServiceVersion'), (b'Cache-Control', b'private'), (b'Content-Encoding', b'gzip'), (b'Expires', b'Mon, 22 Sep 2025 04:37:15 GMT'), (b'Vary', b'*'), (b'X-Content-Type-Options', b'nosniff'), (b'OData-Version', b'4.0;'), (b'X-AspNet-Version', b'4.0.30319'), (b'X-Powered-By', b'ASP.NET')])
2025-09-22 10:06:15,425 - httpx - INFO - _send_single_request:1740 - HTTP Request: GET https://services.odata.org/V4/Northwind/Northwind.svc/Customers?%24skip=100&%24top=50 "HTTP/1.1 200 OK"
2025-09-22 10:06:15,430 - httpcore.http11 - DEBUG - atrace:87 - receive_response_body.started request=<Request [b'GET']>
2025-09-22 10:06:15,431 - httpcore.http11 - DEBUG - atrace:87 - receive_response_body.complete
2025-09-22 10:06:15,431 - httpcore.http11 - DEBUG - atrace:87 - response_closed.started
2025-09-22 10:06:15,431 - httpcore.http11 - DEBUG - atrace:87 - response_closed.complete
2025-09-22 10:06:15,432 - workers.proxy_pool - INFO - _make_http_request:162 - [2m2025-09-22T04:36:15.432809Z[0m [[32m[1minfo     [0m] [1m📊 Worker successfully fetched data[0m [[0m[1m[34mworkers.proxy_pool[0m][0m [36mcommand_id[0m=[35mCustomers_page_next_100[0m [36mentity[0m=[35mCustomers[0m [36mhas_next_page[0m=[35mFalse[0m [36mrecords_in_response[0m=[35m0[0m [36mworker_id[0m=[35mworker_16[0m
2025-09-22 10:06:15,433 - workers.proxy_pool - INFO - execute_command:85 - [2m2025-09-22T04:36:15.433214Z[0m [[32m[1minfo     [0m] [1m✅ Worker completed command successfully[0m [[0m[1m[34mworkers.proxy_pool[0m][0m [36mcommand_id[0m=[35mCustomers_page_next_100[0m [36mentity[0m=[35mCustomers[0m [36mexecution_time_seconds[0m=[35m0.25[0m [36mhas_next_page[0m=[35mFalse[0m [36mrecords_fetched[0m=[35m0[0m [36mworker_id[0m=[35mworker_16[0m
2025-09-22 10:06:15,433 - storage.transformer - WARNING - transform_odata_response:67 - [2m2025-09-22T04:36:15.433214Z[0m [[33m[1mwarning  [0m] [1mNo records found in response  [0m [[0m[1m[34mstorage.transformer[0m][0m [36mentity_name[0m=[35mCustomers[0m
2025-09-22 10:06:15,772 - httpcore.http11 - DEBUG - atrace:87 - receive_response_headers.complete return_value=(b'HTTP/1.1', 200, b'OK', [(b'Content-Length', b'2874'), (b'Content-Type', b'application/json;odata.metadata=minimal;odata.streaming=true;IEEE754Compatible=false;charset=utf-8'), (b'Date', b'Mon, 22 Sep 2025 04:36:16 GMT'), (b'Server', b'Microsoft-IIS/10.0'), (b'Access-Control-Allow-Headers', b'Accept, Origin, Content-Type, MaxDataServiceVersion'), (b'Access-Control-Allow-Methods', b'GET'), (b'Access-Control-Allow-Origin', b'*'), (b'Access-Control-Expose-Headers', b'DataServiceVersion'), (b'Cache-Control', b'private'), (b'Content-Encoding', b'gzip'), (b'Expires', b'Mon, 22 Sep 2025 04:37:12 GMT'), (b'Vary', b'*'), (b'X-Content-Type-Options', b'nosniff'), (b'OData-Version', b'4.0;'), (b'X-AspNet-Version', b'4.0.30319'), (b'X-Powered-By', b'ASP.NET')])
2025-09-22 10:06:15,772 - httpx - INFO - _send_single_request:1740 - HTTP Request: GET https://services.odata.org/V4/Northwind/Northwind.svc/Alphabetical_list_of_products?%24skip=0&%24top=50 "HTTP/1.1 200 OK"
2025-09-22 10:06:15,772 - httpcore.http11 - DEBUG - atrace:87 - receive_response_body.started request=<Request [b'GET']>
2025-09-22 10:06:15,774 - httpcore.http11 - DEBUG - atrace:87 - receive_response_body.complete
2025-09-22 10:06:15,774 - httpcore.http11 - DEBUG - atrace:87 - response_closed.started
2025-09-22 10:06:15,774 - httpcore.http11 - DEBUG - atrace:87 - response_closed.complete
2025-09-22 10:06:15,774 - workers.proxy_pool - INFO - _make_http_request:162 - [2m2025-09-22T04:36:15.774419Z[0m [[32m[1minfo     [0m] [1m📊 Worker successfully fetched data[0m [[0m[1m[34mworkers.proxy_pool[0m][0m [36mcommand_id[0m=[35mAlphabetical_list_of_products_page_1[0m [36mentity[0m=[35mAlphabetical_list_of_products[0m [36mhas_next_page[0m=[35mFalse[0m [36mrecords_in_response[0m=[35m50[0m [36mworker_id[0m=[35mworker_12[0m
2025-09-22 10:06:15,776 - workers.proxy_pool - INFO - execute_command:85 - [2m2025-09-22T04:36:15.776465Z[0m [[32m[1minfo     [0m] [1m✅ Worker completed command successfully[0m [[0m[1m[34mworkers.proxy_pool[0m][0m [36mcommand_id[0m=[35mAlphabetical_list_of_products_page_1[0m [36mentity[0m=[35mAlphabetical_list_of_products[0m [36mexecution_time_seconds[0m=[35m6.31[0m [36mhas_next_page[0m=[35mFalse[0m [36mrecords_fetched[0m=[35m50[0m [36mworker_id[0m=[35mworker_12[0m
2025-09-22 10:06:15,776 - storage.transformer - INFO - transform_odata_response:96 - [2m2025-09-22T04:36:15.776465Z[0m [[32m[1minfo     [0m] [1mTransformation completed      [0m [[0m[1m[34mstorage.transformer[0m][0m [36mentity_name[0m=[35mAlphabetical_list_of_products[0m [36minput_records[0m=[35m50[0m [36moutput_records[0m=[35m50[0m
2025-09-22 10:06:15,776 - storage.local_storage - INFO - store_processed_records:131 - [2m2025-09-22T04:36:15.776465Z[0m [[32m[1minfo     [0m] [1mStoring processed records     [0m [[0m[1m[34mstorage.local_storage[0m][0m [36mentity_name[0m=[35mAlphabetical_list_of_products[0m [36mformat[0m=[35mjson[0m [36mrecord_count[0m=[35m50[0m
2025-09-22 10:06:15,781 - storage.local_storage - INFO - store_processed_records:142 - [2m2025-09-22T04:36:15.781473Z[0m [[32m[1minfo     [0m] [1mSuccessfully stored processed records[0m [[0m[1m[34mstorage.local_storage[0m][0m [36mentity_name[0m=[35mAlphabetical_list_of_products[0m [36mfile_path[0m=[35m./test_output/processed\Alphabetical_list_of_products_20250922_043615.json[0m [36mrecord_count[0m=[35m50[0m
2025-09-22 10:06:15,785 - storage.local_storage - INFO - store_raw_response:83 - [2m2025-09-22T04:36:15.785013Z[0m [[32m[1minfo     [0m] [1mSuccessfully stored raw data  [0m [[0m[1m[34mstorage.local_storage[0m][0m [36mentity_name[0m=[35mAlphabetical_list_of_products[0m [36mfile_path[0m=[35m./test_output/raw\Alphabetical_list_of_products\2025/09/22\04\Alphabetical_list_of_products_page_1.json[0m [36msize_bytes[0m=[35m18428[0m
2025-09-22 10:06:16,161 - connector - INFO - _execution_phase:232 - [2m2025-09-22T04:36:16.161491Z[0m [[32m[1minfo     [0m] [1mExecution phase completed     [0m [[0m[1m[34mconnector[0m][0m
2025-09-22 10:06:16,162 - connector - INFO - _completion_phase:267 - [2m2025-09-22T04:36:16.162120Z[0m [[32m[1minfo     [0m] [1mStarting completion phase     [0m [[0m[1m[34mconnector[0m][0m
2025-09-22 10:06:16,162 - workers.proxy_pool - INFO - stop:306 - [2m2025-09-22T04:36:16.162120Z[0m [[32m[1minfo     [0m] [1mStopping proxy pool           [0m [[0m[1m[34mworkers.proxy_pool[0m][0m
2025-09-22 10:06:16,162 - workers.proxy_pool - INFO - _worker_loop:392 - [2m2025-09-22T04:36:16.162120Z[0m [[32m[1minfo     [0m] [1m🛑 Worker cancelled            [0m [[0m[1m[34mworkers.proxy_pool[0m][0m [36mworker_id[0m=[35mworker_17[0m [36mworker_status[0m=[35mCANCELLED[0m
2025-09-22 10:06:16,162 - workers.proxy_pool - INFO - _worker_loop:406 - [2m2025-09-22T04:36:16.162120Z[0m [[32m[1minfo     [0m] [1m🔴 Worker stopped              [0m [[0m[1m[34mworkers.proxy_pool[0m][0m [36mfinal_stats[0m=[35m{'requests_processed': 2, 'requests_failed': 0, 'requests_retried': 0}[0m [36mworker_id[0m=[35mworker_17[0m [36mworker_status[0m=[35mSTOPPED[0m
2025-09-22 10:06:16,162 - httpcore.http11 - DEBUG - atrace:87 - receive_response_headers.failed exception=CancelledError()
2025-09-22 10:06:16,162 - httpcore.http11 - DEBUG - atrace:87 - response_closed.started
2025-09-22 10:06:16,162 - httpcore.http11 - DEBUG - atrace:87 - receive_response_headers.failed exception=CancelledError()
2025-09-22 10:06:16,162 - httpcore.http11 - DEBUG - atrace:87 - response_closed.started
2025-09-22 10:06:16,162 - httpcore.http11 - DEBUG - atrace:87 - receive_response_headers.failed exception=CancelledError()
2025-09-22 10:06:16,162 - httpcore.http11 - DEBUG - atrace:87 - response_closed.started
2025-09-22 10:06:16,162 - workers.proxy_pool - INFO - _worker_loop:392 - [2m2025-09-22T04:36:16.162120Z[0m [[32m[1minfo     [0m] [1m🛑 Worker cancelled            [0m [[0m[1m[34mworkers.proxy_pool[0m][0m [36mworker_id[0m=[35mworker_3[0m [36mworker_status[0m=[35mCANCELLED[0m
2025-09-22 10:06:16,162 - workers.proxy_pool - INFO - _worker_loop:406 - [2m2025-09-22T04:36:16.162120Z[0m [[32m[1minfo     [0m] [1m🔴 Worker stopped              [0m [[0m[1m[34mworkers.proxy_pool[0m][0m [36mfinal_stats[0m=[35m{'requests_processed': 2, 'requests_failed': 0, 'requests_retried': 0}[0m [36mworker_id[0m=[35mworker_3[0m [36mworker_status[0m=[35mSTOPPED[0m
2025-09-22 10:06:16,162 - workers.proxy_pool - INFO - _worker_loop:392 - [2m2025-09-22T04:36:16.162120Z[0m [[32m[1minfo     [0m] [1m🛑 Worker cancelled            [0m [[0m[1m[34mworkers.proxy_pool[0m][0m [36mworker_id[0m=[35mworker_4[0m [36mworker_status[0m=[35mCANCELLED[0m
2025-09-22 10:06:16,171 - workers.proxy_pool - INFO - _worker_loop:406 - [2m2025-09-22T04:36:16.162120Z[0m [[32m[1minfo     [0m] [1m🔴 Worker stopped              [0m [[0m[1m[34mworkers.proxy_pool[0m][0m [36mfinal_stats[0m=[35m{'requests_processed': 7, 'requests_failed': 0, 'requests_retried': 0}[0m [36mworker_id[0m=[35mworker_4[0m [36mworker_status[0m=[35mSTOPPED[0m
2025-09-22 10:06:16,171 - workers.proxy_pool - INFO - _worker_loop:392 - [2m2025-09-22T04:36:16.171906Z[0m [[32m[1minfo     [0m] [1m🛑 Worker cancelled            [0m [[0m[1m[34mworkers.proxy_pool[0m][0m [36mworker_id[0m=[35mworker_5[0m [36mworker_status[0m=[35mCANCELLED[0m
2025-09-22 10:06:16,171 - workers.proxy_pool - INFO - _worker_loop:406 - [2m2025-09-22T04:36:16.171906Z[0m [[32m[1minfo     [0m] [1m🔴 Worker stopped              [0m [[0m[1m[34mworkers.proxy_pool[0m][0m [36mfinal_stats[0m=[35m{'requests_processed': 7, 'requests_failed': 0, 'requests_retried': 0}[0m [36mworker_id[0m=[35mworker_5[0m [36mworker_status[0m=[35mSTOPPED[0m
2025-09-22 10:06:16,174 - httpcore.http11 - DEBUG - atrace:87 - receive_response_headers.failed exception=CancelledError()
2025-09-22 10:06:16,174 - httpcore.http11 - DEBUG - atrace:87 - response_closed.started
2025-09-22 10:06:16,176 - httpcore.http11 - DEBUG - atrace:87 - receive_response_headers.failed exception=CancelledError()
2025-09-22 10:06:16,176 - httpcore.http11 - DEBUG - atrace:87 - response_closed.started
2025-09-22 10:06:16,176 - httpcore.http11 - DEBUG - atrace:87 - receive_response_headers.failed exception=CancelledError()
2025-09-22 10:06:16,176 - httpcore.http11 - DEBUG - atrace:87 - response_closed.started
2025-09-22 10:06:16,176 - workers.proxy_pool - INFO - _worker_loop:392 - [2m2025-09-22T04:36:16.176851Z[0m [[32m[1minfo     [0m] [1m🛑 Worker cancelled            [0m [[0m[1m[34mworkers.proxy_pool[0m][0m [36mworker_id[0m=[35mworker_9[0m [36mworker_status[0m=[35mCANCELLED[0m
2025-09-22 10:06:16,181 - workers.proxy_pool - INFO - _worker_loop:406 - [2m2025-09-22T04:36:16.179581Z[0m [[32m[1minfo     [0m] [1m🔴 Worker stopped              [0m [[0m[1m[34mworkers.proxy_pool[0m][0m [36mfinal_stats[0m=[35m{'requests_processed': 7, 'requests_failed': 0, 'requests_retried': 0}[0m [36mworker_id[0m=[35mworker_9[0m [36mworker_status[0m=[35mSTOPPED[0m
2025-09-22 10:06:16,181 - httpcore.http11 - DEBUG - atrace:87 - receive_response_headers.failed exception=CancelledError()
2025-09-22 10:06:16,183 - httpcore.http11 - DEBUG - atrace:87 - response_closed.started
2025-09-22 10:06:16,183 - workers.proxy_pool - INFO - _worker_loop:392 - [2m2025-09-22T04:36:16.183164Z[0m [[32m[1minfo     [0m] [1m🛑 Worker cancelled            [0m [[0m[1m[34mworkers.proxy_pool[0m][0m [36mworker_id[0m=[35mworker_11[0m [36mworker_status[0m=[35mCANCELLED[0m
2025-09-22 10:06:16,184 - workers.proxy_pool - INFO - _worker_loop:406 - [2m2025-09-22T04:36:16.184232Z[0m [[32m[1minfo     [0m] [1m🔴 Worker stopped              [0m [[0m[1m[34mworkers.proxy_pool[0m][0m [36mfinal_stats[0m=[35m{'requests_processed': 4, 'requests_failed': 0, 'requests_retried': 0}[0m [36mworker_id[0m=[35mworker_11[0m [36mworker_status[0m=[35mSTOPPED[0m
2025-09-22 10:06:16,185 - workers.proxy_pool - INFO - _worker_loop:392 - [2m2025-09-22T04:36:16.185927Z[0m [[32m[1minfo     [0m] [1m🛑 Worker cancelled            [0m [[0m[1m[34mworkers.proxy_pool[0m][0m [36mworker_id[0m=[35mworker_12[0m [36mworker_status[0m=[35mCANCELLED[0m
2025-09-22 10:06:16,185 - workers.proxy_pool - INFO - _worker_loop:406 - [2m2025-09-22T04:36:16.185927Z[0m [[32m[1minfo     [0m] [1m🔴 Worker stopped              [0m [[0m[1m[34mworkers.proxy_pool[0m][0m [36mfinal_stats[0m=[35m{'requests_processed': 1, 'requests_failed': 0, 'requests_retried': 0}[0m [36mworker_id[0m=[35mworker_12[0m [36mworker_status[0m=[35mSTOPPED[0m
2025-09-22 10:06:16,190 - workers.proxy_pool - INFO - _worker_loop:392 - [2m2025-09-22T04:36:16.190315Z[0m [[32m[1minfo     [0m] [1m🛑 Worker cancelled            [0m [[0m[1m[34mworkers.proxy_pool[0m][0m [36mworker_id[0m=[35mworker_13[0m [36mworker_status[0m=[35mCANCELLED[0m
2025-09-22 10:06:16,190 - workers.proxy_pool - INFO - _worker_loop:406 - [2m2025-09-22T04:36:16.190315Z[0m [[32m[1minfo     [0m] [1m🔴 Worker stopped              [0m [[0m[1m[34mworkers.proxy_pool[0m][0m [36mfinal_stats[0m=[35m{'requests_processed': 6, 'requests_failed': 0, 'requests_retried': 0}[0m [36mworker_id[0m=[35mworker_13[0m [36mworker_status[0m=[35mSTOPPED[0m
2025-09-22 10:06:16,194 - workers.proxy_pool - INFO - _worker_loop:392 - [2m2025-09-22T04:36:16.193919Z[0m [[32m[1minfo     [0m] [1m🛑 Worker cancelled            [0m [[0m[1m[34mworkers.proxy_pool[0m][0m [36mworker_id[0m=[35mworker_14[0m [36mworker_status[0m=[35mCANCELLED[0m
2025-09-22 10:06:16,195 - workers.proxy_pool - INFO - _worker_loop:406 - [2m2025-09-22T04:36:16.195911Z[0m [[32m[1minfo     [0m] [1m🔴 Worker stopped              [0m [[0m[1m[34mworkers.proxy_pool[0m][0m [36mfinal_stats[0m=[35m{'requests_processed': 2, 'requests_failed': 0, 'requests_retried': 0}[0m [36mworker_id[0m=[35mworker_14[0m [36mworker_status[0m=[35mSTOPPED[0m
2025-09-22 10:06:16,199 - workers.proxy_pool - INFO - _worker_loop:392 - [2m2025-09-22T04:36:16.197959Z[0m [[32m[1minfo     [0m] [1m🛑 Worker cancelled            [0m [[0m[1m[34mworkers.proxy_pool[0m][0m [36mworker_id[0m=[35mworker_15[0m [36mworker_status[0m=[35mCANCELLED[0m
2025-09-22 10:06:16,202 - workers.proxy_pool - INFO - _worker_loop:406 - [2m2025-09-22T04:36:16.202474Z[0m [[32m[1minfo     [0m] [1m🔴 Worker stopped              [0m [[0m[1m[34mworkers.proxy_pool[0m][0m [36mfinal_stats[0m=[35m{'requests_processed': 6, 'requests_failed': 0, 'requests_retried': 0}[0m [36mworker_id[0m=[35mworker_15[0m [36mworker_status[0m=[35mSTOPPED[0m
2025-09-22 10:06:16,202 - workers.proxy_pool - INFO - _worker_loop:392 - [2m2025-09-22T04:36:16.202474Z[0m [[32m[1minfo     [0m] [1m🛑 Worker cancelled            [0m [[0m[1m[34mworkers.proxy_pool[0m][0m [36mworker_id[0m=[35mworker_16[0m [36mworker_status[0m=[35mCANCELLED[0m
2025-09-22 10:06:16,203 - workers.proxy_pool - INFO - _worker_loop:406 - [2m2025-09-22T04:36:16.203984Z[0m [[32m[1minfo     [0m] [1m🔴 Worker stopped              [0m [[0m[1m[34mworkers.proxy_pool[0m][0m [36mfinal_stats[0m=[35m{'requests_processed': 2, 'requests_failed': 0, 'requests_retried': 0}[0m [36mworker_id[0m=[35mworker_16[0m [36mworker_status[0m=[35mSTOPPED[0m
2025-09-22 10:06:16,203 - workers.proxy_pool - INFO - _worker_loop:392 - [2m2025-09-22T04:36:16.203984Z[0m [[32m[1minfo     [0m] [1m🛑 Worker cancelled            [0m [[0m[1m[34mworkers.proxy_pool[0m][0m [36mworker_id[0m=[35mworker_18[0m [36mworker_status[0m=[35mCANCELLED[0m
2025-09-22 10:06:16,206 - workers.proxy_pool - INFO - _worker_loop:406 - [2m2025-09-22T04:36:16.206108Z[0m [[32m[1minfo     [0m] [1m🔴 Worker stopped              [0m [[0m[1m[34mworkers.proxy_pool[0m][0m [36mfinal_stats[0m=[35m{'requests_processed': 4, 'requests_failed': 0, 'requests_retried': 0}[0m [36mworker_id[0m=[35mworker_18[0m [36mworker_status[0m=[35mSTOPPED[0m
2025-09-22 10:06:16,207 - workers.proxy_pool - INFO - _worker_loop:392 - [2m2025-09-22T04:36:16.207444Z[0m [[32m[1minfo     [0m] [1m🛑 Worker cancelled            [0m [[0m[1m[34mworkers.proxy_pool[0m][0m [36mworker_id[0m=[35mworker_19[0m [36mworker_status[0m=[35mCANCELLED[0m
2025-09-22 10:06:16,208 - workers.proxy_pool - INFO - _worker_loop:406 - [2m2025-09-22T04:36:16.208004Z[0m [[32m[1minfo     [0m] [1m🔴 Worker stopped              [0m [[0m[1m[34mworkers.proxy_pool[0m][0m [36mfinal_stats[0m=[35m{'requests_processed': 1, 'requests_failed': 0, 'requests_retried': 0}[0m [36mworker_id[0m=[35mworker_19[0m [36mworker_status[0m=[35mSTOPPED[0m
2025-09-22 10:06:16,210 - httpcore.http11 - DEBUG - atrace:87 - response_closed.complete
2025-09-22 10:06:16,213 - workers.proxy_pool - INFO - _worker_loop:392 - [2m2025-09-22T04:36:16.212372Z[0m [[32m[1minfo     [0m] [1m🛑 Worker cancelled            [0m [[0m[1m[34mworkers.proxy_pool[0m][0m [36mworker_id[0m=[35mworker_0[0m [36mworker_status[0m=[35mCANCELLED[0m
2025-09-22 10:06:16,214 - workers.proxy_pool - INFO - _worker_loop:406 - [2m2025-09-22T04:36:16.214940Z[0m [[32m[1minfo     [0m] [1m🔴 Worker stopped              [0m [[0m[1m[34mworkers.proxy_pool[0m][0m [36mfinal_stats[0m=[35m{'requests_processed': 0, 'requests_failed': 0, 'requests_retried': 0}[0m [36mworker_id[0m=[35mworker_0[0m [36mworker_status[0m=[35mSTOPPED[0m
2025-09-22 10:06:16,216 - httpcore.http11 - DEBUG - atrace:87 - response_closed.complete
2025-09-22 10:06:16,217 - workers.proxy_pool - INFO - _worker_loop:392 - [2m2025-09-22T04:36:16.217155Z[0m [[32m[1minfo     [0m] [1m🛑 Worker cancelled            [0m [[0m[1m[34mworkers.proxy_pool[0m][0m [36mworker_id[0m=[35mworker_1[0m [36mworker_status[0m=[35mCANCELLED[0m
2025-09-22 10:06:16,217 - workers.proxy_pool - INFO - _worker_loop:406 - [2m2025-09-22T04:36:16.217155Z[0m [[32m[1minfo     [0m] [1m🔴 Worker stopped              [0m [[0m[1m[34mworkers.proxy_pool[0m][0m [36mfinal_stats[0m=[35m{'requests_processed': 0, 'requests_failed': 0, 'requests_retried': 0}[0m [36mworker_id[0m=[35mworker_1[0m [36mworker_status[0m=[35mSTOPPED[0m
2025-09-22 10:06:16,219 - httpcore.http11 - DEBUG - atrace:87 - response_closed.complete
2025-09-22 10:06:16,220 - workers.proxy_pool - INFO - _worker_loop:392 - [2m2025-09-22T04:36:16.220199Z[0m [[32m[1minfo     [0m] [1m🛑 Worker cancelled            [0m [[0m[1m[34mworkers.proxy_pool[0m][0m [36mworker_id[0m=[35mworker_2[0m [36mworker_status[0m=[35mCANCELLED[0m
2025-09-22 10:06:16,220 - workers.proxy_pool - INFO - _worker_loop:406 - [2m2025-09-22T04:36:16.220199Z[0m [[32m[1minfo     [0m] [1m🔴 Worker stopped              [0m [[0m[1m[34mworkers.proxy_pool[0m][0m [36mfinal_stats[0m=[35m{'requests_processed': 0, 'requests_failed': 0, 'requests_retried': 0}[0m [36mworker_id[0m=[35mworker_2[0m [36mworker_status[0m=[35mSTOPPED[0m
2025-09-22 10:06:16,222 - httpcore.http11 - DEBUG - atrace:87 - response_closed.complete
2025-09-22 10:06:16,223 - workers.proxy_pool - INFO - _worker_loop:392 - [2m2025-09-22T04:36:16.223257Z[0m [[32m[1minfo     [0m] [1m🛑 Worker cancelled            [0m [[0m[1m[34mworkers.proxy_pool[0m][0m [36mworker_id[0m=[35mworker_6[0m [36mworker_status[0m=[35mCANCELLED[0m
2025-09-22 10:06:16,223 - workers.proxy_pool - INFO - _worker_loop:406 - [2m2025-09-22T04:36:16.223951Z[0m [[32m[1minfo     [0m] [1m🔴 Worker stopped              [0m [[0m[1m[34mworkers.proxy_pool[0m][0m [36mfinal_stats[0m=[35m{'requests_processed': 0, 'requests_failed': 0, 'requests_retried': 0}[0m [36mworker_id[0m=[35mworker_6[0m [36mworker_status[0m=[35mSTOPPED[0m
2025-09-22 10:06:16,224 - httpcore.http11 - DEBUG - atrace:87 - response_closed.complete
2025-09-22 10:06:16,225 - workers.proxy_pool - INFO - _worker_loop:392 - [2m2025-09-22T04:36:16.225494Z[0m [[32m[1minfo     [0m] [1m🛑 Worker cancelled            [0m [[0m[1m[34mworkers.proxy_pool[0m][0m [36mworker_id[0m=[35mworker_7[0m [36mworker_status[0m=[35mCANCELLED[0m
2025-09-22 10:06:16,226 - workers.proxy_pool - INFO - _worker_loop:406 - [2m2025-09-22T04:36:16.226050Z[0m [[32m[1minfo     [0m] [1m🔴 Worker stopped              [0m [[0m[1m[34mworkers.proxy_pool[0m][0m [36mfinal_stats[0m=[35m{'requests_processed': 0, 'requests_failed': 0, 'requests_retried': 0}[0m [36mworker_id[0m=[35mworker_7[0m [36mworker_status[0m=[35mSTOPPED[0m
2025-09-22 10:06:16,229 - httpcore.http11 - DEBUG - atrace:87 - response_closed.complete
2025-09-22 10:06:16,231 - workers.proxy_pool - INFO - _worker_loop:392 - [2m2025-09-22T04:36:16.231673Z[0m [[32m[1minfo     [0m] [1m🛑 Worker cancelled            [0m [[0m[1m[34mworkers.proxy_pool[0m][0m [36mworker_id[0m=[35mworker_8[0m [36mworker_status[0m=[35mCANCELLED[0m
2025-09-22 10:06:16,233 - workers.proxy_pool - INFO - _worker_loop:406 - [2m2025-09-22T04:36:16.232776Z[0m [[32m[1minfo     [0m] [1m🔴 Worker stopped              [0m [[0m[1m[34mworkers.proxy_pool[0m][0m [36mfinal_stats[0m=[35m{'requests_processed': 0, 'requests_failed': 0, 'requests_retried': 0}[0m [36mworker_id[0m=[35mworker_8[0m [36mworker_status[0m=[35mSTOPPED[0m
2025-09-22 10:06:16,233 - httpcore.http11 - DEBUG - atrace:87 - response_closed.complete
2025-09-22 10:06:16,235 - workers.proxy_pool - INFO - _worker_loop:392 - [2m2025-09-22T04:36:16.235302Z[0m [[32m[1minfo     [0m] [1m🛑 Worker cancelled            [0m [[0m[1m[34mworkers.proxy_pool[0m][0m [36mworker_id[0m=[35mworker_10[0m [36mworker_status[0m=[35mCANCELLED[0m
2025-09-22 10:06:16,235 - workers.proxy_pool - INFO - _worker_loop:406 - [2m2025-09-22T04:36:16.235767Z[0m [[32m[1minfo     [0m] [1m🔴 Worker stopped              [0m [[0m[1m[34mworkers.proxy_pool[0m][0m [36mfinal_stats[0m=[35m{'requests_processed': 0, 'requests_failed': 0, 'requests_retried': 0}[0m [36mworker_id[0m=[35mworker_10[0m [36mworker_status[0m=[35mSTOPPED[0m
2025-09-22 10:06:16,235 - httpcore.connection - DEBUG - atrace:87 - close.started
2025-09-22 10:06:16,235 - httpcore.connection - DEBUG - atrace:87 - close.complete
2025-09-22 10:06:16,235 - httpcore.connection - DEBUG - atrace:87 - close.started
2025-09-22 10:06:16,235 - httpcore.connection - DEBUG - atrace:87 - close.complete
2025-09-22 10:06:16,235 - httpcore.connection - DEBUG - atrace:87 - close.started
2025-09-22 10:06:16,235 - httpcore.connection - DEBUG - atrace:87 - close.complete
2025-09-22 10:06:16,235 - httpcore.connection - DEBUG - atrace:87 - close.started
2025-09-22 10:06:16,235 - httpcore.connection - DEBUG - atrace:87 - close.complete
2025-09-22 10:06:16,235 - httpcore.connection - DEBUG - atrace:87 - close.started
2025-09-22 10:06:16,235 - httpcore.connection - DEBUG - atrace:87 - close.complete
2025-09-22 10:06:16,235 - httpcore.connection - DEBUG - atrace:87 - close.started
2025-09-22 10:06:16,235 - httpcore.connection - DEBUG - atrace:87 - close.complete
2025-09-22 10:06:16,235 - httpcore.connection - DEBUG - atrace:87 - close.started
2025-09-22 10:06:16,235 - httpcore.connection - DEBUG - atrace:87 - close.complete
2025-09-22 10:06:16,235 - httpcore.connection - DEBUG - atrace:87 - close.started
2025-09-22 10:06:16,235 - httpcore.connection - DEBUG - atrace:87 - close.complete
2025-09-22 10:06:16,235 - httpcore.connection - DEBUG - atrace:87 - close.started
2025-09-22 10:06:16,235 - httpcore.connection - DEBUG - atrace:87 - close.complete
2025-09-22 10:06:16,235 - httpcore.connection - DEBUG - atrace:87 - close.started
2025-09-22 10:06:16,235 - httpcore.connection - DEBUG - atrace:87 - close.complete
2025-09-22 10:06:16,235 - httpcore.connection - DEBUG - atrace:87 - close.started
2025-09-22 10:06:16,240 - httpcore.connection - DEBUG - atrace:87 - close.complete
2025-09-22 10:06:16,240 - httpcore.connection - DEBUG - atrace:87 - close.started
2025-09-22 10:06:16,240 - httpcore.connection - DEBUG - atrace:87 - close.complete
2025-09-22 10:06:16,240 - httpcore.connection - DEBUG - atrace:87 - close.started
2025-09-22 10:06:16,240 - httpcore.connection - DEBUG - atrace:87 - close.complete
2025-09-22 10:06:16,240 - workers.proxy_pool - INFO - stop:324 - [2m2025-09-22T04:36:16.240385Z[0m [[32m[1minfo     [0m] [1mProxy pool stopped            [0m [[0m[1m[34mworkers.proxy_pool[0m][0m
2025-09-22 10:06:16,241 - connector - INFO - _completion_phase:276 - [2m2025-09-22T04:36:16.241399Z[0m [[32m[1minfo     [0m] [1mCompletion phase finished     [0m [[0m[1m[34mconnector[0m][0m [36mdlq_failures[0m=[35m0[0m
2025-09-22 10:06:16,241 - connector - INFO - run:169 - [2m2025-09-22T04:36:16.241399Z[0m [[32m[1minfo     [0m] [1mConnector execution completed successfully[0m [[0m[1m[34mconnector[0m][0m [36mduration[0m=[35m21.29374[0m [36mentities_processed[0m=[35m0[0m [36mrecords_processed[0m=[35m1735[0m
2025-09-22 10:06:16,243 - connector - INFO - _cleanup:412 - [2m2025-09-22T04:36:16.243410Z[0m [[32m[1minfo     [0m] [1mCleaning up connector resources[0m [[0m[1m[34mconnector[0m][0m
