2025-09-24 10:28:43,998 - logging_config - INFO - setup_connector_logging:106 - [2m2025-09-24T04:58:43.998392Z[0m [[32m[1minfo     [0m] [1mSAP OData Connector logging configured[0m [[0m[1m[34mlogging_config[0m][0m [36mlog_file[0m=[35mlogs\sap_odata_connector_20250924_102843.log[0m [36mlog_level[0m=[35mINFO[0m [36mlog_to_file[0m=[35mTrue[0m
2025-09-24 10:28:44,951 - asyncio - DEBUG - __init__:634 - Using proactor: IocpProactor
2025-09-24 10:28:44,977 - connector - INFO - initialize:99 - [2m2025-09-24T04:58:44.977870Z[0m [[32m[1minfo     [0m] [1m🚀 Initializing SAP OData Connector[0m [[0m[1m[34mconnector[0m][0m
2025-09-24 10:28:44,980 - connector - INFO - initialize:110 - [2m2025-09-24T04:58:44.980991Z[0m [[32m[1minfo     [0m] [1m🔍 Step 1: Testing connection to OData service[0m [[0m[1m[34mconnector[0m][0m
2025-09-24 10:28:44,981 - connector - INFO - _test_connection:145 - [2m2025-09-24T04:58:44.981709Z[0m [[32m[1minfo     [0m] [1mTesting connection to OData service...[0m [[0m[1m[34mconnector[0m][0m
2025-09-24 10:28:45,303 - services.metadata - INFO - test_connection:64 - [2m2025-09-24T04:58:45.303146Z[0m [[32m[1minfo     [0m] [1mTesting connection to OData service[0m [[0m[1m[34mservices.metadata[0m][0m [36murl[0m=[35mhttps://services.odata.org/V4/Northwind/Northwind.svc/$metadata[0m
2025-09-24 10:28:45,316 - httpcore.connection - DEBUG - atrace:87 - connect_tcp.started host='services.odata.org' port=443 local_address=None timeout=10.0 socket_options=None
2025-09-24 10:28:45,587 - httpcore.connection - DEBUG - atrace:87 - connect_tcp.complete return_value=<httpcore._backends.anyio.AnyIOStream object at 0x000001C21FBF6F30>
2025-09-24 10:28:45,587 - httpcore.connection - DEBUG - atrace:87 - start_tls.started ssl_context=<ssl.SSLContext object at 0x000001C21FBE8C50> server_hostname='services.odata.org' timeout=10.0
2025-09-24 10:28:46,086 - httpcore.connection - DEBUG - atrace:87 - start_tls.complete return_value=<httpcore._backends.anyio.AnyIOStream object at 0x000001C21F839FA0>
2025-09-24 10:28:46,087 - httpcore.http11 - DEBUG - atrace:87 - send_request_headers.started request=<Request [b'GET']>
2025-09-24 10:28:46,087 - httpcore.http11 - DEBUG - atrace:87 - send_request_headers.complete
2025-09-24 10:28:46,087 - httpcore.http11 - DEBUG - atrace:87 - send_request_body.started request=<Request [b'GET']>
2025-09-24 10:28:46,087 - httpcore.http11 - DEBUG - atrace:87 - send_request_body.complete
2025-09-24 10:28:46,087 - httpcore.http11 - DEBUG - atrace:87 - receive_response_headers.started request=<Request [b'GET']>
2025-09-24 10:28:46,316 - httpcore.http11 - DEBUG - atrace:87 - receive_response_headers.complete return_value=(b'HTTP/1.1', 200, b'OK', [(b'Content-Length', b'19406'), (b'Content-Type', b'application/xml;charset=utf-8'), (b'Date', b'Wed, 24 Sep 2025 04:58:46 GMT'), (b'Server', b'Microsoft-IIS/10.0'), (b'Access-Control-Allow-Headers', b'Accept, Origin, Content-Type, MaxDataServiceVersion'), (b'Access-Control-Allow-Methods', b'GET'), (b'Access-Control-Allow-Origin', b'*'), (b'Access-Control-Expose-Headers', b'DataServiceVersion'), (b'Cache-Control', b'private'), (b'Expires', b'Wed, 24 Sep 2025 04:59:03 GMT'), (b'Vary', b'*'), (b'X-Content-Type-Options', b'nosniff'), (b'OData-Version', b'4.0;'), (b'X-AspNet-Version', b'4.0.30319'), (b'X-Powered-By', b'ASP.NET')])
2025-09-24 10:28:46,316 - httpx - INFO - _send_single_request:1740 - HTTP Request: GET https://services.odata.org/V4/Northwind/Northwind.svc/$metadata "HTTP/1.1 200 OK"
2025-09-24 10:28:46,316 - httpcore.http11 - DEBUG - atrace:87 - receive_response_body.started request=<Request [b'GET']>
2025-09-24 10:28:46,566 - httpcore.http11 - DEBUG - atrace:87 - receive_response_body.complete
2025-09-24 10:28:46,566 - httpcore.http11 - DEBUG - atrace:87 - response_closed.started
2025-09-24 10:28:46,566 - httpcore.http11 - DEBUG - atrace:87 - response_closed.complete
2025-09-24 10:28:46,566 - services.metadata - INFO - test_connection:80 - [2m2025-09-24T04:58:46.566151Z[0m [[32m[1minfo     [0m] [1m✅ Connection test successful  [0m [[0m[1m[34mservices.metadata[0m][0m [36mcontent_type[0m=[35m'application/xml;charset=utf-8'[0m [36mstatus_code[0m=[35m200[0m
2025-09-24 10:28:46,566 - connector - INFO - _test_connection:156 - [2m2025-09-24T04:58:46.566151Z[0m [[32m[1minfo     [0m] [1m✅ Connection test successful  [0m [[0m[1m[34mconnector[0m][0m
2025-09-24 10:28:46,566 - httpcore.connection - DEBUG - atrace:87 - close.started
2025-09-24 10:28:46,566 - httpcore.connection - DEBUG - atrace:87 - close.complete
2025-09-24 10:28:46,566 - connector - INFO - initialize:114 - [2m2025-09-24T04:58:46.566151Z[0m [[32m[1minfo     [0m] [1m📋 Step 2: Fetching metadata and creating Entity Relationship file[0m [[0m[1m[34mconnector[0m][0m
2025-09-24 10:28:46,566 - connector - INFO - _fetch_and_save_metadata:160 - [2m2025-09-24T04:58:46.566151Z[0m [[32m[1minfo     [0m] [1mFetching metadata from OData service...[0m [[0m[1m[34mconnector[0m][0m
2025-09-24 10:28:46,824 - services.metadata - INFO - fetch_metadata:116 - [2m2025-09-24T04:58:46.824118Z[0m [[32m[1minfo     [0m] [1mFetching metadata from OData service[0m [[0m[1m[34mservices.metadata[0m][0m [36murl[0m=[35mhttps://services.odata.org/V4/Northwind/Northwind.svc/$metadata[0m
2025-09-24 10:28:46,824 - httpcore.connection - DEBUG - atrace:87 - connect_tcp.started host='services.odata.org' port=443 local_address=None timeout=30 socket_options=None
2025-09-24 10:28:47,054 - httpcore.connection - DEBUG - atrace:87 - connect_tcp.complete return_value=<httpcore._backends.anyio.AnyIOStream object at 0x000001C21FC62060>
2025-09-24 10:28:47,054 - httpcore.connection - DEBUG - atrace:87 - start_tls.started ssl_context=<ssl.SSLContext object at 0x000001C21FC66350> server_hostname='services.odata.org' timeout=30
2025-09-24 10:28:47,535 - httpcore.connection - DEBUG - atrace:87 - start_tls.complete return_value=<httpcore._backends.anyio.AnyIOStream object at 0x000001C21E697620>
2025-09-24 10:28:47,535 - httpcore.http11 - DEBUG - atrace:87 - send_request_headers.started request=<Request [b'GET']>
2025-09-24 10:28:47,536 - httpcore.http11 - DEBUG - atrace:87 - send_request_headers.complete
2025-09-24 10:28:47,536 - httpcore.http11 - DEBUG - atrace:87 - send_request_body.started request=<Request [b'GET']>
2025-09-24 10:28:47,536 - httpcore.http11 - DEBUG - atrace:87 - send_request_body.complete
2025-09-24 10:28:47,536 - httpcore.http11 - DEBUG - atrace:87 - receive_response_headers.started request=<Request [b'GET']>
2025-09-24 10:28:47,771 - httpcore.http11 - DEBUG - atrace:87 - receive_response_headers.complete return_value=(b'HTTP/1.1', 200, b'OK', [(b'Content-Length', b'19406'), (b'Content-Type', b'application/xml;charset=utf-8'), (b'Date', b'Wed, 24 Sep 2025 04:58:48 GMT'), (b'Server', b'Microsoft-IIS/10.0'), (b'Access-Control-Allow-Headers', b'Accept, Origin, Content-Type, MaxDataServiceVersion'), (b'Access-Control-Allow-Methods', b'GET'), (b'Access-Control-Allow-Origin', b'*'), (b'Access-Control-Expose-Headers', b'DataServiceVersion'), (b'Cache-Control', b'private'), (b'Expires', b'Wed, 24 Sep 2025 04:59:03 GMT'), (b'Vary', b'*'), (b'X-Content-Type-Options', b'nosniff'), (b'OData-Version', b'4.0;'), (b'X-AspNet-Version', b'4.0.30319'), (b'X-Powered-By', b'ASP.NET')])
2025-09-24 10:28:47,771 - httpx - INFO - _send_single_request:1740 - HTTP Request: GET https://services.odata.org/V4/Northwind/Northwind.svc/$metadata "HTTP/1.1 200 OK"
2025-09-24 10:28:47,771 - httpcore.http11 - DEBUG - atrace:87 - receive_response_body.started request=<Request [b'GET']>
2025-09-24 10:28:48,001 - httpcore.http11 - DEBUG - atrace:87 - receive_response_body.complete
2025-09-24 10:28:48,001 - httpcore.http11 - DEBUG - atrace:87 - response_closed.started
2025-09-24 10:28:48,001 - httpcore.http11 - DEBUG - atrace:87 - response_closed.complete
2025-09-24 10:28:48,002 - services.metadata - INFO - fetch_metadata:134 - [2m2025-09-24T04:58:48.002136Z[0m [[32m[1minfo     [0m] [1mSuccessfully parsed metadata  [0m [[0m[1m[34mservices.metadata[0m][0m [36mentity_count[0m=[35m26[0m
2025-09-24 10:28:48,002 - services.metadata - INFO - save_entity_relationship_file:298 - [2m2025-09-24T04:58:48.002136Z[0m [[32m[1minfo     [0m] [1mSaving Entity Relationship file[0m [[0m[1m[34mservices.metadata[0m][0m [36moutput_dir[0m=[35m./test_output[0m
2025-09-24 10:28:48,002 - services.metadata - INFO - save_entity_relationship_file:339 - [2m2025-09-24T04:58:48.002136Z[0m [[32m[1minfo     [0m] [1m✅ Entity Relationship file saved successfully[0m [[0m[1m[34mservices.metadata[0m][0m [36mentities[0m=[35m26[0m [36mfile_path[0m=[35mtest_output\entity_relationships.json[0m [36mfile_size_kb[0m=[35m31.35[0m
2025-09-24 10:28:48,002 - connector - INFO - _fetch_and_save_metadata:171 - [2m2025-09-24T04:58:48.002136Z[0m [[32m[1minfo     [0m] [1m✅ Metadata fetched and Entity Relationship file saved[0m [[0m[1m[34mconnector[0m][0m [36mentities_count[0m=[35m26[0m [36mer_file[0m=[35mtest_output\entity_relationships.json[0m
2025-09-24 10:28:48,002 - httpcore.connection - DEBUG - atrace:87 - close.started
2025-09-24 10:28:48,002 - httpcore.connection - DEBUG - atrace:87 - close.complete
2025-09-24 10:28:48,002 - connector - INFO - initialize:124 - [2m2025-09-24T04:58:48.002136Z[0m [[32m[1minfo     [0m] [1m🔗 Step 3: Validating connection pool[0m [[0m[1m[34mconnector[0m][0m
2025-09-24 10:28:48,002 - workers.resilience - INFO - validate_connection:248 - [2m2025-09-24T04:58:48.002136Z[0m [[32m[1minfo     [0m] [1mValidating connection pool connectivity[0m [[0m[1m[34mworkers.resilience[0m][0m
2025-09-24 10:28:48,002 - workers.resilience - WARNING - get_client:307 - [2m2025-09-24T04:58:48.002136Z[0m [[33m[1mwarning  [0m] [1mHTTP/2 not available, falling back to HTTP/1.1[0m [[0m[1m[34mworkers.resilience[0m][0m [36merror[0m=[35m"Using http2=True, but the 'h2' package is not installed. Make sure to install httpx using `pip install httpx[http2]`."[0m
2025-09-24 10:28:48,241 - workers.resilience - INFO - get_client:320 - [2m2025-09-24T04:58:48.241030Z[0m [[32m[1minfo     [0m] [1m✅ HTTP connection pool created with HTTP/1.1[0m [[0m[1m[34mworkers.resilience[0m][0m [36mmax_connections[0m=[35m100[0m
2025-09-24 10:28:48,241 - httpcore.connection - DEBUG - atrace:87 - connect_tcp.started host='services.odata.org' port=443 local_address=None timeout=10.0 socket_options=None
2025-09-24 10:28:48,474 - httpcore.connection - DEBUG - atrace:87 - connect_tcp.complete return_value=<httpcore._backends.anyio.AnyIOStream object at 0x000001C21FBF6A20>
2025-09-24 10:28:48,474 - httpcore.connection - DEBUG - atrace:87 - start_tls.started ssl_context=<ssl.SSLContext object at 0x000001C21FC66BD0> server_hostname='services.odata.org' timeout=10.0
2025-09-24 10:28:48,951 - httpcore.connection - DEBUG - atrace:87 - start_tls.complete return_value=<httpcore._backends.anyio.AnyIOStream object at 0x000001C21DCE7DD0>
2025-09-24 10:28:48,951 - httpcore.http11 - DEBUG - atrace:87 - send_request_headers.started request=<Request [b'GET']>
2025-09-24 10:28:48,951 - httpcore.http11 - DEBUG - atrace:87 - send_request_headers.complete
2025-09-24 10:28:48,951 - httpcore.http11 - DEBUG - atrace:87 - send_request_body.started request=<Request [b'GET']>
2025-09-24 10:28:48,951 - httpcore.http11 - DEBUG - atrace:87 - send_request_body.complete
2025-09-24 10:28:48,951 - httpcore.http11 - DEBUG - atrace:87 - receive_response_headers.started request=<Request [b'GET']>
2025-09-24 10:28:49,200 - httpcore.http11 - DEBUG - atrace:87 - receive_response_headers.complete return_value=(b'HTTP/1.1', 307, b'Temporary Redirect', [(b'Content-Length', b'1951'), (b'Content-Type', b'text/html; charset=UTF-8'), (b'Date', b'Wed, 24 Sep 2025 04:58:49 GMT'), (b'Server', b'Microsoft-IIS/10.0'), (b'Access-Control-Allow-Headers', b'Accept, Origin, Content-Type, MaxDataServiceVersion'), (b'Access-Control-Allow-Methods', b'GET'), (b'Access-Control-Allow-Origin', b'*'), (b'Access-Control-Expose-Headers', b'DataServiceVersion'), (b'Cache-Control', b'private'), (b'Location', b'https://services.odata.org/V4/Northwind/Northwind.svc/'), (b'X-AspNet-Version', b'4.0.30319'), (b'X-Powered-By', b'ASP.NET')])
2025-09-24 10:28:49,201 - httpx - INFO - _send_single_request:1740 - HTTP Request: GET https://services.odata.org/V4/Northwind/Northwind.svc "HTTP/1.1 307 Temporary Redirect"
2025-09-24 10:28:49,201 - httpcore.http11 - DEBUG - atrace:87 - receive_response_body.started request=<Request [b'GET']>
2025-09-24 10:28:49,201 - httpcore.http11 - DEBUG - atrace:87 - receive_response_body.complete
2025-09-24 10:28:49,201 - httpcore.http11 - DEBUG - atrace:87 - response_closed.started
2025-09-24 10:28:49,201 - httpcore.http11 - DEBUG - atrace:87 - response_closed.complete
2025-09-24 10:28:49,201 - workers.resilience - INFO - validate_connection:266 - [2m2025-09-24T04:58:49.201779Z[0m [[32m[1minfo     [0m] [1m✅ Connection pool validation successful[0m [[0m[1m[34mworkers.resilience[0m][0m [36mstatus_code[0m=[35m307[0m
2025-09-24 10:28:49,201 - connector - INFO - _validate_connection_pool:186 - [2m2025-09-24T04:58:49.201779Z[0m [[32m[1minfo     [0m] [1m✅ Connection pool validation successful[0m [[0m[1m[34mconnector[0m][0m
2025-09-24 10:28:49,201 - connector - INFO - initialize:137 - [2m2025-09-24T04:58:49.201779Z[0m [[32m[1minfo     [0m] [1m✅ Connector initialization completed successfully[0m [[0m[1m[34mconnector[0m][0m
2025-09-24 10:28:49,201 - connector - INFO - run:210 - [2m2025-09-24T04:58:49.201779Z[0m [[32m[1minfo     [0m] [1mStarting SAP OData connector execution[0m [[0m[1m[34mconnector[0m][0m
2025-09-24 10:28:49,201 - connector - INFO - _discovery_phase:266 - [2m2025-09-24T04:58:49.201779Z[0m [[32m[1minfo     [0m] [1mStarting discovery phase      [0m [[0m[1m[34mconnector[0m][0m
2025-09-24 10:28:49,446 - services.metadata - INFO - fetch_metadata:116 - [2m2025-09-24T04:58:49.446255Z[0m [[32m[1minfo     [0m] [1mFetching metadata from OData service[0m [[0m[1m[34mservices.metadata[0m][0m [36murl[0m=[35mhttps://services.odata.org/V4/Northwind/Northwind.svc/$metadata[0m
2025-09-24 10:28:49,447 - httpcore.connection - DEBUG - atrace:87 - connect_tcp.started host='services.odata.org' port=443 local_address=None timeout=30 socket_options=None
2025-09-24 10:28:49,680 - httpcore.connection - DEBUG - atrace:87 - connect_tcp.complete return_value=<httpcore._backends.anyio.AnyIOStream object at 0x000001C21FFDD490>
2025-09-24 10:28:49,680 - httpcore.connection - DEBUG - atrace:87 - start_tls.started ssl_context=<ssl.SSLContext object at 0x000001C21FC66450> server_hostname='services.odata.org' timeout=30
2025-09-24 10:28:50,166 - httpcore.connection - DEBUG - atrace:87 - start_tls.complete return_value=<httpcore._backends.anyio.AnyIOStream object at 0x000001C21FFDD400>
2025-09-24 10:28:50,166 - httpcore.http11 - DEBUG - atrace:87 - send_request_headers.started request=<Request [b'GET']>
2025-09-24 10:28:50,167 - httpcore.http11 - DEBUG - atrace:87 - send_request_headers.complete
2025-09-24 10:28:50,167 - httpcore.http11 - DEBUG - atrace:87 - send_request_body.started request=<Request [b'GET']>
2025-09-24 10:28:50,167 - httpcore.http11 - DEBUG - atrace:87 - send_request_body.complete
2025-09-24 10:28:50,167 - httpcore.http11 - DEBUG - atrace:87 - receive_response_headers.started request=<Request [b'GET']>
2025-09-24 10:28:50,414 - httpcore.http11 - DEBUG - atrace:87 - receive_response_headers.complete return_value=(b'HTTP/1.1', 200, b'OK', [(b'Content-Length', b'19406'), (b'Content-Type', b'application/xml;charset=utf-8'), (b'Date', b'Wed, 24 Sep 2025 04:58:50 GMT'), (b'Server', b'Microsoft-IIS/10.0'), (b'Access-Control-Allow-Headers', b'Accept, Origin, Content-Type, MaxDataServiceVersion'), (b'Access-Control-Allow-Methods', b'GET'), (b'Access-Control-Allow-Origin', b'*'), (b'Access-Control-Expose-Headers', b'DataServiceVersion'), (b'Cache-Control', b'private'), (b'Expires', b'Wed, 24 Sep 2025 04:59:03 GMT'), (b'Vary', b'*'), (b'X-Content-Type-Options', b'nosniff'), (b'OData-Version', b'4.0;'), (b'X-AspNet-Version', b'4.0.30319'), (b'X-Powered-By', b'ASP.NET')])
2025-09-24 10:28:50,415 - httpx - INFO - _send_single_request:1740 - HTTP Request: GET https://services.odata.org/V4/Northwind/Northwind.svc/$metadata "HTTP/1.1 200 OK"
2025-09-24 10:28:50,416 - httpcore.http11 - DEBUG - atrace:87 - receive_response_body.started request=<Request [b'GET']>
2025-09-24 10:28:50,674 - httpcore.http11 - DEBUG - atrace:87 - receive_response_body.complete
2025-09-24 10:28:50,674 - httpcore.http11 - DEBUG - atrace:87 - response_closed.started
2025-09-24 10:28:50,674 - httpcore.http11 - DEBUG - atrace:87 - response_closed.complete
2025-09-24 10:28:50,674 - services.metadata - INFO - fetch_metadata:134 - [2m2025-09-24T04:58:50.674723Z[0m [[32m[1minfo     [0m] [1mSuccessfully parsed metadata  [0m [[0m[1m[34mservices.metadata[0m][0m [36mentity_count[0m=[35m26[0m
2025-09-24 10:28:50,674 - httpcore.connection - DEBUG - atrace:87 - close.started
2025-09-24 10:28:50,674 - httpcore.connection - DEBUG - atrace:87 - close.complete
2025-09-24 10:28:50,674 - connector - INFO - _discovery_phase:287 - [2m2025-09-24T04:58:50.674723Z[0m [[32m[1minfo     [0m] [1mEntity selection determined   [0m [[0m[1m[34mconnector[0m][0m [36mconfig_selected_modules[0m=[35m[][0m [36mentities[0m=[35m['Categories', 'CustomerDemographics', 'Customers', 'Employees', 'Order_Details'][0m [36mfinal_entity_count[0m=[35m26[0m [36mselected_entities_param[0m=[35mNone[0m
2025-09-24 10:28:50,941 - services.count - INFO - get_entity_counts:34 - [2m2025-09-24T04:58:50.941782Z[0m [[32m[1minfo     [0m] [1mFetching entity counts        [0m [[0m[1m[34mservices.count[0m][0m [36mentity_count[0m=[35m26[0m
2025-09-24 10:28:50,944 - httpcore.connection - DEBUG - atrace:87 - connect_tcp.started host='services.odata.org' port=443 local_address=None timeout=30 socket_options=None
2025-09-24 10:28:50,944 - httpcore.connection - DEBUG - atrace:87 - connect_tcp.started host='services.odata.org' port=443 local_address=None timeout=30 socket_options=None
2025-09-24 10:28:50,946 - httpcore.connection - DEBUG - atrace:87 - connect_tcp.started host='services.odata.org' port=443 local_address=None timeout=30 socket_options=None
2025-09-24 10:28:50,948 - httpcore.connection - DEBUG - atrace:87 - connect_tcp.started host='services.odata.org' port=443 local_address=None timeout=30 socket_options=None
2025-09-24 10:28:50,948 - httpcore.connection - DEBUG - atrace:87 - connect_tcp.started host='services.odata.org' port=443 local_address=None timeout=30 socket_options=None
2025-09-24 10:28:50,951 - httpcore.connection - DEBUG - atrace:87 - connect_tcp.started host='services.odata.org' port=443 local_address=None timeout=30 socket_options=None
2025-09-24 10:28:50,951 - httpcore.connection - DEBUG - atrace:87 - connect_tcp.started host='services.odata.org' port=443 local_address=None timeout=30 socket_options=None
2025-09-24 10:28:50,951 - httpcore.connection - DEBUG - atrace:87 - connect_tcp.started host='services.odata.org' port=443 local_address=None timeout=30 socket_options=None
2025-09-24 10:28:50,951 - httpcore.connection - DEBUG - atrace:87 - connect_tcp.started host='services.odata.org' port=443 local_address=None timeout=30 socket_options=None
2025-09-24 10:28:50,951 - httpcore.connection - DEBUG - atrace:87 - connect_tcp.started host='services.odata.org' port=443 local_address=None timeout=30 socket_options=None
2025-09-24 10:28:50,951 - httpcore.connection - DEBUG - atrace:87 - connect_tcp.started host='services.odata.org' port=443 local_address=None timeout=30 socket_options=None
2025-09-24 10:28:50,951 - httpcore.connection - DEBUG - atrace:87 - connect_tcp.started host='services.odata.org' port=443 local_address=None timeout=30 socket_options=None
2025-09-24 10:28:50,951 - httpcore.connection - DEBUG - atrace:87 - connect_tcp.started host='services.odata.org' port=443 local_address=None timeout=30 socket_options=None
2025-09-24 10:28:50,951 - httpcore.connection - DEBUG - atrace:87 - connect_tcp.started host='services.odata.org' port=443 local_address=None timeout=30 socket_options=None
2025-09-24 10:28:50,951 - httpcore.connection - DEBUG - atrace:87 - connect_tcp.started host='services.odata.org' port=443 local_address=None timeout=30 socket_options=None
2025-09-24 10:28:50,951 - httpcore.connection - DEBUG - atrace:87 - connect_tcp.started host='services.odata.org' port=443 local_address=None timeout=30 socket_options=None
2025-09-24 10:28:50,951 - httpcore.connection - DEBUG - atrace:87 - connect_tcp.started host='services.odata.org' port=443 local_address=None timeout=30 socket_options=None
2025-09-24 10:28:50,951 - httpcore.connection - DEBUG - atrace:87 - connect_tcp.started host='services.odata.org' port=443 local_address=None timeout=30 socket_options=None
2025-09-24 10:28:50,951 - httpcore.connection - DEBUG - atrace:87 - connect_tcp.started host='services.odata.org' port=443 local_address=None timeout=30 socket_options=None
2025-09-24 10:28:50,951 - httpcore.connection - DEBUG - atrace:87 - connect_tcp.started host='services.odata.org' port=443 local_address=None timeout=30 socket_options=None
2025-09-24 10:28:50,951 - httpcore.connection - DEBUG - atrace:87 - connect_tcp.started host='services.odata.org' port=443 local_address=None timeout=30 socket_options=None
2025-09-24 10:28:50,951 - httpcore.connection - DEBUG - atrace:87 - connect_tcp.started host='services.odata.org' port=443 local_address=None timeout=30 socket_options=None
2025-09-24 10:28:50,951 - httpcore.connection - DEBUG - atrace:87 - connect_tcp.started host='services.odata.org' port=443 local_address=None timeout=30 socket_options=None
2025-09-24 10:28:50,951 - httpcore.connection - DEBUG - atrace:87 - connect_tcp.started host='services.odata.org' port=443 local_address=None timeout=30 socket_options=None
2025-09-24 10:28:50,951 - httpcore.connection - DEBUG - atrace:87 - connect_tcp.started host='services.odata.org' port=443 local_address=None timeout=30 socket_options=None
2025-09-24 10:28:50,951 - httpcore.connection - DEBUG - atrace:87 - connect_tcp.started host='services.odata.org' port=443 local_address=None timeout=30 socket_options=None
2025-09-24 10:28:51,200 - httpcore.connection - DEBUG - atrace:87 - connect_tcp.complete return_value=<httpcore._backends.anyio.AnyIOStream object at 0x000001C2200443B0>
2025-09-24 10:28:51,200 - httpcore.connection - DEBUG - atrace:87 - start_tls.started ssl_context=<ssl.SSLContext object at 0x000001C21F8CC8D0> server_hostname='services.odata.org' timeout=30
2025-09-24 10:28:51,201 - httpcore.connection - DEBUG - atrace:87 - connect_tcp.complete return_value=<httpcore._backends.anyio.AnyIOStream object at 0x000001C21FFDC920>
2025-09-24 10:28:51,201 - httpcore.connection - DEBUG - atrace:87 - start_tls.started ssl_context=<ssl.SSLContext object at 0x000001C21F8CC8D0> server_hostname='services.odata.org' timeout=30
2025-09-24 10:28:51,201 - httpcore.connection - DEBUG - atrace:87 - connect_tcp.complete return_value=<httpcore._backends.anyio.AnyIOStream object at 0x000001C22002B5F0>
2025-09-24 10:28:51,201 - httpcore.connection - DEBUG - atrace:87 - start_tls.started ssl_context=<ssl.SSLContext object at 0x000001C21F8CC8D0> server_hostname='services.odata.org' timeout=30
2025-09-24 10:28:51,201 - httpcore.connection - DEBUG - atrace:87 - connect_tcp.complete return_value=<httpcore._backends.anyio.AnyIOStream object at 0x000001C22001A150>
2025-09-24 10:28:51,201 - httpcore.connection - DEBUG - atrace:87 - start_tls.started ssl_context=<ssl.SSLContext object at 0x000001C21F8CC8D0> server_hostname='services.odata.org' timeout=30
2025-09-24 10:28:51,201 - httpcore.connection - DEBUG - atrace:87 - connect_tcp.complete return_value=<httpcore._backends.anyio.AnyIOStream object at 0x000001C220019B20>
2025-09-24 10:28:51,201 - httpcore.connection - DEBUG - atrace:87 - start_tls.started ssl_context=<ssl.SSLContext object at 0x000001C21F8CC8D0> server_hostname='services.odata.org' timeout=30
2025-09-24 10:28:51,201 - httpcore.connection - DEBUG - atrace:87 - connect_tcp.complete return_value=<httpcore._backends.anyio.AnyIOStream object at 0x000001C220028110>
2025-09-24 10:28:51,201 - httpcore.connection - DEBUG - atrace:87 - start_tls.started ssl_context=<ssl.SSLContext object at 0x000001C21F8CC8D0> server_hostname='services.odata.org' timeout=30
2025-09-24 10:28:51,201 - httpcore.connection - DEBUG - atrace:87 - connect_tcp.complete return_value=<httpcore._backends.anyio.AnyIOStream object at 0x000001C22001A8D0>
2025-09-24 10:28:51,201 - httpcore.connection - DEBUG - atrace:87 - start_tls.started ssl_context=<ssl.SSLContext object at 0x000001C21F8CC8D0> server_hostname='services.odata.org' timeout=30
2025-09-24 10:28:51,201 - httpcore.connection - DEBUG - atrace:87 - connect_tcp.complete return_value=<httpcore._backends.anyio.AnyIOStream object at 0x000001C220029B20>
2025-09-24 10:28:51,201 - httpcore.connection - DEBUG - atrace:87 - start_tls.started ssl_context=<ssl.SSLContext object at 0x000001C21F8CC8D0> server_hostname='services.odata.org' timeout=30
2025-09-24 10:28:51,201 - httpcore.connection - DEBUG - atrace:87 - connect_tcp.complete return_value=<httpcore._backends.anyio.AnyIOStream object at 0x000001C22001B4D0>
2025-09-24 10:28:51,201 - httpcore.connection - DEBUG - atrace:87 - start_tls.started ssl_context=<ssl.SSLContext object at 0x000001C21F8CC8D0> server_hostname='services.odata.org' timeout=30
2025-09-24 10:28:51,201 - httpcore.connection - DEBUG - atrace:87 - connect_tcp.complete return_value=<httpcore._backends.anyio.AnyIOStream object at 0x000001C220018170>
2025-09-24 10:28:51,201 - httpcore.connection - DEBUG - atrace:87 - start_tls.started ssl_context=<ssl.SSLContext object at 0x000001C21F8CC8D0> server_hostname='services.odata.org' timeout=30
2025-09-24 10:28:51,201 - httpcore.connection - DEBUG - atrace:87 - connect_tcp.complete return_value=<httpcore._backends.anyio.AnyIOStream object at 0x000001C220018E90>
2025-09-24 10:28:51,201 - httpcore.connection - DEBUG - atrace:87 - start_tls.started ssl_context=<ssl.SSLContext object at 0x000001C21F8CC8D0> server_hostname='services.odata.org' timeout=30
2025-09-24 10:28:51,201 - httpcore.connection - DEBUG - atrace:87 - connect_tcp.complete return_value=<httpcore._backends.anyio.AnyIOStream object at 0x000001C22002A930>
2025-09-24 10:28:51,201 - httpcore.connection - DEBUG - atrace:87 - start_tls.started ssl_context=<ssl.SSLContext object at 0x000001C21F8CC8D0> server_hostname='services.odata.org' timeout=30
2025-09-24 10:28:51,201 - httpcore.connection - DEBUG - atrace:87 - connect_tcp.complete return_value=<httpcore._backends.anyio.AnyIOStream object at 0x000001C220028800>
2025-09-24 10:28:51,201 - httpcore.connection - DEBUG - atrace:87 - start_tls.started ssl_context=<ssl.SSLContext object at 0x000001C21F8CC8D0> server_hostname='services.odata.org' timeout=30
2025-09-24 10:28:51,201 - httpcore.connection - DEBUG - atrace:87 - connect_tcp.complete return_value=<httpcore._backends.anyio.AnyIOStream object at 0x000001C220019490>
2025-09-24 10:28:51,201 - httpcore.connection - DEBUG - atrace:87 - start_tls.started ssl_context=<ssl.SSLContext object at 0x000001C21F8CC8D0> server_hostname='services.odata.org' timeout=30
2025-09-24 10:28:51,201 - httpcore.connection - DEBUG - atrace:87 - connect_tcp.complete return_value=<httpcore._backends.anyio.AnyIOStream object at 0x000001C2200294C0>
2025-09-24 10:28:51,206 - httpcore.connection - DEBUG - atrace:87 - start_tls.started ssl_context=<ssl.SSLContext object at 0x000001C21F8CC8D0> server_hostname='services.odata.org' timeout=30
2025-09-24 10:28:51,206 - httpcore.connection - DEBUG - atrace:87 - connect_tcp.complete return_value=<httpcore._backends.anyio.AnyIOStream object at 0x000001C21FFDFDA0>
2025-09-24 10:28:51,206 - httpcore.connection - DEBUG - atrace:87 - start_tls.started ssl_context=<ssl.SSLContext object at 0x000001C21F8CC8D0> server_hostname='services.odata.org' timeout=30
2025-09-24 10:28:51,206 - httpcore.connection - DEBUG - atrace:87 - connect_tcp.complete return_value=<httpcore._backends.anyio.AnyIOStream object at 0x000001C220018800>
2025-09-24 10:28:51,206 - httpcore.connection - DEBUG - atrace:87 - start_tls.started ssl_context=<ssl.SSLContext object at 0x000001C21F8CC8D0> server_hostname='services.odata.org' timeout=30
2025-09-24 10:28:51,206 - httpcore.connection - DEBUG - atrace:87 - connect_tcp.complete return_value=<httpcore._backends.anyio.AnyIOStream object at 0x000001C220028E90>
2025-09-24 10:28:51,206 - httpcore.connection - DEBUG - atrace:87 - start_tls.started ssl_context=<ssl.SSLContext object at 0x000001C21F8CC8D0> server_hostname='services.odata.org' timeout=30
2025-09-24 10:28:51,206 - httpcore.connection - DEBUG - atrace:87 - connect_tcp.complete return_value=<httpcore._backends.anyio.AnyIOStream object at 0x000001C22002A240>
2025-09-24 10:28:51,206 - httpcore.connection - DEBUG - atrace:87 - start_tls.started ssl_context=<ssl.SSLContext object at 0x000001C21F8CC8D0> server_hostname='services.odata.org' timeout=30
2025-09-24 10:28:51,206 - httpcore.connection - DEBUG - atrace:87 - connect_tcp.complete return_value=<httpcore._backends.anyio.AnyIOStream object at 0x000001C22001A7E0>
2025-09-24 10:28:51,206 - httpcore.connection - DEBUG - atrace:87 - start_tls.started ssl_context=<ssl.SSLContext object at 0x000001C21F8CC8D0> server_hostname='services.odata.org' timeout=30
2025-09-24 10:28:51,206 - httpcore.connection - DEBUG - atrace:87 - connect_tcp.complete return_value=<httpcore._backends.anyio.AnyIOStream object at 0x000001C21FC607A0>
2025-09-24 10:28:51,206 - httpcore.connection - DEBUG - atrace:87 - start_tls.started ssl_context=<ssl.SSLContext object at 0x000001C21F8CC8D0> server_hostname='services.odata.org' timeout=30
2025-09-24 10:28:51,206 - httpcore.connection - DEBUG - atrace:87 - connect_tcp.complete return_value=<httpcore._backends.anyio.AnyIOStream object at 0x000001C21FFDD7C0>
2025-09-24 10:28:51,206 - httpcore.connection - DEBUG - atrace:87 - start_tls.started ssl_context=<ssl.SSLContext object at 0x000001C21F8CC8D0> server_hostname='services.odata.org' timeout=30
2025-09-24 10:28:51,206 - httpcore.connection - DEBUG - atrace:87 - connect_tcp.complete return_value=<httpcore._backends.anyio.AnyIOStream object at 0x000001C22002AF90>
2025-09-24 10:28:51,206 - httpcore.connection - DEBUG - atrace:87 - start_tls.started ssl_context=<ssl.SSLContext object at 0x000001C21F8CC8D0> server_hostname='services.odata.org' timeout=30
2025-09-24 10:28:51,206 - httpcore.connection - DEBUG - atrace:87 - connect_tcp.complete return_value=<httpcore._backends.anyio.AnyIOStream object at 0x000001C22001BAD0>
2025-09-24 10:28:51,206 - httpcore.connection - DEBUG - atrace:87 - start_tls.started ssl_context=<ssl.SSLContext object at 0x000001C21F8CC8D0> server_hostname='services.odata.org' timeout=30
2025-09-24 10:28:51,206 - httpcore.connection - DEBUG - atrace:87 - connect_tcp.complete return_value=<httpcore._backends.anyio.AnyIOStream object at 0x000001C21C54A960>
2025-09-24 10:28:51,206 - httpcore.connection - DEBUG - atrace:87 - start_tls.started ssl_context=<ssl.SSLContext object at 0x000001C21F8CC8D0> server_hostname='services.odata.org' timeout=30
2025-09-24 10:28:51,206 - httpcore.connection - DEBUG - atrace:87 - connect_tcp.complete return_value=<httpcore._backends.anyio.AnyIOStream object at 0x000001C22001B5C0>
2025-09-24 10:28:51,206 - httpcore.connection - DEBUG - atrace:87 - start_tls.started ssl_context=<ssl.SSLContext object at 0x000001C21F8CC8D0> server_hostname='services.odata.org' timeout=30
2025-09-24 10:28:51,687 - httpcore.connection - DEBUG - atrace:87 - start_tls.complete return_value=<httpcore._backends.anyio.AnyIOStream object at 0x000001C22002BC50>
2025-09-24 10:28:51,696 - httpcore.http11 - DEBUG - atrace:87 - send_request_headers.started request=<Request [b'GET']>
2025-09-24 10:28:51,698 - httpcore.connection - DEBUG - atrace:87 - start_tls.complete return_value=<httpcore._backends.anyio.AnyIOStream object at 0x000001C220028770>
2025-09-24 10:28:51,699 - httpcore.connection - DEBUG - atrace:87 - start_tls.complete return_value=<httpcore._backends.anyio.AnyIOStream object at 0x000001C21FC60860>
2025-09-24 10:28:51,701 - httpcore.http11 - DEBUG - atrace:87 - send_request_headers.complete
2025-09-24 10:28:51,701 - httpcore.http11 - DEBUG - atrace:87 - send_request_body.started request=<Request [b'GET']>
2025-09-24 10:28:51,701 - httpcore.http11 - DEBUG - atrace:87 - send_request_body.complete
2025-09-24 10:28:51,701 - httpcore.http11 - DEBUG - atrace:87 - receive_response_headers.started request=<Request [b'GET']>
2025-09-24 10:28:51,701 - httpcore.http11 - DEBUG - atrace:87 - send_request_headers.started request=<Request [b'GET']>
2025-09-24 10:28:51,701 - httpcore.http11 - DEBUG - atrace:87 - send_request_headers.started request=<Request [b'GET']>
2025-09-24 10:28:51,701 - httpcore.connection - DEBUG - atrace:87 - start_tls.complete return_value=<httpcore._backends.anyio.AnyIOStream object at 0x000001C22001B4A0>
2025-09-24 10:28:51,701 - httpcore.http11 - DEBUG - atrace:87 - send_request_headers.complete
2025-09-24 10:28:51,701 - httpcore.http11 - DEBUG - atrace:87 - send_request_body.started request=<Request [b'GET']>
2025-09-24 10:28:51,701 - httpcore.http11 - DEBUG - atrace:87 - send_request_body.complete
2025-09-24 10:28:51,701 - httpcore.http11 - DEBUG - atrace:87 - receive_response_headers.started request=<Request [b'GET']>
2025-09-24 10:28:51,701 - httpcore.http11 - DEBUG - atrace:87 - send_request_headers.complete
2025-09-24 10:28:51,701 - httpcore.http11 - DEBUG - atrace:87 - send_request_body.started request=<Request [b'GET']>
2025-09-24 10:28:51,701 - httpcore.http11 - DEBUG - atrace:87 - send_request_body.complete
2025-09-24 10:28:51,701 - httpcore.http11 - DEBUG - atrace:87 - receive_response_headers.started request=<Request [b'GET']>
2025-09-24 10:28:51,701 - httpcore.http11 - DEBUG - atrace:87 - send_request_headers.started request=<Request [b'GET']>
2025-09-24 10:28:51,707 - httpcore.http11 - DEBUG - atrace:87 - send_request_headers.complete
2025-09-24 10:28:51,707 - httpcore.http11 - DEBUG - atrace:87 - send_request_body.started request=<Request [b'GET']>
2025-09-24 10:28:51,707 - httpcore.http11 - DEBUG - atrace:87 - send_request_body.complete
2025-09-24 10:28:51,707 - httpcore.http11 - DEBUG - atrace:87 - receive_response_headers.started request=<Request [b'GET']>
2025-09-24 10:28:51,707 - httpcore.connection - DEBUG - atrace:87 - start_tls.complete return_value=<httpcore._backends.anyio.AnyIOStream object at 0x000001C22001BAA0>
2025-09-24 10:28:51,707 - httpcore.http11 - DEBUG - atrace:87 - send_request_headers.started request=<Request [b'GET']>
2025-09-24 10:28:51,707 - httpcore.http11 - DEBUG - atrace:87 - send_request_headers.complete
2025-09-24 10:28:51,707 - httpcore.http11 - DEBUG - atrace:87 - send_request_body.started request=<Request [b'GET']>
2025-09-24 10:28:51,707 - httpcore.http11 - DEBUG - atrace:87 - send_request_body.complete
2025-09-24 10:28:51,707 - httpcore.http11 - DEBUG - atrace:87 - receive_response_headers.started request=<Request [b'GET']>
2025-09-24 10:28:51,719 - httpcore.connection - DEBUG - atrace:87 - start_tls.complete return_value=<httpcore._backends.anyio.AnyIOStream object at 0x000001C220019460>
2025-09-24 10:28:51,719 - httpcore.connection - DEBUG - atrace:87 - start_tls.complete return_value=<httpcore._backends.anyio.AnyIOStream object at 0x000001C2200187D0>
2025-09-24 10:28:51,725 - httpcore.http11 - DEBUG - atrace:87 - send_request_headers.started request=<Request [b'GET']>
2025-09-24 10:28:51,725 - httpcore.http11 - DEBUG - atrace:87 - send_request_headers.started request=<Request [b'GET']>
2025-09-24 10:28:51,725 - httpcore.connection - DEBUG - atrace:87 - start_tls.complete return_value=<httpcore._backends.anyio.AnyIOStream object at 0x000001C22002A1B0>
2025-09-24 10:28:51,744 - httpcore.http11 - DEBUG - atrace:87 - send_request_headers.complete
2025-09-24 10:28:51,744 - httpcore.http11 - DEBUG - atrace:87 - send_request_body.started request=<Request [b'GET']>
2025-09-24 10:28:51,744 - httpcore.http11 - DEBUG - atrace:87 - send_request_body.complete
2025-09-24 10:28:51,744 - httpcore.http11 - DEBUG - atrace:87 - receive_response_headers.started request=<Request [b'GET']>
2025-09-24 10:28:51,744 - httpcore.http11 - DEBUG - atrace:87 - send_request_headers.complete
2025-09-24 10:28:51,744 - httpcore.http11 - DEBUG - atrace:87 - send_request_body.started request=<Request [b'GET']>
2025-09-24 10:28:51,744 - httpcore.http11 - DEBUG - atrace:87 - send_request_body.complete
2025-09-24 10:28:51,744 - httpcore.http11 - DEBUG - atrace:87 - receive_response_headers.started request=<Request [b'GET']>
2025-09-24 10:28:51,744 - httpcore.http11 - DEBUG - atrace:87 - send_request_headers.started request=<Request [b'GET']>
2025-09-24 10:28:51,744 - httpcore.connection - DEBUG - atrace:87 - start_tls.complete return_value=<httpcore._backends.anyio.AnyIOStream object at 0x000001C22002AF00>
2025-09-24 10:28:51,746 - httpcore.connection - DEBUG - atrace:87 - start_tls.complete return_value=<httpcore._backends.anyio.AnyIOStream object at 0x000001C21FFDFD40>
2025-09-24 10:28:51,747 - httpcore.connection - DEBUG - atrace:87 - start_tls.complete return_value=<httpcore._backends.anyio.AnyIOStream object at 0x000001C22001A120>
2025-09-24 10:28:51,748 - httpcore.connection - DEBUG - atrace:87 - start_tls.complete return_value=<httpcore._backends.anyio.AnyIOStream object at 0x000001C22001A7B0>
2025-09-24 10:28:51,748 - httpcore.http11 - DEBUG - atrace:87 - send_request_headers.complete
2025-09-24 10:28:51,748 - httpcore.http11 - DEBUG - atrace:87 - send_request_body.started request=<Request [b'GET']>
2025-09-24 10:28:51,748 - httpcore.http11 - DEBUG - atrace:87 - send_request_body.complete
2025-09-24 10:28:51,748 - httpcore.http11 - DEBUG - atrace:87 - receive_response_headers.started request=<Request [b'GET']>
2025-09-24 10:28:51,748 - httpcore.http11 - DEBUG - atrace:87 - send_request_headers.started request=<Request [b'GET']>
2025-09-24 10:28:51,749 - httpcore.http11 - DEBUG - atrace:87 - send_request_headers.started request=<Request [b'GET']>
2025-09-24 10:28:51,749 - httpcore.http11 - DEBUG - atrace:87 - send_request_headers.started request=<Request [b'GET']>
2025-09-24 10:28:51,749 - httpcore.http11 - DEBUG - atrace:87 - send_request_headers.started request=<Request [b'GET']>
2025-09-24 10:28:51,749 - httpcore.http11 - DEBUG - atrace:87 - send_request_headers.complete
2025-09-24 10:28:51,749 - httpcore.http11 - DEBUG - atrace:87 - send_request_body.started request=<Request [b'GET']>
2025-09-24 10:28:51,749 - httpcore.http11 - DEBUG - atrace:87 - send_request_body.complete
2025-09-24 10:28:51,749 - httpcore.http11 - DEBUG - atrace:87 - receive_response_headers.started request=<Request [b'GET']>
2025-09-24 10:28:51,749 - httpcore.http11 - DEBUG - atrace:87 - send_request_headers.complete
2025-09-24 10:28:51,749 - httpcore.http11 - DEBUG - atrace:87 - send_request_body.started request=<Request [b'GET']>
2025-09-24 10:28:51,749 - httpcore.http11 - DEBUG - atrace:87 - send_request_body.complete
2025-09-24 10:28:51,749 - httpcore.http11 - DEBUG - atrace:87 - receive_response_headers.started request=<Request [b'GET']>
2025-09-24 10:28:51,749 - httpcore.http11 - DEBUG - atrace:87 - send_request_headers.complete
2025-09-24 10:28:51,749 - httpcore.http11 - DEBUG - atrace:87 - send_request_body.started request=<Request [b'GET']>
2025-09-24 10:28:51,749 - httpcore.http11 - DEBUG - atrace:87 - send_request_body.complete
2025-09-24 10:28:51,749 - httpcore.http11 - DEBUG - atrace:87 - receive_response_headers.started request=<Request [b'GET']>
2025-09-24 10:28:51,749 - httpcore.http11 - DEBUG - atrace:87 - send_request_headers.complete
2025-09-24 10:28:51,749 - httpcore.http11 - DEBUG - atrace:87 - send_request_body.started request=<Request [b'GET']>
2025-09-24 10:28:51,749 - httpcore.http11 - DEBUG - atrace:87 - send_request_body.complete
2025-09-24 10:28:51,749 - httpcore.http11 - DEBUG - atrace:87 - receive_response_headers.started request=<Request [b'GET']>
2025-09-24 10:28:51,751 - httpcore.connection - DEBUG - atrace:87 - start_tls.complete return_value=<httpcore._backends.anyio.AnyIOStream object at 0x000001C220028E00>
2025-09-24 10:28:51,751 - httpcore.connection - DEBUG - atrace:87 - start_tls.complete return_value=<httpcore._backends.anyio.AnyIOStream object at 0x000001C220019AF0>
2025-09-24 10:28:51,751 - httpcore.connection - DEBUG - atrace:87 - start_tls.complete return_value=<httpcore._backends.anyio.AnyIOStream object at 0x000001C22002A8A0>
2025-09-24 10:28:51,802 - httpcore.http11 - DEBUG - atrace:87 - send_request_headers.started request=<Request [b'GET']>
2025-09-24 10:28:51,802 - httpcore.http11 - DEBUG - atrace:87 - send_request_headers.started request=<Request [b'GET']>
2025-09-24 10:28:51,802 - httpcore.http11 - DEBUG - atrace:87 - send_request_headers.started request=<Request [b'GET']>
2025-09-24 10:28:51,802 - httpcore.connection - DEBUG - atrace:87 - start_tls.complete return_value=<httpcore._backends.anyio.AnyIOStream object at 0x000001C22002B560>
2025-09-24 10:28:51,802 - httpcore.connection - DEBUG - atrace:87 - start_tls.complete return_value=<httpcore._backends.anyio.AnyIOStream object at 0x000001C220029A90>
2025-09-24 10:28:51,802 - httpcore.connection - DEBUG - atrace:87 - start_tls.complete return_value=<httpcore._backends.anyio.AnyIOStream object at 0x000001C21FFDCB60>
2025-09-24 10:28:51,802 - httpcore.connection - DEBUG - atrace:87 - start_tls.complete return_value=<httpcore._backends.anyio.AnyIOStream object at 0x000001C22002BCE0>
2025-09-24 10:28:51,802 - httpcore.connection - DEBUG - atrace:87 - start_tls.complete return_value=<httpcore._backends.anyio.AnyIOStream object at 0x000001C22001AE40>
2025-09-24 10:28:51,802 - httpcore.connection - DEBUG - atrace:87 - start_tls.complete return_value=<httpcore._backends.anyio.AnyIOStream object at 0x000001C220018140>
2025-09-24 10:28:51,802 - httpcore.connection - DEBUG - atrace:87 - start_tls.complete return_value=<httpcore._backends.anyio.AnyIOStream object at 0x000001C21FFDD2E0>
2025-09-24 10:28:51,802 - httpcore.connection - DEBUG - atrace:87 - start_tls.complete return_value=<httpcore._backends.anyio.AnyIOStream object at 0x000001C2200280E0>
2025-09-24 10:28:51,802 - httpcore.connection - DEBUG - atrace:87 - start_tls.complete return_value=<httpcore._backends.anyio.AnyIOStream object at 0x000001C220018E60>
2025-09-24 10:28:51,802 - httpcore.connection - DEBUG - atrace:87 - start_tls.complete return_value=<httpcore._backends.anyio.AnyIOStream object at 0x000001C220029430>
2025-09-24 10:28:51,802 - httpcore.http11 - DEBUG - atrace:87 - send_request_headers.complete
2025-09-24 10:28:51,802 - httpcore.http11 - DEBUG - atrace:87 - send_request_body.started request=<Request [b'GET']>
2025-09-24 10:28:51,802 - httpcore.http11 - DEBUG - atrace:87 - send_request_body.complete
2025-09-24 10:28:51,802 - httpcore.http11 - DEBUG - atrace:87 - receive_response_headers.started request=<Request [b'GET']>
2025-09-24 10:28:51,802 - httpcore.http11 - DEBUG - atrace:87 - send_request_headers.complete
2025-09-24 10:28:51,802 - httpcore.http11 - DEBUG - atrace:87 - send_request_body.started request=<Request [b'GET']>
2025-09-24 10:28:51,802 - httpcore.http11 - DEBUG - atrace:87 - send_request_body.complete
2025-09-24 10:28:51,802 - httpcore.http11 - DEBUG - atrace:87 - receive_response_headers.started request=<Request [b'GET']>
2025-09-24 10:28:51,802 - httpcore.http11 - DEBUG - atrace:87 - send_request_headers.complete
2025-09-24 10:28:51,802 - httpcore.http11 - DEBUG - atrace:87 - send_request_body.started request=<Request [b'GET']>
2025-09-24 10:28:51,802 - httpcore.http11 - DEBUG - atrace:87 - send_request_body.complete
2025-09-24 10:28:51,802 - httpcore.http11 - DEBUG - atrace:87 - receive_response_headers.started request=<Request [b'GET']>
2025-09-24 10:28:51,802 - httpcore.http11 - DEBUG - atrace:87 - send_request_headers.started request=<Request [b'GET']>
2025-09-24 10:28:51,802 - httpcore.http11 - DEBUG - atrace:87 - send_request_headers.started request=<Request [b'GET']>
2025-09-24 10:28:51,802 - httpcore.http11 - DEBUG - atrace:87 - send_request_headers.started request=<Request [b'GET']>
2025-09-24 10:28:51,802 - httpcore.http11 - DEBUG - atrace:87 - send_request_headers.started request=<Request [b'GET']>
2025-09-24 10:28:51,802 - httpcore.http11 - DEBUG - atrace:87 - send_request_headers.started request=<Request [b'GET']>
2025-09-24 10:28:51,802 - httpcore.http11 - DEBUG - atrace:87 - send_request_headers.started request=<Request [b'GET']>
2025-09-24 10:28:51,802 - httpcore.http11 - DEBUG - atrace:87 - send_request_headers.started request=<Request [b'GET']>
2025-09-24 10:28:51,802 - httpcore.http11 - DEBUG - atrace:87 - send_request_headers.started request=<Request [b'GET']>
2025-09-24 10:28:51,802 - httpcore.http11 - DEBUG - atrace:87 - send_request_headers.started request=<Request [b'GET']>
2025-09-24 10:28:51,802 - httpcore.http11 - DEBUG - atrace:87 - send_request_headers.started request=<Request [b'GET']>
2025-09-24 10:28:51,802 - httpcore.http11 - DEBUG - atrace:87 - send_request_headers.complete
2025-09-24 10:28:51,802 - httpcore.http11 - DEBUG - atrace:87 - send_request_body.started request=<Request [b'GET']>
2025-09-24 10:28:51,802 - httpcore.http11 - DEBUG - atrace:87 - send_request_body.complete
2025-09-24 10:28:51,802 - httpcore.http11 - DEBUG - atrace:87 - receive_response_headers.started request=<Request [b'GET']>
2025-09-24 10:28:51,802 - httpcore.http11 - DEBUG - atrace:87 - send_request_headers.complete
2025-09-24 10:28:51,802 - httpcore.http11 - DEBUG - atrace:87 - send_request_body.started request=<Request [b'GET']>
2025-09-24 10:28:51,802 - httpcore.http11 - DEBUG - atrace:87 - send_request_body.complete
2025-09-24 10:28:51,802 - httpcore.http11 - DEBUG - atrace:87 - receive_response_headers.started request=<Request [b'GET']>
2025-09-24 10:28:51,802 - httpcore.http11 - DEBUG - atrace:87 - send_request_headers.complete
2025-09-24 10:28:51,802 - httpcore.http11 - DEBUG - atrace:87 - send_request_body.started request=<Request [b'GET']>
2025-09-24 10:28:51,802 - httpcore.http11 - DEBUG - atrace:87 - send_request_body.complete
2025-09-24 10:28:51,802 - httpcore.http11 - DEBUG - atrace:87 - receive_response_headers.started request=<Request [b'GET']>
2025-09-24 10:28:51,802 - httpcore.http11 - DEBUG - atrace:87 - send_request_headers.complete
2025-09-24 10:28:51,802 - httpcore.http11 - DEBUG - atrace:87 - send_request_body.started request=<Request [b'GET']>
2025-09-24 10:28:51,802 - httpcore.http11 - DEBUG - atrace:87 - send_request_body.complete
2025-09-24 10:28:51,802 - httpcore.http11 - DEBUG - atrace:87 - receive_response_headers.started request=<Request [b'GET']>
2025-09-24 10:28:51,802 - httpcore.http11 - DEBUG - atrace:87 - send_request_headers.complete
2025-09-24 10:28:51,802 - httpcore.http11 - DEBUG - atrace:87 - send_request_body.started request=<Request [b'GET']>
2025-09-24 10:28:51,802 - httpcore.http11 - DEBUG - atrace:87 - send_request_body.complete
2025-09-24 10:28:51,802 - httpcore.http11 - DEBUG - atrace:87 - receive_response_headers.started request=<Request [b'GET']>
2025-09-24 10:28:51,802 - httpcore.http11 - DEBUG - atrace:87 - send_request_headers.complete
2025-09-24 10:28:51,802 - httpcore.http11 - DEBUG - atrace:87 - send_request_body.started request=<Request [b'GET']>
2025-09-24 10:28:51,802 - httpcore.http11 - DEBUG - atrace:87 - send_request_body.complete
2025-09-24 10:28:51,802 - httpcore.http11 - DEBUG - atrace:87 - receive_response_headers.started request=<Request [b'GET']>
2025-09-24 10:28:51,802 - httpcore.http11 - DEBUG - atrace:87 - send_request_headers.complete
2025-09-24 10:28:51,802 - httpcore.http11 - DEBUG - atrace:87 - send_request_body.started request=<Request [b'GET']>
2025-09-24 10:28:51,802 - httpcore.http11 - DEBUG - atrace:87 - send_request_body.complete
2025-09-24 10:28:51,802 - httpcore.http11 - DEBUG - atrace:87 - receive_response_headers.started request=<Request [b'GET']>
2025-09-24 10:28:51,802 - httpcore.http11 - DEBUG - atrace:87 - send_request_headers.complete
2025-09-24 10:28:51,802 - httpcore.http11 - DEBUG - atrace:87 - send_request_body.started request=<Request [b'GET']>
2025-09-24 10:28:51,802 - httpcore.http11 - DEBUG - atrace:87 - send_request_body.complete
2025-09-24 10:28:51,802 - httpcore.http11 - DEBUG - atrace:87 - receive_response_headers.started request=<Request [b'GET']>
2025-09-24 10:28:51,802 - httpcore.http11 - DEBUG - atrace:87 - send_request_headers.complete
2025-09-24 10:28:51,802 - httpcore.http11 - DEBUG - atrace:87 - send_request_body.started request=<Request [b'GET']>
2025-09-24 10:28:51,802 - httpcore.http11 - DEBUG - atrace:87 - send_request_body.complete
2025-09-24 10:28:51,802 - httpcore.http11 - DEBUG - atrace:87 - receive_response_headers.started request=<Request [b'GET']>
2025-09-24 10:28:51,802 - httpcore.http11 - DEBUG - atrace:87 - send_request_headers.complete
2025-09-24 10:28:51,802 - httpcore.http11 - DEBUG - atrace:87 - send_request_body.started request=<Request [b'GET']>
2025-09-24 10:28:51,802 - httpcore.http11 - DEBUG - atrace:87 - send_request_body.complete
2025-09-24 10:28:51,802 - httpcore.http11 - DEBUG - atrace:87 - receive_response_headers.started request=<Request [b'GET']>
2025-09-24 10:28:51,802 - httpcore.connection - DEBUG - atrace:87 - start_tls.complete return_value=<httpcore._backends.anyio.AnyIOStream object at 0x000001C21FC637A0>
2025-09-24 10:28:51,802 - httpcore.http11 - DEBUG - atrace:87 - send_request_headers.started request=<Request [b'GET']>
2025-09-24 10:28:51,802 - httpcore.http11 - DEBUG - atrace:87 - send_request_headers.complete
2025-09-24 10:28:51,802 - httpcore.http11 - DEBUG - atrace:87 - send_request_body.started request=<Request [b'GET']>
2025-09-24 10:28:51,802 - httpcore.http11 - DEBUG - atrace:87 - send_request_body.complete
2025-09-24 10:28:51,802 - httpcore.http11 - DEBUG - atrace:87 - receive_response_headers.started request=<Request [b'GET']>
2025-09-24 10:28:51,950 - httpcore.http11 - DEBUG - atrace:87 - receive_response_headers.complete return_value=(b'HTTP/1.1', 200, b'OK', [(b'Content-Length', b'303'), (b'Content-Type', b'application/json;odata.metadata=minimal;odata.streaming=true;IEEE754Compatible=false;charset=utf-8'), (b'Date', b'Wed, 24 Sep 2025 04:58:51 GMT'), (b'Server', b'Microsoft-IIS/10.0'), (b'Access-Control-Allow-Headers', b'Accept, Origin, Content-Type, MaxDataServiceVersion'), (b'Access-Control-Allow-Methods', b'GET'), (b'Access-Control-Allow-Origin', b'*'), (b'Access-Control-Expose-Headers', b'DataServiceVersion'), (b'Cache-Control', b'private'), (b'Content-Encoding', b'gzip'), (b'Expires', b'Wed, 24 Sep 2025 04:59:09 GMT'), (b'Vary', b'*'), (b'X-Content-Type-Options', b'nosniff'), (b'OData-Version', b'4.0;'), (b'X-AspNet-Version', b'4.0.30319'), (b'X-Powered-By', b'ASP.NET')])
2025-09-24 10:28:51,951 - httpx - INFO - _send_single_request:1740 - HTTP Request: GET https://services.odata.org/V4/Northwind/Northwind.svc/Summary_of_Sales_by_Quarters?%24count=true&%24top=1 "HTTP/1.1 200 OK"
2025-09-24 10:28:51,951 - httpcore.http11 - DEBUG - atrace:87 - receive_response_body.started request=<Request [b'GET']>
2025-09-24 10:28:51,951 - httpcore.http11 - DEBUG - atrace:87 - receive_response_body.complete
2025-09-24 10:28:51,951 - httpcore.http11 - DEBUG - atrace:87 - response_closed.started
2025-09-24 10:28:51,951 - httpcore.http11 - DEBUG - atrace:87 - response_closed.complete
2025-09-24 10:28:51,951 - httpcore.connection - DEBUG - atrace:87 - close.started
2025-09-24 10:28:51,951 - httpcore.connection - DEBUG - atrace:87 - close.complete
2025-09-24 10:28:51,959 - httpcore.http11 - DEBUG - atrace:87 - receive_response_headers.complete return_value=(b'HTTP/1.1', 200, b'OK', [(b'Content-Length', b'401'), (b'Content-Type', b'application/json;odata.metadata=minimal;odata.streaming=true;IEEE754Compatible=false;charset=utf-8'), (b'Date', b'Wed, 24 Sep 2025 04:58:51 GMT'), (b'Server', b'Microsoft-IIS/10.0'), (b'Access-Control-Allow-Headers', b'Accept, Origin, Content-Type, MaxDataServiceVersion'), (b'Access-Control-Allow-Methods', b'GET'), (b'Access-Control-Allow-Origin', b'*'), (b'Access-Control-Expose-Headers', b'DataServiceVersion'), (b'Cache-Control', b'private'), (b'Content-Encoding', b'gzip'), (b'Expires', b'Wed, 24 Sep 2025 04:59:09 GMT'), (b'Vary', b'*'), (b'X-Content-Type-Options', b'nosniff'), (b'OData-Version', b'4.0;'), (b'X-AspNet-Version', b'4.0.30319'), (b'X-Powered-By', b'ASP.NET')])
2025-09-24 10:28:51,959 - httpx - INFO - _send_single_request:1740 - HTTP Request: GET https://services.odata.org/V4/Northwind/Northwind.svc/Customers?%24count=true&%24top=1 "HTTP/1.1 200 OK"
2025-09-24 10:28:51,959 - httpcore.http11 - DEBUG - atrace:87 - receive_response_body.started request=<Request [b'GET']>
2025-09-24 10:28:51,959 - httpcore.http11 - DEBUG - atrace:87 - receive_response_body.complete
2025-09-24 10:28:51,959 - httpcore.http11 - DEBUG - atrace:87 - response_closed.started
2025-09-24 10:28:51,959 - httpcore.http11 - DEBUG - atrace:87 - receive_response_headers.complete return_value=(b'HTTP/1.1', 200, b'OK', [(b'Content-Length', b'251'), (b'Content-Type', b'application/json;odata.metadata=minimal;odata.streaming=true;IEEE754Compatible=false;charset=utf-8'), (b'Date', b'Wed, 24 Sep 2025 04:58:51 GMT'), (b'Server', b'Microsoft-IIS/10.0'), (b'Access-Control-Allow-Headers', b'Accept, Origin, Content-Type, MaxDataServiceVersion'), (b'Access-Control-Allow-Methods', b'GET'), (b'Access-Control-Allow-Origin', b'*'), (b'Access-Control-Expose-Headers', b'DataServiceVersion'), (b'Cache-Control', b'private'), (b'Content-Encoding', b'gzip'), (b'Expires', b'Wed, 24 Sep 2025 04:59:09 GMT'), (b'Vary', b'*'), (b'X-Content-Type-Options', b'nosniff'), (b'OData-Version', b'4.0;'), (b'X-AspNet-Version', b'4.0.30319'), (b'X-Powered-By', b'ASP.NET')])
2025-09-24 10:28:51,959 - httpx - INFO - _send_single_request:1740 - HTTP Request: GET https://services.odata.org/V4/Northwind/Northwind.svc/Current_Product_Lists?%24count=true&%24top=1 "HTTP/1.1 200 OK"
2025-09-24 10:28:51,959 - httpcore.http11 - DEBUG - atrace:87 - receive_response_body.started request=<Request [b'GET']>
2025-09-24 10:28:51,959 - httpcore.http11 - DEBUG - atrace:87 - receive_response_body.complete
2025-09-24 10:28:51,959 - httpcore.http11 - DEBUG - atrace:87 - response_closed.started
2025-09-24 10:28:51,959 - httpcore.http11 - DEBUG - atrace:87 - response_closed.complete
2025-09-24 10:28:51,959 - httpcore.connection - DEBUG - atrace:87 - close.started
2025-09-24 10:28:51,959 - httpcore.http11 - DEBUG - atrace:87 - response_closed.complete
2025-09-24 10:28:51,959 - httpcore.connection - DEBUG - atrace:87 - close.started
2025-09-24 10:28:51,959 - httpcore.connection - DEBUG - atrace:87 - close.complete
2025-09-24 10:28:51,959 - httpcore.connection - DEBUG - atrace:87 - close.complete
2025-09-24 10:28:51,964 - httpcore.http11 - DEBUG - atrace:87 - receive_response_headers.complete return_value=(b'HTTP/1.1', 200, b'OK', [(b'Content-Length', b'315'), (b'Content-Type', b'application/json;odata.metadata=minimal;odata.streaming=true;IEEE754Compatible=false;charset=utf-8'), (b'Date', b'Wed, 24 Sep 2025 04:58:51 GMT'), (b'Server', b'Microsoft-IIS/10.0'), (b'Access-Control-Allow-Headers', b'Accept, Origin, Content-Type, MaxDataServiceVersion'), (b'Access-Control-Allow-Methods', b'GET'), (b'Access-Control-Allow-Origin', b'*'), (b'Access-Control-Expose-Headers', b'DataServiceVersion'), (b'Cache-Control', b'private'), (b'Content-Encoding', b'gzip'), (b'Expires', b'Wed, 24 Sep 2025 04:59:09 GMT'), (b'Vary', b'*'), (b'X-Content-Type-Options', b'nosniff'), (b'OData-Version', b'4.0;'), (b'X-AspNet-Version', b'4.0.30319'), (b'X-Powered-By', b'ASP.NET')])
2025-09-24 10:28:51,965 - httpx - INFO - _send_single_request:1740 - HTTP Request: GET https://services.odata.org/V4/Northwind/Northwind.svc/Order_Details_Extendeds?%24count=true&%24top=1 "HTTP/1.1 200 OK"
2025-09-24 10:28:51,966 - httpcore.http11 - DEBUG - atrace:87 - receive_response_body.started request=<Request [b'GET']>
2025-09-24 10:28:51,966 - httpcore.http11 - DEBUG - atrace:87 - receive_response_body.complete
2025-09-24 10:28:51,966 - httpcore.http11 - DEBUG - atrace:87 - response_closed.started
2025-09-24 10:28:51,966 - httpcore.http11 - DEBUG - atrace:87 - response_closed.complete
2025-09-24 10:28:51,966 - httpcore.connection - DEBUG - atrace:87 - close.started
2025-09-24 10:28:51,966 - httpcore.connection - DEBUG - atrace:87 - close.complete
2025-09-24 10:28:51,966 - httpcore.http11 - DEBUG - atrace:87 - receive_response_headers.complete return_value=(b'HTTP/1.1', 200, b'OK', [(b'Content-Length', b'314'), (b'Content-Type', b'application/json;odata.metadata=minimal;odata.streaming=true;IEEE754Compatible=false;charset=utf-8'), (b'Date', b'Wed, 24 Sep 2025 04:58:51 GMT'), (b'Server', b'Microsoft-IIS/10.0'), (b'Access-Control-Allow-Headers', b'Accept, Origin, Content-Type, MaxDataServiceVersion'), (b'Access-Control-Allow-Methods', b'GET'), (b'Access-Control-Allow-Origin', b'*'), (b'Access-Control-Expose-Headers', b'DataServiceVersion'), (b'Cache-Control', b'private'), (b'Content-Encoding', b'gzip'), (b'Expires', b'Wed, 24 Sep 2025 04:59:09 GMT'), (b'Vary', b'*'), (b'X-Content-Type-Options', b'nosniff'), (b'OData-Version', b'4.0;'), (b'X-AspNet-Version', b'4.0.30319'), (b'X-Powered-By', b'ASP.NET')])
2025-09-24 10:28:51,966 - httpx - INFO - _send_single_request:1740 - HTTP Request: GET https://services.odata.org/V4/Northwind/Northwind.svc/Customer_and_Suppliers_by_Cities?%24count=true&%24top=1 "HTTP/1.1 200 OK"
2025-09-24 10:28:51,981 - httpcore.http11 - DEBUG - atrace:87 - receive_response_body.started request=<Request [b'GET']>
2025-09-24 10:28:51,981 - httpcore.http11 - DEBUG - atrace:87 - receive_response_body.complete
2025-09-24 10:28:51,981 - httpcore.http11 - DEBUG - atrace:87 - response_closed.started
2025-09-24 10:28:51,982 - httpcore.http11 - DEBUG - atrace:87 - response_closed.complete
2025-09-24 10:28:51,982 - httpcore.connection - DEBUG - atrace:87 - close.started
2025-09-24 10:28:51,982 - httpcore.connection - DEBUG - atrace:87 - close.complete
2025-09-24 10:28:51,988 - httpcore.http11 - DEBUG - atrace:87 - receive_response_headers.complete return_value=(b'HTTP/1.1', 200, b'OK', [(b'Content-Length', b'272'), (b'Content-Type', b'application/json;odata.metadata=minimal;odata.streaming=true;IEEE754Compatible=false;charset=utf-8'), (b'Date', b'Wed, 24 Sep 2025 04:58:51 GMT'), (b'Server', b'Microsoft-IIS/10.0'), (b'Access-Control-Allow-Headers', b'Accept, Origin, Content-Type, MaxDataServiceVersion'), (b'Access-Control-Allow-Methods', b'GET'), (b'Access-Control-Allow-Origin', b'*'), (b'Access-Control-Expose-Headers', b'DataServiceVersion'), (b'Cache-Control', b'private'), (b'Content-Encoding', b'gzip'), (b'Expires', b'Wed, 24 Sep 2025 04:59:09 GMT'), (b'Vary', b'*'), (b'X-Content-Type-Options', b'nosniff'), (b'OData-Version', b'4.0;'), (b'X-AspNet-Version', b'4.0.30319'), (b'X-Powered-By', b'ASP.NET')])
2025-09-24 10:28:51,988 - httpx - INFO - _send_single_request:1740 - HTTP Request: GET https://services.odata.org/V4/Northwind/Northwind.svc/Shippers?%24count=true&%24top=1 "HTTP/1.1 200 OK"
2025-09-24 10:28:51,990 - httpcore.http11 - DEBUG - atrace:87 - receive_response_body.started request=<Request [b'GET']>
2025-09-24 10:28:51,990 - httpcore.http11 - DEBUG - atrace:87 - receive_response_body.complete
2025-09-24 10:28:51,990 - httpcore.http11 - DEBUG - atrace:87 - response_closed.started
2025-09-24 10:28:51,990 - httpcore.http11 - DEBUG - atrace:87 - receive_response_headers.complete return_value=(b'HTTP/1.1', 200, b'OK', [(b'Content-Length', b'268'), (b'Content-Type', b'application/json;odata.metadata=minimal;odata.streaming=true;IEEE754Compatible=false;charset=utf-8'), (b'Date', b'Wed, 24 Sep 2025 04:58:51 GMT'), (b'Server', b'Microsoft-IIS/10.0'), (b'Access-Control-Allow-Headers', b'Accept, Origin, Content-Type, MaxDataServiceVersion'), (b'Access-Control-Allow-Methods', b'GET'), (b'Access-Control-Allow-Origin', b'*'), (b'Access-Control-Expose-Headers', b'DataServiceVersion'), (b'Cache-Control', b'private'), (b'Content-Encoding', b'gzip'), (b'Expires', b'Wed, 24 Sep 2025 04:59:09 GMT'), (b'Vary', b'*'), (b'X-Content-Type-Options', b'nosniff'), (b'OData-Version', b'4.0;'), (b'X-AspNet-Version', b'4.0.30319'), (b'X-Powered-By', b'ASP.NET')])
2025-09-24 10:28:51,991 - httpx - INFO - _send_single_request:1740 - HTTP Request: GET https://services.odata.org/V4/Northwind/Northwind.svc/Products_Above_Average_Prices?%24count=true&%24top=1 "HTTP/1.1 200 OK"
2025-09-24 10:28:51,991 - httpcore.http11 - DEBUG - atrace:87 - receive_response_body.started request=<Request [b'GET']>
2025-09-24 10:28:51,991 - httpcore.http11 - DEBUG - atrace:87 - receive_response_body.complete
2025-09-24 10:28:51,991 - httpcore.http11 - DEBUG - atrace:87 - response_closed.started
2025-09-24 10:28:51,991 - httpcore.http11 - DEBUG - atrace:87 - receive_response_headers.complete return_value=(b'HTTP/1.1', 200, b'OK', [(b'Content-Length', b'366'), (b'Content-Type', b'application/json;odata.metadata=minimal;odata.streaming=true;IEEE754Compatible=false;charset=utf-8'), (b'Date', b'Wed, 24 Sep 2025 04:58:51 GMT'), (b'Server', b'Microsoft-IIS/10.0'), (b'Access-Control-Allow-Headers', b'Accept, Origin, Content-Type, MaxDataServiceVersion'), (b'Access-Control-Allow-Methods', b'GET'), (b'Access-Control-Allow-Origin', b'*'), (b'Access-Control-Expose-Headers', b'DataServiceVersion'), (b'Cache-Control', b'private'), (b'Content-Encoding', b'gzip'), (b'Expires', b'Wed, 24 Sep 2025 04:59:09 GMT'), (b'Vary', b'*'), (b'X-Content-Type-Options', b'nosniff'), (b'OData-Version', b'4.0;'), (b'X-AspNet-Version', b'4.0.30319'), (b'X-Powered-By', b'ASP.NET')])
2025-09-24 10:28:51,991 - httpx - INFO - _send_single_request:1740 - HTTP Request: GET https://services.odata.org/V4/Northwind/Northwind.svc/Products?%24count=true&%24top=1 "HTTP/1.1 200 OK"
2025-09-24 10:28:51,991 - httpcore.http11 - DEBUG - atrace:87 - receive_response_body.started request=<Request [b'GET']>
2025-09-24 10:28:51,991 - httpcore.http11 - DEBUG - atrace:87 - receive_response_body.complete
2025-09-24 10:28:51,991 - httpcore.http11 - DEBUG - atrace:87 - response_closed.started
2025-09-24 10:28:51,991 - httpcore.http11 - DEBUG - atrace:87 - response_closed.complete
2025-09-24 10:28:51,992 - httpcore.connection - DEBUG - atrace:87 - close.started
2025-09-24 10:28:51,992 - httpcore.http11 - DEBUG - atrace:87 - response_closed.complete
2025-09-24 10:28:51,992 - httpcore.http11 - DEBUG - atrace:87 - response_closed.complete
2025-09-24 10:28:51,992 - httpcore.connection - DEBUG - atrace:87 - close.complete
2025-09-24 10:28:51,994 - httpcore.http11 - DEBUG - atrace:87 - receive_response_headers.complete return_value=(b'HTTP/1.1', 200, b'OK', [(b'Content-Length', b'277'), (b'Content-Type', b'application/json;odata.metadata=minimal;odata.streaming=true;IEEE754Compatible=false;charset=utf-8'), (b'Date', b'Wed, 24 Sep 2025 04:58:52 GMT'), (b'Server', b'Microsoft-IIS/10.0'), (b'Access-Control-Allow-Headers', b'Accept, Origin, Content-Type, MaxDataServiceVersion'), (b'Access-Control-Allow-Methods', b'GET'), (b'Access-Control-Allow-Origin', b'*'), (b'Access-Control-Expose-Headers', b'DataServiceVersion'), (b'Cache-Control', b'private'), (b'Content-Encoding', b'gzip'), (b'Expires', b'Wed, 24 Sep 2025 04:59:09 GMT'), (b'Vary', b'*'), (b'X-Content-Type-Options', b'nosniff'), (b'OData-Version', b'4.0;'), (b'X-AspNet-Version', b'4.0.30319'), (b'X-Powered-By', b'ASP.NET')])
2025-09-24 10:28:51,994 - httpx - INFO - _send_single_request:1740 - HTTP Request: GET https://services.odata.org/V4/Northwind/Northwind.svc/Sales_by_Categories?%24count=true&%24top=1 "HTTP/1.1 200 OK"
2025-09-24 10:28:51,994 - httpcore.http11 - DEBUG - atrace:87 - receive_response_body.started request=<Request [b'GET']>
2025-09-24 10:28:51,994 - httpcore.http11 - DEBUG - atrace:87 - receive_response_body.complete
2025-09-24 10:28:51,994 - httpcore.http11 - DEBUG - atrace:87 - response_closed.started
2025-09-24 10:28:51,994 - httpcore.http11 - DEBUG - atrace:87 - response_closed.complete
2025-09-24 10:28:51,999 - httpcore.http11 - DEBUG - atrace:87 - receive_response_headers.complete return_value=(b'HTTP/1.1', 200, b'OK', [(b'Content-Length', b'7679'), (b'Content-Type', b'application/json;odata.metadata=minimal;odata.streaming=true;IEEE754Compatible=false;charset=utf-8'), (b'Date', b'Wed, 24 Sep 2025 04:58:52 GMT'), (b'Server', b'Microsoft-IIS/10.0'), (b'Access-Control-Allow-Headers', b'Accept, Origin, Content-Type, MaxDataServiceVersion'), (b'Access-Control-Allow-Methods', b'GET'), (b'Access-Control-Allow-Origin', b'*'), (b'Access-Control-Expose-Headers', b'DataServiceVersion'), (b'Cache-Control', b'private'), (b'Content-Encoding', b'gzip'), (b'Expires', b'Wed, 24 Sep 2025 04:59:09 GMT'), (b'Vary', b'*'), (b'X-Content-Type-Options', b'nosniff'), (b'OData-Version', b'4.0;'), (b'X-AspNet-Version', b'4.0.30319'), (b'X-Powered-By', b'ASP.NET')])
2025-09-24 10:28:51,999 - httpx - INFO - _send_single_request:1740 - HTTP Request: GET https://services.odata.org/V4/Northwind/Northwind.svc/Categories?%24count=true&%24top=1 "HTTP/1.1 200 OK"
2025-09-24 10:28:52,001 - httpcore.http11 - DEBUG - atrace:87 - receive_response_body.started request=<Request [b'GET']>
2025-09-24 10:28:52,001 - httpcore.http11 - DEBUG - atrace:87 - receive_response_body.complete
2025-09-24 10:28:52,001 - httpcore.http11 - DEBUG - atrace:87 - response_closed.started
2025-09-24 10:28:52,001 - httpcore.http11 - DEBUG - atrace:87 - response_closed.complete
2025-09-24 10:28:52,001 - httpcore.http11 - DEBUG - atrace:87 - receive_response_headers.complete return_value=(b'HTTP/1.1', 200, b'OK', [(b'Content-Length', b'384'), (b'Content-Type', b'application/json;odata.metadata=minimal;odata.streaming=true;IEEE754Compatible=false;charset=utf-8'), (b'Date', b'Wed, 24 Sep 2025 04:58:52 GMT'), (b'Server', b'Microsoft-IIS/10.0'), (b'Access-Control-Allow-Headers', b'Accept, Origin, Content-Type, MaxDataServiceVersion'), (b'Access-Control-Allow-Methods', b'GET'), (b'Access-Control-Allow-Origin', b'*'), (b'Access-Control-Expose-Headers', b'DataServiceVersion'), (b'Cache-Control', b'private'), (b'Content-Encoding', b'gzip'), (b'Expires', b'Wed, 24 Sep 2025 04:59:09 GMT'), (b'Vary', b'*'), (b'X-Content-Type-Options', b'nosniff'), (b'OData-Version', b'4.0;'), (b'X-AspNet-Version', b'4.0.30319'), (b'X-Powered-By', b'ASP.NET')])
2025-09-24 10:28:52,009 - httpx - INFO - _send_single_request:1740 - HTTP Request: GET https://services.odata.org/V4/Northwind/Northwind.svc/Alphabetical_list_of_products?%24count=true&%24top=1 "HTTP/1.1 200 OK"
2025-09-24 10:28:52,009 - httpcore.http11 - DEBUG - atrace:87 - receive_response_body.started request=<Request [b'GET']>
2025-09-24 10:28:52,009 - httpcore.http11 - DEBUG - atrace:87 - receive_response_body.complete
2025-09-24 10:28:52,009 - httpcore.http11 - DEBUG - atrace:87 - response_closed.started
2025-09-24 10:28:52,009 - httpcore.http11 - DEBUG - atrace:87 - receive_response_headers.complete return_value=(b'HTTP/1.1', 200, b'OK', [(b'Content-Length', b'277'), (b'Content-Type', b'application/json;odata.metadata=minimal;odata.streaming=true;IEEE754Compatible=false;charset=utf-8'), (b'Date', b'Wed, 24 Sep 2025 04:58:52 GMT'), (b'Server', b'Microsoft-IIS/10.0'), (b'Access-Control-Allow-Headers', b'Accept, Origin, Content-Type, MaxDataServiceVersion'), (b'Access-Control-Allow-Methods', b'GET'), (b'Access-Control-Allow-Origin', b'*'), (b'Access-Control-Expose-Headers', b'DataServiceVersion'), (b'Cache-Control', b'private'), (b'Content-Encoding', b'gzip'), (b'Expires', b'Wed, 24 Sep 2025 04:59:09 GMT'), (b'Vary', b'*'), (b'X-Content-Type-Options', b'nosniff'), (b'OData-Version', b'4.0;'), (b'X-AspNet-Version', b'4.0.30319'), (b'X-Powered-By', b'ASP.NET')])
2025-09-24 10:28:52,009 - httpx - INFO - _send_single_request:1740 - HTTP Request: GET https://services.odata.org/V4/Northwind/Northwind.svc/Territories?%24count=true&%24top=1 "HTTP/1.1 200 OK"
2025-09-24 10:28:52,009 - httpcore.http11 - DEBUG - atrace:87 - receive_response_body.started request=<Request [b'GET']>
2025-09-24 10:28:52,009 - httpcore.http11 - DEBUG - atrace:87 - receive_response_body.complete
2025-09-24 10:28:52,009 - httpcore.http11 - DEBUG - atrace:87 - response_closed.started
2025-09-24 10:28:52,009 - httpcore.http11 - DEBUG - atrace:87 - response_closed.complete
2025-09-24 10:28:52,009 - httpcore.http11 - DEBUG - atrace:87 - response_closed.complete
2025-09-24 10:28:52,044 - httpcore.http11 - DEBUG - atrace:87 - receive_response_headers.complete return_value=(b'HTTP/1.1', 200, b'OK', [(b'Content-Length', b'401'), (b'Content-Type', b'application/json;odata.metadata=minimal;odata.streaming=true;IEEE754Compatible=false;charset=utf-8'), (b'Date', b'Wed, 24 Sep 2025 04:58:52 GMT'), (b'Server', b'Microsoft-IIS/10.0'), (b'Access-Control-Allow-Headers', b'Accept, Origin, Content-Type, MaxDataServiceVersion'), (b'Access-Control-Allow-Methods', b'GET'), (b'Access-Control-Allow-Origin', b'*'), (b'Access-Control-Expose-Headers', b'DataServiceVersion'), (b'Cache-Control', b'private'), (b'Content-Encoding', b'gzip'), (b'Expires', b'Wed, 24 Sep 2025 04:59:09 GMT'), (b'Vary', b'*'), (b'X-Content-Type-Options', b'nosniff'), (b'OData-Version', b'4.0;'), (b'X-AspNet-Version', b'4.0.30319'), (b'X-Powered-By', b'ASP.NET')])
2025-09-24 10:28:52,044 - httpx - INFO - _send_single_request:1740 - HTTP Request: GET https://services.odata.org/V4/Northwind/Northwind.svc/Suppliers?%24count=true&%24top=1 "HTTP/1.1 200 OK"
2025-09-24 10:28:52,044 - httpcore.http11 - DEBUG - atrace:87 - receive_response_body.started request=<Request [b'GET']>
2025-09-24 10:28:52,044 - httpcore.http11 - DEBUG - atrace:87 - receive_response_body.complete
2025-09-24 10:28:52,044 - httpcore.http11 - DEBUG - atrace:87 - response_closed.started
2025-09-24 10:28:52,044 - httpcore.http11 - DEBUG - atrace:87 - response_closed.complete
2025-09-24 10:28:52,055 - httpcore.http11 - DEBUG - atrace:87 - receive_response_headers.complete return_value=(b'HTTP/1.1', 200, b'OK', [(b'Content-Length', b'249'), (b'Content-Type', b'application/json;odata.metadata=minimal;odata.streaming=true;IEEE754Compatible=false;charset=utf-8'), (b'Date', b'Wed, 24 Sep 2025 04:58:52 GMT'), (b'Server', b'Microsoft-IIS/10.0'), (b'Access-Control-Allow-Headers', b'Accept, Origin, Content-Type, MaxDataServiceVersion'), (b'Access-Control-Allow-Methods', b'GET'), (b'Access-Control-Allow-Origin', b'*'), (b'Access-Control-Expose-Headers', b'DataServiceVersion'), (b'Cache-Control', b'private'), (b'Content-Encoding', b'gzip'), (b'Expires', b'Wed, 24 Sep 2025 04:59:09 GMT'), (b'Vary', b'*'), (b'X-Content-Type-Options', b'nosniff'), (b'OData-Version', b'4.0;'), (b'X-AspNet-Version', b'4.0.30319'), (b'X-Powered-By', b'ASP.NET')])
2025-09-24 10:28:52,055 - httpx - INFO - _send_single_request:1740 - HTTP Request: GET https://services.odata.org/V4/Northwind/Northwind.svc/Order_Subtotals?%24count=true&%24top=1 "HTTP/1.1 200 OK"
2025-09-24 10:28:52,055 - httpcore.http11 - DEBUG - atrace:87 - receive_response_body.started request=<Request [b'GET']>
2025-09-24 10:28:52,055 - httpcore.http11 - DEBUG - atrace:87 - receive_response_body.complete
2025-09-24 10:28:52,055 - httpcore.http11 - DEBUG - atrace:87 - response_closed.started
2025-09-24 10:28:52,055 - httpcore.http11 - DEBUG - atrace:87 - response_closed.complete
2025-09-24 10:28:52,055 - httpcore.http11 - DEBUG - atrace:87 - receive_response_headers.complete return_value=(b'HTTP/1.1', 200, b'OK', [(b'Content-Length', b'316'), (b'Content-Type', b'application/json;odata.metadata=minimal;odata.streaming=true;IEEE754Compatible=false;charset=utf-8'), (b'Date', b'Wed, 24 Sep 2025 04:58:52 GMT'), (b'Server', b'Microsoft-IIS/10.0'), (b'Access-Control-Allow-Headers', b'Accept, Origin, Content-Type, MaxDataServiceVersion'), (b'Access-Control-Allow-Methods', b'GET'), (b'Access-Control-Allow-Origin', b'*'), (b'Access-Control-Expose-Headers', b'DataServiceVersion'), (b'Cache-Control', b'private'), (b'Content-Encoding', b'gzip'), (b'Expires', b'Wed, 24 Sep 2025 04:59:09 GMT'), (b'Vary', b'*'), (b'X-Content-Type-Options', b'nosniff'), (b'OData-Version', b'4.0;'), (b'X-AspNet-Version', b'4.0.30319'), (b'X-Powered-By', b'ASP.NET')])
2025-09-24 10:28:52,055 - httpx - INFO - _send_single_request:1740 - HTTP Request: GET https://services.odata.org/V4/Northwind/Northwind.svc/Products_by_Categories?%24count=true&%24top=1 "HTTP/1.1 200 OK"
2025-09-24 10:28:52,055 - httpcore.http11 - DEBUG - atrace:87 - receive_response_body.started request=<Request [b'GET']>
2025-09-24 10:28:52,055 - httpcore.http11 - DEBUG - atrace:87 - receive_response_body.complete
2025-09-24 10:28:52,055 - httpcore.http11 - DEBUG - atrace:87 - response_closed.started
2025-09-24 10:28:52,055 - httpcore.http11 - DEBUG - atrace:87 - response_closed.complete
2025-09-24 10:28:52,066 - httpcore.http11 - DEBUG - atrace:87 - receive_response_headers.complete return_value=(b'HTTP/1.1', 200, b'OK', [(b'Content-Length', b'245'), (b'Content-Type', b'application/json;odata.metadata=minimal;odata.streaming=true;IEEE754Compatible=false;charset=utf-8'), (b'Date', b'Wed, 24 Sep 2025 04:58:52 GMT'), (b'Server', b'Microsoft-IIS/10.0'), (b'Access-Control-Allow-Headers', b'Accept, Origin, Content-Type, MaxDataServiceVersion'), (b'Access-Control-Allow-Methods', b'GET'), (b'Access-Control-Allow-Origin', b'*'), (b'Access-Control-Expose-Headers', b'DataServiceVersion'), (b'Cache-Control', b'private'), (b'Content-Encoding', b'gzip'), (b'Expires', b'Wed, 24 Sep 2025 04:59:09 GMT'), (b'Vary', b'*'), (b'X-Content-Type-Options', b'nosniff'), (b'OData-Version', b'4.0;'), (b'X-AspNet-Version', b'4.0.30319'), (b'X-Powered-By', b'ASP.NET')])
2025-09-24 10:28:52,066 - httpx - INFO - _send_single_request:1740 - HTTP Request: GET https://services.odata.org/V4/Northwind/Northwind.svc/Regions?%24count=true&%24top=1 "HTTP/1.1 200 OK"
2025-09-24 10:28:52,068 - httpcore.http11 - DEBUG - atrace:87 - receive_response_body.started request=<Request [b'GET']>
2025-09-24 10:28:52,068 - httpcore.http11 - DEBUG - atrace:87 - receive_response_body.complete
2025-09-24 10:28:52,068 - httpcore.http11 - DEBUG - atrace:87 - response_closed.started
2025-09-24 10:28:52,068 - httpcore.http11 - DEBUG - atrace:87 - receive_response_headers.complete return_value=(b'HTTP/1.1', 200, b'OK', [(b'Content-Length', b'275'), (b'Content-Type', b'application/json;odata.metadata=minimal;odata.streaming=true;IEEE754Compatible=false;charset=utf-8'), (b'Date', b'Wed, 24 Sep 2025 04:58:52 GMT'), (b'Server', b'Microsoft-IIS/10.0'), (b'Access-Control-Allow-Headers', b'Accept, Origin, Content-Type, MaxDataServiceVersion'), (b'Access-Control-Allow-Methods', b'GET'), (b'Access-Control-Allow-Origin', b'*'), (b'Access-Control-Expose-Headers', b'DataServiceVersion'), (b'Cache-Control', b'private'), (b'Content-Encoding', b'gzip'), (b'Expires', b'Wed, 24 Sep 2025 04:59:09 GMT'), (b'Vary', b'*'), (b'X-Content-Type-Options', b'nosniff'), (b'OData-Version', b'4.0;'), (b'X-AspNet-Version', b'4.0.30319'), (b'X-Powered-By', b'ASP.NET')])
2025-09-24 10:28:52,068 - httpx - INFO - _send_single_request:1740 - HTTP Request: GET https://services.odata.org/V4/Northwind/Northwind.svc/Product_Sales_for_1997?%24count=true&%24top=1 "HTTP/1.1 200 OK"
2025-09-24 10:28:52,069 - httpcore.http11 - DEBUG - atrace:87 - receive_response_body.started request=<Request [b'GET']>
2025-09-24 10:28:52,069 - httpcore.http11 - DEBUG - atrace:87 - receive_response_body.complete
2025-09-24 10:28:52,069 - httpcore.http11 - DEBUG - atrace:87 - response_closed.started
2025-09-24 10:28:52,069 - httpcore.http11 - DEBUG - atrace:87 - response_closed.complete
2025-09-24 10:28:52,069 - httpcore.http11 - DEBUG - atrace:87 - response_closed.complete
2025-09-24 10:28:52,071 - httpcore.http11 - DEBUG - atrace:87 - receive_response_headers.complete return_value=(b'HTTP/1.1', 200, b'OK', [(b'Content-Length', b'542'), (b'Content-Type', b'application/json;odata.metadata=minimal;odata.streaming=true;IEEE754Compatible=false;charset=utf-8'), (b'Date', b'Wed, 24 Sep 2025 04:58:52 GMT'), (b'Server', b'Microsoft-IIS/10.0'), (b'Access-Control-Allow-Headers', b'Accept, Origin, Content-Type, MaxDataServiceVersion'), (b'Access-Control-Allow-Methods', b'GET'), (b'Access-Control-Allow-Origin', b'*'), (b'Access-Control-Expose-Headers', b'DataServiceVersion'), (b'Cache-Control', b'private'), (b'Content-Encoding', b'gzip'), (b'Expires', b'Wed, 24 Sep 2025 04:59:09 GMT'), (b'Vary', b'*'), (b'X-Content-Type-Options', b'nosniff'), (b'OData-Version', b'4.0;'), (b'X-AspNet-Version', b'4.0.30319'), (b'X-Powered-By', b'ASP.NET')])
2025-09-24 10:28:52,071 - httpx - INFO - _send_single_request:1740 - HTTP Request: GET https://services.odata.org/V4/Northwind/Northwind.svc/Invoices?%24count=true&%24top=1 "HTTP/1.1 200 OK"
2025-09-24 10:28:52,071 - httpcore.http11 - DEBUG - atrace:87 - receive_response_body.started request=<Request [b'GET']>
2025-09-24 10:28:52,071 - httpcore.http11 - DEBUG - atrace:87 - receive_response_body.complete
2025-09-24 10:28:52,071 - httpcore.http11 - DEBUG - atrace:87 - response_closed.started
2025-09-24 10:28:52,071 - httpcore.http11 - DEBUG - atrace:87 - response_closed.complete
2025-09-24 10:28:52,071 - httpcore.http11 - DEBUG - atrace:87 - receive_response_headers.complete return_value=(b'HTTP/1.1', 200, b'OK', [(b'Content-Length', b'267'), (b'Content-Type', b'application/json;odata.metadata=minimal;odata.streaming=true;IEEE754Compatible=false;charset=utf-8'), (b'Date', b'Wed, 24 Sep 2025 04:58:52 GMT'), (b'Server', b'Microsoft-IIS/10.0'), (b'Access-Control-Allow-Headers', b'Accept, Origin, Content-Type, MaxDataServiceVersion'), (b'Access-Control-Allow-Methods', b'GET'), (b'Access-Control-Allow-Origin', b'*'), (b'Access-Control-Expose-Headers', b'DataServiceVersion'), (b'Cache-Control', b'private'), (b'Content-Encoding', b'gzip'), (b'Expires', b'Wed, 24 Sep 2025 04:59:09 GMT'), (b'Vary', b'*'), (b'X-Content-Type-Options', b'nosniff'), (b'OData-Version', b'4.0;'), (b'X-AspNet-Version', b'4.0.30319'), (b'X-Powered-By', b'ASP.NET')])
2025-09-24 10:28:52,071 - httpx - INFO - _send_single_request:1740 - HTTP Request: GET https://services.odata.org/V4/Northwind/Northwind.svc/Category_Sales_for_1997?%24count=true&%24top=1 "HTTP/1.1 200 OK"
2025-09-24 10:28:52,071 - httpcore.http11 - DEBUG - atrace:87 - receive_response_body.started request=<Request [b'GET']>
2025-09-24 10:28:52,071 - httpcore.http11 - DEBUG - atrace:87 - receive_response_body.complete
2025-09-24 10:28:52,071 - httpcore.http11 - DEBUG - atrace:87 - response_closed.started
2025-09-24 10:28:52,071 - httpcore.http11 - DEBUG - atrace:87 - response_closed.complete
2025-09-24 10:28:52,071 - httpcore.http11 - DEBUG - atrace:87 - receive_response_headers.complete return_value=(b'HTTP/1.1', 200, b'OK', [(b'Content-Length', b'301'), (b'Content-Type', b'application/json;odata.metadata=minimal;odata.streaming=true;IEEE754Compatible=false;charset=utf-8'), (b'Date', b'Wed, 24 Sep 2025 04:58:52 GMT'), (b'Server', b'Microsoft-IIS/10.0'), (b'Access-Control-Allow-Headers', b'Accept, Origin, Content-Type, MaxDataServiceVersion'), (b'Access-Control-Allow-Methods', b'GET'), (b'Access-Control-Allow-Origin', b'*'), (b'Access-Control-Expose-Headers', b'DataServiceVersion'), (b'Cache-Control', b'private'), (b'Content-Encoding', b'gzip'), (b'Expires', b'Wed, 24 Sep 2025 04:59:09 GMT'), (b'Vary', b'*'), (b'X-Content-Type-Options', b'nosniff'), (b'OData-Version', b'4.0;'), (b'X-AspNet-Version', b'4.0.30319'), (b'X-Powered-By', b'ASP.NET')])
2025-09-24 10:28:52,081 - httpx - INFO - _send_single_request:1740 - HTTP Request: GET https://services.odata.org/V4/Northwind/Northwind.svc/Summary_of_Sales_by_Years?%24count=true&%24top=1 "HTTP/1.1 200 OK"
2025-09-24 10:28:52,081 - httpcore.http11 - DEBUG - atrace:87 - receive_response_body.started request=<Request [b'GET']>
2025-09-24 10:28:52,081 - httpcore.http11 - DEBUG - atrace:87 - receive_response_body.complete
2025-09-24 10:28:52,081 - httpcore.http11 - DEBUG - atrace:87 - response_closed.started
2025-09-24 10:28:52,081 - httpcore.http11 - DEBUG - atrace:87 - response_closed.complete
2025-09-24 10:28:52,083 - httpcore.http11 - DEBUG - atrace:87 - receive_response_headers.complete return_value=(b'HTTP/1.1', 200, b'OK', [(b'Content-Length', b'452'), (b'Content-Type', b'application/json;odata.metadata=minimal;odata.streaming=true;IEEE754Compatible=false;charset=utf-8'), (b'Date', b'Wed, 24 Sep 2025 04:58:52 GMT'), (b'Server', b'Microsoft-IIS/10.0'), (b'Access-Control-Allow-Headers', b'Accept, Origin, Content-Type, MaxDataServiceVersion'), (b'Access-Control-Allow-Methods', b'GET'), (b'Access-Control-Allow-Origin', b'*'), (b'Access-Control-Expose-Headers', b'DataServiceVersion'), (b'Cache-Control', b'private'), (b'Content-Encoding', b'gzip'), (b'Expires', b'Wed, 24 Sep 2025 04:59:09 GMT'), (b'Vary', b'*'), (b'X-Content-Type-Options', b'nosniff'), (b'OData-Version', b'4.0;'), (b'X-AspNet-Version', b'4.0.30319'), (b'X-Powered-By', b'ASP.NET')])
2025-09-24 10:28:52,083 - httpx - INFO - _send_single_request:1740 - HTTP Request: GET https://services.odata.org/V4/Northwind/Northwind.svc/Orders_Qries?%24count=true&%24top=1 "HTTP/1.1 200 OK"
2025-09-24 10:28:52,083 - httpcore.http11 - DEBUG - atrace:87 - receive_response_body.started request=<Request [b'GET']>
2025-09-24 10:28:52,083 - httpcore.http11 - DEBUG - atrace:87 - receive_response_body.complete
2025-09-24 10:28:52,083 - httpcore.http11 - DEBUG - atrace:87 - response_closed.started
2025-09-24 10:28:52,083 - httpcore.http11 - DEBUG - atrace:87 - response_closed.complete
2025-09-24 10:28:52,087 - httpcore.http11 - DEBUG - atrace:87 - receive_response_headers.complete return_value=(b'HTTP/1.1', 200, b'OK', [(b'Content-Length', b'281'), (b'Content-Type', b'application/json;odata.metadata=minimal;odata.streaming=true;IEEE754Compatible=false;charset=utf-8'), (b'Date', b'Wed, 24 Sep 2025 04:58:52 GMT'), (b'Server', b'Microsoft-IIS/10.0'), (b'Access-Control-Allow-Headers', b'Accept, Origin, Content-Type, MaxDataServiceVersion'), (b'Access-Control-Allow-Methods', b'GET'), (b'Access-Control-Allow-Origin', b'*'), (b'Access-Control-Expose-Headers', b'DataServiceVersion'), (b'Cache-Control', b'private'), (b'Content-Encoding', b'gzip'), (b'Expires', b'Wed, 24 Sep 2025 04:59:09 GMT'), (b'Vary', b'*'), (b'X-Content-Type-Options', b'nosniff'), (b'OData-Version', b'4.0;'), (b'X-AspNet-Version', b'4.0.30319'), (b'X-Powered-By', b'ASP.NET')])
2025-09-24 10:28:52,087 - httpx - INFO - _send_single_request:1740 - HTTP Request: GET https://services.odata.org/V4/Northwind/Northwind.svc/Order_Details?%24count=true&%24top=1 "HTTP/1.1 200 OK"
2025-09-24 10:28:52,087 - httpcore.http11 - DEBUG - atrace:87 - receive_response_body.started request=<Request [b'GET']>
2025-09-24 10:28:52,087 - httpcore.http11 - DEBUG - atrace:87 - receive_response_body.complete
2025-09-24 10:28:52,087 - httpcore.http11 - DEBUG - atrace:87 - response_closed.started
2025-09-24 10:28:52,087 - httpcore.http11 - DEBUG - atrace:87 - response_closed.complete
2025-09-24 10:28:52,098 - httpcore.http11 - DEBUG - atrace:87 - receive_response_headers.complete return_value=(b'HTTP/1.1', 200, b'OK', [(b'Content-Length', b'332'), (b'Content-Type', b'application/json;odata.metadata=minimal;odata.streaming=true;IEEE754Compatible=false;charset=utf-8'), (b'Date', b'Wed, 24 Sep 2025 04:58:52 GMT'), (b'Server', b'Microsoft-IIS/10.0'), (b'Access-Control-Allow-Headers', b'Accept, Origin, Content-Type, MaxDataServiceVersion'), (b'Access-Control-Allow-Methods', b'GET'), (b'Access-Control-Allow-Origin', b'*'), (b'Access-Control-Expose-Headers', b'DataServiceVersion'), (b'Cache-Control', b'private'), (b'Content-Encoding', b'gzip'), (b'Expires', b'Wed, 24 Sep 2025 04:59:09 GMT'), (b'Vary', b'*'), (b'X-Content-Type-Options', b'nosniff'), (b'OData-Version', b'4.0;'), (b'X-AspNet-Version', b'4.0.30319'), (b'X-Powered-By', b'ASP.NET')])
2025-09-24 10:28:52,099 - httpx - INFO - _send_single_request:1740 - HTTP Request: GET https://services.odata.org/V4/Northwind/Northwind.svc/Sales_Totals_by_Amounts?%24count=true&%24top=1 "HTTP/1.1 200 OK"
2025-09-24 10:28:52,099 - httpcore.http11 - DEBUG - atrace:87 - receive_response_body.started request=<Request [b'GET']>
2025-09-24 10:28:52,099 - httpcore.http11 - DEBUG - atrace:87 - receive_response_body.complete
2025-09-24 10:28:52,099 - httpcore.http11 - DEBUG - atrace:87 - response_closed.started
2025-09-24 10:28:52,099 - httpcore.http11 - DEBUG - atrace:87 - response_closed.complete
2025-09-24 10:28:52,115 - httpcore.http11 - DEBUG - atrace:87 - receive_response_headers.complete return_value=(b'HTTP/1.1', 200, b'OK', [(b'Content-Length', b'18252'), (b'Content-Type', b'application/json;odata.metadata=minimal;odata.streaming=true;IEEE754Compatible=false;charset=utf-8'), (b'Date', b'Wed, 24 Sep 2025 04:58:52 GMT'), (b'Server', b'Microsoft-IIS/10.0'), (b'Access-Control-Allow-Headers', b'Accept, Origin, Content-Type, MaxDataServiceVersion'), (b'Access-Control-Allow-Methods', b'GET'), (b'Access-Control-Allow-Origin', b'*'), (b'Access-Control-Expose-Headers', b'DataServiceVersion'), (b'Cache-Control', b'private'), (b'Content-Encoding', b'gzip'), (b'Expires', b'Wed, 24 Sep 2025 04:59:09 GMT'), (b'Vary', b'*'), (b'X-Content-Type-Options', b'nosniff'), (b'OData-Version', b'4.0;'), (b'X-AspNet-Version', b'4.0.30319'), (b'X-Powered-By', b'ASP.NET')])
2025-09-24 10:28:52,116 - httpx - INFO - _send_single_request:1740 - HTTP Request: GET https://services.odata.org/V4/Northwind/Northwind.svc/Employees?%24count=true&%24top=1 "HTTP/1.1 200 OK"
2025-09-24 10:28:52,116 - httpcore.http11 - DEBUG - atrace:87 - receive_response_body.started request=<Request [b'GET']>
2025-09-24 10:28:52,116 - httpcore.http11 - DEBUG - atrace:87 - receive_response_headers.complete return_value=(b'HTTP/1.1', 200, b'OK', [(b'Content-Length', b'222'), (b'Content-Type', b'application/json;odata.metadata=minimal;odata.streaming=true;IEEE754Compatible=false;charset=utf-8'), (b'Date', b'Wed, 24 Sep 2025 04:58:52 GMT'), (b'Server', b'Microsoft-IIS/10.0'), (b'Access-Control-Allow-Headers', b'Accept, Origin, Content-Type, MaxDataServiceVersion'), (b'Access-Control-Allow-Methods', b'GET'), (b'Access-Control-Allow-Origin', b'*'), (b'Access-Control-Expose-Headers', b'DataServiceVersion'), (b'Cache-Control', b'private'), (b'Content-Encoding', b'gzip'), (b'Expires', b'Wed, 24 Sep 2025 04:59:09 GMT'), (b'Vary', b'*'), (b'X-Content-Type-Options', b'nosniff'), (b'OData-Version', b'4.0;'), (b'X-AspNet-Version', b'4.0.30319'), (b'X-Powered-By', b'ASP.NET')])
2025-09-24 10:28:52,116 - httpx - INFO - _send_single_request:1740 - HTTP Request: GET https://services.odata.org/V4/Northwind/Northwind.svc/CustomerDemographics?%24count=true&%24top=1 "HTTP/1.1 200 OK"
2025-09-24 10:28:52,116 - httpcore.http11 - DEBUG - atrace:87 - receive_response_body.started request=<Request [b'GET']>
2025-09-24 10:28:52,116 - httpcore.http11 - DEBUG - atrace:87 - receive_response_body.complete
2025-09-24 10:28:52,116 - httpcore.http11 - DEBUG - atrace:87 - response_closed.started
2025-09-24 10:28:52,116 - httpcore.http11 - DEBUG - atrace:87 - response_closed.complete
2025-09-24 10:28:52,120 - httpcore.http11 - DEBUG - atrace:87 - receive_response_headers.complete return_value=(b'HTTP/1.1', 200, b'OK', [(b'Content-Length', b'460'), (b'Content-Type', b'application/json;odata.metadata=minimal;odata.streaming=true;IEEE754Compatible=false;charset=utf-8'), (b'Date', b'Wed, 24 Sep 2025 04:58:52 GMT'), (b'Server', b'Microsoft-IIS/10.0'), (b'Access-Control-Allow-Headers', b'Accept, Origin, Content-Type, MaxDataServiceVersion'), (b'Access-Control-Allow-Methods', b'GET'), (b'Access-Control-Allow-Origin', b'*'), (b'Access-Control-Expose-Headers', b'DataServiceVersion'), (b'Cache-Control', b'private'), (b'Content-Encoding', b'gzip'), (b'Expires', b'Wed, 24 Sep 2025 04:59:09 GMT'), (b'Vary', b'*'), (b'X-Content-Type-Options', b'nosniff'), (b'OData-Version', b'4.0;'), (b'X-AspNet-Version', b'4.0.30319'), (b'X-Powered-By', b'ASP.NET')])
2025-09-24 10:28:52,120 - httpx - INFO - _send_single_request:1740 - HTTP Request: GET https://services.odata.org/V4/Northwind/Northwind.svc/Orders?%24count=true&%24top=1 "HTTP/1.1 200 OK"
2025-09-24 10:28:52,120 - httpcore.http11 - DEBUG - atrace:87 - receive_response_body.started request=<Request [b'GET']>
2025-09-24 10:28:52,120 - httpcore.http11 - DEBUG - atrace:87 - receive_response_body.complete
2025-09-24 10:28:52,120 - httpcore.http11 - DEBUG - atrace:87 - response_closed.started
2025-09-24 10:28:52,120 - httpcore.http11 - DEBUG - atrace:87 - response_closed.complete
2025-09-24 10:28:52,333 - httpcore.http11 - DEBUG - atrace:87 - receive_response_body.complete
2025-09-24 10:28:52,334 - httpcore.http11 - DEBUG - atrace:87 - response_closed.started
2025-09-24 10:28:52,334 - httpcore.http11 - DEBUG - atrace:87 - response_closed.complete
2025-09-24 10:28:52,334 - services.count - INFO - get_entity_counts:61 - [2m2025-09-24T04:58:52.334188Z[0m [[32m[1minfo     [0m] [1mSuccessfully retrieved entity counts[0m [[0m[1m[34mservices.count[0m][0m [36mcounts[0m=[35m{'Categories': 8, 'CustomerDemographics': 0, 'Customers': 91, 'Employees': 9, 'Order_Details': 2155, 'Orders': 830, 'Products': 77, 'Regions': 4, 'Shippers': 3, 'Suppliers': 29, 'Territories': 53, 'Alphabetical_list_of_products': 69, 'Category_Sales_for_1997': 8, 'Current_Product_Lists': 69, 'Customer_and_Suppliers_by_Cities': 120, 'Invoices': 2155, 'Order_Details_Extendeds': 2155, 'Order_Subtotals': 830, 'Orders_Qries': 830, 'Product_Sales_for_1997': 77, 'Products_Above_Average_Prices': 25, 'Products_by_Categories': 69, 'Sales_by_Categories': 77, 'Sales_Totals_by_Amounts': 66, 'Summary_of_Sales_by_Quarters': 809, 'Summary_of_Sales_by_Years': 809}[0m
2025-09-24 10:28:52,334 - httpcore.connection - DEBUG - atrace:87 - close.started
2025-09-24 10:28:52,334 - httpcore.connection - DEBUG - atrace:87 - close.complete
2025-09-24 10:28:52,334 - httpcore.connection - DEBUG - atrace:87 - close.started
2025-09-24 10:28:52,334 - httpcore.connection - DEBUG - atrace:87 - close.complete
2025-09-24 10:28:52,334 - httpcore.connection - DEBUG - atrace:87 - close.started
2025-09-24 10:28:52,334 - httpcore.connection - DEBUG - atrace:87 - close.complete
2025-09-24 10:28:52,334 - httpcore.connection - DEBUG - atrace:87 - close.started
2025-09-24 10:28:52,334 - httpcore.connection - DEBUG - atrace:87 - close.complete
2025-09-24 10:28:52,334 - httpcore.connection - DEBUG - atrace:87 - close.started
2025-09-24 10:28:52,334 - httpcore.connection - DEBUG - atrace:87 - close.complete
2025-09-24 10:28:52,334 - httpcore.connection - DEBUG - atrace:87 - close.started
2025-09-24 10:28:52,334 - httpcore.connection - DEBUG - atrace:87 - close.complete
2025-09-24 10:28:52,334 - httpcore.connection - DEBUG - atrace:87 - close.started
2025-09-24 10:28:52,334 - httpcore.connection - DEBUG - atrace:87 - close.complete
2025-09-24 10:28:52,334 - httpcore.connection - DEBUG - atrace:87 - close.started
2025-09-24 10:28:52,334 - httpcore.connection - DEBUG - atrace:87 - close.complete
2025-09-24 10:28:52,334 - httpcore.connection - DEBUG - atrace:87 - close.started
2025-09-24 10:28:52,334 - httpcore.connection - DEBUG - atrace:87 - close.complete
2025-09-24 10:28:52,334 - httpcore.connection - DEBUG - atrace:87 - close.started
2025-09-24 10:28:52,334 - httpcore.connection - DEBUG - atrace:87 - close.complete
2025-09-24 10:28:52,334 - httpcore.connection - DEBUG - atrace:87 - close.started
2025-09-24 10:28:52,334 - httpcore.connection - DEBUG - atrace:87 - close.complete
2025-09-24 10:28:52,334 - httpcore.connection - DEBUG - atrace:87 - close.started
2025-09-24 10:28:52,334 - httpcore.connection - DEBUG - atrace:87 - close.complete
2025-09-24 10:28:52,334 - httpcore.connection - DEBUG - atrace:87 - close.started
2025-09-24 10:28:52,334 - httpcore.connection - DEBUG - atrace:87 - close.complete
2025-09-24 10:28:52,334 - httpcore.connection - DEBUG - atrace:87 - close.started
2025-09-24 10:28:52,334 - httpcore.connection - DEBUG - atrace:87 - close.complete
2025-09-24 10:28:52,334 - httpcore.connection - DEBUG - atrace:87 - close.started
2025-09-24 10:28:52,334 - httpcore.connection - DEBUG - atrace:87 - close.complete
2025-09-24 10:28:52,334 - httpcore.connection - DEBUG - atrace:87 - close.started
2025-09-24 10:28:52,334 - httpcore.connection - DEBUG - atrace:87 - close.complete
2025-09-24 10:28:52,334 - httpcore.connection - DEBUG - atrace:87 - close.started
2025-09-24 10:28:52,334 - httpcore.connection - DEBUG - atrace:87 - close.complete
2025-09-24 10:28:52,334 - httpcore.connection - DEBUG - atrace:87 - close.started
2025-09-24 10:28:52,334 - httpcore.connection - DEBUG - atrace:87 - close.complete
2025-09-24 10:28:52,334 - httpcore.connection - DEBUG - atrace:87 - close.started
2025-09-24 10:28:52,334 - httpcore.connection - DEBUG - atrace:87 - close.complete
2025-09-24 10:28:52,334 - httpcore.connection - DEBUG - atrace:87 - close.started
2025-09-24 10:28:52,334 - httpcore.connection - DEBUG - atrace:87 - close.complete
2025-09-24 10:28:52,334 - connector - INFO - _discovery_phase:297 - [2m2025-09-24T04:58:52.334188Z[0m [[32m[1minfo     [0m] [1m📋 Endpoints to be processed:  [0m [[0m[1m[34mconnector[0m][0m
2025-09-24 10:28:52,334 - connector - INFO - _discovery_phase:303 - [2m2025-09-24T04:58:52.334188Z[0m [[32m[1minfo     [0m] [1m  🔗 Categories: https://services.odata.org/V4/Northwind/Northwind.svc/Categories (Expected records: 8)[0m [[0m[1m[34mconnector[0m][0m
2025-09-24 10:28:52,341 - connector - INFO - _discovery_phase:303 - [2m2025-09-24T04:58:52.341682Z[0m [[32m[1minfo     [0m] [1m  🔗 CustomerDemographics: https://services.odata.org/V4/Northwind/Northwind.svc/CustomerDemographics (Expected records: 0)[0m [[0m[1m[34mconnector[0m][0m
2025-09-24 10:28:52,341 - connector - INFO - _discovery_phase:303 - [2m2025-09-24T04:58:52.341682Z[0m [[32m[1minfo     [0m] [1m  🔗 Customers: https://services.odata.org/V4/Northwind/Northwind.svc/Customers (Expected records: 91)[0m [[0m[1m[34mconnector[0m][0m
2025-09-24 10:28:52,341 - connector - INFO - _discovery_phase:303 - [2m2025-09-24T04:58:52.341682Z[0m [[32m[1minfo     [0m] [1m  🔗 Employees: https://services.odata.org/V4/Northwind/Northwind.svc/Employees (Expected records: 9)[0m [[0m[1m[34mconnector[0m][0m
2025-09-24 10:28:52,343 - connector - INFO - _discovery_phase:303 - [2m2025-09-24T04:58:52.341682Z[0m [[32m[1minfo     [0m] [1m  🔗 Order_Details: https://services.odata.org/V4/Northwind/Northwind.svc/Order_Details (Expected records: 2155)[0m [[0m[1m[34mconnector[0m][0m
2025-09-24 10:28:52,343 - connector - INFO - _discovery_phase:303 - [2m2025-09-24T04:58:52.343221Z[0m [[32m[1minfo     [0m] [1m  🔗 Orders: https://services.odata.org/V4/Northwind/Northwind.svc/Orders (Expected records: 830)[0m [[0m[1m[34mconnector[0m][0m
2025-09-24 10:28:52,343 - connector - INFO - _discovery_phase:303 - [2m2025-09-24T04:58:52.343221Z[0m [[32m[1minfo     [0m] [1m  🔗 Products: https://services.odata.org/V4/Northwind/Northwind.svc/Products (Expected records: 77)[0m [[0m[1m[34mconnector[0m][0m
2025-09-24 10:28:52,343 - connector - INFO - _discovery_phase:303 - [2m2025-09-24T04:58:52.343221Z[0m [[32m[1minfo     [0m] [1m  🔗 Regions: https://services.odata.org/V4/Northwind/Northwind.svc/Regions (Expected records: 4)[0m [[0m[1m[34mconnector[0m][0m
2025-09-24 10:28:52,343 - connector - INFO - _discovery_phase:303 - [2m2025-09-24T04:58:52.343221Z[0m [[32m[1minfo     [0m] [1m  🔗 Shippers: https://services.odata.org/V4/Northwind/Northwind.svc/Shippers (Expected records: 3)[0m [[0m[1m[34mconnector[0m][0m
2025-09-24 10:28:52,343 - connector - INFO - _discovery_phase:303 - [2m2025-09-24T04:58:52.343221Z[0m [[32m[1minfo     [0m] [1m  🔗 Suppliers: https://services.odata.org/V4/Northwind/Northwind.svc/Suppliers (Expected records: 29)[0m [[0m[1m[34mconnector[0m][0m
2025-09-24 10:28:52,343 - connector - INFO - _discovery_phase:303 - [2m2025-09-24T04:58:52.343221Z[0m [[32m[1minfo     [0m] [1m  🔗 Territories: https://services.odata.org/V4/Northwind/Northwind.svc/Territories (Expected records: 53)[0m [[0m[1m[34mconnector[0m][0m
2025-09-24 10:28:52,343 - connector - INFO - _discovery_phase:303 - [2m2025-09-24T04:58:52.343221Z[0m [[32m[1minfo     [0m] [1m  🔗 Alphabetical_list_of_products: https://services.odata.org/V4/Northwind/Northwind.svc/Alphabetical_list_of_products (Expected records: 69)[0m [[0m[1m[34mconnector[0m][0m
2025-09-24 10:28:52,343 - connector - INFO - _discovery_phase:303 - [2m2025-09-24T04:58:52.343221Z[0m [[32m[1minfo     [0m] [1m  🔗 Category_Sales_for_1997: https://services.odata.org/V4/Northwind/Northwind.svc/Category_Sales_for_1997 (Expected records: 8)[0m [[0m[1m[34mconnector[0m][0m
2025-09-24 10:28:52,343 - connector - INFO - _discovery_phase:303 - [2m2025-09-24T04:58:52.343221Z[0m [[32m[1minfo     [0m] [1m  🔗 Current_Product_Lists: https://services.odata.org/V4/Northwind/Northwind.svc/Current_Product_Lists (Expected records: 69)[0m [[0m[1m[34mconnector[0m][0m
2025-09-24 10:28:52,346 - connector - INFO - _discovery_phase:303 - [2m2025-09-24T04:58:52.346864Z[0m [[32m[1minfo     [0m] [1m  🔗 Customer_and_Suppliers_by_Cities: https://services.odata.org/V4/Northwind/Northwind.svc/Customer_and_Suppliers_by_Cities (Expected records: 120)[0m [[0m[1m[34mconnector[0m][0m
2025-09-24 10:28:52,347 - connector - INFO - _discovery_phase:303 - [2m2025-09-24T04:58:52.347874Z[0m [[32m[1minfo     [0m] [1m  🔗 Invoices: https://services.odata.org/V4/Northwind/Northwind.svc/Invoices (Expected records: 2155)[0m [[0m[1m[34mconnector[0m][0m
2025-09-24 10:28:52,348 - connector - INFO - _discovery_phase:303 - [2m2025-09-24T04:58:52.348723Z[0m [[32m[1minfo     [0m] [1m  🔗 Order_Details_Extendeds: https://services.odata.org/V4/Northwind/Northwind.svc/Order_Details_Extendeds (Expected records: 2155)[0m [[0m[1m[34mconnector[0m][0m
2025-09-24 10:28:52,348 - connector - INFO - _discovery_phase:303 - [2m2025-09-24T04:58:52.348723Z[0m [[32m[1minfo     [0m] [1m  🔗 Order_Subtotals: https://services.odata.org/V4/Northwind/Northwind.svc/Order_Subtotals (Expected records: 830)[0m [[0m[1m[34mconnector[0m][0m
2025-09-24 10:28:52,349 - connector - INFO - _discovery_phase:303 - [2m2025-09-24T04:58:52.349964Z[0m [[32m[1minfo     [0m] [1m  🔗 Orders_Qries: https://services.odata.org/V4/Northwind/Northwind.svc/Orders_Qries (Expected records: 830)[0m [[0m[1m[34mconnector[0m][0m
2025-09-24 10:28:52,349 - connector - INFO - _discovery_phase:303 - [2m2025-09-24T04:58:52.349964Z[0m [[32m[1minfo     [0m] [1m  🔗 Product_Sales_for_1997: https://services.odata.org/V4/Northwind/Northwind.svc/Product_Sales_for_1997 (Expected records: 77)[0m [[0m[1m[34mconnector[0m][0m
2025-09-24 10:28:52,350 - connector - INFO - _discovery_phase:303 - [2m2025-09-24T04:58:52.350592Z[0m [[32m[1minfo     [0m] [1m  🔗 Products_Above_Average_Prices: https://services.odata.org/V4/Northwind/Northwind.svc/Products_Above_Average_Prices (Expected records: 25)[0m [[0m[1m[34mconnector[0m][0m
2025-09-24 10:28:52,350 - connector - INFO - _discovery_phase:303 - [2m2025-09-24T04:58:52.350592Z[0m [[32m[1minfo     [0m] [1m  🔗 Products_by_Categories: https://services.odata.org/V4/Northwind/Northwind.svc/Products_by_Categories (Expected records: 69)[0m [[0m[1m[34mconnector[0m][0m
2025-09-24 10:28:52,350 - connector - INFO - _discovery_phase:303 - [2m2025-09-24T04:58:52.350592Z[0m [[32m[1minfo     [0m] [1m  🔗 Sales_by_Categories: https://services.odata.org/V4/Northwind/Northwind.svc/Sales_by_Categories (Expected records: 77)[0m [[0m[1m[34mconnector[0m][0m
2025-09-24 10:28:52,352 - connector - INFO - _discovery_phase:303 - [2m2025-09-24T04:58:52.352099Z[0m [[32m[1minfo     [0m] [1m  🔗 Sales_Totals_by_Amounts: https://services.odata.org/V4/Northwind/Northwind.svc/Sales_Totals_by_Amounts (Expected records: 66)[0m [[0m[1m[34mconnector[0m][0m
2025-09-24 10:28:52,352 - connector - INFO - _discovery_phase:303 - [2m2025-09-24T04:58:52.352099Z[0m [[32m[1minfo     [0m] [1m  🔗 Summary_of_Sales_by_Quarters: https://services.odata.org/V4/Northwind/Northwind.svc/Summary_of_Sales_by_Quarters (Expected records: 809)[0m [[0m[1m[34mconnector[0m][0m
2025-09-24 10:28:52,352 - connector - INFO - _discovery_phase:303 - [2m2025-09-24T04:58:52.352099Z[0m [[32m[1minfo     [0m] [1m  🔗 Summary_of_Sales_by_Years: https://services.odata.org/V4/Northwind/Northwind.svc/Summary_of_Sales_by_Years (Expected records: 809)[0m [[0m[1m[34mconnector[0m][0m
2025-09-24 10:28:52,353 - connector - INFO - _discovery_phase:305 - [2m2025-09-24T04:58:52.353184Z[0m [[32m[1minfo     [0m] [1m📊 Total expected records across all entities: 11427[0m [[0m[1m[34mconnector[0m][0m
2025-09-24 10:28:52,353 - planning.graph_builder - INFO - add_entities:32 - [2m2025-09-24T04:58:52.353184Z[0m [[32m[1minfo     [0m] [1mAdded entities to graph       [0m [[0m[1m[34mplanning.graph_builder[0m][0m [36mentity_count[0m=[35m26[0m
2025-09-24 10:28:52,353 - planning.graph_builder - INFO - add_relationships:54 - [2m2025-09-24T04:58:52.353184Z[0m [[32m[1minfo     [0m] [1mAdded relationships to graph  [0m [[0m[1m[34mplanning.graph_builder[0m][0m [36mrelationship_count[0m=[35m0[0m
2025-09-24 10:28:52,353 - planning.graph_builder - INFO - get_processing_order:72 - [2m2025-09-24T04:58:52.353184Z[0m [[32m[1minfo     [0m] [1mGenerated processing order    [0m [[0m[1m[34mplanning.graph_builder[0m][0m [36mlevels[0m=[35m1[0m [36mtotal_entities[0m=[35m26[0m
2025-09-24 10:28:52,355 - planning.plan_generator - INFO - create_execution_plan:142 - [2m2025-09-24T04:58:52.355825Z[0m [[32m[1minfo     [0m] [1mCreating execution plan       [0m [[0m[1m[34mplanning.plan_generator[0m][0m [36mselected_entities[0m=[35m26[0m [36mtotal_entities[0m=[35m26[0m
2025-09-24 10:28:52,355 - planning.record_tracker - INFO - register_entity:81 - [2m2025-09-24T04:58:52.355825Z[0m [[32m[1minfo     [0m] [1mEntity registered for tracking[0m [[0m[1m[34mplanning.record_tracker[0m][0m [36mentity[0m=[35mAlphabetical_list_of_products[0m [36mtarget_records[0m=[35m69[0m
2025-09-24 10:28:52,355 - planning.record_tracker - INFO - register_entity:81 - [2m2025-09-24T04:58:52.355825Z[0m [[32m[1minfo     [0m] [1mEntity registered for tracking[0m [[0m[1m[34mplanning.record_tracker[0m][0m [36mentity[0m=[35mSummary_of_Sales_by_Years[0m [36mtarget_records[0m=[35m809[0m
2025-09-24 10:28:52,355 - planning.record_tracker - INFO - register_entity:81 - [2m2025-09-24T04:58:52.355825Z[0m [[32m[1minfo     [0m] [1mEntity registered for tracking[0m [[0m[1m[34mplanning.record_tracker[0m][0m [36mentity[0m=[35mCurrent_Product_Lists[0m [36mtarget_records[0m=[35m69[0m
2025-09-24 10:28:52,357 - planning.record_tracker - INFO - register_entity:81 - [2m2025-09-24T04:58:52.357838Z[0m [[32m[1minfo     [0m] [1mEntity registered for tracking[0m [[0m[1m[34mplanning.record_tracker[0m][0m [36mentity[0m=[35mOrders_Qries[0m [36mtarget_records[0m=[35m830[0m
2025-09-24 10:28:52,357 - planning.record_tracker - INFO - register_entity:81 - [2m2025-09-24T04:58:52.357838Z[0m [[32m[1minfo     [0m] [1mEntity registered for tracking[0m [[0m[1m[34mplanning.record_tracker[0m][0m [36mentity[0m=[35mProduct_Sales_for_1997[0m [36mtarget_records[0m=[35m77[0m
2025-09-24 10:28:52,357 - planning.record_tracker - INFO - register_entity:81 - [2m2025-09-24T04:58:52.357838Z[0m [[32m[1minfo     [0m] [1mEntity registered for tracking[0m [[0m[1m[34mplanning.record_tracker[0m][0m [36mentity[0m=[35mOrders[0m [36mtarget_records[0m=[35m830[0m
2025-09-24 10:28:52,357 - planning.record_tracker - INFO - register_entity:81 - [2m2025-09-24T04:58:52.357838Z[0m [[32m[1minfo     [0m] [1mEntity registered for tracking[0m [[0m[1m[34mplanning.record_tracker[0m][0m [36mentity[0m=[35mTerritories[0m [36mtarget_records[0m=[35m53[0m
2025-09-24 10:28:52,357 - planning.record_tracker - INFO - register_entity:81 - [2m2025-09-24T04:58:52.357838Z[0m [[32m[1minfo     [0m] [1mEntity registered for tracking[0m [[0m[1m[34mplanning.record_tracker[0m][0m [36mentity[0m=[35mShippers[0m [36mtarget_records[0m=[35m3[0m
2025-09-24 10:28:52,359 - planning.record_tracker - INFO - register_entity:81 - [2m2025-09-24T04:58:52.359854Z[0m [[32m[1minfo     [0m] [1mEntity registered for tracking[0m [[0m[1m[34mplanning.record_tracker[0m][0m [36mentity[0m=[35mSales_by_Categories[0m [36mtarget_records[0m=[35m77[0m
2025-09-24 10:28:52,359 - planning.record_tracker - INFO - register_entity:81 - [2m2025-09-24T04:58:52.359854Z[0m [[32m[1minfo     [0m] [1mEntity registered for tracking[0m [[0m[1m[34mplanning.record_tracker[0m][0m [36mentity[0m=[35mEmployees[0m [36mtarget_records[0m=[35m9[0m
2025-09-24 10:28:52,359 - planning.record_tracker - INFO - register_entity:81 - [2m2025-09-24T04:58:52.359854Z[0m [[32m[1minfo     [0m] [1mEntity registered for tracking[0m [[0m[1m[34mplanning.record_tracker[0m][0m [36mentity[0m=[35mCustomers[0m [36mtarget_records[0m=[35m91[0m
2025-09-24 10:28:52,359 - planning.record_tracker - INFO - register_entity:81 - [2m2025-09-24T04:58:52.359854Z[0m [[32m[1minfo     [0m] [1mEntity registered for tracking[0m [[0m[1m[34mplanning.record_tracker[0m][0m [36mentity[0m=[35mInvoices[0m [36mtarget_records[0m=[35m2155[0m
2025-09-24 10:28:52,361 - planning.record_tracker - INFO - register_entity:81 - [2m2025-09-24T04:58:52.359854Z[0m [[32m[1minfo     [0m] [1mEntity registered for tracking[0m [[0m[1m[34mplanning.record_tracker[0m][0m [36mentity[0m=[35mOrder_Subtotals[0m [36mtarget_records[0m=[35m830[0m
2025-09-24 10:28:52,361 - planning.plan_generator - INFO - create_execution_plan:160 - [2m2025-09-24T04:58:52.361867Z[0m [[32m[1minfo     [0m] [1mSkipping empty entity         [0m [[0m[1m[34mplanning.plan_generator[0m][0m [36mentity[0m=[35mCustomerDemographics[0m
2025-09-24 10:28:52,361 - planning.record_tracker - INFO - register_entity:81 - [2m2025-09-24T04:58:52.361867Z[0m [[32m[1minfo     [0m] [1mEntity registered for tracking[0m [[0m[1m[34mplanning.record_tracker[0m][0m [36mentity[0m=[35mProducts_Above_Average_Prices[0m [36mtarget_records[0m=[35m25[0m
2025-09-24 10:28:52,362 - planning.record_tracker - INFO - register_entity:81 - [2m2025-09-24T04:58:52.362877Z[0m [[32m[1minfo     [0m] [1mEntity registered for tracking[0m [[0m[1m[34mplanning.record_tracker[0m][0m [36mentity[0m=[35mProducts_by_Categories[0m [36mtarget_records[0m=[35m69[0m
2025-09-24 10:28:52,363 - planning.record_tracker - INFO - register_entity:81 - [2m2025-09-24T04:58:52.362877Z[0m [[32m[1minfo     [0m] [1mEntity registered for tracking[0m [[0m[1m[34mplanning.record_tracker[0m][0m [36mentity[0m=[35mOrder_Details[0m [36mtarget_records[0m=[35m2155[0m
2025-09-24 10:28:52,363 - planning.record_tracker - INFO - register_entity:81 - [2m2025-09-24T04:58:52.363504Z[0m [[32m[1minfo     [0m] [1mEntity registered for tracking[0m [[0m[1m[34mplanning.record_tracker[0m][0m [36mentity[0m=[35mCategory_Sales_for_1997[0m [36mtarget_records[0m=[35m8[0m
2025-09-24 10:28:52,364 - planning.record_tracker - INFO - register_entity:81 - [2m2025-09-24T04:58:52.364517Z[0m [[32m[1minfo     [0m] [1mEntity registered for tracking[0m [[0m[1m[34mplanning.record_tracker[0m][0m [36mentity[0m=[35mOrder_Details_Extendeds[0m [36mtarget_records[0m=[35m2155[0m
2025-09-24 10:28:52,365 - planning.record_tracker - INFO - register_entity:81 - [2m2025-09-24T04:58:52.365277Z[0m [[32m[1minfo     [0m] [1mEntity registered for tracking[0m [[0m[1m[34mplanning.record_tracker[0m][0m [36mentity[0m=[35mCustomer_and_Suppliers_by_Cities[0m [36mtarget_records[0m=[35m120[0m
2025-09-24 10:28:52,365 - planning.record_tracker - INFO - register_entity:81 - [2m2025-09-24T04:58:52.365277Z[0m [[32m[1minfo     [0m] [1mEntity registered for tracking[0m [[0m[1m[34mplanning.record_tracker[0m][0m [36mentity[0m=[35mCategories[0m [36mtarget_records[0m=[35m8[0m
2025-09-24 10:28:52,365 - planning.record_tracker - INFO - register_entity:81 - [2m2025-09-24T04:58:52.365277Z[0m [[32m[1minfo     [0m] [1mEntity registered for tracking[0m [[0m[1m[34mplanning.record_tracker[0m][0m [36mentity[0m=[35mSales_Totals_by_Amounts[0m [36mtarget_records[0m=[35m66[0m
2025-09-24 10:28:52,366 - planning.record_tracker - INFO - register_entity:81 - [2m2025-09-24T04:58:52.365277Z[0m [[32m[1minfo     [0m] [1mEntity registered for tracking[0m [[0m[1m[34mplanning.record_tracker[0m][0m [36mentity[0m=[35mRegions[0m [36mtarget_records[0m=[35m4[0m
2025-09-24 10:28:52,366 - planning.record_tracker - INFO - register_entity:81 - [2m2025-09-24T04:58:52.366690Z[0m [[32m[1minfo     [0m] [1mEntity registered for tracking[0m [[0m[1m[34mplanning.record_tracker[0m][0m [36mentity[0m=[35mProducts[0m [36mtarget_records[0m=[35m77[0m
2025-09-24 10:28:52,366 - planning.record_tracker - INFO - register_entity:81 - [2m2025-09-24T04:58:52.366690Z[0m [[32m[1minfo     [0m] [1mEntity registered for tracking[0m [[0m[1m[34mplanning.record_tracker[0m][0m [36mentity[0m=[35mSuppliers[0m [36mtarget_records[0m=[35m29[0m
2025-09-24 10:28:52,366 - planning.record_tracker - INFO - register_entity:81 - [2m2025-09-24T04:58:52.366690Z[0m [[32m[1minfo     [0m] [1mEntity registered for tracking[0m [[0m[1m[34mplanning.record_tracker[0m][0m [36mentity[0m=[35mSummary_of_Sales_by_Quarters[0m [36mtarget_records[0m=[35m809[0m
2025-09-24 10:28:52,369 - planning.plan_generator - INFO - create_execution_plan:203 - [2m2025-09-24T04:58:52.369065Z[0m [[32m[1minfo     [0m] [1mExecution plan created        [0m [[0m[1m[34mplanning.plan_generator[0m][0m [36mplanned_entities[0m=[35m25[0m [36mtotal_commands[0m=[35m28[0m
2025-09-24 10:28:52,369 - connector - INFO - _discovery_phase:318 - [2m2025-09-24T04:58:52.369065Z[0m [[32m[1minfo     [0m] [1mDiscovery phase completed     [0m [[0m[1m[34mconnector[0m][0m [36mentities[0m=[35m26[0m [36mprocessing_levels[0m=[35m1[0m [36mtotal_records[0m=[35m11427[0m
2025-09-24 10:28:52,370 - connector - INFO - _discovery_phase:324 - [2m2025-09-24T04:58:52.370086Z[0m [[32m[1minfo     [0m] [1m📋 Execution plan summary:     [0m [[0m[1m[34mconnector[0m][0m
2025-09-24 10:28:52,370 - connector - INFO - _discovery_phase:327 - [2m2025-09-24T04:58:52.370086Z[0m [[32m[1minfo     [0m] [1m  Level 1: 26 entities, 11427 records[0m [[0m[1m[34mconnector[0m][0m
2025-09-24 10:28:52,370 - connector - INFO - _discovery_phase:330 - [2m2025-09-24T04:58:52.370086Z[0m [[32m[1minfo     [0m] [1m    - Alphabetical_list_of_products: 69 records[0m [[0m[1m[34mconnector[0m][0m
2025-09-24 10:28:52,370 - connector - INFO - _discovery_phase:330 - [2m2025-09-24T04:58:52.370086Z[0m [[32m[1minfo     [0m] [1m    - Summary_of_Sales_by_Years: 809 records[0m [[0m[1m[34mconnector[0m][0m
2025-09-24 10:28:52,370 - connector - INFO - _discovery_phase:330 - [2m2025-09-24T04:58:52.370086Z[0m [[32m[1minfo     [0m] [1m    - Current_Product_Lists: 69 records[0m [[0m[1m[34mconnector[0m][0m
2025-09-24 10:28:52,370 - connector - INFO - _discovery_phase:330 - [2m2025-09-24T04:58:52.370086Z[0m [[32m[1minfo     [0m] [1m    - Orders_Qries: 830 records[0m [[0m[1m[34mconnector[0m][0m
2025-09-24 10:28:52,370 - connector - INFO - _discovery_phase:330 - [2m2025-09-24T04:58:52.370086Z[0m [[32m[1minfo     [0m] [1m    - Product_Sales_for_1997: 77 records[0m [[0m[1m[34mconnector[0m][0m
2025-09-24 10:28:52,370 - connector - INFO - _discovery_phase:330 - [2m2025-09-24T04:58:52.370086Z[0m [[32m[1minfo     [0m] [1m    - Orders: 830 records     [0m [[0m[1m[34mconnector[0m][0m
2025-09-24 10:28:52,370 - connector - INFO - _discovery_phase:330 - [2m2025-09-24T04:58:52.370086Z[0m [[32m[1minfo     [0m] [1m    - Territories: 53 records [0m [[0m[1m[34mconnector[0m][0m
2025-09-24 10:28:52,370 - connector - INFO - _discovery_phase:330 - [2m2025-09-24T04:58:52.370086Z[0m [[32m[1minfo     [0m] [1m    - Shippers: 3 records     [0m [[0m[1m[34mconnector[0m][0m
2025-09-24 10:28:52,373 - connector - INFO - _discovery_phase:330 - [2m2025-09-24T04:58:52.373292Z[0m [[32m[1minfo     [0m] [1m    - Sales_by_Categories: 77 records[0m [[0m[1m[34mconnector[0m][0m
2025-09-24 10:28:52,373 - connector - INFO - _discovery_phase:330 - [2m2025-09-24T04:58:52.373292Z[0m [[32m[1minfo     [0m] [1m    - Employees: 9 records    [0m [[0m[1m[34mconnector[0m][0m
2025-09-24 10:28:52,373 - connector - INFO - _discovery_phase:330 - [2m2025-09-24T04:58:52.373292Z[0m [[32m[1minfo     [0m] [1m    - Customers: 91 records   [0m [[0m[1m[34mconnector[0m][0m
2025-09-24 10:28:52,373 - connector - INFO - _discovery_phase:330 - [2m2025-09-24T04:58:52.373292Z[0m [[32m[1minfo     [0m] [1m    - Invoices: 2155 records  [0m [[0m[1m[34mconnector[0m][0m
2025-09-24 10:28:52,374 - connector - INFO - _discovery_phase:330 - [2m2025-09-24T04:58:52.374324Z[0m [[32m[1minfo     [0m] [1m    - Order_Subtotals: 830 records[0m [[0m[1m[34mconnector[0m][0m
2025-09-24 10:28:52,374 - connector - INFO - _discovery_phase:330 - [2m2025-09-24T04:58:52.374324Z[0m [[32m[1minfo     [0m] [1m    - CustomerDemographics: 0 records[0m [[0m[1m[34mconnector[0m][0m
2025-09-24 10:28:52,374 - connector - INFO - _discovery_phase:330 - [2m2025-09-24T04:58:52.374324Z[0m [[32m[1minfo     [0m] [1m    - Products_Above_Average_Prices: 25 records[0m [[0m[1m[34mconnector[0m][0m
2025-09-24 10:28:52,374 - connector - INFO - _discovery_phase:330 - [2m2025-09-24T04:58:52.374324Z[0m [[32m[1minfo     [0m] [1m    - Products_by_Categories: 69 records[0m [[0m[1m[34mconnector[0m][0m
2025-09-24 10:28:52,374 - connector - INFO - _discovery_phase:330 - [2m2025-09-24T04:58:52.374324Z[0m [[32m[1minfo     [0m] [1m    - Order_Details: 2155 records[0m [[0m[1m[34mconnector[0m][0m
2025-09-24 10:28:52,374 - connector - INFO - _discovery_phase:330 - [2m2025-09-24T04:58:52.374324Z[0m [[32m[1minfo     [0m] [1m    - Category_Sales_for_1997: 8 records[0m [[0m[1m[34mconnector[0m][0m
2025-09-24 10:28:52,374 - connector - INFO - _discovery_phase:330 - [2m2025-09-24T04:58:52.374324Z[0m [[32m[1minfo     [0m] [1m    - Order_Details_Extendeds: 2155 records[0m [[0m[1m[34mconnector[0m][0m
2025-09-24 10:28:52,374 - connector - INFO - _discovery_phase:330 - [2m2025-09-24T04:58:52.374324Z[0m [[32m[1minfo     [0m] [1m    - Customer_and_Suppliers_by_Cities: 120 records[0m [[0m[1m[34mconnector[0m][0m
2025-09-24 10:28:52,374 - connector - INFO - _discovery_phase:330 - [2m2025-09-24T04:58:52.374324Z[0m [[32m[1minfo     [0m] [1m    - Categories: 8 records   [0m [[0m[1m[34mconnector[0m][0m
2025-09-24 10:28:52,374 - connector - INFO - _discovery_phase:330 - [2m2025-09-24T04:58:52.374324Z[0m [[32m[1minfo     [0m] [1m    - Sales_Totals_by_Amounts: 66 records[0m [[0m[1m[34mconnector[0m][0m
2025-09-24 10:28:52,374 - connector - INFO - _discovery_phase:330 - [2m2025-09-24T04:58:52.374324Z[0m [[32m[1minfo     [0m] [1m    - Regions: 4 records      [0m [[0m[1m[34mconnector[0m][0m
2025-09-24 10:28:52,374 - connector - INFO - _discovery_phase:330 - [2m2025-09-24T04:58:52.374324Z[0m [[32m[1minfo     [0m] [1m    - Products: 77 records    [0m [[0m[1m[34mconnector[0m][0m
2025-09-24 10:28:52,374 - connector - INFO - _discovery_phase:330 - [2m2025-09-24T04:58:52.374324Z[0m [[32m[1minfo     [0m] [1m    - Suppliers: 29 records   [0m [[0m[1m[34mconnector[0m][0m
2025-09-24 10:28:52,374 - connector - INFO - _discovery_phase:330 - [2m2025-09-24T04:58:52.374324Z[0m [[32m[1minfo     [0m] [1m    - Summary_of_Sales_by_Quarters: 809 records[0m [[0m[1m[34mconnector[0m][0m
2025-09-24 10:28:52,374 - connector - INFO - _execution_phase:334 - [2m2025-09-24T04:58:52.374324Z[0m [[32m[1minfo     [0m] [1mStarting execution phase      [0m [[0m[1m[34mconnector[0m][0m
2025-09-24 10:28:52,374 - workers.proxy_pool - INFO - start:370 - [2m2025-09-24T04:58:52.374324Z[0m [[32m[1minfo     [0m] [1mStarting proxy pool           [0m [[0m[1m[34mworkers.proxy_pool[0m][0m [36mmax_workers[0m=[35m3[0m
2025-09-24 10:28:52,374 - workers.proxy_pool - INFO - start:390 - [2m2025-09-24T04:58:52.374324Z[0m [[32m[1minfo     [0m] [1mProxy pool started successfully[0m [[0m[1m[34mworkers.proxy_pool[0m][0m
2025-09-24 10:28:52,380 - planning.plan_generator - INFO - get_initial_commands:236 - [2m2025-09-24T04:58:52.380191Z[0m [[32m[1minfo     [0m] [1mGenerated initial commands    [0m [[0m[1m[34mplanning.plan_generator[0m][0m [36mcommand_count[0m=[35m28[0m
2025-09-24 10:28:52,381 - workers.proxy_pool - INFO - add_commands:431 - [2m2025-09-24T04:58:52.381221Z[0m [[32m[1minfo     [0m] [1mCommands added to queue       [0m [[0m[1m[34mworkers.proxy_pool[0m][0m [36mcount[0m=[35m28[0m
2025-09-24 10:28:52,381 - connector - INFO - _monitor_execution:355 - [2m2025-09-24T04:58:52.381221Z[0m [[32m[1minfo     [0m] [1m🔍 Starting execution monitoring[0m [[0m[1m[34mconnector[0m][0m
2025-09-24 10:28:52,382 - connector - INFO - _monitor_execution:403 - [2m2025-09-24T04:58:52.382208Z[0m [[32m[1minfo     [0m] [1m📊 Execution progress          [0m [[0m[1m[34mconnector[0m][0m [36mactive_workers[0m=[35m0[0m [36mcommands_executed[0m=[35m0[0m [36mqueue_size[0m=[35m28[0m [36mrecords_processed[0m=[35m0[0m
2025-09-24 10:28:52,382 - workers.proxy_pool - INFO - _worker_loop:437 - [2m2025-09-24T04:58:52.382711Z[0m [[32m[1minfo     [0m] [1m🟢 Worker started and ready for commands[0m [[0m[1m[34mworkers.proxy_pool[0m][0m [36mworker_id[0m=[35mworker_0[0m [36mworker_status[0m=[35mACTIVE[0m
2025-09-24 10:28:52,383 - workers.proxy_pool - INFO - _worker_loop:460 - [2m2025-09-24T04:58:52.383457Z[0m [[32m[1minfo     [0m] [1m📋 Worker picked up command from queue[0m [[0m[1m[34mworkers.proxy_pool[0m][0m [36mcommand_id[0m=[35mAlphabetical_list_of_products_page_1[0m [36mentity[0m=[35mAlphabetical_list_of_products[0m [36mqueue_size_after_pickup[0m=[35m27[0m [36mworker_id[0m=[35mworker_0[0m [36mworker_status[0m=[35mPROCESSING[0m
2025-09-24 10:28:52,384 - workers.proxy_pool - INFO - execute:59 - [2m2025-09-24T04:58:52.384002Z[0m [[32m[1minfo     [0m] [1m🚀 Worker starting command execution[0m [[0m[1m[34mworkers.proxy_pool[0m][0m [36mcommand_id[0m=[35mAlphabetical_list_of_products_page_1[0m [36mcommand_type[0m=[35mfetch_page[0m [36mentity[0m=[35mAlphabetical_list_of_products[0m [36mpriority[0m=[35m1[0m [36mretry_count[0m=[35m0[0m [36mskip[0m=[35m0[0m [36mtop[0m=[35m1500[0m [36mworker_id[0m=[35mworker_0[0m
2025-09-24 10:28:52,384 - workers.proxy_pool - INFO - execute:82 - [2m2025-09-24T04:58:52.384002Z[0m [[32m[1minfo     [0m] [1m🔄 Worker executing request with resilience patterns[0m [[0m[1m[34mworkers.proxy_pool[0m][0m [36mcircuit_breaker_state[0m=[35mclosed[0m [36mcommand_id[0m=[35mAlphabetical_list_of_products_page_1[0m [36mworker_id[0m=[35mworker_0[0m
2025-09-24 10:28:52,384 - planning.record_tracker - INFO - calculate_optimal_batch_size:206 - [2m2025-09-24T04:58:52.384002Z[0m [[32m[1minfo     [0m] [1mAdjusted batch size to prevent overfetching[0m [[0m[1m[34mplanning.record_tracker[0m][0m [36mdefault_size[0m=[35m1500[0m [36mentity[0m=[35mAlphabetical_list_of_products[0m [36moptimal_size[0m=[35m69[0m [36mremaining_records[0m=[35m69[0m
2025-09-24 10:28:52,384 - workers.proxy_pool - INFO - _make_http_request:177 - [2m2025-09-24T04:58:52.384002Z[0m [[32m[1minfo     [0m] [1m📏 Adjusted batch size for optimal fetching[0m [[0m[1m[34mworkers.proxy_pool[0m][0m [36mcommand_id[0m=[35mAlphabetical_list_of_products_page_1[0m [36mentity[0m=[35mAlphabetical_list_of_products[0m [36moptimal_top[0m=[35m69[0m [36moriginal_top[0m=[35m1500[0m [36mworker_id[0m=[35mworker_0[0m
2025-09-24 10:28:52,384 - workers.proxy_pool - INFO - _worker_loop:437 - [2m2025-09-24T04:58:52.384002Z[0m [[32m[1minfo     [0m] [1m🟢 Worker started and ready for commands[0m [[0m[1m[34mworkers.proxy_pool[0m][0m [36mworker_id[0m=[35mworker_1[0m [36mworker_status[0m=[35mACTIVE[0m
2025-09-24 10:28:52,384 - workers.proxy_pool - INFO - _worker_loop:460 - [2m2025-09-24T04:58:52.384002Z[0m [[32m[1minfo     [0m] [1m📋 Worker picked up command from queue[0m [[0m[1m[34mworkers.proxy_pool[0m][0m [36mcommand_id[0m=[35mSummary_of_Sales_by_Years_page_1[0m [36mentity[0m=[35mSummary_of_Sales_by_Years[0m [36mqueue_size_after_pickup[0m=[35m26[0m [36mworker_id[0m=[35mworker_1[0m [36mworker_status[0m=[35mPROCESSING[0m
2025-09-24 10:28:52,387 - workers.proxy_pool - INFO - execute:59 - [2m2025-09-24T04:58:52.387618Z[0m [[32m[1minfo     [0m] [1m🚀 Worker starting command execution[0m [[0m[1m[34mworkers.proxy_pool[0m][0m [36mcommand_id[0m=[35mSummary_of_Sales_by_Years_page_1[0m [36mcommand_type[0m=[35mfetch_page[0m [36mentity[0m=[35mSummary_of_Sales_by_Years[0m [36mpriority[0m=[35m1[0m [36mretry_count[0m=[35m0[0m [36mskip[0m=[35m0[0m [36mtop[0m=[35m1500[0m [36mworker_id[0m=[35mworker_1[0m
2025-09-24 10:28:52,387 - workers.proxy_pool - INFO - execute:82 - [2m2025-09-24T04:58:52.387618Z[0m [[32m[1minfo     [0m] [1m🔄 Worker executing request with resilience patterns[0m [[0m[1m[34mworkers.proxy_pool[0m][0m [36mcircuit_breaker_state[0m=[35mclosed[0m [36mcommand_id[0m=[35mSummary_of_Sales_by_Years_page_1[0m [36mworker_id[0m=[35mworker_1[0m
2025-09-24 10:28:52,387 - planning.record_tracker - INFO - calculate_optimal_batch_size:206 - [2m2025-09-24T04:58:52.387618Z[0m [[32m[1minfo     [0m] [1mAdjusted batch size to prevent overfetching[0m [[0m[1m[34mplanning.record_tracker[0m][0m [36mdefault_size[0m=[35m1500[0m [36mentity[0m=[35mSummary_of_Sales_by_Years[0m [36moptimal_size[0m=[35m809[0m [36mremaining_records[0m=[35m809[0m
2025-09-24 10:28:52,387 - workers.proxy_pool - INFO - _make_http_request:177 - [2m2025-09-24T04:58:52.387618Z[0m [[32m[1minfo     [0m] [1m📏 Adjusted batch size for optimal fetching[0m [[0m[1m[34mworkers.proxy_pool[0m][0m [36mcommand_id[0m=[35mSummary_of_Sales_by_Years_page_1[0m [36mentity[0m=[35mSummary_of_Sales_by_Years[0m [36moptimal_top[0m=[35m809[0m [36moriginal_top[0m=[35m1500[0m [36mworker_id[0m=[35mworker_1[0m
2025-09-24 10:28:52,387 - workers.proxy_pool - INFO - _worker_loop:437 - [2m2025-09-24T04:58:52.387618Z[0m [[32m[1minfo     [0m] [1m🟢 Worker started and ready for commands[0m [[0m[1m[34mworkers.proxy_pool[0m][0m [36mworker_id[0m=[35mworker_2[0m [36mworker_status[0m=[35mACTIVE[0m
2025-09-24 10:28:52,387 - workers.proxy_pool - INFO - _worker_loop:460 - [2m2025-09-24T04:58:52.387618Z[0m [[32m[1minfo     [0m] [1m📋 Worker picked up command from queue[0m [[0m[1m[34mworkers.proxy_pool[0m][0m [36mcommand_id[0m=[35mCurrent_Product_Lists_page_1[0m [36mentity[0m=[35mCurrent_Product_Lists[0m [36mqueue_size_after_pickup[0m=[35m25[0m [36mworker_id[0m=[35mworker_2[0m [36mworker_status[0m=[35mPROCESSING[0m
2025-09-24 10:28:52,387 - workers.proxy_pool - INFO - execute:59 - [2m2025-09-24T04:58:52.387618Z[0m [[32m[1minfo     [0m] [1m🚀 Worker starting command execution[0m [[0m[1m[34mworkers.proxy_pool[0m][0m [36mcommand_id[0m=[35mCurrent_Product_Lists_page_1[0m [36mcommand_type[0m=[35mfetch_page[0m [36mentity[0m=[35mCurrent_Product_Lists[0m [36mpriority[0m=[35m1[0m [36mretry_count[0m=[35m0[0m [36mskip[0m=[35m0[0m [36mtop[0m=[35m1500[0m [36mworker_id[0m=[35mworker_2[0m
2025-09-24 10:28:52,387 - workers.proxy_pool - INFO - execute:82 - [2m2025-09-24T04:58:52.387618Z[0m [[32m[1minfo     [0m] [1m🔄 Worker executing request with resilience patterns[0m [[0m[1m[34mworkers.proxy_pool[0m][0m [36mcircuit_breaker_state[0m=[35mclosed[0m [36mcommand_id[0m=[35mCurrent_Product_Lists_page_1[0m [36mworker_id[0m=[35mworker_2[0m
2025-09-24 10:28:52,387 - planning.record_tracker - INFO - calculate_optimal_batch_size:206 - [2m2025-09-24T04:58:52.387618Z[0m [[32m[1minfo     [0m] [1mAdjusted batch size to prevent overfetching[0m [[0m[1m[34mplanning.record_tracker[0m][0m [36mdefault_size[0m=[35m1500[0m [36mentity[0m=[35mCurrent_Product_Lists[0m [36moptimal_size[0m=[35m69[0m [36mremaining_records[0m=[35m69[0m
2025-09-24 10:28:52,391 - workers.proxy_pool - INFO - _make_http_request:177 - [2m2025-09-24T04:58:52.391730Z[0m [[32m[1minfo     [0m] [1m📏 Adjusted batch size for optimal fetching[0m [[0m[1m[34mworkers.proxy_pool[0m][0m [36mcommand_id[0m=[35mCurrent_Product_Lists_page_1[0m [36mentity[0m=[35mCurrent_Product_Lists[0m [36moptimal_top[0m=[35m69[0m [36moriginal_top[0m=[35m1500[0m [36mworker_id[0m=[35mworker_2[0m
2025-09-24 10:28:52,391 - httpcore.http11 - DEBUG - atrace:87 - send_request_headers.started request=<Request [b'GET']>
2025-09-24 10:28:52,391 - httpcore.http11 - DEBUG - atrace:87 - send_request_headers.complete
2025-09-24 10:28:52,391 - httpcore.http11 - DEBUG - atrace:87 - send_request_body.started request=<Request [b'GET']>
2025-09-24 10:28:52,391 - httpcore.http11 - DEBUG - atrace:87 - send_request_body.complete
2025-09-24 10:28:52,391 - httpcore.http11 - DEBUG - atrace:87 - receive_response_headers.started request=<Request [b'GET']>
2025-09-24 10:28:52,393 - httpcore.connection - DEBUG - atrace:87 - connect_tcp.started host='services.odata.org' port=443 local_address=None timeout=30 socket_options=None
2025-09-24 10:28:52,393 - httpcore.connection - DEBUG - atrace:87 - connect_tcp.started host='services.odata.org' port=443 local_address=None timeout=30 socket_options=None
2025-09-24 10:28:52,626 - httpcore.connection - DEBUG - atrace:87 - connect_tcp.complete return_value=<httpcore._backends.anyio.AnyIOStream object at 0x000001C2200144A0>
2025-09-24 10:28:52,626 - httpcore.connection - DEBUG - atrace:87 - start_tls.started ssl_context=<ssl.SSLContext object at 0x000001C21FC66BD0> server_hostname='services.odata.org' timeout=30
2025-09-24 10:28:52,633 - httpcore.http11 - DEBUG - atrace:87 - receive_response_headers.complete return_value=(b'HTTP/1.1', 200, b'OK', [(b'Content-Length', b'3863'), (b'Content-Type', b'application/json;odata.metadata=minimal;odata.streaming=true;IEEE754Compatible=false;charset=utf-8'), (b'Date', b'Wed, 24 Sep 2025 04:58:52 GMT'), (b'Server', b'Microsoft-IIS/10.0'), (b'Access-Control-Allow-Headers', b'Accept, Origin, Content-Type, MaxDataServiceVersion'), (b'Access-Control-Allow-Methods', b'GET'), (b'Access-Control-Allow-Origin', b'*'), (b'Access-Control-Expose-Headers', b'DataServiceVersion'), (b'Cache-Control', b'private'), (b'Content-Encoding', b'gzip'), (b'Expires', b'Wed, 24 Sep 2025 04:59:19 GMT'), (b'Vary', b'*'), (b'X-Content-Type-Options', b'nosniff'), (b'OData-Version', b'4.0;'), (b'X-AspNet-Version', b'4.0.30319'), (b'X-Powered-By', b'ASP.NET')])
2025-09-24 10:28:52,633 - httpx - INFO - _send_single_request:1740 - HTTP Request: GET https://services.odata.org/V4/Northwind/Northwind.svc/Alphabetical_list_of_products?%24skip=0&%24top=69 "HTTP/1.1 200 OK"
2025-09-24 10:28:52,634 - httpcore.http11 - DEBUG - atrace:87 - receive_response_body.started request=<Request [b'GET']>
2025-09-24 10:28:52,634 - httpcore.connection - DEBUG - atrace:87 - connect_tcp.complete return_value=<httpcore._backends.anyio.AnyIOStream object at 0x000001C2200852B0>
2025-09-24 10:28:52,634 - httpcore.connection - DEBUG - atrace:87 - start_tls.started ssl_context=<ssl.SSLContext object at 0x000001C21FC66BD0> server_hostname='services.odata.org' timeout=30
2025-09-24 10:28:53,102 - httpcore.connection - DEBUG - atrace:87 - start_tls.complete return_value=<httpcore._backends.anyio.AnyIOStream object at 0x000001C2200856A0>
2025-09-24 10:28:53,102 - httpcore.http11 - DEBUG - atrace:87 - send_request_headers.started request=<Request [b'GET']>
2025-09-24 10:28:53,102 - httpcore.http11 - DEBUG - atrace:87 - send_request_headers.complete
2025-09-24 10:28:53,102 - httpcore.http11 - DEBUG - atrace:87 - send_request_body.started request=<Request [b'GET']>
2025-09-24 10:28:53,102 - httpcore.http11 - DEBUG - atrace:87 - send_request_body.complete
2025-09-24 10:28:53,102 - httpcore.http11 - DEBUG - atrace:87 - receive_response_headers.started request=<Request [b'GET']>
2025-09-24 10:28:53,118 - httpcore.connection - DEBUG - atrace:87 - start_tls.complete return_value=<httpcore._backends.anyio.AnyIOStream object at 0x000001C2200853A0>
2025-09-24 10:28:53,118 - httpcore.http11 - DEBUG - atrace:87 - send_request_headers.started request=<Request [b'GET']>
2025-09-24 10:28:53,118 - httpcore.http11 - DEBUG - atrace:87 - send_request_headers.complete
2025-09-24 10:28:53,118 - httpcore.http11 - DEBUG - atrace:87 - send_request_body.started request=<Request [b'GET']>
2025-09-24 10:28:53,118 - httpcore.http11 - DEBUG - atrace:87 - send_request_body.complete
2025-09-24 10:28:53,118 - httpcore.http11 - DEBUG - atrace:87 - receive_response_headers.started request=<Request [b'GET']>
2025-09-24 10:28:53,251 - httpcore.http11 - DEBUG - atrace:87 - receive_response_body.complete
2025-09-24 10:28:53,251 - httpcore.http11 - DEBUG - atrace:87 - response_closed.started
2025-09-24 10:28:53,251 - httpcore.http11 - DEBUG - atrace:87 - response_closed.complete
2025-09-24 10:28:53,251 - planning.record_tracker - INFO - add_page_records:38 - [2m2025-09-24T04:58:53.251937Z[0m [[32m[1minfo     [0m] [1m✅ Entity record fetching complete[0m [[0m[1m[34mplanning.record_tracker[0m][0m [36mentity[0m=[35mAlphabetical_list_of_products[0m [36mfetched[0m=[35m69[0m [36mtarget[0m=[35m69[0m
2025-09-24 10:28:53,251 - workers.proxy_pool - INFO - _make_http_request:243 - [2m2025-09-24T04:58:53.251937Z[0m [[32m[1minfo     [0m] [1m🎯 Stopping pagination due to record limits[0m [[0m[1m[34mworkers.proxy_pool[0m][0m [36mcommand_id[0m=[35mAlphabetical_list_of_products_page_1[0m [36mentity[0m=[35mAlphabetical_list_of_products[0m [36mentity_complete[0m=[35mTrue[0m [36mglobal_limit_reached[0m=[35mNone[0m [36mworker_id[0m=[35mworker_0[0m
2025-09-24 10:28:53,251 - workers.proxy_pool - INFO - _make_http_request:250 - [2m2025-09-24T04:58:53.251937Z[0m [[32m[1minfo     [0m] [1m📊 Worker successfully fetched data[0m [[0m[1m[34mworkers.proxy_pool[0m][0m [36mactual_records_added[0m=[35m69[0m [36mcommand_id[0m=[35mAlphabetical_list_of_products_page_1[0m [36mentity[0m=[35mAlphabetical_list_of_products[0m [36mentity_total_fetched[0m=[35m69[0m [36mglobal_total_fetched[0m=[35m69[0m [36mhas_next_page[0m=[35mFalse[0m [36mrecords_in_response[0m=[35m69[0m [36mworker_id[0m=[35mworker_0[0m
2025-09-24 10:28:53,251 - workers.proxy_pool - INFO - execute:110 - [2m2025-09-24T04:58:53.251937Z[0m [[32m[1minfo     [0m] [1m✅ Worker completed command successfully[0m [[0m[1m[34mworkers.proxy_pool[0m][0m [36mcommand_id[0m=[35mAlphabetical_list_of_products_page_1[0m [36mentity[0m=[35mAlphabetical_list_of_products[0m [36mexecution_time_seconds[0m=[35m0.86[0m [36mhas_next_page[0m=[35mFalse[0m [36mrecords_fetched[0m=[35m69[0m [36mworker_id[0m=[35mworker_0[0m
2025-09-24 10:28:53,251 - workers.proxy_pool - INFO - _worker_loop:460 - [2m2025-09-24T04:58:53.251937Z[0m [[32m[1minfo     [0m] [1m📋 Worker picked up command from queue[0m [[0m[1m[34mworkers.proxy_pool[0m][0m [36mcommand_id[0m=[35mOrders_Qries_page_1[0m [36mentity[0m=[35mOrders_Qries[0m [36mqueue_size_after_pickup[0m=[35m24[0m [36mworker_id[0m=[35mworker_0[0m [36mworker_status[0m=[35mPROCESSING[0m
2025-09-24 10:28:53,251 - workers.proxy_pool - INFO - execute:59 - [2m2025-09-24T04:58:53.251937Z[0m [[32m[1minfo     [0m] [1m🚀 Worker starting command execution[0m [[0m[1m[34mworkers.proxy_pool[0m][0m [36mcommand_id[0m=[35mOrders_Qries_page_1[0m [36mcommand_type[0m=[35mfetch_page[0m [36mentity[0m=[35mOrders_Qries[0m [36mpriority[0m=[35m1[0m [36mretry_count[0m=[35m0[0m [36mskip[0m=[35m0[0m [36mtop[0m=[35m1500[0m [36mworker_id[0m=[35mworker_0[0m
2025-09-24 10:28:53,251 - workers.proxy_pool - INFO - execute:82 - [2m2025-09-24T04:58:53.251937Z[0m [[32m[1minfo     [0m] [1m🔄 Worker executing request with resilience patterns[0m [[0m[1m[34mworkers.proxy_pool[0m][0m [36mcircuit_breaker_state[0m=[35mclosed[0m [36mcommand_id[0m=[35mOrders_Qries_page_1[0m [36mworker_id[0m=[35mworker_0[0m
2025-09-24 10:28:53,251 - planning.record_tracker - INFO - calculate_optimal_batch_size:206 - [2m2025-09-24T04:58:53.251937Z[0m [[32m[1minfo     [0m] [1mAdjusted batch size to prevent overfetching[0m [[0m[1m[34mplanning.record_tracker[0m][0m [36mdefault_size[0m=[35m1500[0m [36mentity[0m=[35mOrders_Qries[0m [36moptimal_size[0m=[35m830[0m [36mremaining_records[0m=[35m830[0m
2025-09-24 10:28:53,251 - workers.proxy_pool - INFO - _make_http_request:177 - [2m2025-09-24T04:58:53.251937Z[0m [[32m[1minfo     [0m] [1m📏 Adjusted batch size for optimal fetching[0m [[0m[1m[34mworkers.proxy_pool[0m][0m [36mcommand_id[0m=[35mOrders_Qries_page_1[0m [36mentity[0m=[35mOrders_Qries[0m [36moptimal_top[0m=[35m830[0m [36moriginal_top[0m=[35m1500[0m [36mworker_id[0m=[35mworker_0[0m
2025-09-24 10:28:53,251 - storage.transformer - INFO - transform_odata_response:62 - [2m2025-09-24T04:58:53.251937Z[0m [[32m[1minfo     [0m] [1mStarting transformation       [0m [[0m[1m[34mstorage.transformer[0m][0m [36mentity_name[0m=[35mAlphabetical_list_of_products[0m [36mresponse_keys[0m=[35m['@odata.context', 'value'][0m
2025-09-24 10:28:53,251 - storage.transformer - INFO - transform_odata_response:101 - [2m2025-09-24T04:58:53.251937Z[0m [[32m[1minfo     [0m] [1mTransformation completed      [0m [[0m[1m[34mstorage.transformer[0m][0m [36mentity_name[0m=[35mAlphabetical_list_of_products[0m [36minput_records[0m=[35m69[0m [36moutput_records[0m=[35m69[0m [36mtransformation_time_seconds[0m=[35m0.0[0m
2025-09-24 10:28:53,251 - storage.local_storage - INFO - store_processed_records:145 - [2m2025-09-24T04:58:53.251937Z[0m [[32m[1minfo     [0m] [1mStoring processed records     [0m [[0m[1m[34mstorage.local_storage[0m][0m [36mentity_name[0m=[35mAlphabetical_list_of_products[0m [36mformat[0m=[35mjson[0m [36mrecord_count[0m=[35m69[0m
2025-09-24 10:28:53,251 - storage.local_storage - INFO - store_processed_records:160 - [2m2025-09-24T04:58:53.251937Z[0m [[32m[1minfo     [0m] [1mSuccessfully stored processed records[0m [[0m[1m[34mstorage.local_storage[0m][0m [36mentity_name[0m=[35mAlphabetical_list_of_products[0m [36mfile_path[0m=[35m./test_output/processed\Alphabetical_list_of_products_20250924_045853.json[0m [36mrecord_count[0m=[35m69[0m [36mstorage_time_seconds[0m=[35m0.0[0m
2025-09-24 10:28:53,264 - storage.local_storage - INFO - store_raw_response:89 - [2m2025-09-24T04:58:53.264003Z[0m [[32m[1minfo     [0m] [1mSuccessfully stored raw data  [0m [[0m[1m[34mstorage.local_storage[0m][0m [36mentity_name[0m=[35mAlphabetical_list_of_products[0m [36mfile_path[0m=[35m./test_output/raw\Alphabetical_list_of_products\2025/09/24\04\Alphabetical_list_of_products_page_1.json[0m [36msize_bytes[0m=[35m25179[0m [36mstorage_time_seconds[0m=[35m0.016[0m
2025-09-24 10:28:53,265 - httpcore.http11 - DEBUG - atrace:87 - send_request_headers.started request=<Request [b'GET']>
2025-09-24 10:28:53,265 - httpcore.http11 - DEBUG - atrace:87 - send_request_headers.complete
2025-09-24 10:28:53,265 - httpcore.http11 - DEBUG - atrace:87 - send_request_body.started request=<Request [b'GET']>
2025-09-24 10:28:53,265 - httpcore.http11 - DEBUG - atrace:87 - send_request_body.complete
2025-09-24 10:28:53,265 - httpcore.http11 - DEBUG - atrace:87 - receive_response_headers.started request=<Request [b'GET']>
2025-09-24 10:28:53,342 - httpcore.http11 - DEBUG - atrace:87 - receive_response_headers.complete return_value=(b'HTTP/1.1', 200, b'OK', [(b'Content-Length', b'1594'), (b'Content-Type', b'application/json;odata.metadata=minimal;odata.streaming=true;IEEE754Compatible=false;charset=utf-8'), (b'Date', b'Wed, 24 Sep 2025 04:58:53 GMT'), (b'Server', b'Microsoft-IIS/10.0'), (b'Access-Control-Allow-Headers', b'Accept, Origin, Content-Type, MaxDataServiceVersion'), (b'Access-Control-Allow-Methods', b'GET'), (b'Access-Control-Allow-Origin', b'*'), (b'Access-Control-Expose-Headers', b'DataServiceVersion'), (b'Cache-Control', b'private'), (b'Content-Encoding', b'gzip'), (b'Expires', b'Wed, 24 Sep 2025 04:59:22 GMT'), (b'Vary', b'*'), (b'X-Content-Type-Options', b'nosniff'), (b'OData-Version', b'4.0;'), (b'X-AspNet-Version', b'4.0.30319'), (b'X-Powered-By', b'ASP.NET')])
2025-09-24 10:28:53,342 - httpx - INFO - _send_single_request:1740 - HTTP Request: GET https://services.odata.org/V4/Northwind/Northwind.svc/Summary_of_Sales_by_Years?%24skip=0&%24top=809 "HTTP/1.1 200 OK"
2025-09-24 10:28:53,342 - httpcore.http11 - DEBUG - atrace:87 - receive_response_body.started request=<Request [b'GET']>
2025-09-24 10:28:53,342 - httpcore.http11 - DEBUG - atrace:87 - receive_response_body.complete
2025-09-24 10:28:53,342 - httpcore.http11 - DEBUG - atrace:87 - response_closed.started
2025-09-24 10:28:53,342 - httpcore.http11 - DEBUG - atrace:87 - response_closed.complete
2025-09-24 10:28:53,342 - workers.proxy_pool - INFO - _make_http_request:250 - [2m2025-09-24T04:58:53.342085Z[0m [[32m[1minfo     [0m] [1m📊 Worker successfully fetched data[0m [[0m[1m[34mworkers.proxy_pool[0m][0m [36mactual_records_added[0m=[35m100[0m [36mcommand_id[0m=[35mSummary_of_Sales_by_Years_page_1[0m [36mentity[0m=[35mSummary_of_Sales_by_Years[0m [36mentity_total_fetched[0m=[35m100[0m [36mglobal_total_fetched[0m=[35m169[0m [36mhas_next_page[0m=[35mTrue[0m [36mrecords_in_response[0m=[35m100[0m [36mworker_id[0m=[35mworker_1[0m
2025-09-24 10:28:53,342 - workers.proxy_pool - INFO - execute:110 - [2m2025-09-24T04:58:53.342085Z[0m [[32m[1minfo     [0m] [1m✅ Worker completed command successfully[0m [[0m[1m[34mworkers.proxy_pool[0m][0m [36mcommand_id[0m=[35mSummary_of_Sales_by_Years_page_1[0m [36mentity[0m=[35mSummary_of_Sales_by_Years[0m [36mexecution_time_seconds[0m=[35m0.95[0m [36mhas_next_page[0m=[35mTrue[0m [36mrecords_fetched[0m=[35m100[0m [36mworker_id[0m=[35mworker_1[0m
2025-09-24 10:28:53,344 - workers.proxy_pool - INFO - _worker_loop:460 - [2m2025-09-24T04:58:53.344807Z[0m [[32m[1minfo     [0m] [1m📋 Worker picked up command from queue[0m [[0m[1m[34mworkers.proxy_pool[0m][0m [36mcommand_id[0m=[35mProduct_Sales_for_1997_page_1[0m [36mentity[0m=[35mProduct_Sales_for_1997[0m [36mqueue_size_after_pickup[0m=[35m23[0m [36mworker_id[0m=[35mworker_1[0m [36mworker_status[0m=[35mPROCESSING[0m
2025-09-24 10:28:53,344 - workers.proxy_pool - INFO - execute:59 - [2m2025-09-24T04:58:53.344807Z[0m [[32m[1minfo     [0m] [1m🚀 Worker starting command execution[0m [[0m[1m[34mworkers.proxy_pool[0m][0m [36mcommand_id[0m=[35mProduct_Sales_for_1997_page_1[0m [36mcommand_type[0m=[35mfetch_page[0m [36mentity[0m=[35mProduct_Sales_for_1997[0m [36mpriority[0m=[35m1[0m [36mretry_count[0m=[35m0[0m [36mskip[0m=[35m0[0m [36mtop[0m=[35m1500[0m [36mworker_id[0m=[35mworker_1[0m
2025-09-24 10:28:53,344 - workers.proxy_pool - INFO - execute:82 - [2m2025-09-24T04:58:53.344807Z[0m [[32m[1minfo     [0m] [1m🔄 Worker executing request with resilience patterns[0m [[0m[1m[34mworkers.proxy_pool[0m][0m [36mcircuit_breaker_state[0m=[35mclosed[0m [36mcommand_id[0m=[35mProduct_Sales_for_1997_page_1[0m [36mworker_id[0m=[35mworker_1[0m
2025-09-24 10:28:53,344 - planning.record_tracker - INFO - calculate_optimal_batch_size:206 - [2m2025-09-24T04:58:53.344807Z[0m [[32m[1minfo     [0m] [1mAdjusted batch size to prevent overfetching[0m [[0m[1m[34mplanning.record_tracker[0m][0m [36mdefault_size[0m=[35m1500[0m [36mentity[0m=[35mProduct_Sales_for_1997[0m [36moptimal_size[0m=[35m77[0m [36mremaining_records[0m=[35m77[0m
2025-09-24 10:28:53,344 - workers.proxy_pool - INFO - _make_http_request:177 - [2m2025-09-24T04:58:53.344807Z[0m [[32m[1minfo     [0m] [1m📏 Adjusted batch size for optimal fetching[0m [[0m[1m[34mworkers.proxy_pool[0m][0m [36mcommand_id[0m=[35mProduct_Sales_for_1997_page_1[0m [36mentity[0m=[35mProduct_Sales_for_1997[0m [36moptimal_top[0m=[35m77[0m [36moriginal_top[0m=[35m1500[0m [36mworker_id[0m=[35mworker_1[0m
2025-09-24 10:28:53,346 - storage.transformer - INFO - transform_odata_response:62 - [2m2025-09-24T04:58:53.346749Z[0m [[32m[1minfo     [0m] [1mStarting transformation       [0m [[0m[1m[34mstorage.transformer[0m][0m [36mentity_name[0m=[35mSummary_of_Sales_by_Years[0m [36mresponse_keys[0m=[35m['@odata.context', 'value', '@odata.nextLink'][0m
2025-09-24 10:28:53,348 - storage.transformer - INFO - transform_odata_response:101 - [2m2025-09-24T04:58:53.348715Z[0m [[32m[1minfo     [0m] [1mTransformation completed      [0m [[0m[1m[34mstorage.transformer[0m][0m [36mentity_name[0m=[35mSummary_of_Sales_by_Years[0m [36minput_records[0m=[35m100[0m [36moutput_records[0m=[35m100[0m [36mtransformation_time_seconds[0m=[35m0.0[0m
2025-09-24 10:28:53,349 - storage.local_storage - INFO - store_processed_records:145 - [2m2025-09-24T04:58:53.349983Z[0m [[32m[1minfo     [0m] [1mStoring processed records     [0m [[0m[1m[34mstorage.local_storage[0m][0m [36mentity_name[0m=[35mSummary_of_Sales_by_Years[0m [36mformat[0m=[35mjson[0m [36mrecord_count[0m=[35m100[0m
2025-09-24 10:28:53,352 - storage.local_storage - INFO - store_processed_records:160 - [2m2025-09-24T04:58:53.352114Z[0m [[32m[1minfo     [0m] [1mSuccessfully stored processed records[0m [[0m[1m[34mstorage.local_storage[0m][0m [36mentity_name[0m=[35mSummary_of_Sales_by_Years[0m [36mfile_path[0m=[35m./test_output/processed\Summary_of_Sales_by_Years_20250924_045853.json[0m [36mrecord_count[0m=[35m100[0m [36mstorage_time_seconds[0m=[35m0.016[0m
2025-09-24 10:28:53,352 - storage.local_storage - INFO - store_raw_response:89 - [2m2025-09-24T04:58:53.352114Z[0m [[32m[1minfo     [0m] [1mSuccessfully stored raw data  [0m [[0m[1m[34mstorage.local_storage[0m][0m [36mentity_name[0m=[35mSummary_of_Sales_by_Years[0m [36mfile_path[0m=[35m./test_output/raw\Summary_of_Sales_by_Years\2025/09/24\04\Summary_of_Sales_by_Years_page_1.json[0m [36msize_bytes[0m=[35m12073[0m [36mstorage_time_seconds[0m=[35m0.0[0m
2025-09-24 10:28:53,352 - httpcore.http11 - DEBUG - atrace:87 - send_request_headers.started request=<Request [b'GET']>
2025-09-24 10:28:53,352 - httpcore.http11 - DEBUG - atrace:87 - send_request_headers.complete
2025-09-24 10:28:53,352 - httpcore.http11 - DEBUG - atrace:87 - send_request_body.started request=<Request [b'GET']>
2025-09-24 10:28:53,352 - httpcore.http11 - DEBUG - atrace:87 - send_request_body.complete
2025-09-24 10:28:53,352 - httpcore.http11 - DEBUG - atrace:87 - receive_response_headers.started request=<Request [b'GET']>
2025-09-24 10:28:53,367 - httpcore.http11 - DEBUG - atrace:87 - receive_response_headers.complete return_value=(b'HTTP/1.1', 200, b'OK', [(b'Content-Length', b'1429'), (b'Content-Type', b'application/json;odata.metadata=minimal;odata.streaming=true;IEEE754Compatible=false;charset=utf-8'), (b'Date', b'Wed, 24 Sep 2025 04:58:53 GMT'), (b'Server', b'Microsoft-IIS/10.0'), (b'Access-Control-Allow-Headers', b'Accept, Origin, Content-Type, MaxDataServiceVersion'), (b'Access-Control-Allow-Methods', b'GET'), (b'Access-Control-Allow-Origin', b'*'), (b'Access-Control-Expose-Headers', b'DataServiceVersion'), (b'Cache-Control', b'private'), (b'Content-Encoding', b'gzip'), (b'Expires', b'Wed, 24 Sep 2025 04:59:19 GMT'), (b'Vary', b'*'), (b'X-Content-Type-Options', b'nosniff'), (b'OData-Version', b'4.0;'), (b'X-AspNet-Version', b'4.0.30319'), (b'X-Powered-By', b'ASP.NET')])
2025-09-24 10:28:53,368 - httpx - INFO - _send_single_request:1740 - HTTP Request: GET https://services.odata.org/V4/Northwind/Northwind.svc/Current_Product_Lists?%24skip=0&%24top=69 "HTTP/1.1 200 OK"
2025-09-24 10:28:53,368 - httpcore.http11 - DEBUG - atrace:87 - receive_response_body.started request=<Request [b'GET']>
2025-09-24 10:28:53,368 - httpcore.http11 - DEBUG - atrace:87 - receive_response_body.complete
2025-09-24 10:28:53,368 - httpcore.http11 - DEBUG - atrace:87 - response_closed.started
2025-09-24 10:28:53,368 - httpcore.http11 - DEBUG - atrace:87 - response_closed.complete
2025-09-24 10:28:53,368 - planning.record_tracker - INFO - add_page_records:38 - [2m2025-09-24T04:58:53.368016Z[0m [[32m[1minfo     [0m] [1m✅ Entity record fetching complete[0m [[0m[1m[34mplanning.record_tracker[0m][0m [36mentity[0m=[35mCurrent_Product_Lists[0m [36mfetched[0m=[35m69[0m [36mtarget[0m=[35m69[0m
2025-09-24 10:28:53,369 - workers.proxy_pool - INFO - _make_http_request:243 - [2m2025-09-24T04:58:53.369018Z[0m [[32m[1minfo     [0m] [1m🎯 Stopping pagination due to record limits[0m [[0m[1m[34mworkers.proxy_pool[0m][0m [36mcommand_id[0m=[35mCurrent_Product_Lists_page_1[0m [36mentity[0m=[35mCurrent_Product_Lists[0m [36mentity_complete[0m=[35mTrue[0m [36mglobal_limit_reached[0m=[35mNone[0m [36mworker_id[0m=[35mworker_2[0m
2025-09-24 10:28:53,369 - workers.proxy_pool - INFO - _make_http_request:250 - [2m2025-09-24T04:58:53.369018Z[0m [[32m[1minfo     [0m] [1m📊 Worker successfully fetched data[0m [[0m[1m[34mworkers.proxy_pool[0m][0m [36mactual_records_added[0m=[35m69[0m [36mcommand_id[0m=[35mCurrent_Product_Lists_page_1[0m [36mentity[0m=[35mCurrent_Product_Lists[0m [36mentity_total_fetched[0m=[35m69[0m [36mglobal_total_fetched[0m=[35m238[0m [36mhas_next_page[0m=[35mFalse[0m [36mrecords_in_response[0m=[35m69[0m [36mworker_id[0m=[35mworker_2[0m
2025-09-24 10:28:53,369 - workers.proxy_pool - INFO - execute:110 - [2m2025-09-24T04:58:53.369871Z[0m [[32m[1minfo     [0m] [1m✅ Worker completed command successfully[0m [[0m[1m[34mworkers.proxy_pool[0m][0m [36mcommand_id[0m=[35mCurrent_Product_Lists_page_1[0m [36mentity[0m=[35mCurrent_Product_Lists[0m [36mexecution_time_seconds[0m=[35m0.98[0m [36mhas_next_page[0m=[35mFalse[0m [36mrecords_fetched[0m=[35m69[0m [36mworker_id[0m=[35mworker_2[0m
2025-09-24 10:28:53,370 - workers.proxy_pool - INFO - _worker_loop:460 - [2m2025-09-24T04:58:53.370507Z[0m [[32m[1minfo     [0m] [1m📋 Worker picked up command from queue[0m [[0m[1m[34mworkers.proxy_pool[0m][0m [36mcommand_id[0m=[35mOrders_page_1[0m [36mentity[0m=[35mOrders[0m [36mqueue_size_after_pickup[0m=[35m23[0m [36mworker_id[0m=[35mworker_2[0m [36mworker_status[0m=[35mPROCESSING[0m
2025-09-24 10:28:53,370 - workers.proxy_pool - INFO - execute:59 - [2m2025-09-24T04:58:53.370507Z[0m [[32m[1minfo     [0m] [1m🚀 Worker starting command execution[0m [[0m[1m[34mworkers.proxy_pool[0m][0m [36mcommand_id[0m=[35mOrders_page_1[0m [36mcommand_type[0m=[35mfetch_page[0m [36mentity[0m=[35mOrders[0m [36mpriority[0m=[35m1[0m [36mretry_count[0m=[35m0[0m [36mskip[0m=[35m0[0m [36mtop[0m=[35m1500[0m [36mworker_id[0m=[35mworker_2[0m
2025-09-24 10:28:53,371 - workers.proxy_pool - INFO - execute:82 - [2m2025-09-24T04:58:53.371523Z[0m [[32m[1minfo     [0m] [1m🔄 Worker executing request with resilience patterns[0m [[0m[1m[34mworkers.proxy_pool[0m][0m [36mcircuit_breaker_state[0m=[35mclosed[0m [36mcommand_id[0m=[35mOrders_page_1[0m [36mworker_id[0m=[35mworker_2[0m
2025-09-24 10:28:53,371 - planning.record_tracker - INFO - calculate_optimal_batch_size:206 - [2m2025-09-24T04:58:53.371523Z[0m [[32m[1minfo     [0m] [1mAdjusted batch size to prevent overfetching[0m [[0m[1m[34mplanning.record_tracker[0m][0m [36mdefault_size[0m=[35m1500[0m [36mentity[0m=[35mOrders[0m [36moptimal_size[0m=[35m830[0m [36mremaining_records[0m=[35m830[0m
2025-09-24 10:28:53,371 - workers.proxy_pool - INFO - _make_http_request:177 - [2m2025-09-24T04:58:53.371523Z[0m [[32m[1minfo     [0m] [1m📏 Adjusted batch size for optimal fetching[0m [[0m[1m[34mworkers.proxy_pool[0m][0m [36mcommand_id[0m=[35mOrders_page_1[0m [36mentity[0m=[35mOrders[0m [36moptimal_top[0m=[35m830[0m [36moriginal_top[0m=[35m1500[0m [36mworker_id[0m=[35mworker_2[0m
2025-09-24 10:28:53,371 - storage.transformer - INFO - transform_odata_response:62 - [2m2025-09-24T04:58:53.371523Z[0m [[32m[1minfo     [0m] [1mStarting transformation       [0m [[0m[1m[34mstorage.transformer[0m][0m [36mentity_name[0m=[35mCurrent_Product_Lists[0m [36mresponse_keys[0m=[35m['@odata.context', 'value'][0m
2025-09-24 10:28:53,371 - storage.transformer - INFO - transform_odata_response:101 - [2m2025-09-24T04:58:53.371523Z[0m [[32m[1minfo     [0m] [1mTransformation completed      [0m [[0m[1m[34mstorage.transformer[0m][0m [36mentity_name[0m=[35mCurrent_Product_Lists[0m [36minput_records[0m=[35m69[0m [36moutput_records[0m=[35m69[0m [36mtransformation_time_seconds[0m=[35m0.0[0m
2025-09-24 10:28:53,371 - storage.local_storage - INFO - store_processed_records:145 - [2m2025-09-24T04:58:53.371523Z[0m [[32m[1minfo     [0m] [1mStoring processed records     [0m [[0m[1m[34mstorage.local_storage[0m][0m [36mentity_name[0m=[35mCurrent_Product_Lists[0m [36mformat[0m=[35mjson[0m [36mrecord_count[0m=[35m69[0m
2025-09-24 10:28:53,371 - storage.local_storage - INFO - store_processed_records:160 - [2m2025-09-24T04:58:53.371523Z[0m [[32m[1minfo     [0m] [1mSuccessfully stored processed records[0m [[0m[1m[34mstorage.local_storage[0m][0m [36mentity_name[0m=[35mCurrent_Product_Lists[0m [36mfile_path[0m=[35m./test_output/processed\Current_Product_Lists_20250924_045853.json[0m [36mrecord_count[0m=[35m69[0m [36mstorage_time_seconds[0m=[35m0.0[0m
2025-09-24 10:28:53,371 - storage.local_storage - INFO - store_raw_response:89 - [2m2025-09-24T04:58:53.371523Z[0m [[32m[1minfo     [0m] [1mSuccessfully stored raw data  [0m [[0m[1m[34mstorage.local_storage[0m][0m [36mentity_name[0m=[35mCurrent_Product_Lists[0m [36mfile_path[0m=[35m./test_output/raw\Current_Product_Lists\2025/09/24\04\Current_Product_Lists_page_1.json[0m [36msize_bytes[0m=[35m6133[0m [36mstorage_time_seconds[0m=[35m0.0[0m
2025-09-24 10:28:53,371 - httpcore.http11 - DEBUG - atrace:87 - send_request_headers.started request=<Request [b'GET']>
2025-09-24 10:28:53,371 - httpcore.http11 - DEBUG - atrace:87 - send_request_headers.complete
2025-09-24 10:28:53,371 - httpcore.http11 - DEBUG - atrace:87 - send_request_body.started request=<Request [b'GET']>
2025-09-24 10:28:53,371 - httpcore.http11 - DEBUG - atrace:87 - send_request_body.complete
2025-09-24 10:28:53,371 - httpcore.http11 - DEBUG - atrace:87 - receive_response_headers.started request=<Request [b'GET']>
2025-09-24 10:28:53,506 - httpcore.http11 - DEBUG - atrace:87 - receive_response_headers.complete return_value=(b'HTTP/1.1', 200, b'OK', [(b'Content-Length', b'6604'), (b'Content-Type', b'application/json;odata.metadata=minimal;odata.streaming=true;IEEE754Compatible=false;charset=utf-8'), (b'Date', b'Wed, 24 Sep 2025 04:58:53 GMT'), (b'Server', b'Microsoft-IIS/10.0'), (b'Access-Control-Allow-Headers', b'Accept, Origin, Content-Type, MaxDataServiceVersion'), (b'Access-Control-Allow-Methods', b'GET'), (b'Access-Control-Allow-Origin', b'*'), (b'Access-Control-Expose-Headers', b'DataServiceVersion'), (b'Cache-Control', b'private'), (b'Content-Encoding', b'gzip'), (b'Expires', b'Wed, 24 Sep 2025 04:59:20 GMT'), (b'Vary', b'*'), (b'X-Content-Type-Options', b'nosniff'), (b'OData-Version', b'4.0;'), (b'X-AspNet-Version', b'4.0.30319'), (b'X-Powered-By', b'ASP.NET')])
2025-09-24 10:28:53,506 - httpx - INFO - _send_single_request:1740 - HTTP Request: GET https://services.odata.org/V4/Northwind/Northwind.svc/Orders_Qries?%24skip=0&%24top=830 "HTTP/1.1 200 OK"
2025-09-24 10:28:53,506 - httpcore.http11 - DEBUG - atrace:87 - receive_response_body.started request=<Request [b'GET']>
2025-09-24 10:28:53,506 - httpcore.http11 - DEBUG - atrace:87 - receive_response_body.complete
2025-09-24 10:28:53,506 - httpcore.http11 - DEBUG - atrace:87 - response_closed.started
2025-09-24 10:28:53,506 - httpcore.http11 - DEBUG - atrace:87 - response_closed.complete
2025-09-24 10:28:53,506 - workers.proxy_pool - INFO - _make_http_request:250 - [2m2025-09-24T04:58:53.506308Z[0m [[32m[1minfo     [0m] [1m📊 Worker successfully fetched data[0m [[0m[1m[34mworkers.proxy_pool[0m][0m [36mactual_records_added[0m=[35m100[0m [36mcommand_id[0m=[35mOrders_Qries_page_1[0m [36mentity[0m=[35mOrders_Qries[0m [36mentity_total_fetched[0m=[35m100[0m [36mglobal_total_fetched[0m=[35m338[0m [36mhas_next_page[0m=[35mTrue[0m [36mrecords_in_response[0m=[35m100[0m [36mworker_id[0m=[35mworker_0[0m
2025-09-24 10:28:53,506 - workers.proxy_pool - INFO - execute:110 - [2m2025-09-24T04:58:53.506308Z[0m [[32m[1minfo     [0m] [1m✅ Worker completed command successfully[0m [[0m[1m[34mworkers.proxy_pool[0m][0m [36mcommand_id[0m=[35mOrders_Qries_page_1[0m [36mentity[0m=[35mOrders_Qries[0m [36mexecution_time_seconds[0m=[35m0.25[0m [36mhas_next_page[0m=[35mTrue[0m [36mrecords_fetched[0m=[35m100[0m [36mworker_id[0m=[35mworker_0[0m
2025-09-24 10:28:53,506 - workers.proxy_pool - INFO - _worker_loop:460 - [2m2025-09-24T04:58:53.506308Z[0m [[32m[1minfo     [0m] [1m📋 Worker picked up command from queue[0m [[0m[1m[34mworkers.proxy_pool[0m][0m [36mcommand_id[0m=[35mTerritories_page_1[0m [36mentity[0m=[35mTerritories[0m [36mqueue_size_after_pickup[0m=[35m22[0m [36mworker_id[0m=[35mworker_0[0m [36mworker_status[0m=[35mPROCESSING[0m
2025-09-24 10:28:53,506 - workers.proxy_pool - INFO - execute:59 - [2m2025-09-24T04:58:53.506308Z[0m [[32m[1minfo     [0m] [1m🚀 Worker starting command execution[0m [[0m[1m[34mworkers.proxy_pool[0m][0m [36mcommand_id[0m=[35mTerritories_page_1[0m [36mcommand_type[0m=[35mfetch_page[0m [36mentity[0m=[35mTerritories[0m [36mpriority[0m=[35m1[0m [36mretry_count[0m=[35m0[0m [36mskip[0m=[35m0[0m [36mtop[0m=[35m1500[0m [36mworker_id[0m=[35mworker_0[0m
2025-09-24 10:28:53,506 - workers.proxy_pool - INFO - execute:82 - [2m2025-09-24T04:58:53.506308Z[0m [[32m[1minfo     [0m] [1m🔄 Worker executing request with resilience patterns[0m [[0m[1m[34mworkers.proxy_pool[0m][0m [36mcircuit_breaker_state[0m=[35mclosed[0m [36mcommand_id[0m=[35mTerritories_page_1[0m [36mworker_id[0m=[35mworker_0[0m
2025-09-24 10:28:53,506 - planning.record_tracker - INFO - calculate_optimal_batch_size:206 - [2m2025-09-24T04:58:53.506308Z[0m [[32m[1minfo     [0m] [1mAdjusted batch size to prevent overfetching[0m [[0m[1m[34mplanning.record_tracker[0m][0m [36mdefault_size[0m=[35m1500[0m [36mentity[0m=[35mTerritories[0m [36moptimal_size[0m=[35m53[0m [36mremaining_records[0m=[35m53[0m
2025-09-24 10:28:53,506 - workers.proxy_pool - INFO - _make_http_request:177 - [2m2025-09-24T04:58:53.506308Z[0m [[32m[1minfo     [0m] [1m📏 Adjusted batch size for optimal fetching[0m [[0m[1m[34mworkers.proxy_pool[0m][0m [36mcommand_id[0m=[35mTerritories_page_1[0m [36mentity[0m=[35mTerritories[0m [36moptimal_top[0m=[35m53[0m [36moriginal_top[0m=[35m1500[0m [36mworker_id[0m=[35mworker_0[0m
2025-09-24 10:28:53,506 - storage.transformer - INFO - transform_odata_response:62 - [2m2025-09-24T04:58:53.506308Z[0m [[32m[1minfo     [0m] [1mStarting transformation       [0m [[0m[1m[34mstorage.transformer[0m][0m [36mentity_name[0m=[35mOrders_Qries[0m [36mresponse_keys[0m=[35m['@odata.context', 'value', '@odata.nextLink'][0m
2025-09-24 10:28:53,516 - storage.transformer - INFO - transform_odata_response:101 - [2m2025-09-24T04:58:53.516594Z[0m [[32m[1minfo     [0m] [1mTransformation completed      [0m [[0m[1m[34mstorage.transformer[0m][0m [36mentity_name[0m=[35mOrders_Qries[0m [36minput_records[0m=[35m100[0m [36moutput_records[0m=[35m100[0m [36mtransformation_time_seconds[0m=[35m0.016[0m
2025-09-24 10:28:53,517 - storage.local_storage - INFO - store_processed_records:145 - [2m2025-09-24T04:58:53.517214Z[0m [[32m[1minfo     [0m] [1mStoring processed records     [0m [[0m[1m[34mstorage.local_storage[0m][0m [36mentity_name[0m=[35mOrders_Qries[0m [36mformat[0m=[35mjson[0m [36mrecord_count[0m=[35m100[0m
2025-09-24 10:28:53,517 - storage.local_storage - INFO - store_processed_records:160 - [2m2025-09-24T04:58:53.517214Z[0m [[32m[1minfo     [0m] [1mSuccessfully stored processed records[0m [[0m[1m[34mstorage.local_storage[0m][0m [36mentity_name[0m=[35mOrders_Qries[0m [36mfile_path[0m=[35m./test_output/processed\Orders_Qries_20250924_045853.json[0m [36mrecord_count[0m=[35m100[0m [36mstorage_time_seconds[0m=[35m0.0[0m
2025-09-24 10:28:53,517 - storage.local_storage - INFO - store_raw_response:89 - [2m2025-09-24T04:58:53.517214Z[0m [[32m[1minfo     [0m] [1mSuccessfully stored raw data  [0m [[0m[1m[34mstorage.local_storage[0m][0m [36mentity_name[0m=[35mOrders_Qries[0m [36mfile_path[0m=[35m./test_output/raw\Orders_Qries\2025/09/24\04\Orders_Qries_page_1.json[0m [36msize_bytes[0m=[35m70626[0m [36mstorage_time_seconds[0m=[35m0.0[0m
2025-09-24 10:28:53,517 - httpcore.http11 - DEBUG - atrace:87 - send_request_headers.started request=<Request [b'GET']>
2025-09-24 10:28:53,524 - httpcore.http11 - DEBUG - atrace:87 - send_request_headers.complete
2025-09-24 10:28:53,524 - httpcore.http11 - DEBUG - atrace:87 - send_request_body.started request=<Request [b'GET']>
2025-09-24 10:28:53,524 - httpcore.http11 - DEBUG - atrace:87 - send_request_body.complete
2025-09-24 10:28:53,524 - httpcore.http11 - DEBUG - atrace:87 - receive_response_headers.started request=<Request [b'GET']>
2025-09-24 10:28:53,619 - httpcore.http11 - DEBUG - atrace:87 - receive_response_headers.complete return_value=(b'HTTP/1.1', 200, b'OK', [(b'Content-Length', b'2134'), (b'Content-Type', b'application/json;odata.metadata=minimal;odata.streaming=true;IEEE754Compatible=false;charset=utf-8'), (b'Date', b'Wed, 24 Sep 2025 04:58:53 GMT'), (b'Server', b'Microsoft-IIS/10.0'), (b'Access-Control-Allow-Headers', b'Accept, Origin, Content-Type, MaxDataServiceVersion'), (b'Access-Control-Allow-Methods', b'GET'), (b'Access-Control-Allow-Origin', b'*'), (b'Access-Control-Expose-Headers', b'DataServiceVersion'), (b'Cache-Control', b'private'), (b'Content-Encoding', b'gzip'), (b'Expires', b'Wed, 24 Sep 2025 04:59:22 GMT'), (b'Vary', b'*'), (b'X-Content-Type-Options', b'nosniff'), (b'OData-Version', b'4.0;'), (b'X-AspNet-Version', b'4.0.30319'), (b'X-Powered-By', b'ASP.NET')])
2025-09-24 10:28:53,619 - httpx - INFO - _send_single_request:1740 - HTTP Request: GET https://services.odata.org/V4/Northwind/Northwind.svc/Product_Sales_for_1997?%24skip=0&%24top=77 "HTTP/1.1 200 OK"
2025-09-24 10:28:53,619 - httpcore.http11 - DEBUG - atrace:87 - receive_response_body.started request=<Request [b'GET']>
2025-09-24 10:28:53,619 - httpcore.http11 - DEBUG - atrace:87 - receive_response_body.complete
2025-09-24 10:28:53,619 - httpcore.http11 - DEBUG - atrace:87 - response_closed.started
2025-09-24 10:28:53,619 - httpcore.http11 - DEBUG - atrace:87 - response_closed.complete
2025-09-24 10:28:53,619 - planning.record_tracker - INFO - add_page_records:38 - [2m2025-09-24T04:58:53.619126Z[0m [[32m[1minfo     [0m] [1m✅ Entity record fetching complete[0m [[0m[1m[34mplanning.record_tracker[0m][0m [36mentity[0m=[35mProduct_Sales_for_1997[0m [36mfetched[0m=[35m77[0m [36mtarget[0m=[35m77[0m
2025-09-24 10:28:53,619 - workers.proxy_pool - INFO - _make_http_request:243 - [2m2025-09-24T04:58:53.619126Z[0m [[32m[1minfo     [0m] [1m🎯 Stopping pagination due to record limits[0m [[0m[1m[34mworkers.proxy_pool[0m][0m [36mcommand_id[0m=[35mProduct_Sales_for_1997_page_1[0m [36mentity[0m=[35mProduct_Sales_for_1997[0m [36mentity_complete[0m=[35mTrue[0m [36mglobal_limit_reached[0m=[35mNone[0m [36mworker_id[0m=[35mworker_1[0m
2025-09-24 10:28:53,619 - workers.proxy_pool - INFO - _make_http_request:250 - [2m2025-09-24T04:58:53.619126Z[0m [[32m[1minfo     [0m] [1m📊 Worker successfully fetched data[0m [[0m[1m[34mworkers.proxy_pool[0m][0m [36mactual_records_added[0m=[35m77[0m [36mcommand_id[0m=[35mProduct_Sales_for_1997_page_1[0m [36mentity[0m=[35mProduct_Sales_for_1997[0m [36mentity_total_fetched[0m=[35m77[0m [36mglobal_total_fetched[0m=[35m415[0m [36mhas_next_page[0m=[35mFalse[0m [36mrecords_in_response[0m=[35m77[0m [36mworker_id[0m=[35mworker_1[0m
2025-09-24 10:28:53,619 - workers.proxy_pool - INFO - execute:110 - [2m2025-09-24T04:58:53.619126Z[0m [[32m[1minfo     [0m] [1m✅ Worker completed command successfully[0m [[0m[1m[34mworkers.proxy_pool[0m][0m [36mcommand_id[0m=[35mProduct_Sales_for_1997_page_1[0m [36mentity[0m=[35mProduct_Sales_for_1997[0m [36mexecution_time_seconds[0m=[35m0.28[0m [36mhas_next_page[0m=[35mFalse[0m [36mrecords_fetched[0m=[35m77[0m [36mworker_id[0m=[35mworker_1[0m
2025-09-24 10:28:53,619 - workers.proxy_pool - INFO - _worker_loop:460 - [2m2025-09-24T04:58:53.619126Z[0m [[32m[1minfo     [0m] [1m📋 Worker picked up command from queue[0m [[0m[1m[34mworkers.proxy_pool[0m][0m [36mcommand_id[0m=[35mShippers_page_1[0m [36mentity[0m=[35mShippers[0m [36mqueue_size_after_pickup[0m=[35m22[0m [36mworker_id[0m=[35mworker_1[0m [36mworker_status[0m=[35mPROCESSING[0m
2025-09-24 10:28:53,619 - workers.proxy_pool - INFO - execute:59 - [2m2025-09-24T04:58:53.619126Z[0m [[32m[1minfo     [0m] [1m🚀 Worker starting command execution[0m [[0m[1m[34mworkers.proxy_pool[0m][0m [36mcommand_id[0m=[35mShippers_page_1[0m [36mcommand_type[0m=[35mfetch_page[0m [36mentity[0m=[35mShippers[0m [36mpriority[0m=[35m1[0m [36mretry_count[0m=[35m0[0m [36mskip[0m=[35m0[0m [36mtop[0m=[35m1500[0m [36mworker_id[0m=[35mworker_1[0m
2025-09-24 10:28:53,619 - workers.proxy_pool - INFO - execute:82 - [2m2025-09-24T04:58:53.619126Z[0m [[32m[1minfo     [0m] [1m🔄 Worker executing request with resilience patterns[0m [[0m[1m[34mworkers.proxy_pool[0m][0m [36mcircuit_breaker_state[0m=[35mclosed[0m [36mcommand_id[0m=[35mShippers_page_1[0m [36mworker_id[0m=[35mworker_1[0m
2025-09-24 10:28:53,630 - planning.record_tracker - INFO - calculate_optimal_batch_size:206 - [2m2025-09-24T04:58:53.630701Z[0m [[32m[1minfo     [0m] [1mAdjusted batch size to prevent overfetching[0m [[0m[1m[34mplanning.record_tracker[0m][0m [36mdefault_size[0m=[35m1500[0m [36mentity[0m=[35mShippers[0m [36moptimal_size[0m=[35m3[0m [36mremaining_records[0m=[35m3[0m
2025-09-24 10:28:53,631 - workers.proxy_pool - INFO - _make_http_request:177 - [2m2025-09-24T04:58:53.630701Z[0m [[32m[1minfo     [0m] [1m📏 Adjusted batch size for optimal fetching[0m [[0m[1m[34mworkers.proxy_pool[0m][0m [36mcommand_id[0m=[35mShippers_page_1[0m [36mentity[0m=[35mShippers[0m [36moptimal_top[0m=[35m3[0m [36moriginal_top[0m=[35m1500[0m [36mworker_id[0m=[35mworker_1[0m
2025-09-24 10:28:53,632 - storage.transformer - INFO - transform_odata_response:62 - [2m2025-09-24T04:58:53.632360Z[0m [[32m[1minfo     [0m] [1mStarting transformation       [0m [[0m[1m[34mstorage.transformer[0m][0m [36mentity_name[0m=[35mProduct_Sales_for_1997[0m [36mresponse_keys[0m=[35m['@odata.context', 'value'][0m
2025-09-24 10:28:53,633 - storage.transformer - INFO - transform_odata_response:101 - [2m2025-09-24T04:58:53.633989Z[0m [[32m[1minfo     [0m] [1mTransformation completed      [0m [[0m[1m[34mstorage.transformer[0m][0m [36mentity_name[0m=[35mProduct_Sales_for_1997[0m [36minput_records[0m=[35m77[0m [36moutput_records[0m=[35m77[0m [36mtransformation_time_seconds[0m=[35m0.0[0m
2025-09-24 10:28:53,633 - storage.local_storage - INFO - store_processed_records:145 - [2m2025-09-24T04:58:53.633989Z[0m [[32m[1minfo     [0m] [1mStoring processed records     [0m [[0m[1m[34mstorage.local_storage[0m][0m [36mentity_name[0m=[35mProduct_Sales_for_1997[0m [36mformat[0m=[35mjson[0m [36mrecord_count[0m=[35m77[0m
2025-09-24 10:28:53,635 - storage.local_storage - INFO - store_processed_records:160 - [2m2025-09-24T04:58:53.634996Z[0m [[32m[1minfo     [0m] [1mSuccessfully stored processed records[0m [[0m[1m[34mstorage.local_storage[0m][0m [36mentity_name[0m=[35mProduct_Sales_for_1997[0m [36mfile_path[0m=[35m./test_output/processed\Product_Sales_for_1997_20250924_045853.json[0m [36mrecord_count[0m=[35m77[0m [36mstorage_time_seconds[0m=[35m0.0[0m
2025-09-24 10:28:53,637 - storage.local_storage - INFO - store_raw_response:89 - [2m2025-09-24T04:58:53.637783Z[0m [[32m[1minfo     [0m] [1mSuccessfully stored raw data  [0m [[0m[1m[34mstorage.local_storage[0m][0m [36mentity_name[0m=[35mProduct_Sales_for_1997[0m [36mfile_path[0m=[35m./test_output/raw\Product_Sales_for_1997\2025/09/24\04\Product_Sales_for_1997_page_1.json[0m [36msize_bytes[0m=[35m10385[0m [36mstorage_time_seconds[0m=[35m0.0[0m
2025-09-24 10:28:53,637 - httpcore.http11 - DEBUG - atrace:87 - send_request_headers.started request=<Request [b'GET']>
2025-09-24 10:28:53,637 - httpcore.http11 - DEBUG - atrace:87 - send_request_headers.complete
2025-09-24 10:28:53,637 - httpcore.http11 - DEBUG - atrace:87 - send_request_body.started request=<Request [b'GET']>
2025-09-24 10:28:53,637 - httpcore.http11 - DEBUG - atrace:87 - send_request_body.complete
2025-09-24 10:28:53,637 - httpcore.http11 - DEBUG - atrace:87 - receive_response_headers.started request=<Request [b'GET']>
2025-09-24 10:28:53,651 - httpcore.http11 - DEBUG - atrace:87 - receive_response_headers.complete return_value=(b'HTTP/1.1', 200, b'OK', [(b'Content-Length', b'18516'), (b'Content-Type', b'application/json;odata.metadata=minimal;odata.streaming=true;IEEE754Compatible=false;charset=utf-8'), (b'Date', b'Wed, 24 Sep 2025 04:58:53 GMT'), (b'Server', b'Microsoft-IIS/10.0'), (b'Access-Control-Allow-Headers', b'Accept, Origin, Content-Type, MaxDataServiceVersion'), (b'Access-Control-Allow-Methods', b'GET'), (b'Access-Control-Allow-Origin', b'*'), (b'Access-Control-Expose-Headers', b'DataServiceVersion'), (b'Cache-Control', b'private'), (b'Content-Encoding', b'gzip'), (b'Expires', b'Wed, 24 Sep 2025 04:59:18 GMT'), (b'Vary', b'*'), (b'X-Content-Type-Options', b'nosniff'), (b'OData-Version', b'4.0;'), (b'X-AspNet-Version', b'4.0.30319'), (b'X-Powered-By', b'ASP.NET')])
2025-09-24 10:28:53,651 - httpx - INFO - _send_single_request:1740 - HTTP Request: GET https://services.odata.org/V4/Northwind/Northwind.svc/Orders?%24skip=0&%24top=830 "HTTP/1.1 200 OK"
2025-09-24 10:28:53,652 - httpcore.http11 - DEBUG - atrace:87 - receive_response_body.started request=<Request [b'GET']>
2025-09-24 10:28:53,652 - httpcore.http11 - DEBUG - atrace:87 - receive_response_body.complete
2025-09-24 10:28:53,652 - httpcore.http11 - DEBUG - atrace:87 - response_closed.started
2025-09-24 10:28:53,652 - httpcore.http11 - DEBUG - atrace:87 - response_closed.complete
2025-09-24 10:28:53,652 - workers.proxy_pool - INFO - _make_http_request:250 - [2m2025-09-24T04:58:53.652534Z[0m [[32m[1minfo     [0m] [1m📊 Worker successfully fetched data[0m [[0m[1m[34mworkers.proxy_pool[0m][0m [36mactual_records_added[0m=[35m200[0m [36mcommand_id[0m=[35mOrders_page_1[0m [36mentity[0m=[35mOrders[0m [36mentity_total_fetched[0m=[35m200[0m [36mglobal_total_fetched[0m=[35m615[0m [36mhas_next_page[0m=[35mTrue[0m [36mrecords_in_response[0m=[35m200[0m [36mworker_id[0m=[35mworker_2[0m
2025-09-24 10:28:53,652 - workers.proxy_pool - INFO - execute:110 - [2m2025-09-24T04:58:53.652534Z[0m [[32m[1minfo     [0m] [1m✅ Worker completed command successfully[0m [[0m[1m[34mworkers.proxy_pool[0m][0m [36mcommand_id[0m=[35mOrders_page_1[0m [36mentity[0m=[35mOrders[0m [36mexecution_time_seconds[0m=[35m0.28[0m [36mhas_next_page[0m=[35mTrue[0m [36mrecords_fetched[0m=[35m200[0m [36mworker_id[0m=[35mworker_2[0m
2025-09-24 10:28:53,652 - workers.proxy_pool - INFO - _worker_loop:460 - [2m2025-09-24T04:58:53.652534Z[0m [[32m[1minfo     [0m] [1m📋 Worker picked up command from queue[0m [[0m[1m[34mworkers.proxy_pool[0m][0m [36mcommand_id[0m=[35mSales_by_Categories_page_1[0m [36mentity[0m=[35mSales_by_Categories[0m [36mqueue_size_after_pickup[0m=[35m21[0m [36mworker_id[0m=[35mworker_2[0m [36mworker_status[0m=[35mPROCESSING[0m
2025-09-24 10:28:53,652 - workers.proxy_pool - INFO - execute:59 - [2m2025-09-24T04:58:53.652534Z[0m [[32m[1minfo     [0m] [1m🚀 Worker starting command execution[0m [[0m[1m[34mworkers.proxy_pool[0m][0m [36mcommand_id[0m=[35mSales_by_Categories_page_1[0m [36mcommand_type[0m=[35mfetch_page[0m [36mentity[0m=[35mSales_by_Categories[0m [36mpriority[0m=[35m1[0m [36mretry_count[0m=[35m0[0m [36mskip[0m=[35m0[0m [36mtop[0m=[35m1500[0m [36mworker_id[0m=[35mworker_2[0m
2025-09-24 10:28:53,652 - workers.proxy_pool - INFO - execute:82 - [2m2025-09-24T04:58:53.652534Z[0m [[32m[1minfo     [0m] [1m🔄 Worker executing request with resilience patterns[0m [[0m[1m[34mworkers.proxy_pool[0m][0m [36mcircuit_breaker_state[0m=[35mclosed[0m [36mcommand_id[0m=[35mSales_by_Categories_page_1[0m [36mworker_id[0m=[35mworker_2[0m
2025-09-24 10:28:53,652 - planning.record_tracker - INFO - calculate_optimal_batch_size:206 - [2m2025-09-24T04:58:53.652534Z[0m [[32m[1minfo     [0m] [1mAdjusted batch size to prevent overfetching[0m [[0m[1m[34mplanning.record_tracker[0m][0m [36mdefault_size[0m=[35m1500[0m [36mentity[0m=[35mSales_by_Categories[0m [36moptimal_size[0m=[35m77[0m [36mremaining_records[0m=[35m77[0m
2025-09-24 10:28:53,652 - workers.proxy_pool - INFO - _make_http_request:177 - [2m2025-09-24T04:58:53.652534Z[0m [[32m[1minfo     [0m] [1m📏 Adjusted batch size for optimal fetching[0m [[0m[1m[34mworkers.proxy_pool[0m][0m [36mcommand_id[0m=[35mSales_by_Categories_page_1[0m [36mentity[0m=[35mSales_by_Categories[0m [36moptimal_top[0m=[35m77[0m [36moriginal_top[0m=[35m1500[0m [36mworker_id[0m=[35mworker_2[0m
2025-09-24 10:28:53,652 - storage.transformer - INFO - transform_odata_response:62 - [2m2025-09-24T04:58:53.652534Z[0m [[32m[1minfo     [0m] [1mStarting transformation       [0m [[0m[1m[34mstorage.transformer[0m][0m [36mentity_name[0m=[35mOrders[0m [36mresponse_keys[0m=[35m['@odata.context', 'value', '@odata.nextLink'][0m
2025-09-24 10:28:53,659 - storage.transformer - INFO - transform_odata_response:101 - [2m2025-09-24T04:58:53.659784Z[0m [[32m[1minfo     [0m] [1mTransformation completed      [0m [[0m[1m[34mstorage.transformer[0m][0m [36mentity_name[0m=[35mOrders[0m [36minput_records[0m=[35m200[0m [36moutput_records[0m=[35m200[0m [36mtransformation_time_seconds[0m=[35m0.0[0m
2025-09-24 10:28:53,659 - storage.local_storage - INFO - store_processed_records:145 - [2m2025-09-24T04:58:53.659784Z[0m [[32m[1minfo     [0m] [1mStoring processed records     [0m [[0m[1m[34mstorage.local_storage[0m][0m [36mentity_name[0m=[35mOrders[0m [36mformat[0m=[35mjson[0m [36mrecord_count[0m=[35m200[0m
2025-09-24 10:28:53,659 - storage.local_storage - INFO - store_processed_records:160 - [2m2025-09-24T04:58:53.659784Z[0m [[32m[1minfo     [0m] [1mSuccessfully stored processed records[0m [[0m[1m[34mstorage.local_storage[0m][0m [36mentity_name[0m=[35mOrders[0m [36mfile_path[0m=[35m./test_output/processed\Orders_20250924_045853.json[0m [36mrecord_count[0m=[35m200[0m [36mstorage_time_seconds[0m=[35m0.0[0m
2025-09-24 10:28:53,666 - storage.local_storage - INFO - store_raw_response:89 - [2m2025-09-24T04:58:53.666270Z[0m [[32m[1minfo     [0m] [1mSuccessfully stored raw data  [0m [[0m[1m[34mstorage.local_storage[0m][0m [36mentity_name[0m=[35mOrders[0m [36mfile_path[0m=[35m./test_output/raw\Orders\2025/09/24\04\Orders_page_1.json[0m [36msize_bytes[0m=[35m109620[0m [36mstorage_time_seconds[0m=[35m0.015[0m
2025-09-24 10:28:53,667 - httpcore.http11 - DEBUG - atrace:87 - send_request_headers.started request=<Request [b'GET']>
2025-09-24 10:28:53,667 - httpcore.http11 - DEBUG - atrace:87 - send_request_headers.complete
2025-09-24 10:28:53,667 - httpcore.http11 - DEBUG - atrace:87 - send_request_body.started request=<Request [b'GET']>
2025-09-24 10:28:53,667 - httpcore.http11 - DEBUG - atrace:87 - send_request_body.complete
2025-09-24 10:28:53,667 - httpcore.http11 - DEBUG - atrace:87 - receive_response_headers.started request=<Request [b'GET']>
2025-09-24 10:28:53,765 - httpcore.http11 - DEBUG - atrace:87 - receive_response_headers.complete return_value=(b'HTTP/1.1', 200, b'OK', [(b'Content-Length', b'1290'), (b'Content-Type', b'application/json;odata.metadata=minimal;odata.streaming=true;IEEE754Compatible=false;charset=utf-8'), (b'Date', b'Wed, 24 Sep 2025 04:58:53 GMT'), (b'Server', b'Microsoft-IIS/10.0'), (b'Access-Control-Allow-Headers', b'Accept, Origin, Content-Type, MaxDataServiceVersion'), (b'Access-Control-Allow-Methods', b'GET'), (b'Access-Control-Allow-Origin', b'*'), (b'Access-Control-Expose-Headers', b'DataServiceVersion'), (b'Cache-Control', b'private'), (b'Content-Encoding', b'gzip'), (b'Expires', b'Wed, 24 Sep 2025 04:59:21 GMT'), (b'Vary', b'*'), (b'X-Content-Type-Options', b'nosniff'), (b'OData-Version', b'4.0;'), (b'X-AspNet-Version', b'4.0.30319'), (b'X-Powered-By', b'ASP.NET')])
2025-09-24 10:28:53,767 - httpx - INFO - _send_single_request:1740 - HTTP Request: GET https://services.odata.org/V4/Northwind/Northwind.svc/Territories?%24skip=0&%24top=53 "HTTP/1.1 200 OK"
2025-09-24 10:28:53,767 - httpcore.http11 - DEBUG - atrace:87 - receive_response_body.started request=<Request [b'GET']>
2025-09-24 10:28:53,767 - httpcore.http11 - DEBUG - atrace:87 - receive_response_body.complete
2025-09-24 10:28:53,767 - httpcore.http11 - DEBUG - atrace:87 - response_closed.started
2025-09-24 10:28:53,767 - httpcore.http11 - DEBUG - atrace:87 - response_closed.complete
2025-09-24 10:28:53,767 - planning.record_tracker - INFO - add_page_records:38 - [2m2025-09-24T04:58:53.767579Z[0m [[32m[1minfo     [0m] [1m✅ Entity record fetching complete[0m [[0m[1m[34mplanning.record_tracker[0m][0m [36mentity[0m=[35mTerritories[0m [36mfetched[0m=[35m53[0m [36mtarget[0m=[35m53[0m
2025-09-24 10:28:53,767 - workers.proxy_pool - INFO - _make_http_request:243 - [2m2025-09-24T04:58:53.767579Z[0m [[32m[1minfo     [0m] [1m🎯 Stopping pagination due to record limits[0m [[0m[1m[34mworkers.proxy_pool[0m][0m [36mcommand_id[0m=[35mTerritories_page_1[0m [36mentity[0m=[35mTerritories[0m [36mentity_complete[0m=[35mTrue[0m [36mglobal_limit_reached[0m=[35mNone[0m [36mworker_id[0m=[35mworker_0[0m
2025-09-24 10:28:53,767 - workers.proxy_pool - INFO - _make_http_request:250 - [2m2025-09-24T04:58:53.767579Z[0m [[32m[1minfo     [0m] [1m📊 Worker successfully fetched data[0m [[0m[1m[34mworkers.proxy_pool[0m][0m [36mactual_records_added[0m=[35m53[0m [36mcommand_id[0m=[35mTerritories_page_1[0m [36mentity[0m=[35mTerritories[0m [36mentity_total_fetched[0m=[35m53[0m [36mglobal_total_fetched[0m=[35m668[0m [36mhas_next_page[0m=[35mFalse[0m [36mrecords_in_response[0m=[35m53[0m [36mworker_id[0m=[35mworker_0[0m
2025-09-24 10:28:53,767 - workers.proxy_pool - INFO - execute:110 - [2m2025-09-24T04:58:53.767579Z[0m [[32m[1minfo     [0m] [1m✅ Worker completed command successfully[0m [[0m[1m[34mworkers.proxy_pool[0m][0m [36mcommand_id[0m=[35mTerritories_page_1[0m [36mentity[0m=[35mTerritories[0m [36mexecution_time_seconds[0m=[35m0.27[0m [36mhas_next_page[0m=[35mFalse[0m [36mrecords_fetched[0m=[35m53[0m [36mworker_id[0m=[35mworker_0[0m
2025-09-24 10:28:53,767 - workers.proxy_pool - INFO - _worker_loop:460 - [2m2025-09-24T04:58:53.767579Z[0m [[32m[1minfo     [0m] [1m📋 Worker picked up command from queue[0m [[0m[1m[34mworkers.proxy_pool[0m][0m [36mcommand_id[0m=[35mEmployees_page_1[0m [36mentity[0m=[35mEmployees[0m [36mqueue_size_after_pickup[0m=[35m21[0m [36mworker_id[0m=[35mworker_0[0m [36mworker_status[0m=[35mPROCESSING[0m
2025-09-24 10:28:53,767 - workers.proxy_pool - INFO - execute:59 - [2m2025-09-24T04:58:53.767579Z[0m [[32m[1minfo     [0m] [1m🚀 Worker starting command execution[0m [[0m[1m[34mworkers.proxy_pool[0m][0m [36mcommand_id[0m=[35mEmployees_page_1[0m [36mcommand_type[0m=[35mfetch_page[0m [36mentity[0m=[35mEmployees[0m [36mpriority[0m=[35m1[0m [36mretry_count[0m=[35m0[0m [36mskip[0m=[35m0[0m [36mtop[0m=[35m1500[0m [36mworker_id[0m=[35mworker_0[0m
2025-09-24 10:28:53,771 - workers.proxy_pool - INFO - execute:82 - [2m2025-09-24T04:58:53.771817Z[0m [[32m[1minfo     [0m] [1m🔄 Worker executing request with resilience patterns[0m [[0m[1m[34mworkers.proxy_pool[0m][0m [36mcircuit_breaker_state[0m=[35mclosed[0m [36mcommand_id[0m=[35mEmployees_page_1[0m [36mworker_id[0m=[35mworker_0[0m
2025-09-24 10:28:53,772 - planning.record_tracker - INFO - calculate_optimal_batch_size:206 - [2m2025-09-24T04:58:53.772159Z[0m [[32m[1minfo     [0m] [1mAdjusted batch size to prevent overfetching[0m [[0m[1m[34mplanning.record_tracker[0m][0m [36mdefault_size[0m=[35m1500[0m [36mentity[0m=[35mEmployees[0m [36moptimal_size[0m=[35m9[0m [36mremaining_records[0m=[35m9[0m
2025-09-24 10:28:53,772 - workers.proxy_pool - INFO - _make_http_request:177 - [2m2025-09-24T04:58:53.772159Z[0m [[32m[1minfo     [0m] [1m📏 Adjusted batch size for optimal fetching[0m [[0m[1m[34mworkers.proxy_pool[0m][0m [36mcommand_id[0m=[35mEmployees_page_1[0m [36mentity[0m=[35mEmployees[0m [36moptimal_top[0m=[35m9[0m [36moriginal_top[0m=[35m1500[0m [36mworker_id[0m=[35mworker_0[0m
2025-09-24 10:28:53,773 - storage.transformer - INFO - transform_odata_response:62 - [2m2025-09-24T04:58:53.773668Z[0m [[32m[1minfo     [0m] [1mStarting transformation       [0m [[0m[1m[34mstorage.transformer[0m][0m [36mentity_name[0m=[35mTerritories[0m [36mresponse_keys[0m=[35m['@odata.context', 'value'][0m
2025-09-24 10:28:53,773 - storage.transformer - INFO - transform_odata_response:101 - [2m2025-09-24T04:58:53.773668Z[0m [[32m[1minfo     [0m] [1mTransformation completed      [0m [[0m[1m[34mstorage.transformer[0m][0m [36mentity_name[0m=[35mTerritories[0m [36minput_records[0m=[35m53[0m [36moutput_records[0m=[35m53[0m [36mtransformation_time_seconds[0m=[35m0.0[0m
2025-09-24 10:28:53,774 - storage.local_storage - INFO - store_processed_records:145 - [2m2025-09-24T04:58:53.774688Z[0m [[32m[1minfo     [0m] [1mStoring processed records     [0m [[0m[1m[34mstorage.local_storage[0m][0m [36mentity_name[0m=[35mTerritories[0m [36mformat[0m=[35mjson[0m [36mrecord_count[0m=[35m53[0m
2025-09-24 10:28:53,774 - storage.local_storage - INFO - store_processed_records:160 - [2m2025-09-24T04:58:53.774688Z[0m [[32m[1minfo     [0m] [1mSuccessfully stored processed records[0m [[0m[1m[34mstorage.local_storage[0m][0m [36mentity_name[0m=[35mTerritories[0m [36mfile_path[0m=[35m./test_output/processed\Territories_20250924_045853.json[0m [36mrecord_count[0m=[35m53[0m [36mstorage_time_seconds[0m=[35m0.0[0m
2025-09-24 10:28:53,774 - storage.local_storage - INFO - store_raw_response:89 - [2m2025-09-24T04:58:53.774688Z[0m [[32m[1minfo     [0m] [1mSuccessfully stored raw data  [0m [[0m[1m[34mstorage.local_storage[0m][0m [36mentity_name[0m=[35mTerritories[0m [36mfile_path[0m=[35m./test_output/raw\Territories\2025/09/24\04\Territories_page_1.json[0m [36msize_bytes[0m=[35m10410[0m [36mstorage_time_seconds[0m=[35m0.0[0m
2025-09-24 10:28:53,774 - httpcore.http11 - DEBUG - atrace:87 - send_request_headers.started request=<Request [b'GET']>
2025-09-24 10:28:53,774 - httpcore.http11 - DEBUG - atrace:87 - send_request_headers.complete
2025-09-24 10:28:53,774 - httpcore.http11 - DEBUG - atrace:87 - send_request_body.started request=<Request [b'GET']>
2025-09-24 10:28:53,774 - httpcore.http11 - DEBUG - atrace:87 - send_request_body.complete
2025-09-24 10:28:53,774 - httpcore.http11 - DEBUG - atrace:87 - receive_response_headers.started request=<Request [b'GET']>
2025-09-24 10:28:53,872 - httpcore.http11 - DEBUG - atrace:87 - receive_response_headers.complete return_value=(b'HTTP/1.1', 200, b'OK', [(b'Content-Length', b'311'), (b'Content-Type', b'application/json;odata.metadata=minimal;odata.streaming=true;IEEE754Compatible=false;charset=utf-8'), (b'Date', b'Wed, 24 Sep 2025 04:58:53 GMT'), (b'Server', b'Microsoft-IIS/10.0'), (b'Access-Control-Allow-Headers', b'Accept, Origin, Content-Type, MaxDataServiceVersion'), (b'Access-Control-Allow-Methods', b'GET'), (b'Access-Control-Allow-Origin', b'*'), (b'Access-Control-Expose-Headers', b'DataServiceVersion'), (b'Cache-Control', b'private'), (b'Content-Encoding', b'gzip'), (b'Expires', b'Wed, 24 Sep 2025 04:59:21 GMT'), (b'Vary', b'*'), (b'X-Content-Type-Options', b'nosniff'), (b'OData-Version', b'4.0;'), (b'X-AspNet-Version', b'4.0.30319'), (b'X-Powered-By', b'ASP.NET')])
2025-09-24 10:28:53,872 - httpx - INFO - _send_single_request:1740 - HTTP Request: GET https://services.odata.org/V4/Northwind/Northwind.svc/Shippers?%24skip=0&%24top=3 "HTTP/1.1 200 OK"
2025-09-24 10:28:53,872 - httpcore.http11 - DEBUG - atrace:87 - receive_response_body.started request=<Request [b'GET']>
2025-09-24 10:28:53,872 - httpcore.http11 - DEBUG - atrace:87 - receive_response_body.complete
2025-09-24 10:28:53,872 - httpcore.http11 - DEBUG - atrace:87 - response_closed.started
2025-09-24 10:28:53,872 - httpcore.http11 - DEBUG - atrace:87 - response_closed.complete
2025-09-24 10:28:53,872 - planning.record_tracker - INFO - add_page_records:38 - [2m2025-09-24T04:58:53.872309Z[0m [[32m[1minfo     [0m] [1m✅ Entity record fetching complete[0m [[0m[1m[34mplanning.record_tracker[0m][0m [36mentity[0m=[35mShippers[0m [36mfetched[0m=[35m3[0m [36mtarget[0m=[35m3[0m
2025-09-24 10:28:53,872 - workers.proxy_pool - INFO - _make_http_request:243 - [2m2025-09-24T04:58:53.872309Z[0m [[32m[1minfo     [0m] [1m🎯 Stopping pagination due to record limits[0m [[0m[1m[34mworkers.proxy_pool[0m][0m [36mcommand_id[0m=[35mShippers_page_1[0m [36mentity[0m=[35mShippers[0m [36mentity_complete[0m=[35mTrue[0m [36mglobal_limit_reached[0m=[35mNone[0m [36mworker_id[0m=[35mworker_1[0m
2025-09-24 10:28:53,872 - workers.proxy_pool - INFO - _make_http_request:250 - [2m2025-09-24T04:58:53.872309Z[0m [[32m[1minfo     [0m] [1m📊 Worker successfully fetched data[0m [[0m[1m[34mworkers.proxy_pool[0m][0m [36mactual_records_added[0m=[35m3[0m [36mcommand_id[0m=[35mShippers_page_1[0m [36mentity[0m=[35mShippers[0m [36mentity_total_fetched[0m=[35m3[0m [36mglobal_total_fetched[0m=[35m671[0m [36mhas_next_page[0m=[35mFalse[0m [36mrecords_in_response[0m=[35m3[0m [36mworker_id[0m=[35mworker_1[0m
2025-09-24 10:28:53,880 - workers.proxy_pool - INFO - execute:110 - [2m2025-09-24T04:58:53.880074Z[0m [[32m[1minfo     [0m] [1m✅ Worker completed command successfully[0m [[0m[1m[34mworkers.proxy_pool[0m][0m [36mcommand_id[0m=[35mShippers_page_1[0m [36mentity[0m=[35mShippers[0m [36mexecution_time_seconds[0m=[35m0.25[0m [36mhas_next_page[0m=[35mFalse[0m [36mrecords_fetched[0m=[35m3[0m [36mworker_id[0m=[35mworker_1[0m
2025-09-24 10:28:53,881 - workers.proxy_pool - INFO - _worker_loop:460 - [2m2025-09-24T04:58:53.881090Z[0m [[32m[1minfo     [0m] [1m📋 Worker picked up command from queue[0m [[0m[1m[34mworkers.proxy_pool[0m][0m [36mcommand_id[0m=[35mCustomers_page_1[0m [36mentity[0m=[35mCustomers[0m [36mqueue_size_after_pickup[0m=[35m20[0m [36mworker_id[0m=[35mworker_1[0m [36mworker_status[0m=[35mPROCESSING[0m
2025-09-24 10:28:53,882 - workers.proxy_pool - INFO - execute:59 - [2m2025-09-24T04:58:53.882240Z[0m [[32m[1minfo     [0m] [1m🚀 Worker starting command execution[0m [[0m[1m[34mworkers.proxy_pool[0m][0m [36mcommand_id[0m=[35mCustomers_page_1[0m [36mcommand_type[0m=[35mfetch_page[0m [36mentity[0m=[35mCustomers[0m [36mpriority[0m=[35m1[0m [36mretry_count[0m=[35m0[0m [36mskip[0m=[35m0[0m [36mtop[0m=[35m1500[0m [36mworker_id[0m=[35mworker_1[0m
2025-09-24 10:28:53,883 - workers.proxy_pool - INFO - execute:82 - [2m2025-09-24T04:58:53.883034Z[0m [[32m[1minfo     [0m] [1m🔄 Worker executing request with resilience patterns[0m [[0m[1m[34mworkers.proxy_pool[0m][0m [36mcircuit_breaker_state[0m=[35mclosed[0m [36mcommand_id[0m=[35mCustomers_page_1[0m [36mworker_id[0m=[35mworker_1[0m
2025-09-24 10:28:53,884 - planning.record_tracker - INFO - calculate_optimal_batch_size:206 - [2m2025-09-24T04:58:53.884150Z[0m [[32m[1minfo     [0m] [1mAdjusted batch size to prevent overfetching[0m [[0m[1m[34mplanning.record_tracker[0m][0m [36mdefault_size[0m=[35m1500[0m [36mentity[0m=[35mCustomers[0m [36moptimal_size[0m=[35m91[0m [36mremaining_records[0m=[35m91[0m
2025-09-24 10:28:53,884 - workers.proxy_pool - INFO - _make_http_request:177 - [2m2025-09-24T04:58:53.884150Z[0m [[32m[1minfo     [0m] [1m📏 Adjusted batch size for optimal fetching[0m [[0m[1m[34mworkers.proxy_pool[0m][0m [36mcommand_id[0m=[35mCustomers_page_1[0m [36mentity[0m=[35mCustomers[0m [36moptimal_top[0m=[35m91[0m [36moriginal_top[0m=[35m1500[0m [36mworker_id[0m=[35mworker_1[0m
2025-09-24 10:28:53,884 - storage.transformer - INFO - transform_odata_response:62 - [2m2025-09-24T04:58:53.884150Z[0m [[32m[1minfo     [0m] [1mStarting transformation       [0m [[0m[1m[34mstorage.transformer[0m][0m [36mentity_name[0m=[35mShippers[0m [36mresponse_keys[0m=[35m['@odata.context', 'value'][0m
2025-09-24 10:28:53,884 - storage.transformer - INFO - transform_odata_response:101 - [2m2025-09-24T04:58:53.884150Z[0m [[32m[1minfo     [0m] [1mTransformation completed      [0m [[0m[1m[34mstorage.transformer[0m][0m [36mentity_name[0m=[35mShippers[0m [36minput_records[0m=[35m3[0m [36moutput_records[0m=[35m3[0m [36mtransformation_time_seconds[0m=[35m0.0[0m
2025-09-24 10:28:53,884 - storage.local_storage - INFO - store_processed_records:145 - [2m2025-09-24T04:58:53.884150Z[0m [[32m[1minfo     [0m] [1mStoring processed records     [0m [[0m[1m[34mstorage.local_storage[0m][0m [36mentity_name[0m=[35mShippers[0m [36mformat[0m=[35mjson[0m [36mrecord_count[0m=[35m3[0m
2025-09-24 10:28:53,887 - storage.local_storage - INFO - store_processed_records:160 - [2m2025-09-24T04:58:53.887410Z[0m [[32m[1minfo     [0m] [1mSuccessfully stored processed records[0m [[0m[1m[34mstorage.local_storage[0m][0m [36mentity_name[0m=[35mShippers[0m [36mfile_path[0m=[35m./test_output/processed\Shippers_20250924_045853.json[0m [36mrecord_count[0m=[35m3[0m [36mstorage_time_seconds[0m=[35m0.0[0m
2025-09-24 10:28:53,887 - storage.local_storage - INFO - store_raw_response:89 - [2m2025-09-24T04:58:53.887410Z[0m [[32m[1minfo     [0m] [1mSuccessfully stored raw data  [0m [[0m[1m[34mstorage.local_storage[0m][0m [36mentity_name[0m=[35mShippers[0m [36mfile_path[0m=[35m./test_output/raw\Shippers\2025/09/24\04\Shippers_page_1.json[0m [36msize_bytes[0m=[35m628[0m [36mstorage_time_seconds[0m=[35m0.0[0m
2025-09-24 10:28:53,887 - httpcore.http11 - DEBUG - atrace:87 - send_request_headers.started request=<Request [b'GET']>
2025-09-24 10:28:53,887 - httpcore.http11 - DEBUG - atrace:87 - send_request_headers.complete
2025-09-24 10:28:53,887 - httpcore.http11 - DEBUG - atrace:87 - send_request_body.started request=<Request [b'GET']>
2025-09-24 10:28:53,887 - httpcore.http11 - DEBUG - atrace:87 - send_request_body.complete
2025-09-24 10:28:53,887 - httpcore.http11 - DEBUG - atrace:87 - receive_response_headers.started request=<Request [b'GET']>
2025-09-24 10:28:53,917 - httpcore.http11 - DEBUG - atrace:87 - receive_response_headers.complete return_value=(b'HTTP/1.1', 200, b'OK', [(b'Content-Length', b'2173'), (b'Content-Type', b'application/json;odata.metadata=minimal;odata.streaming=true;IEEE754Compatible=false;charset=utf-8'), (b'Date', b'Wed, 24 Sep 2025 04:58:53 GMT'), (b'Server', b'Microsoft-IIS/10.0'), (b'Access-Control-Allow-Headers', b'Accept, Origin, Content-Type, MaxDataServiceVersion'), (b'Access-Control-Allow-Methods', b'GET'), (b'Access-Control-Allow-Origin', b'*'), (b'Access-Control-Expose-Headers', b'DataServiceVersion'), (b'Cache-Control', b'private'), (b'Content-Encoding', b'gzip'), (b'Expires', b'Wed, 24 Sep 2025 04:59:20 GMT'), (b'Vary', b'*'), (b'X-Content-Type-Options', b'nosniff'), (b'OData-Version', b'4.0;'), (b'X-AspNet-Version', b'4.0.30319'), (b'X-Powered-By', b'ASP.NET')])
2025-09-24 10:28:53,917 - httpx - INFO - _send_single_request:1740 - HTTP Request: GET https://services.odata.org/V4/Northwind/Northwind.svc/Sales_by_Categories?%24skip=0&%24top=77 "HTTP/1.1 200 OK"
2025-09-24 10:28:53,917 - httpcore.http11 - DEBUG - atrace:87 - receive_response_body.started request=<Request [b'GET']>
2025-09-24 10:28:53,917 - httpcore.http11 - DEBUG - atrace:87 - receive_response_body.complete
2025-09-24 10:28:53,917 - httpcore.http11 - DEBUG - atrace:87 - response_closed.started
2025-09-24 10:28:53,917 - httpcore.http11 - DEBUG - atrace:87 - response_closed.complete
2025-09-24 10:28:53,917 - planning.record_tracker - INFO - add_page_records:38 - [2m2025-09-24T04:58:53.917860Z[0m [[32m[1minfo     [0m] [1m✅ Entity record fetching complete[0m [[0m[1m[34mplanning.record_tracker[0m][0m [36mentity[0m=[35mSales_by_Categories[0m [36mfetched[0m=[35m77[0m [36mtarget[0m=[35m77[0m
2025-09-24 10:28:53,925 - workers.proxy_pool - INFO - _make_http_request:243 - [2m2025-09-24T04:58:53.917860Z[0m [[32m[1minfo     [0m] [1m🎯 Stopping pagination due to record limits[0m [[0m[1m[34mworkers.proxy_pool[0m][0m [36mcommand_id[0m=[35mSales_by_Categories_page_1[0m [36mentity[0m=[35mSales_by_Categories[0m [36mentity_complete[0m=[35mTrue[0m [36mglobal_limit_reached[0m=[35mNone[0m [36mworker_id[0m=[35mworker_2[0m
2025-09-24 10:28:53,925 - workers.proxy_pool - INFO - _make_http_request:250 - [2m2025-09-24T04:58:53.925242Z[0m [[32m[1minfo     [0m] [1m📊 Worker successfully fetched data[0m [[0m[1m[34mworkers.proxy_pool[0m][0m [36mactual_records_added[0m=[35m77[0m [36mcommand_id[0m=[35mSales_by_Categories_page_1[0m [36mentity[0m=[35mSales_by_Categories[0m [36mentity_total_fetched[0m=[35m77[0m [36mglobal_total_fetched[0m=[35m748[0m [36mhas_next_page[0m=[35mFalse[0m [36mrecords_in_response[0m=[35m77[0m [36mworker_id[0m=[35mworker_2[0m
2025-09-24 10:28:53,925 - workers.proxy_pool - INFO - execute:110 - [2m2025-09-24T04:58:53.925242Z[0m [[32m[1minfo     [0m] [1m✅ Worker completed command successfully[0m [[0m[1m[34mworkers.proxy_pool[0m][0m [36mcommand_id[0m=[35mSales_by_Categories_page_1[0m [36mentity[0m=[35mSales_by_Categories[0m [36mexecution_time_seconds[0m=[35m0.27[0m [36mhas_next_page[0m=[35mFalse[0m [36mrecords_fetched[0m=[35m77[0m [36mworker_id[0m=[35mworker_2[0m
2025-09-24 10:28:53,925 - workers.proxy_pool - INFO - _worker_loop:460 - [2m2025-09-24T04:58:53.925242Z[0m [[32m[1minfo     [0m] [1m📋 Worker picked up command from queue[0m [[0m[1m[34mworkers.proxy_pool[0m][0m [36mcommand_id[0m=[35mInvoices_page_1[0m [36mentity[0m=[35mInvoices[0m [36mqueue_size_after_pickup[0m=[35m19[0m [36mworker_id[0m=[35mworker_2[0m [36mworker_status[0m=[35mPROCESSING[0m
2025-09-24 10:28:53,925 - workers.proxy_pool - INFO - execute:59 - [2m2025-09-24T04:58:53.925242Z[0m [[32m[1minfo     [0m] [1m🚀 Worker starting command execution[0m [[0m[1m[34mworkers.proxy_pool[0m][0m [36mcommand_id[0m=[35mInvoices_page_1[0m [36mcommand_type[0m=[35mfetch_page[0m [36mentity[0m=[35mInvoices[0m [36mpriority[0m=[35m1[0m [36mretry_count[0m=[35m0[0m [36mskip[0m=[35m0[0m [36mtop[0m=[35m1500[0m [36mworker_id[0m=[35mworker_2[0m
2025-09-24 10:28:53,925 - workers.proxy_pool - INFO - execute:82 - [2m2025-09-24T04:58:53.925242Z[0m [[32m[1minfo     [0m] [1m🔄 Worker executing request with resilience patterns[0m [[0m[1m[34mworkers.proxy_pool[0m][0m [36mcircuit_breaker_state[0m=[35mclosed[0m [36mcommand_id[0m=[35mInvoices_page_1[0m [36mworker_id[0m=[35mworker_2[0m
2025-09-24 10:28:53,925 - storage.transformer - INFO - transform_odata_response:62 - [2m2025-09-24T04:58:53.925242Z[0m [[32m[1minfo     [0m] [1mStarting transformation       [0m [[0m[1m[34mstorage.transformer[0m][0m [36mentity_name[0m=[35mSales_by_Categories[0m [36mresponse_keys[0m=[35m['@odata.context', 'value'][0m
2025-09-24 10:28:53,925 - storage.transformer - INFO - transform_odata_response:101 - [2m2025-09-24T04:58:53.925242Z[0m [[32m[1minfo     [0m] [1mTransformation completed      [0m [[0m[1m[34mstorage.transformer[0m][0m [36mentity_name[0m=[35mSales_by_Categories[0m [36minput_records[0m=[35m77[0m [36moutput_records[0m=[35m77[0m [36mtransformation_time_seconds[0m=[35m0.0[0m
2025-09-24 10:28:53,925 - storage.local_storage - INFO - store_processed_records:145 - [2m2025-09-24T04:58:53.925242Z[0m [[32m[1minfo     [0m] [1mStoring processed records     [0m [[0m[1m[34mstorage.local_storage[0m][0m [36mentity_name[0m=[35mSales_by_Categories[0m [36mformat[0m=[35mjson[0m [36mrecord_count[0m=[35m77[0m
2025-09-24 10:28:53,931 - storage.local_storage - INFO - store_processed_records:160 - [2m2025-09-24T04:58:53.931108Z[0m [[32m[1minfo     [0m] [1mSuccessfully stored processed records[0m [[0m[1m[34mstorage.local_storage[0m][0m [36mentity_name[0m=[35mSales_by_Categories[0m [36mfile_path[0m=[35m./test_output/processed\Sales_by_Categories_20250924_045853.json[0m [36mrecord_count[0m=[35m77[0m [36mstorage_time_seconds[0m=[35m0.016[0m
2025-09-24 10:28:53,933 - storage.local_storage - INFO - store_raw_response:89 - [2m2025-09-24T04:58:53.933854Z[0m [[32m[1minfo     [0m] [1mSuccessfully stored raw data  [0m [[0m[1m[34mstorage.local_storage[0m][0m [36mentity_name[0m=[35mSales_by_Categories[0m [36mfile_path[0m=[35m./test_output/raw\Sales_by_Categories\2025/09/24\04\Sales_by_Categories_page_1.json[0m [36msize_bytes[0m=[35m12298[0m [36mstorage_time_seconds[0m=[35m0.0[0m
2025-09-24 10:28:53,936 - httpcore.http11 - DEBUG - atrace:87 - send_request_headers.started request=<Request [b'GET']>
2025-09-24 10:28:53,936 - httpcore.http11 - DEBUG - atrace:87 - send_request_headers.complete
2025-09-24 10:28:53,936 - httpcore.http11 - DEBUG - atrace:87 - send_request_body.started request=<Request [b'GET']>
2025-09-24 10:28:53,936 - httpcore.http11 - DEBUG - atrace:87 - send_request_body.complete
2025-09-24 10:28:53,936 - httpcore.http11 - DEBUG - atrace:87 - receive_response_headers.started request=<Request [b'GET']>
2025-09-24 10:28:54,091 - httpcore.http11 - DEBUG - atrace:87 - receive_response_headers.complete return_value=(b'HTTP/1.1', 200, b'OK', [(b'Content-Type', b'application/json;odata.metadata=minimal;odata.streaming=true;IEEE754Compatible=false;charset=utf-8'), (b'Date', b'Wed, 24 Sep 2025 04:58:53 GMT'), (b'Server', b'Microsoft-IIS/10.0'), (b'Access-Control-Allow-Headers', b'Accept, Origin, Content-Type, MaxDataServiceVersion'), (b'Access-Control-Allow-Methods', b'GET'), (b'Access-Control-Allow-Origin', b'*'), (b'Access-Control-Expose-Headers', b'DataServiceVersion'), (b'Cache-Control', b'private'), (b'Content-Encoding', b'gzip'), (b'Expires', b'Wed, 24 Sep 2025 04:59:22 GMT'), (b'Transfer-Encoding', b'chunked'), (b'Vary', b'*'), (b'X-Content-Type-Options', b'nosniff'), (b'OData-Version', b'4.0;'), (b'X-AspNet-Version', b'4.0.30319'), (b'X-Powered-By', b'ASP.NET')])
2025-09-24 10:28:54,091 - httpx - INFO - _send_single_request:1740 - HTTP Request: GET https://services.odata.org/V4/Northwind/Northwind.svc/Employees?%24skip=0&%24top=9 "HTTP/1.1 200 OK"
2025-09-24 10:28:54,091 - httpcore.http11 - DEBUG - atrace:87 - receive_response_body.started request=<Request [b'GET']>
2025-09-24 10:28:54,398 - httpcore.http11 - DEBUG - atrace:87 - receive_response_headers.complete return_value=(b'HTTP/1.1', 200, b'OK', [(b'Content-Length', b'2317'), (b'Content-Type', b'application/json;odata.metadata=minimal;odata.streaming=true;IEEE754Compatible=false;charset=utf-8'), (b'Date', b'Wed, 24 Sep 2025 04:58:54 GMT'), (b'Server', b'Microsoft-IIS/10.0'), (b'Access-Control-Allow-Headers', b'Accept, Origin, Content-Type, MaxDataServiceVersion'), (b'Access-Control-Allow-Methods', b'GET'), (b'Access-Control-Allow-Origin', b'*'), (b'Access-Control-Expose-Headers', b'DataServiceVersion'), (b'Cache-Control', b'private'), (b'Content-Encoding', b'gzip'), (b'Expires', b'Wed, 24 Sep 2025 04:59:20 GMT'), (b'Vary', b'*'), (b'X-Content-Type-Options', b'nosniff'), (b'OData-Version', b'4.0;'), (b'X-AspNet-Version', b'4.0.30319'), (b'X-Powered-By', b'ASP.NET')])
2025-09-24 10:28:54,398 - httpx - INFO - _send_single_request:1740 - HTTP Request: GET https://services.odata.org/V4/Northwind/Northwind.svc/Customers?%24skip=0&%24top=91 "HTTP/1.1 200 OK"
2025-09-24 10:28:54,401 - httpcore.http11 - DEBUG - atrace:87 - receive_response_body.started request=<Request [b'GET']>
2025-09-24 10:28:54,401 - httpcore.http11 - DEBUG - atrace:87 - receive_response_body.complete
2025-09-24 10:28:54,401 - httpcore.http11 - DEBUG - atrace:87 - response_closed.started
2025-09-24 10:28:54,401 - httpcore.http11 - DEBUG - atrace:87 - response_closed.complete
2025-09-24 10:28:54,401 - workers.proxy_pool - INFO - _make_http_request:250 - [2m2025-09-24T04:58:54.401540Z[0m [[32m[1minfo     [0m] [1m📊 Worker successfully fetched data[0m [[0m[1m[34mworkers.proxy_pool[0m][0m [36mactual_records_added[0m=[35m20[0m [36mcommand_id[0m=[35mCustomers_page_1[0m [36mentity[0m=[35mCustomers[0m [36mentity_total_fetched[0m=[35m20[0m [36mglobal_total_fetched[0m=[35m768[0m [36mhas_next_page[0m=[35mTrue[0m [36mrecords_in_response[0m=[35m20[0m [36mworker_id[0m=[35mworker_1[0m
2025-09-24 10:28:54,401 - workers.proxy_pool - INFO - execute:110 - [2m2025-09-24T04:58:54.401540Z[0m [[32m[1minfo     [0m] [1m✅ Worker completed command successfully[0m [[0m[1m[34mworkers.proxy_pool[0m][0m [36mcommand_id[0m=[35mCustomers_page_1[0m [36mentity[0m=[35mCustomers[0m [36mexecution_time_seconds[0m=[35m0.53[0m [36mhas_next_page[0m=[35mTrue[0m [36mrecords_fetched[0m=[35m20[0m [36mworker_id[0m=[35mworker_1[0m
2025-09-24 10:28:54,401 - workers.proxy_pool - INFO - _worker_loop:460 - [2m2025-09-24T04:58:54.401540Z[0m [[32m[1minfo     [0m] [1m📋 Worker picked up command from queue[0m [[0m[1m[34mworkers.proxy_pool[0m][0m [36mcommand_id[0m=[35mInvoices_page_2[0m [36mentity[0m=[35mInvoices[0m [36mqueue_size_after_pickup[0m=[35m18[0m [36mworker_id[0m=[35mworker_1[0m [36mworker_status[0m=[35mPROCESSING[0m
2025-09-24 10:28:54,401 - workers.proxy_pool - INFO - execute:59 - [2m2025-09-24T04:58:54.401540Z[0m [[32m[1minfo     [0m] [1m🚀 Worker starting command execution[0m [[0m[1m[34mworkers.proxy_pool[0m][0m [36mcommand_id[0m=[35mInvoices_page_2[0m [36mcommand_type[0m=[35mfetch_page[0m [36mentity[0m=[35mInvoices[0m [36mpriority[0m=[35m1[0m [36mretry_count[0m=[35m0[0m [36mskip[0m=[35m1500[0m [36mtop[0m=[35m1500[0m [36mworker_id[0m=[35mworker_1[0m
2025-09-24 10:28:54,401 - workers.proxy_pool - INFO - execute:82 - [2m2025-09-24T04:58:54.401540Z[0m [[32m[1minfo     [0m] [1m🔄 Worker executing request with resilience patterns[0m [[0m[1m[34mworkers.proxy_pool[0m][0m [36mcircuit_breaker_state[0m=[35mclosed[0m [36mcommand_id[0m=[35mInvoices_page_2[0m [36mworker_id[0m=[35mworker_1[0m
2025-09-24 10:28:54,405 - storage.transformer - INFO - transform_odata_response:62 - [2m2025-09-24T04:58:54.405508Z[0m [[32m[1minfo     [0m] [1mStarting transformation       [0m [[0m[1m[34mstorage.transformer[0m][0m [36mentity_name[0m=[35mCustomers[0m [36mresponse_keys[0m=[35m['@odata.context', 'value', '@odata.nextLink'][0m
2025-09-24 10:28:54,406 - storage.transformer - INFO - transform_odata_response:101 - [2m2025-09-24T04:58:54.406126Z[0m [[32m[1minfo     [0m] [1mTransformation completed      [0m [[0m[1m[34mstorage.transformer[0m][0m [36mentity_name[0m=[35mCustomers[0m [36minput_records[0m=[35m20[0m [36moutput_records[0m=[35m20[0m [36mtransformation_time_seconds[0m=[35m0.0[0m
2025-09-24 10:28:54,406 - storage.local_storage - INFO - store_processed_records:145 - [2m2025-09-24T04:58:54.406126Z[0m [[32m[1minfo     [0m] [1mStoring processed records     [0m [[0m[1m[34mstorage.local_storage[0m][0m [36mentity_name[0m=[35mCustomers[0m [36mformat[0m=[35mjson[0m [36mrecord_count[0m=[35m20[0m
2025-09-24 10:28:54,407 - storage.local_storage - INFO - store_processed_records:160 - [2m2025-09-24T04:58:54.407336Z[0m [[32m[1minfo     [0m] [1mSuccessfully stored processed records[0m [[0m[1m[34mstorage.local_storage[0m][0m [36mentity_name[0m=[35mCustomers[0m [36mfile_path[0m=[35m./test_output/processed\Customers_20250924_045854.json[0m [36mrecord_count[0m=[35m20[0m [36mstorage_time_seconds[0m=[35m0.0[0m
2025-09-24 10:28:54,409 - storage.local_storage - INFO - store_raw_response:89 - [2m2025-09-24T04:58:54.409645Z[0m [[32m[1minfo     [0m] [1mSuccessfully stored raw data  [0m [[0m[1m[34mstorage.local_storage[0m][0m [36mentity_name[0m=[35mCustomers[0m [36mfile_path[0m=[35m./test_output/raw\Customers\2025/09/24\04\Customers_page_1.json[0m [36msize_bytes[0m=[35m8172[0m [36mstorage_time_seconds[0m=[35m0.0[0m
2025-09-24 10:28:54,410 - httpcore.http11 - DEBUG - atrace:87 - send_request_headers.started request=<Request [b'GET']>
2025-09-24 10:28:54,410 - httpcore.http11 - DEBUG - atrace:87 - send_request_headers.complete
2025-09-24 10:28:54,410 - httpcore.http11 - DEBUG - atrace:87 - send_request_body.started request=<Request [b'GET']>
2025-09-24 10:28:54,410 - httpcore.http11 - DEBUG - atrace:87 - send_request_body.complete
2025-09-24 10:28:54,410 - httpcore.http11 - DEBUG - atrace:87 - receive_response_headers.started request=<Request [b'GET']>
2025-09-24 10:28:54,587 - httpcore.http11 - DEBUG - atrace:87 - receive_response_headers.complete return_value=(b'HTTP/1.1', 200, b'OK', [(b'Content-Length', b'37906'), (b'Content-Type', b'application/json;odata.metadata=minimal;odata.streaming=true;IEEE754Compatible=false;charset=utf-8'), (b'Date', b'Wed, 24 Sep 2025 04:58:54 GMT'), (b'Server', b'Microsoft-IIS/10.0'), (b'Access-Control-Allow-Headers', b'Accept, Origin, Content-Type, MaxDataServiceVersion'), (b'Access-Control-Allow-Methods', b'GET'), (b'Access-Control-Allow-Origin', b'*'), (b'Access-Control-Expose-Headers', b'DataServiceVersion'), (b'Cache-Control', b'private'), (b'Content-Encoding', b'gzip'), (b'Expires', b'Wed, 24 Sep 2025 04:59:19 GMT'), (b'Vary', b'*'), (b'X-Content-Type-Options', b'nosniff'), (b'OData-Version', b'4.0;'), (b'X-AspNet-Version', b'4.0.30319'), (b'X-Powered-By', b'ASP.NET')])
2025-09-24 10:28:54,587 - httpx - INFO - _send_single_request:1740 - HTTP Request: GET https://services.odata.org/V4/Northwind/Northwind.svc/Invoices?%24skip=0&%24top=1500 "HTTP/1.1 200 OK"
2025-09-24 10:28:54,587 - httpcore.http11 - DEBUG - atrace:87 - receive_response_body.started request=<Request [b'GET']>
2025-09-24 10:28:54,587 - httpcore.http11 - DEBUG - atrace:87 - receive_response_body.complete
2025-09-24 10:28:54,587 - httpcore.http11 - DEBUG - atrace:87 - response_closed.started
2025-09-24 10:28:54,587 - httpcore.http11 - DEBUG - atrace:87 - response_closed.complete
2025-09-24 10:28:54,593 - workers.proxy_pool - INFO - _make_http_request:250 - [2m2025-09-24T04:58:54.593003Z[0m [[32m[1minfo     [0m] [1m📊 Worker successfully fetched data[0m [[0m[1m[34mworkers.proxy_pool[0m][0m [36mactual_records_added[0m=[35m500[0m [36mcommand_id[0m=[35mInvoices_page_1[0m [36mentity[0m=[35mInvoices[0m [36mentity_total_fetched[0m=[35m500[0m [36mglobal_total_fetched[0m=[35m1268[0m [36mhas_next_page[0m=[35mTrue[0m [36mrecords_in_response[0m=[35m500[0m [36mworker_id[0m=[35mworker_2[0m
2025-09-24 10:28:54,593 - workers.proxy_pool - INFO - execute:110 - [2m2025-09-24T04:58:54.593627Z[0m [[32m[1minfo     [0m] [1m✅ Worker completed command successfully[0m [[0m[1m[34mworkers.proxy_pool[0m][0m [36mcommand_id[0m=[35mInvoices_page_1[0m [36mentity[0m=[35mInvoices[0m [36mexecution_time_seconds[0m=[35m0.67[0m [36mhas_next_page[0m=[35mTrue[0m [36mrecords_fetched[0m=[35m500[0m [36mworker_id[0m=[35mworker_2[0m
2025-09-24 10:28:54,594 - workers.proxy_pool - INFO - _worker_loop:460 - [2m2025-09-24T04:58:54.593627Z[0m [[32m[1minfo     [0m] [1m📋 Worker picked up command from queue[0m [[0m[1m[34mworkers.proxy_pool[0m][0m [36mcommand_id[0m=[35mOrder_Subtotals_page_1[0m [36mentity[0m=[35mOrder_Subtotals[0m [36mqueue_size_after_pickup[0m=[35m18[0m [36mworker_id[0m=[35mworker_2[0m [36mworker_status[0m=[35mPROCESSING[0m
2025-09-24 10:28:54,594 - workers.proxy_pool - INFO - execute:59 - [2m2025-09-24T04:58:54.594143Z[0m [[32m[1minfo     [0m] [1m🚀 Worker starting command execution[0m [[0m[1m[34mworkers.proxy_pool[0m][0m [36mcommand_id[0m=[35mOrder_Subtotals_page_1[0m [36mcommand_type[0m=[35mfetch_page[0m [36mentity[0m=[35mOrder_Subtotals[0m [36mpriority[0m=[35m1[0m [36mretry_count[0m=[35m0[0m [36mskip[0m=[35m0[0m [36mtop[0m=[35m1500[0m [36mworker_id[0m=[35mworker_2[0m
2025-09-24 10:28:54,594 - workers.proxy_pool - INFO - execute:82 - [2m2025-09-24T04:58:54.594741Z[0m [[32m[1minfo     [0m] [1m🔄 Worker executing request with resilience patterns[0m [[0m[1m[34mworkers.proxy_pool[0m][0m [36mcircuit_breaker_state[0m=[35mclosed[0m [36mcommand_id[0m=[35mOrder_Subtotals_page_1[0m [36mworker_id[0m=[35mworker_2[0m
2025-09-24 10:28:54,595 - planning.record_tracker - INFO - calculate_optimal_batch_size:206 - [2m2025-09-24T04:58:54.595316Z[0m [[32m[1minfo     [0m] [1mAdjusted batch size to prevent overfetching[0m [[0m[1m[34mplanning.record_tracker[0m][0m [36mdefault_size[0m=[35m1500[0m [36mentity[0m=[35mOrder_Subtotals[0m [36moptimal_size[0m=[35m830[0m [36mremaining_records[0m=[35m830[0m
2025-09-24 10:28:54,595 - workers.proxy_pool - INFO - _make_http_request:177 - [2m2025-09-24T04:58:54.595316Z[0m [[32m[1minfo     [0m] [1m📏 Adjusted batch size for optimal fetching[0m [[0m[1m[34mworkers.proxy_pool[0m][0m [36mcommand_id[0m=[35mOrder_Subtotals_page_1[0m [36mentity[0m=[35mOrder_Subtotals[0m [36moptimal_top[0m=[35m830[0m [36moriginal_top[0m=[35m1500[0m [36mworker_id[0m=[35mworker_2[0m
2025-09-24 10:28:54,597 - storage.transformer - INFO - transform_odata_response:62 - [2m2025-09-24T04:58:54.597597Z[0m [[32m[1minfo     [0m] [1mStarting transformation       [0m [[0m[1m[34mstorage.transformer[0m][0m [36mentity_name[0m=[35mInvoices[0m [36mresponse_keys[0m=[35m['@odata.context', 'value', '@odata.nextLink'][0m
2025-09-24 10:28:54,604 - storage.transformer - INFO - transform_odata_response:101 - [2m2025-09-24T04:58:54.604730Z[0m [[32m[1minfo     [0m] [1mTransformation completed      [0m [[0m[1m[34mstorage.transformer[0m][0m [36mentity_name[0m=[35mInvoices[0m [36minput_records[0m=[35m500[0m [36moutput_records[0m=[35m500[0m [36mtransformation_time_seconds[0m=[35m0.016[0m
2025-09-24 10:28:54,604 - storage.local_storage - INFO - store_processed_records:145 - [2m2025-09-24T04:58:54.604730Z[0m [[32m[1minfo     [0m] [1mStoring processed records     [0m [[0m[1m[34mstorage.local_storage[0m][0m [36mentity_name[0m=[35mInvoices[0m [36mformat[0m=[35mjson[0m [36mrecord_count[0m=[35m500[0m
2025-09-24 10:28:54,604 - storage.local_storage - INFO - store_processed_records:160 - [2m2025-09-24T04:58:54.604730Z[0m [[32m[1minfo     [0m] [1mSuccessfully stored processed records[0m [[0m[1m[34mstorage.local_storage[0m][0m [36mentity_name[0m=[35mInvoices[0m [36mfile_path[0m=[35m./test_output/processed\Invoices_20250924_045854.json[0m [36mrecord_count[0m=[35m500[0m [36mstorage_time_seconds[0m=[35m0.0[0m
2025-09-24 10:28:54,616 - storage.local_storage - INFO - store_raw_response:89 - [2m2025-09-24T04:58:54.616213Z[0m [[32m[1minfo     [0m] [1mSuccessfully stored raw data  [0m [[0m[1m[34mstorage.local_storage[0m][0m [36mentity_name[0m=[35mInvoices[0m [36mfile_path[0m=[35m./test_output/raw\Invoices\2025/09/24\04\Invoices_page_1.json[0m [36msize_bytes[0m=[35m452778[0m [36mstorage_time_seconds[0m=[35m0.0[0m
2025-09-24 10:28:54,618 - httpcore.http11 - DEBUG - atrace:87 - send_request_headers.started request=<Request [b'GET']>
2025-09-24 10:28:54,618 - httpcore.http11 - DEBUG - atrace:87 - send_request_headers.complete
2025-09-24 10:28:54,618 - httpcore.http11 - DEBUG - atrace:87 - send_request_body.started request=<Request [b'GET']>
2025-09-24 10:28:54,618 - httpcore.http11 - DEBUG - atrace:87 - send_request_body.complete
2025-09-24 10:28:54,618 - httpcore.http11 - DEBUG - atrace:87 - receive_response_headers.started request=<Request [b'GET']>
2025-09-24 10:28:54,803 - httpcore.http11 - DEBUG - atrace:87 - receive_response_headers.complete return_value=(b'HTTP/1.1', 200, b'OK', [(b'Content-Length', b'37481'), (b'Content-Type', b'application/json;odata.metadata=minimal;odata.streaming=true;IEEE754Compatible=false;charset=utf-8'), (b'Date', b'Wed, 24 Sep 2025 04:58:54 GMT'), (b'Server', b'Microsoft-IIS/10.0'), (b'Access-Control-Allow-Headers', b'Accept, Origin, Content-Type, MaxDataServiceVersion'), (b'Access-Control-Allow-Methods', b'GET'), (b'Access-Control-Allow-Origin', b'*'), (b'Access-Control-Expose-Headers', b'DataServiceVersion'), (b'Cache-Control', b'private'), (b'Content-Encoding', b'gzip'), (b'Expires', b'Wed, 24 Sep 2025 04:59:19 GMT'), (b'Vary', b'*'), (b'X-Content-Type-Options', b'nosniff'), (b'OData-Version', b'4.0;'), (b'X-AspNet-Version', b'4.0.30319'), (b'X-Powered-By', b'ASP.NET')])
2025-09-24 10:28:54,804 - httpx - INFO - _send_single_request:1740 - HTTP Request: GET https://services.odata.org/V4/Northwind/Northwind.svc/Invoices?%24skip=1500&%24top=1500 "HTTP/1.1 200 OK"
2025-09-24 10:28:54,804 - httpcore.http11 - DEBUG - atrace:87 - receive_response_body.started request=<Request [b'GET']>
2025-09-24 10:28:54,937 - httpcore.http11 - DEBUG - atrace:87 - receive_response_headers.complete return_value=(b'HTTP/1.1', 200, b'OK', [(b'Content-Length', b'1172'), (b'Content-Type', b'application/json;odata.metadata=minimal;odata.streaming=true;IEEE754Compatible=false;charset=utf-8'), (b'Date', b'Wed, 24 Sep 2025 04:58:54 GMT'), (b'Server', b'Microsoft-IIS/10.0'), (b'Access-Control-Allow-Headers', b'Accept, Origin, Content-Type, MaxDataServiceVersion'), (b'Access-Control-Allow-Methods', b'GET'), (b'Access-Control-Allow-Origin', b'*'), (b'Access-Control-Expose-Headers', b'DataServiceVersion'), (b'Cache-Control', b'private'), (b'Content-Encoding', b'gzip'), (b'Expires', b'Wed, 24 Sep 2025 04:59:22 GMT'), (b'Vary', b'*'), (b'X-Content-Type-Options', b'nosniff'), (b'OData-Version', b'4.0;'), (b'X-AspNet-Version', b'4.0.30319'), (b'X-Powered-By', b'ASP.NET')])
2025-09-24 10:28:54,937 - httpx - INFO - _send_single_request:1740 - HTTP Request: GET https://services.odata.org/V4/Northwind/Northwind.svc/Order_Subtotals?%24skip=0&%24top=830 "HTTP/1.1 200 OK"
2025-09-24 10:28:54,937 - httpcore.http11 - DEBUG - atrace:87 - receive_response_body.started request=<Request [b'GET']>
2025-09-24 10:28:54,937 - httpcore.http11 - DEBUG - atrace:87 - receive_response_body.complete
2025-09-24 10:28:54,937 - httpcore.http11 - DEBUG - atrace:87 - response_closed.started
2025-09-24 10:28:54,937 - httpcore.http11 - DEBUG - atrace:87 - response_closed.complete
2025-09-24 10:28:54,937 - workers.proxy_pool - INFO - _make_http_request:250 - [2m2025-09-24T04:58:54.937484Z[0m [[32m[1minfo     [0m] [1m📊 Worker successfully fetched data[0m [[0m[1m[34mworkers.proxy_pool[0m][0m [36mactual_records_added[0m=[35m100[0m [36mcommand_id[0m=[35mOrder_Subtotals_page_1[0m [36mentity[0m=[35mOrder_Subtotals[0m [36mentity_total_fetched[0m=[35m100[0m [36mglobal_total_fetched[0m=[35m1368[0m [36mhas_next_page[0m=[35mTrue[0m [36mrecords_in_response[0m=[35m100[0m [36mworker_id[0m=[35mworker_2[0m
2025-09-24 10:28:54,937 - workers.proxy_pool - INFO - execute:110 - [2m2025-09-24T04:58:54.937484Z[0m [[32m[1minfo     [0m] [1m✅ Worker completed command successfully[0m [[0m[1m[34mworkers.proxy_pool[0m][0m [36mcommand_id[0m=[35mOrder_Subtotals_page_1[0m [36mentity[0m=[35mOrder_Subtotals[0m [36mexecution_time_seconds[0m=[35m0.34[0m [36mhas_next_page[0m=[35mTrue[0m [36mrecords_fetched[0m=[35m100[0m [36mworker_id[0m=[35mworker_2[0m
2025-09-24 10:28:54,941 - workers.proxy_pool - INFO - _worker_loop:460 - [2m2025-09-24T04:58:54.941510Z[0m [[32m[1minfo     [0m] [1m📋 Worker picked up command from queue[0m [[0m[1m[34mworkers.proxy_pool[0m][0m [36mcommand_id[0m=[35mProducts_Above_Average_Prices_page_1[0m [36mentity[0m=[35mProducts_Above_Average_Prices[0m [36mqueue_size_after_pickup[0m=[35m18[0m [36mworker_id[0m=[35mworker_2[0m [36mworker_status[0m=[35mPROCESSING[0m
2025-09-24 10:28:54,942 - workers.proxy_pool - INFO - execute:59 - [2m2025-09-24T04:58:54.942024Z[0m [[32m[1minfo     [0m] [1m🚀 Worker starting command execution[0m [[0m[1m[34mworkers.proxy_pool[0m][0m [36mcommand_id[0m=[35mProducts_Above_Average_Prices_page_1[0m [36mcommand_type[0m=[35mfetch_page[0m [36mentity[0m=[35mProducts_Above_Average_Prices[0m [36mpriority[0m=[35m1[0m [36mretry_count[0m=[35m0[0m [36mskip[0m=[35m0[0m [36mtop[0m=[35m1500[0m [36mworker_id[0m=[35mworker_2[0m
2025-09-24 10:28:54,942 - workers.proxy_pool - INFO - execute:82 - [2m2025-09-24T04:58:54.942024Z[0m [[32m[1minfo     [0m] [1m🔄 Worker executing request with resilience patterns[0m [[0m[1m[34mworkers.proxy_pool[0m][0m [36mcircuit_breaker_state[0m=[35mclosed[0m [36mcommand_id[0m=[35mProducts_Above_Average_Prices_page_1[0m [36mworker_id[0m=[35mworker_2[0m
2025-09-24 10:28:54,942 - planning.record_tracker - INFO - calculate_optimal_batch_size:206 - [2m2025-09-24T04:58:54.942024Z[0m [[32m[1minfo     [0m] [1mAdjusted batch size to prevent overfetching[0m [[0m[1m[34mplanning.record_tracker[0m][0m [36mdefault_size[0m=[35m1500[0m [36mentity[0m=[35mProducts_Above_Average_Prices[0m [36moptimal_size[0m=[35m25[0m [36mremaining_records[0m=[35m25[0m
2025-09-24 10:28:54,942 - workers.proxy_pool - INFO - _make_http_request:177 - [2m2025-09-24T04:58:54.942024Z[0m [[32m[1minfo     [0m] [1m📏 Adjusted batch size for optimal fetching[0m [[0m[1m[34mworkers.proxy_pool[0m][0m [36mcommand_id[0m=[35mProducts_Above_Average_Prices_page_1[0m [36mentity[0m=[35mProducts_Above_Average_Prices[0m [36moptimal_top[0m=[35m25[0m [36moriginal_top[0m=[35m1500[0m [36mworker_id[0m=[35mworker_2[0m
2025-09-24 10:28:54,942 - storage.transformer - INFO - transform_odata_response:62 - [2m2025-09-24T04:58:54.942024Z[0m [[32m[1minfo     [0m] [1mStarting transformation       [0m [[0m[1m[34mstorage.transformer[0m][0m [36mentity_name[0m=[35mOrder_Subtotals[0m [36mresponse_keys[0m=[35m['@odata.context', 'value', '@odata.nextLink'][0m
2025-09-24 10:28:54,944 - storage.transformer - INFO - transform_odata_response:101 - [2m2025-09-24T04:58:54.944048Z[0m [[32m[1minfo     [0m] [1mTransformation completed      [0m [[0m[1m[34mstorage.transformer[0m][0m [36mentity_name[0m=[35mOrder_Subtotals[0m [36minput_records[0m=[35m100[0m [36moutput_records[0m=[35m100[0m [36mtransformation_time_seconds[0m=[35m0.0[0m
2025-09-24 10:28:54,944 - storage.local_storage - INFO - store_processed_records:145 - [2m2025-09-24T04:58:54.944048Z[0m [[32m[1minfo     [0m] [1mStoring processed records     [0m [[0m[1m[34mstorage.local_storage[0m][0m [36mentity_name[0m=[35mOrder_Subtotals[0m [36mformat[0m=[35mjson[0m [36mrecord_count[0m=[35m100[0m
2025-09-24 10:28:54,944 - storage.local_storage - INFO - store_processed_records:160 - [2m2025-09-24T04:58:54.944048Z[0m [[32m[1minfo     [0m] [1mSuccessfully stored processed records[0m [[0m[1m[34mstorage.local_storage[0m][0m [36mentity_name[0m=[35mOrder_Subtotals[0m [36mfile_path[0m=[35m./test_output/processed\Order_Subtotals_20250924_045854.json[0m [36mrecord_count[0m=[35m100[0m [36mstorage_time_seconds[0m=[35m0.0[0m
2025-09-24 10:28:54,949 - storage.local_storage - INFO - store_raw_response:89 - [2m2025-09-24T04:58:54.949156Z[0m [[32m[1minfo     [0m] [1mSuccessfully stored raw data  [0m [[0m[1m[34mstorage.local_storage[0m][0m [36mentity_name[0m=[35mOrder_Subtotals[0m [36mfile_path[0m=[35m./test_output/raw\Order_Subtotals\2025/09/24\04\Order_Subtotals_page_1.json[0m [36msize_bytes[0m=[35m7333[0m [36mstorage_time_seconds[0m=[35m0.016[0m
2025-09-24 10:28:54,949 - httpcore.http11 - DEBUG - atrace:87 - send_request_headers.started request=<Request [b'GET']>
2025-09-24 10:28:54,951 - httpcore.http11 - DEBUG - atrace:87 - send_request_headers.complete
2025-09-24 10:28:54,951 - httpcore.http11 - DEBUG - atrace:87 - send_request_body.started request=<Request [b'GET']>
2025-09-24 10:28:54,951 - httpcore.http11 - DEBUG - atrace:87 - send_request_body.complete
2025-09-24 10:28:54,951 - httpcore.http11 - DEBUG - atrace:87 - receive_response_headers.started request=<Request [b'GET']>
2025-09-24 10:28:55,188 - httpcore.http11 - DEBUG - atrace:87 - receive_response_headers.complete return_value=(b'HTTP/1.1', 200, b'OK', [(b'Content-Length', b'764'), (b'Content-Type', b'application/json;odata.metadata=minimal;odata.streaming=true;IEEE754Compatible=false;charset=utf-8'), (b'Date', b'Wed, 24 Sep 2025 04:58:55 GMT'), (b'Server', b'Microsoft-IIS/10.0'), (b'Access-Control-Allow-Headers', b'Accept, Origin, Content-Type, MaxDataServiceVersion'), (b'Access-Control-Allow-Methods', b'GET'), (b'Access-Control-Allow-Origin', b'*'), (b'Access-Control-Expose-Headers', b'DataServiceVersion'), (b'Cache-Control', b'private'), (b'Content-Encoding', b'gzip'), (b'Expires', b'Wed, 24 Sep 2025 04:59:20 GMT'), (b'Vary', b'*'), (b'X-Content-Type-Options', b'nosniff'), (b'OData-Version', b'4.0;'), (b'X-AspNet-Version', b'4.0.30319'), (b'X-Powered-By', b'ASP.NET')])
2025-09-24 10:28:55,188 - httpx - INFO - _send_single_request:1740 - HTTP Request: GET https://services.odata.org/V4/Northwind/Northwind.svc/Products_Above_Average_Prices?%24skip=0&%24top=25 "HTTP/1.1 200 OK"
2025-09-24 10:28:55,188 - httpcore.http11 - DEBUG - atrace:87 - receive_response_body.started request=<Request [b'GET']>
2025-09-24 10:28:55,191 - httpcore.http11 - DEBUG - atrace:87 - receive_response_body.complete
2025-09-24 10:28:55,191 - httpcore.http11 - DEBUG - atrace:87 - response_closed.started
2025-09-24 10:28:55,191 - httpcore.http11 - DEBUG - atrace:87 - response_closed.complete
2025-09-24 10:28:55,191 - planning.record_tracker - INFO - add_page_records:38 - [2m2025-09-24T04:58:55.191841Z[0m [[32m[1minfo     [0m] [1m✅ Entity record fetching complete[0m [[0m[1m[34mplanning.record_tracker[0m][0m [36mentity[0m=[35mProducts_Above_Average_Prices[0m [36mfetched[0m=[35m25[0m [36mtarget[0m=[35m25[0m
2025-09-24 10:28:55,191 - workers.proxy_pool - INFO - _make_http_request:243 - [2m2025-09-24T04:58:55.191841Z[0m [[32m[1minfo     [0m] [1m🎯 Stopping pagination due to record limits[0m [[0m[1m[34mworkers.proxy_pool[0m][0m [36mcommand_id[0m=[35mProducts_Above_Average_Prices_page_1[0m [36mentity[0m=[35mProducts_Above_Average_Prices[0m [36mentity_complete[0m=[35mTrue[0m [36mglobal_limit_reached[0m=[35mNone[0m [36mworker_id[0m=[35mworker_2[0m
2025-09-24 10:28:55,191 - workers.proxy_pool - INFO - _make_http_request:250 - [2m2025-09-24T04:58:55.191841Z[0m [[32m[1minfo     [0m] [1m📊 Worker successfully fetched data[0m [[0m[1m[34mworkers.proxy_pool[0m][0m [36mactual_records_added[0m=[35m25[0m [36mcommand_id[0m=[35mProducts_Above_Average_Prices_page_1[0m [36mentity[0m=[35mProducts_Above_Average_Prices[0m [36mentity_total_fetched[0m=[35m25[0m [36mglobal_total_fetched[0m=[35m1393[0m [36mhas_next_page[0m=[35mFalse[0m [36mrecords_in_response[0m=[35m25[0m [36mworker_id[0m=[35mworker_2[0m
2025-09-24 10:28:55,191 - workers.proxy_pool - INFO - execute:110 - [2m2025-09-24T04:58:55.191841Z[0m [[32m[1minfo     [0m] [1m✅ Worker completed command successfully[0m [[0m[1m[34mworkers.proxy_pool[0m][0m [36mcommand_id[0m=[35mProducts_Above_Average_Prices_page_1[0m [36mentity[0m=[35mProducts_Above_Average_Prices[0m [36mexecution_time_seconds[0m=[35m0.25[0m [36mhas_next_page[0m=[35mFalse[0m [36mrecords_fetched[0m=[35m25[0m [36mworker_id[0m=[35mworker_2[0m
2025-09-24 10:28:55,193 - workers.proxy_pool - INFO - _worker_loop:460 - [2m2025-09-24T04:58:55.193959Z[0m [[32m[1minfo     [0m] [1m📋 Worker picked up command from queue[0m [[0m[1m[34mworkers.proxy_pool[0m][0m [36mcommand_id[0m=[35mProducts_by_Categories_page_1[0m [36mentity[0m=[35mProducts_by_Categories[0m [36mqueue_size_after_pickup[0m=[35m18[0m [36mworker_id[0m=[35mworker_2[0m [36mworker_status[0m=[35mPROCESSING[0m
2025-09-24 10:28:55,193 - workers.proxy_pool - INFO - execute:59 - [2m2025-09-24T04:58:55.193959Z[0m [[32m[1minfo     [0m] [1m🚀 Worker starting command execution[0m [[0m[1m[34mworkers.proxy_pool[0m][0m [36mcommand_id[0m=[35mProducts_by_Categories_page_1[0m [36mcommand_type[0m=[35mfetch_page[0m [36mentity[0m=[35mProducts_by_Categories[0m [36mpriority[0m=[35m1[0m [36mretry_count[0m=[35m0[0m [36mskip[0m=[35m0[0m [36mtop[0m=[35m1500[0m [36mworker_id[0m=[35mworker_2[0m
2025-09-24 10:28:55,193 - workers.proxy_pool - INFO - execute:82 - [2m2025-09-24T04:58:55.193959Z[0m [[32m[1minfo     [0m] [1m🔄 Worker executing request with resilience patterns[0m [[0m[1m[34mworkers.proxy_pool[0m][0m [36mcircuit_breaker_state[0m=[35mclosed[0m [36mcommand_id[0m=[35mProducts_by_Categories_page_1[0m [36mworker_id[0m=[35mworker_2[0m
2025-09-24 10:28:55,194 - planning.record_tracker - INFO - calculate_optimal_batch_size:206 - [2m2025-09-24T04:58:55.194974Z[0m [[32m[1minfo     [0m] [1mAdjusted batch size to prevent overfetching[0m [[0m[1m[34mplanning.record_tracker[0m][0m [36mdefault_size[0m=[35m1500[0m [36mentity[0m=[35mProducts_by_Categories[0m [36moptimal_size[0m=[35m69[0m [36mremaining_records[0m=[35m69[0m
2025-09-24 10:28:55,194 - workers.proxy_pool - INFO - _make_http_request:177 - [2m2025-09-24T04:58:55.194974Z[0m [[32m[1minfo     [0m] [1m📏 Adjusted batch size for optimal fetching[0m [[0m[1m[34mworkers.proxy_pool[0m][0m [36mcommand_id[0m=[35mProducts_by_Categories_page_1[0m [36mentity[0m=[35mProducts_by_Categories[0m [36moptimal_top[0m=[35m69[0m [36moriginal_top[0m=[35m1500[0m [36mworker_id[0m=[35mworker_2[0m
2025-09-24 10:28:55,194 - storage.transformer - INFO - transform_odata_response:62 - [2m2025-09-24T04:58:55.194974Z[0m [[32m[1minfo     [0m] [1mStarting transformation       [0m [[0m[1m[34mstorage.transformer[0m][0m [36mentity_name[0m=[35mProducts_Above_Average_Prices[0m [36mresponse_keys[0m=[35m['@odata.context', 'value'][0m
2025-09-24 10:28:55,194 - storage.transformer - INFO - transform_odata_response:101 - [2m2025-09-24T04:58:55.194974Z[0m [[32m[1minfo     [0m] [1mTransformation completed      [0m [[0m[1m[34mstorage.transformer[0m][0m [36mentity_name[0m=[35mProducts_Above_Average_Prices[0m [36minput_records[0m=[35m25[0m [36moutput_records[0m=[35m25[0m [36mtransformation_time_seconds[0m=[35m0.0[0m
2025-09-24 10:28:55,196 - storage.local_storage - INFO - store_processed_records:145 - [2m2025-09-24T04:58:55.196864Z[0m [[32m[1minfo     [0m] [1mStoring processed records     [0m [[0m[1m[34mstorage.local_storage[0m][0m [36mentity_name[0m=[35mProducts_Above_Average_Prices[0m [36mformat[0m=[35mjson[0m [36mrecord_count[0m=[35m25[0m
2025-09-24 10:28:55,201 - storage.local_storage - INFO - store_processed_records:160 - [2m2025-09-24T04:58:55.201429Z[0m [[32m[1minfo     [0m] [1mSuccessfully stored processed records[0m [[0m[1m[34mstorage.local_storage[0m][0m [36mentity_name[0m=[35mProducts_Above_Average_Prices[0m [36mfile_path[0m=[35m./test_output/processed\Products_Above_Average_Prices_20250924_045855.json[0m [36mrecord_count[0m=[35m25[0m [36mstorage_time_seconds[0m=[35m0.0[0m
2025-09-24 10:28:55,201 - storage.local_storage - INFO - store_raw_response:89 - [2m2025-09-24T04:58:55.201429Z[0m [[32m[1minfo     [0m] [1mSuccessfully stored raw data  [0m [[0m[1m[34mstorage.local_storage[0m][0m [36mentity_name[0m=[35mProducts_Above_Average_Prices[0m [36mfile_path[0m=[35m./test_output/raw\Products_Above_Average_Prices\2025/09/24\04\Products_Above_Average_Prices_page_1.json[0m [36msize_bytes[0m=[35m2555[0m [36mstorage_time_seconds[0m=[35m0.0[0m
2025-09-24 10:28:55,201 - httpcore.http11 - DEBUG - atrace:87 - send_request_headers.started request=<Request [b'GET']>
2025-09-24 10:28:55,201 - httpcore.http11 - DEBUG - atrace:87 - send_request_headers.complete
2025-09-24 10:28:55,201 - httpcore.http11 - DEBUG - atrace:87 - send_request_body.started request=<Request [b'GET']>
2025-09-24 10:28:55,201 - httpcore.http11 - DEBUG - atrace:87 - send_request_body.complete
2025-09-24 10:28:55,201 - httpcore.http11 - DEBUG - atrace:87 - receive_response_headers.started request=<Request [b'GET']>
2025-09-24 10:28:55,466 - httpcore.http11 - DEBUG - atrace:87 - receive_response_headers.complete return_value=(b'HTTP/1.1', 200, b'OK', [(b'Content-Length', b'2280'), (b'Content-Type', b'application/json;odata.metadata=minimal;odata.streaming=true;IEEE754Compatible=false;charset=utf-8'), (b'Date', b'Wed, 24 Sep 2025 04:58:55 GMT'), (b'Server', b'Microsoft-IIS/10.0'), (b'Access-Control-Allow-Headers', b'Accept, Origin, Content-Type, MaxDataServiceVersion'), (b'Access-Control-Allow-Methods', b'GET'), (b'Access-Control-Allow-Origin', b'*'), (b'Access-Control-Expose-Headers', b'DataServiceVersion'), (b'Cache-Control', b'private'), (b'Content-Encoding', b'gzip'), (b'Expires', b'Wed, 24 Sep 2025 04:59:22 GMT'), (b'Vary', b'*'), (b'X-Content-Type-Options', b'nosniff'), (b'OData-Version', b'4.0;'), (b'X-AspNet-Version', b'4.0.30319'), (b'X-Powered-By', b'ASP.NET')])
2025-09-24 10:28:55,466 - httpx - INFO - _send_single_request:1740 - HTTP Request: GET https://services.odata.org/V4/Northwind/Northwind.svc/Products_by_Categories?%24skip=0&%24top=69 "HTTP/1.1 200 OK"
2025-09-24 10:28:55,466 - httpcore.http11 - DEBUG - atrace:87 - receive_response_body.started request=<Request [b'GET']>
2025-09-24 10:28:55,466 - httpcore.http11 - DEBUG - atrace:87 - receive_response_body.complete
2025-09-24 10:28:55,466 - httpcore.http11 - DEBUG - atrace:87 - response_closed.started
2025-09-24 10:28:55,466 - httpcore.http11 - DEBUG - atrace:87 - response_closed.complete
2025-09-24 10:28:55,466 - planning.record_tracker - INFO - add_page_records:38 - [2m2025-09-24T04:58:55.466362Z[0m [[32m[1minfo     [0m] [1m✅ Entity record fetching complete[0m [[0m[1m[34mplanning.record_tracker[0m][0m [36mentity[0m=[35mProducts_by_Categories[0m [36mfetched[0m=[35m69[0m [36mtarget[0m=[35m69[0m
2025-09-24 10:28:55,466 - workers.proxy_pool - INFO - _make_http_request:243 - [2m2025-09-24T04:58:55.466362Z[0m [[32m[1minfo     [0m] [1m🎯 Stopping pagination due to record limits[0m [[0m[1m[34mworkers.proxy_pool[0m][0m [36mcommand_id[0m=[35mProducts_by_Categories_page_1[0m [36mentity[0m=[35mProducts_by_Categories[0m [36mentity_complete[0m=[35mTrue[0m [36mglobal_limit_reached[0m=[35mNone[0m [36mworker_id[0m=[35mworker_2[0m
2025-09-24 10:28:55,466 - workers.proxy_pool - INFO - _make_http_request:250 - [2m2025-09-24T04:58:55.466362Z[0m [[32m[1minfo     [0m] [1m📊 Worker successfully fetched data[0m [[0m[1m[34mworkers.proxy_pool[0m][0m [36mactual_records_added[0m=[35m69[0m [36mcommand_id[0m=[35mProducts_by_Categories_page_1[0m [36mentity[0m=[35mProducts_by_Categories[0m [36mentity_total_fetched[0m=[35m69[0m [36mglobal_total_fetched[0m=[35m1462[0m [36mhas_next_page[0m=[35mFalse[0m [36mrecords_in_response[0m=[35m69[0m [36mworker_id[0m=[35mworker_2[0m
2025-09-24 10:28:55,466 - workers.proxy_pool - INFO - execute:110 - [2m2025-09-24T04:58:55.466362Z[0m [[32m[1minfo     [0m] [1m✅ Worker completed command successfully[0m [[0m[1m[34mworkers.proxy_pool[0m][0m [36mcommand_id[0m=[35mProducts_by_Categories_page_1[0m [36mentity[0m=[35mProducts_by_Categories[0m [36mexecution_time_seconds[0m=[35m0.28[0m [36mhas_next_page[0m=[35mFalse[0m [36mrecords_fetched[0m=[35m69[0m [36mworker_id[0m=[35mworker_2[0m
2025-09-24 10:28:55,466 - workers.proxy_pool - INFO - _worker_loop:460 - [2m2025-09-24T04:58:55.466362Z[0m [[32m[1minfo     [0m] [1m📋 Worker picked up command from queue[0m [[0m[1m[34mworkers.proxy_pool[0m][0m [36mcommand_id[0m=[35mOrder_Details_page_1[0m [36mentity[0m=[35mOrder_Details[0m [36mqueue_size_after_pickup[0m=[35m17[0m [36mworker_id[0m=[35mworker_2[0m [36mworker_status[0m=[35mPROCESSING[0m
2025-09-24 10:28:55,466 - workers.proxy_pool - INFO - execute:59 - [2m2025-09-24T04:58:55.466362Z[0m [[32m[1minfo     [0m] [1m🚀 Worker starting command execution[0m [[0m[1m[34mworkers.proxy_pool[0m][0m [36mcommand_id[0m=[35mOrder_Details_page_1[0m [36mcommand_type[0m=[35mfetch_page[0m [36mentity[0m=[35mOrder_Details[0m [36mpriority[0m=[35m1[0m [36mretry_count[0m=[35m0[0m [36mskip[0m=[35m0[0m [36mtop[0m=[35m1500[0m [36mworker_id[0m=[35mworker_2[0m
2025-09-24 10:28:55,466 - workers.proxy_pool - INFO - execute:82 - [2m2025-09-24T04:58:55.466362Z[0m [[32m[1minfo     [0m] [1m🔄 Worker executing request with resilience patterns[0m [[0m[1m[34mworkers.proxy_pool[0m][0m [36mcircuit_breaker_state[0m=[35mclosed[0m [36mcommand_id[0m=[35mOrder_Details_page_1[0m [36mworker_id[0m=[35mworker_2[0m
2025-09-24 10:28:55,466 - storage.transformer - INFO - transform_odata_response:62 - [2m2025-09-24T04:58:55.466362Z[0m [[32m[1minfo     [0m] [1mStarting transformation       [0m [[0m[1m[34mstorage.transformer[0m][0m [36mentity_name[0m=[35mProducts_by_Categories[0m [36mresponse_keys[0m=[35m['@odata.context', 'value'][0m
2025-09-24 10:28:55,466 - storage.transformer - INFO - transform_odata_response:101 - [2m2025-09-24T04:58:55.466362Z[0m [[32m[1minfo     [0m] [1mTransformation completed      [0m [[0m[1m[34mstorage.transformer[0m][0m [36mentity_name[0m=[35mProducts_by_Categories[0m [36minput_records[0m=[35m69[0m [36moutput_records[0m=[35m69[0m [36mtransformation_time_seconds[0m=[35m0.0[0m
2025-09-24 10:28:55,466 - storage.local_storage - INFO - store_processed_records:145 - [2m2025-09-24T04:58:55.466362Z[0m [[32m[1minfo     [0m] [1mStoring processed records     [0m [[0m[1m[34mstorage.local_storage[0m][0m [36mentity_name[0m=[35mProducts_by_Categories[0m [36mformat[0m=[35mjson[0m [36mrecord_count[0m=[35m69[0m
2025-09-24 10:28:55,466 - storage.local_storage - INFO - store_processed_records:160 - [2m2025-09-24T04:58:55.466362Z[0m [[32m[1minfo     [0m] [1mSuccessfully stored processed records[0m [[0m[1m[34mstorage.local_storage[0m][0m [36mentity_name[0m=[35mProducts_by_Categories[0m [36mfile_path[0m=[35m./test_output/processed\Products_by_Categories_20250924_045855.json[0m [36mrecord_count[0m=[35m69[0m [36mstorage_time_seconds[0m=[35m0.0[0m
2025-09-24 10:28:55,480 - storage.local_storage - INFO - store_raw_response:89 - [2m2025-09-24T04:58:55.480194Z[0m [[32m[1minfo     [0m] [1mSuccessfully stored raw data  [0m [[0m[1m[34mstorage.local_storage[0m][0m [36mentity_name[0m=[35mProducts_by_Categories[0m [36mfile_path[0m=[35m./test_output/raw\Products_by_Categories\2025/09/24\04\Products_by_Categories_page_1.json[0m [36msize_bytes[0m=[35m14291[0m [36mstorage_time_seconds[0m=[35m0.016[0m
2025-09-24 10:28:55,481 - httpcore.http11 - DEBUG - atrace:87 - send_request_headers.started request=<Request [b'GET']>
2025-09-24 10:28:55,481 - httpcore.http11 - DEBUG - atrace:87 - send_request_headers.complete
2025-09-24 10:28:55,481 - httpcore.http11 - DEBUG - atrace:87 - send_request_body.started request=<Request [b'GET']>
2025-09-24 10:28:55,481 - httpcore.http11 - DEBUG - atrace:87 - send_request_body.complete
2025-09-24 10:28:55,481 - httpcore.http11 - DEBUG - atrace:87 - receive_response_headers.started request=<Request [b'GET']>
2025-09-24 10:28:55,514 - httpcore.http11 - DEBUG - atrace:87 - receive_response_body.complete
2025-09-24 10:28:55,515 - httpcore.http11 - DEBUG - atrace:87 - response_closed.started
2025-09-24 10:28:55,515 - httpcore.http11 - DEBUG - atrace:87 - response_closed.complete
2025-09-24 10:28:55,516 - planning.record_tracker - INFO - add_page_records:38 - [2m2025-09-24T04:58:55.516453Z[0m [[32m[1minfo     [0m] [1m✅ Entity record fetching complete[0m [[0m[1m[34mplanning.record_tracker[0m][0m [36mentity[0m=[35mEmployees[0m [36mfetched[0m=[35m9[0m [36mtarget[0m=[35m9[0m
2025-09-24 10:28:55,517 - workers.proxy_pool - INFO - _make_http_request:243 - [2m2025-09-24T04:58:55.517463Z[0m [[32m[1minfo     [0m] [1m🎯 Stopping pagination due to record limits[0m [[0m[1m[34mworkers.proxy_pool[0m][0m [36mcommand_id[0m=[35mEmployees_page_1[0m [36mentity[0m=[35mEmployees[0m [36mentity_complete[0m=[35mTrue[0m [36mglobal_limit_reached[0m=[35mNone[0m [36mworker_id[0m=[35mworker_0[0m
2025-09-24 10:28:55,517 - workers.proxy_pool - INFO - _make_http_request:250 - [2m2025-09-24T04:58:55.517463Z[0m [[32m[1minfo     [0m] [1m📊 Worker successfully fetched data[0m [[0m[1m[34mworkers.proxy_pool[0m][0m [36mactual_records_added[0m=[35m9[0m [36mcommand_id[0m=[35mEmployees_page_1[0m [36mentity[0m=[35mEmployees[0m [36mentity_total_fetched[0m=[35m9[0m [36mglobal_total_fetched[0m=[35m1471[0m [36mhas_next_page[0m=[35mFalse[0m [36mrecords_in_response[0m=[35m9[0m [36mworker_id[0m=[35mworker_0[0m
2025-09-24 10:28:55,518 - workers.proxy_pool - INFO - execute:110 - [2m2025-09-24T04:58:55.518457Z[0m [[32m[1minfo     [0m] [1m✅ Worker completed command successfully[0m [[0m[1m[34mworkers.proxy_pool[0m][0m [36mcommand_id[0m=[35mEmployees_page_1[0m [36mentity[0m=[35mEmployees[0m [36mexecution_time_seconds[0m=[35m1.75[0m [36mhas_next_page[0m=[35mFalse[0m [36mrecords_fetched[0m=[35m9[0m [36mworker_id[0m=[35mworker_0[0m
2025-09-24 10:28:55,518 - workers.proxy_pool - INFO - _worker_loop:460 - [2m2025-09-24T04:58:55.518457Z[0m [[32m[1minfo     [0m] [1m📋 Worker picked up command from queue[0m [[0m[1m[34mworkers.proxy_pool[0m][0m [36mcommand_id[0m=[35mOrder_Details_page_2[0m [36mentity[0m=[35mOrder_Details[0m [36mqueue_size_after_pickup[0m=[35m16[0m [36mworker_id[0m=[35mworker_0[0m [36mworker_status[0m=[35mPROCESSING[0m
2025-09-24 10:28:55,518 - workers.proxy_pool - INFO - execute:59 - [2m2025-09-24T04:58:55.518457Z[0m [[32m[1minfo     [0m] [1m🚀 Worker starting command execution[0m [[0m[1m[34mworkers.proxy_pool[0m][0m [36mcommand_id[0m=[35mOrder_Details_page_2[0m [36mcommand_type[0m=[35mfetch_page[0m [36mentity[0m=[35mOrder_Details[0m [36mpriority[0m=[35m1[0m [36mretry_count[0m=[35m0[0m [36mskip[0m=[35m1500[0m [36mtop[0m=[35m1500[0m [36mworker_id[0m=[35mworker_0[0m
2025-09-24 10:28:55,519 - workers.proxy_pool - INFO - execute:82 - [2m2025-09-24T04:58:55.519468Z[0m [[32m[1minfo     [0m] [1m🔄 Worker executing request with resilience patterns[0m [[0m[1m[34mworkers.proxy_pool[0m][0m [36mcircuit_breaker_state[0m=[35mclosed[0m [36mcommand_id[0m=[35mOrder_Details_page_2[0m [36mworker_id[0m=[35mworker_0[0m
2025-09-24 10:28:55,520 - storage.transformer - INFO - transform_odata_response:62 - [2m2025-09-24T04:58:55.520468Z[0m [[32m[1minfo     [0m] [1mStarting transformation       [0m [[0m[1m[34mstorage.transformer[0m][0m [36mentity_name[0m=[35mEmployees[0m [36mresponse_keys[0m=[35m['@odata.context', 'value'][0m
2025-09-24 10:28:55,521 - storage.transformer - INFO - transform_odata_response:101 - [2m2025-09-24T04:58:55.521177Z[0m [[32m[1minfo     [0m] [1mTransformation completed      [0m [[0m[1m[34mstorage.transformer[0m][0m [36mentity_name[0m=[35mEmployees[0m [36minput_records[0m=[35m9[0m [36moutput_records[0m=[35m9[0m [36mtransformation_time_seconds[0m=[35m0.0[0m
2025-09-24 10:28:55,521 - storage.local_storage - INFO - store_processed_records:145 - [2m2025-09-24T04:58:55.521177Z[0m [[32m[1minfo     [0m] [1mStoring processed records     [0m [[0m[1m[34mstorage.local_storage[0m][0m [36mentity_name[0m=[35mEmployees[0m [36mformat[0m=[35mjson[0m [36mrecord_count[0m=[35m9[0m
2025-09-24 10:28:55,524 - storage.local_storage - INFO - store_processed_records:160 - [2m2025-09-24T04:58:55.524751Z[0m [[32m[1minfo     [0m] [1mSuccessfully stored processed records[0m [[0m[1m[34mstorage.local_storage[0m][0m [36mentity_name[0m=[35mEmployees[0m [36mfile_path[0m=[35m./test_output/processed\Employees_20250924_045855.json[0m [36mrecord_count[0m=[35m9[0m [36mstorage_time_seconds[0m=[35m0.016[0m
2025-09-24 10:28:55,524 - storage.local_storage - INFO - store_raw_response:89 - [2m2025-09-24T04:58:55.524751Z[0m [[32m[1minfo     [0m] [1mSuccessfully stored raw data  [0m [[0m[1m[34mstorage.local_storage[0m][0m [36mentity_name[0m=[35mEmployees[0m [36mfile_path[0m=[35m./test_output/raw\Employees\2025/09/24\04\Employees_page_1.json[0m [36msize_bytes[0m=[35m268167[0m [36mstorage_time_seconds[0m=[35m0.0[0m
2025-09-24 10:28:55,524 - httpcore.http11 - DEBUG - atrace:87 - send_request_headers.started request=<Request [b'GET']>
2025-09-24 10:28:55,529 - httpcore.http11 - DEBUG - atrace:87 - send_request_headers.complete
2025-09-24 10:28:55,530 - httpcore.http11 - DEBUG - atrace:87 - send_request_body.started request=<Request [b'GET']>
2025-09-24 10:28:55,530 - httpcore.http11 - DEBUG - atrace:87 - send_request_body.complete
2025-09-24 10:28:55,531 - httpcore.http11 - DEBUG - atrace:87 - receive_response_headers.started request=<Request [b'GET']>
2025-09-24 10:28:55,737 - httpcore.http11 - DEBUG - atrace:87 - receive_response_body.complete
2025-09-24 10:28:55,737 - httpcore.http11 - DEBUG - atrace:87 - response_closed.started
2025-09-24 10:28:55,737 - httpcore.http11 - DEBUG - atrace:87 - response_closed.complete
2025-09-24 10:28:55,742 - workers.proxy_pool - INFO - _make_http_request:250 - [2m2025-09-24T04:58:55.742083Z[0m [[32m[1minfo     [0m] [1m📊 Worker successfully fetched data[0m [[0m[1m[34mworkers.proxy_pool[0m][0m [36mactual_records_added[0m=[35m500[0m [36mcommand_id[0m=[35mInvoices_page_2[0m [36mentity[0m=[35mInvoices[0m [36mentity_total_fetched[0m=[35m1000[0m [36mglobal_total_fetched[0m=[35m1971[0m [36mhas_next_page[0m=[35mTrue[0m [36mrecords_in_response[0m=[35m500[0m [36mworker_id[0m=[35mworker_1[0m
2025-09-24 10:28:55,744 - workers.proxy_pool - INFO - execute:110 - [2m2025-09-24T04:58:55.744140Z[0m [[32m[1minfo     [0m] [1m✅ Worker completed command successfully[0m [[0m[1m[34mworkers.proxy_pool[0m][0m [36mcommand_id[0m=[35mInvoices_page_2[0m [36mentity[0m=[35mInvoices[0m [36mexecution_time_seconds[0m=[35m1.34[0m [36mhas_next_page[0m=[35mTrue[0m [36mrecords_fetched[0m=[35m500[0m [36mworker_id[0m=[35mworker_1[0m
2025-09-24 10:28:55,744 - workers.proxy_pool - INFO - _worker_loop:460 - [2m2025-09-24T04:58:55.744140Z[0m [[32m[1minfo     [0m] [1m📋 Worker picked up command from queue[0m [[0m[1m[34mworkers.proxy_pool[0m][0m [36mcommand_id[0m=[35mCategory_Sales_for_1997_page_1[0m [36mentity[0m=[35mCategory_Sales_for_1997[0m [36mqueue_size_after_pickup[0m=[35m15[0m [36mworker_id[0m=[35mworker_1[0m [36mworker_status[0m=[35mPROCESSING[0m
2025-09-24 10:28:55,744 - workers.proxy_pool - INFO - execute:59 - [2m2025-09-24T04:58:55.744140Z[0m [[32m[1minfo     [0m] [1m🚀 Worker starting command execution[0m [[0m[1m[34mworkers.proxy_pool[0m][0m [36mcommand_id[0m=[35mCategory_Sales_for_1997_page_1[0m [36mcommand_type[0m=[35mfetch_page[0m [36mentity[0m=[35mCategory_Sales_for_1997[0m [36mpriority[0m=[35m1[0m [36mretry_count[0m=[35m0[0m [36mskip[0m=[35m0[0m [36mtop[0m=[35m1500[0m [36mworker_id[0m=[35mworker_1[0m
2025-09-24 10:28:55,744 - workers.proxy_pool - INFO - execute:82 - [2m2025-09-24T04:58:55.744140Z[0m [[32m[1minfo     [0m] [1m🔄 Worker executing request with resilience patterns[0m [[0m[1m[34mworkers.proxy_pool[0m][0m [36mcircuit_breaker_state[0m=[35mclosed[0m [36mcommand_id[0m=[35mCategory_Sales_for_1997_page_1[0m [36mworker_id[0m=[35mworker_1[0m
2025-09-24 10:28:55,746 - planning.record_tracker - INFO - calculate_optimal_batch_size:206 - [2m2025-09-24T04:58:55.744140Z[0m [[32m[1minfo     [0m] [1mAdjusted batch size to prevent overfetching[0m [[0m[1m[34mplanning.record_tracker[0m][0m [36mdefault_size[0m=[35m1500[0m [36mentity[0m=[35mCategory_Sales_for_1997[0m [36moptimal_size[0m=[35m8[0m [36mremaining_records[0m=[35m8[0m
2025-09-24 10:28:55,746 - workers.proxy_pool - INFO - _make_http_request:177 - [2m2025-09-24T04:58:55.746344Z[0m [[32m[1minfo     [0m] [1m📏 Adjusted batch size for optimal fetching[0m [[0m[1m[34mworkers.proxy_pool[0m][0m [36mcommand_id[0m=[35mCategory_Sales_for_1997_page_1[0m [36mentity[0m=[35mCategory_Sales_for_1997[0m [36moptimal_top[0m=[35m8[0m [36moriginal_top[0m=[35m1500[0m [36mworker_id[0m=[35mworker_1[0m
2025-09-24 10:28:55,747 - storage.transformer - INFO - transform_odata_response:62 - [2m2025-09-24T04:58:55.746830Z[0m [[32m[1minfo     [0m] [1mStarting transformation       [0m [[0m[1m[34mstorage.transformer[0m][0m [36mentity_name[0m=[35mInvoices[0m [36mresponse_keys[0m=[35m['@odata.context', 'value', '@odata.nextLink'][0m
2025-09-24 10:28:55,757 - storage.transformer - INFO - transform_odata_response:101 - [2m2025-09-24T04:58:55.757301Z[0m [[32m[1minfo     [0m] [1mTransformation completed      [0m [[0m[1m[34mstorage.transformer[0m][0m [36mentity_name[0m=[35mInvoices[0m [36minput_records[0m=[35m500[0m [36moutput_records[0m=[35m500[0m [36mtransformation_time_seconds[0m=[35m0.0[0m
2025-09-24 10:28:55,757 - storage.local_storage - INFO - store_processed_records:145 - [2m2025-09-24T04:58:55.757301Z[0m [[32m[1minfo     [0m] [1mStoring processed records     [0m [[0m[1m[34mstorage.local_storage[0m][0m [36mentity_name[0m=[35mInvoices[0m [36mformat[0m=[35mjson[0m [36mrecord_count[0m=[35m500[0m
2025-09-24 10:28:55,757 - storage.local_storage - INFO - store_processed_records:160 - [2m2025-09-24T04:58:55.757301Z[0m [[32m[1minfo     [0m] [1mSuccessfully stored processed records[0m [[0m[1m[34mstorage.local_storage[0m][0m [36mentity_name[0m=[35mInvoices[0m [36mfile_path[0m=[35m./test_output/processed\Invoices_20250924_045855.json[0m [36mrecord_count[0m=[35m500[0m [36mstorage_time_seconds[0m=[35m0.0[0m
2025-09-24 10:28:55,763 - storage.local_storage - INFO - store_raw_response:89 - [2m2025-09-24T04:58:55.763549Z[0m [[32m[1minfo     [0m] [1mSuccessfully stored raw data  [0m [[0m[1m[34mstorage.local_storage[0m][0m [36mentity_name[0m=[35mInvoices[0m [36mfile_path[0m=[35m./test_output/raw\Invoices\2025/09/24\04\Invoices_page_2.json[0m [36msize_bytes[0m=[35m453355[0m [36mstorage_time_seconds[0m=[35m0.016[0m
2025-09-24 10:28:55,765 - httpcore.http11 - DEBUG - atrace:87 - send_request_headers.started request=<Request [b'GET']>
2025-09-24 10:28:55,766 - httpcore.http11 - DEBUG - atrace:87 - send_request_headers.complete
2025-09-24 10:28:55,766 - httpcore.http11 - DEBUG - atrace:87 - send_request_body.started request=<Request [b'GET']>
2025-09-24 10:28:55,766 - httpcore.http11 - DEBUG - atrace:87 - send_request_body.complete
2025-09-24 10:28:55,766 - httpcore.http11 - DEBUG - atrace:87 - receive_response_headers.started request=<Request [b'GET']>
2025-09-24 10:28:55,766 - httpcore.http11 - DEBUG - atrace:87 - receive_response_headers.complete return_value=(b'HTTP/1.1', 200, b'OK', [(b'Content-Length', b'6023'), (b'Content-Type', b'application/json;odata.metadata=minimal;odata.streaming=true;IEEE754Compatible=false;charset=utf-8'), (b'Date', b'Wed, 24 Sep 2025 04:58:55 GMT'), (b'Server', b'Microsoft-IIS/10.0'), (b'Access-Control-Allow-Headers', b'Accept, Origin, Content-Type, MaxDataServiceVersion'), (b'Access-Control-Allow-Methods', b'GET'), (b'Access-Control-Allow-Origin', b'*'), (b'Access-Control-Expose-Headers', b'DataServiceVersion'), (b'Cache-Control', b'private'), (b'Content-Encoding', b'gzip'), (b'Expires', b'Wed, 24 Sep 2025 04:59:22 GMT'), (b'Vary', b'*'), (b'X-Content-Type-Options', b'nosniff'), (b'OData-Version', b'4.0;'), (b'X-AspNet-Version', b'4.0.30319'), (b'X-Powered-By', b'ASP.NET')])
2025-09-24 10:28:55,766 - httpx - INFO - _send_single_request:1740 - HTTP Request: GET https://services.odata.org/V4/Northwind/Northwind.svc/Order_Details?%24skip=0&%24top=1500 "HTTP/1.1 200 OK"
2025-09-24 10:28:55,766 - httpcore.http11 - DEBUG - atrace:87 - receive_response_body.started request=<Request [b'GET']>
2025-09-24 10:28:55,766 - httpcore.http11 - DEBUG - atrace:87 - receive_response_body.complete
2025-09-24 10:28:55,766 - httpcore.http11 - DEBUG - atrace:87 - response_closed.started
2025-09-24 10:28:55,766 - httpcore.http11 - DEBUG - atrace:87 - response_closed.complete
2025-09-24 10:28:55,766 - workers.proxy_pool - INFO - _make_http_request:250 - [2m2025-09-24T04:58:55.766850Z[0m [[32m[1minfo     [0m] [1m📊 Worker successfully fetched data[0m [[0m[1m[34mworkers.proxy_pool[0m][0m [36mactual_records_added[0m=[35m500[0m [36mcommand_id[0m=[35mOrder_Details_page_1[0m [36mentity[0m=[35mOrder_Details[0m [36mentity_total_fetched[0m=[35m500[0m [36mglobal_total_fetched[0m=[35m2471[0m [36mhas_next_page[0m=[35mTrue[0m [36mrecords_in_response[0m=[35m500[0m [36mworker_id[0m=[35mworker_2[0m
2025-09-24 10:28:55,766 - workers.proxy_pool - INFO - execute:110 - [2m2025-09-24T04:58:55.766850Z[0m [[32m[1minfo     [0m] [1m✅ Worker completed command successfully[0m [[0m[1m[34mworkers.proxy_pool[0m][0m [36mcommand_id[0m=[35mOrder_Details_page_1[0m [36mentity[0m=[35mOrder_Details[0m [36mexecution_time_seconds[0m=[35m0.3[0m [36mhas_next_page[0m=[35mTrue[0m [36mrecords_fetched[0m=[35m500[0m [36mworker_id[0m=[35mworker_2[0m
2025-09-24 10:28:55,766 - workers.proxy_pool - INFO - _worker_loop:460 - [2m2025-09-24T04:58:55.766850Z[0m [[32m[1minfo     [0m] [1m📋 Worker picked up command from queue[0m [[0m[1m[34mworkers.proxy_pool[0m][0m [36mcommand_id[0m=[35mOrder_Details_Extendeds_page_1[0m [36mentity[0m=[35mOrder_Details_Extendeds[0m [36mqueue_size_after_pickup[0m=[35m15[0m [36mworker_id[0m=[35mworker_2[0m [36mworker_status[0m=[35mPROCESSING[0m
2025-09-24 10:28:55,766 - workers.proxy_pool - INFO - execute:59 - [2m2025-09-24T04:58:55.766850Z[0m [[32m[1minfo     [0m] [1m🚀 Worker starting command execution[0m [[0m[1m[34mworkers.proxy_pool[0m][0m [36mcommand_id[0m=[35mOrder_Details_Extendeds_page_1[0m [36mcommand_type[0m=[35mfetch_page[0m [36mentity[0m=[35mOrder_Details_Extendeds[0m [36mpriority[0m=[35m1[0m [36mretry_count[0m=[35m0[0m [36mskip[0m=[35m0[0m [36mtop[0m=[35m1500[0m [36mworker_id[0m=[35mworker_2[0m
2025-09-24 10:28:55,766 - workers.proxy_pool - INFO - execute:82 - [2m2025-09-24T04:58:55.766850Z[0m [[32m[1minfo     [0m] [1m🔄 Worker executing request with resilience patterns[0m [[0m[1m[34mworkers.proxy_pool[0m][0m [36mcircuit_breaker_state[0m=[35mclosed[0m [36mcommand_id[0m=[35mOrder_Details_Extendeds_page_1[0m [36mworker_id[0m=[35mworker_2[0m
2025-09-24 10:28:55,766 - storage.transformer - INFO - transform_odata_response:62 - [2m2025-09-24T04:58:55.766850Z[0m [[32m[1minfo     [0m] [1mStarting transformation       [0m [[0m[1m[34mstorage.transformer[0m][0m [36mentity_name[0m=[35mOrder_Details[0m [36mresponse_keys[0m=[35m['@odata.context', 'value', '@odata.nextLink'][0m
2025-09-24 10:28:55,773 - storage.transformer - INFO - transform_odata_response:101 - [2m2025-09-24T04:58:55.773371Z[0m [[32m[1minfo     [0m] [1mTransformation completed      [0m [[0m[1m[34mstorage.transformer[0m][0m [36mentity_name[0m=[35mOrder_Details[0m [36minput_records[0m=[35m500[0m [36moutput_records[0m=[35m500[0m [36mtransformation_time_seconds[0m=[35m0.016[0m
2025-09-24 10:28:55,773 - storage.local_storage - INFO - store_processed_records:145 - [2m2025-09-24T04:58:55.773371Z[0m [[32m[1minfo     [0m] [1mStoring processed records     [0m [[0m[1m[34mstorage.local_storage[0m][0m [36mentity_name[0m=[35mOrder_Details[0m [36mformat[0m=[35mjson[0m [36mrecord_count[0m=[35m500[0m
2025-09-24 10:28:55,776 - storage.local_storage - INFO - store_processed_records:160 - [2m2025-09-24T04:58:55.776566Z[0m [[32m[1minfo     [0m] [1mSuccessfully stored processed records[0m [[0m[1m[34mstorage.local_storage[0m][0m [36mentity_name[0m=[35mOrder_Details[0m [36mfile_path[0m=[35m./test_output/processed\Order_Details_20250924_045855.json[0m [36mrecord_count[0m=[35m500[0m [36mstorage_time_seconds[0m=[35m0.0[0m
2025-09-24 10:28:55,781 - storage.local_storage - INFO - store_raw_response:89 - [2m2025-09-24T04:58:55.776566Z[0m [[32m[1minfo     [0m] [1mSuccessfully stored raw data  [0m [[0m[1m[34mstorage.local_storage[0m][0m [36mentity_name[0m=[35mOrder_Details[0m [36mfile_path[0m=[35m./test_output/raw\Order_Details\2025/09/24\04\Order_Details_page_1.json[0m [36msize_bytes[0m=[35m71134[0m [36mstorage_time_seconds[0m=[35m0.0[0m
2025-09-24 10:28:55,781 - httpcore.http11 - DEBUG - atrace:87 - send_request_headers.started request=<Request [b'GET']>
2025-09-24 10:28:55,781 - httpcore.http11 - DEBUG - atrace:87 - send_request_headers.complete
2025-09-24 10:28:55,781 - httpcore.http11 - DEBUG - atrace:87 - send_request_body.started request=<Request [b'GET']>
2025-09-24 10:28:55,781 - httpcore.http11 - DEBUG - atrace:87 - send_request_body.complete
2025-09-24 10:28:55,781 - httpcore.http11 - DEBUG - atrace:87 - receive_response_headers.started request=<Request [b'GET']>
2025-09-24 10:28:55,803 - httpcore.http11 - DEBUG - atrace:87 - receive_response_headers.complete return_value=(b'HTTP/1.1', 200, b'OK', [(b'Content-Length', b'6232'), (b'Content-Type', b'application/json;odata.metadata=minimal;odata.streaming=true;IEEE754Compatible=false;charset=utf-8'), (b'Date', b'Wed, 24 Sep 2025 04:58:55 GMT'), (b'Server', b'Microsoft-IIS/10.0'), (b'Access-Control-Allow-Headers', b'Accept, Origin, Content-Type, MaxDataServiceVersion'), (b'Access-Control-Allow-Methods', b'GET'), (b'Access-Control-Allow-Origin', b'*'), (b'Access-Control-Expose-Headers', b'DataServiceVersion'), (b'Cache-Control', b'private'), (b'Content-Encoding', b'gzip'), (b'Expires', b'Wed, 24 Sep 2025 04:59:22 GMT'), (b'Vary', b'*'), (b'X-Content-Type-Options', b'nosniff'), (b'OData-Version', b'4.0;'), (b'X-AspNet-Version', b'4.0.30319'), (b'X-Powered-By', b'ASP.NET')])
2025-09-24 10:28:55,803 - httpx - INFO - _send_single_request:1740 - HTTP Request: GET https://services.odata.org/V4/Northwind/Northwind.svc/Order_Details?%24skip=1500&%24top=1500 "HTTP/1.1 200 OK"
2025-09-24 10:28:55,803 - httpcore.http11 - DEBUG - atrace:87 - receive_response_body.started request=<Request [b'GET']>
2025-09-24 10:28:55,803 - httpcore.http11 - DEBUG - atrace:87 - receive_response_body.complete
2025-09-24 10:28:55,803 - httpcore.http11 - DEBUG - atrace:87 - response_closed.started
2025-09-24 10:28:55,803 - httpcore.http11 - DEBUG - atrace:87 - response_closed.complete
2025-09-24 10:28:55,803 - workers.proxy_pool - INFO - _make_http_request:250 - [2m2025-09-24T04:58:55.803351Z[0m [[32m[1minfo     [0m] [1m📊 Worker successfully fetched data[0m [[0m[1m[34mworkers.proxy_pool[0m][0m [36mactual_records_added[0m=[35m500[0m [36mcommand_id[0m=[35mOrder_Details_page_2[0m [36mentity[0m=[35mOrder_Details[0m [36mentity_total_fetched[0m=[35m1000[0m [36mglobal_total_fetched[0m=[35m2971[0m [36mhas_next_page[0m=[35mTrue[0m [36mrecords_in_response[0m=[35m500[0m [36mworker_id[0m=[35mworker_0[0m
2025-09-24 10:28:55,803 - workers.proxy_pool - INFO - execute:110 - [2m2025-09-24T04:58:55.803351Z[0m [[32m[1minfo     [0m] [1m✅ Worker completed command successfully[0m [[0m[1m[34mworkers.proxy_pool[0m][0m [36mcommand_id[0m=[35mOrder_Details_page_2[0m [36mentity[0m=[35mOrder_Details[0m [36mexecution_time_seconds[0m=[35m0.28[0m [36mhas_next_page[0m=[35mTrue[0m [36mrecords_fetched[0m=[35m500[0m [36mworker_id[0m=[35mworker_0[0m
2025-09-24 10:28:55,803 - workers.proxy_pool - INFO - _worker_loop:460 - [2m2025-09-24T04:58:55.803351Z[0m [[32m[1minfo     [0m] [1m📋 Worker picked up command from queue[0m [[0m[1m[34mworkers.proxy_pool[0m][0m [36mcommand_id[0m=[35mOrder_Details_Extendeds_page_2[0m [36mentity[0m=[35mOrder_Details_Extendeds[0m [36mqueue_size_after_pickup[0m=[35m15[0m [36mworker_id[0m=[35mworker_0[0m [36mworker_status[0m=[35mPROCESSING[0m
2025-09-24 10:28:55,803 - workers.proxy_pool - INFO - execute:59 - [2m2025-09-24T04:58:55.803351Z[0m [[32m[1minfo     [0m] [1m🚀 Worker starting command execution[0m [[0m[1m[34mworkers.proxy_pool[0m][0m [36mcommand_id[0m=[35mOrder_Details_Extendeds_page_2[0m [36mcommand_type[0m=[35mfetch_page[0m [36mentity[0m=[35mOrder_Details_Extendeds[0m [36mpriority[0m=[35m1[0m [36mretry_count[0m=[35m0[0m [36mskip[0m=[35m1500[0m [36mtop[0m=[35m1500[0m [36mworker_id[0m=[35mworker_0[0m
2025-09-24 10:28:55,813 - workers.proxy_pool - INFO - execute:82 - [2m2025-09-24T04:58:55.803351Z[0m [[32m[1minfo     [0m] [1m🔄 Worker executing request with resilience patterns[0m [[0m[1m[34mworkers.proxy_pool[0m][0m [36mcircuit_breaker_state[0m=[35mclosed[0m [36mcommand_id[0m=[35mOrder_Details_Extendeds_page_2[0m [36mworker_id[0m=[35mworker_0[0m
2025-09-24 10:28:55,814 - storage.transformer - INFO - transform_odata_response:62 - [2m2025-09-24T04:58:55.814316Z[0m [[32m[1minfo     [0m] [1mStarting transformation       [0m [[0m[1m[34mstorage.transformer[0m][0m [36mentity_name[0m=[35mOrder_Details[0m [36mresponse_keys[0m=[35m['@odata.context', 'value', '@odata.nextLink'][0m
2025-09-24 10:28:55,816 - storage.transformer - INFO - transform_odata_response:101 - [2m2025-09-24T04:58:55.816796Z[0m [[32m[1minfo     [0m] [1mTransformation completed      [0m [[0m[1m[34mstorage.transformer[0m][0m [36mentity_name[0m=[35mOrder_Details[0m [36minput_records[0m=[35m500[0m [36moutput_records[0m=[35m500[0m [36mtransformation_time_seconds[0m=[35m0.0[0m
2025-09-24 10:28:55,816 - storage.local_storage - INFO - store_processed_records:145 - [2m2025-09-24T04:58:55.816796Z[0m [[32m[1minfo     [0m] [1mStoring processed records     [0m [[0m[1m[34mstorage.local_storage[0m][0m [36mentity_name[0m=[35mOrder_Details[0m [36mformat[0m=[35mjson[0m [36mrecord_count[0m=[35m500[0m
2025-09-24 10:28:55,816 - storage.local_storage - INFO - store_processed_records:160 - [2m2025-09-24T04:58:55.816796Z[0m [[32m[1minfo     [0m] [1mSuccessfully stored processed records[0m [[0m[1m[34mstorage.local_storage[0m][0m [36mentity_name[0m=[35mOrder_Details[0m [36mfile_path[0m=[35m./test_output/processed\Order_Details_20250924_045855.json[0m [36mrecord_count[0m=[35m500[0m [36mstorage_time_seconds[0m=[35m0.0[0m
2025-09-24 10:28:55,816 - storage.local_storage - INFO - store_raw_response:89 - [2m2025-09-24T04:58:55.816796Z[0m [[32m[1minfo     [0m] [1mSuccessfully stored raw data  [0m [[0m[1m[34mstorage.local_storage[0m][0m [36mentity_name[0m=[35mOrder_Details[0m [36mfile_path[0m=[35m./test_output/raw\Order_Details\2025/09/24\04\Order_Details_page_2.json[0m [36msize_bytes[0m=[35m71190[0m [36mstorage_time_seconds[0m=[35m0.0[0m
2025-09-24 10:28:55,816 - httpcore.http11 - DEBUG - atrace:87 - send_request_headers.started request=<Request [b'GET']>
2025-09-24 10:28:55,816 - httpcore.http11 - DEBUG - atrace:87 - send_request_headers.complete
2025-09-24 10:28:55,816 - httpcore.http11 - DEBUG - atrace:87 - send_request_body.started request=<Request [b'GET']>
2025-09-24 10:28:55,816 - httpcore.http11 - DEBUG - atrace:87 - send_request_body.complete
2025-09-24 10:28:55,816 - httpcore.http11 - DEBUG - atrace:87 - receive_response_headers.started request=<Request [b'GET']>
2025-09-24 10:28:56,052 - httpcore.http11 - DEBUG - atrace:87 - receive_response_headers.complete return_value=(b'HTTP/1.1', 200, b'OK', [(b'Content-Length', b'402'), (b'Content-Type', b'application/json;odata.metadata=minimal;odata.streaming=true;IEEE754Compatible=false;charset=utf-8'), (b'Date', b'Wed, 24 Sep 2025 04:58:55 GMT'), (b'Server', b'Microsoft-IIS/10.0'), (b'Access-Control-Allow-Headers', b'Accept, Origin, Content-Type, MaxDataServiceVersion'), (b'Access-Control-Allow-Methods', b'GET'), (b'Access-Control-Allow-Origin', b'*'), (b'Access-Control-Expose-Headers', b'DataServiceVersion'), (b'Cache-Control', b'private'), (b'Content-Encoding', b'gzip'), (b'Expires', b'Wed, 24 Sep 2025 04:59:22 GMT'), (b'Vary', b'*'), (b'X-Content-Type-Options', b'nosniff'), (b'OData-Version', b'4.0;'), (b'X-AspNet-Version', b'4.0.30319'), (b'X-Powered-By', b'ASP.NET')])
2025-09-24 10:28:56,052 - httpx - INFO - _send_single_request:1740 - HTTP Request: GET https://services.odata.org/V4/Northwind/Northwind.svc/Category_Sales_for_1997?%24skip=0&%24top=8 "HTTP/1.1 200 OK"
2025-09-24 10:28:56,052 - httpcore.http11 - DEBUG - atrace:87 - receive_response_body.started request=<Request [b'GET']>
2025-09-24 10:28:56,052 - httpcore.http11 - DEBUG - atrace:87 - receive_response_body.complete
2025-09-24 10:28:56,052 - httpcore.http11 - DEBUG - atrace:87 - response_closed.started
2025-09-24 10:28:56,052 - httpcore.http11 - DEBUG - atrace:87 - response_closed.complete
2025-09-24 10:28:56,052 - planning.record_tracker - INFO - add_page_records:38 - [2m2025-09-24T04:58:56.052268Z[0m [[32m[1minfo     [0m] [1m✅ Entity record fetching complete[0m [[0m[1m[34mplanning.record_tracker[0m][0m [36mentity[0m=[35mCategory_Sales_for_1997[0m [36mfetched[0m=[35m8[0m [36mtarget[0m=[35m8[0m
2025-09-24 10:28:56,052 - workers.proxy_pool - INFO - _make_http_request:243 - [2m2025-09-24T04:58:56.052268Z[0m [[32m[1minfo     [0m] [1m🎯 Stopping pagination due to record limits[0m [[0m[1m[34mworkers.proxy_pool[0m][0m [36mcommand_id[0m=[35mCategory_Sales_for_1997_page_1[0m [36mentity[0m=[35mCategory_Sales_for_1997[0m [36mentity_complete[0m=[35mTrue[0m [36mglobal_limit_reached[0m=[35mNone[0m [36mworker_id[0m=[35mworker_1[0m
2025-09-24 10:28:56,052 - workers.proxy_pool - INFO - _make_http_request:250 - [2m2025-09-24T04:58:56.052268Z[0m [[32m[1minfo     [0m] [1m📊 Worker successfully fetched data[0m [[0m[1m[34mworkers.proxy_pool[0m][0m [36mactual_records_added[0m=[35m8[0m [36mcommand_id[0m=[35mCategory_Sales_for_1997_page_1[0m [36mentity[0m=[35mCategory_Sales_for_1997[0m [36mentity_total_fetched[0m=[35m8[0m [36mglobal_total_fetched[0m=[35m2979[0m [36mhas_next_page[0m=[35mFalse[0m [36mrecords_in_response[0m=[35m8[0m [36mworker_id[0m=[35mworker_1[0m
2025-09-24 10:28:56,052 - workers.proxy_pool - INFO - execute:110 - [2m2025-09-24T04:58:56.052268Z[0m [[32m[1minfo     [0m] [1m✅ Worker completed command successfully[0m [[0m[1m[34mworkers.proxy_pool[0m][0m [36mcommand_id[0m=[35mCategory_Sales_for_1997_page_1[0m [36mentity[0m=[35mCategory_Sales_for_1997[0m [36mexecution_time_seconds[0m=[35m0.3[0m [36mhas_next_page[0m=[35mFalse[0m [36mrecords_fetched[0m=[35m8[0m [36mworker_id[0m=[35mworker_1[0m
2025-09-24 10:28:56,052 - workers.proxy_pool - INFO - _worker_loop:460 - [2m2025-09-24T04:58:56.052268Z[0m [[32m[1minfo     [0m] [1m📋 Worker picked up command from queue[0m [[0m[1m[34mworkers.proxy_pool[0m][0m [36mcommand_id[0m=[35mCustomer_and_Suppliers_by_Cities_page_1[0m [36mentity[0m=[35mCustomer_and_Suppliers_by_Cities[0m [36mqueue_size_after_pickup[0m=[35m15[0m [36mworker_id[0m=[35mworker_1[0m [36mworker_status[0m=[35mPROCESSING[0m
2025-09-24 10:28:56,057 - workers.proxy_pool - INFO - execute:59 - [2m2025-09-24T04:58:56.052268Z[0m [[32m[1minfo     [0m] [1m🚀 Worker starting command execution[0m [[0m[1m[34mworkers.proxy_pool[0m][0m [36mcommand_id[0m=[35mCustomer_and_Suppliers_by_Cities_page_1[0m [36mcommand_type[0m=[35mfetch_page[0m [36mentity[0m=[35mCustomer_and_Suppliers_by_Cities[0m [36mpriority[0m=[35m1[0m [36mretry_count[0m=[35m0[0m [36mskip[0m=[35m0[0m [36mtop[0m=[35m1500[0m [36mworker_id[0m=[35mworker_1[0m
2025-09-24 10:28:56,057 - workers.proxy_pool - INFO - execute:82 - [2m2025-09-24T04:58:56.057348Z[0m [[32m[1minfo     [0m] [1m🔄 Worker executing request with resilience patterns[0m [[0m[1m[34mworkers.proxy_pool[0m][0m [36mcircuit_breaker_state[0m=[35mclosed[0m [36mcommand_id[0m=[35mCustomer_and_Suppliers_by_Cities_page_1[0m [36mworker_id[0m=[35mworker_1[0m
2025-09-24 10:28:56,057 - planning.record_tracker - INFO - calculate_optimal_batch_size:206 - [2m2025-09-24T04:58:56.057348Z[0m [[32m[1minfo     [0m] [1mAdjusted batch size to prevent overfetching[0m [[0m[1m[34mplanning.record_tracker[0m][0m [36mdefault_size[0m=[35m1500[0m [36mentity[0m=[35mCustomer_and_Suppliers_by_Cities[0m [36moptimal_size[0m=[35m120[0m [36mremaining_records[0m=[35m120[0m
2025-09-24 10:28:56,057 - workers.proxy_pool - INFO - _make_http_request:177 - [2m2025-09-24T04:58:56.057348Z[0m [[32m[1minfo     [0m] [1m📏 Adjusted batch size for optimal fetching[0m [[0m[1m[34mworkers.proxy_pool[0m][0m [36mcommand_id[0m=[35mCustomer_and_Suppliers_by_Cities_page_1[0m [36mentity[0m=[35mCustomer_and_Suppliers_by_Cities[0m [36moptimal_top[0m=[35m120[0m [36moriginal_top[0m=[35m1500[0m [36mworker_id[0m=[35mworker_1[0m
2025-09-24 10:28:56,057 - storage.transformer - INFO - transform_odata_response:62 - [2m2025-09-24T04:58:56.057348Z[0m [[32m[1minfo     [0m] [1mStarting transformation       [0m [[0m[1m[34mstorage.transformer[0m][0m [36mentity_name[0m=[35mCategory_Sales_for_1997[0m [36mresponse_keys[0m=[35m['@odata.context', 'value'][0m
2025-09-24 10:28:56,057 - storage.transformer - INFO - transform_odata_response:101 - [2m2025-09-24T04:58:56.057348Z[0m [[32m[1minfo     [0m] [1mTransformation completed      [0m [[0m[1m[34mstorage.transformer[0m][0m [36mentity_name[0m=[35mCategory_Sales_for_1997[0m [36minput_records[0m=[35m8[0m [36moutput_records[0m=[35m8[0m [36mtransformation_time_seconds[0m=[35m0.0[0m
2025-09-24 10:28:56,057 - storage.local_storage - INFO - store_processed_records:145 - [2m2025-09-24T04:58:56.057348Z[0m [[32m[1minfo     [0m] [1mStoring processed records     [0m [[0m[1m[34mstorage.local_storage[0m][0m [36mentity_name[0m=[35mCategory_Sales_for_1997[0m [36mformat[0m=[35mjson[0m [36mrecord_count[0m=[35m8[0m
2025-09-24 10:28:56,057 - storage.local_storage - INFO - store_processed_records:160 - [2m2025-09-24T04:58:56.057348Z[0m [[32m[1minfo     [0m] [1mSuccessfully stored processed records[0m [[0m[1m[34mstorage.local_storage[0m][0m [36mentity_name[0m=[35mCategory_Sales_for_1997[0m [36mfile_path[0m=[35m./test_output/processed\Category_Sales_for_1997_20250924_045856.json[0m [36mrecord_count[0m=[35m8[0m [36mstorage_time_seconds[0m=[35m0.0[0m
2025-09-24 10:28:56,057 - storage.local_storage - INFO - store_raw_response:89 - [2m2025-09-24T04:58:56.057348Z[0m [[32m[1minfo     [0m] [1mSuccessfully stored raw data  [0m [[0m[1m[34mstorage.local_storage[0m][0m [36mentity_name[0m=[35mCategory_Sales_for_1997[0m [36mfile_path[0m=[35m./test_output/raw\Category_Sales_for_1997\2025/09/24\04\Category_Sales_for_1997_page_1.json[0m [36msize_bytes[0m=[35m1040[0m [36mstorage_time_seconds[0m=[35m0.0[0m
2025-09-24 10:28:56,057 - httpcore.http11 - DEBUG - atrace:87 - send_request_headers.started request=<Request [b'GET']>
2025-09-24 10:28:56,063 - httpcore.http11 - DEBUG - atrace:87 - send_request_headers.complete
2025-09-24 10:28:56,063 - httpcore.http11 - DEBUG - atrace:87 - send_request_body.started request=<Request [b'GET']>
2025-09-24 10:28:56,063 - httpcore.http11 - DEBUG - atrace:87 - send_request_body.complete
2025-09-24 10:28:56,063 - httpcore.http11 - DEBUG - atrace:87 - receive_response_headers.started request=<Request [b'GET']>
2025-09-24 10:28:56,066 - httpcore.http11 - DEBUG - atrace:87 - receive_response_headers.complete return_value=(b'HTTP/1.1', 200, b'OK', [(b'Content-Length', b'3140'), (b'Content-Type', b'application/json;odata.metadata=minimal;odata.streaming=true;IEEE754Compatible=false;charset=utf-8'), (b'Date', b'Wed, 24 Sep 2025 04:58:55 GMT'), (b'Server', b'Microsoft-IIS/10.0'), (b'Access-Control-Allow-Headers', b'Accept, Origin, Content-Type, MaxDataServiceVersion'), (b'Access-Control-Allow-Methods', b'GET'), (b'Access-Control-Allow-Origin', b'*'), (b'Access-Control-Expose-Headers', b'DataServiceVersion'), (b'Cache-Control', b'private'), (b'Content-Encoding', b'gzip'), (b'Expires', b'Wed, 24 Sep 2025 04:59:21 GMT'), (b'Vary', b'*'), (b'X-Content-Type-Options', b'nosniff'), (b'OData-Version', b'4.0;'), (b'X-AspNet-Version', b'4.0.30319'), (b'X-Powered-By', b'ASP.NET')])
2025-09-24 10:28:56,066 - httpx - INFO - _send_single_request:1740 - HTTP Request: GET https://services.odata.org/V4/Northwind/Northwind.svc/Order_Details_Extendeds?%24skip=0&%24top=1500 "HTTP/1.1 200 OK"
2025-09-24 10:28:56,066 - httpcore.http11 - DEBUG - atrace:87 - receive_response_body.started request=<Request [b'GET']>
2025-09-24 10:28:56,071 - httpcore.http11 - DEBUG - atrace:87 - receive_response_body.complete
2025-09-24 10:28:56,071 - httpcore.http11 - DEBUG - atrace:87 - response_closed.started
2025-09-24 10:28:56,071 - httpcore.http11 - DEBUG - atrace:87 - response_closed.complete
2025-09-24 10:28:56,071 - workers.proxy_pool - INFO - _make_http_request:250 - [2m2025-09-24T04:58:56.071881Z[0m [[32m[1minfo     [0m] [1m📊 Worker successfully fetched data[0m [[0m[1m[34mworkers.proxy_pool[0m][0m [36mactual_records_added[0m=[35m100[0m [36mcommand_id[0m=[35mOrder_Details_Extendeds_page_1[0m [36mentity[0m=[35mOrder_Details_Extendeds[0m [36mentity_total_fetched[0m=[35m100[0m [36mglobal_total_fetched[0m=[35m3079[0m [36mhas_next_page[0m=[35mTrue[0m [36mrecords_in_response[0m=[35m100[0m [36mworker_id[0m=[35mworker_2[0m
2025-09-24 10:28:56,072 - workers.proxy_pool - INFO - execute:110 - [2m2025-09-24T04:58:56.072901Z[0m [[32m[1minfo     [0m] [1m✅ Worker completed command successfully[0m [[0m[1m[34mworkers.proxy_pool[0m][0m [36mcommand_id[0m=[35mOrder_Details_Extendeds_page_1[0m [36mentity[0m=[35mOrder_Details_Extendeds[0m [36mexecution_time_seconds[0m=[35m0.31[0m [36mhas_next_page[0m=[35mTrue[0m [36mrecords_fetched[0m=[35m100[0m [36mworker_id[0m=[35mworker_2[0m
2025-09-24 10:28:56,072 - workers.proxy_pool - INFO - _worker_loop:460 - [2m2025-09-24T04:58:56.072901Z[0m [[32m[1minfo     [0m] [1m📋 Worker picked up command from queue[0m [[0m[1m[34mworkers.proxy_pool[0m][0m [36mcommand_id[0m=[35mCategories_page_1[0m [36mentity[0m=[35mCategories[0m [36mqueue_size_after_pickup[0m=[35m14[0m [36mworker_id[0m=[35mworker_2[0m [36mworker_status[0m=[35mPROCESSING[0m
2025-09-24 10:28:56,072 - workers.proxy_pool - INFO - execute:59 - [2m2025-09-24T04:58:56.072901Z[0m [[32m[1minfo     [0m] [1m🚀 Worker starting command execution[0m [[0m[1m[34mworkers.proxy_pool[0m][0m [36mcommand_id[0m=[35mCategories_page_1[0m [36mcommand_type[0m=[35mfetch_page[0m [36mentity[0m=[35mCategories[0m [36mpriority[0m=[35m1[0m [36mretry_count[0m=[35m0[0m [36mskip[0m=[35m0[0m [36mtop[0m=[35m1500[0m [36mworker_id[0m=[35mworker_2[0m
2025-09-24 10:28:56,072 - workers.proxy_pool - INFO - execute:82 - [2m2025-09-24T04:58:56.072901Z[0m [[32m[1minfo     [0m] [1m🔄 Worker executing request with resilience patterns[0m [[0m[1m[34mworkers.proxy_pool[0m][0m [36mcircuit_breaker_state[0m=[35mclosed[0m [36mcommand_id[0m=[35mCategories_page_1[0m [36mworker_id[0m=[35mworker_2[0m
2025-09-24 10:28:56,072 - planning.record_tracker - INFO - calculate_optimal_batch_size:206 - [2m2025-09-24T04:58:56.072901Z[0m [[32m[1minfo     [0m] [1mAdjusted batch size to prevent overfetching[0m [[0m[1m[34mplanning.record_tracker[0m][0m [36mdefault_size[0m=[35m1500[0m [36mentity[0m=[35mCategories[0m [36moptimal_size[0m=[35m8[0m [36mremaining_records[0m=[35m8[0m
2025-09-24 10:28:56,072 - workers.proxy_pool - INFO - _make_http_request:177 - [2m2025-09-24T04:58:56.072901Z[0m [[32m[1minfo     [0m] [1m📏 Adjusted batch size for optimal fetching[0m [[0m[1m[34mworkers.proxy_pool[0m][0m [36mcommand_id[0m=[35mCategories_page_1[0m [36mentity[0m=[35mCategories[0m [36moptimal_top[0m=[35m8[0m [36moriginal_top[0m=[35m1500[0m [36mworker_id[0m=[35mworker_2[0m
2025-09-24 10:28:56,074 - storage.transformer - INFO - transform_odata_response:62 - [2m2025-09-24T04:58:56.074920Z[0m [[32m[1minfo     [0m] [1mStarting transformation       [0m [[0m[1m[34mstorage.transformer[0m][0m [36mentity_name[0m=[35mOrder_Details_Extendeds[0m [36mresponse_keys[0m=[35m['@odata.context', 'value', '@odata.nextLink'][0m
2025-09-24 10:28:56,074 - storage.transformer - INFO - transform_odata_response:101 - [2m2025-09-24T04:58:56.074920Z[0m [[32m[1minfo     [0m] [1mTransformation completed      [0m [[0m[1m[34mstorage.transformer[0m][0m [36mentity_name[0m=[35mOrder_Details_Extendeds[0m [36minput_records[0m=[35m100[0m [36moutput_records[0m=[35m100[0m [36mtransformation_time_seconds[0m=[35m0.0[0m
2025-09-24 10:28:56,074 - storage.local_storage - INFO - store_processed_records:145 - [2m2025-09-24T04:58:56.074920Z[0m [[32m[1minfo     [0m] [1mStoring processed records     [0m [[0m[1m[34mstorage.local_storage[0m][0m [36mentity_name[0m=[35mOrder_Details_Extendeds[0m [36mformat[0m=[35mjson[0m [36mrecord_count[0m=[35m100[0m
2025-09-24 10:28:56,074 - storage.local_storage - INFO - store_processed_records:160 - [2m2025-09-24T04:58:56.074920Z[0m [[32m[1minfo     [0m] [1mSuccessfully stored processed records[0m [[0m[1m[34mstorage.local_storage[0m][0m [36mentity_name[0m=[35mOrder_Details_Extendeds[0m [36mfile_path[0m=[35m./test_output/processed\Order_Details_Extendeds_20250924_045856.json[0m [36mrecord_count[0m=[35m100[0m [36mstorage_time_seconds[0m=[35m0.0[0m
2025-09-24 10:28:56,074 - storage.local_storage - INFO - store_raw_response:89 - [2m2025-09-24T04:58:56.074920Z[0m [[32m[1minfo     [0m] [1mSuccessfully stored raw data  [0m [[0m[1m[34mstorage.local_storage[0m][0m [36mentity_name[0m=[35mOrder_Details_Extendeds[0m [36mfile_path[0m=[35m./test_output/raw\Order_Details_Extendeds\2025/09/24\04\Order_Details_Extendeds_page_1.json[0m [36msize_bytes[0m=[35m22068[0m [36mstorage_time_seconds[0m=[35m0.0[0m
2025-09-24 10:28:56,080 - httpcore.http11 - DEBUG - atrace:87 - send_request_headers.started request=<Request [b'GET']>
2025-09-24 10:28:56,081 - httpcore.http11 - DEBUG - atrace:87 - send_request_headers.complete
2025-09-24 10:28:56,081 - httpcore.http11 - DEBUG - atrace:87 - send_request_body.started request=<Request [b'GET']>
2025-09-24 10:28:56,081 - httpcore.http11 - DEBUG - atrace:87 - send_request_body.complete
2025-09-24 10:28:56,081 - httpcore.http11 - DEBUG - atrace:87 - receive_response_headers.started request=<Request [b'GET']>
2025-09-24 10:28:56,084 - httpcore.http11 - DEBUG - atrace:87 - receive_response_headers.complete return_value=(b'HTTP/1.1', 200, b'OK', [(b'Content-Length', b'3390'), (b'Content-Type', b'application/json;odata.metadata=minimal;odata.streaming=true;IEEE754Compatible=false;charset=utf-8'), (b'Date', b'Wed, 24 Sep 2025 04:58:55 GMT'), (b'Server', b'Microsoft-IIS/10.0'), (b'Access-Control-Allow-Headers', b'Accept, Origin, Content-Type, MaxDataServiceVersion'), (b'Access-Control-Allow-Methods', b'GET'), (b'Access-Control-Allow-Origin', b'*'), (b'Access-Control-Expose-Headers', b'DataServiceVersion'), (b'Cache-Control', b'private'), (b'Content-Encoding', b'gzip'), (b'Expires', b'Wed, 24 Sep 2025 04:59:21 GMT'), (b'Vary', b'*'), (b'X-Content-Type-Options', b'nosniff'), (b'OData-Version', b'4.0;'), (b'X-AspNet-Version', b'4.0.30319'), (b'X-Powered-By', b'ASP.NET')])
2025-09-24 10:28:56,084 - httpx - INFO - _send_single_request:1740 - HTTP Request: GET https://services.odata.org/V4/Northwind/Northwind.svc/Order_Details_Extendeds?%24skip=1500&%24top=1500 "HTTP/1.1 200 OK"
2025-09-24 10:28:56,084 - httpcore.http11 - DEBUG - atrace:87 - receive_response_body.started request=<Request [b'GET']>
2025-09-24 10:28:56,084 - httpcore.http11 - DEBUG - atrace:87 - receive_response_body.complete
2025-09-24 10:28:56,084 - httpcore.http11 - DEBUG - atrace:87 - response_closed.started
2025-09-24 10:28:56,084 - httpcore.http11 - DEBUG - atrace:87 - response_closed.complete
2025-09-24 10:28:56,084 - workers.proxy_pool - INFO - _make_http_request:250 - [2m2025-09-24T04:58:56.084115Z[0m [[32m[1minfo     [0m] [1m📊 Worker successfully fetched data[0m [[0m[1m[34mworkers.proxy_pool[0m][0m [36mactual_records_added[0m=[35m100[0m [36mcommand_id[0m=[35mOrder_Details_Extendeds_page_2[0m [36mentity[0m=[35mOrder_Details_Extendeds[0m [36mentity_total_fetched[0m=[35m200[0m [36mglobal_total_fetched[0m=[35m3179[0m [36mhas_next_page[0m=[35mTrue[0m [36mrecords_in_response[0m=[35m100[0m [36mworker_id[0m=[35mworker_0[0m
2025-09-24 10:28:56,084 - workers.proxy_pool - INFO - execute:110 - [2m2025-09-24T04:58:56.084115Z[0m [[32m[1minfo     [0m] [1m✅ Worker completed command successfully[0m [[0m[1m[34mworkers.proxy_pool[0m][0m [36mcommand_id[0m=[35mOrder_Details_Extendeds_page_2[0m [36mentity[0m=[35mOrder_Details_Extendeds[0m [36mexecution_time_seconds[0m=[35m0.28[0m [36mhas_next_page[0m=[35mTrue[0m [36mrecords_fetched[0m=[35m100[0m [36mworker_id[0m=[35mworker_0[0m
2025-09-24 10:28:56,087 - workers.proxy_pool - INFO - _worker_loop:460 - [2m2025-09-24T04:58:56.087191Z[0m [[32m[1minfo     [0m] [1m📋 Worker picked up command from queue[0m [[0m[1m[34mworkers.proxy_pool[0m][0m [36mcommand_id[0m=[35mSales_Totals_by_Amounts_page_1[0m [36mentity[0m=[35mSales_Totals_by_Amounts[0m [36mqueue_size_after_pickup[0m=[35m14[0m [36mworker_id[0m=[35mworker_0[0m [36mworker_status[0m=[35mPROCESSING[0m
2025-09-24 10:28:56,087 - workers.proxy_pool - INFO - execute:59 - [2m2025-09-24T04:58:56.087191Z[0m [[32m[1minfo     [0m] [1m🚀 Worker starting command execution[0m [[0m[1m[34mworkers.proxy_pool[0m][0m [36mcommand_id[0m=[35mSales_Totals_by_Amounts_page_1[0m [36mcommand_type[0m=[35mfetch_page[0m [36mentity[0m=[35mSales_Totals_by_Amounts[0m [36mpriority[0m=[35m1[0m [36mretry_count[0m=[35m0[0m [36mskip[0m=[35m0[0m [36mtop[0m=[35m1500[0m [36mworker_id[0m=[35mworker_0[0m
2025-09-24 10:28:56,087 - workers.proxy_pool - INFO - execute:82 - [2m2025-09-24T04:58:56.087191Z[0m [[32m[1minfo     [0m] [1m🔄 Worker executing request with resilience patterns[0m [[0m[1m[34mworkers.proxy_pool[0m][0m [36mcircuit_breaker_state[0m=[35mclosed[0m [36mcommand_id[0m=[35mSales_Totals_by_Amounts_page_1[0m [36mworker_id[0m=[35mworker_0[0m
2025-09-24 10:28:56,087 - planning.record_tracker - INFO - calculate_optimal_batch_size:206 - [2m2025-09-24T04:58:56.087191Z[0m [[32m[1minfo     [0m] [1mAdjusted batch size to prevent overfetching[0m [[0m[1m[34mplanning.record_tracker[0m][0m [36mdefault_size[0m=[35m1500[0m [36mentity[0m=[35mSales_Totals_by_Amounts[0m [36moptimal_size[0m=[35m66[0m [36mremaining_records[0m=[35m66[0m
2025-09-24 10:28:56,087 - workers.proxy_pool - INFO - _make_http_request:177 - [2m2025-09-24T04:58:56.087191Z[0m [[32m[1minfo     [0m] [1m📏 Adjusted batch size for optimal fetching[0m [[0m[1m[34mworkers.proxy_pool[0m][0m [36mcommand_id[0m=[35mSales_Totals_by_Amounts_page_1[0m [36mentity[0m=[35mSales_Totals_by_Amounts[0m [36moptimal_top[0m=[35m66[0m [36moriginal_top[0m=[35m1500[0m [36mworker_id[0m=[35mworker_0[0m
2025-09-24 10:28:56,087 - storage.transformer - INFO - transform_odata_response:62 - [2m2025-09-24T04:58:56.087191Z[0m [[32m[1minfo     [0m] [1mStarting transformation       [0m [[0m[1m[34mstorage.transformer[0m][0m [36mentity_name[0m=[35mOrder_Details_Extendeds[0m [36mresponse_keys[0m=[35m['@odata.context', 'value', '@odata.nextLink'][0m
2025-09-24 10:28:56,087 - storage.transformer - INFO - transform_odata_response:101 - [2m2025-09-24T04:58:56.087191Z[0m [[32m[1minfo     [0m] [1mTransformation completed      [0m [[0m[1m[34mstorage.transformer[0m][0m [36mentity_name[0m=[35mOrder_Details_Extendeds[0m [36minput_records[0m=[35m100[0m [36moutput_records[0m=[35m100[0m [36mtransformation_time_seconds[0m=[35m0.0[0m
2025-09-24 10:28:56,087 - storage.local_storage - INFO - store_processed_records:145 - [2m2025-09-24T04:58:56.087191Z[0m [[32m[1minfo     [0m] [1mStoring processed records     [0m [[0m[1m[34mstorage.local_storage[0m][0m [36mentity_name[0m=[35mOrder_Details_Extendeds[0m [36mformat[0m=[35mjson[0m [36mrecord_count[0m=[35m100[0m
2025-09-24 10:28:56,091 - storage.local_storage - INFO - store_processed_records:160 - [2m2025-09-24T04:58:56.091520Z[0m [[32m[1minfo     [0m] [1mSuccessfully stored processed records[0m [[0m[1m[34mstorage.local_storage[0m][0m [36mentity_name[0m=[35mOrder_Details_Extendeds[0m [36mfile_path[0m=[35m./test_output/processed\Order_Details_Extendeds_20250924_045856.json[0m [36mrecord_count[0m=[35m100[0m [36mstorage_time_seconds[0m=[35m0.0[0m
2025-09-24 10:28:56,091 - storage.local_storage - INFO - store_raw_response:89 - [2m2025-09-24T04:58:56.091520Z[0m [[32m[1minfo     [0m] [1mSuccessfully stored raw data  [0m [[0m[1m[34mstorage.local_storage[0m][0m [36mentity_name[0m=[35mOrder_Details_Extendeds[0m [36mfile_path[0m=[35m./test_output/raw\Order_Details_Extendeds\2025/09/24\04\Order_Details_Extendeds_page_2.json[0m [36msize_bytes[0m=[35m22422[0m [36mstorage_time_seconds[0m=[35m0.0[0m
2025-09-24 10:28:56,091 - httpcore.http11 - DEBUG - atrace:87 - send_request_headers.started request=<Request [b'GET']>
2025-09-24 10:28:56,094 - httpcore.http11 - DEBUG - atrace:87 - send_request_headers.complete
2025-09-24 10:28:56,094 - httpcore.http11 - DEBUG - atrace:87 - send_request_body.started request=<Request [b'GET']>
2025-09-24 10:28:56,094 - httpcore.http11 - DEBUG - atrace:87 - send_request_body.complete
2025-09-24 10:28:56,094 - httpcore.http11 - DEBUG - atrace:87 - receive_response_headers.started request=<Request [b'GET']>
2025-09-24 10:28:56,366 - httpcore.http11 - DEBUG - atrace:87 - receive_response_headers.complete return_value=(b'HTTP/1.1', 200, b'OK', [(b'Content-Length', b'4164'), (b'Content-Type', b'application/json;odata.metadata=minimal;odata.streaming=true;IEEE754Compatible=false;charset=utf-8'), (b'Date', b'Wed, 24 Sep 2025 04:58:56 GMT'), (b'Server', b'Microsoft-IIS/10.0'), (b'Access-Control-Allow-Headers', b'Accept, Origin, Content-Type, MaxDataServiceVersion'), (b'Access-Control-Allow-Methods', b'GET'), (b'Access-Control-Allow-Origin', b'*'), (b'Access-Control-Expose-Headers', b'DataServiceVersion'), (b'Cache-Control', b'private'), (b'Content-Encoding', b'gzip'), (b'Expires', b'Wed, 24 Sep 2025 04:59:19 GMT'), (b'Vary', b'*'), (b'X-Content-Type-Options', b'nosniff'), (b'OData-Version', b'4.0;'), (b'X-AspNet-Version', b'4.0.30319'), (b'X-Powered-By', b'ASP.NET')])
2025-09-24 10:28:56,366 - httpx - INFO - _send_single_request:1740 - HTTP Request: GET https://services.odata.org/V4/Northwind/Northwind.svc/Customer_and_Suppliers_by_Cities?%24skip=0&%24top=120 "HTTP/1.1 200 OK"
2025-09-24 10:28:56,366 - httpcore.http11 - DEBUG - atrace:87 - receive_response_body.started request=<Request [b'GET']>
2025-09-24 10:28:56,366 - httpcore.http11 - DEBUG - atrace:87 - receive_response_body.complete
2025-09-24 10:28:56,366 - httpcore.http11 - DEBUG - atrace:87 - response_closed.started
2025-09-24 10:28:56,366 - httpcore.http11 - DEBUG - atrace:87 - response_closed.complete
2025-09-24 10:28:56,366 - workers.proxy_pool - INFO - _make_http_request:250 - [2m2025-09-24T04:58:56.366156Z[0m [[32m[1minfo     [0m] [1m📊 Worker successfully fetched data[0m [[0m[1m[34mworkers.proxy_pool[0m][0m [36mactual_records_added[0m=[35m100[0m [36mcommand_id[0m=[35mCustomer_and_Suppliers_by_Cities_page_1[0m [36mentity[0m=[35mCustomer_and_Suppliers_by_Cities[0m [36mentity_total_fetched[0m=[35m100[0m [36mglobal_total_fetched[0m=[35m3279[0m [36mhas_next_page[0m=[35mTrue[0m [36mrecords_in_response[0m=[35m100[0m [36mworker_id[0m=[35mworker_1[0m
2025-09-24 10:28:56,366 - workers.proxy_pool - INFO - execute:110 - [2m2025-09-24T04:58:56.366156Z[0m [[32m[1minfo     [0m] [1m✅ Worker completed command successfully[0m [[0m[1m[34mworkers.proxy_pool[0m][0m [36mcommand_id[0m=[35mCustomer_and_Suppliers_by_Cities_page_1[0m [36mentity[0m=[35mCustomer_and_Suppliers_by_Cities[0m [36mexecution_time_seconds[0m=[35m0.31[0m [36mhas_next_page[0m=[35mTrue[0m [36mrecords_fetched[0m=[35m100[0m [36mworker_id[0m=[35mworker_1[0m
2025-09-24 10:28:56,372 - workers.proxy_pool - INFO - _worker_loop:460 - [2m2025-09-24T04:58:56.372363Z[0m [[32m[1minfo     [0m] [1m📋 Worker picked up command from queue[0m [[0m[1m[34mworkers.proxy_pool[0m][0m [36mcommand_id[0m=[35mRegions_page_1[0m [36mentity[0m=[35mRegions[0m [36mqueue_size_after_pickup[0m=[35m14[0m [36mworker_id[0m=[35mworker_1[0m [36mworker_status[0m=[35mPROCESSING[0m
2025-09-24 10:28:56,372 - workers.proxy_pool - INFO - execute:59 - [2m2025-09-24T04:58:56.372363Z[0m [[32m[1minfo     [0m] [1m🚀 Worker starting command execution[0m [[0m[1m[34mworkers.proxy_pool[0m][0m [36mcommand_id[0m=[35mRegions_page_1[0m [36mcommand_type[0m=[35mfetch_page[0m [36mentity[0m=[35mRegions[0m [36mpriority[0m=[35m1[0m [36mretry_count[0m=[35m0[0m [36mskip[0m=[35m0[0m [36mtop[0m=[35m1500[0m [36mworker_id[0m=[35mworker_1[0m
2025-09-24 10:28:56,372 - workers.proxy_pool - INFO - execute:82 - [2m2025-09-24T04:58:56.372363Z[0m [[32m[1minfo     [0m] [1m🔄 Worker executing request with resilience patterns[0m [[0m[1m[34mworkers.proxy_pool[0m][0m [36mcircuit_breaker_state[0m=[35mclosed[0m [36mcommand_id[0m=[35mRegions_page_1[0m [36mworker_id[0m=[35mworker_1[0m
2025-09-24 10:28:56,372 - planning.record_tracker - INFO - calculate_optimal_batch_size:206 - [2m2025-09-24T04:58:56.372363Z[0m [[32m[1minfo     [0m] [1mAdjusted batch size to prevent overfetching[0m [[0m[1m[34mplanning.record_tracker[0m][0m [36mdefault_size[0m=[35m1500[0m [36mentity[0m=[35mRegions[0m [36moptimal_size[0m=[35m4[0m [36mremaining_records[0m=[35m4[0m
2025-09-24 10:28:56,372 - workers.proxy_pool - INFO - _make_http_request:177 - [2m2025-09-24T04:58:56.372363Z[0m [[32m[1minfo     [0m] [1m📏 Adjusted batch size for optimal fetching[0m [[0m[1m[34mworkers.proxy_pool[0m][0m [36mcommand_id[0m=[35mRegions_page_1[0m [36mentity[0m=[35mRegions[0m [36moptimal_top[0m=[35m4[0m [36moriginal_top[0m=[35m1500[0m [36mworker_id[0m=[35mworker_1[0m
2025-09-24 10:28:56,372 - httpcore.http11 - DEBUG - atrace:87 - receive_response_headers.complete return_value=(b'HTTP/1.1', 200, b'OK', [(b'Content-Type', b'application/json;odata.metadata=minimal;odata.streaming=true;IEEE754Compatible=false;charset=utf-8'), (b'Date', b'Wed, 24 Sep 2025 04:58:56 GMT'), (b'Server', b'Microsoft-IIS/10.0'), (b'Access-Control-Allow-Headers', b'Accept, Origin, Content-Type, MaxDataServiceVersion'), (b'Access-Control-Allow-Methods', b'GET'), (b'Access-Control-Allow-Origin', b'*'), (b'Access-Control-Expose-Headers', b'DataServiceVersion'), (b'Cache-Control', b'private'), (b'Content-Encoding', b'gzip'), (b'Expires', b'Wed, 24 Sep 2025 04:59:20 GMT'), (b'Transfer-Encoding', b'chunked'), (b'Vary', b'*'), (b'X-Content-Type-Options', b'nosniff'), (b'OData-Version', b'4.0;'), (b'X-AspNet-Version', b'4.0.30319'), (b'X-Powered-By', b'ASP.NET')])
2025-09-24 10:28:56,372 - httpx - INFO - _send_single_request:1740 - HTTP Request: GET https://services.odata.org/V4/Northwind/Northwind.svc/Categories?%24skip=0&%24top=8 "HTTP/1.1 200 OK"
2025-09-24 10:28:56,374 - httpcore.http11 - DEBUG - atrace:87 - receive_response_body.started request=<Request [b'GET']>
2025-09-24 10:28:56,374 - httpcore.http11 - DEBUG - atrace:87 - receive_response_headers.complete return_value=(b'HTTP/1.1', 200, b'OK', [(b'Content-Length', b'1905'), (b'Content-Type', b'application/json;odata.metadata=minimal;odata.streaming=true;IEEE754Compatible=false;charset=utf-8'), (b'Date', b'Wed, 24 Sep 2025 04:58:56 GMT'), (b'Server', b'Microsoft-IIS/10.0'), (b'Access-Control-Allow-Headers', b'Accept, Origin, Content-Type, MaxDataServiceVersion'), (b'Access-Control-Allow-Methods', b'GET'), (b'Access-Control-Allow-Origin', b'*'), (b'Access-Control-Expose-Headers', b'DataServiceVersion'), (b'Cache-Control', b'private'), (b'Content-Encoding', b'gzip'), (b'Expires', b'Wed, 24 Sep 2025 04:59:18 GMT'), (b'Vary', b'*'), (b'X-Content-Type-Options', b'nosniff'), (b'OData-Version', b'4.0;'), (b'X-AspNet-Version', b'4.0.30319'), (b'X-Powered-By', b'ASP.NET')])
2025-09-24 10:28:56,374 - httpx - INFO - _send_single_request:1740 - HTTP Request: GET https://services.odata.org/V4/Northwind/Northwind.svc/Sales_Totals_by_Amounts?%24skip=0&%24top=66 "HTTP/1.1 200 OK"
2025-09-24 10:28:56,374 - httpcore.http11 - DEBUG - atrace:87 - receive_response_body.started request=<Request [b'GET']>
2025-09-24 10:28:56,374 - httpcore.http11 - DEBUG - atrace:87 - receive_response_body.complete
2025-09-24 10:28:56,374 - httpcore.http11 - DEBUG - atrace:87 - response_closed.started
2025-09-24 10:28:56,374 - storage.transformer - INFO - transform_odata_response:62 - [2m2025-09-24T04:58:56.374890Z[0m [[32m[1minfo     [0m] [1mStarting transformation       [0m [[0m[1m[34mstorage.transformer[0m][0m [36mentity_name[0m=[35mCustomer_and_Suppliers_by_Cities[0m [36mresponse_keys[0m=[35m['@odata.context', 'value', '@odata.nextLink'][0m
2025-09-24 10:28:56,374 - storage.transformer - INFO - transform_odata_response:101 - [2m2025-09-24T04:58:56.374890Z[0m [[32m[1minfo     [0m] [1mTransformation completed      [0m [[0m[1m[34mstorage.transformer[0m][0m [36mentity_name[0m=[35mCustomer_and_Suppliers_by_Cities[0m [36minput_records[0m=[35m100[0m [36moutput_records[0m=[35m100[0m [36mtransformation_time_seconds[0m=[35m0.0[0m
2025-09-24 10:28:56,374 - storage.local_storage - INFO - store_processed_records:145 - [2m2025-09-24T04:58:56.374890Z[0m [[32m[1minfo     [0m] [1mStoring processed records     [0m [[0m[1m[34mstorage.local_storage[0m][0m [36mentity_name[0m=[35mCustomer_and_Suppliers_by_Cities[0m [36mformat[0m=[35mjson[0m [36mrecord_count[0m=[35m100[0m
2025-09-24 10:28:56,374 - storage.local_storage - INFO - store_processed_records:160 - [2m2025-09-24T04:58:56.374890Z[0m [[32m[1minfo     [0m] [1mSuccessfully stored processed records[0m [[0m[1m[34mstorage.local_storage[0m][0m [36mentity_name[0m=[35mCustomer_and_Suppliers_by_Cities[0m [36mfile_path[0m=[35m./test_output/processed\Customer_and_Suppliers_by_Cities_20250924_045856.json[0m [36mrecord_count[0m=[35m100[0m [36mstorage_time_seconds[0m=[35m0.0[0m
2025-09-24 10:28:56,380 - storage.local_storage - INFO - store_raw_response:89 - [2m2025-09-24T04:58:56.380743Z[0m [[32m[1minfo     [0m] [1mSuccessfully stored raw data  [0m [[0m[1m[34mstorage.local_storage[0m][0m [36mentity_name[0m=[35mCustomer_and_Suppliers_by_Cities[0m [36mfile_path[0m=[35m./test_output/raw\Customer_and_Suppliers_by_Cities\2025/09/24\04\Customer_and_Suppliers_by_Cities_page_1.json[0m [36msize_bytes[0m=[35m17326[0m [36mstorage_time_seconds[0m=[35m0.0[0m
2025-09-24 10:28:56,381 - httpcore.http11 - DEBUG - atrace:87 - response_closed.complete
2025-09-24 10:28:56,381 - planning.record_tracker - INFO - add_page_records:38 - [2m2025-09-24T04:58:56.381766Z[0m [[32m[1minfo     [0m] [1m✅ Entity record fetching complete[0m [[0m[1m[34mplanning.record_tracker[0m][0m [36mentity[0m=[35mSales_Totals_by_Amounts[0m [36mfetched[0m=[35m66[0m [36mtarget[0m=[35m66[0m
2025-09-24 10:28:56,384 - workers.proxy_pool - INFO - _make_http_request:243 - [2m2025-09-24T04:58:56.384026Z[0m [[32m[1minfo     [0m] [1m🎯 Stopping pagination due to record limits[0m [[0m[1m[34mworkers.proxy_pool[0m][0m [36mcommand_id[0m=[35mSales_Totals_by_Amounts_page_1[0m [36mentity[0m=[35mSales_Totals_by_Amounts[0m [36mentity_complete[0m=[35mTrue[0m [36mglobal_limit_reached[0m=[35mNone[0m [36mworker_id[0m=[35mworker_0[0m
2025-09-24 10:28:56,384 - workers.proxy_pool - INFO - _make_http_request:250 - [2m2025-09-24T04:58:56.384026Z[0m [[32m[1minfo     [0m] [1m📊 Worker successfully fetched data[0m [[0m[1m[34mworkers.proxy_pool[0m][0m [36mactual_records_added[0m=[35m66[0m [36mcommand_id[0m=[35mSales_Totals_by_Amounts_page_1[0m [36mentity[0m=[35mSales_Totals_by_Amounts[0m [36mentity_total_fetched[0m=[35m66[0m [36mglobal_total_fetched[0m=[35m3345[0m [36mhas_next_page[0m=[35mFalse[0m [36mrecords_in_response[0m=[35m66[0m [36mworker_id[0m=[35mworker_0[0m
2025-09-24 10:28:56,384 - workers.proxy_pool - INFO - execute:110 - [2m2025-09-24T04:58:56.384026Z[0m [[32m[1minfo     [0m] [1m✅ Worker completed command successfully[0m [[0m[1m[34mworkers.proxy_pool[0m][0m [36mcommand_id[0m=[35mSales_Totals_by_Amounts_page_1[0m [36mentity[0m=[35mSales_Totals_by_Amounts[0m [36mexecution_time_seconds[0m=[35m0.3[0m [36mhas_next_page[0m=[35mFalse[0m [36mrecords_fetched[0m=[35m66[0m [36mworker_id[0m=[35mworker_0[0m
2025-09-24 10:28:56,384 - workers.proxy_pool - INFO - _worker_loop:460 - [2m2025-09-24T04:58:56.384026Z[0m [[32m[1minfo     [0m] [1m📋 Worker picked up command from queue[0m [[0m[1m[34mworkers.proxy_pool[0m][0m [36mcommand_id[0m=[35mProducts_page_1[0m [36mentity[0m=[35mProducts[0m [36mqueue_size_after_pickup[0m=[35m14[0m [36mworker_id[0m=[35mworker_0[0m [36mworker_status[0m=[35mPROCESSING[0m
2025-09-24 10:28:56,384 - workers.proxy_pool - INFO - execute:59 - [2m2025-09-24T04:58:56.384026Z[0m [[32m[1minfo     [0m] [1m🚀 Worker starting command execution[0m [[0m[1m[34mworkers.proxy_pool[0m][0m [36mcommand_id[0m=[35mProducts_page_1[0m [36mcommand_type[0m=[35mfetch_page[0m [36mentity[0m=[35mProducts[0m [36mpriority[0m=[35m1[0m [36mretry_count[0m=[35m0[0m [36mskip[0m=[35m0[0m [36mtop[0m=[35m1500[0m [36mworker_id[0m=[35mworker_0[0m
2025-09-24 10:28:56,384 - workers.proxy_pool - INFO - execute:82 - [2m2025-09-24T04:58:56.384026Z[0m [[32m[1minfo     [0m] [1m🔄 Worker executing request with resilience patterns[0m [[0m[1m[34mworkers.proxy_pool[0m][0m [36mcircuit_breaker_state[0m=[35mclosed[0m [36mcommand_id[0m=[35mProducts_page_1[0m [36mworker_id[0m=[35mworker_0[0m
2025-09-24 10:28:56,384 - planning.record_tracker - INFO - calculate_optimal_batch_size:206 - [2m2025-09-24T04:58:56.384026Z[0m [[32m[1minfo     [0m] [1mAdjusted batch size to prevent overfetching[0m [[0m[1m[34mplanning.record_tracker[0m][0m [36mdefault_size[0m=[35m1500[0m [36mentity[0m=[35mProducts[0m [36moptimal_size[0m=[35m77[0m [36mremaining_records[0m=[35m77[0m
2025-09-24 10:28:56,387 - workers.proxy_pool - INFO - _make_http_request:177 - [2m2025-09-24T04:58:56.387291Z[0m [[32m[1minfo     [0m] [1m📏 Adjusted batch size for optimal fetching[0m [[0m[1m[34mworkers.proxy_pool[0m][0m [36mcommand_id[0m=[35mProducts_page_1[0m [36mentity[0m=[35mProducts[0m [36moptimal_top[0m=[35m77[0m [36moriginal_top[0m=[35m1500[0m [36mworker_id[0m=[35mworker_0[0m
2025-09-24 10:28:56,387 - httpcore.http11 - DEBUG - atrace:87 - send_request_headers.started request=<Request [b'GET']>
2025-09-24 10:28:56,387 - storage.transformer - INFO - transform_odata_response:62 - [2m2025-09-24T04:58:56.387291Z[0m [[32m[1minfo     [0m] [1mStarting transformation       [0m [[0m[1m[34mstorage.transformer[0m][0m [36mentity_name[0m=[35mSales_Totals_by_Amounts[0m [36mresponse_keys[0m=[35m['@odata.context', 'value'][0m
2025-09-24 10:28:56,387 - storage.transformer - INFO - transform_odata_response:101 - [2m2025-09-24T04:58:56.387291Z[0m [[32m[1minfo     [0m] [1mTransformation completed      [0m [[0m[1m[34mstorage.transformer[0m][0m [36mentity_name[0m=[35mSales_Totals_by_Amounts[0m [36minput_records[0m=[35m66[0m [36moutput_records[0m=[35m66[0m [36mtransformation_time_seconds[0m=[35m0.0[0m
2025-09-24 10:28:56,387 - storage.local_storage - INFO - store_processed_records:145 - [2m2025-09-24T04:58:56.387291Z[0m [[32m[1minfo     [0m] [1mStoring processed records     [0m [[0m[1m[34mstorage.local_storage[0m][0m [36mentity_name[0m=[35mSales_Totals_by_Amounts[0m [36mformat[0m=[35mjson[0m [36mrecord_count[0m=[35m66[0m
2025-09-24 10:28:56,387 - storage.local_storage - INFO - store_processed_records:160 - [2m2025-09-24T04:58:56.387291Z[0m [[32m[1minfo     [0m] [1mSuccessfully stored processed records[0m [[0m[1m[34mstorage.local_storage[0m][0m [36mentity_name[0m=[35mSales_Totals_by_Amounts[0m [36mfile_path[0m=[35m./test_output/processed\Sales_Totals_by_Amounts_20250924_045856.json[0m [36mrecord_count[0m=[35m66[0m [36mstorage_time_seconds[0m=[35m0.0[0m
2025-09-24 10:28:56,394 - storage.local_storage - INFO - store_raw_response:89 - [2m2025-09-24T04:58:56.394658Z[0m [[32m[1minfo     [0m] [1mSuccessfully stored raw data  [0m [[0m[1m[34mstorage.local_storage[0m][0m [36mentity_name[0m=[35mSales_Totals_by_Amounts[0m [36mfile_path[0m=[35m./test_output/raw\Sales_Totals_by_Amounts\2025/09/24\04\Sales_Totals_by_Amounts_page_1.json[0m [36msize_bytes[0m=[35m11057[0m [36mstorage_time_seconds[0m=[35m0.0[0m
2025-09-24 10:28:56,395 - httpcore.http11 - DEBUG - atrace:87 - send_request_headers.complete
2025-09-24 10:28:56,395 - httpcore.http11 - DEBUG - atrace:87 - send_request_body.started request=<Request [b'GET']>
2025-09-24 10:28:56,395 - httpcore.http11 - DEBUG - atrace:87 - send_request_body.complete
2025-09-24 10:28:56,395 - httpcore.http11 - DEBUG - atrace:87 - receive_response_headers.started request=<Request [b'GET']>
2025-09-24 10:28:56,398 - httpcore.http11 - DEBUG - atrace:87 - send_request_headers.started request=<Request [b'GET']>
2025-09-24 10:28:56,399 - httpcore.http11 - DEBUG - atrace:87 - send_request_headers.complete
2025-09-24 10:28:56,399 - httpcore.http11 - DEBUG - atrace:87 - send_request_body.started request=<Request [b'GET']>
2025-09-24 10:28:56,399 - httpcore.http11 - DEBUG - atrace:87 - send_request_body.complete
2025-09-24 10:28:56,399 - httpcore.http11 - DEBUG - atrace:87 - receive_response_headers.started request=<Request [b'GET']>
2025-09-24 10:28:56,652 - httpcore.http11 - DEBUG - atrace:87 - receive_response_headers.complete return_value=(b'HTTP/1.1', 200, b'OK', [(b'Content-Length', b'267'), (b'Content-Type', b'application/json;odata.metadata=minimal;odata.streaming=true;IEEE754Compatible=false;charset=utf-8'), (b'Date', b'Wed, 24 Sep 2025 04:58:56 GMT'), (b'Server', b'Microsoft-IIS/10.0'), (b'Access-Control-Allow-Headers', b'Accept, Origin, Content-Type, MaxDataServiceVersion'), (b'Access-Control-Allow-Methods', b'GET'), (b'Access-Control-Allow-Origin', b'*'), (b'Access-Control-Expose-Headers', b'DataServiceVersion'), (b'Cache-Control', b'private'), (b'Content-Encoding', b'gzip'), (b'Expires', b'Wed, 24 Sep 2025 04:59:21 GMT'), (b'Vary', b'*'), (b'X-Content-Type-Options', b'nosniff'), (b'OData-Version', b'4.0;'), (b'X-AspNet-Version', b'4.0.30319'), (b'X-Powered-By', b'ASP.NET')])
2025-09-24 10:28:56,652 - httpx - INFO - _send_single_request:1740 - HTTP Request: GET https://services.odata.org/V4/Northwind/Northwind.svc/Regions?%24skip=0&%24top=4 "HTTP/1.1 200 OK"
2025-09-24 10:28:56,659 - httpcore.http11 - DEBUG - atrace:87 - receive_response_body.started request=<Request [b'GET']>
2025-09-24 10:28:56,659 - httpcore.http11 - DEBUG - atrace:87 - receive_response_body.complete
2025-09-24 10:28:56,659 - httpcore.http11 - DEBUG - atrace:87 - response_closed.started
2025-09-24 10:28:56,659 - httpcore.http11 - DEBUG - atrace:87 - response_closed.complete
2025-09-24 10:28:56,659 - planning.record_tracker - INFO - add_page_records:38 - [2m2025-09-24T04:58:56.659869Z[0m [[32m[1minfo     [0m] [1m✅ Entity record fetching complete[0m [[0m[1m[34mplanning.record_tracker[0m][0m [36mentity[0m=[35mRegions[0m [36mfetched[0m=[35m4[0m [36mtarget[0m=[35m4[0m
2025-09-24 10:28:56,660 - workers.proxy_pool - INFO - _make_http_request:243 - [2m2025-09-24T04:58:56.660503Z[0m [[32m[1minfo     [0m] [1m🎯 Stopping pagination due to record limits[0m [[0m[1m[34mworkers.proxy_pool[0m][0m [36mcommand_id[0m=[35mRegions_page_1[0m [36mentity[0m=[35mRegions[0m [36mentity_complete[0m=[35mTrue[0m [36mglobal_limit_reached[0m=[35mNone[0m [36mworker_id[0m=[35mworker_1[0m
2025-09-24 10:28:56,661 - workers.proxy_pool - INFO - _make_http_request:250 - [2m2025-09-24T04:58:56.661083Z[0m [[32m[1minfo     [0m] [1m📊 Worker successfully fetched data[0m [[0m[1m[34mworkers.proxy_pool[0m][0m [36mactual_records_added[0m=[35m4[0m [36mcommand_id[0m=[35mRegions_page_1[0m [36mentity[0m=[35mRegions[0m [36mentity_total_fetched[0m=[35m4[0m [36mglobal_total_fetched[0m=[35m3349[0m [36mhas_next_page[0m=[35mFalse[0m [36mrecords_in_response[0m=[35m4[0m [36mworker_id[0m=[35mworker_1[0m
2025-09-24 10:28:56,661 - workers.proxy_pool - INFO - execute:110 - [2m2025-09-24T04:58:56.661083Z[0m [[32m[1minfo     [0m] [1m✅ Worker completed command successfully[0m [[0m[1m[34mworkers.proxy_pool[0m][0m [36mcommand_id[0m=[35mRegions_page_1[0m [36mentity[0m=[35mRegions[0m [36mexecution_time_seconds[0m=[35m0.28[0m [36mhas_next_page[0m=[35mFalse[0m [36mrecords_fetched[0m=[35m4[0m [36mworker_id[0m=[35mworker_1[0m
2025-09-24 10:28:56,661 - workers.proxy_pool - INFO - _worker_loop:460 - [2m2025-09-24T04:58:56.661083Z[0m [[32m[1minfo     [0m] [1m📋 Worker picked up command from queue[0m [[0m[1m[34mworkers.proxy_pool[0m][0m [36mcommand_id[0m=[35mSuppliers_page_1[0m [36mentity[0m=[35mSuppliers[0m [36mqueue_size_after_pickup[0m=[35m13[0m [36mworker_id[0m=[35mworker_1[0m [36mworker_status[0m=[35mPROCESSING[0m
2025-09-24 10:28:56,661 - workers.proxy_pool - INFO - execute:59 - [2m2025-09-24T04:58:56.661083Z[0m [[32m[1minfo     [0m] [1m🚀 Worker starting command execution[0m [[0m[1m[34mworkers.proxy_pool[0m][0m [36mcommand_id[0m=[35mSuppliers_page_1[0m [36mcommand_type[0m=[35mfetch_page[0m [36mentity[0m=[35mSuppliers[0m [36mpriority[0m=[35m1[0m [36mretry_count[0m=[35m0[0m [36mskip[0m=[35m0[0m [36mtop[0m=[35m1500[0m [36mworker_id[0m=[35mworker_1[0m
2025-09-24 10:28:56,661 - workers.proxy_pool - INFO - execute:82 - [2m2025-09-24T04:58:56.661083Z[0m [[32m[1minfo     [0m] [1m🔄 Worker executing request with resilience patterns[0m [[0m[1m[34mworkers.proxy_pool[0m][0m [36mcircuit_breaker_state[0m=[35mclosed[0m [36mcommand_id[0m=[35mSuppliers_page_1[0m [36mworker_id[0m=[35mworker_1[0m
2025-09-24 10:28:56,661 - planning.record_tracker - INFO - calculate_optimal_batch_size:206 - [2m2025-09-24T04:58:56.661083Z[0m [[32m[1minfo     [0m] [1mAdjusted batch size to prevent overfetching[0m [[0m[1m[34mplanning.record_tracker[0m][0m [36mdefault_size[0m=[35m1500[0m [36mentity[0m=[35mSuppliers[0m [36moptimal_size[0m=[35m29[0m [36mremaining_records[0m=[35m29[0m
2025-09-24 10:28:56,663 - workers.proxy_pool - INFO - _make_http_request:177 - [2m2025-09-24T04:58:56.663602Z[0m [[32m[1minfo     [0m] [1m📏 Adjusted batch size for optimal fetching[0m [[0m[1m[34mworkers.proxy_pool[0m][0m [36mcommand_id[0m=[35mSuppliers_page_1[0m [36mentity[0m=[35mSuppliers[0m [36moptimal_top[0m=[35m29[0m [36moriginal_top[0m=[35m1500[0m [36mworker_id[0m=[35mworker_1[0m
2025-09-24 10:28:56,665 - storage.transformer - INFO - transform_odata_response:62 - [2m2025-09-24T04:58:56.665171Z[0m [[32m[1minfo     [0m] [1mStarting transformation       [0m [[0m[1m[34mstorage.transformer[0m][0m [36mentity_name[0m=[35mRegions[0m [36mresponse_keys[0m=[35m['@odata.context', 'value'][0m
2025-09-24 10:28:56,666 - storage.transformer - INFO - transform_odata_response:101 - [2m2025-09-24T04:58:56.665171Z[0m [[32m[1minfo     [0m] [1mTransformation completed      [0m [[0m[1m[34mstorage.transformer[0m][0m [36mentity_name[0m=[35mRegions[0m [36minput_records[0m=[35m4[0m [36moutput_records[0m=[35m4[0m [36mtransformation_time_seconds[0m=[35m0.0[0m
2025-09-24 10:28:56,666 - storage.local_storage - INFO - store_processed_records:145 - [2m2025-09-24T04:58:56.666185Z[0m [[32m[1minfo     [0m] [1mStoring processed records     [0m [[0m[1m[34mstorage.local_storage[0m][0m [36mentity_name[0m=[35mRegions[0m [36mformat[0m=[35mjson[0m [36mrecord_count[0m=[35m4[0m
2025-09-24 10:28:56,666 - storage.local_storage - INFO - store_processed_records:160 - [2m2025-09-24T04:58:56.666185Z[0m [[32m[1minfo     [0m] [1mSuccessfully stored processed records[0m [[0m[1m[34mstorage.local_storage[0m][0m [36mentity_name[0m=[35mRegions[0m [36mfile_path[0m=[35m./test_output/processed\Regions_20250924_045856.json[0m [36mrecord_count[0m=[35m4[0m [36mstorage_time_seconds[0m=[35m0.0[0m
2025-09-24 10:28:56,667 - storage.local_storage - INFO - store_raw_response:89 - [2m2025-09-24T04:58:56.667886Z[0m [[32m[1minfo     [0m] [1mSuccessfully stored raw data  [0m [[0m[1m[34mstorage.local_storage[0m][0m [36mentity_name[0m=[35mRegions[0m [36mfile_path[0m=[35m./test_output/raw\Regions\2025/09/24\04\Regions_page_1.json[0m [36msize_bytes[0m=[35m763[0m [36mstorage_time_seconds[0m=[35m0.0[0m
2025-09-24 10:28:56,667 - httpcore.http11 - DEBUG - atrace:87 - send_request_headers.started request=<Request [b'GET']>
2025-09-24 10:28:56,667 - httpcore.http11 - DEBUG - atrace:87 - send_request_headers.complete
2025-09-24 10:28:56,667 - httpcore.http11 - DEBUG - atrace:87 - send_request_body.started request=<Request [b'GET']>
2025-09-24 10:28:56,667 - httpcore.http11 - DEBUG - atrace:87 - send_request_body.complete
2025-09-24 10:28:56,667 - httpcore.http11 - DEBUG - atrace:87 - receive_response_headers.started request=<Request [b'GET']>
2025-09-24 10:28:56,673 - httpcore.http11 - DEBUG - atrace:87 - receive_response_headers.complete return_value=(b'HTTP/1.1', 200, b'OK', [(b'Content-Length', b'1435'), (b'Content-Type', b'application/json;odata.metadata=minimal;odata.streaming=true;IEEE754Compatible=false;charset=utf-8'), (b'Date', b'Wed, 24 Sep 2025 04:58:56 GMT'), (b'Server', b'Microsoft-IIS/10.0'), (b'Access-Control-Allow-Headers', b'Accept, Origin, Content-Type, MaxDataServiceVersion'), (b'Access-Control-Allow-Methods', b'GET'), (b'Access-Control-Allow-Origin', b'*'), (b'Access-Control-Expose-Headers', b'DataServiceVersion'), (b'Cache-Control', b'private'), (b'Content-Encoding', b'gzip'), (b'Expires', b'Wed, 24 Sep 2025 04:59:21 GMT'), (b'Vary', b'*'), (b'X-Content-Type-Options', b'nosniff'), (b'OData-Version', b'4.0;'), (b'X-AspNet-Version', b'4.0.30319'), (b'X-Powered-By', b'ASP.NET')])
2025-09-24 10:28:56,673 - httpx - INFO - _send_single_request:1740 - HTTP Request: GET https://services.odata.org/V4/Northwind/Northwind.svc/Products?%24skip=0&%24top=77 "HTTP/1.1 200 OK"
2025-09-24 10:28:56,673 - httpcore.http11 - DEBUG - atrace:87 - receive_response_body.started request=<Request [b'GET']>
2025-09-24 10:28:56,673 - httpcore.http11 - DEBUG - atrace:87 - receive_response_body.complete
2025-09-24 10:28:56,673 - httpcore.http11 - DEBUG - atrace:87 - response_closed.started
2025-09-24 10:28:56,673 - httpcore.http11 - DEBUG - atrace:87 - response_closed.complete
2025-09-24 10:28:56,682 - workers.proxy_pool - INFO - _make_http_request:250 - [2m2025-09-24T04:58:56.680993Z[0m [[32m[1minfo     [0m] [1m📊 Worker successfully fetched data[0m [[0m[1m[34mworkers.proxy_pool[0m][0m [36mactual_records_added[0m=[35m20[0m [36mcommand_id[0m=[35mProducts_page_1[0m [36mentity[0m=[35mProducts[0m [36mentity_total_fetched[0m=[35m20[0m [36mglobal_total_fetched[0m=[35m3369[0m [36mhas_next_page[0m=[35mTrue[0m [36mrecords_in_response[0m=[35m20[0m [36mworker_id[0m=[35mworker_0[0m
2025-09-24 10:28:56,682 - workers.proxy_pool - INFO - execute:110 - [2m2025-09-24T04:58:56.682884Z[0m [[32m[1minfo     [0m] [1m✅ Worker completed command successfully[0m [[0m[1m[34mworkers.proxy_pool[0m][0m [36mcommand_id[0m=[35mProducts_page_1[0m [36mentity[0m=[35mProducts[0m [36mexecution_time_seconds[0m=[35m0.3[0m [36mhas_next_page[0m=[35mTrue[0m [36mrecords_fetched[0m=[35m20[0m [36mworker_id[0m=[35mworker_0[0m
2025-09-24 10:28:56,682 - workers.proxy_pool - INFO - _worker_loop:460 - [2m2025-09-24T04:58:56.682884Z[0m [[32m[1minfo     [0m] [1m📋 Worker picked up command from queue[0m [[0m[1m[34mworkers.proxy_pool[0m][0m [36mcommand_id[0m=[35mSummary_of_Sales_by_Quarters_page_1[0m [36mentity[0m=[35mSummary_of_Sales_by_Quarters[0m [36mqueue_size_after_pickup[0m=[35m12[0m [36mworker_id[0m=[35mworker_0[0m [36mworker_status[0m=[35mPROCESSING[0m
2025-09-24 10:28:56,684 - workers.proxy_pool - INFO - execute:59 - [2m2025-09-24T04:58:56.684511Z[0m [[32m[1minfo     [0m] [1m🚀 Worker starting command execution[0m [[0m[1m[34mworkers.proxy_pool[0m][0m [36mcommand_id[0m=[35mSummary_of_Sales_by_Quarters_page_1[0m [36mcommand_type[0m=[35mfetch_page[0m [36mentity[0m=[35mSummary_of_Sales_by_Quarters[0m [36mpriority[0m=[35m1[0m [36mretry_count[0m=[35m0[0m [36mskip[0m=[35m0[0m [36mtop[0m=[35m1500[0m [36mworker_id[0m=[35mworker_0[0m
2025-09-24 10:28:56,684 - workers.proxy_pool - INFO - execute:82 - [2m2025-09-24T04:58:56.684511Z[0m [[32m[1minfo     [0m] [1m🔄 Worker executing request with resilience patterns[0m [[0m[1m[34mworkers.proxy_pool[0m][0m [36mcircuit_breaker_state[0m=[35mclosed[0m [36mcommand_id[0m=[35mSummary_of_Sales_by_Quarters_page_1[0m [36mworker_id[0m=[35mworker_0[0m
2025-09-24 10:28:56,684 - planning.record_tracker - INFO - calculate_optimal_batch_size:206 - [2m2025-09-24T04:58:56.684511Z[0m [[32m[1minfo     [0m] [1mAdjusted batch size to prevent overfetching[0m [[0m[1m[34mplanning.record_tracker[0m][0m [36mdefault_size[0m=[35m1500[0m [36mentity[0m=[35mSummary_of_Sales_by_Quarters[0m [36moptimal_size[0m=[35m809[0m [36mremaining_records[0m=[35m809[0m
2025-09-24 10:28:56,684 - workers.proxy_pool - INFO - _make_http_request:177 - [2m2025-09-24T04:58:56.684511Z[0m [[32m[1minfo     [0m] [1m📏 Adjusted batch size for optimal fetching[0m [[0m[1m[34mworkers.proxy_pool[0m][0m [36mcommand_id[0m=[35mSummary_of_Sales_by_Quarters_page_1[0m [36mentity[0m=[35mSummary_of_Sales_by_Quarters[0m [36moptimal_top[0m=[35m809[0m [36moriginal_top[0m=[35m1500[0m [36mworker_id[0m=[35mworker_0[0m
2025-09-24 10:28:56,687 - storage.transformer - INFO - transform_odata_response:62 - [2m2025-09-24T04:58:56.684511Z[0m [[32m[1minfo     [0m] [1mStarting transformation       [0m [[0m[1m[34mstorage.transformer[0m][0m [36mentity_name[0m=[35mProducts[0m [36mresponse_keys[0m=[35m['@odata.context', 'value', '@odata.nextLink'][0m
2025-09-24 10:28:56,687 - storage.transformer - INFO - transform_odata_response:101 - [2m2025-09-24T04:58:56.687354Z[0m [[32m[1minfo     [0m] [1mTransformation completed      [0m [[0m[1m[34mstorage.transformer[0m][0m [36mentity_name[0m=[35mProducts[0m [36minput_records[0m=[35m20[0m [36moutput_records[0m=[35m20[0m [36mtransformation_time_seconds[0m=[35m0.0[0m
2025-09-24 10:28:56,687 - storage.local_storage - INFO - store_processed_records:145 - [2m2025-09-24T04:58:56.687354Z[0m [[32m[1minfo     [0m] [1mStoring processed records     [0m [[0m[1m[34mstorage.local_storage[0m][0m [36mentity_name[0m=[35mProducts[0m [36mformat[0m=[35mjson[0m [36mrecord_count[0m=[35m20[0m
2025-09-24 10:28:56,687 - storage.local_storage - INFO - store_processed_records:160 - [2m2025-09-24T04:58:56.687354Z[0m [[32m[1minfo     [0m] [1mSuccessfully stored processed records[0m [[0m[1m[34mstorage.local_storage[0m][0m [36mentity_name[0m=[35mProducts[0m [36mfile_path[0m=[35m./test_output/processed\Products_20250924_045856.json[0m [36mrecord_count[0m=[35m20[0m [36mstorage_time_seconds[0m=[35m0.0[0m
2025-09-24 10:28:56,691 - storage.local_storage - INFO - store_raw_response:89 - [2m2025-09-24T04:58:56.691871Z[0m [[32m[1minfo     [0m] [1mSuccessfully stored raw data  [0m [[0m[1m[34mstorage.local_storage[0m][0m [36mentity_name[0m=[35mProducts[0m [36mfile_path[0m=[35m./test_output/raw\Products\2025/09/24\04\Products_page_1.json[0m [36msize_bytes[0m=[35m7446[0m [36mstorage_time_seconds[0m=[35m0.0[0m
2025-09-24 10:28:56,691 - httpcore.http11 - DEBUG - atrace:87 - send_request_headers.started request=<Request [b'GET']>
2025-09-24 10:28:56,691 - httpcore.http11 - DEBUG - atrace:87 - send_request_headers.complete
2025-09-24 10:28:56,691 - httpcore.http11 - DEBUG - atrace:87 - send_request_body.started request=<Request [b'GET']>
2025-09-24 10:28:56,691 - httpcore.http11 - DEBUG - atrace:87 - send_request_body.complete
2025-09-24 10:28:56,691 - httpcore.http11 - DEBUG - atrace:87 - receive_response_headers.started request=<Request [b'GET']>
2025-09-24 10:28:56,843 - httpcore.http11 - DEBUG - atrace:87 - receive_response_body.complete
2025-09-24 10:28:56,843 - httpcore.http11 - DEBUG - atrace:87 - response_closed.started
2025-09-24 10:28:56,843 - httpcore.http11 - DEBUG - atrace:87 - response_closed.complete
2025-09-24 10:28:56,843 - planning.record_tracker - INFO - add_page_records:38 - [2m2025-09-24T04:58:56.843301Z[0m [[32m[1minfo     [0m] [1m✅ Entity record fetching complete[0m [[0m[1m[34mplanning.record_tracker[0m][0m [36mentity[0m=[35mCategories[0m [36mfetched[0m=[35m8[0m [36mtarget[0m=[35m8[0m
2025-09-24 10:28:56,844 - workers.proxy_pool - INFO - _make_http_request:243 - [2m2025-09-24T04:58:56.843942Z[0m [[32m[1minfo     [0m] [1m🎯 Stopping pagination due to record limits[0m [[0m[1m[34mworkers.proxy_pool[0m][0m [36mcommand_id[0m=[35mCategories_page_1[0m [36mentity[0m=[35mCategories[0m [36mentity_complete[0m=[35mTrue[0m [36mglobal_limit_reached[0m=[35mNone[0m [36mworker_id[0m=[35mworker_2[0m
2025-09-24 10:28:56,844 - workers.proxy_pool - INFO - _make_http_request:250 - [2m2025-09-24T04:58:56.844465Z[0m [[32m[1minfo     [0m] [1m📊 Worker successfully fetched data[0m [[0m[1m[34mworkers.proxy_pool[0m][0m [36mactual_records_added[0m=[35m8[0m [36mcommand_id[0m=[35mCategories_page_1[0m [36mentity[0m=[35mCategories[0m [36mentity_total_fetched[0m=[35m8[0m [36mglobal_total_fetched[0m=[35m3377[0m [36mhas_next_page[0m=[35mFalse[0m [36mrecords_in_response[0m=[35m8[0m [36mworker_id[0m=[35mworker_2[0m
2025-09-24 10:28:56,845 - workers.proxy_pool - INFO - execute:110 - [2m2025-09-24T04:58:56.845052Z[0m [[32m[1minfo     [0m] [1m✅ Worker completed command successfully[0m [[0m[1m[34mworkers.proxy_pool[0m][0m [36mcommand_id[0m=[35mCategories_page_1[0m [36mentity[0m=[35mCategories[0m [36mexecution_time_seconds[0m=[35m0.77[0m [36mhas_next_page[0m=[35mFalse[0m [36mrecords_fetched[0m=[35m8[0m [36mworker_id[0m=[35mworker_2[0m
2025-09-24 10:28:56,845 - workers.proxy_pool - INFO - _worker_loop:460 - [2m2025-09-24T04:58:56.845052Z[0m [[32m[1minfo     [0m] [1m📋 Worker picked up command from queue[0m [[0m[1m[34mworkers.proxy_pool[0m][0m [36mcommand_id[0m=[35mSummary_of_Sales_by_Years_page_next_1500[0m [36mentity[0m=[35mSummary_of_Sales_by_Years[0m [36mqueue_size_after_pickup[0m=[35m12[0m [36mworker_id[0m=[35mworker_2[0m [36mworker_status[0m=[35mPROCESSING[0m
2025-09-24 10:28:56,845 - workers.proxy_pool - INFO - execute:59 - [2m2025-09-24T04:58:56.845651Z[0m [[32m[1minfo     [0m] [1m🚀 Worker starting command execution[0m [[0m[1m[34mworkers.proxy_pool[0m][0m [36mcommand_id[0m=[35mSummary_of_Sales_by_Years_page_next_1500[0m [36mcommand_type[0m=[35mfetch_page[0m [36mentity[0m=[35mSummary_of_Sales_by_Years[0m [36mpriority[0m=[35m1[0m [36mretry_count[0m=[35m0[0m [36mskip[0m=[35m1500[0m [36mtop[0m=[35m1500[0m [36mworker_id[0m=[35mworker_2[0m
2025-09-24 10:28:56,846 - workers.proxy_pool - INFO - execute:82 - [2m2025-09-24T04:58:56.846263Z[0m [[32m[1minfo     [0m] [1m🔄 Worker executing request with resilience patterns[0m [[0m[1m[34mworkers.proxy_pool[0m][0m [36mcircuit_breaker_state[0m=[35mclosed[0m [36mcommand_id[0m=[35mSummary_of_Sales_by_Years_page_next_1500[0m [36mworker_id[0m=[35mworker_2[0m
2025-09-24 10:28:56,846 - planning.record_tracker - INFO - calculate_optimal_batch_size:206 - [2m2025-09-24T04:58:56.846810Z[0m [[32m[1minfo     [0m] [1mAdjusted batch size to prevent overfetching[0m [[0m[1m[34mplanning.record_tracker[0m][0m [36mdefault_size[0m=[35m1500[0m [36mentity[0m=[35mSummary_of_Sales_by_Years[0m [36moptimal_size[0m=[35m709[0m [36mremaining_records[0m=[35m709[0m
2025-09-24 10:28:56,848 - workers.proxy_pool - INFO - _make_http_request:177 - [2m2025-09-24T04:58:56.848001Z[0m [[32m[1minfo     [0m] [1m📏 Adjusted batch size for optimal fetching[0m [[0m[1m[34mworkers.proxy_pool[0m][0m [36mcommand_id[0m=[35mSummary_of_Sales_by_Years_page_next_1500[0m [36mentity[0m=[35mSummary_of_Sales_by_Years[0m [36moptimal_top[0m=[35m709[0m [36moriginal_top[0m=[35m1500[0m [36mworker_id[0m=[35mworker_2[0m
2025-09-24 10:28:56,848 - storage.transformer - INFO - transform_odata_response:62 - [2m2025-09-24T04:58:56.848747Z[0m [[32m[1minfo     [0m] [1mStarting transformation       [0m [[0m[1m[34mstorage.transformer[0m][0m [36mentity_name[0m=[35mCategories[0m [36mresponse_keys[0m=[35m['@odata.context', 'value'][0m
2025-09-24 10:28:56,849 - storage.transformer - INFO - transform_odata_response:101 - [2m2025-09-24T04:58:56.849967Z[0m [[32m[1minfo     [0m] [1mTransformation completed      [0m [[0m[1m[34mstorage.transformer[0m][0m [36mentity_name[0m=[35mCategories[0m [36minput_records[0m=[35m8[0m [36moutput_records[0m=[35m8[0m [36mtransformation_time_seconds[0m=[35m0.0[0m
2025-09-24 10:28:56,849 - storage.local_storage - INFO - store_processed_records:145 - [2m2025-09-24T04:58:56.849967Z[0m [[32m[1minfo     [0m] [1mStoring processed records     [0m [[0m[1m[34mstorage.local_storage[0m][0m [36mentity_name[0m=[35mCategories[0m [36mformat[0m=[35mjson[0m [36mrecord_count[0m=[35m8[0m
2025-09-24 10:28:56,851 - storage.local_storage - INFO - store_processed_records:160 - [2m2025-09-24T04:58:56.851153Z[0m [[32m[1minfo     [0m] [1mSuccessfully stored processed records[0m [[0m[1m[34mstorage.local_storage[0m][0m [36mentity_name[0m=[35mCategories[0m [36mfile_path[0m=[35m./test_output/processed\Categories_20250924_045856.json[0m [36mrecord_count[0m=[35m8[0m [36mstorage_time_seconds[0m=[35m0.016[0m
2025-09-24 10:28:56,853 - storage.local_storage - INFO - store_raw_response:89 - [2m2025-09-24T04:58:56.853185Z[0m [[32m[1minfo     [0m] [1mSuccessfully stored raw data  [0m [[0m[1m[34mstorage.local_storage[0m][0m [36mentity_name[0m=[35mCategories[0m [36mfile_path[0m=[35m./test_output/raw\Categories\2025/09/24\04\Categories_page_1.json[0m [36msize_bytes[0m=[35m116177[0m [36mstorage_time_seconds[0m=[35m0.0[0m
2025-09-24 10:28:56,853 - httpcore.http11 - DEBUG - atrace:87 - send_request_headers.started request=<Request [b'GET']>
2025-09-24 10:28:56,856 - httpcore.http11 - DEBUG - atrace:87 - send_request_headers.complete
2025-09-24 10:28:56,856 - httpcore.http11 - DEBUG - atrace:87 - send_request_body.started request=<Request [b'GET']>
2025-09-24 10:28:56,856 - httpcore.http11 - DEBUG - atrace:87 - send_request_body.complete
2025-09-24 10:28:56,856 - httpcore.http11 - DEBUG - atrace:87 - receive_response_headers.started request=<Request [b'GET']>
2025-09-24 10:28:57,037 - httpcore.http11 - DEBUG - atrace:87 - receive_response_headers.complete return_value=(b'HTTP/1.1', 200, b'OK', [(b'Content-Length', b'3492'), (b'Content-Type', b'application/json;odata.metadata=minimal;odata.streaming=true;IEEE754Compatible=false;charset=utf-8'), (b'Date', b'Wed, 24 Sep 2025 04:58:56 GMT'), (b'Server', b'Microsoft-IIS/10.0'), (b'Access-Control-Allow-Headers', b'Accept, Origin, Content-Type, MaxDataServiceVersion'), (b'Access-Control-Allow-Methods', b'GET'), (b'Access-Control-Allow-Origin', b'*'), (b'Access-Control-Expose-Headers', b'DataServiceVersion'), (b'Cache-Control', b'private'), (b'Content-Encoding', b'gzip'), (b'Expires', b'Wed, 24 Sep 2025 04:59:20 GMT'), (b'Vary', b'*'), (b'X-Content-Type-Options', b'nosniff'), (b'OData-Version', b'4.0;'), (b'X-AspNet-Version', b'4.0.30319'), (b'X-Powered-By', b'ASP.NET')])
2025-09-24 10:28:57,037 - httpx - INFO - _send_single_request:1740 - HTTP Request: GET https://services.odata.org/V4/Northwind/Northwind.svc/Suppliers?%24skip=0&%24top=29 "HTTP/1.1 200 OK"
2025-09-24 10:28:57,037 - httpcore.http11 - DEBUG - atrace:87 - receive_response_body.started request=<Request [b'GET']>
2025-09-24 10:28:57,037 - httpcore.http11 - DEBUG - atrace:87 - receive_response_body.complete
2025-09-24 10:28:57,037 - httpcore.http11 - DEBUG - atrace:87 - response_closed.started
2025-09-24 10:28:57,037 - httpcore.http11 - DEBUG - atrace:87 - response_closed.complete
2025-09-24 10:28:57,037 - planning.record_tracker - INFO - add_page_records:38 - [2m2025-09-24T04:58:57.037799Z[0m [[32m[1minfo     [0m] [1m✅ Entity record fetching complete[0m [[0m[1m[34mplanning.record_tracker[0m][0m [36mentity[0m=[35mSuppliers[0m [36mfetched[0m=[35m29[0m [36mtarget[0m=[35m29[0m
2025-09-24 10:28:57,037 - workers.proxy_pool - INFO - _make_http_request:243 - [2m2025-09-24T04:58:57.037799Z[0m [[32m[1minfo     [0m] [1m🎯 Stopping pagination due to record limits[0m [[0m[1m[34mworkers.proxy_pool[0m][0m [36mcommand_id[0m=[35mSuppliers_page_1[0m [36mentity[0m=[35mSuppliers[0m [36mentity_complete[0m=[35mTrue[0m [36mglobal_limit_reached[0m=[35mNone[0m [36mworker_id[0m=[35mworker_1[0m
2025-09-24 10:28:57,037 - workers.proxy_pool - INFO - _make_http_request:250 - [2m2025-09-24T04:58:57.037799Z[0m [[32m[1minfo     [0m] [1m📊 Worker successfully fetched data[0m [[0m[1m[34mworkers.proxy_pool[0m][0m [36mactual_records_added[0m=[35m29[0m [36mcommand_id[0m=[35mSuppliers_page_1[0m [36mentity[0m=[35mSuppliers[0m [36mentity_total_fetched[0m=[35m29[0m [36mglobal_total_fetched[0m=[35m3406[0m [36mhas_next_page[0m=[35mFalse[0m [36mrecords_in_response[0m=[35m29[0m [36mworker_id[0m=[35mworker_1[0m
2025-09-24 10:28:57,037 - workers.proxy_pool - INFO - execute:110 - [2m2025-09-24T04:58:57.037799Z[0m [[32m[1minfo     [0m] [1m✅ Worker completed command successfully[0m [[0m[1m[34mworkers.proxy_pool[0m][0m [36mcommand_id[0m=[35mSuppliers_page_1[0m [36mentity[0m=[35mSuppliers[0m [36mexecution_time_seconds[0m=[35m0.38[0m [36mhas_next_page[0m=[35mFalse[0m [36mrecords_fetched[0m=[35m29[0m [36mworker_id[0m=[35mworker_1[0m
2025-09-24 10:28:57,037 - workers.proxy_pool - INFO - _worker_loop:460 - [2m2025-09-24T04:58:57.037799Z[0m [[32m[1minfo     [0m] [1m📋 Worker picked up command from queue[0m [[0m[1m[34mworkers.proxy_pool[0m][0m [36mcommand_id[0m=[35mOrders_Qries_page_next_1500[0m [36mentity[0m=[35mOrders_Qries[0m [36mqueue_size_after_pickup[0m=[35m11[0m [36mworker_id[0m=[35mworker_1[0m [36mworker_status[0m=[35mPROCESSING[0m
2025-09-24 10:28:57,041 - workers.proxy_pool - INFO - execute:59 - [2m2025-09-24T04:58:57.041896Z[0m [[32m[1minfo     [0m] [1m🚀 Worker starting command execution[0m [[0m[1m[34mworkers.proxy_pool[0m][0m [36mcommand_id[0m=[35mOrders_Qries_page_next_1500[0m [36mcommand_type[0m=[35mfetch_page[0m [36mentity[0m=[35mOrders_Qries[0m [36mpriority[0m=[35m1[0m [36mretry_count[0m=[35m0[0m [36mskip[0m=[35m1500[0m [36mtop[0m=[35m1500[0m [36mworker_id[0m=[35mworker_1[0m
2025-09-24 10:28:57,041 - workers.proxy_pool - INFO - execute:82 - [2m2025-09-24T04:58:57.041896Z[0m [[32m[1minfo     [0m] [1m🔄 Worker executing request with resilience patterns[0m [[0m[1m[34mworkers.proxy_pool[0m][0m [36mcircuit_breaker_state[0m=[35mclosed[0m [36mcommand_id[0m=[35mOrders_Qries_page_next_1500[0m [36mworker_id[0m=[35mworker_1[0m
2025-09-24 10:28:57,041 - planning.record_tracker - INFO - calculate_optimal_batch_size:206 - [2m2025-09-24T04:58:57.041896Z[0m [[32m[1minfo     [0m] [1mAdjusted batch size to prevent overfetching[0m [[0m[1m[34mplanning.record_tracker[0m][0m [36mdefault_size[0m=[35m1500[0m [36mentity[0m=[35mOrders_Qries[0m [36moptimal_size[0m=[35m730[0m [36mremaining_records[0m=[35m730[0m
2025-09-24 10:28:57,041 - workers.proxy_pool - INFO - _make_http_request:177 - [2m2025-09-24T04:58:57.041896Z[0m [[32m[1minfo     [0m] [1m📏 Adjusted batch size for optimal fetching[0m [[0m[1m[34mworkers.proxy_pool[0m][0m [36mcommand_id[0m=[35mOrders_Qries_page_next_1500[0m [36mentity[0m=[35mOrders_Qries[0m [36moptimal_top[0m=[35m730[0m [36moriginal_top[0m=[35m1500[0m [36mworker_id[0m=[35mworker_1[0m
2025-09-24 10:28:57,041 - storage.transformer - INFO - transform_odata_response:62 - [2m2025-09-24T04:58:57.041896Z[0m [[32m[1minfo     [0m] [1mStarting transformation       [0m [[0m[1m[34mstorage.transformer[0m][0m [36mentity_name[0m=[35mSuppliers[0m [36mresponse_keys[0m=[35m['@odata.context', 'value'][0m
2025-09-24 10:28:57,043 - storage.transformer - INFO - transform_odata_response:101 - [2m2025-09-24T04:58:57.043960Z[0m [[32m[1minfo     [0m] [1mTransformation completed      [0m [[0m[1m[34mstorage.transformer[0m][0m [36mentity_name[0m=[35mSuppliers[0m [36minput_records[0m=[35m29[0m [36moutput_records[0m=[35m29[0m [36mtransformation_time_seconds[0m=[35m0.0[0m
2025-09-24 10:28:57,043 - storage.local_storage - INFO - store_processed_records:145 - [2m2025-09-24T04:58:57.043960Z[0m [[32m[1minfo     [0m] [1mStoring processed records     [0m [[0m[1m[34mstorage.local_storage[0m][0m [36mentity_name[0m=[35mSuppliers[0m [36mformat[0m=[35mjson[0m [36mrecord_count[0m=[35m29[0m
2025-09-24 10:28:57,043 - storage.local_storage - INFO - store_processed_records:160 - [2m2025-09-24T04:58:57.043960Z[0m [[32m[1minfo     [0m] [1mSuccessfully stored processed records[0m [[0m[1m[34mstorage.local_storage[0m][0m [36mentity_name[0m=[35mSuppliers[0m [36mfile_path[0m=[35m./test_output/processed\Suppliers_20250924_045857.json[0m [36mrecord_count[0m=[35m29[0m [36mstorage_time_seconds[0m=[35m0.0[0m
2025-09-24 10:28:57,048 - storage.local_storage - INFO - store_raw_response:89 - [2m2025-09-24T04:58:57.048641Z[0m [[32m[1minfo     [0m] [1mSuccessfully stored raw data  [0m [[0m[1m[34mstorage.local_storage[0m][0m [36mentity_name[0m=[35mSuppliers[0m [36mfile_path[0m=[35m./test_output/raw\Suppliers\2025/09/24\04\Suppliers_page_1.json[0m [36msize_bytes[0m=[35m12636[0m [36mstorage_time_seconds[0m=[35m0.0[0m
2025-09-24 10:28:57,048 - httpcore.http11 - DEBUG - atrace:87 - send_request_headers.started request=<Request [b'GET']>
2025-09-24 10:28:57,048 - httpcore.http11 - DEBUG - atrace:87 - send_request_headers.complete
2025-09-24 10:28:57,051 - httpcore.http11 - DEBUG - atrace:87 - send_request_body.started request=<Request [b'GET']>
2025-09-24 10:28:57,051 - httpcore.http11 - DEBUG - atrace:87 - send_request_body.complete
2025-09-24 10:28:57,051 - httpcore.http11 - DEBUG - atrace:87 - receive_response_headers.started request=<Request [b'GET']>
2025-09-24 10:28:57,053 - httpcore.http11 - DEBUG - atrace:87 - receive_response_headers.complete return_value=(b'HTTP/1.1', 200, b'OK', [(b'Content-Length', b'1596'), (b'Content-Type', b'application/json;odata.metadata=minimal;odata.streaming=true;IEEE754Compatible=false;charset=utf-8'), (b'Date', b'Wed, 24 Sep 2025 04:58:56 GMT'), (b'Server', b'Microsoft-IIS/10.0'), (b'Access-Control-Allow-Headers', b'Accept, Origin, Content-Type, MaxDataServiceVersion'), (b'Access-Control-Allow-Methods', b'GET'), (b'Access-Control-Allow-Origin', b'*'), (b'Access-Control-Expose-Headers', b'DataServiceVersion'), (b'Cache-Control', b'private'), (b'Content-Encoding', b'gzip'), (b'Expires', b'Wed, 24 Sep 2025 04:59:20 GMT'), (b'Vary', b'*'), (b'X-Content-Type-Options', b'nosniff'), (b'OData-Version', b'4.0;'), (b'X-AspNet-Version', b'4.0.30319'), (b'X-Powered-By', b'ASP.NET')])
2025-09-24 10:28:57,053 - httpx - INFO - _send_single_request:1740 - HTTP Request: GET https://services.odata.org/V4/Northwind/Northwind.svc/Summary_of_Sales_by_Quarters?%24skip=0&%24top=809 "HTTP/1.1 200 OK"
2025-09-24 10:28:57,053 - httpcore.http11 - DEBUG - atrace:87 - receive_response_body.started request=<Request [b'GET']>
2025-09-24 10:28:57,053 - httpcore.http11 - DEBUG - atrace:87 - receive_response_body.complete
2025-09-24 10:28:57,053 - httpcore.http11 - DEBUG - atrace:87 - response_closed.started
2025-09-24 10:28:57,053 - httpcore.http11 - DEBUG - atrace:87 - response_closed.complete
2025-09-24 10:28:57,053 - workers.proxy_pool - INFO - _make_http_request:250 - [2m2025-09-24T04:58:57.053951Z[0m [[32m[1minfo     [0m] [1m📊 Worker successfully fetched data[0m [[0m[1m[34mworkers.proxy_pool[0m][0m [36mactual_records_added[0m=[35m100[0m [36mcommand_id[0m=[35mSummary_of_Sales_by_Quarters_page_1[0m [36mentity[0m=[35mSummary_of_Sales_by_Quarters[0m [36mentity_total_fetched[0m=[35m100[0m [36mglobal_total_fetched[0m=[35m3506[0m [36mhas_next_page[0m=[35mTrue[0m [36mrecords_in_response[0m=[35m100[0m [36mworker_id[0m=[35mworker_0[0m
2025-09-24 10:28:57,053 - workers.proxy_pool - INFO - execute:110 - [2m2025-09-24T04:58:57.053951Z[0m [[32m[1minfo     [0m] [1m✅ Worker completed command successfully[0m [[0m[1m[34mworkers.proxy_pool[0m][0m [36mcommand_id[0m=[35mSummary_of_Sales_by_Quarters_page_1[0m [36mentity[0m=[35mSummary_of_Sales_by_Quarters[0m [36mexecution_time_seconds[0m=[35m0.36[0m [36mhas_next_page[0m=[35mTrue[0m [36mrecords_fetched[0m=[35m100[0m [36mworker_id[0m=[35mworker_0[0m
2025-09-24 10:28:57,053 - workers.proxy_pool - INFO - _worker_loop:460 - [2m2025-09-24T04:58:57.053951Z[0m [[32m[1minfo     [0m] [1m📋 Worker picked up command from queue[0m [[0m[1m[34mworkers.proxy_pool[0m][0m [36mcommand_id[0m=[35mOrders_page_next_1500[0m [36mentity[0m=[35mOrders[0m [36mqueue_size_after_pickup[0m=[35m10[0m [36mworker_id[0m=[35mworker_0[0m [36mworker_status[0m=[35mPROCESSING[0m
2025-09-24 10:28:57,053 - workers.proxy_pool - INFO - execute:59 - [2m2025-09-24T04:58:57.053951Z[0m [[32m[1minfo     [0m] [1m🚀 Worker starting command execution[0m [[0m[1m[34mworkers.proxy_pool[0m][0m [36mcommand_id[0m=[35mOrders_page_next_1500[0m [36mcommand_type[0m=[35mfetch_page[0m [36mentity[0m=[35mOrders[0m [36mpriority[0m=[35m1[0m [36mretry_count[0m=[35m0[0m [36mskip[0m=[35m1500[0m [36mtop[0m=[35m1500[0m [36mworker_id[0m=[35mworker_0[0m
2025-09-24 10:28:57,059 - workers.proxy_pool - INFO - execute:82 - [2m2025-09-24T04:58:57.059441Z[0m [[32m[1minfo     [0m] [1m🔄 Worker executing request with resilience patterns[0m [[0m[1m[34mworkers.proxy_pool[0m][0m [36mcircuit_breaker_state[0m=[35mclosed[0m [36mcommand_id[0m=[35mOrders_page_next_1500[0m [36mworker_id[0m=[35mworker_0[0m
2025-09-24 10:28:57,059 - planning.record_tracker - INFO - calculate_optimal_batch_size:206 - [2m2025-09-24T04:58:57.059441Z[0m [[32m[1minfo     [0m] [1mAdjusted batch size to prevent overfetching[0m [[0m[1m[34mplanning.record_tracker[0m][0m [36mdefault_size[0m=[35m1500[0m [36mentity[0m=[35mOrders[0m [36moptimal_size[0m=[35m630[0m [36mremaining_records[0m=[35m630[0m
2025-09-24 10:28:57,059 - workers.proxy_pool - INFO - _make_http_request:177 - [2m2025-09-24T04:58:57.059441Z[0m [[32m[1minfo     [0m] [1m📏 Adjusted batch size for optimal fetching[0m [[0m[1m[34mworkers.proxy_pool[0m][0m [36mcommand_id[0m=[35mOrders_page_next_1500[0m [36mentity[0m=[35mOrders[0m [36moptimal_top[0m=[35m630[0m [36moriginal_top[0m=[35m1500[0m [36mworker_id[0m=[35mworker_0[0m
2025-09-24 10:28:57,059 - storage.transformer - INFO - transform_odata_response:62 - [2m2025-09-24T04:58:57.059441Z[0m [[32m[1minfo     [0m] [1mStarting transformation       [0m [[0m[1m[34mstorage.transformer[0m][0m [36mentity_name[0m=[35mSummary_of_Sales_by_Quarters[0m [36mresponse_keys[0m=[35m['@odata.context', 'value', '@odata.nextLink'][0m
2025-09-24 10:28:57,059 - storage.transformer - INFO - transform_odata_response:101 - [2m2025-09-24T04:58:57.059441Z[0m [[32m[1minfo     [0m] [1mTransformation completed      [0m [[0m[1m[34mstorage.transformer[0m][0m [36mentity_name[0m=[35mSummary_of_Sales_by_Quarters[0m [36minput_records[0m=[35m100[0m [36moutput_records[0m=[35m100[0m [36mtransformation_time_seconds[0m=[35m0.0[0m
2025-09-24 10:28:57,059 - storage.local_storage - INFO - store_processed_records:145 - [2m2025-09-24T04:58:57.059441Z[0m [[32m[1minfo     [0m] [1mStoring processed records     [0m [[0m[1m[34mstorage.local_storage[0m][0m [36mentity_name[0m=[35mSummary_of_Sales_by_Quarters[0m [36mformat[0m=[35mjson[0m [36mrecord_count[0m=[35m100[0m
2025-09-24 10:28:57,059 - storage.local_storage - INFO - store_processed_records:160 - [2m2025-09-24T04:58:57.059441Z[0m [[32m[1minfo     [0m] [1mSuccessfully stored processed records[0m [[0m[1m[34mstorage.local_storage[0m][0m [36mentity_name[0m=[35mSummary_of_Sales_by_Quarters[0m [36mfile_path[0m=[35m./test_output/processed\Summary_of_Sales_by_Quarters_20250924_045857.json[0m [36mrecord_count[0m=[35m100[0m [36mstorage_time_seconds[0m=[35m0.0[0m
2025-09-24 10:28:57,066 - storage.local_storage - INFO - store_raw_response:89 - [2m2025-09-24T04:58:57.066152Z[0m [[32m[1minfo     [0m] [1mSuccessfully stored raw data  [0m [[0m[1m[34mstorage.local_storage[0m][0m [36mentity_name[0m=[35mSummary_of_Sales_by_Quarters[0m [36mfile_path[0m=[35m./test_output/raw\Summary_of_Sales_by_Quarters\2025/09/24\04\Summary_of_Sales_by_Quarters_page_1.json[0m [36msize_bytes[0m=[35m12085[0m [36mstorage_time_seconds[0m=[35m0.0[0m
2025-09-24 10:28:57,066 - httpcore.http11 - DEBUG - atrace:87 - send_request_headers.started request=<Request [b'GET']>
2025-09-24 10:28:57,066 - httpcore.http11 - DEBUG - atrace:87 - send_request_headers.complete
2025-09-24 10:28:57,066 - httpcore.http11 - DEBUG - atrace:87 - send_request_body.started request=<Request [b'GET']>
2025-09-24 10:28:57,066 - httpcore.http11 - DEBUG - atrace:87 - send_request_body.complete
2025-09-24 10:28:57,066 - httpcore.http11 - DEBUG - atrace:87 - receive_response_headers.started request=<Request [b'GET']>
2025-09-24 10:28:57,142 - httpcore.http11 - DEBUG - atrace:87 - receive_response_headers.complete return_value=(b'HTTP/1.1', 200, b'OK', [(b'Content-Length', b'224'), (b'Content-Type', b'application/json;odata.metadata=minimal;odata.streaming=true;IEEE754Compatible=false;charset=utf-8'), (b'Date', b'Wed, 24 Sep 2025 04:58:56 GMT'), (b'Server', b'Microsoft-IIS/10.0'), (b'Access-Control-Allow-Headers', b'Accept, Origin, Content-Type, MaxDataServiceVersion'), (b'Access-Control-Allow-Methods', b'GET'), (b'Access-Control-Allow-Origin', b'*'), (b'Access-Control-Expose-Headers', b'DataServiceVersion'), (b'Cache-Control', b'private'), (b'Content-Encoding', b'gzip'), (b'Expires', b'Wed, 24 Sep 2025 04:59:25 GMT'), (b'Vary', b'*'), (b'X-Content-Type-Options', b'nosniff'), (b'OData-Version', b'4.0;'), (b'X-AspNet-Version', b'4.0.30319'), (b'X-Powered-By', b'ASP.NET')])
2025-09-24 10:28:57,142 - httpx - INFO - _send_single_request:1740 - HTTP Request: GET https://services.odata.org/V4/Northwind/Northwind.svc/Summary_of_Sales_by_Years?%24skip=1500&%24top=709 "HTTP/1.1 200 OK"
2025-09-24 10:28:57,144 - httpcore.http11 - DEBUG - atrace:87 - receive_response_body.started request=<Request [b'GET']>
2025-09-24 10:28:57,144 - httpcore.http11 - DEBUG - atrace:87 - receive_response_body.complete
2025-09-24 10:28:57,144 - httpcore.http11 - DEBUG - atrace:87 - response_closed.started
2025-09-24 10:28:57,144 - httpcore.http11 - DEBUG - atrace:87 - response_closed.complete
2025-09-24 10:28:57,144 - workers.proxy_pool - INFO - _make_http_request:250 - [2m2025-09-24T04:58:57.144473Z[0m [[32m[1minfo     [0m] [1m📊 Worker successfully fetched data[0m [[0m[1m[34mworkers.proxy_pool[0m][0m [36mactual_records_added[0m=[35m0[0m [36mcommand_id[0m=[35mSummary_of_Sales_by_Years_page_next_1500[0m [36mentity[0m=[35mSummary_of_Sales_by_Years[0m [36mentity_total_fetched[0m=[35m100[0m [36mglobal_total_fetched[0m=[35m3506[0m [36mhas_next_page[0m=[35mFalse[0m [36mrecords_in_response[0m=[35m0[0m [36mworker_id[0m=[35mworker_2[0m
2025-09-24 10:28:57,144 - workers.proxy_pool - INFO - execute:110 - [2m2025-09-24T04:58:57.144473Z[0m [[32m[1minfo     [0m] [1m✅ Worker completed command successfully[0m [[0m[1m[34mworkers.proxy_pool[0m][0m [36mcommand_id[0m=[35mSummary_of_Sales_by_Years_page_next_1500[0m [36mentity[0m=[35mSummary_of_Sales_by_Years[0m [36mexecution_time_seconds[0m=[35m0.3[0m [36mhas_next_page[0m=[35mFalse[0m [36mrecords_fetched[0m=[35m0[0m [36mworker_id[0m=[35mworker_2[0m
2025-09-24 10:28:57,144 - workers.proxy_pool - INFO - _worker_loop:460 - [2m2025-09-24T04:58:57.144473Z[0m [[32m[1minfo     [0m] [1m📋 Worker picked up command from queue[0m [[0m[1m[34mworkers.proxy_pool[0m][0m [36mcommand_id[0m=[35mCustomers_page_next_1500[0m [36mentity[0m=[35mCustomers[0m [36mqueue_size_after_pickup[0m=[35m10[0m [36mworker_id[0m=[35mworker_2[0m [36mworker_status[0m=[35mPROCESSING[0m
2025-09-24 10:28:57,144 - workers.proxy_pool - INFO - execute:59 - [2m2025-09-24T04:58:57.144473Z[0m [[32m[1minfo     [0m] [1m🚀 Worker starting command execution[0m [[0m[1m[34mworkers.proxy_pool[0m][0m [36mcommand_id[0m=[35mCustomers_page_next_1500[0m [36mcommand_type[0m=[35mfetch_page[0m [36mentity[0m=[35mCustomers[0m [36mpriority[0m=[35m1[0m [36mretry_count[0m=[35m0[0m [36mskip[0m=[35m1500[0m [36mtop[0m=[35m1500[0m [36mworker_id[0m=[35mworker_2[0m
2025-09-24 10:28:57,147 - workers.proxy_pool - INFO - execute:82 - [2m2025-09-24T04:58:57.147175Z[0m [[32m[1minfo     [0m] [1m🔄 Worker executing request with resilience patterns[0m [[0m[1m[34mworkers.proxy_pool[0m][0m [36mcircuit_breaker_state[0m=[35mclosed[0m [36mcommand_id[0m=[35mCustomers_page_next_1500[0m [36mworker_id[0m=[35mworker_2[0m
2025-09-24 10:28:57,147 - planning.record_tracker - INFO - calculate_optimal_batch_size:206 - [2m2025-09-24T04:58:57.147479Z[0m [[32m[1minfo     [0m] [1mAdjusted batch size to prevent overfetching[0m [[0m[1m[34mplanning.record_tracker[0m][0m [36mdefault_size[0m=[35m1500[0m [36mentity[0m=[35mCustomers[0m [36moptimal_size[0m=[35m71[0m [36mremaining_records[0m=[35m71[0m
2025-09-24 10:28:57,148 - workers.proxy_pool - INFO - _make_http_request:177 - [2m2025-09-24T04:58:57.148511Z[0m [[32m[1minfo     [0m] [1m📏 Adjusted batch size for optimal fetching[0m [[0m[1m[34mworkers.proxy_pool[0m][0m [36mcommand_id[0m=[35mCustomers_page_next_1500[0m [36mentity[0m=[35mCustomers[0m [36moptimal_top[0m=[35m71[0m [36moriginal_top[0m=[35m1500[0m [36mworker_id[0m=[35mworker_2[0m
2025-09-24 10:28:57,151 - storage.transformer - INFO - transform_odata_response:62 - [2m2025-09-24T04:58:57.149985Z[0m [[32m[1minfo     [0m] [1mStarting transformation       [0m [[0m[1m[34mstorage.transformer[0m][0m [36mentity_name[0m=[35mSummary_of_Sales_by_Years[0m [36mresponse_keys[0m=[35m['@odata.context', 'value'][0m
2025-09-24 10:28:57,151 - storage.transformer - INFO - transform_odata_response:101 - [2m2025-09-24T04:58:57.151508Z[0m [[32m[1minfo     [0m] [1mTransformation completed      [0m [[0m[1m[34mstorage.transformer[0m][0m [36mentity_name[0m=[35mSummary_of_Sales_by_Years[0m [36minput_records[0m=[35m0[0m [36moutput_records[0m=[35m0[0m [36mtransformation_time_seconds[0m=[35m0.0[0m
2025-09-24 10:28:57,151 - httpcore.http11 - DEBUG - atrace:87 - send_request_headers.started request=<Request [b'GET']>
2025-09-24 10:28:57,151 - httpcore.http11 - DEBUG - atrace:87 - send_request_headers.complete
2025-09-24 10:28:57,151 - httpcore.http11 - DEBUG - atrace:87 - send_request_body.started request=<Request [b'GET']>
2025-09-24 10:28:57,151 - httpcore.http11 - DEBUG - atrace:87 - send_request_body.complete
2025-09-24 10:28:57,151 - httpcore.http11 - DEBUG - atrace:87 - receive_response_headers.started request=<Request [b'GET']>
2025-09-24 10:28:57,469 - httpcore.http11 - DEBUG - atrace:87 - receive_response_headers.complete return_value=(b'HTTP/1.1', 200, b'OK', [(b'Content-Length', b'209'), (b'Content-Type', b'application/json;odata.metadata=minimal;odata.streaming=true;IEEE754Compatible=false;charset=utf-8'), (b'Date', b'Wed, 24 Sep 2025 04:58:57 GMT'), (b'Server', b'Microsoft-IIS/10.0'), (b'Access-Control-Allow-Headers', b'Accept, Origin, Content-Type, MaxDataServiceVersion'), (b'Access-Control-Allow-Methods', b'GET'), (b'Access-Control-Allow-Origin', b'*'), (b'Access-Control-Expose-Headers', b'DataServiceVersion'), (b'Cache-Control', b'private'), (b'Content-Encoding', b'gzip'), (b'Expires', b'Wed, 24 Sep 2025 04:59:24 GMT'), (b'Vary', b'*'), (b'X-Content-Type-Options', b'nosniff'), (b'OData-Version', b'4.0;'), (b'X-AspNet-Version', b'4.0.30319'), (b'X-Powered-By', b'ASP.NET')])
2025-09-24 10:28:57,469 - httpx - INFO - _send_single_request:1740 - HTTP Request: GET https://services.odata.org/V4/Northwind/Northwind.svc/Orders_Qries?%24skip=1500&%24top=730 "HTTP/1.1 200 OK"
2025-09-24 10:28:57,469 - httpcore.http11 - DEBUG - atrace:87 - receive_response_body.started request=<Request [b'GET']>
2025-09-24 10:28:57,470 - httpcore.http11 - DEBUG - atrace:87 - receive_response_body.complete
2025-09-24 10:28:57,470 - httpcore.http11 - DEBUG - atrace:87 - response_closed.started
2025-09-24 10:28:57,470 - httpcore.http11 - DEBUG - atrace:87 - response_closed.complete
2025-09-24 10:28:57,470 - workers.proxy_pool - INFO - _make_http_request:250 - [2m2025-09-24T04:58:57.470901Z[0m [[32m[1minfo     [0m] [1m📊 Worker successfully fetched data[0m [[0m[1m[34mworkers.proxy_pool[0m][0m [36mactual_records_added[0m=[35m0[0m [36mcommand_id[0m=[35mOrders_Qries_page_next_1500[0m [36mentity[0m=[35mOrders_Qries[0m [36mentity_total_fetched[0m=[35m100[0m [36mglobal_total_fetched[0m=[35m3506[0m [36mhas_next_page[0m=[35mFalse[0m [36mrecords_in_response[0m=[35m0[0m [36mworker_id[0m=[35mworker_1[0m
2025-09-24 10:28:57,470 - workers.proxy_pool - INFO - execute:110 - [2m2025-09-24T04:58:57.470901Z[0m [[32m[1minfo     [0m] [1m✅ Worker completed command successfully[0m [[0m[1m[34mworkers.proxy_pool[0m][0m [36mcommand_id[0m=[35mOrders_Qries_page_next_1500[0m [36mentity[0m=[35mOrders_Qries[0m [36mexecution_time_seconds[0m=[35m0.42[0m [36mhas_next_page[0m=[35mFalse[0m [36mrecords_fetched[0m=[35m0[0m [36mworker_id[0m=[35mworker_1[0m
2025-09-24 10:28:57,470 - workers.proxy_pool - INFO - _worker_loop:460 - [2m2025-09-24T04:58:57.470901Z[0m [[32m[1minfo     [0m] [1m📋 Worker picked up command from queue[0m [[0m[1m[34mworkers.proxy_pool[0m][0m [36mcommand_id[0m=[35mInvoices_page_next_1500[0m [36mentity[0m=[35mInvoices[0m [36mqueue_size_after_pickup[0m=[35m9[0m [36mworker_id[0m=[35mworker_1[0m [36mworker_status[0m=[35mPROCESSING[0m
2025-09-24 10:28:57,473 - workers.proxy_pool - INFO - execute:59 - [2m2025-09-24T04:58:57.473939Z[0m [[32m[1minfo     [0m] [1m🚀 Worker starting command execution[0m [[0m[1m[34mworkers.proxy_pool[0m][0m [36mcommand_id[0m=[35mInvoices_page_next_1500[0m [36mcommand_type[0m=[35mfetch_page[0m [36mentity[0m=[35mInvoices[0m [36mpriority[0m=[35m1[0m [36mretry_count[0m=[35m0[0m [36mskip[0m=[35m1500[0m [36mtop[0m=[35m1500[0m [36mworker_id[0m=[35mworker_1[0m
2025-09-24 10:28:57,473 - workers.proxy_pool - INFO - execute:82 - [2m2025-09-24T04:58:57.473939Z[0m [[32m[1minfo     [0m] [1m🔄 Worker executing request with resilience patterns[0m [[0m[1m[34mworkers.proxy_pool[0m][0m [36mcircuit_breaker_state[0m=[35mclosed[0m [36mcommand_id[0m=[35mInvoices_page_next_1500[0m [36mworker_id[0m=[35mworker_1[0m
2025-09-24 10:28:57,473 - planning.record_tracker - INFO - calculate_optimal_batch_size:206 - [2m2025-09-24T04:58:57.473939Z[0m [[32m[1minfo     [0m] [1mAdjusted batch size to prevent overfetching[0m [[0m[1m[34mplanning.record_tracker[0m][0m [36mdefault_size[0m=[35m1500[0m [36mentity[0m=[35mInvoices[0m [36moptimal_size[0m=[35m1155[0m [36mremaining_records[0m=[35m1155[0m
2025-09-24 10:28:57,473 - workers.proxy_pool - INFO - _make_http_request:177 - [2m2025-09-24T04:58:57.473939Z[0m [[32m[1minfo     [0m] [1m📏 Adjusted batch size for optimal fetching[0m [[0m[1m[34mworkers.proxy_pool[0m][0m [36mcommand_id[0m=[35mInvoices_page_next_1500[0m [36mentity[0m=[35mInvoices[0m [36moptimal_top[0m=[35m1155[0m [36moriginal_top[0m=[35m1500[0m [36mworker_id[0m=[35mworker_1[0m
2025-09-24 10:28:57,473 - storage.transformer - INFO - transform_odata_response:62 - [2m2025-09-24T04:58:57.473939Z[0m [[32m[1minfo     [0m] [1mStarting transformation       [0m [[0m[1m[34mstorage.transformer[0m][0m [36mentity_name[0m=[35mOrders_Qries[0m [36mresponse_keys[0m=[35m['@odata.context', 'value'][0m
2025-09-24 10:28:57,473 - storage.transformer - INFO - transform_odata_response:101 - [2m2025-09-24T04:58:57.473939Z[0m [[32m[1minfo     [0m] [1mTransformation completed      [0m [[0m[1m[34mstorage.transformer[0m][0m [36mentity_name[0m=[35mOrders_Qries[0m [36minput_records[0m=[35m0[0m [36moutput_records[0m=[35m0[0m [36mtransformation_time_seconds[0m=[35m0.0[0m
2025-09-24 10:28:57,473 - httpcore.http11 - DEBUG - atrace:87 - send_request_headers.started request=<Request [b'GET']>
2025-09-24 10:28:57,473 - httpcore.http11 - DEBUG - atrace:87 - send_request_headers.complete
2025-09-24 10:28:57,473 - httpcore.http11 - DEBUG - atrace:87 - send_request_body.started request=<Request [b'GET']>
2025-09-24 10:28:57,473 - httpcore.http11 - DEBUG - atrace:87 - send_request_body.complete
2025-09-24 10:28:57,473 - httpcore.http11 - DEBUG - atrace:87 - receive_response_headers.started request=<Request [b'GET']>
2025-09-24 10:28:57,473 - httpcore.http11 - DEBUG - atrace:87 - receive_response_headers.complete return_value=(b'HTTP/1.1', 200, b'OK', [(b'Content-Length', b'203'), (b'Content-Type', b'application/json;odata.metadata=minimal;odata.streaming=true;IEEE754Compatible=false;charset=utf-8'), (b'Date', b'Wed, 24 Sep 2025 04:58:57 GMT'), (b'Server', b'Microsoft-IIS/10.0'), (b'Access-Control-Allow-Headers', b'Accept, Origin, Content-Type, MaxDataServiceVersion'), (b'Access-Control-Allow-Methods', b'GET'), (b'Access-Control-Allow-Origin', b'*'), (b'Access-Control-Expose-Headers', b'DataServiceVersion'), (b'Cache-Control', b'private'), (b'Content-Encoding', b'gzip'), (b'Expires', b'Wed, 24 Sep 2025 04:59:23 GMT'), (b'Vary', b'*'), (b'X-Content-Type-Options', b'nosniff'), (b'OData-Version', b'4.0;'), (b'X-AspNet-Version', b'4.0.30319'), (b'X-Powered-By', b'ASP.NET')])
2025-09-24 10:28:57,473 - httpx - INFO - _send_single_request:1740 - HTTP Request: GET https://services.odata.org/V4/Northwind/Northwind.svc/Orders?%24skip=1500&%24top=630 "HTTP/1.1 200 OK"
2025-09-24 10:28:57,473 - httpcore.http11 - DEBUG - atrace:87 - receive_response_body.started request=<Request [b'GET']>
2025-09-24 10:28:57,473 - httpcore.http11 - DEBUG - atrace:87 - receive_response_body.complete
2025-09-24 10:28:57,473 - httpcore.http11 - DEBUG - atrace:87 - response_closed.started
2025-09-24 10:28:57,473 - httpcore.http11 - DEBUG - atrace:87 - response_closed.complete
2025-09-24 10:28:57,473 - workers.proxy_pool - INFO - _make_http_request:250 - [2m2025-09-24T04:58:57.473939Z[0m [[32m[1minfo     [0m] [1m📊 Worker successfully fetched data[0m [[0m[1m[34mworkers.proxy_pool[0m][0m [36mactual_records_added[0m=[35m0[0m [36mcommand_id[0m=[35mOrders_page_next_1500[0m [36mentity[0m=[35mOrders[0m [36mentity_total_fetched[0m=[35m200[0m [36mglobal_total_fetched[0m=[35m3506[0m [36mhas_next_page[0m=[35mFalse[0m [36mrecords_in_response[0m=[35m0[0m [36mworker_id[0m=[35mworker_0[0m
2025-09-24 10:28:57,481 - workers.proxy_pool - INFO - execute:110 - [2m2025-09-24T04:58:57.481409Z[0m [[32m[1minfo     [0m] [1m✅ Worker completed command successfully[0m [[0m[1m[34mworkers.proxy_pool[0m][0m [36mcommand_id[0m=[35mOrders_page_next_1500[0m [36mentity[0m=[35mOrders[0m [36mexecution_time_seconds[0m=[35m0.44[0m [36mhas_next_page[0m=[35mFalse[0m [36mrecords_fetched[0m=[35m0[0m [36mworker_id[0m=[35mworker_0[0m
2025-09-24 10:28:57,482 - workers.proxy_pool - INFO - _worker_loop:460 - [2m2025-09-24T04:58:57.482425Z[0m [[32m[1minfo     [0m] [1m📋 Worker picked up command from queue[0m [[0m[1m[34mworkers.proxy_pool[0m][0m [36mcommand_id[0m=[35mOrder_Subtotals_page_next_1500[0m [36mentity[0m=[35mOrder_Subtotals[0m [36mqueue_size_after_pickup[0m=[35m8[0m [36mworker_id[0m=[35mworker_0[0m [36mworker_status[0m=[35mPROCESSING[0m
2025-09-24 10:28:57,483 - workers.proxy_pool - INFO - execute:59 - [2m2025-09-24T04:58:57.483038Z[0m [[32m[1minfo     [0m] [1m🚀 Worker starting command execution[0m [[0m[1m[34mworkers.proxy_pool[0m][0m [36mcommand_id[0m=[35mOrder_Subtotals_page_next_1500[0m [36mcommand_type[0m=[35mfetch_page[0m [36mentity[0m=[35mOrder_Subtotals[0m [36mpriority[0m=[35m1[0m [36mretry_count[0m=[35m0[0m [36mskip[0m=[35m1500[0m [36mtop[0m=[35m1500[0m [36mworker_id[0m=[35mworker_0[0m
2025-09-24 10:28:57,483 - workers.proxy_pool - INFO - execute:82 - [2m2025-09-24T04:58:57.483656Z[0m [[32m[1minfo     [0m] [1m🔄 Worker executing request with resilience patterns[0m [[0m[1m[34mworkers.proxy_pool[0m][0m [36mcircuit_breaker_state[0m=[35mclosed[0m [36mcommand_id[0m=[35mOrder_Subtotals_page_next_1500[0m [36mworker_id[0m=[35mworker_0[0m
2025-09-24 10:28:57,484 - planning.record_tracker - INFO - calculate_optimal_batch_size:206 - [2m2025-09-24T04:58:57.484292Z[0m [[32m[1minfo     [0m] [1mAdjusted batch size to prevent overfetching[0m [[0m[1m[34mplanning.record_tracker[0m][0m [36mdefault_size[0m=[35m1500[0m [36mentity[0m=[35mOrder_Subtotals[0m [36moptimal_size[0m=[35m730[0m [36mremaining_records[0m=[35m730[0m
2025-09-24 10:28:57,484 - workers.proxy_pool - INFO - _make_http_request:177 - [2m2025-09-24T04:58:57.484845Z[0m [[32m[1minfo     [0m] [1m📏 Adjusted batch size for optimal fetching[0m [[0m[1m[34mworkers.proxy_pool[0m][0m [36mcommand_id[0m=[35mOrder_Subtotals_page_next_1500[0m [36mentity[0m=[35mOrder_Subtotals[0m [36moptimal_top[0m=[35m730[0m [36moriginal_top[0m=[35m1500[0m [36mworker_id[0m=[35mworker_0[0m
2025-09-24 10:28:57,485 - storage.transformer - INFO - transform_odata_response:62 - [2m2025-09-24T04:58:57.485478Z[0m [[32m[1minfo     [0m] [1mStarting transformation       [0m [[0m[1m[34mstorage.transformer[0m][0m [36mentity_name[0m=[35mOrders[0m [36mresponse_keys[0m=[35m['@odata.context', 'value'][0m
2025-09-24 10:28:57,486 - storage.transformer - INFO - transform_odata_response:101 - [2m2025-09-24T04:58:57.486041Z[0m [[32m[1minfo     [0m] [1mTransformation completed      [0m [[0m[1m[34mstorage.transformer[0m][0m [36mentity_name[0m=[35mOrders[0m [36minput_records[0m=[35m0[0m [36moutput_records[0m=[35m0[0m [36mtransformation_time_seconds[0m=[35m0.0[0m
2025-09-24 10:28:57,486 - httpcore.http11 - DEBUG - atrace:87 - send_request_headers.started request=<Request [b'GET']>
2025-09-24 10:28:57,487 - httpcore.http11 - DEBUG - atrace:87 - send_request_headers.complete
2025-09-24 10:28:57,487 - httpcore.http11 - DEBUG - atrace:87 - send_request_body.started request=<Request [b'GET']>
2025-09-24 10:28:57,487 - httpcore.http11 - DEBUG - atrace:87 - send_request_body.complete
2025-09-24 10:28:57,487 - httpcore.http11 - DEBUG - atrace:87 - receive_response_headers.started request=<Request [b'GET']>
2025-09-24 10:28:57,507 - httpcore.http11 - DEBUG - atrace:87 - receive_response_headers.complete return_value=(b'HTTP/1.1', 200, b'OK', [(b'Content-Length', b'205'), (b'Content-Type', b'application/json;odata.metadata=minimal;odata.streaming=true;IEEE754Compatible=false;charset=utf-8'), (b'Date', b'Wed, 24 Sep 2025 04:58:57 GMT'), (b'Server', b'Microsoft-IIS/10.0'), (b'Access-Control-Allow-Headers', b'Accept, Origin, Content-Type, MaxDataServiceVersion'), (b'Access-Control-Allow-Methods', b'GET'), (b'Access-Control-Allow-Origin', b'*'), (b'Access-Control-Expose-Headers', b'DataServiceVersion'), (b'Cache-Control', b'private'), (b'Content-Encoding', b'gzip'), (b'Expires', b'Wed, 24 Sep 2025 04:59:24 GMT'), (b'Vary', b'*'), (b'X-Content-Type-Options', b'nosniff'), (b'OData-Version', b'4.0;'), (b'X-AspNet-Version', b'4.0.30319'), (b'X-Powered-By', b'ASP.NET')])
2025-09-24 10:28:57,507 - httpx - INFO - _send_single_request:1740 - HTTP Request: GET https://services.odata.org/V4/Northwind/Northwind.svc/Customers?%24skip=1500&%24top=71 "HTTP/1.1 200 OK"
2025-09-24 10:28:57,508 - httpcore.http11 - DEBUG - atrace:87 - receive_response_body.started request=<Request [b'GET']>
2025-09-24 10:28:57,509 - httpcore.http11 - DEBUG - atrace:87 - receive_response_body.complete
2025-09-24 10:28:57,509 - httpcore.http11 - DEBUG - atrace:87 - response_closed.started
2025-09-24 10:28:57,509 - httpcore.http11 - DEBUG - atrace:87 - response_closed.complete
2025-09-24 10:28:57,509 - workers.proxy_pool - INFO - _make_http_request:250 - [2m2025-09-24T04:58:57.509148Z[0m [[32m[1minfo     [0m] [1m📊 Worker successfully fetched data[0m [[0m[1m[34mworkers.proxy_pool[0m][0m [36mactual_records_added[0m=[35m0[0m [36mcommand_id[0m=[35mCustomers_page_next_1500[0m [36mentity[0m=[35mCustomers[0m [36mentity_total_fetched[0m=[35m20[0m [36mglobal_total_fetched[0m=[35m3506[0m [36mhas_next_page[0m=[35mFalse[0m [36mrecords_in_response[0m=[35m0[0m [36mworker_id[0m=[35mworker_2[0m
2025-09-24 10:28:57,510 - workers.proxy_pool - INFO - execute:110 - [2m2025-09-24T04:58:57.510157Z[0m [[32m[1minfo     [0m] [1m✅ Worker completed command successfully[0m [[0m[1m[34mworkers.proxy_pool[0m][0m [36mcommand_id[0m=[35mCustomers_page_next_1500[0m [36mentity[0m=[35mCustomers[0m [36mexecution_time_seconds[0m=[35m0.38[0m [36mhas_next_page[0m=[35mFalse[0m [36mrecords_fetched[0m=[35m0[0m [36mworker_id[0m=[35mworker_2[0m
2025-09-24 10:28:57,510 - workers.proxy_pool - INFO - _worker_loop:460 - [2m2025-09-24T04:58:57.510691Z[0m [[32m[1minfo     [0m] [1m📋 Worker picked up command from queue[0m [[0m[1m[34mworkers.proxy_pool[0m][0m [36mcommand_id[0m=[35mInvoices_page_next_3000[0m [36mentity[0m=[35mInvoices[0m [36mqueue_size_after_pickup[0m=[35m7[0m [36mworker_id[0m=[35mworker_2[0m [36mworker_status[0m=[35mPROCESSING[0m
2025-09-24 10:28:57,511 - workers.proxy_pool - INFO - execute:59 - [2m2025-09-24T04:58:57.511224Z[0m [[32m[1minfo     [0m] [1m🚀 Worker starting command execution[0m [[0m[1m[34mworkers.proxy_pool[0m][0m [36mcommand_id[0m=[35mInvoices_page_next_3000[0m [36mcommand_type[0m=[35mfetch_page[0m [36mentity[0m=[35mInvoices[0m [36mpriority[0m=[35m1[0m [36mretry_count[0m=[35m0[0m [36mskip[0m=[35m3000[0m [36mtop[0m=[35m1500[0m [36mworker_id[0m=[35mworker_2[0m
2025-09-24 10:28:57,511 - workers.proxy_pool - INFO - execute:82 - [2m2025-09-24T04:58:57.511840Z[0m [[32m[1minfo     [0m] [1m🔄 Worker executing request with resilience patterns[0m [[0m[1m[34mworkers.proxy_pool[0m][0m [36mcircuit_breaker_state[0m=[35mclosed[0m [36mcommand_id[0m=[35mInvoices_page_next_3000[0m [36mworker_id[0m=[35mworker_2[0m
2025-09-24 10:28:57,512 - planning.record_tracker - INFO - calculate_optimal_batch_size:206 - [2m2025-09-24T04:58:57.512352Z[0m [[32m[1minfo     [0m] [1mAdjusted batch size to prevent overfetching[0m [[0m[1m[34mplanning.record_tracker[0m][0m [36mdefault_size[0m=[35m1500[0m [36mentity[0m=[35mInvoices[0m [36moptimal_size[0m=[35m1155[0m [36mremaining_records[0m=[35m1155[0m
2025-09-24 10:28:57,512 - workers.proxy_pool - INFO - _make_http_request:177 - [2m2025-09-24T04:58:57.512944Z[0m [[32m[1minfo     [0m] [1m📏 Adjusted batch size for optimal fetching[0m [[0m[1m[34mworkers.proxy_pool[0m][0m [36mcommand_id[0m=[35mInvoices_page_next_3000[0m [36mentity[0m=[35mInvoices[0m [36moptimal_top[0m=[35m1155[0m [36moriginal_top[0m=[35m1500[0m [36mworker_id[0m=[35mworker_2[0m
2025-09-24 10:28:57,515 - storage.transformer - INFO - transform_odata_response:62 - [2m2025-09-24T04:58:57.515523Z[0m [[32m[1minfo     [0m] [1mStarting transformation       [0m [[0m[1m[34mstorage.transformer[0m][0m [36mentity_name[0m=[35mCustomers[0m [36mresponse_keys[0m=[35m['@odata.context', 'value'][0m
2025-09-24 10:28:57,516 - storage.transformer - INFO - transform_odata_response:101 - [2m2025-09-24T04:58:57.516044Z[0m [[32m[1minfo     [0m] [1mTransformation completed      [0m [[0m[1m[34mstorage.transformer[0m][0m [36mentity_name[0m=[35mCustomers[0m [36minput_records[0m=[35m0[0m [36moutput_records[0m=[35m0[0m [36mtransformation_time_seconds[0m=[35m0.0[0m
2025-09-24 10:28:57,516 - httpcore.http11 - DEBUG - atrace:87 - send_request_headers.started request=<Request [b'GET']>
2025-09-24 10:28:57,517 - httpcore.http11 - DEBUG - atrace:87 - send_request_headers.complete
2025-09-24 10:28:57,517 - httpcore.http11 - DEBUG - atrace:87 - send_request_body.started request=<Request [b'GET']>
2025-09-24 10:28:57,517 - httpcore.http11 - DEBUG - atrace:87 - send_request_body.complete
2025-09-24 10:28:57,517 - httpcore.http11 - DEBUG - atrace:87 - receive_response_headers.started request=<Request [b'GET']>
2025-09-24 10:28:57,916 - httpcore.http11 - DEBUG - atrace:87 - receive_response_headers.complete return_value=(b'HTTP/1.1', 200, b'OK', [(b'Content-Length', b'37482'), (b'Content-Type', b'application/json;odata.metadata=minimal;odata.streaming=true;IEEE754Compatible=false;charset=utf-8'), (b'Date', b'Wed, 24 Sep 2025 04:58:57 GMT'), (b'Server', b'Microsoft-IIS/10.0'), (b'Access-Control-Allow-Headers', b'Accept, Origin, Content-Type, MaxDataServiceVersion'), (b'Access-Control-Allow-Methods', b'GET'), (b'Access-Control-Allow-Origin', b'*'), (b'Access-Control-Expose-Headers', b'DataServiceVersion'), (b'Cache-Control', b'private'), (b'Content-Encoding', b'gzip'), (b'Expires', b'Wed, 24 Sep 2025 04:59:23 GMT'), (b'Vary', b'*'), (b'X-Content-Type-Options', b'nosniff'), (b'OData-Version', b'4.0;'), (b'X-AspNet-Version', b'4.0.30319'), (b'X-Powered-By', b'ASP.NET')])
2025-09-24 10:28:57,916 - httpx - INFO - _send_single_request:1740 - HTTP Request: GET https://services.odata.org/V4/Northwind/Northwind.svc/Invoices?%24skip=1500&%24top=1155 "HTTP/1.1 200 OK"
2025-09-24 10:28:57,917 - httpcore.http11 - DEBUG - atrace:87 - receive_response_body.started request=<Request [b'GET']>
2025-09-24 10:28:57,919 - httpcore.http11 - DEBUG - atrace:87 - receive_response_headers.complete return_value=(b'HTTP/1.1', 200, b'OK', [(b'Content-Length', b'212'), (b'Content-Type', b'application/json;odata.metadata=minimal;odata.streaming=true;IEEE754Compatible=false;charset=utf-8'), (b'Date', b'Wed, 24 Sep 2025 04:58:57 GMT'), (b'Server', b'Microsoft-IIS/10.0'), (b'Access-Control-Allow-Headers', b'Accept, Origin, Content-Type, MaxDataServiceVersion'), (b'Access-Control-Allow-Methods', b'GET'), (b'Access-Control-Allow-Origin', b'*'), (b'Access-Control-Expose-Headers', b'DataServiceVersion'), (b'Cache-Control', b'private'), (b'Content-Encoding', b'gzip'), (b'Expires', b'Wed, 24 Sep 2025 04:59:24 GMT'), (b'Vary', b'*'), (b'X-Content-Type-Options', b'nosniff'), (b'OData-Version', b'4.0;'), (b'X-AspNet-Version', b'4.0.30319'), (b'X-Powered-By', b'ASP.NET')])
2025-09-24 10:28:57,919 - httpx - INFO - _send_single_request:1740 - HTTP Request: GET https://services.odata.org/V4/Northwind/Northwind.svc/Order_Subtotals?%24skip=1500&%24top=730 "HTTP/1.1 200 OK"
2025-09-24 10:28:57,919 - httpcore.http11 - DEBUG - atrace:87 - receive_response_body.started request=<Request [b'GET']>
2025-09-24 10:28:57,919 - httpcore.http11 - DEBUG - atrace:87 - receive_response_body.complete
2025-09-24 10:28:57,919 - httpcore.http11 - DEBUG - atrace:87 - response_closed.started
2025-09-24 10:28:57,919 - httpcore.http11 - DEBUG - atrace:87 - response_closed.complete
2025-09-24 10:28:57,919 - workers.proxy_pool - INFO - _make_http_request:250 - [2m2025-09-24T04:58:57.919914Z[0m [[32m[1minfo     [0m] [1m📊 Worker successfully fetched data[0m [[0m[1m[34mworkers.proxy_pool[0m][0m [36mactual_records_added[0m=[35m0[0m [36mcommand_id[0m=[35mOrder_Subtotals_page_next_1500[0m [36mentity[0m=[35mOrder_Subtotals[0m [36mentity_total_fetched[0m=[35m100[0m [36mglobal_total_fetched[0m=[35m3506[0m [36mhas_next_page[0m=[35mFalse[0m [36mrecords_in_response[0m=[35m0[0m [36mworker_id[0m=[35mworker_0[0m
2025-09-24 10:28:57,919 - workers.proxy_pool - INFO - execute:110 - [2m2025-09-24T04:58:57.919914Z[0m [[32m[1minfo     [0m] [1m✅ Worker completed command successfully[0m [[0m[1m[34mworkers.proxy_pool[0m][0m [36mcommand_id[0m=[35mOrder_Subtotals_page_next_1500[0m [36mentity[0m=[35mOrder_Subtotals[0m [36mexecution_time_seconds[0m=[35m0.44[0m [36mhas_next_page[0m=[35mFalse[0m [36mrecords_fetched[0m=[35m0[0m [36mworker_id[0m=[35mworker_0[0m
2025-09-24 10:28:57,919 - workers.proxy_pool - INFO - _worker_loop:460 - [2m2025-09-24T04:58:57.919914Z[0m [[32m[1minfo     [0m] [1m📋 Worker picked up command from queue[0m [[0m[1m[34mworkers.proxy_pool[0m][0m [36mcommand_id[0m=[35mOrder_Details_page_next_1500[0m [36mentity[0m=[35mOrder_Details[0m [36mqueue_size_after_pickup[0m=[35m6[0m [36mworker_id[0m=[35mworker_0[0m [36mworker_status[0m=[35mPROCESSING[0m
2025-09-24 10:28:57,919 - workers.proxy_pool - INFO - execute:59 - [2m2025-09-24T04:58:57.919914Z[0m [[32m[1minfo     [0m] [1m🚀 Worker starting command execution[0m [[0m[1m[34mworkers.proxy_pool[0m][0m [36mcommand_id[0m=[35mOrder_Details_page_next_1500[0m [36mcommand_type[0m=[35mfetch_page[0m [36mentity[0m=[35mOrder_Details[0m [36mpriority[0m=[35m1[0m [36mretry_count[0m=[35m0[0m [36mskip[0m=[35m1500[0m [36mtop[0m=[35m1500[0m [36mworker_id[0m=[35mworker_0[0m
2025-09-24 10:28:57,919 - workers.proxy_pool - INFO - execute:82 - [2m2025-09-24T04:58:57.919914Z[0m [[32m[1minfo     [0m] [1m🔄 Worker executing request with resilience patterns[0m [[0m[1m[34mworkers.proxy_pool[0m][0m [36mcircuit_breaker_state[0m=[35mclosed[0m [36mcommand_id[0m=[35mOrder_Details_page_next_1500[0m [36mworker_id[0m=[35mworker_0[0m
2025-09-24 10:28:57,919 - planning.record_tracker - INFO - calculate_optimal_batch_size:206 - [2m2025-09-24T04:58:57.919914Z[0m [[32m[1minfo     [0m] [1mAdjusted batch size to prevent overfetching[0m [[0m[1m[34mplanning.record_tracker[0m][0m [36mdefault_size[0m=[35m1500[0m [36mentity[0m=[35mOrder_Details[0m [36moptimal_size[0m=[35m1155[0m [36mremaining_records[0m=[35m1155[0m
2025-09-24 10:28:57,919 - workers.proxy_pool - INFO - _make_http_request:177 - [2m2025-09-24T04:58:57.919914Z[0m [[32m[1minfo     [0m] [1m📏 Adjusted batch size for optimal fetching[0m [[0m[1m[34mworkers.proxy_pool[0m][0m [36mcommand_id[0m=[35mOrder_Details_page_next_1500[0m [36mentity[0m=[35mOrder_Details[0m [36moptimal_top[0m=[35m1155[0m [36moriginal_top[0m=[35m1500[0m [36mworker_id[0m=[35mworker_0[0m
2025-09-24 10:28:57,919 - storage.transformer - INFO - transform_odata_response:62 - [2m2025-09-24T04:58:57.919914Z[0m [[32m[1minfo     [0m] [1mStarting transformation       [0m [[0m[1m[34mstorage.transformer[0m][0m [36mentity_name[0m=[35mOrder_Subtotals[0m [36mresponse_keys[0m=[35m['@odata.context', 'value'][0m
2025-09-24 10:28:57,919 - storage.transformer - INFO - transform_odata_response:101 - [2m2025-09-24T04:58:57.919914Z[0m [[32m[1minfo     [0m] [1mTransformation completed      [0m [[0m[1m[34mstorage.transformer[0m][0m [36mentity_name[0m=[35mOrder_Subtotals[0m [36minput_records[0m=[35m0[0m [36moutput_records[0m=[35m0[0m [36mtransformation_time_seconds[0m=[35m0.0[0m
2025-09-24 10:28:57,919 - httpcore.http11 - DEBUG - atrace:87 - send_request_headers.started request=<Request [b'GET']>
2025-09-24 10:28:57,919 - httpcore.http11 - DEBUG - atrace:87 - send_request_headers.complete
2025-09-24 10:28:57,919 - httpcore.http11 - DEBUG - atrace:87 - send_request_body.started request=<Request [b'GET']>
2025-09-24 10:28:57,919 - httpcore.http11 - DEBUG - atrace:87 - send_request_body.complete
2025-09-24 10:28:57,919 - httpcore.http11 - DEBUG - atrace:87 - receive_response_headers.started request=<Request [b'GET']>
2025-09-24 10:28:58,042 - httpcore.http11 - DEBUG - atrace:87 - receive_response_headers.complete return_value=(b'HTTP/1.1', 200, b'OK', [(b'Content-Length', b'203'), (b'Content-Type', b'application/json;odata.metadata=minimal;odata.streaming=true;IEEE754Compatible=false;charset=utf-8'), (b'Date', b'Wed, 24 Sep 2025 04:58:57 GMT'), (b'Server', b'Microsoft-IIS/10.0'), (b'Access-Control-Allow-Headers', b'Accept, Origin, Content-Type, MaxDataServiceVersion'), (b'Access-Control-Allow-Methods', b'GET'), (b'Access-Control-Allow-Origin', b'*'), (b'Access-Control-Expose-Headers', b'DataServiceVersion'), (b'Cache-Control', b'private'), (b'Content-Encoding', b'gzip'), (b'Expires', b'Wed, 24 Sep 2025 04:59:23 GMT'), (b'Vary', b'*'), (b'X-Content-Type-Options', b'nosniff'), (b'OData-Version', b'4.0;'), (b'X-AspNet-Version', b'4.0.30319'), (b'X-Powered-By', b'ASP.NET')])
2025-09-24 10:28:58,042 - httpx - INFO - _send_single_request:1740 - HTTP Request: GET https://services.odata.org/V4/Northwind/Northwind.svc/Invoices?%24skip=3000&%24top=1155 "HTTP/1.1 200 OK"
2025-09-24 10:28:58,042 - httpcore.http11 - DEBUG - atrace:87 - receive_response_body.started request=<Request [b'GET']>
2025-09-24 10:28:58,042 - httpcore.http11 - DEBUG - atrace:87 - receive_response_body.complete
2025-09-24 10:28:58,042 - httpcore.http11 - DEBUG - atrace:87 - response_closed.started
2025-09-24 10:28:58,042 - httpcore.http11 - DEBUG - atrace:87 - response_closed.complete
2025-09-24 10:28:58,042 - workers.proxy_pool - INFO - _make_http_request:250 - [2m2025-09-24T04:58:58.042365Z[0m [[32m[1minfo     [0m] [1m📊 Worker successfully fetched data[0m [[0m[1m[34mworkers.proxy_pool[0m][0m [36mactual_records_added[0m=[35m0[0m [36mcommand_id[0m=[35mInvoices_page_next_3000[0m [36mentity[0m=[35mInvoices[0m [36mentity_total_fetched[0m=[35m1000[0m [36mglobal_total_fetched[0m=[35m3506[0m [36mhas_next_page[0m=[35mFalse[0m [36mrecords_in_response[0m=[35m0[0m [36mworker_id[0m=[35mworker_2[0m
2025-09-24 10:28:58,044 - workers.proxy_pool - INFO - execute:110 - [2m2025-09-24T04:58:58.044371Z[0m [[32m[1minfo     [0m] [1m✅ Worker completed command successfully[0m [[0m[1m[34mworkers.proxy_pool[0m][0m [36mcommand_id[0m=[35mInvoices_page_next_3000[0m [36mentity[0m=[35mInvoices[0m [36mexecution_time_seconds[0m=[35m0.53[0m [36mhas_next_page[0m=[35mFalse[0m [36mrecords_fetched[0m=[35m0[0m [36mworker_id[0m=[35mworker_2[0m
2025-09-24 10:28:58,044 - workers.proxy_pool - INFO - _worker_loop:460 - [2m2025-09-24T04:58:58.044371Z[0m [[32m[1minfo     [0m] [1m📋 Worker picked up command from queue[0m [[0m[1m[34mworkers.proxy_pool[0m][0m [36mcommand_id[0m=[35mOrder_Details_page_next_3000[0m [36mentity[0m=[35mOrder_Details[0m [36mqueue_size_after_pickup[0m=[35m5[0m [36mworker_id[0m=[35mworker_2[0m [36mworker_status[0m=[35mPROCESSING[0m
2025-09-24 10:28:58,044 - workers.proxy_pool - INFO - execute:59 - [2m2025-09-24T04:58:58.044371Z[0m [[32m[1minfo     [0m] [1m🚀 Worker starting command execution[0m [[0m[1m[34mworkers.proxy_pool[0m][0m [36mcommand_id[0m=[35mOrder_Details_page_next_3000[0m [36mcommand_type[0m=[35mfetch_page[0m [36mentity[0m=[35mOrder_Details[0m [36mpriority[0m=[35m1[0m [36mretry_count[0m=[35m0[0m [36mskip[0m=[35m3000[0m [36mtop[0m=[35m1500[0m [36mworker_id[0m=[35mworker_2[0m
2025-09-24 10:28:58,044 - workers.proxy_pool - INFO - execute:82 - [2m2025-09-24T04:58:58.044371Z[0m [[32m[1minfo     [0m] [1m🔄 Worker executing request with resilience patterns[0m [[0m[1m[34mworkers.proxy_pool[0m][0m [36mcircuit_breaker_state[0m=[35mclosed[0m [36mcommand_id[0m=[35mOrder_Details_page_next_3000[0m [36mworker_id[0m=[35mworker_2[0m
2025-09-24 10:28:58,044 - planning.record_tracker - INFO - calculate_optimal_batch_size:206 - [2m2025-09-24T04:58:58.044371Z[0m [[32m[1minfo     [0m] [1mAdjusted batch size to prevent overfetching[0m [[0m[1m[34mplanning.record_tracker[0m][0m [36mdefault_size[0m=[35m1500[0m [36mentity[0m=[35mOrder_Details[0m [36moptimal_size[0m=[35m1155[0m [36mremaining_records[0m=[35m1155[0m
2025-09-24 10:28:58,044 - workers.proxy_pool - INFO - _make_http_request:177 - [2m2025-09-24T04:58:58.044371Z[0m [[32m[1minfo     [0m] [1m📏 Adjusted batch size for optimal fetching[0m [[0m[1m[34mworkers.proxy_pool[0m][0m [36mcommand_id[0m=[35mOrder_Details_page_next_3000[0m [36mentity[0m=[35mOrder_Details[0m [36moptimal_top[0m=[35m1155[0m [36moriginal_top[0m=[35m1500[0m [36mworker_id[0m=[35mworker_2[0m
2025-09-24 10:28:58,047 - storage.transformer - INFO - transform_odata_response:62 - [2m2025-09-24T04:58:58.047234Z[0m [[32m[1minfo     [0m] [1mStarting transformation       [0m [[0m[1m[34mstorage.transformer[0m][0m [36mentity_name[0m=[35mInvoices[0m [36mresponse_keys[0m=[35m['@odata.context', 'value'][0m
2025-09-24 10:28:58,047 - storage.transformer - INFO - transform_odata_response:101 - [2m2025-09-24T04:58:58.047873Z[0m [[32m[1minfo     [0m] [1mTransformation completed      [0m [[0m[1m[34mstorage.transformer[0m][0m [36mentity_name[0m=[35mInvoices[0m [36minput_records[0m=[35m0[0m [36moutput_records[0m=[35m0[0m [36mtransformation_time_seconds[0m=[35m0.0[0m
2025-09-24 10:28:58,048 - httpcore.http11 - DEBUG - atrace:87 - send_request_headers.started request=<Request [b'GET']>
2025-09-24 10:28:58,049 - httpcore.http11 - DEBUG - atrace:87 - send_request_headers.complete
2025-09-24 10:28:58,049 - httpcore.http11 - DEBUG - atrace:87 - send_request_body.started request=<Request [b'GET']>
2025-09-24 10:28:58,049 - httpcore.http11 - DEBUG - atrace:87 - send_request_body.complete
2025-09-24 10:28:58,050 - httpcore.http11 - DEBUG - atrace:87 - receive_response_headers.started request=<Request [b'GET']>
2025-09-24 10:28:58,151 - httpcore.http11 - DEBUG - atrace:87 - receive_response_body.complete
2025-09-24 10:28:58,151 - httpcore.http11 - DEBUG - atrace:87 - response_closed.started
2025-09-24 10:28:58,151 - httpcore.http11 - DEBUG - atrace:87 - response_closed.complete
2025-09-24 10:28:58,153 - planning.record_tracker - WARNING - add_page_records:27 - [2m2025-09-24T04:58:58.153372Z[0m [[33m[1mwarning  [0m] [1mPage already completed        [0m [[0m[1m[34mplanning.record_tracker[0m][0m [36mentity[0m=[35mInvoices[0m [36mpage[0m=[35m2[0m
2025-09-24 10:28:58,154 - workers.proxy_pool - INFO - _make_http_request:250 - [2m2025-09-24T04:58:58.153372Z[0m [[32m[1minfo     [0m] [1m📊 Worker successfully fetched data[0m [[0m[1m[34mworkers.proxy_pool[0m][0m [36mactual_records_added[0m=[35m500[0m [36mcommand_id[0m=[35mInvoices_page_next_1500[0m [36mentity[0m=[35mInvoices[0m [36mentity_total_fetched[0m=[35m1000[0m [36mglobal_total_fetched[0m=[35m4006[0m [36mhas_next_page[0m=[35mTrue[0m [36mrecords_in_response[0m=[35m500[0m [36mworker_id[0m=[35mworker_1[0m
2025-09-24 10:28:58,154 - workers.proxy_pool - INFO - execute:110 - [2m2025-09-24T04:58:58.154224Z[0m [[32m[1minfo     [0m] [1m✅ Worker completed command successfully[0m [[0m[1m[34mworkers.proxy_pool[0m][0m [36mcommand_id[0m=[35mInvoices_page_next_1500[0m [36mentity[0m=[35mInvoices[0m [36mexecution_time_seconds[0m=[35m0.69[0m [36mhas_next_page[0m=[35mTrue[0m [36mrecords_fetched[0m=[35m500[0m [36mworker_id[0m=[35mworker_1[0m
2025-09-24 10:28:58,154 - workers.proxy_pool - INFO - _worker_loop:460 - [2m2025-09-24T04:58:58.154224Z[0m [[32m[1minfo     [0m] [1m📋 Worker picked up command from queue[0m [[0m[1m[34mworkers.proxy_pool[0m][0m [36mcommand_id[0m=[35mOrder_Details_Extendeds_page_next_1500[0m [36mentity[0m=[35mOrder_Details_Extendeds[0m [36mqueue_size_after_pickup[0m=[35m4[0m [36mworker_id[0m=[35mworker_1[0m [36mworker_status[0m=[35mPROCESSING[0m
2025-09-24 10:28:58,154 - workers.proxy_pool - INFO - execute:59 - [2m2025-09-24T04:58:58.154224Z[0m [[32m[1minfo     [0m] [1m🚀 Worker starting command execution[0m [[0m[1m[34mworkers.proxy_pool[0m][0m [36mcommand_id[0m=[35mOrder_Details_Extendeds_page_next_1500[0m [36mcommand_type[0m=[35mfetch_page[0m [36mentity[0m=[35mOrder_Details_Extendeds[0m [36mpriority[0m=[35m1[0m [36mretry_count[0m=[35m0[0m [36mskip[0m=[35m1500[0m [36mtop[0m=[35m1500[0m [36mworker_id[0m=[35mworker_1[0m
2025-09-24 10:28:58,154 - workers.proxy_pool - INFO - execute:82 - [2m2025-09-24T04:58:58.154224Z[0m [[32m[1minfo     [0m] [1m🔄 Worker executing request with resilience patterns[0m [[0m[1m[34mworkers.proxy_pool[0m][0m [36mcircuit_breaker_state[0m=[35mclosed[0m [36mcommand_id[0m=[35mOrder_Details_Extendeds_page_next_1500[0m [36mworker_id[0m=[35mworker_1[0m
2025-09-24 10:28:58,154 - storage.transformer - INFO - transform_odata_response:62 - [2m2025-09-24T04:58:58.154224Z[0m [[32m[1minfo     [0m] [1mStarting transformation       [0m [[0m[1m[34mstorage.transformer[0m][0m [36mentity_name[0m=[35mInvoices[0m [36mresponse_keys[0m=[35m['@odata.context', 'value', '@odata.nextLink'][0m
2025-09-24 10:28:58,165 - storage.transformer - INFO - transform_odata_response:101 - [2m2025-09-24T04:58:58.165128Z[0m [[32m[1minfo     [0m] [1mTransformation completed      [0m [[0m[1m[34mstorage.transformer[0m][0m [36mentity_name[0m=[35mInvoices[0m [36minput_records[0m=[35m500[0m [36moutput_records[0m=[35m500[0m [36mtransformation_time_seconds[0m=[35m0.015[0m
2025-09-24 10:28:58,166 - storage.local_storage - INFO - store_processed_records:145 - [2m2025-09-24T04:58:58.165128Z[0m [[32m[1minfo     [0m] [1mStoring processed records     [0m [[0m[1m[34mstorage.local_storage[0m][0m [36mentity_name[0m=[35mInvoices[0m [36mformat[0m=[35mjson[0m [36mrecord_count[0m=[35m500[0m
2025-09-24 10:28:58,168 - storage.local_storage - INFO - store_processed_records:160 - [2m2025-09-24T04:58:58.168366Z[0m [[32m[1minfo     [0m] [1mSuccessfully stored processed records[0m [[0m[1m[34mstorage.local_storage[0m][0m [36mentity_name[0m=[35mInvoices[0m [36mfile_path[0m=[35m./test_output/processed\Invoices_20250924_045858.json[0m [36mrecord_count[0m=[35m500[0m [36mstorage_time_seconds[0m=[35m0.0[0m
2025-09-24 10:28:58,172 - storage.local_storage - INFO - store_raw_response:89 - [2m2025-09-24T04:58:58.172337Z[0m [[32m[1minfo     [0m] [1mSuccessfully stored raw data  [0m [[0m[1m[34mstorage.local_storage[0m][0m [36mentity_name[0m=[35mInvoices[0m [36mfile_path[0m=[35m./test_output/raw\Invoices\2025/09/24\04\Invoices_page_next_1500.json[0m [36msize_bytes[0m=[35m453362[0m [36mstorage_time_seconds[0m=[35m0.0[0m
2025-09-24 10:28:58,173 - httpcore.http11 - DEBUG - atrace:87 - send_request_headers.started request=<Request [b'GET']>
2025-09-24 10:28:58,173 - httpcore.http11 - DEBUG - atrace:87 - send_request_headers.complete
2025-09-24 10:28:58,173 - httpcore.http11 - DEBUG - atrace:87 - send_request_body.started request=<Request [b'GET']>
2025-09-24 10:28:58,173 - httpcore.http11 - DEBUG - atrace:87 - send_request_body.complete
2025-09-24 10:28:58,173 - httpcore.http11 - DEBUG - atrace:87 - receive_response_headers.started request=<Request [b'GET']>
2025-09-24 10:28:58,402 - httpcore.http11 - DEBUG - atrace:87 - receive_response_headers.complete return_value=(b'HTTP/1.1', 200, b'OK', [(b'Content-Length', b'6233'), (b'Content-Type', b'application/json;odata.metadata=minimal;odata.streaming=true;IEEE754Compatible=false;charset=utf-8'), (b'Date', b'Wed, 24 Sep 2025 04:58:58 GMT'), (b'Server', b'Microsoft-IIS/10.0'), (b'Access-Control-Allow-Headers', b'Accept, Origin, Content-Type, MaxDataServiceVersion'), (b'Access-Control-Allow-Methods', b'GET'), (b'Access-Control-Allow-Origin', b'*'), (b'Access-Control-Expose-Headers', b'DataServiceVersion'), (b'Cache-Control', b'private'), (b'Content-Encoding', b'gzip'), (b'Expires', b'Wed, 24 Sep 2025 04:59:24 GMT'), (b'Vary', b'*'), (b'X-Content-Type-Options', b'nosniff'), (b'OData-Version', b'4.0;'), (b'X-AspNet-Version', b'4.0.30319'), (b'X-Powered-By', b'ASP.NET')])
2025-09-24 10:28:58,402 - httpx - INFO - _send_single_request:1740 - HTTP Request: GET https://services.odata.org/V4/Northwind/Northwind.svc/Order_Details?%24skip=1500&%24top=1155 "HTTP/1.1 200 OK"
2025-09-24 10:28:58,409 - httpcore.http11 - DEBUG - atrace:87 - receive_response_body.started request=<Request [b'GET']>
2025-09-24 10:28:58,409 - httpcore.http11 - DEBUG - atrace:87 - receive_response_body.complete
2025-09-24 10:28:58,409 - httpcore.http11 - DEBUG - atrace:87 - response_closed.started
2025-09-24 10:28:58,409 - httpcore.http11 - DEBUG - atrace:87 - response_closed.complete
2025-09-24 10:28:58,409 - planning.record_tracker - WARNING - add_page_records:27 - [2m2025-09-24T04:58:58.409585Z[0m [[33m[1mwarning  [0m] [1mPage already completed        [0m [[0m[1m[34mplanning.record_tracker[0m][0m [36mentity[0m=[35mOrder_Details[0m [36mpage[0m=[35m2[0m
2025-09-24 10:28:58,409 - workers.proxy_pool - INFO - _make_http_request:250 - [2m2025-09-24T04:58:58.409585Z[0m [[32m[1minfo     [0m] [1m📊 Worker successfully fetched data[0m [[0m[1m[34mworkers.proxy_pool[0m][0m [36mactual_records_added[0m=[35m500[0m [36mcommand_id[0m=[35mOrder_Details_page_next_1500[0m [36mentity[0m=[35mOrder_Details[0m [36mentity_total_fetched[0m=[35m1000[0m [36mglobal_total_fetched[0m=[35m4506[0m [36mhas_next_page[0m=[35mTrue[0m [36mrecords_in_response[0m=[35m500[0m [36mworker_id[0m=[35mworker_0[0m
2025-09-24 10:28:58,409 - workers.proxy_pool - INFO - execute:110 - [2m2025-09-24T04:58:58.409585Z[0m [[32m[1minfo     [0m] [1m✅ Worker completed command successfully[0m [[0m[1m[34mworkers.proxy_pool[0m][0m [36mcommand_id[0m=[35mOrder_Details_page_next_1500[0m [36mentity[0m=[35mOrder_Details[0m [36mexecution_time_seconds[0m=[35m0.48[0m [36mhas_next_page[0m=[35mTrue[0m [36mrecords_fetched[0m=[35m500[0m [36mworker_id[0m=[35mworker_0[0m
2025-09-24 10:28:58,412 - workers.proxy_pool - INFO - _worker_loop:460 - [2m2025-09-24T04:58:58.412085Z[0m [[32m[1minfo     [0m] [1m📋 Worker picked up command from queue[0m [[0m[1m[34mworkers.proxy_pool[0m][0m [36mcommand_id[0m=[35mOrder_Details_Extendeds_page_next_3000[0m [36mentity[0m=[35mOrder_Details_Extendeds[0m [36mqueue_size_after_pickup[0m=[35m4[0m [36mworker_id[0m=[35mworker_0[0m [36mworker_status[0m=[35mPROCESSING[0m
2025-09-24 10:28:58,412 - workers.proxy_pool - INFO - execute:59 - [2m2025-09-24T04:58:58.412085Z[0m [[32m[1minfo     [0m] [1m🚀 Worker starting command execution[0m [[0m[1m[34mworkers.proxy_pool[0m][0m [36mcommand_id[0m=[35mOrder_Details_Extendeds_page_next_3000[0m [36mcommand_type[0m=[35mfetch_page[0m [36mentity[0m=[35mOrder_Details_Extendeds[0m [36mpriority[0m=[35m1[0m [36mretry_count[0m=[35m0[0m [36mskip[0m=[35m3000[0m [36mtop[0m=[35m1500[0m [36mworker_id[0m=[35mworker_0[0m
2025-09-24 10:28:58,412 - workers.proxy_pool - INFO - execute:82 - [2m2025-09-24T04:58:58.412085Z[0m [[32m[1minfo     [0m] [1m🔄 Worker executing request with resilience patterns[0m [[0m[1m[34mworkers.proxy_pool[0m][0m [36mcircuit_breaker_state[0m=[35mclosed[0m [36mcommand_id[0m=[35mOrder_Details_Extendeds_page_next_3000[0m [36mworker_id[0m=[35mworker_0[0m
2025-09-24 10:28:58,414 - storage.transformer - INFO - transform_odata_response:62 - [2m2025-09-24T04:58:58.414458Z[0m [[32m[1minfo     [0m] [1mStarting transformation       [0m [[0m[1m[34mstorage.transformer[0m][0m [36mentity_name[0m=[35mOrder_Details[0m [36mresponse_keys[0m=[35m['@odata.context', 'value', '@odata.nextLink'][0m
2025-09-24 10:28:58,416 - storage.transformer - INFO - transform_odata_response:101 - [2m2025-09-24T04:58:58.416206Z[0m [[32m[1minfo     [0m] [1mTransformation completed      [0m [[0m[1m[34mstorage.transformer[0m][0m [36mentity_name[0m=[35mOrder_Details[0m [36minput_records[0m=[35m500[0m [36moutput_records[0m=[35m500[0m [36mtransformation_time_seconds[0m=[35m0.0[0m
2025-09-24 10:28:58,416 - storage.local_storage - INFO - store_processed_records:145 - [2m2025-09-24T04:58:58.416206Z[0m [[32m[1minfo     [0m] [1mStoring processed records     [0m [[0m[1m[34mstorage.local_storage[0m][0m [36mentity_name[0m=[35mOrder_Details[0m [36mformat[0m=[35mjson[0m [36mrecord_count[0m=[35m500[0m
2025-09-24 10:28:58,416 - storage.local_storage - INFO - store_processed_records:160 - [2m2025-09-24T04:58:58.416206Z[0m [[32m[1minfo     [0m] [1mSuccessfully stored processed records[0m [[0m[1m[34mstorage.local_storage[0m][0m [36mentity_name[0m=[35mOrder_Details[0m [36mfile_path[0m=[35m./test_output/processed\Order_Details_20250924_045858.json[0m [36mrecord_count[0m=[35m500[0m [36mstorage_time_seconds[0m=[35m0.0[0m
2025-09-24 10:28:58,416 - storage.local_storage - INFO - store_raw_response:89 - [2m2025-09-24T04:58:58.416206Z[0m [[32m[1minfo     [0m] [1mSuccessfully stored raw data  [0m [[0m[1m[34mstorage.local_storage[0m][0m [36mentity_name[0m=[35mOrder_Details[0m [36mfile_path[0m=[35m./test_output/raw\Order_Details\2025/09/24\04\Order_Details_page_next_1500.json[0m [36msize_bytes[0m=[35m71197[0m [36mstorage_time_seconds[0m=[35m0.0[0m
2025-09-24 10:28:58,416 - httpcore.http11 - DEBUG - atrace:87 - send_request_headers.started request=<Request [b'GET']>
2025-09-24 10:28:58,416 - httpcore.http11 - DEBUG - atrace:87 - send_request_headers.complete
2025-09-24 10:28:58,416 - httpcore.http11 - DEBUG - atrace:87 - send_request_body.started request=<Request [b'GET']>
2025-09-24 10:28:58,416 - httpcore.http11 - DEBUG - atrace:87 - send_request_body.complete
2025-09-24 10:28:58,416 - httpcore.http11 - DEBUG - atrace:87 - receive_response_headers.started request=<Request [b'GET']>
2025-09-24 10:28:58,437 - httpcore.http11 - DEBUG - atrace:87 - receive_response_headers.complete return_value=(b'HTTP/1.1', 200, b'OK', [(b'Content-Length', b'209'), (b'Content-Type', b'application/json;odata.metadata=minimal;odata.streaming=true;IEEE754Compatible=false;charset=utf-8'), (b'Date', b'Wed, 24 Sep 2025 04:58:58 GMT'), (b'Server', b'Microsoft-IIS/10.0'), (b'Access-Control-Allow-Headers', b'Accept, Origin, Content-Type, MaxDataServiceVersion'), (b'Access-Control-Allow-Methods', b'GET'), (b'Access-Control-Allow-Origin', b'*'), (b'Access-Control-Expose-Headers', b'DataServiceVersion'), (b'Cache-Control', b'private'), (b'Content-Encoding', b'gzip'), (b'Expires', b'Wed, 24 Sep 2025 04:59:24 GMT'), (b'Vary', b'*'), (b'X-Content-Type-Options', b'nosniff'), (b'OData-Version', b'4.0;'), (b'X-AspNet-Version', b'4.0.30319'), (b'X-Powered-By', b'ASP.NET')])
2025-09-24 10:28:58,437 - httpx - INFO - _send_single_request:1740 - HTTP Request: GET https://services.odata.org/V4/Northwind/Northwind.svc/Order_Details?%24skip=3000&%24top=1155 "HTTP/1.1 200 OK"
2025-09-24 10:28:58,437 - httpcore.http11 - DEBUG - atrace:87 - receive_response_body.started request=<Request [b'GET']>
2025-09-24 10:28:58,437 - httpcore.http11 - DEBUG - atrace:87 - receive_response_body.complete
2025-09-24 10:28:58,437 - httpcore.http11 - DEBUG - atrace:87 - response_closed.started
2025-09-24 10:28:58,437 - httpcore.http11 - DEBUG - atrace:87 - response_closed.complete
2025-09-24 10:28:58,441 - workers.proxy_pool - INFO - _make_http_request:250 - [2m2025-09-24T04:58:58.441870Z[0m [[32m[1minfo     [0m] [1m📊 Worker successfully fetched data[0m [[0m[1m[34mworkers.proxy_pool[0m][0m [36mactual_records_added[0m=[35m0[0m [36mcommand_id[0m=[35mOrder_Details_page_next_3000[0m [36mentity[0m=[35mOrder_Details[0m [36mentity_total_fetched[0m=[35m1000[0m [36mglobal_total_fetched[0m=[35m4506[0m [36mhas_next_page[0m=[35mFalse[0m [36mrecords_in_response[0m=[35m0[0m [36mworker_id[0m=[35mworker_2[0m
2025-09-24 10:28:58,441 - workers.proxy_pool - INFO - execute:110 - [2m2025-09-24T04:58:58.441870Z[0m [[32m[1minfo     [0m] [1m✅ Worker completed command successfully[0m [[0m[1m[34mworkers.proxy_pool[0m][0m [36mcommand_id[0m=[35mOrder_Details_page_next_3000[0m [36mentity[0m=[35mOrder_Details[0m [36mexecution_time_seconds[0m=[35m0.39[0m [36mhas_next_page[0m=[35mFalse[0m [36mrecords_fetched[0m=[35m0[0m [36mworker_id[0m=[35mworker_2[0m
2025-09-24 10:28:58,441 - workers.proxy_pool - INFO - _worker_loop:460 - [2m2025-09-24T04:58:58.441870Z[0m [[32m[1minfo     [0m] [1m📋 Worker picked up command from queue[0m [[0m[1m[34mworkers.proxy_pool[0m][0m [36mcommand_id[0m=[35mCustomer_and_Suppliers_by_Cities_page_next_1500[0m [36mentity[0m=[35mCustomer_and_Suppliers_by_Cities[0m [36mqueue_size_after_pickup[0m=[35m4[0m [36mworker_id[0m=[35mworker_2[0m [36mworker_status[0m=[35mPROCESSING[0m
2025-09-24 10:28:58,441 - workers.proxy_pool - INFO - execute:59 - [2m2025-09-24T04:58:58.441870Z[0m [[32m[1minfo     [0m] [1m🚀 Worker starting command execution[0m [[0m[1m[34mworkers.proxy_pool[0m][0m [36mcommand_id[0m=[35mCustomer_and_Suppliers_by_Cities_page_next_1500[0m [36mcommand_type[0m=[35mfetch_page[0m [36mentity[0m=[35mCustomer_and_Suppliers_by_Cities[0m [36mpriority[0m=[35m1[0m [36mretry_count[0m=[35m0[0m [36mskip[0m=[35m1500[0m [36mtop[0m=[35m1500[0m [36mworker_id[0m=[35mworker_2[0m
2025-09-24 10:28:58,441 - workers.proxy_pool - INFO - execute:82 - [2m2025-09-24T04:58:58.441870Z[0m [[32m[1minfo     [0m] [1m🔄 Worker executing request with resilience patterns[0m [[0m[1m[34mworkers.proxy_pool[0m][0m [36mcircuit_breaker_state[0m=[35mclosed[0m [36mcommand_id[0m=[35mCustomer_and_Suppliers_by_Cities_page_next_1500[0m [36mworker_id[0m=[35mworker_2[0m
2025-09-24 10:28:58,441 - planning.record_tracker - INFO - calculate_optimal_batch_size:206 - [2m2025-09-24T04:58:58.441870Z[0m [[32m[1minfo     [0m] [1mAdjusted batch size to prevent overfetching[0m [[0m[1m[34mplanning.record_tracker[0m][0m [36mdefault_size[0m=[35m1500[0m [36mentity[0m=[35mCustomer_and_Suppliers_by_Cities[0m [36moptimal_size[0m=[35m20[0m [36mremaining_records[0m=[35m20[0m
2025-09-24 10:28:58,441 - workers.proxy_pool - INFO - _make_http_request:177 - [2m2025-09-24T04:58:58.441870Z[0m [[32m[1minfo     [0m] [1m📏 Adjusted batch size for optimal fetching[0m [[0m[1m[34mworkers.proxy_pool[0m][0m [36mcommand_id[0m=[35mCustomer_and_Suppliers_by_Cities_page_next_1500[0m [36mentity[0m=[35mCustomer_and_Suppliers_by_Cities[0m [36moptimal_top[0m=[35m20[0m [36moriginal_top[0m=[35m1500[0m [36mworker_id[0m=[35mworker_2[0m
2025-09-24 10:28:58,444 - storage.transformer - INFO - transform_odata_response:62 - [2m2025-09-24T04:58:58.444011Z[0m [[32m[1minfo     [0m] [1mStarting transformation       [0m [[0m[1m[34mstorage.transformer[0m][0m [36mentity_name[0m=[35mOrder_Details[0m [36mresponse_keys[0m=[35m['@odata.context', 'value'][0m
2025-09-24 10:28:58,444 - storage.transformer - INFO - transform_odata_response:101 - [2m2025-09-24T04:58:58.444011Z[0m [[32m[1minfo     [0m] [1mTransformation completed      [0m [[0m[1m[34mstorage.transformer[0m][0m [36mentity_name[0m=[35mOrder_Details[0m [36minput_records[0m=[35m0[0m [36moutput_records[0m=[35m0[0m [36mtransformation_time_seconds[0m=[35m0.0[0m
2025-09-24 10:28:58,444 - httpcore.http11 - DEBUG - atrace:87 - send_request_headers.started request=<Request [b'GET']>
2025-09-24 10:28:58,444 - httpcore.http11 - DEBUG - atrace:87 - send_request_headers.complete
2025-09-24 10:28:58,444 - httpcore.http11 - DEBUG - atrace:87 - send_request_body.started request=<Request [b'GET']>
2025-09-24 10:28:58,444 - httpcore.http11 - DEBUG - atrace:87 - send_request_body.complete
2025-09-24 10:28:58,444 - httpcore.http11 - DEBUG - atrace:87 - receive_response_headers.started request=<Request [b'GET']>
2025-09-24 10:28:58,522 - httpcore.http11 - DEBUG - atrace:87 - receive_response_headers.complete return_value=(b'HTTP/1.1', 200, b'OK', [(b'Content-Length', b'3390'), (b'Content-Type', b'application/json;odata.metadata=minimal;odata.streaming=true;IEEE754Compatible=false;charset=utf-8'), (b'Date', b'Wed, 24 Sep 2025 04:58:58 GMT'), (b'Server', b'Microsoft-IIS/10.0'), (b'Access-Control-Allow-Headers', b'Accept, Origin, Content-Type, MaxDataServiceVersion'), (b'Access-Control-Allow-Methods', b'GET'), (b'Access-Control-Allow-Origin', b'*'), (b'Access-Control-Expose-Headers', b'DataServiceVersion'), (b'Cache-Control', b'private'), (b'Content-Encoding', b'gzip'), (b'Expires', b'Wed, 24 Sep 2025 04:59:21 GMT'), (b'Vary', b'*'), (b'X-Content-Type-Options', b'nosniff'), (b'OData-Version', b'4.0;'), (b'X-AspNet-Version', b'4.0.30319'), (b'X-Powered-By', b'ASP.NET')])
2025-09-24 10:28:58,522 - httpx - INFO - _send_single_request:1740 - HTTP Request: GET https://services.odata.org/V4/Northwind/Northwind.svc/Order_Details_Extendeds?%24skip=1500&%24top=1500 "HTTP/1.1 200 OK"
2025-09-24 10:28:58,522 - httpcore.http11 - DEBUG - atrace:87 - receive_response_body.started request=<Request [b'GET']>
2025-09-24 10:28:58,522 - httpcore.http11 - DEBUG - atrace:87 - receive_response_body.complete
2025-09-24 10:28:58,522 - httpcore.http11 - DEBUG - atrace:87 - response_closed.started
2025-09-24 10:28:58,522 - httpcore.http11 - DEBUG - atrace:87 - response_closed.complete
2025-09-24 10:28:58,522 - planning.record_tracker - WARNING - add_page_records:27 - [2m2025-09-24T04:58:58.522940Z[0m [[33m[1mwarning  [0m] [1mPage already completed        [0m [[0m[1m[34mplanning.record_tracker[0m][0m [36mentity[0m=[35mOrder_Details_Extendeds[0m [36mpage[0m=[35m2[0m
2025-09-24 10:28:58,522 - workers.proxy_pool - INFO - _make_http_request:250 - [2m2025-09-24T04:58:58.522940Z[0m [[32m[1minfo     [0m] [1m📊 Worker successfully fetched data[0m [[0m[1m[34mworkers.proxy_pool[0m][0m [36mactual_records_added[0m=[35m100[0m [36mcommand_id[0m=[35mOrder_Details_Extendeds_page_next_1500[0m [36mentity[0m=[35mOrder_Details_Extendeds[0m [36mentity_total_fetched[0m=[35m200[0m [36mglobal_total_fetched[0m=[35m4606[0m [36mhas_next_page[0m=[35mTrue[0m [36mrecords_in_response[0m=[35m100[0m [36mworker_id[0m=[35mworker_1[0m
2025-09-24 10:28:58,522 - workers.proxy_pool - INFO - execute:110 - [2m2025-09-24T04:58:58.522940Z[0m [[32m[1minfo     [0m] [1m✅ Worker completed command successfully[0m [[0m[1m[34mworkers.proxy_pool[0m][0m [36mcommand_id[0m=[35mOrder_Details_Extendeds_page_next_1500[0m [36mentity[0m=[35mOrder_Details_Extendeds[0m [36mexecution_time_seconds[0m=[35m0.36[0m [36mhas_next_page[0m=[35mTrue[0m [36mrecords_fetched[0m=[35m100[0m [36mworker_id[0m=[35mworker_1[0m
2025-09-24 10:28:58,522 - workers.proxy_pool - INFO - _worker_loop:460 - [2m2025-09-24T04:58:58.522940Z[0m [[32m[1minfo     [0m] [1m📋 Worker picked up command from queue[0m [[0m[1m[34mworkers.proxy_pool[0m][0m [36mcommand_id[0m=[35mProducts_page_next_1500[0m [36mentity[0m=[35mProducts[0m [36mqueue_size_after_pickup[0m=[35m3[0m [36mworker_id[0m=[35mworker_1[0m [36mworker_status[0m=[35mPROCESSING[0m
2025-09-24 10:28:58,522 - workers.proxy_pool - INFO - execute:59 - [2m2025-09-24T04:58:58.522940Z[0m [[32m[1minfo     [0m] [1m🚀 Worker starting command execution[0m [[0m[1m[34mworkers.proxy_pool[0m][0m [36mcommand_id[0m=[35mProducts_page_next_1500[0m [36mcommand_type[0m=[35mfetch_page[0m [36mentity[0m=[35mProducts[0m [36mpriority[0m=[35m1[0m [36mretry_count[0m=[35m0[0m [36mskip[0m=[35m1500[0m [36mtop[0m=[35m1500[0m [36mworker_id[0m=[35mworker_1[0m
2025-09-24 10:28:58,522 - workers.proxy_pool - INFO - execute:82 - [2m2025-09-24T04:58:58.522940Z[0m [[32m[1minfo     [0m] [1m🔄 Worker executing request with resilience patterns[0m [[0m[1m[34mworkers.proxy_pool[0m][0m [36mcircuit_breaker_state[0m=[35mclosed[0m [36mcommand_id[0m=[35mProducts_page_next_1500[0m [36mworker_id[0m=[35mworker_1[0m
2025-09-24 10:28:58,522 - planning.record_tracker - INFO - calculate_optimal_batch_size:206 - [2m2025-09-24T04:58:58.522940Z[0m [[32m[1minfo     [0m] [1mAdjusted batch size to prevent overfetching[0m [[0m[1m[34mplanning.record_tracker[0m][0m [36mdefault_size[0m=[35m1500[0m [36mentity[0m=[35mProducts[0m [36moptimal_size[0m=[35m57[0m [36mremaining_records[0m=[35m57[0m
2025-09-24 10:28:58,522 - workers.proxy_pool - INFO - _make_http_request:177 - [2m2025-09-24T04:58:58.522940Z[0m [[32m[1minfo     [0m] [1m📏 Adjusted batch size for optimal fetching[0m [[0m[1m[34mworkers.proxy_pool[0m][0m [36mcommand_id[0m=[35mProducts_page_next_1500[0m [36mentity[0m=[35mProducts[0m [36moptimal_top[0m=[35m57[0m [36moriginal_top[0m=[35m1500[0m [36mworker_id[0m=[35mworker_1[0m
2025-09-24 10:28:58,532 - storage.transformer - INFO - transform_odata_response:62 - [2m2025-09-24T04:58:58.532654Z[0m [[32m[1minfo     [0m] [1mStarting transformation       [0m [[0m[1m[34mstorage.transformer[0m][0m [36mentity_name[0m=[35mOrder_Details_Extendeds[0m [36mresponse_keys[0m=[35m['@odata.context', 'value', '@odata.nextLink'][0m
2025-09-24 10:28:58,534 - storage.transformer - INFO - transform_odata_response:101 - [2m2025-09-24T04:58:58.533710Z[0m [[32m[1minfo     [0m] [1mTransformation completed      [0m [[0m[1m[34mstorage.transformer[0m][0m [36mentity_name[0m=[35mOrder_Details_Extendeds[0m [36minput_records[0m=[35m100[0m [36moutput_records[0m=[35m100[0m [36mtransformation_time_seconds[0m=[35m0.0[0m
2025-09-24 10:28:58,535 - storage.local_storage - INFO - store_processed_records:145 - [2m2025-09-24T04:58:58.535156Z[0m [[32m[1minfo     [0m] [1mStoring processed records     [0m [[0m[1m[34mstorage.local_storage[0m][0m [36mentity_name[0m=[35mOrder_Details_Extendeds[0m [36mformat[0m=[35mjson[0m [36mrecord_count[0m=[35m100[0m
2025-09-24 10:28:58,538 - storage.local_storage - INFO - store_processed_records:160 - [2m2025-09-24T04:58:58.538490Z[0m [[32m[1minfo     [0m] [1mSuccessfully stored processed records[0m [[0m[1m[34mstorage.local_storage[0m][0m [36mentity_name[0m=[35mOrder_Details_Extendeds[0m [36mfile_path[0m=[35m./test_output/processed\Order_Details_Extendeds_20250924_045858.json[0m [36mrecord_count[0m=[35m100[0m [36mstorage_time_seconds[0m=[35m0.0[0m
2025-09-24 10:28:58,540 - storage.local_storage - INFO - store_raw_response:89 - [2m2025-09-24T04:58:58.540886Z[0m [[32m[1minfo     [0m] [1mSuccessfully stored raw data  [0m [[0m[1m[34mstorage.local_storage[0m][0m [36mentity_name[0m=[35mOrder_Details_Extendeds[0m [36mfile_path[0m=[35m./test_output/raw\Order_Details_Extendeds\2025/09/24\04\Order_Details_Extendeds_page_next_1500.json[0m [36msize_bytes[0m=[35m22430[0m [36mstorage_time_seconds[0m=[35m0.0[0m
2025-09-24 10:28:58,541 - httpcore.http11 - DEBUG - atrace:87 - send_request_headers.started request=<Request [b'GET']>
2025-09-24 10:28:58,541 - httpcore.http11 - DEBUG - atrace:87 - send_request_headers.complete
2025-09-24 10:28:58,542 - httpcore.http11 - DEBUG - atrace:87 - send_request_body.started request=<Request [b'GET']>
2025-09-24 10:28:58,542 - httpcore.http11 - DEBUG - atrace:87 - send_request_body.complete
2025-09-24 10:28:58,542 - httpcore.http11 - DEBUG - atrace:87 - receive_response_headers.started request=<Request [b'GET']>
2025-09-24 10:28:58,804 - httpcore.http11 - DEBUG - atrace:87 - receive_response_headers.complete return_value=(b'HTTP/1.1', 200, b'OK', [(b'Content-Length', b'219'), (b'Content-Type', b'application/json;odata.metadata=minimal;odata.streaming=true;IEEE754Compatible=false;charset=utf-8'), (b'Date', b'Wed, 24 Sep 2025 04:58:58 GMT'), (b'Server', b'Microsoft-IIS/10.0'), (b'Access-Control-Allow-Headers', b'Accept, Origin, Content-Type, MaxDataServiceVersion'), (b'Access-Control-Allow-Methods', b'GET'), (b'Access-Control-Allow-Origin', b'*'), (b'Access-Control-Expose-Headers', b'DataServiceVersion'), (b'Cache-Control', b'private'), (b'Content-Encoding', b'gzip'), (b'Expires', b'Wed, 24 Sep 2025 04:59:24 GMT'), (b'Vary', b'*'), (b'X-Content-Type-Options', b'nosniff'), (b'OData-Version', b'4.0;'), (b'X-AspNet-Version', b'4.0.30319'), (b'X-Powered-By', b'ASP.NET')])
2025-09-24 10:28:58,804 - httpx - INFO - _send_single_request:1740 - HTTP Request: GET https://services.odata.org/V4/Northwind/Northwind.svc/Order_Details_Extendeds?%24skip=3000&%24top=1500 "HTTP/1.1 200 OK"
2025-09-24 10:28:58,804 - httpcore.http11 - DEBUG - atrace:87 - receive_response_body.started request=<Request [b'GET']>
2025-09-24 10:28:58,804 - httpcore.http11 - DEBUG - atrace:87 - receive_response_body.complete
2025-09-24 10:28:58,804 - httpcore.http11 - DEBUG - atrace:87 - response_closed.started
2025-09-24 10:28:58,804 - httpcore.http11 - DEBUG - atrace:87 - response_closed.complete
2025-09-24 10:28:58,804 - workers.proxy_pool - INFO - _make_http_request:250 - [2m2025-09-24T04:58:58.804130Z[0m [[32m[1minfo     [0m] [1m📊 Worker successfully fetched data[0m [[0m[1m[34mworkers.proxy_pool[0m][0m [36mactual_records_added[0m=[35m0[0m [36mcommand_id[0m=[35mOrder_Details_Extendeds_page_next_3000[0m [36mentity[0m=[35mOrder_Details_Extendeds[0m [36mentity_total_fetched[0m=[35m200[0m [36mglobal_total_fetched[0m=[35m4606[0m [36mhas_next_page[0m=[35mFalse[0m [36mrecords_in_response[0m=[35m0[0m [36mworker_id[0m=[35mworker_0[0m
2025-09-24 10:28:58,804 - workers.proxy_pool - INFO - execute:110 - [2m2025-09-24T04:58:58.804130Z[0m [[32m[1minfo     [0m] [1m✅ Worker completed command successfully[0m [[0m[1m[34mworkers.proxy_pool[0m][0m [36mcommand_id[0m=[35mOrder_Details_Extendeds_page_next_3000[0m [36mentity[0m=[35mOrder_Details_Extendeds[0m [36mexecution_time_seconds[0m=[35m0.39[0m [36mhas_next_page[0m=[35mFalse[0m [36mrecords_fetched[0m=[35m0[0m [36mworker_id[0m=[35mworker_0[0m
2025-09-24 10:28:58,804 - workers.proxy_pool - INFO - _worker_loop:460 - [2m2025-09-24T04:58:58.804130Z[0m [[32m[1minfo     [0m] [1m📋 Worker picked up command from queue[0m [[0m[1m[34mworkers.proxy_pool[0m][0m [36mcommand_id[0m=[35mSummary_of_Sales_by_Quarters_page_next_1500[0m [36mentity[0m=[35mSummary_of_Sales_by_Quarters[0m [36mqueue_size_after_pickup[0m=[35m3[0m [36mworker_id[0m=[35mworker_0[0m [36mworker_status[0m=[35mPROCESSING[0m
2025-09-24 10:28:58,804 - workers.proxy_pool - INFO - execute:59 - [2m2025-09-24T04:58:58.804130Z[0m [[32m[1minfo     [0m] [1m🚀 Worker starting command execution[0m [[0m[1m[34mworkers.proxy_pool[0m][0m [36mcommand_id[0m=[35mSummary_of_Sales_by_Quarters_page_next_1500[0m [36mcommand_type[0m=[35mfetch_page[0m [36mentity[0m=[35mSummary_of_Sales_by_Quarters[0m [36mpriority[0m=[35m1[0m [36mretry_count[0m=[35m0[0m [36mskip[0m=[35m1500[0m [36mtop[0m=[35m1500[0m [36mworker_id[0m=[35mworker_0[0m
2025-09-24 10:28:58,804 - workers.proxy_pool - INFO - execute:82 - [2m2025-09-24T04:58:58.804130Z[0m [[32m[1minfo     [0m] [1m🔄 Worker executing request with resilience patterns[0m [[0m[1m[34mworkers.proxy_pool[0m][0m [36mcircuit_breaker_state[0m=[35mclosed[0m [36mcommand_id[0m=[35mSummary_of_Sales_by_Quarters_page_next_1500[0m [36mworker_id[0m=[35mworker_0[0m
2025-09-24 10:28:58,804 - planning.record_tracker - INFO - calculate_optimal_batch_size:206 - [2m2025-09-24T04:58:58.804130Z[0m [[32m[1minfo     [0m] [1mAdjusted batch size to prevent overfetching[0m [[0m[1m[34mplanning.record_tracker[0m][0m [36mdefault_size[0m=[35m1500[0m [36mentity[0m=[35mSummary_of_Sales_by_Quarters[0m [36moptimal_size[0m=[35m709[0m [36mremaining_records[0m=[35m709[0m
2025-09-24 10:28:58,804 - workers.proxy_pool - INFO - _make_http_request:177 - [2m2025-09-24T04:58:58.804130Z[0m [[32m[1minfo     [0m] [1m📏 Adjusted batch size for optimal fetching[0m [[0m[1m[34mworkers.proxy_pool[0m][0m [36mcommand_id[0m=[35mSummary_of_Sales_by_Quarters_page_next_1500[0m [36mentity[0m=[35mSummary_of_Sales_by_Quarters[0m [36moptimal_top[0m=[35m709[0m [36moriginal_top[0m=[35m1500[0m [36mworker_id[0m=[35mworker_0[0m
2025-09-24 10:28:58,804 - storage.transformer - INFO - transform_odata_response:62 - [2m2025-09-24T04:58:58.804130Z[0m [[32m[1minfo     [0m] [1mStarting transformation       [0m [[0m[1m[34mstorage.transformer[0m][0m [36mentity_name[0m=[35mOrder_Details_Extendeds[0m [36mresponse_keys[0m=[35m['@odata.context', 'value'][0m
2025-09-24 10:28:58,804 - storage.transformer - INFO - transform_odata_response:101 - [2m2025-09-24T04:58:58.804130Z[0m [[32m[1minfo     [0m] [1mTransformation completed      [0m [[0m[1m[34mstorage.transformer[0m][0m [36mentity_name[0m=[35mOrder_Details_Extendeds[0m [36minput_records[0m=[35m0[0m [36moutput_records[0m=[35m0[0m [36mtransformation_time_seconds[0m=[35m0.0[0m
2025-09-24 10:28:58,804 - httpcore.http11 - DEBUG - atrace:87 - send_request_headers.started request=<Request [b'GET']>
2025-09-24 10:28:58,804 - httpcore.http11 - DEBUG - atrace:87 - send_request_headers.complete
2025-09-24 10:28:58,804 - httpcore.http11 - DEBUG - atrace:87 - send_request_body.started request=<Request [b'GET']>
2025-09-24 10:28:58,804 - httpcore.http11 - DEBUG - atrace:87 - send_request_body.complete
2025-09-24 10:28:58,804 - httpcore.http11 - DEBUG - atrace:87 - receive_response_headers.started request=<Request [b'GET']>
2025-09-24 10:28:58,804 - httpcore.http11 - DEBUG - atrace:87 - receive_response_headers.complete return_value=(b'HTTP/1.1', 200, b'OK', [(b'Content-Length', b'228'), (b'Content-Type', b'application/json;odata.metadata=minimal;odata.streaming=true;IEEE754Compatible=false;charset=utf-8'), (b'Date', b'Wed, 24 Sep 2025 04:58:58 GMT'), (b'Server', b'Microsoft-IIS/10.0'), (b'Access-Control-Allow-Headers', b'Accept, Origin, Content-Type, MaxDataServiceVersion'), (b'Access-Control-Allow-Methods', b'GET'), (b'Access-Control-Allow-Origin', b'*'), (b'Access-Control-Expose-Headers', b'DataServiceVersion'), (b'Cache-Control', b'private'), (b'Content-Encoding', b'gzip'), (b'Expires', b'Wed, 24 Sep 2025 04:59:23 GMT'), (b'Vary', b'*'), (b'X-Content-Type-Options', b'nosniff'), (b'OData-Version', b'4.0;'), (b'X-AspNet-Version', b'4.0.30319'), (b'X-Powered-By', b'ASP.NET')])
2025-09-24 10:28:58,804 - httpx - INFO - _send_single_request:1740 - HTTP Request: GET https://services.odata.org/V4/Northwind/Northwind.svc/Customer_and_Suppliers_by_Cities?%24skip=1500&%24top=20 "HTTP/1.1 200 OK"
2025-09-24 10:28:58,804 - httpcore.http11 - DEBUG - atrace:87 - receive_response_body.started request=<Request [b'GET']>
2025-09-24 10:28:58,804 - httpcore.http11 - DEBUG - atrace:87 - receive_response_body.complete
2025-09-24 10:28:58,804 - httpcore.http11 - DEBUG - atrace:87 - response_closed.started
2025-09-24 10:28:58,804 - httpcore.http11 - DEBUG - atrace:87 - response_closed.complete
2025-09-24 10:28:58,804 - workers.proxy_pool - INFO - _make_http_request:250 - [2m2025-09-24T04:58:58.804130Z[0m [[32m[1minfo     [0m] [1m📊 Worker successfully fetched data[0m [[0m[1m[34mworkers.proxy_pool[0m][0m [36mactual_records_added[0m=[35m0[0m [36mcommand_id[0m=[35mCustomer_and_Suppliers_by_Cities_page_next_1500[0m [36mentity[0m=[35mCustomer_and_Suppliers_by_Cities[0m [36mentity_total_fetched[0m=[35m100[0m [36mglobal_total_fetched[0m=[35m4606[0m [36mhas_next_page[0m=[35mFalse[0m [36mrecords_in_response[0m=[35m0[0m [36mworker_id[0m=[35mworker_2[0m
2025-09-24 10:28:58,804 - workers.proxy_pool - INFO - execute:110 - [2m2025-09-24T04:58:58.804130Z[0m [[32m[1minfo     [0m] [1m✅ Worker completed command successfully[0m [[0m[1m[34mworkers.proxy_pool[0m][0m [36mcommand_id[0m=[35mCustomer_and_Suppliers_by_Cities_page_next_1500[0m [36mentity[0m=[35mCustomer_and_Suppliers_by_Cities[0m [36mexecution_time_seconds[0m=[35m0.36[0m [36mhas_next_page[0m=[35mFalse[0m [36mrecords_fetched[0m=[35m0[0m [36mworker_id[0m=[35mworker_2[0m
2025-09-24 10:28:58,804 - workers.proxy_pool - INFO - _worker_loop:460 - [2m2025-09-24T04:58:58.804130Z[0m [[32m[1minfo     [0m] [1m📋 Worker picked up command from queue[0m [[0m[1m[34mworkers.proxy_pool[0m][0m [36mcommand_id[0m=[35mInvoices_page_next_3000[0m [36mentity[0m=[35mInvoices[0m [36mqueue_size_after_pickup[0m=[35m2[0m [36mworker_id[0m=[35mworker_2[0m [36mworker_status[0m=[35mPROCESSING[0m
2025-09-24 10:28:58,804 - workers.proxy_pool - INFO - execute:59 - [2m2025-09-24T04:58:58.804130Z[0m [[32m[1minfo     [0m] [1m🚀 Worker starting command execution[0m [[0m[1m[34mworkers.proxy_pool[0m][0m [36mcommand_id[0m=[35mInvoices_page_next_3000[0m [36mcommand_type[0m=[35mfetch_page[0m [36mentity[0m=[35mInvoices[0m [36mpriority[0m=[35m1[0m [36mretry_count[0m=[35m0[0m [36mskip[0m=[35m3000[0m [36mtop[0m=[35m1500[0m [36mworker_id[0m=[35mworker_2[0m
2025-09-24 10:28:58,804 - workers.proxy_pool - INFO - execute:82 - [2m2025-09-24T04:58:58.804130Z[0m [[32m[1minfo     [0m] [1m🔄 Worker executing request with resilience patterns[0m [[0m[1m[34mworkers.proxy_pool[0m][0m [36mcircuit_breaker_state[0m=[35mclosed[0m [36mcommand_id[0m=[35mInvoices_page_next_3000[0m [36mworker_id[0m=[35mworker_2[0m
2025-09-24 10:28:58,813 - planning.record_tracker - INFO - calculate_optimal_batch_size:206 - [2m2025-09-24T04:58:58.813487Z[0m [[32m[1minfo     [0m] [1mAdjusted batch size to prevent overfetching[0m [[0m[1m[34mplanning.record_tracker[0m][0m [36mdefault_size[0m=[35m1500[0m [36mentity[0m=[35mInvoices[0m [36moptimal_size[0m=[35m1155[0m [36mremaining_records[0m=[35m1155[0m
2025-09-24 10:28:58,813 - workers.proxy_pool - INFO - _make_http_request:177 - [2m2025-09-24T04:58:58.813487Z[0m [[32m[1minfo     [0m] [1m📏 Adjusted batch size for optimal fetching[0m [[0m[1m[34mworkers.proxy_pool[0m][0m [36mcommand_id[0m=[35mInvoices_page_next_3000[0m [36mentity[0m=[35mInvoices[0m [36moptimal_top[0m=[35m1155[0m [36moriginal_top[0m=[35m1500[0m [36mworker_id[0m=[35mworker_2[0m
2025-09-24 10:28:58,814 - storage.transformer - INFO - transform_odata_response:62 - [2m2025-09-24T04:58:58.814134Z[0m [[32m[1minfo     [0m] [1mStarting transformation       [0m [[0m[1m[34mstorage.transformer[0m][0m [36mentity_name[0m=[35mCustomer_and_Suppliers_by_Cities[0m [36mresponse_keys[0m=[35m['@odata.context', 'value'][0m
2025-09-24 10:28:58,815 - storage.transformer - INFO - transform_odata_response:101 - [2m2025-09-24T04:58:58.815145Z[0m [[32m[1minfo     [0m] [1mTransformation completed      [0m [[0m[1m[34mstorage.transformer[0m][0m [36mentity_name[0m=[35mCustomer_and_Suppliers_by_Cities[0m [36minput_records[0m=[35m0[0m [36moutput_records[0m=[35m0[0m [36mtransformation_time_seconds[0m=[35m0.0[0m
2025-09-24 10:28:58,815 - httpcore.http11 - DEBUG - atrace:87 - send_request_headers.started request=<Request [b'GET']>
2025-09-24 10:28:58,815 - httpcore.http11 - DEBUG - atrace:87 - send_request_headers.complete
2025-09-24 10:28:58,816 - httpcore.http11 - DEBUG - atrace:87 - send_request_body.started request=<Request [b'GET']>
2025-09-24 10:28:58,816 - httpcore.http11 - DEBUG - atrace:87 - send_request_body.complete
2025-09-24 10:28:58,816 - httpcore.http11 - DEBUG - atrace:87 - receive_response_headers.started request=<Request [b'GET']>
2025-09-24 10:28:58,816 - httpcore.http11 - DEBUG - atrace:87 - receive_response_headers.complete return_value=(b'HTTP/1.1', 200, b'OK', [(b'Content-Length', b'205'), (b'Content-Type', b'application/json;odata.metadata=minimal;odata.streaming=true;IEEE754Compatible=false;charset=utf-8'), (b'Date', b'Wed, 24 Sep 2025 04:58:58 GMT'), (b'Server', b'Microsoft-IIS/10.0'), (b'Access-Control-Allow-Headers', b'Accept, Origin, Content-Type, MaxDataServiceVersion'), (b'Access-Control-Allow-Methods', b'GET'), (b'Access-Control-Allow-Origin', b'*'), (b'Access-Control-Expose-Headers', b'DataServiceVersion'), (b'Cache-Control', b'private'), (b'Content-Encoding', b'gzip'), (b'Expires', b'Wed, 24 Sep 2025 04:59:24 GMT'), (b'Vary', b'*'), (b'X-Content-Type-Options', b'nosniff'), (b'OData-Version', b'4.0;'), (b'X-AspNet-Version', b'4.0.30319'), (b'X-Powered-By', b'ASP.NET')])
2025-09-24 10:28:58,816 - httpx - INFO - _send_single_request:1740 - HTTP Request: GET https://services.odata.org/V4/Northwind/Northwind.svc/Products?%24skip=1500&%24top=57 "HTTP/1.1 200 OK"
2025-09-24 10:28:58,816 - httpcore.http11 - DEBUG - atrace:87 - receive_response_body.started request=<Request [b'GET']>
2025-09-24 10:28:58,816 - httpcore.http11 - DEBUG - atrace:87 - receive_response_body.complete
2025-09-24 10:28:58,817 - httpcore.http11 - DEBUG - atrace:87 - response_closed.started
2025-09-24 10:28:58,817 - httpcore.http11 - DEBUG - atrace:87 - response_closed.complete
2025-09-24 10:28:58,817 - workers.proxy_pool - INFO - _make_http_request:250 - [2m2025-09-24T04:58:58.817227Z[0m [[32m[1minfo     [0m] [1m📊 Worker successfully fetched data[0m [[0m[1m[34mworkers.proxy_pool[0m][0m [36mactual_records_added[0m=[35m0[0m [36mcommand_id[0m=[35mProducts_page_next_1500[0m [36mentity[0m=[35mProducts[0m [36mentity_total_fetched[0m=[35m20[0m [36mglobal_total_fetched[0m=[35m4606[0m [36mhas_next_page[0m=[35mFalse[0m [36mrecords_in_response[0m=[35m0[0m [36mworker_id[0m=[35mworker_1[0m
2025-09-24 10:28:58,817 - workers.proxy_pool - INFO - execute:110 - [2m2025-09-24T04:58:58.817227Z[0m [[32m[1minfo     [0m] [1m✅ Worker completed command successfully[0m [[0m[1m[34mworkers.proxy_pool[0m][0m [36mcommand_id[0m=[35mProducts_page_next_1500[0m [36mentity[0m=[35mProducts[0m [36mexecution_time_seconds[0m=[35m0.3[0m [36mhas_next_page[0m=[35mFalse[0m [36mrecords_fetched[0m=[35m0[0m [36mworker_id[0m=[35mworker_1[0m
2025-09-24 10:28:58,818 - workers.proxy_pool - INFO - _worker_loop:460 - [2m2025-09-24T04:58:58.817227Z[0m [[32m[1minfo     [0m] [1m📋 Worker picked up command from queue[0m [[0m[1m[34mworkers.proxy_pool[0m][0m [36mcommand_id[0m=[35mOrder_Details_page_next_3000[0m [36mentity[0m=[35mOrder_Details[0m [36mqueue_size_after_pickup[0m=[35m1[0m [36mworker_id[0m=[35mworker_1[0m [36mworker_status[0m=[35mPROCESSING[0m
2025-09-24 10:28:58,818 - workers.proxy_pool - INFO - execute:59 - [2m2025-09-24T04:58:58.818229Z[0m [[32m[1minfo     [0m] [1m🚀 Worker starting command execution[0m [[0m[1m[34mworkers.proxy_pool[0m][0m [36mcommand_id[0m=[35mOrder_Details_page_next_3000[0m [36mcommand_type[0m=[35mfetch_page[0m [36mentity[0m=[35mOrder_Details[0m [36mpriority[0m=[35m1[0m [36mretry_count[0m=[35m0[0m [36mskip[0m=[35m3000[0m [36mtop[0m=[35m1500[0m [36mworker_id[0m=[35mworker_1[0m
2025-09-24 10:28:58,818 - workers.proxy_pool - INFO - execute:82 - [2m2025-09-24T04:58:58.818229Z[0m [[32m[1minfo     [0m] [1m🔄 Worker executing request with resilience patterns[0m [[0m[1m[34mworkers.proxy_pool[0m][0m [36mcircuit_breaker_state[0m=[35mclosed[0m [36mcommand_id[0m=[35mOrder_Details_page_next_3000[0m [36mworker_id[0m=[35mworker_1[0m
2025-09-24 10:28:58,818 - planning.record_tracker - INFO - calculate_optimal_batch_size:206 - [2m2025-09-24T04:58:58.818229Z[0m [[32m[1minfo     [0m] [1mAdjusted batch size to prevent overfetching[0m [[0m[1m[34mplanning.record_tracker[0m][0m [36mdefault_size[0m=[35m1500[0m [36mentity[0m=[35mOrder_Details[0m [36moptimal_size[0m=[35m1155[0m [36mremaining_records[0m=[35m1155[0m
2025-09-24 10:28:58,818 - workers.proxy_pool - INFO - _make_http_request:177 - [2m2025-09-24T04:58:58.818229Z[0m [[32m[1minfo     [0m] [1m📏 Adjusted batch size for optimal fetching[0m [[0m[1m[34mworkers.proxy_pool[0m][0m [36mcommand_id[0m=[35mOrder_Details_page_next_3000[0m [36mentity[0m=[35mOrder_Details[0m [36moptimal_top[0m=[35m1155[0m [36moriginal_top[0m=[35m1500[0m [36mworker_id[0m=[35mworker_1[0m
2025-09-24 10:28:58,818 - storage.transformer - INFO - transform_odata_response:62 - [2m2025-09-24T04:58:58.818229Z[0m [[32m[1minfo     [0m] [1mStarting transformation       [0m [[0m[1m[34mstorage.transformer[0m][0m [36mentity_name[0m=[35mProducts[0m [36mresponse_keys[0m=[35m['@odata.context', 'value'][0m
2025-09-24 10:28:58,819 - storage.transformer - INFO - transform_odata_response:101 - [2m2025-09-24T04:58:58.819735Z[0m [[32m[1minfo     [0m] [1mTransformation completed      [0m [[0m[1m[34mstorage.transformer[0m][0m [36mentity_name[0m=[35mProducts[0m [36minput_records[0m=[35m0[0m [36moutput_records[0m=[35m0[0m [36mtransformation_time_seconds[0m=[35m0.0[0m
2025-09-24 10:28:58,819 - httpcore.http11 - DEBUG - atrace:87 - send_request_headers.started request=<Request [b'GET']>
2025-09-24 10:28:58,820 - httpcore.http11 - DEBUG - atrace:87 - send_request_headers.complete
2025-09-24 10:28:58,820 - httpcore.http11 - DEBUG - atrace:87 - send_request_body.started request=<Request [b'GET']>
2025-09-24 10:28:58,820 - httpcore.http11 - DEBUG - atrace:87 - send_request_body.complete
2025-09-24 10:28:58,820 - httpcore.http11 - DEBUG - atrace:87 - receive_response_headers.started request=<Request [b'GET']>
2025-09-24 10:28:59,071 - httpcore.http11 - DEBUG - atrace:87 - receive_response_headers.complete return_value=(b'HTTP/1.1', 200, b'OK', [(b'Content-Length', b'226'), (b'Content-Type', b'application/json;odata.metadata=minimal;odata.streaming=true;IEEE754Compatible=false;charset=utf-8'), (b'Date', b'Wed, 24 Sep 2025 04:58:58 GMT'), (b'Server', b'Microsoft-IIS/10.0'), (b'Access-Control-Allow-Headers', b'Accept, Origin, Content-Type, MaxDataServiceVersion'), (b'Access-Control-Allow-Methods', b'GET'), (b'Access-Control-Allow-Origin', b'*'), (b'Access-Control-Expose-Headers', b'DataServiceVersion'), (b'Cache-Control', b'private'), (b'Content-Encoding', b'gzip'), (b'Expires', b'Wed, 24 Sep 2025 04:59:23 GMT'), (b'Vary', b'*'), (b'X-Content-Type-Options', b'nosniff'), (b'OData-Version', b'4.0;'), (b'X-AspNet-Version', b'4.0.30319'), (b'X-Powered-By', b'ASP.NET')])
2025-09-24 10:28:59,071 - httpx - INFO - _send_single_request:1740 - HTTP Request: GET https://services.odata.org/V4/Northwind/Northwind.svc/Summary_of_Sales_by_Quarters?%24skip=1500&%24top=709 "HTTP/1.1 200 OK"
2025-09-24 10:28:59,071 - httpcore.http11 - DEBUG - atrace:87 - receive_response_body.started request=<Request [b'GET']>
2025-09-24 10:28:59,072 - httpcore.http11 - DEBUG - atrace:87 - receive_response_body.complete
2025-09-24 10:28:59,072 - httpcore.http11 - DEBUG - atrace:87 - response_closed.started
2025-09-24 10:28:59,072 - httpcore.http11 - DEBUG - atrace:87 - response_closed.complete
2025-09-24 10:28:59,072 - workers.proxy_pool - INFO - _make_http_request:250 - [2m2025-09-24T04:58:59.072241Z[0m [[32m[1minfo     [0m] [1m📊 Worker successfully fetched data[0m [[0m[1m[34mworkers.proxy_pool[0m][0m [36mactual_records_added[0m=[35m0[0m [36mcommand_id[0m=[35mSummary_of_Sales_by_Quarters_page_next_1500[0m [36mentity[0m=[35mSummary_of_Sales_by_Quarters[0m [36mentity_total_fetched[0m=[35m100[0m [36mglobal_total_fetched[0m=[35m4606[0m [36mhas_next_page[0m=[35mFalse[0m [36mrecords_in_response[0m=[35m0[0m [36mworker_id[0m=[35mworker_0[0m
2025-09-24 10:28:59,073 - workers.proxy_pool - INFO - execute:110 - [2m2025-09-24T04:58:59.073134Z[0m [[32m[1minfo     [0m] [1m✅ Worker completed command successfully[0m [[0m[1m[34mworkers.proxy_pool[0m][0m [36mcommand_id[0m=[35mSummary_of_Sales_by_Quarters_page_next_1500[0m [36mentity[0m=[35mSummary_of_Sales_by_Quarters[0m [36mexecution_time_seconds[0m=[35m0.28[0m [36mhas_next_page[0m=[35mFalse[0m [36mrecords_fetched[0m=[35m0[0m [36mworker_id[0m=[35mworker_0[0m
2025-09-24 10:28:59,073 - workers.proxy_pool - INFO - _worker_loop:460 - [2m2025-09-24T04:58:59.073134Z[0m [[32m[1minfo     [0m] [1m📋 Worker picked up command from queue[0m [[0m[1m[34mworkers.proxy_pool[0m][0m [36mcommand_id[0m=[35mOrder_Details_Extendeds_page_next_3000[0m [36mentity[0m=[35mOrder_Details_Extendeds[0m [36mqueue_size_after_pickup[0m=[35m0[0m [36mworker_id[0m=[35mworker_0[0m [36mworker_status[0m=[35mPROCESSING[0m
2025-09-24 10:28:59,073 - workers.proxy_pool - INFO - execute:59 - [2m2025-09-24T04:58:59.073134Z[0m [[32m[1minfo     [0m] [1m🚀 Worker starting command execution[0m [[0m[1m[34mworkers.proxy_pool[0m][0m [36mcommand_id[0m=[35mOrder_Details_Extendeds_page_next_3000[0m [36mcommand_type[0m=[35mfetch_page[0m [36mentity[0m=[35mOrder_Details_Extendeds[0m [36mpriority[0m=[35m1[0m [36mretry_count[0m=[35m0[0m [36mskip[0m=[35m3000[0m [36mtop[0m=[35m1500[0m [36mworker_id[0m=[35mworker_0[0m
2025-09-24 10:28:59,074 - workers.proxy_pool - INFO - execute:82 - [2m2025-09-24T04:58:59.074131Z[0m [[32m[1minfo     [0m] [1m🔄 Worker executing request with resilience patterns[0m [[0m[1m[34mworkers.proxy_pool[0m][0m [36mcircuit_breaker_state[0m=[35mclosed[0m [36mcommand_id[0m=[35mOrder_Details_Extendeds_page_next_3000[0m [36mworker_id[0m=[35mworker_0[0m
2025-09-24 10:28:59,074 - storage.transformer - INFO - transform_odata_response:62 - [2m2025-09-24T04:58:59.074131Z[0m [[32m[1minfo     [0m] [1mStarting transformation       [0m [[0m[1m[34mstorage.transformer[0m][0m [36mentity_name[0m=[35mSummary_of_Sales_by_Quarters[0m [36mresponse_keys[0m=[35m['@odata.context', 'value'][0m
2025-09-24 10:28:59,075 - storage.transformer - INFO - transform_odata_response:101 - [2m2025-09-24T04:58:59.075149Z[0m [[32m[1minfo     [0m] [1mTransformation completed      [0m [[0m[1m[34mstorage.transformer[0m][0m [36mentity_name[0m=[35mSummary_of_Sales_by_Quarters[0m [36minput_records[0m=[35m0[0m [36moutput_records[0m=[35m0[0m [36mtransformation_time_seconds[0m=[35m0.0[0m
2025-09-24 10:28:59,075 - httpcore.http11 - DEBUG - atrace:87 - send_request_headers.started request=<Request [b'GET']>
2025-09-24 10:28:59,075 - httpcore.http11 - DEBUG - atrace:87 - send_request_headers.complete
2025-09-24 10:28:59,075 - httpcore.http11 - DEBUG - atrace:87 - send_request_body.started request=<Request [b'GET']>
2025-09-24 10:28:59,075 - httpcore.http11 - DEBUG - atrace:87 - send_request_body.complete
2025-09-24 10:28:59,075 - httpcore.http11 - DEBUG - atrace:87 - receive_response_headers.started request=<Request [b'GET']>
2025-09-24 10:28:59,084 - httpcore.http11 - DEBUG - atrace:87 - receive_response_headers.complete return_value=(b'HTTP/1.1', 200, b'OK', [(b'Content-Length', b'209'), (b'Content-Type', b'application/json;odata.metadata=minimal;odata.streaming=true;IEEE754Compatible=false;charset=utf-8'), (b'Date', b'Wed, 24 Sep 2025 04:58:58 GMT'), (b'Server', b'Microsoft-IIS/10.0'), (b'Access-Control-Allow-Headers', b'Accept, Origin, Content-Type, MaxDataServiceVersion'), (b'Access-Control-Allow-Methods', b'GET'), (b'Access-Control-Allow-Origin', b'*'), (b'Access-Control-Expose-Headers', b'DataServiceVersion'), (b'Cache-Control', b'private'), (b'Content-Encoding', b'gzip'), (b'Expires', b'Wed, 24 Sep 2025 04:59:24 GMT'), (b'Vary', b'*'), (b'X-Content-Type-Options', b'nosniff'), (b'OData-Version', b'4.0;'), (b'X-AspNet-Version', b'4.0.30319'), (b'X-Powered-By', b'ASP.NET')])
2025-09-24 10:28:59,087 - httpx - INFO - _send_single_request:1740 - HTTP Request: GET https://services.odata.org/V4/Northwind/Northwind.svc/Order_Details?%24skip=3000&%24top=1155 "HTTP/1.1 200 OK"
2025-09-24 10:28:59,087 - httpcore.http11 - DEBUG - atrace:87 - receive_response_body.started request=<Request [b'GET']>
2025-09-24 10:28:59,087 - httpcore.http11 - DEBUG - atrace:87 - receive_response_body.complete
2025-09-24 10:28:59,087 - httpcore.http11 - DEBUG - atrace:87 - response_closed.started
2025-09-24 10:28:59,087 - httpcore.http11 - DEBUG - atrace:87 - response_closed.complete
2025-09-24 10:28:59,087 - planning.record_tracker - WARNING - add_page_records:27 - [2m2025-09-24T04:58:59.087714Z[0m [[33m[1mwarning  [0m] [1mPage already completed        [0m [[0m[1m[34mplanning.record_tracker[0m][0m [36mentity[0m=[35mOrder_Details[0m [36mpage[0m=[35m3[0m
2025-09-24 10:28:59,088 - workers.proxy_pool - INFO - _make_http_request:250 - [2m2025-09-24T04:58:59.088735Z[0m [[32m[1minfo     [0m] [1m📊 Worker successfully fetched data[0m [[0m[1m[34mworkers.proxy_pool[0m][0m [36mactual_records_added[0m=[35m0[0m [36mcommand_id[0m=[35mOrder_Details_page_next_3000[0m [36mentity[0m=[35mOrder_Details[0m [36mentity_total_fetched[0m=[35m1000[0m [36mglobal_total_fetched[0m=[35m4606[0m [36mhas_next_page[0m=[35mFalse[0m [36mrecords_in_response[0m=[35m0[0m [36mworker_id[0m=[35mworker_1[0m
2025-09-24 10:28:59,088 - workers.proxy_pool - INFO - execute:110 - [2m2025-09-24T04:58:59.088735Z[0m [[32m[1minfo     [0m] [1m✅ Worker completed command successfully[0m [[0m[1m[34mworkers.proxy_pool[0m][0m [36mcommand_id[0m=[35mOrder_Details_page_next_3000[0m [36mentity[0m=[35mOrder_Details[0m [36mexecution_time_seconds[0m=[35m0.28[0m [36mhas_next_page[0m=[35mFalse[0m [36mrecords_fetched[0m=[35m0[0m [36mworker_id[0m=[35mworker_1[0m
2025-09-24 10:28:59,088 - storage.transformer - INFO - transform_odata_response:62 - [2m2025-09-24T04:58:59.088735Z[0m [[32m[1minfo     [0m] [1mStarting transformation       [0m [[0m[1m[34mstorage.transformer[0m][0m [36mentity_name[0m=[35mOrder_Details[0m [36mresponse_keys[0m=[35m['@odata.context', 'value'][0m
2025-09-24 10:28:59,088 - storage.transformer - INFO - transform_odata_response:101 - [2m2025-09-24T04:58:59.088735Z[0m [[32m[1minfo     [0m] [1mTransformation completed      [0m [[0m[1m[34mstorage.transformer[0m][0m [36mentity_name[0m=[35mOrder_Details[0m [36minput_records[0m=[35m0[0m [36moutput_records[0m=[35m0[0m [36mtransformation_time_seconds[0m=[35m0.0[0m
2025-09-24 10:28:59,094 - httpcore.http11 - DEBUG - atrace:87 - receive_response_headers.complete return_value=(b'HTTP/1.1', 200, b'OK', [(b'Content-Length', b'203'), (b'Content-Type', b'application/json;odata.metadata=minimal;odata.streaming=true;IEEE754Compatible=false;charset=utf-8'), (b'Date', b'Wed, 24 Sep 2025 04:58:58 GMT'), (b'Server', b'Microsoft-IIS/10.0'), (b'Access-Control-Allow-Headers', b'Accept, Origin, Content-Type, MaxDataServiceVersion'), (b'Access-Control-Allow-Methods', b'GET'), (b'Access-Control-Allow-Origin', b'*'), (b'Access-Control-Expose-Headers', b'DataServiceVersion'), (b'Cache-Control', b'private'), (b'Content-Encoding', b'gzip'), (b'Expires', b'Wed, 24 Sep 2025 04:59:23 GMT'), (b'Vary', b'*'), (b'X-Content-Type-Options', b'nosniff'), (b'OData-Version', b'4.0;'), (b'X-AspNet-Version', b'4.0.30319'), (b'X-Powered-By', b'ASP.NET')])
2025-09-24 10:28:59,094 - httpx - INFO - _send_single_request:1740 - HTTP Request: GET https://services.odata.org/V4/Northwind/Northwind.svc/Invoices?%24skip=3000&%24top=1155 "HTTP/1.1 200 OK"
2025-09-24 10:28:59,094 - httpcore.http11 - DEBUG - atrace:87 - receive_response_body.started request=<Request [b'GET']>
2025-09-24 10:28:59,095 - httpcore.http11 - DEBUG - atrace:87 - receive_response_body.complete
2025-09-24 10:28:59,095 - httpcore.http11 - DEBUG - atrace:87 - response_closed.started
2025-09-24 10:28:59,095 - httpcore.http11 - DEBUG - atrace:87 - response_closed.complete
2025-09-24 10:28:59,095 - planning.record_tracker - WARNING - add_page_records:27 - [2m2025-09-24T04:58:59.095484Z[0m [[33m[1mwarning  [0m] [1mPage already completed        [0m [[0m[1m[34mplanning.record_tracker[0m][0m [36mentity[0m=[35mInvoices[0m [36mpage[0m=[35m3[0m
2025-09-24 10:28:59,096 - workers.proxy_pool - INFO - _make_http_request:250 - [2m2025-09-24T04:58:59.095992Z[0m [[32m[1minfo     [0m] [1m📊 Worker successfully fetched data[0m [[0m[1m[34mworkers.proxy_pool[0m][0m [36mactual_records_added[0m=[35m0[0m [36mcommand_id[0m=[35mInvoices_page_next_3000[0m [36mentity[0m=[35mInvoices[0m [36mentity_total_fetched[0m=[35m1000[0m [36mglobal_total_fetched[0m=[35m4606[0m [36mhas_next_page[0m=[35mFalse[0m [36mrecords_in_response[0m=[35m0[0m [36mworker_id[0m=[35mworker_2[0m
2025-09-24 10:28:59,097 - workers.proxy_pool - INFO - execute:110 - [2m2025-09-24T04:58:59.097430Z[0m [[32m[1minfo     [0m] [1m✅ Worker completed command successfully[0m [[0m[1m[34mworkers.proxy_pool[0m][0m [36mcommand_id[0m=[35mInvoices_page_next_3000[0m [36mentity[0m=[35mInvoices[0m [36mexecution_time_seconds[0m=[35m0.3[0m [36mhas_next_page[0m=[35mFalse[0m [36mrecords_fetched[0m=[35m0[0m [36mworker_id[0m=[35mworker_2[0m
2025-09-24 10:28:59,098 - storage.transformer - INFO - transform_odata_response:62 - [2m2025-09-24T04:58:59.098579Z[0m [[32m[1minfo     [0m] [1mStarting transformation       [0m [[0m[1m[34mstorage.transformer[0m][0m [36mentity_name[0m=[35mInvoices[0m [36mresponse_keys[0m=[35m['@odata.context', 'value'][0m
2025-09-24 10:28:59,099 - storage.transformer - INFO - transform_odata_response:101 - [2m2025-09-24T04:58:59.099280Z[0m [[32m[1minfo     [0m] [1mTransformation completed      [0m [[0m[1m[34mstorage.transformer[0m][0m [36mentity_name[0m=[35mInvoices[0m [36minput_records[0m=[35m0[0m [36moutput_records[0m=[35m0[0m [36mtransformation_time_seconds[0m=[35m0.0[0m
2025-09-24 10:28:59,387 - httpcore.http11 - DEBUG - atrace:87 - receive_response_headers.complete return_value=(b'HTTP/1.1', 200, b'OK', [(b'Content-Length', b'219'), (b'Content-Type', b'application/json;odata.metadata=minimal;odata.streaming=true;IEEE754Compatible=false;charset=utf-8'), (b'Date', b'Wed, 24 Sep 2025 04:58:58 GMT'), (b'Server', b'Microsoft-IIS/10.0'), (b'Access-Control-Allow-Headers', b'Accept, Origin, Content-Type, MaxDataServiceVersion'), (b'Access-Control-Allow-Methods', b'GET'), (b'Access-Control-Allow-Origin', b'*'), (b'Access-Control-Expose-Headers', b'DataServiceVersion'), (b'Cache-Control', b'private'), (b'Content-Encoding', b'gzip'), (b'Expires', b'Wed, 24 Sep 2025 04:59:24 GMT'), (b'Vary', b'*'), (b'X-Content-Type-Options', b'nosniff'), (b'OData-Version', b'4.0;'), (b'X-AspNet-Version', b'4.0.30319'), (b'X-Powered-By', b'ASP.NET')])
2025-09-24 10:28:59,387 - httpx - INFO - _send_single_request:1740 - HTTP Request: GET https://services.odata.org/V4/Northwind/Northwind.svc/Order_Details_Extendeds?%24skip=3000&%24top=1500 "HTTP/1.1 200 OK"
2025-09-24 10:28:59,387 - httpcore.http11 - DEBUG - atrace:87 - receive_response_body.started request=<Request [b'GET']>
2025-09-24 10:28:59,387 - httpcore.http11 - DEBUG - atrace:87 - receive_response_body.complete
2025-09-24 10:28:59,387 - httpcore.http11 - DEBUG - atrace:87 - response_closed.started
2025-09-24 10:28:59,387 - httpcore.http11 - DEBUG - atrace:87 - response_closed.complete
2025-09-24 10:28:59,387 - planning.record_tracker - WARNING - add_page_records:27 - [2m2025-09-24T04:58:59.387299Z[0m [[33m[1mwarning  [0m] [1mPage already completed        [0m [[0m[1m[34mplanning.record_tracker[0m][0m [36mentity[0m=[35mOrder_Details_Extendeds[0m [36mpage[0m=[35m3[0m
2025-09-24 10:28:59,387 - workers.proxy_pool - INFO - _make_http_request:250 - [2m2025-09-24T04:58:59.387299Z[0m [[32m[1minfo     [0m] [1m📊 Worker successfully fetched data[0m [[0m[1m[34mworkers.proxy_pool[0m][0m [36mactual_records_added[0m=[35m0[0m [36mcommand_id[0m=[35mOrder_Details_Extendeds_page_next_3000[0m [36mentity[0m=[35mOrder_Details_Extendeds[0m [36mentity_total_fetched[0m=[35m200[0m [36mglobal_total_fetched[0m=[35m4606[0m [36mhas_next_page[0m=[35mFalse[0m [36mrecords_in_response[0m=[35m0[0m [36mworker_id[0m=[35mworker_0[0m
2025-09-24 10:28:59,387 - workers.proxy_pool - INFO - execute:110 - [2m2025-09-24T04:58:59.387299Z[0m [[32m[1minfo     [0m] [1m✅ Worker completed command successfully[0m [[0m[1m[34mworkers.proxy_pool[0m][0m [36mcommand_id[0m=[35mOrder_Details_Extendeds_page_next_3000[0m [36mentity[0m=[35mOrder_Details_Extendeds[0m [36mexecution_time_seconds[0m=[35m0.31[0m [36mhas_next_page[0m=[35mFalse[0m [36mrecords_fetched[0m=[35m0[0m [36mworker_id[0m=[35mworker_0[0m
2025-09-24 10:28:59,387 - storage.transformer - INFO - transform_odata_response:62 - [2m2025-09-24T04:58:59.387299Z[0m [[32m[1minfo     [0m] [1mStarting transformation       [0m [[0m[1m[34mstorage.transformer[0m][0m [36mentity_name[0m=[35mOrder_Details_Extendeds[0m [36mresponse_keys[0m=[35m['@odata.context', 'value'][0m
2025-09-24 10:28:59,387 - storage.transformer - INFO - transform_odata_response:101 - [2m2025-09-24T04:58:59.387299Z[0m [[32m[1minfo     [0m] [1mTransformation completed      [0m [[0m[1m[34mstorage.transformer[0m][0m [36mentity_name[0m=[35mOrder_Details_Extendeds[0m [36minput_records[0m=[35m0[0m [36moutput_records[0m=[35m0[0m [36mtransformation_time_seconds[0m=[35m0.0[0m
2025-09-24 10:29:02,433 - connector - INFO - _monitor_execution:403 - [2m2025-09-24T04:59:02.433686Z[0m [[32m[1minfo     [0m] [1m📊 Execution progress          [0m [[0m[1m[34mconnector[0m][0m [36mactive_workers[0m=[35m3[0m [36mcommands_executed[0m=[35m45[0m [36mqueue_size[0m=[35m0[0m [36mrecords_processed[0m=[35m4606[0m
2025-09-24 10:29:12,564 - connector - INFO - _monitor_execution:403 - [2m2025-09-24T04:59:12.564699Z[0m [[32m[1minfo     [0m] [1m📊 Execution progress          [0m [[0m[1m[34mconnector[0m][0m [36mactive_workers[0m=[35m3[0m [36mcommands_executed[0m=[35m45[0m [36mqueue_size[0m=[35m0[0m [36mrecords_processed[0m=[35m4606[0m
2025-09-24 10:29:22,651 - connector - INFO - _monitor_execution:403 - [2m2025-09-24T04:59:22.651938Z[0m [[32m[1minfo     [0m] [1m📊 Execution progress          [0m [[0m[1m[34mconnector[0m][0m [36mactive_workers[0m=[35m3[0m [36mcommands_executed[0m=[35m45[0m [36mqueue_size[0m=[35m0[0m [36mrecords_processed[0m=[35m4606[0m
2025-09-24 10:29:32,710 - connector - INFO - _monitor_execution:403 - [2m2025-09-24T04:59:32.710896Z[0m [[32m[1minfo     [0m] [1m📊 Execution progress          [0m [[0m[1m[34mconnector[0m][0m [36mactive_workers[0m=[35m3[0m [36mcommands_executed[0m=[35m45[0m [36mqueue_size[0m=[35m0[0m [36mrecords_processed[0m=[35m4606[0m
2025-09-24 10:29:42,832 - connector - INFO - _monitor_execution:403 - [2m2025-09-24T04:59:42.832988Z[0m [[32m[1minfo     [0m] [1m📊 Execution progress          [0m [[0m[1m[34mconnector[0m][0m [36mactive_workers[0m=[35m3[0m [36mcommands_executed[0m=[35m45[0m [36mqueue_size[0m=[35m0[0m [36mrecords_processed[0m=[35m4606[0m
2025-09-24 10:29:52,883 - connector - INFO - _monitor_execution:403 - [2m2025-09-24T04:59:52.882867Z[0m [[32m[1minfo     [0m] [1m📊 Execution progress          [0m [[0m[1m[34mconnector[0m][0m [36mactive_workers[0m=[35m3[0m [36mcommands_executed[0m=[35m45[0m [36mqueue_size[0m=[35m0[0m [36mrecords_processed[0m=[35m4606[0m
2025-09-24 10:30:03,008 - connector - INFO - _monitor_execution:403 - [2m2025-09-24T05:00:03.008192Z[0m [[32m[1minfo     [0m] [1m📊 Execution progress          [0m [[0m[1m[34mconnector[0m][0m [36mactive_workers[0m=[35m3[0m [36mcommands_executed[0m=[35m45[0m [36mqueue_size[0m=[35m0[0m [36mrecords_processed[0m=[35m4606[0m
2025-09-24 10:30:13,129 - connector - INFO - _monitor_execution:403 - [2m2025-09-24T05:00:13.129440Z[0m [[32m[1minfo     [0m] [1m📊 Execution progress          [0m [[0m[1m[34mconnector[0m][0m [36mactive_workers[0m=[35m3[0m [36mcommands_executed[0m=[35m45[0m [36mqueue_size[0m=[35m0[0m [36mrecords_processed[0m=[35m4606[0m
2025-09-24 10:30:23,230 - connector - INFO - _monitor_execution:403 - [2m2025-09-24T05:00:23.230360Z[0m [[32m[1minfo     [0m] [1m📊 Execution progress          [0m [[0m[1m[34mconnector[0m][0m [36mactive_workers[0m=[35m3[0m [36mcommands_executed[0m=[35m45[0m [36mqueue_size[0m=[35m0[0m [36mrecords_processed[0m=[35m4606[0m
2025-09-24 10:30:33,325 - connector - INFO - _monitor_execution:403 - [2m2025-09-24T05:00:33.325239Z[0m [[32m[1minfo     [0m] [1m📊 Execution progress          [0m [[0m[1m[34mconnector[0m][0m [36mactive_workers[0m=[35m3[0m [36mcommands_executed[0m=[35m45[0m [36mqueue_size[0m=[35m0[0m [36mrecords_processed[0m=[35m4606[0m
2025-09-24 10:30:43,432 - connector - INFO - _monitor_execution:403 - [2m2025-09-24T05:00:43.432462Z[0m [[32m[1minfo     [0m] [1m📊 Execution progress          [0m [[0m[1m[34mconnector[0m][0m [36mactive_workers[0m=[35m3[0m [36mcommands_executed[0m=[35m45[0m [36mqueue_size[0m=[35m0[0m [36mrecords_processed[0m=[35m4606[0m
2025-09-24 10:30:53,533 - connector - INFO - _monitor_execution:403 - [2m2025-09-24T05:00:53.532779Z[0m [[32m[1minfo     [0m] [1m📊 Execution progress          [0m [[0m[1m[34mconnector[0m][0m [36mactive_workers[0m=[35m3[0m [36mcommands_executed[0m=[35m45[0m [36mqueue_size[0m=[35m0[0m [36mrecords_processed[0m=[35m4606[0m
2025-09-24 10:31:03,661 - connector - INFO - _monitor_execution:403 - [2m2025-09-24T05:01:03.661927Z[0m [[32m[1minfo     [0m] [1m📊 Execution progress          [0m [[0m[1m[34mconnector[0m][0m [36mactive_workers[0m=[35m3[0m [36mcommands_executed[0m=[35m45[0m [36mqueue_size[0m=[35m0[0m [36mrecords_processed[0m=[35m4606[0m
2025-09-24 10:31:13,750 - connector - INFO - _monitor_execution:403 - [2m2025-09-24T05:01:13.749965Z[0m [[32m[1minfo     [0m] [1m📊 Execution progress          [0m [[0m[1m[34mconnector[0m][0m [36mactive_workers[0m=[35m3[0m [36mcommands_executed[0m=[35m45[0m [36mqueue_size[0m=[35m0[0m [36mrecords_processed[0m=[35m4606[0m
2025-09-24 10:31:23,836 - connector - INFO - _monitor_execution:403 - [2m2025-09-24T05:01:23.836324Z[0m [[32m[1minfo     [0m] [1m📊 Execution progress          [0m [[0m[1m[34mconnector[0m][0m [36mactive_workers[0m=[35m3[0m [36mcommands_executed[0m=[35m45[0m [36mqueue_size[0m=[35m0[0m [36mrecords_processed[0m=[35m4606[0m
2025-09-24 10:31:33,923 - connector - INFO - _monitor_execution:403 - [2m2025-09-24T05:01:33.923171Z[0m [[32m[1minfo     [0m] [1m📊 Execution progress          [0m [[0m[1m[34mconnector[0m][0m [36mactive_workers[0m=[35m3[0m [36mcommands_executed[0m=[35m45[0m [36mqueue_size[0m=[35m0[0m [36mrecords_processed[0m=[35m4606[0m
2025-09-24 10:31:44,035 - connector - INFO - _monitor_execution:403 - [2m2025-09-24T05:01:44.034695Z[0m [[32m[1minfo     [0m] [1m📊 Execution progress          [0m [[0m[1m[34mconnector[0m][0m [36mactive_workers[0m=[35m3[0m [36mcommands_executed[0m=[35m45[0m [36mqueue_size[0m=[35m0[0m [36mrecords_processed[0m=[35m4606[0m
2025-09-24 10:31:54,130 - connector - INFO - _monitor_execution:403 - [2m2025-09-24T05:01:54.130507Z[0m [[32m[1minfo     [0m] [1m📊 Execution progress          [0m [[0m[1m[34mconnector[0m][0m [36mactive_workers[0m=[35m3[0m [36mcommands_executed[0m=[35m45[0m [36mqueue_size[0m=[35m0[0m [36mrecords_processed[0m=[35m4606[0m
2025-09-24 10:32:04,210 - connector - INFO - _monitor_execution:403 - [2m2025-09-24T05:02:04.210771Z[0m [[32m[1minfo     [0m] [1m📊 Execution progress          [0m [[0m[1m[34mconnector[0m][0m [36mactive_workers[0m=[35m3[0m [36mcommands_executed[0m=[35m45[0m [36mqueue_size[0m=[35m0[0m [36mrecords_processed[0m=[35m4606[0m
2025-09-24 10:32:14,327 - connector - INFO - _monitor_execution:403 - [2m2025-09-24T05:02:14.327610Z[0m [[32m[1minfo     [0m] [1m📊 Execution progress          [0m [[0m[1m[34mconnector[0m][0m [36mactive_workers[0m=[35m3[0m [36mcommands_executed[0m=[35m45[0m [36mqueue_size[0m=[35m0[0m [36mrecords_processed[0m=[35m4606[0m
2025-09-24 10:32:24,402 - connector - INFO - _monitor_execution:403 - [2m2025-09-24T05:02:24.402287Z[0m [[32m[1minfo     [0m] [1m📊 Execution progress          [0m [[0m[1m[34mconnector[0m][0m [36mactive_workers[0m=[35m3[0m [36mcommands_executed[0m=[35m45[0m [36mqueue_size[0m=[35m0[0m [36mrecords_processed[0m=[35m4606[0m
2025-09-24 10:32:34,501 - connector - INFO - _monitor_execution:403 - [2m2025-09-24T05:02:34.501681Z[0m [[32m[1minfo     [0m] [1m📊 Execution progress          [0m [[0m[1m[34mconnector[0m][0m [36mactive_workers[0m=[35m3[0m [36mcommands_executed[0m=[35m45[0m [36mqueue_size[0m=[35m0[0m [36mrecords_processed[0m=[35m4606[0m
2025-09-24 10:32:44,602 - connector - INFO - _monitor_execution:403 - [2m2025-09-24T05:02:44.602113Z[0m [[32m[1minfo     [0m] [1m📊 Execution progress          [0m [[0m[1m[34mconnector[0m][0m [36mactive_workers[0m=[35m3[0m [36mcommands_executed[0m=[35m45[0m [36mqueue_size[0m=[35m0[0m [36mrecords_processed[0m=[35m4606[0m
2025-09-24 10:32:54,702 - connector - INFO - _monitor_execution:403 - [2m2025-09-24T05:02:54.702285Z[0m [[32m[1minfo     [0m] [1m📊 Execution progress          [0m [[0m[1m[34mconnector[0m][0m [36mactive_workers[0m=[35m3[0m [36mcommands_executed[0m=[35m45[0m [36mqueue_size[0m=[35m0[0m [36mrecords_processed[0m=[35m4606[0m
2025-09-24 10:33:04,769 - connector - INFO - _monitor_execution:403 - [2m2025-09-24T05:03:04.769167Z[0m [[32m[1minfo     [0m] [1m📊 Execution progress          [0m [[0m[1m[34mconnector[0m][0m [36mactive_workers[0m=[35m3[0m [36mcommands_executed[0m=[35m45[0m [36mqueue_size[0m=[35m0[0m [36mrecords_processed[0m=[35m4606[0m
2025-09-24 10:33:14,904 - connector - INFO - _monitor_execution:403 - [2m2025-09-24T05:03:14.904328Z[0m [[32m[1minfo     [0m] [1m📊 Execution progress          [0m [[0m[1m[34mconnector[0m][0m [36mactive_workers[0m=[35m3[0m [36mcommands_executed[0m=[35m45[0m [36mqueue_size[0m=[35m0[0m [36mrecords_processed[0m=[35m4606[0m
2025-09-24 10:33:25,057 - connector - INFO - _monitor_execution:403 - [2m2025-09-24T05:03:25.057894Z[0m [[32m[1minfo     [0m] [1m📊 Execution progress          [0m [[0m[1m[34mconnector[0m][0m [36mactive_workers[0m=[35m3[0m [36mcommands_executed[0m=[35m45[0m [36mqueue_size[0m=[35m0[0m [36mrecords_processed[0m=[35m4606[0m
2025-09-24 10:33:35,168 - connector - INFO - _monitor_execution:403 - [2m2025-09-24T05:03:35.168483Z[0m [[32m[1minfo     [0m] [1m📊 Execution progress          [0m [[0m[1m[34mconnector[0m][0m [36mactive_workers[0m=[35m3[0m [36mcommands_executed[0m=[35m45[0m [36mqueue_size[0m=[35m0[0m [36mrecords_processed[0m=[35m4606[0m
2025-09-24 10:33:45,238 - connector - INFO - _monitor_execution:403 - [2m2025-09-24T05:03:45.237868Z[0m [[32m[1minfo     [0m] [1m📊 Execution progress          [0m [[0m[1m[34mconnector[0m][0m [36mactive_workers[0m=[35m3[0m [36mcommands_executed[0m=[35m45[0m [36mqueue_size[0m=[35m0[0m [36mrecords_processed[0m=[35m4606[0m
2025-09-24 10:33:55,304 - connector - INFO - _monitor_execution:403 - [2m2025-09-24T05:03:55.304089Z[0m [[32m[1minfo     [0m] [1m📊 Execution progress          [0m [[0m[1m[34mconnector[0m][0m [36mactive_workers[0m=[35m3[0m [36mcommands_executed[0m=[35m45[0m [36mqueue_size[0m=[35m0[0m [36mrecords_processed[0m=[35m4606[0m
2025-09-24 10:34:05,404 - connector - INFO - _monitor_execution:403 - [2m2025-09-24T05:04:05.404591Z[0m [[32m[1minfo     [0m] [1m📊 Execution progress          [0m [[0m[1m[34mconnector[0m][0m [36mactive_workers[0m=[35m3[0m [36mcommands_executed[0m=[35m45[0m [36mqueue_size[0m=[35m0[0m [36mrecords_processed[0m=[35m4606[0m
2025-09-24 10:34:15,471 - connector - INFO - _monitor_execution:403 - [2m2025-09-24T05:04:15.471311Z[0m [[32m[1minfo     [0m] [1m📊 Execution progress          [0m [[0m[1m[34mconnector[0m][0m [36mactive_workers[0m=[35m3[0m [36mcommands_executed[0m=[35m45[0m [36mqueue_size[0m=[35m0[0m [36mrecords_processed[0m=[35m4606[0m
2025-09-24 10:34:25,539 - connector - INFO - _monitor_execution:403 - [2m2025-09-24T05:04:25.539231Z[0m [[32m[1minfo     [0m] [1m📊 Execution progress          [0m [[0m[1m[34mconnector[0m][0m [36mactive_workers[0m=[35m3[0m [36mcommands_executed[0m=[35m45[0m [36mqueue_size[0m=[35m0[0m [36mrecords_processed[0m=[35m4606[0m
2025-09-24 10:34:35,602 - connector - INFO - _monitor_execution:403 - [2m2025-09-24T05:04:35.602407Z[0m [[32m[1minfo     [0m] [1m📊 Execution progress          [0m [[0m[1m[34mconnector[0m][0m [36mactive_workers[0m=[35m3[0m [36mcommands_executed[0m=[35m45[0m [36mqueue_size[0m=[35m0[0m [36mrecords_processed[0m=[35m4606[0m
2025-09-24 10:34:45,688 - connector - INFO - _monitor_execution:403 - [2m2025-09-24T05:04:45.687462Z[0m [[32m[1minfo     [0m] [1m📊 Execution progress          [0m [[0m[1m[34mconnector[0m][0m [36mactive_workers[0m=[35m3[0m [36mcommands_executed[0m=[35m45[0m [36mqueue_size[0m=[35m0[0m [36mrecords_processed[0m=[35m4606[0m
2025-09-24 10:34:55,738 - connector - INFO - _monitor_execution:403 - [2m2025-09-24T05:04:55.737602Z[0m [[32m[1minfo     [0m] [1m📊 Execution progress          [0m [[0m[1m[34mconnector[0m][0m [36mactive_workers[0m=[35m3[0m [36mcommands_executed[0m=[35m45[0m [36mqueue_size[0m=[35m0[0m [36mrecords_processed[0m=[35m4606[0m
2025-09-24 10:35:05,817 - connector - INFO - _monitor_execution:403 - [2m2025-09-24T05:05:05.817498Z[0m [[32m[1minfo     [0m] [1m📊 Execution progress          [0m [[0m[1m[34mconnector[0m][0m [36mactive_workers[0m=[35m3[0m [36mcommands_executed[0m=[35m45[0m [36mqueue_size[0m=[35m0[0m [36mrecords_processed[0m=[35m4606[0m
2025-09-24 10:35:15,924 - connector - INFO - _monitor_execution:403 - [2m2025-09-24T05:05:15.924250Z[0m [[32m[1minfo     [0m] [1m📊 Execution progress          [0m [[0m[1m[34mconnector[0m][0m [36mactive_workers[0m=[35m3[0m [36mcommands_executed[0m=[35m45[0m [36mqueue_size[0m=[35m0[0m [36mrecords_processed[0m=[35m4606[0m
2025-09-24 10:35:25,987 - connector - INFO - _monitor_execution:403 - [2m2025-09-24T05:05:25.987555Z[0m [[32m[1minfo     [0m] [1m📊 Execution progress          [0m [[0m[1m[34mconnector[0m][0m [36mactive_workers[0m=[35m3[0m [36mcommands_executed[0m=[35m45[0m [36mqueue_size[0m=[35m0[0m [36mrecords_processed[0m=[35m4606[0m
2025-09-24 10:35:36,054 - connector - INFO - _monitor_execution:403 - [2m2025-09-24T05:05:36.054223Z[0m [[32m[1minfo     [0m] [1m📊 Execution progress          [0m [[0m[1m[34mconnector[0m][0m [36mactive_workers[0m=[35m3[0m [36mcommands_executed[0m=[35m45[0m [36mqueue_size[0m=[35m0[0m [36mrecords_processed[0m=[35m4606[0m
2025-09-24 10:35:37,947 - connector - INFO - _cleanup:555 - [2m2025-09-24T05:05:37.947246Z[0m [[32m[1minfo     [0m] [1mCleaning up connector resources[0m [[0m[1m[34mconnector[0m][0m
2025-09-24 10:35:37,948 - workers.proxy_pool - INFO - stop:397 - [2m2025-09-24T05:05:37.948580Z[0m [[32m[1minfo     [0m] [1mStopping proxy pool           [0m [[0m[1m[34mworkers.proxy_pool[0m][0m
2025-09-24 10:35:37,950 - workers.proxy_pool - INFO - _worker_loop:489 - [2m2025-09-24T05:05:37.950490Z[0m [[32m[1minfo     [0m] [1m🛑 Worker cancelled            [0m [[0m[1m[34mworkers.proxy_pool[0m][0m [36mworker_id[0m=[35mworker_0[0m [36mworker_status[0m=[35mCANCELLED[0m
2025-09-24 10:35:37,951 - workers.proxy_pool - INFO - _worker_loop:503 - [2m2025-09-24T05:05:37.951001Z[0m [[32m[1minfo     [0m] [1m🔴 Worker stopped              [0m [[0m[1m[34mworkers.proxy_pool[0m][0m [36mfinal_stats[0m=[35m{'requests_processed': 15, 'requests_failed': 0, 'requests_retried': 0}[0m [36mworker_id[0m=[35mworker_0[0m [36mworker_status[0m=[35mSTOPPED[0m
2025-09-24 10:35:37,952 - workers.proxy_pool - INFO - _worker_loop:489 - [2m2025-09-24T05:05:37.952097Z[0m [[32m[1minfo     [0m] [1m🛑 Worker cancelled            [0m [[0m[1m[34mworkers.proxy_pool[0m][0m [36mworker_id[0m=[35mworker_1[0m [36mworker_status[0m=[35mCANCELLED[0m
2025-09-24 10:35:37,952 - workers.proxy_pool - INFO - _worker_loop:503 - [2m2025-09-24T05:05:37.952645Z[0m [[32m[1minfo     [0m] [1m🔴 Worker stopped              [0m [[0m[1m[34mworkers.proxy_pool[0m][0m [36mfinal_stats[0m=[35m{'requests_processed': 14, 'requests_failed': 0, 'requests_retried': 0}[0m [36mworker_id[0m=[35mworker_1[0m [36mworker_status[0m=[35mSTOPPED[0m
2025-09-24 10:35:37,953 - workers.proxy_pool - INFO - _worker_loop:489 - [2m2025-09-24T05:05:37.953200Z[0m [[32m[1minfo     [0m] [1m🛑 Worker cancelled            [0m [[0m[1m[34mworkers.proxy_pool[0m][0m [36mworker_id[0m=[35mworker_2[0m [36mworker_status[0m=[35mCANCELLED[0m
2025-09-24 10:35:37,953 - workers.proxy_pool - INFO - _worker_loop:503 - [2m2025-09-24T05:05:37.953755Z[0m [[32m[1minfo     [0m] [1m🔴 Worker stopped              [0m [[0m[1m[34mworkers.proxy_pool[0m][0m [36mfinal_stats[0m=[35m{'requests_processed': 16, 'requests_failed': 0, 'requests_retried': 0}[0m [36mworker_id[0m=[35mworker_2[0m [36mworker_status[0m=[35mSTOPPED[0m
2025-09-24 10:35:37,954 - workers.resilience - INFO - close:341 - [2m2025-09-24T05:05:37.954310Z[0m [[32m[1minfo     [0m] [1mClosing HTTP connection pool  [0m [[0m[1m[34mworkers.resilience[0m][0m
2025-09-24 10:35:37,955 - httpcore.connection - DEBUG - atrace:87 - close.started
2025-09-24 10:35:37,957 - httpcore.connection - DEBUG - atrace:87 - close.complete
2025-09-24 10:35:37,958 - httpcore.connection - DEBUG - atrace:87 - close.started
2025-09-24 10:35:37,958 - httpcore.connection - DEBUG - atrace:87 - close.complete
2025-09-24 10:35:37,958 - httpcore.connection - DEBUG - atrace:87 - close.started
2025-09-24 10:35:37,959 - httpcore.connection - DEBUG - atrace:87 - close.complete
2025-09-24 10:35:37,960 - workers.proxy_pool - INFO - stop:415 - [2m2025-09-24T05:05:37.959457Z[0m [[32m[1minfo     [0m] [1mProxy pool stopped            [0m [[0m[1m[34mworkers.proxy_pool[0m][0m
2025-09-24 10:35:38,074 - connector - INFO - _push_metrics_to_gateway:547 - [2m2025-09-24T05:05:38.074761Z[0m [[32m[1minfo     [0m] [1mMetrics pushed to Prometheus Push Gateway successfully.[0m [[0m[1m[34mconnector[0m][0m
