2025-09-22 12:18:33,824 - logging_config - INFO - setup_connector_logging:106 - [2m2025-09-22T06:48:33.824924Z[0m [[32m[1minfo     [0m] [1mSAP OData Connector logging configured[0m [[0m[1m[34mlogging_config[0m][0m [36mlog_file[0m=[35mlogs\sap_odata_connector_20250922_121833.log[0m [36mlog_level[0m=[35mINFO[0m [36mlog_to_file[0m=[35mTrue[0m
2025-09-22 12:18:34,549 - asyncio - DEBUG - __init__:634 - Using proactor: IocpProactor
2025-09-22 12:18:34,566 - connector - INFO - initialize:96 - [2m2025-09-22T06:48:34.566880Z[0m [[32m[1minfo     [0m] [1mInitializing SAP OData Connector[0m [[0m[1m[34mconnector[0m][0m
2025-09-22 12:18:34,568 - connector - INFO - initialize:124 - [2m2025-09-22T06:48:34.568386Z[0m [[32m[1minfo     [0m] [1mConnector initialization completed[0m [[0m[1m[34mconnector[0m][0m
2025-09-22 12:18:34,568 - connector - INFO - run:152 - [2m2025-09-22T06:48:34.568386Z[0m [[32m[1minfo     [0m] [1mStarting SAP OData connector execution[0m [[0m[1m[34mconnector[0m][0m
2025-09-22 12:18:34,572 - connector - INFO - _discovery_phase:187 - [2m2025-09-22T06:48:34.572001Z[0m [[32m[1minfo     [0m] [1mStarting discovery phase      [0m [[0m[1m[34mconnector[0m][0m
2025-09-22 12:18:34,963 - services.metadata - INFO - fetch_metadata:64 - [2m2025-09-22T06:48:34.963281Z[0m [[32m[1minfo     [0m] [1mFetching metadata from OData service[0m [[0m[1m[34mservices.metadata[0m][0m [36murl[0m=[35mhttps://services.odata.org/V4/Northwind/Northwind.svc/$metadata[0m
2025-09-22 12:18:34,968 - httpcore.connection - DEBUG - atrace:87 - connect_tcp.started host='services.odata.org' port=443 local_address=None timeout=30 socket_options=None
2025-09-22 12:18:35,286 - httpcore.connection - DEBUG - atrace:87 - connect_tcp.complete return_value=<httpcore._backends.anyio.AnyIOStream object at 0x0000019166B5A000>
2025-09-22 12:18:35,288 - httpcore.connection - DEBUG - atrace:87 - start_tls.started ssl_context=<ssl.SSLContext object at 0x00000191688496D0> server_hostname='services.odata.org' timeout=30
2025-09-22 12:18:35,919 - httpcore.connection - DEBUG - atrace:87 - start_tls.complete return_value=<httpcore._backends.anyio.AnyIOStream object at 0x0000019165A3D3A0>
2025-09-22 12:18:35,919 - httpcore.http11 - DEBUG - atrace:87 - send_request_headers.started request=<Request [b'GET']>
2025-09-22 12:18:35,919 - httpcore.http11 - DEBUG - atrace:87 - send_request_headers.complete
2025-09-22 12:18:35,919 - httpcore.http11 - DEBUG - atrace:87 - send_request_body.started request=<Request [b'GET']>
2025-09-22 12:18:35,919 - httpcore.http11 - DEBUG - atrace:87 - send_request_body.complete
2025-09-22 12:18:35,919 - httpcore.http11 - DEBUG - atrace:87 - receive_response_headers.started request=<Request [b'GET']>
2025-09-22 12:18:36,208 - httpcore.http11 - DEBUG - atrace:87 - receive_response_headers.complete return_value=(b'HTTP/1.1', 200, b'OK', [(b'Content-Length', b'19406'), (b'Content-Type', b'application/xml;charset=utf-8'), (b'Date', b'Mon, 22 Sep 2025 06:48:37 GMT'), (b'Server', b'Microsoft-IIS/10.0'), (b'Access-Control-Allow-Headers', b'Accept, Origin, Content-Type, MaxDataServiceVersion'), (b'Access-Control-Allow-Methods', b'GET'), (b'Access-Control-Allow-Origin', b'*'), (b'Access-Control-Expose-Headers', b'DataServiceVersion'), (b'Cache-Control', b'private'), (b'Expires', b'Mon, 22 Sep 2025 06:49:21 GMT'), (b'Vary', b'*'), (b'X-Content-Type-Options', b'nosniff'), (b'OData-Version', b'4.0;'), (b'X-AspNet-Version', b'4.0.30319'), (b'X-Powered-By', b'ASP.NET')])
2025-09-22 12:18:36,208 - httpx - INFO - _send_single_request:1740 - HTTP Request: GET https://services.odata.org/V4/Northwind/Northwind.svc/$metadata "HTTP/1.1 200 OK"
2025-09-22 12:18:36,213 - httpcore.http11 - DEBUG - atrace:87 - receive_response_body.started request=<Request [b'GET']>
2025-09-22 12:18:36,508 - httpcore.http11 - DEBUG - atrace:87 - receive_response_body.complete
2025-09-22 12:18:36,508 - httpcore.http11 - DEBUG - atrace:87 - response_closed.started
2025-09-22 12:18:36,508 - httpcore.http11 - DEBUG - atrace:87 - response_closed.complete
2025-09-22 12:18:36,514 - services.metadata - INFO - fetch_metadata:82 - [2m2025-09-22T06:48:36.514404Z[0m [[32m[1minfo     [0m] [1mSuccessfully parsed metadata  [0m [[0m[1m[34mservices.metadata[0m][0m [36mentity_count[0m=[35m26[0m
2025-09-22 12:18:36,514 - httpcore.connection - DEBUG - atrace:87 - close.started
2025-09-22 12:18:36,516 - httpcore.connection - DEBUG - atrace:87 - close.complete
2025-09-22 12:18:36,805 - services.count - INFO - get_entity_counts:34 - [2m2025-09-22T06:48:36.805964Z[0m [[32m[1minfo     [0m] [1mFetching entity counts        [0m [[0m[1m[34mservices.count[0m][0m [36mentity_count[0m=[35m26[0m
2025-09-22 12:18:36,811 - httpcore.connection - DEBUG - atrace:87 - connect_tcp.started host='services.odata.org' port=443 local_address=None timeout=30 socket_options=None
2025-09-22 12:18:36,813 - httpcore.connection - DEBUG - atrace:87 - connect_tcp.started host='services.odata.org' port=443 local_address=None timeout=30 socket_options=None
2025-09-22 12:18:36,813 - httpcore.connection - DEBUG - atrace:87 - connect_tcp.started host='services.odata.org' port=443 local_address=None timeout=30 socket_options=None
2025-09-22 12:18:36,813 - httpcore.connection - DEBUG - atrace:87 - connect_tcp.started host='services.odata.org' port=443 local_address=None timeout=30 socket_options=None
2025-09-22 12:18:36,813 - httpcore.connection - DEBUG - atrace:87 - connect_tcp.started host='services.odata.org' port=443 local_address=None timeout=30 socket_options=None
2025-09-22 12:18:36,813 - httpcore.connection - DEBUG - atrace:87 - connect_tcp.started host='services.odata.org' port=443 local_address=None timeout=30 socket_options=None
2025-09-22 12:18:36,813 - httpcore.connection - DEBUG - atrace:87 - connect_tcp.started host='services.odata.org' port=443 local_address=None timeout=30 socket_options=None
2025-09-22 12:18:36,813 - httpcore.connection - DEBUG - atrace:87 - connect_tcp.started host='services.odata.org' port=443 local_address=None timeout=30 socket_options=None
2025-09-22 12:18:36,813 - httpcore.connection - DEBUG - atrace:87 - connect_tcp.started host='services.odata.org' port=443 local_address=None timeout=30 socket_options=None
2025-09-22 12:18:36,813 - httpcore.connection - DEBUG - atrace:87 - connect_tcp.started host='services.odata.org' port=443 local_address=None timeout=30 socket_options=None
2025-09-22 12:18:36,813 - httpcore.connection - DEBUG - atrace:87 - connect_tcp.started host='services.odata.org' port=443 local_address=None timeout=30 socket_options=None
2025-09-22 12:18:36,813 - httpcore.connection - DEBUG - atrace:87 - connect_tcp.started host='services.odata.org' port=443 local_address=None timeout=30 socket_options=None
2025-09-22 12:18:36,813 - httpcore.connection - DEBUG - atrace:87 - connect_tcp.started host='services.odata.org' port=443 local_address=None timeout=30 socket_options=None
2025-09-22 12:18:36,813 - httpcore.connection - DEBUG - atrace:87 - connect_tcp.started host='services.odata.org' port=443 local_address=None timeout=30 socket_options=None
2025-09-22 12:18:36,813 - httpcore.connection - DEBUG - atrace:87 - connect_tcp.started host='services.odata.org' port=443 local_address=None timeout=30 socket_options=None
2025-09-22 12:18:36,813 - httpcore.connection - DEBUG - atrace:87 - connect_tcp.started host='services.odata.org' port=443 local_address=None timeout=30 socket_options=None
2025-09-22 12:18:36,813 - httpcore.connection - DEBUG - atrace:87 - connect_tcp.started host='services.odata.org' port=443 local_address=None timeout=30 socket_options=None
2025-09-22 12:18:36,813 - httpcore.connection - DEBUG - atrace:87 - connect_tcp.started host='services.odata.org' port=443 local_address=None timeout=30 socket_options=None
2025-09-22 12:18:36,822 - httpcore.connection - DEBUG - atrace:87 - connect_tcp.started host='services.odata.org' port=443 local_address=None timeout=30 socket_options=None
2025-09-22 12:18:36,822 - httpcore.connection - DEBUG - atrace:87 - connect_tcp.started host='services.odata.org' port=443 local_address=None timeout=30 socket_options=None
2025-09-22 12:18:36,822 - httpcore.connection - DEBUG - atrace:87 - connect_tcp.started host='services.odata.org' port=443 local_address=None timeout=30 socket_options=None
2025-09-22 12:18:36,822 - httpcore.connection - DEBUG - atrace:87 - connect_tcp.started host='services.odata.org' port=443 local_address=None timeout=30 socket_options=None
2025-09-22 12:18:36,824 - httpcore.connection - DEBUG - atrace:87 - connect_tcp.started host='services.odata.org' port=443 local_address=None timeout=30 socket_options=None
2025-09-22 12:18:36,824 - httpcore.connection - DEBUG - atrace:87 - connect_tcp.started host='services.odata.org' port=443 local_address=None timeout=30 socket_options=None
2025-09-22 12:18:36,824 - httpcore.connection - DEBUG - atrace:87 - connect_tcp.started host='services.odata.org' port=443 local_address=None timeout=30 socket_options=None
2025-09-22 12:18:36,824 - httpcore.connection - DEBUG - atrace:87 - connect_tcp.started host='services.odata.org' port=443 local_address=None timeout=30 socket_options=None
2025-09-22 12:18:37,137 - httpcore.connection - DEBUG - atrace:87 - connect_tcp.complete return_value=<httpcore._backends.anyio.AnyIOStream object at 0x0000019168940080>
2025-09-22 12:18:37,137 - httpcore.connection - DEBUG - atrace:87 - start_tls.started ssl_context=<ssl.SSLContext object at 0x000001916884A4D0> server_hostname='services.odata.org' timeout=30
2025-09-22 12:18:37,137 - httpcore.connection - DEBUG - atrace:87 - connect_tcp.complete return_value=<httpcore._backends.anyio.AnyIOStream object at 0x00000191688CFE30>
2025-09-22 12:18:37,137 - httpcore.connection - DEBUG - atrace:87 - start_tls.started ssl_context=<ssl.SSLContext object at 0x000001916884A4D0> server_hostname='services.odata.org' timeout=30
2025-09-22 12:18:37,137 - httpcore.connection - DEBUG - atrace:87 - connect_tcp.complete return_value=<httpcore._backends.anyio.AnyIOStream object at 0x0000019168916D50>
2025-09-22 12:18:37,137 - httpcore.connection - DEBUG - atrace:87 - start_tls.started ssl_context=<ssl.SSLContext object at 0x000001916884A4D0> server_hostname='services.odata.org' timeout=30
2025-09-22 12:18:37,139 - httpcore.connection - DEBUG - atrace:87 - connect_tcp.complete return_value=<httpcore._backends.anyio.AnyIOStream object at 0x0000019168940DA0>
2025-09-22 12:18:37,139 - httpcore.connection - DEBUG - atrace:87 - start_tls.started ssl_context=<ssl.SSLContext object at 0x000001916884A4D0> server_hostname='services.odata.org' timeout=30
2025-09-22 12:18:37,139 - httpcore.connection - DEBUG - atrace:87 - connect_tcp.complete return_value=<httpcore._backends.anyio.AnyIOStream object at 0x00000191689179B0>
2025-09-22 12:18:37,139 - httpcore.connection - DEBUG - atrace:87 - start_tls.started ssl_context=<ssl.SSLContext object at 0x000001916884A4D0> server_hostname='services.odata.org' timeout=30
2025-09-22 12:18:37,139 - httpcore.connection - DEBUG - atrace:87 - connect_tcp.complete return_value=<httpcore._backends.anyio.AnyIOStream object at 0x00000191689407A0>
2025-09-22 12:18:37,139 - httpcore.connection - DEBUG - atrace:87 - start_tls.started ssl_context=<ssl.SSLContext object at 0x000001916884A4D0> server_hostname='services.odata.org' timeout=30
2025-09-22 12:18:37,139 - httpcore.connection - DEBUG - atrace:87 - connect_tcp.complete return_value=<httpcore._backends.anyio.AnyIOStream object at 0x0000019168941AC0>
2025-09-22 12:18:37,139 - httpcore.connection - DEBUG - atrace:87 - start_tls.started ssl_context=<ssl.SSLContext object at 0x000001916884A4D0> server_hostname='services.odata.org' timeout=30
2025-09-22 12:18:37,139 - httpcore.connection - DEBUG - atrace:87 - connect_tcp.complete return_value=<httpcore._backends.anyio.AnyIOStream object at 0x0000019168915490>
2025-09-22 12:18:37,139 - httpcore.connection - DEBUG - atrace:87 - start_tls.started ssl_context=<ssl.SSLContext object at 0x000001916884A4D0> server_hostname='services.odata.org' timeout=30
2025-09-22 12:18:37,141 - httpcore.connection - DEBUG - atrace:87 - connect_tcp.complete return_value=<httpcore._backends.anyio.AnyIOStream object at 0x0000019168943B60>
2025-09-22 12:18:37,141 - httpcore.connection - DEBUG - atrace:87 - start_tls.started ssl_context=<ssl.SSLContext object at 0x000001916884A4D0> server_hostname='services.odata.org' timeout=30
2025-09-22 12:18:37,141 - httpcore.connection - DEBUG - atrace:87 - connect_tcp.complete return_value=<httpcore._backends.anyio.AnyIOStream object at 0x0000019168916720>
2025-09-22 12:18:37,141 - httpcore.connection - DEBUG - atrace:87 - start_tls.started ssl_context=<ssl.SSLContext object at 0x000001916884A4D0> server_hostname='services.odata.org' timeout=30
2025-09-22 12:18:37,141 - httpcore.connection - DEBUG - atrace:87 - connect_tcp.complete return_value=<httpcore._backends.anyio.AnyIOStream object at 0x0000019168915AC0>
2025-09-22 12:18:37,141 - httpcore.connection - DEBUG - atrace:87 - start_tls.started ssl_context=<ssl.SSLContext object at 0x000001916884A4D0> server_hostname='services.odata.org' timeout=30
2025-09-22 12:18:37,141 - httpcore.connection - DEBUG - atrace:87 - connect_tcp.complete return_value=<httpcore._backends.anyio.AnyIOStream object at 0x0000019168914E60>
2025-09-22 12:18:37,141 - httpcore.connection - DEBUG - atrace:87 - start_tls.started ssl_context=<ssl.SSLContext object at 0x000001916884A4D0> server_hostname='services.odata.org' timeout=30
2025-09-22 12:18:37,143 - httpcore.connection - DEBUG - atrace:87 - connect_tcp.complete return_value=<httpcore._backends.anyio.AnyIOStream object at 0x00000191673483B0>
2025-09-22 12:18:37,143 - httpcore.connection - DEBUG - atrace:87 - start_tls.started ssl_context=<ssl.SSLContext object at 0x000001916884A4D0> server_hostname='services.odata.org' timeout=30
2025-09-22 12:18:37,143 - httpcore.connection - DEBUG - atrace:87 - connect_tcp.complete return_value=<httpcore._backends.anyio.AnyIOStream object at 0x0000019168998C80>
2025-09-22 12:18:37,143 - httpcore.connection - DEBUG - atrace:87 - start_tls.started ssl_context=<ssl.SSLContext object at 0x000001916884A4D0> server_hostname='services.odata.org' timeout=30
2025-09-22 12:18:37,143 - httpcore.connection - DEBUG - atrace:87 - connect_tcp.complete return_value=<httpcore._backends.anyio.AnyIOStream object at 0x0000019168914830>
2025-09-22 12:18:37,143 - httpcore.connection - DEBUG - atrace:87 - start_tls.started ssl_context=<ssl.SSLContext object at 0x000001916884A4D0> server_hostname='services.odata.org' timeout=30
2025-09-22 12:18:37,145 - httpcore.connection - DEBUG - atrace:87 - connect_tcp.complete return_value=<httpcore._backends.anyio.AnyIOStream object at 0x0000019168942150>
2025-09-22 12:18:37,145 - httpcore.connection - DEBUG - atrace:87 - start_tls.started ssl_context=<ssl.SSLContext object at 0x000001916884A4D0> server_hostname='services.odata.org' timeout=30
2025-09-22 12:18:37,145 - httpcore.connection - DEBUG - atrace:87 - connect_tcp.complete return_value=<httpcore._backends.anyio.AnyIOStream object at 0x00000191689160F0>
2025-09-22 12:18:37,145 - httpcore.connection - DEBUG - atrace:87 - start_tls.started ssl_context=<ssl.SSLContext object at 0x000001916884A4D0> server_hostname='services.odata.org' timeout=30
2025-09-22 12:18:37,145 - httpcore.connection - DEBUG - atrace:87 - connect_tcp.complete return_value=<httpcore._backends.anyio.AnyIOStream object at 0x0000019168942E40>
2025-09-22 12:18:37,145 - httpcore.connection - DEBUG - atrace:87 - start_tls.started ssl_context=<ssl.SSLContext object at 0x000001916884A4D0> server_hostname='services.odata.org' timeout=30
2025-09-22 12:18:37,145 - httpcore.connection - DEBUG - atrace:87 - connect_tcp.complete return_value=<httpcore._backends.anyio.AnyIOStream object at 0x0000019168917350>
2025-09-22 12:18:37,145 - httpcore.connection - DEBUG - atrace:87 - start_tls.started ssl_context=<ssl.SSLContext object at 0x000001916884A4D0> server_hostname='services.odata.org' timeout=30
2025-09-22 12:18:37,145 - httpcore.connection - DEBUG - atrace:87 - connect_tcp.complete return_value=<httpcore._backends.anyio.AnyIOStream object at 0x0000019168940710>
2025-09-22 12:18:37,145 - httpcore.connection - DEBUG - atrace:87 - start_tls.started ssl_context=<ssl.SSLContext object at 0x000001916884A4D0> server_hostname='services.odata.org' timeout=30
2025-09-22 12:18:37,145 - httpcore.connection - DEBUG - atrace:87 - connect_tcp.complete return_value=<httpcore._backends.anyio.AnyIOStream object at 0x000001916899A7E0>
2025-09-22 12:18:37,145 - httpcore.connection - DEBUG - atrace:87 - start_tls.started ssl_context=<ssl.SSLContext object at 0x000001916884A4D0> server_hostname='services.odata.org' timeout=30
2025-09-22 12:18:37,147 - httpcore.connection - DEBUG - atrace:87 - connect_tcp.complete return_value=<httpcore._backends.anyio.AnyIOStream object at 0x00000191688632C0>
2025-09-22 12:18:37,147 - httpcore.connection - DEBUG - atrace:87 - start_tls.started ssl_context=<ssl.SSLContext object at 0x000001916884A4D0> server_hostname='services.odata.org' timeout=30
2025-09-22 12:18:37,147 - httpcore.connection - DEBUG - atrace:87 - connect_tcp.complete return_value=<httpcore._backends.anyio.AnyIOStream object at 0x00000191689434D0>
2025-09-22 12:18:37,147 - httpcore.connection - DEBUG - atrace:87 - start_tls.started ssl_context=<ssl.SSLContext object at 0x000001916884A4D0> server_hostname='services.odata.org' timeout=30
2025-09-22 12:18:37,147 - httpcore.connection - DEBUG - atrace:87 - connect_tcp.complete return_value=<httpcore._backends.anyio.AnyIOStream object at 0x0000019168998980>
2025-09-22 12:18:37,147 - httpcore.connection - DEBUG - atrace:87 - start_tls.started ssl_context=<ssl.SSLContext object at 0x000001916884A4D0> server_hostname='services.odata.org' timeout=30
2025-09-22 12:18:37,147 - httpcore.connection - DEBUG - atrace:87 - connect_tcp.complete return_value=<httpcore._backends.anyio.AnyIOStream object at 0x000001916899A720>
2025-09-22 12:18:37,147 - httpcore.connection - DEBUG - atrace:87 - start_tls.started ssl_context=<ssl.SSLContext object at 0x000001916884A4D0> server_hostname='services.odata.org' timeout=30
2025-09-22 12:18:37,147 - httpcore.connection - DEBUG - atrace:87 - connect_tcp.complete return_value=<httpcore._backends.anyio.AnyIOStream object at 0x0000019168941430>
2025-09-22 12:18:37,147 - httpcore.connection - DEBUG - atrace:87 - start_tls.started ssl_context=<ssl.SSLContext object at 0x000001916884A4D0> server_hostname='services.odata.org' timeout=30
2025-09-22 12:18:37,756 - httpcore.connection - DEBUG - atrace:87 - start_tls.complete return_value=<httpcore._backends.anyio.AnyIOStream object at 0x0000019168862C00>
2025-09-22 12:18:37,756 - httpcore.connection - DEBUG - atrace:87 - start_tls.complete return_value=<httpcore._backends.anyio.AnyIOStream object at 0x0000019168940050>
2025-09-22 12:18:37,756 - httpcore.connection - DEBUG - atrace:87 - start_tls.complete return_value=<httpcore._backends.anyio.AnyIOStream object at 0x000001916710CBF0>
2025-09-22 12:18:37,785 - httpcore.http11 - DEBUG - atrace:87 - send_request_headers.started request=<Request [b'GET']>
2025-09-22 12:18:37,785 - httpcore.http11 - DEBUG - atrace:87 - send_request_headers.started request=<Request [b'GET']>
2025-09-22 12:18:37,792 - httpcore.http11 - DEBUG - atrace:87 - send_request_headers.started request=<Request [b'GET']>
2025-09-22 12:18:37,792 - httpcore.connection - DEBUG - atrace:87 - start_tls.complete return_value=<httpcore._backends.anyio.AnyIOStream object at 0x0000019168998DA0>
2025-09-22 12:18:37,792 - httpcore.connection - DEBUG - atrace:87 - start_tls.complete return_value=<httpcore._backends.anyio.AnyIOStream object at 0x00000191689406E0>
2025-09-22 12:18:37,792 - httpcore.connection - DEBUG - atrace:87 - start_tls.complete return_value=<httpcore._backends.anyio.AnyIOStream object at 0x0000019168915430>
2025-09-22 12:18:37,792 - httpcore.connection - DEBUG - atrace:87 - start_tls.complete return_value=<httpcore._backends.anyio.AnyIOStream object at 0x0000019168916CF0>
2025-09-22 12:18:37,792 - httpcore.connection - DEBUG - atrace:87 - start_tls.complete return_value=<httpcore._backends.anyio.AnyIOStream object at 0x00000191688CFF20>
2025-09-22 12:18:37,883 - httpcore.http11 - DEBUG - atrace:87 - send_request_headers.complete
2025-09-22 12:18:37,883 - httpcore.http11 - DEBUG - atrace:87 - send_request_body.started request=<Request [b'GET']>
2025-09-22 12:18:37,883 - httpcore.http11 - DEBUG - atrace:87 - send_request_body.complete
2025-09-22 12:18:37,883 - httpcore.http11 - DEBUG - atrace:87 - receive_response_headers.started request=<Request [b'GET']>
2025-09-22 12:18:37,883 - httpcore.http11 - DEBUG - atrace:87 - send_request_headers.complete
2025-09-22 12:18:37,883 - httpcore.http11 - DEBUG - atrace:87 - send_request_body.started request=<Request [b'GET']>
2025-09-22 12:18:37,883 - httpcore.http11 - DEBUG - atrace:87 - send_request_body.complete
2025-09-22 12:18:37,883 - httpcore.http11 - DEBUG - atrace:87 - receive_response_headers.started request=<Request [b'GET']>
2025-09-22 12:18:37,886 - httpcore.http11 - DEBUG - atrace:87 - send_request_headers.complete
2025-09-22 12:18:37,886 - httpcore.http11 - DEBUG - atrace:87 - send_request_body.started request=<Request [b'GET']>
2025-09-22 12:18:37,886 - httpcore.http11 - DEBUG - atrace:87 - send_request_body.complete
2025-09-22 12:18:37,886 - httpcore.http11 - DEBUG - atrace:87 - receive_response_headers.started request=<Request [b'GET']>
2025-09-22 12:18:37,886 - httpcore.http11 - DEBUG - atrace:87 - send_request_headers.started request=<Request [b'GET']>
2025-09-22 12:18:37,886 - httpcore.http11 - DEBUG - atrace:87 - send_request_headers.started request=<Request [b'GET']>
2025-09-22 12:18:37,886 - httpcore.http11 - DEBUG - atrace:87 - send_request_headers.started request=<Request [b'GET']>
2025-09-22 12:18:37,886 - httpcore.http11 - DEBUG - atrace:87 - send_request_headers.started request=<Request [b'GET']>
2025-09-22 12:18:37,886 - httpcore.http11 - DEBUG - atrace:87 - send_request_headers.started request=<Request [b'GET']>
2025-09-22 12:18:37,886 - httpcore.connection - DEBUG - atrace:87 - start_tls.complete return_value=<httpcore._backends.anyio.AnyIOStream object at 0x0000019168942120>
2025-09-22 12:18:37,886 - httpcore.connection - DEBUG - atrace:87 - start_tls.complete return_value=<httpcore._backends.anyio.AnyIOStream object at 0x00000191688CE000>
2025-09-22 12:18:37,886 - httpcore.connection - DEBUG - atrace:87 - start_tls.complete return_value=<httpcore._backends.anyio.AnyIOStream object at 0x0000019168942780>
2025-09-22 12:18:37,886 - httpcore.connection - DEBUG - atrace:87 - start_tls.complete return_value=<httpcore._backends.anyio.AnyIOStream object at 0x0000019168917980>
2025-09-22 12:18:37,886 - httpcore.connection - DEBUG - atrace:87 - start_tls.complete return_value=<httpcore._backends.anyio.AnyIOStream object at 0x00000191689434A0>
2025-09-22 12:18:37,886 - httpcore.connection - DEBUG - atrace:87 - start_tls.complete return_value=<httpcore._backends.anyio.AnyIOStream object at 0x0000019168941400>
2025-09-22 12:18:37,886 - httpcore.connection - DEBUG - atrace:87 - start_tls.complete return_value=<httpcore._backends.anyio.AnyIOStream object at 0x0000019168915A60>
2025-09-22 12:18:37,886 - httpcore.connection - DEBUG - atrace:87 - start_tls.complete return_value=<httpcore._backends.anyio.AnyIOStream object at 0x00000191689147D0>
2025-09-22 12:18:37,886 - httpcore.connection - DEBUG - atrace:87 - start_tls.complete return_value=<httpcore._backends.anyio.AnyIOStream object at 0x0000019168916090>
2025-09-22 12:18:37,886 - httpcore.connection - DEBUG - atrace:87 - start_tls.complete return_value=<httpcore._backends.anyio.AnyIOStream object at 0x0000019168917320>
2025-09-22 12:18:37,886 - httpcore.connection - DEBUG - atrace:87 - start_tls.complete return_value=<httpcore._backends.anyio.AnyIOStream object at 0x00000191688CDD90>
2025-09-22 12:18:37,886 - httpcore.connection - DEBUG - atrace:87 - start_tls.complete return_value=<httpcore._backends.anyio.AnyIOStream object at 0x0000019168941A90>
2025-09-22 12:18:37,886 - httpcore.connection - DEBUG - atrace:87 - start_tls.complete return_value=<httpcore._backends.anyio.AnyIOStream object at 0x0000019168914E00>
2025-09-22 12:18:37,886 - httpcore.connection - DEBUG - atrace:87 - start_tls.complete return_value=<httpcore._backends.anyio.AnyIOStream object at 0x0000019168862D50>
2025-09-22 12:18:37,886 - httpcore.connection - DEBUG - atrace:87 - start_tls.complete return_value=<httpcore._backends.anyio.AnyIOStream object at 0x00000191689166C0>
2025-09-22 12:18:37,886 - httpcore.connection - DEBUG - atrace:87 - start_tls.complete return_value=<httpcore._backends.anyio.AnyIOStream object at 0x0000019168942E10>
2025-09-22 12:18:37,889 - httpcore.connection - DEBUG - atrace:87 - start_tls.complete return_value=<httpcore._backends.anyio.AnyIOStream object at 0x0000019168943B30>
2025-09-22 12:18:37,889 - httpcore.connection - DEBUG - atrace:87 - start_tls.complete return_value=<httpcore._backends.anyio.AnyIOStream object at 0x0000019168940D70>
2025-09-22 12:18:37,889 - httpcore.http11 - DEBUG - atrace:87 - send_request_headers.complete
2025-09-22 12:18:37,889 - httpcore.http11 - DEBUG - atrace:87 - send_request_body.started request=<Request [b'GET']>
2025-09-22 12:18:37,889 - httpcore.http11 - DEBUG - atrace:87 - send_request_body.complete
2025-09-22 12:18:37,889 - httpcore.http11 - DEBUG - atrace:87 - receive_response_headers.started request=<Request [b'GET']>
2025-09-22 12:18:37,889 - httpcore.http11 - DEBUG - atrace:87 - send_request_headers.complete
2025-09-22 12:18:37,889 - httpcore.http11 - DEBUG - atrace:87 - send_request_body.started request=<Request [b'GET']>
2025-09-22 12:18:37,889 - httpcore.http11 - DEBUG - atrace:87 - send_request_body.complete
2025-09-22 12:18:37,889 - httpcore.http11 - DEBUG - atrace:87 - receive_response_headers.started request=<Request [b'GET']>
2025-09-22 12:18:37,889 - httpcore.http11 - DEBUG - atrace:87 - send_request_headers.complete
2025-09-22 12:18:37,889 - httpcore.http11 - DEBUG - atrace:87 - send_request_body.started request=<Request [b'GET']>
2025-09-22 12:18:37,889 - httpcore.http11 - DEBUG - atrace:87 - send_request_body.complete
2025-09-22 12:18:37,889 - httpcore.http11 - DEBUG - atrace:87 - receive_response_headers.started request=<Request [b'GET']>
2025-09-22 12:18:37,889 - httpcore.http11 - DEBUG - atrace:87 - send_request_headers.complete
2025-09-22 12:18:37,889 - httpcore.http11 - DEBUG - atrace:87 - send_request_body.started request=<Request [b'GET']>
2025-09-22 12:18:37,889 - httpcore.http11 - DEBUG - atrace:87 - send_request_body.complete
2025-09-22 12:18:37,889 - httpcore.http11 - DEBUG - atrace:87 - receive_response_headers.started request=<Request [b'GET']>
2025-09-22 12:18:37,889 - httpcore.http11 - DEBUG - atrace:87 - send_request_headers.complete
2025-09-22 12:18:37,889 - httpcore.http11 - DEBUG - atrace:87 - send_request_body.started request=<Request [b'GET']>
2025-09-22 12:18:37,889 - httpcore.http11 - DEBUG - atrace:87 - send_request_body.complete
2025-09-22 12:18:37,889 - httpcore.http11 - DEBUG - atrace:87 - receive_response_headers.started request=<Request [b'GET']>
2025-09-22 12:18:37,889 - httpcore.http11 - DEBUG - atrace:87 - send_request_headers.started request=<Request [b'GET']>
2025-09-22 12:18:37,889 - httpcore.http11 - DEBUG - atrace:87 - send_request_headers.started request=<Request [b'GET']>
2025-09-22 12:18:37,889 - httpcore.http11 - DEBUG - atrace:87 - send_request_headers.started request=<Request [b'GET']>
2025-09-22 12:18:37,889 - httpcore.http11 - DEBUG - atrace:87 - send_request_headers.started request=<Request [b'GET']>
2025-09-22 12:18:37,889 - httpcore.http11 - DEBUG - atrace:87 - send_request_headers.started request=<Request [b'GET']>
2025-09-22 12:18:37,889 - httpcore.http11 - DEBUG - atrace:87 - send_request_headers.started request=<Request [b'GET']>
2025-09-22 12:18:37,889 - httpcore.http11 - DEBUG - atrace:87 - send_request_headers.started request=<Request [b'GET']>
2025-09-22 12:18:37,892 - httpcore.http11 - DEBUG - atrace:87 - send_request_headers.started request=<Request [b'GET']>
2025-09-22 12:18:37,892 - httpcore.http11 - DEBUG - atrace:87 - send_request_headers.started request=<Request [b'GET']>
2025-09-22 12:18:37,893 - httpcore.http11 - DEBUG - atrace:87 - send_request_headers.started request=<Request [b'GET']>
2025-09-22 12:18:37,893 - httpcore.http11 - DEBUG - atrace:87 - send_request_headers.started request=<Request [b'GET']>
2025-09-22 12:18:37,893 - httpcore.http11 - DEBUG - atrace:87 - send_request_headers.started request=<Request [b'GET']>
2025-09-22 12:18:37,893 - httpcore.http11 - DEBUG - atrace:87 - send_request_headers.started request=<Request [b'GET']>
2025-09-22 12:18:37,893 - httpcore.http11 - DEBUG - atrace:87 - send_request_headers.started request=<Request [b'GET']>
2025-09-22 12:18:37,893 - httpcore.http11 - DEBUG - atrace:87 - send_request_headers.started request=<Request [b'GET']>
2025-09-22 12:18:37,893 - httpcore.http11 - DEBUG - atrace:87 - send_request_headers.started request=<Request [b'GET']>
2025-09-22 12:18:37,893 - httpcore.http11 - DEBUG - atrace:87 - send_request_headers.started request=<Request [b'GET']>
2025-09-22 12:18:37,893 - httpcore.http11 - DEBUG - atrace:87 - send_request_headers.started request=<Request [b'GET']>
2025-09-22 12:18:37,893 - httpcore.http11 - DEBUG - atrace:87 - send_request_headers.complete
2025-09-22 12:18:37,893 - httpcore.http11 - DEBUG - atrace:87 - send_request_body.started request=<Request [b'GET']>
2025-09-22 12:18:37,893 - httpcore.http11 - DEBUG - atrace:87 - send_request_body.complete
2025-09-22 12:18:37,893 - httpcore.http11 - DEBUG - atrace:87 - receive_response_headers.started request=<Request [b'GET']>
2025-09-22 12:18:37,893 - httpcore.http11 - DEBUG - atrace:87 - send_request_headers.complete
2025-09-22 12:18:37,893 - httpcore.http11 - DEBUG - atrace:87 - send_request_body.started request=<Request [b'GET']>
2025-09-22 12:18:37,893 - httpcore.http11 - DEBUG - atrace:87 - send_request_body.complete
2025-09-22 12:18:37,893 - httpcore.http11 - DEBUG - atrace:87 - receive_response_headers.started request=<Request [b'GET']>
2025-09-22 12:18:37,893 - httpcore.http11 - DEBUG - atrace:87 - send_request_headers.complete
2025-09-22 12:18:37,893 - httpcore.http11 - DEBUG - atrace:87 - send_request_body.started request=<Request [b'GET']>
2025-09-22 12:18:37,893 - httpcore.http11 - DEBUG - atrace:87 - send_request_body.complete
2025-09-22 12:18:37,893 - httpcore.http11 - DEBUG - atrace:87 - receive_response_headers.started request=<Request [b'GET']>
2025-09-22 12:18:37,893 - httpcore.http11 - DEBUG - atrace:87 - send_request_headers.complete
2025-09-22 12:18:37,893 - httpcore.http11 - DEBUG - atrace:87 - send_request_body.started request=<Request [b'GET']>
2025-09-22 12:18:37,893 - httpcore.http11 - DEBUG - atrace:87 - send_request_body.complete
2025-09-22 12:18:37,893 - httpcore.http11 - DEBUG - atrace:87 - receive_response_headers.started request=<Request [b'GET']>
2025-09-22 12:18:37,893 - httpcore.http11 - DEBUG - atrace:87 - send_request_headers.complete
2025-09-22 12:18:37,893 - httpcore.http11 - DEBUG - atrace:87 - send_request_body.started request=<Request [b'GET']>
2025-09-22 12:18:37,893 - httpcore.http11 - DEBUG - atrace:87 - send_request_body.complete
2025-09-22 12:18:37,893 - httpcore.http11 - DEBUG - atrace:87 - receive_response_headers.started request=<Request [b'GET']>
2025-09-22 12:18:37,893 - httpcore.http11 - DEBUG - atrace:87 - send_request_headers.complete
2025-09-22 12:18:37,893 - httpcore.http11 - DEBUG - atrace:87 - send_request_body.started request=<Request [b'GET']>
2025-09-22 12:18:37,893 - httpcore.http11 - DEBUG - atrace:87 - send_request_body.complete
2025-09-22 12:18:37,893 - httpcore.http11 - DEBUG - atrace:87 - receive_response_headers.started request=<Request [b'GET']>
2025-09-22 12:18:37,893 - httpcore.http11 - DEBUG - atrace:87 - send_request_headers.complete
2025-09-22 12:18:37,893 - httpcore.http11 - DEBUG - atrace:87 - send_request_body.started request=<Request [b'GET']>
2025-09-22 12:18:37,895 - httpcore.http11 - DEBUG - atrace:87 - send_request_body.complete
2025-09-22 12:18:37,895 - httpcore.http11 - DEBUG - atrace:87 - receive_response_headers.started request=<Request [b'GET']>
2025-09-22 12:18:37,895 - httpcore.http11 - DEBUG - atrace:87 - send_request_headers.complete
2025-09-22 12:18:37,895 - httpcore.http11 - DEBUG - atrace:87 - send_request_body.started request=<Request [b'GET']>
2025-09-22 12:18:37,895 - httpcore.http11 - DEBUG - atrace:87 - send_request_body.complete
2025-09-22 12:18:37,895 - httpcore.http11 - DEBUG - atrace:87 - receive_response_headers.started request=<Request [b'GET']>
2025-09-22 12:18:37,895 - httpcore.http11 - DEBUG - atrace:87 - send_request_headers.complete
2025-09-22 12:18:37,895 - httpcore.http11 - DEBUG - atrace:87 - send_request_body.started request=<Request [b'GET']>
2025-09-22 12:18:37,895 - httpcore.http11 - DEBUG - atrace:87 - send_request_body.complete
2025-09-22 12:18:37,895 - httpcore.http11 - DEBUG - atrace:87 - receive_response_headers.started request=<Request [b'GET']>
2025-09-22 12:18:37,895 - httpcore.http11 - DEBUG - atrace:87 - send_request_headers.complete
2025-09-22 12:18:37,895 - httpcore.http11 - DEBUG - atrace:87 - send_request_body.started request=<Request [b'GET']>
2025-09-22 12:18:37,895 - httpcore.http11 - DEBUG - atrace:87 - send_request_body.complete
2025-09-22 12:18:37,895 - httpcore.http11 - DEBUG - atrace:87 - receive_response_headers.started request=<Request [b'GET']>
2025-09-22 12:18:37,895 - httpcore.http11 - DEBUG - atrace:87 - send_request_headers.complete
2025-09-22 12:18:37,895 - httpcore.http11 - DEBUG - atrace:87 - send_request_body.started request=<Request [b'GET']>
2025-09-22 12:18:37,895 - httpcore.http11 - DEBUG - atrace:87 - send_request_body.complete
2025-09-22 12:18:37,895 - httpcore.http11 - DEBUG - atrace:87 - receive_response_headers.started request=<Request [b'GET']>
2025-09-22 12:18:37,895 - httpcore.http11 - DEBUG - atrace:87 - send_request_headers.complete
2025-09-22 12:18:37,895 - httpcore.http11 - DEBUG - atrace:87 - send_request_body.started request=<Request [b'GET']>
2025-09-22 12:18:37,895 - httpcore.http11 - DEBUG - atrace:87 - send_request_body.complete
2025-09-22 12:18:37,895 - httpcore.http11 - DEBUG - atrace:87 - receive_response_headers.started request=<Request [b'GET']>
2025-09-22 12:18:37,895 - httpcore.http11 - DEBUG - atrace:87 - send_request_headers.complete
2025-09-22 12:18:37,895 - httpcore.http11 - DEBUG - atrace:87 - send_request_body.started request=<Request [b'GET']>
2025-09-22 12:18:37,895 - httpcore.http11 - DEBUG - atrace:87 - send_request_body.complete
2025-09-22 12:18:37,895 - httpcore.http11 - DEBUG - atrace:87 - receive_response_headers.started request=<Request [b'GET']>
2025-09-22 12:18:37,895 - httpcore.http11 - DEBUG - atrace:87 - send_request_headers.complete
2025-09-22 12:18:37,895 - httpcore.http11 - DEBUG - atrace:87 - send_request_body.started request=<Request [b'GET']>
2025-09-22 12:18:37,895 - httpcore.http11 - DEBUG - atrace:87 - send_request_body.complete
2025-09-22 12:18:37,895 - httpcore.http11 - DEBUG - atrace:87 - receive_response_headers.started request=<Request [b'GET']>
2025-09-22 12:18:37,895 - httpcore.http11 - DEBUG - atrace:87 - send_request_headers.complete
2025-09-22 12:18:37,895 - httpcore.http11 - DEBUG - atrace:87 - send_request_body.started request=<Request [b'GET']>
2025-09-22 12:18:37,895 - httpcore.http11 - DEBUG - atrace:87 - send_request_body.complete
2025-09-22 12:18:37,895 - httpcore.http11 - DEBUG - atrace:87 - receive_response_headers.started request=<Request [b'GET']>
2025-09-22 12:18:37,895 - httpcore.http11 - DEBUG - atrace:87 - send_request_headers.complete
2025-09-22 12:18:37,895 - httpcore.http11 - DEBUG - atrace:87 - send_request_body.started request=<Request [b'GET']>
2025-09-22 12:18:37,895 - httpcore.http11 - DEBUG - atrace:87 - send_request_body.complete
2025-09-22 12:18:37,895 - httpcore.http11 - DEBUG - atrace:87 - receive_response_headers.started request=<Request [b'GET']>
2025-09-22 12:18:37,895 - httpcore.http11 - DEBUG - atrace:87 - send_request_headers.complete
2025-09-22 12:18:37,895 - httpcore.http11 - DEBUG - atrace:87 - send_request_body.started request=<Request [b'GET']>
2025-09-22 12:18:37,895 - httpcore.http11 - DEBUG - atrace:87 - send_request_body.complete
2025-09-22 12:18:37,895 - httpcore.http11 - DEBUG - atrace:87 - receive_response_headers.started request=<Request [b'GET']>
2025-09-22 12:18:37,895 - httpcore.http11 - DEBUG - atrace:87 - send_request_headers.complete
2025-09-22 12:18:37,895 - httpcore.http11 - DEBUG - atrace:87 - send_request_body.started request=<Request [b'GET']>
2025-09-22 12:18:37,895 - httpcore.http11 - DEBUG - atrace:87 - send_request_body.complete
2025-09-22 12:18:37,895 - httpcore.http11 - DEBUG - atrace:87 - receive_response_headers.started request=<Request [b'GET']>
2025-09-22 12:18:38,162 - httpcore.http11 - DEBUG - atrace:87 - receive_response_headers.complete return_value=(b'HTTP/1.1', 200, b'OK', [(b'Content-Length', b'122'), (b'Content-Type', b'text/plain;charset=utf-8'), (b'Date', b'Mon, 22 Sep 2025 06:48:39 GMT'), (b'Server', b'Microsoft-IIS/10.0'), (b'Access-Control-Allow-Headers', b'Accept, Origin, Content-Type, MaxDataServiceVersion'), (b'Access-Control-Allow-Methods', b'GET'), (b'Access-Control-Allow-Origin', b'*'), (b'Access-Control-Expose-Headers', b'DataServiceVersion'), (b'Cache-Control', b'private'), (b'Content-Encoding', b'gzip'), (b'Expires', b'Mon, 22 Sep 2025 06:49:23 GMT'), (b'Vary', b'*'), (b'X-Content-Type-Options', b'nosniff'), (b'OData-Version', b'4.0;'), (b'X-AspNet-Version', b'4.0.30319'), (b'X-Powered-By', b'ASP.NET')])
2025-09-22 12:18:38,162 - httpx - INFO - _send_single_request:1740 - HTTP Request: GET https://services.odata.org/V4/Northwind/Northwind.svc/Products_by_Categories/$count "HTTP/1.1 200 OK"
2025-09-22 12:18:38,162 - httpcore.http11 - DEBUG - atrace:87 - receive_response_body.started request=<Request [b'GET']>
2025-09-22 12:18:38,168 - httpcore.http11 - DEBUG - atrace:87 - receive_response_body.complete
2025-09-22 12:18:38,168 - httpcore.http11 - DEBUG - atrace:87 - response_closed.started
2025-09-22 12:18:38,168 - httpcore.http11 - DEBUG - atrace:87 - response_closed.complete
2025-09-22 12:18:38,168 - httpcore.connection - DEBUG - atrace:87 - close.started
2025-09-22 12:18:38,168 - httpcore.connection - DEBUG - atrace:87 - close.complete
2025-09-22 12:18:38,172 - httpcore.http11 - DEBUG - atrace:87 - receive_response_headers.complete return_value=(b'HTTP/1.1', 200, b'OK', [(b'Content-Length', b'122'), (b'Content-Type', b'text/plain;charset=utf-8'), (b'Date', b'Mon, 22 Sep 2025 06:48:39 GMT'), (b'Server', b'Microsoft-IIS/10.0'), (b'Access-Control-Allow-Headers', b'Accept, Origin, Content-Type, MaxDataServiceVersion'), (b'Access-Control-Allow-Methods', b'GET'), (b'Access-Control-Allow-Origin', b'*'), (b'Access-Control-Expose-Headers', b'DataServiceVersion'), (b'Cache-Control', b'private'), (b'Content-Encoding', b'gzip'), (b'Expires', b'Mon, 22 Sep 2025 06:49:23 GMT'), (b'Vary', b'*'), (b'X-Content-Type-Options', b'nosniff'), (b'OData-Version', b'4.0;'), (b'X-AspNet-Version', b'4.0.30319'), (b'X-Powered-By', b'ASP.NET')])
2025-09-22 12:18:38,172 - httpx - INFO - _send_single_request:1740 - HTTP Request: GET https://services.odata.org/V4/Northwind/Northwind.svc/Territories/$count "HTTP/1.1 200 OK"
2025-09-22 12:18:38,172 - httpcore.http11 - DEBUG - atrace:87 - receive_response_body.started request=<Request [b'GET']>
2025-09-22 12:18:38,172 - httpcore.http11 - DEBUG - atrace:87 - receive_response_body.complete
2025-09-22 12:18:38,172 - httpcore.http11 - DEBUG - atrace:87 - response_closed.started
2025-09-22 12:18:38,172 - httpcore.http11 - DEBUG - atrace:87 - response_closed.complete
2025-09-22 12:18:38,174 - httpcore.connection - DEBUG - atrace:87 - close.started
2025-09-22 12:18:38,174 - httpcore.connection - DEBUG - atrace:87 - close.complete
2025-09-22 12:18:38,185 - httpcore.http11 - DEBUG - atrace:87 - receive_response_headers.complete return_value=(b'HTTP/1.1', 200, b'OK', [(b'Content-Length', b'122'), (b'Content-Type', b'text/plain;charset=utf-8'), (b'Date', b'Mon, 22 Sep 2025 06:48:39 GMT'), (b'Server', b'Microsoft-IIS/10.0'), (b'Access-Control-Allow-Headers', b'Accept, Origin, Content-Type, MaxDataServiceVersion'), (b'Access-Control-Allow-Methods', b'GET'), (b'Access-Control-Allow-Origin', b'*'), (b'Access-Control-Expose-Headers', b'DataServiceVersion'), (b'Cache-Control', b'private'), (b'Content-Encoding', b'gzip'), (b'Expires', b'Mon, 22 Sep 2025 06:49:23 GMT'), (b'Vary', b'*'), (b'X-Content-Type-Options', b'nosniff'), (b'OData-Version', b'4.0;'), (b'X-AspNet-Version', b'4.0.30319'), (b'X-Powered-By', b'ASP.NET')])
2025-09-22 12:18:38,185 - httpx - INFO - _send_single_request:1740 - HTTP Request: GET https://services.odata.org/V4/Northwind/Northwind.svc/Current_Product_Lists/$count "HTTP/1.1 200 OK"
2025-09-22 12:18:38,187 - httpcore.http11 - DEBUG - atrace:87 - receive_response_body.started request=<Request [b'GET']>
2025-09-22 12:18:38,187 - httpcore.http11 - DEBUG - atrace:87 - receive_response_body.complete
2025-09-22 12:18:38,187 - httpcore.http11 - DEBUG - atrace:87 - response_closed.started
2025-09-22 12:18:38,187 - httpcore.http11 - DEBUG - atrace:87 - receive_response_headers.complete return_value=(b'HTTP/1.1', 200, b'OK', [(b'Content-Length', b'124'), (b'Content-Type', b'text/plain;charset=utf-8'), (b'Date', b'Mon, 22 Sep 2025 06:48:39 GMT'), (b'Server', b'Microsoft-IIS/10.0'), (b'Access-Control-Allow-Headers', b'Accept, Origin, Content-Type, MaxDataServiceVersion'), (b'Access-Control-Allow-Methods', b'GET'), (b'Access-Control-Allow-Origin', b'*'), (b'Access-Control-Expose-Headers', b'DataServiceVersion'), (b'Cache-Control', b'private'), (b'Content-Encoding', b'gzip'), (b'Expires', b'Mon, 22 Sep 2025 06:49:23 GMT'), (b'Vary', b'*'), (b'X-Content-Type-Options', b'nosniff'), (b'OData-Version', b'4.0;'), (b'X-AspNet-Version', b'4.0.30319'), (b'X-Powered-By', b'ASP.NET')])
2025-09-22 12:18:38,187 - httpx - INFO - _send_single_request:1740 - HTTP Request: GET https://services.odata.org/V4/Northwind/Northwind.svc/Invoices/$count "HTTP/1.1 200 OK"
2025-09-22 12:18:38,189 - httpcore.http11 - DEBUG - atrace:87 - receive_response_body.started request=<Request [b'GET']>
2025-09-22 12:18:38,189 - httpcore.http11 - DEBUG - atrace:87 - receive_response_body.complete
2025-09-22 12:18:38,189 - httpcore.http11 - DEBUG - atrace:87 - response_closed.started
2025-09-22 12:18:38,189 - httpcore.http11 - DEBUG - atrace:87 - receive_response_headers.complete return_value=(b'HTTP/1.1', 200, b'OK', [(b'Content-Length', b'121'), (b'Content-Type', b'text/plain;charset=utf-8'), (b'Date', b'Mon, 22 Sep 2025 06:48:39 GMT'), (b'Server', b'Microsoft-IIS/10.0'), (b'Access-Control-Allow-Headers', b'Accept, Origin, Content-Type, MaxDataServiceVersion'), (b'Access-Control-Allow-Methods', b'GET'), (b'Access-Control-Allow-Origin', b'*'), (b'Access-Control-Expose-Headers', b'DataServiceVersion'), (b'Cache-Control', b'private'), (b'Content-Encoding', b'gzip'), (b'Expires', b'Mon, 22 Sep 2025 06:49:23 GMT'), (b'Vary', b'*'), (b'X-Content-Type-Options', b'nosniff'), (b'OData-Version', b'4.0;'), (b'X-AspNet-Version', b'4.0.30319'), (b'X-Powered-By', b'ASP.NET')])
2025-09-22 12:18:38,189 - httpx - INFO - _send_single_request:1740 - HTTP Request: GET https://services.odata.org/V4/Northwind/Northwind.svc/Products_Above_Average_Prices/$count "HTTP/1.1 200 OK"
2025-09-22 12:18:38,189 - httpcore.http11 - DEBUG - atrace:87 - receive_response_body.started request=<Request [b'GET']>
2025-09-22 12:18:38,189 - httpcore.http11 - DEBUG - atrace:87 - receive_response_body.complete
2025-09-22 12:18:38,189 - httpcore.http11 - DEBUG - atrace:87 - response_closed.started
2025-09-22 12:18:38,189 - httpcore.http11 - DEBUG - atrace:87 - response_closed.complete
2025-09-22 12:18:38,189 - httpcore.connection - DEBUG - atrace:87 - close.started
2025-09-22 12:18:38,189 - httpcore.http11 - DEBUG - atrace:87 - response_closed.complete
2025-09-22 12:18:38,189 - httpcore.connection - DEBUG - atrace:87 - close.started
2025-09-22 12:18:38,189 - httpcore.http11 - DEBUG - atrace:87 - response_closed.complete
2025-09-22 12:18:38,189 - httpcore.connection - DEBUG - atrace:87 - close.started
2025-09-22 12:18:38,189 - httpcore.connection - DEBUG - atrace:87 - close.complete
2025-09-22 12:18:38,191 - httpcore.connection - DEBUG - atrace:87 - close.complete
2025-09-22 12:18:38,191 - httpcore.connection - DEBUG - atrace:87 - close.complete
2025-09-22 12:18:38,191 - httpcore.http11 - DEBUG - atrace:87 - receive_response_headers.complete return_value=(b'HTTP/1.1', 200, b'OK', [(b'Content-Length', b'122'), (b'Content-Type', b'text/plain;charset=utf-8'), (b'Date', b'Mon, 22 Sep 2025 06:48:39 GMT'), (b'Server', b'Microsoft-IIS/10.0'), (b'Access-Control-Allow-Headers', b'Accept, Origin, Content-Type, MaxDataServiceVersion'), (b'Access-Control-Allow-Methods', b'GET'), (b'Access-Control-Allow-Origin', b'*'), (b'Access-Control-Expose-Headers', b'DataServiceVersion'), (b'Cache-Control', b'private'), (b'Content-Encoding', b'gzip'), (b'Expires', b'Mon, 22 Sep 2025 06:49:23 GMT'), (b'Vary', b'*'), (b'X-Content-Type-Options', b'nosniff'), (b'OData-Version', b'4.0;'), (b'X-AspNet-Version', b'4.0.30319'), (b'X-Powered-By', b'ASP.NET')])
2025-09-22 12:18:38,191 - httpx - INFO - _send_single_request:1740 - HTTP Request: GET https://services.odata.org/V4/Northwind/Northwind.svc/Sales_Totals_by_Amounts/$count "HTTP/1.1 200 OK"
2025-09-22 12:18:38,191 - httpcore.http11 - DEBUG - atrace:87 - receive_response_body.started request=<Request [b'GET']>
2025-09-22 12:18:38,191 - httpcore.http11 - DEBUG - atrace:87 - receive_response_body.complete
2025-09-22 12:18:38,191 - httpcore.http11 - DEBUG - atrace:87 - response_closed.started
2025-09-22 12:18:38,191 - httpcore.http11 - DEBUG - atrace:87 - response_closed.complete
2025-09-22 12:18:38,191 - httpcore.connection - DEBUG - atrace:87 - close.started
2025-09-22 12:18:38,191 - httpcore.connection - DEBUG - atrace:87 - close.complete
2025-09-22 12:18:38,195 - httpcore.http11 - DEBUG - atrace:87 - receive_response_headers.complete return_value=(b'HTTP/1.1', 200, b'OK', [(b'Content-Length', b'122'), (b'Content-Type', b'text/plain;charset=utf-8'), (b'Date', b'Mon, 22 Sep 2025 06:48:39 GMT'), (b'Server', b'Microsoft-IIS/10.0'), (b'Access-Control-Allow-Headers', b'Accept, Origin, Content-Type, MaxDataServiceVersion'), (b'Access-Control-Allow-Methods', b'GET'), (b'Access-Control-Allow-Origin', b'*'), (b'Access-Control-Expose-Headers', b'DataServiceVersion'), (b'Cache-Control', b'private'), (b'Content-Encoding', b'gzip'), (b'Expires', b'Mon, 22 Sep 2025 06:49:23 GMT'), (b'Vary', b'*'), (b'X-Content-Type-Options', b'nosniff'), (b'OData-Version', b'4.0;'), (b'X-AspNet-Version', b'4.0.30319'), (b'X-Powered-By', b'ASP.NET')])
2025-09-22 12:18:38,196 - httpx - INFO - _send_single_request:1740 - HTTP Request: GET https://services.odata.org/V4/Northwind/Northwind.svc/Alphabetical_list_of_products/$count "HTTP/1.1 200 OK"
2025-09-22 12:18:38,196 - httpcore.http11 - DEBUG - atrace:87 - receive_response_body.started request=<Request [b'GET']>
2025-09-22 12:18:38,196 - httpcore.http11 - DEBUG - atrace:87 - receive_response_body.complete
2025-09-22 12:18:38,196 - httpcore.http11 - DEBUG - atrace:87 - response_closed.started
2025-09-22 12:18:38,196 - httpcore.http11 - DEBUG - atrace:87 - receive_response_headers.complete return_value=(b'HTTP/1.1', 200, b'OK', [(b'Content-Length', b'120'), (b'Content-Type', b'text/plain;charset=utf-8'), (b'Date', b'Mon, 22 Sep 2025 06:48:39 GMT'), (b'Server', b'Microsoft-IIS/10.0'), (b'Access-Control-Allow-Headers', b'Accept, Origin, Content-Type, MaxDataServiceVersion'), (b'Access-Control-Allow-Methods', b'GET'), (b'Access-Control-Allow-Origin', b'*'), (b'Access-Control-Expose-Headers', b'DataServiceVersion'), (b'Cache-Control', b'private'), (b'Content-Encoding', b'gzip'), (b'Expires', b'Mon, 22 Sep 2025 06:49:23 GMT'), (b'Vary', b'*'), (b'X-Content-Type-Options', b'nosniff'), (b'OData-Version', b'4.0;'), (b'X-AspNet-Version', b'4.0.30319'), (b'X-Powered-By', b'ASP.NET')])
2025-09-22 12:18:38,198 - httpx - INFO - _send_single_request:1740 - HTTP Request: GET https://services.odata.org/V4/Northwind/Northwind.svc/Employees/$count "HTTP/1.1 200 OK"
2025-09-22 12:18:38,198 - httpcore.http11 - DEBUG - atrace:87 - receive_response_body.started request=<Request [b'GET']>
2025-09-22 12:18:38,198 - httpcore.http11 - DEBUG - atrace:87 - receive_response_body.complete
2025-09-22 12:18:38,198 - httpcore.http11 - DEBUG - atrace:87 - response_closed.started
2025-09-22 12:18:38,198 - httpcore.http11 - DEBUG - atrace:87 - receive_response_headers.complete return_value=(b'HTTP/1.1', 200, b'OK', [(b'Content-Length', b'122'), (b'Content-Type', b'text/plain;charset=utf-8'), (b'Date', b'Mon, 22 Sep 2025 06:48:39 GMT'), (b'Server', b'Microsoft-IIS/10.0'), (b'Access-Control-Allow-Headers', b'Accept, Origin, Content-Type, MaxDataServiceVersion'), (b'Access-Control-Allow-Methods', b'GET'), (b'Access-Control-Allow-Origin', b'*'), (b'Access-Control-Expose-Headers', b'DataServiceVersion'), (b'Cache-Control', b'private'), (b'Content-Encoding', b'gzip'), (b'Expires', b'Mon, 22 Sep 2025 06:49:23 GMT'), (b'Vary', b'*'), (b'X-Content-Type-Options', b'nosniff'), (b'OData-Version', b'4.0;'), (b'X-AspNet-Version', b'4.0.30319'), (b'X-Powered-By', b'ASP.NET')])
2025-09-22 12:18:38,198 - httpx - INFO - _send_single_request:1740 - HTTP Request: GET https://services.odata.org/V4/Northwind/Northwind.svc/Orders_Qries/$count "HTTP/1.1 200 OK"
2025-09-22 12:18:38,198 - httpcore.http11 - DEBUG - atrace:87 - receive_response_body.started request=<Request [b'GET']>
2025-09-22 12:18:38,198 - httpcore.http11 - DEBUG - atrace:87 - receive_response_body.complete
2025-09-22 12:18:38,200 - httpcore.http11 - DEBUG - atrace:87 - response_closed.started
2025-09-22 12:18:38,200 - httpcore.http11 - DEBUG - atrace:87 - receive_response_headers.complete return_value=(b'HTTP/1.1', 200, b'OK', [(b'Content-Length', b'122'), (b'Content-Type', b'text/plain;charset=utf-8'), (b'Date', b'Mon, 22 Sep 2025 06:48:39 GMT'), (b'Server', b'Microsoft-IIS/10.0'), (b'Access-Control-Allow-Headers', b'Accept, Origin, Content-Type, MaxDataServiceVersion'), (b'Access-Control-Allow-Methods', b'GET'), (b'Access-Control-Allow-Origin', b'*'), (b'Access-Control-Expose-Headers', b'DataServiceVersion'), (b'Cache-Control', b'private'), (b'Content-Encoding', b'gzip'), (b'Expires', b'Mon, 22 Sep 2025 06:49:23 GMT'), (b'Vary', b'*'), (b'X-Content-Type-Options', b'nosniff'), (b'OData-Version', b'4.0;'), (b'X-AspNet-Version', b'4.0.30319'), (b'X-Powered-By', b'ASP.NET')])
2025-09-22 12:18:38,200 - httpx - INFO - _send_single_request:1740 - HTTP Request: GET https://services.odata.org/V4/Northwind/Northwind.svc/Summary_of_Sales_by_Quarters/$count "HTTP/1.1 200 OK"
2025-09-22 12:18:38,200 - httpcore.http11 - DEBUG - atrace:87 - receive_response_body.started request=<Request [b'GET']>
2025-09-22 12:18:38,200 - httpcore.http11 - DEBUG - atrace:87 - receive_response_body.complete
2025-09-22 12:18:38,200 - httpcore.http11 - DEBUG - atrace:87 - response_closed.started
2025-09-22 12:18:38,200 - httpcore.http11 - DEBUG - atrace:87 - response_closed.complete
2025-09-22 12:18:38,202 - httpcore.http11 - DEBUG - atrace:87 - response_closed.complete
2025-09-22 12:18:38,204 - httpcore.http11 - DEBUG - atrace:87 - response_closed.complete
2025-09-22 12:18:38,204 - httpcore.http11 - DEBUG - atrace:87 - response_closed.complete
2025-09-22 12:18:38,206 - httpcore.http11 - DEBUG - atrace:87 - receive_response_headers.complete return_value=(b'HTTP/1.1', 200, b'OK', [(b'Content-Length', b'124'), (b'Content-Type', b'text/plain;charset=utf-8'), (b'Date', b'Mon, 22 Sep 2025 06:48:39 GMT'), (b'Server', b'Microsoft-IIS/10.0'), (b'Access-Control-Allow-Headers', b'Accept, Origin, Content-Type, MaxDataServiceVersion'), (b'Access-Control-Allow-Methods', b'GET'), (b'Access-Control-Allow-Origin', b'*'), (b'Access-Control-Expose-Headers', b'DataServiceVersion'), (b'Cache-Control', b'private'), (b'Content-Encoding', b'gzip'), (b'Expires', b'Mon, 22 Sep 2025 06:49:23 GMT'), (b'Vary', b'*'), (b'X-Content-Type-Options', b'nosniff'), (b'OData-Version', b'4.0;'), (b'X-AspNet-Version', b'4.0.30319'), (b'X-Powered-By', b'ASP.NET')])
2025-09-22 12:18:38,206 - httpx - INFO - _send_single_request:1740 - HTTP Request: GET https://services.odata.org/V4/Northwind/Northwind.svc/Order_Details/$count "HTTP/1.1 200 OK"
2025-09-22 12:18:38,206 - httpcore.http11 - DEBUG - atrace:87 - receive_response_body.started request=<Request [b'GET']>
2025-09-22 12:18:38,206 - httpcore.http11 - DEBUG - atrace:87 - receive_response_body.complete
2025-09-22 12:18:38,206 - httpcore.http11 - DEBUG - atrace:87 - response_closed.started
2025-09-22 12:18:38,206 - httpcore.http11 - DEBUG - atrace:87 - receive_response_headers.complete return_value=(b'HTTP/1.1', 200, b'OK', [(b'Content-Length', b'121'), (b'Content-Type', b'text/plain;charset=utf-8'), (b'Date', b'Mon, 22 Sep 2025 06:48:39 GMT'), (b'Server', b'Microsoft-IIS/10.0'), (b'Access-Control-Allow-Headers', b'Accept, Origin, Content-Type, MaxDataServiceVersion'), (b'Access-Control-Allow-Methods', b'GET'), (b'Access-Control-Allow-Origin', b'*'), (b'Access-Control-Expose-Headers', b'DataServiceVersion'), (b'Cache-Control', b'private'), (b'Content-Encoding', b'gzip'), (b'Expires', b'Mon, 22 Sep 2025 06:49:23 GMT'), (b'Vary', b'*'), (b'X-Content-Type-Options', b'nosniff'), (b'OData-Version', b'4.0;'), (b'X-AspNet-Version', b'4.0.30319'), (b'X-Powered-By', b'ASP.NET')])
2025-09-22 12:18:38,208 - httpx - INFO - _send_single_request:1740 - HTTP Request: GET https://services.odata.org/V4/Northwind/Northwind.svc/Suppliers/$count "HTTP/1.1 200 OK"
2025-09-22 12:18:38,208 - httpcore.http11 - DEBUG - atrace:87 - receive_response_body.started request=<Request [b'GET']>
2025-09-22 12:18:38,208 - httpcore.http11 - DEBUG - atrace:87 - receive_response_body.complete
2025-09-22 12:18:38,208 - httpcore.http11 - DEBUG - atrace:87 - response_closed.started
2025-09-22 12:18:38,208 - httpcore.http11 - DEBUG - atrace:87 - response_closed.complete
2025-09-22 12:18:38,208 - httpcore.http11 - DEBUG - atrace:87 - response_closed.complete
2025-09-22 12:18:38,210 - httpcore.http11 - DEBUG - atrace:87 - receive_response_headers.complete return_value=(b'HTTP/1.1', 200, b'OK', [(b'Content-Length', b'122'), (b'Content-Type', b'text/plain;charset=utf-8'), (b'Date', b'Mon, 22 Sep 2025 06:48:39 GMT'), (b'Server', b'Microsoft-IIS/10.0'), (b'Access-Control-Allow-Headers', b'Accept, Origin, Content-Type, MaxDataServiceVersion'), (b'Access-Control-Allow-Methods', b'GET'), (b'Access-Control-Allow-Origin', b'*'), (b'Access-Control-Expose-Headers', b'DataServiceVersion'), (b'Cache-Control', b'private'), (b'Content-Encoding', b'gzip'), (b'Expires', b'Mon, 22 Sep 2025 06:49:23 GMT'), (b'Vary', b'*'), (b'X-Content-Type-Options', b'nosniff'), (b'OData-Version', b'4.0;'), (b'X-AspNet-Version', b'4.0.30319'), (b'X-Powered-By', b'ASP.NET')])
2025-09-22 12:18:38,210 - httpx - INFO - _send_single_request:1740 - HTTP Request: GET https://services.odata.org/V4/Northwind/Northwind.svc/Summary_of_Sales_by_Years/$count "HTTP/1.1 200 OK"
2025-09-22 12:18:38,210 - httpcore.http11 - DEBUG - atrace:87 - receive_response_body.started request=<Request [b'GET']>
2025-09-22 12:18:38,210 - httpcore.http11 - DEBUG - atrace:87 - receive_response_body.complete
2025-09-22 12:18:38,210 - httpcore.http11 - DEBUG - atrace:87 - response_closed.started
2025-09-22 12:18:38,210 - httpcore.http11 - DEBUG - atrace:87 - receive_response_headers.complete return_value=(b'HTTP/1.1', 200, b'OK', [(b'Content-Length', b'121'), (b'Content-Type', b'text/plain;charset=utf-8'), (b'Date', b'Mon, 22 Sep 2025 06:48:39 GMT'), (b'Server', b'Microsoft-IIS/10.0'), (b'Access-Control-Allow-Headers', b'Accept, Origin, Content-Type, MaxDataServiceVersion'), (b'Access-Control-Allow-Methods', b'GET'), (b'Access-Control-Allow-Origin', b'*'), (b'Access-Control-Expose-Headers', b'DataServiceVersion'), (b'Cache-Control', b'private'), (b'Content-Encoding', b'gzip'), (b'Expires', b'Mon, 22 Sep 2025 06:49:23 GMT'), (b'Vary', b'*'), (b'X-Content-Type-Options', b'nosniff'), (b'OData-Version', b'4.0;'), (b'X-AspNet-Version', b'4.0.30319'), (b'X-Powered-By', b'ASP.NET')])
2025-09-22 12:18:38,210 - httpx - INFO - _send_single_request:1740 - HTTP Request: GET https://services.odata.org/V4/Northwind/Northwind.svc/Customers/$count "HTTP/1.1 200 OK"
2025-09-22 12:18:38,212 - httpcore.http11 - DEBUG - atrace:87 - receive_response_body.started request=<Request [b'GET']>
2025-09-22 12:18:38,212 - httpcore.http11 - DEBUG - atrace:87 - receive_response_body.complete
2025-09-22 12:18:38,212 - httpcore.http11 - DEBUG - atrace:87 - response_closed.started
2025-09-22 12:18:38,212 - httpcore.http11 - DEBUG - atrace:87 - response_closed.complete
2025-09-22 12:18:38,212 - httpcore.http11 - DEBUG - atrace:87 - response_closed.complete
2025-09-22 12:18:38,226 - httpcore.http11 - DEBUG - atrace:87 - receive_response_headers.complete return_value=(b'HTTP/1.1', 200, b'OK', [(b'Content-Length', b'120'), (b'Content-Type', b'text/plain;charset=utf-8'), (b'Date', b'Mon, 22 Sep 2025 06:48:39 GMT'), (b'Server', b'Microsoft-IIS/10.0'), (b'Access-Control-Allow-Headers', b'Accept, Origin, Content-Type, MaxDataServiceVersion'), (b'Access-Control-Allow-Methods', b'GET'), (b'Access-Control-Allow-Origin', b'*'), (b'Access-Control-Expose-Headers', b'DataServiceVersion'), (b'Cache-Control', b'private'), (b'Content-Encoding', b'gzip'), (b'Expires', b'Mon, 22 Sep 2025 06:49:23 GMT'), (b'Vary', b'*'), (b'X-Content-Type-Options', b'nosniff'), (b'OData-Version', b'4.0;'), (b'X-AspNet-Version', b'4.0.30319'), (b'X-Powered-By', b'ASP.NET')])
2025-09-22 12:18:38,226 - httpx - INFO - _send_single_request:1740 - HTTP Request: GET https://services.odata.org/V4/Northwind/Northwind.svc/Regions/$count "HTTP/1.1 200 OK"
2025-09-22 12:18:38,226 - httpcore.http11 - DEBUG - atrace:87 - receive_response_body.started request=<Request [b'GET']>
2025-09-22 12:18:38,226 - httpcore.http11 - DEBUG - atrace:87 - receive_response_body.complete
2025-09-22 12:18:38,228 - httpcore.http11 - DEBUG - atrace:87 - response_closed.started
2025-09-22 12:18:38,228 - httpcore.http11 - DEBUG - atrace:87 - receive_response_headers.complete return_value=(b'HTTP/1.1', 200, b'OK', [(b'Content-Length', b'122'), (b'Content-Type', b'text/plain;charset=utf-8'), (b'Date', b'Mon, 22 Sep 2025 06:48:39 GMT'), (b'Server', b'Microsoft-IIS/10.0'), (b'Access-Control-Allow-Headers', b'Accept, Origin, Content-Type, MaxDataServiceVersion'), (b'Access-Control-Allow-Methods', b'GET'), (b'Access-Control-Allow-Origin', b'*'), (b'Access-Control-Expose-Headers', b'DataServiceVersion'), (b'Cache-Control', b'private'), (b'Content-Encoding', b'gzip'), (b'Expires', b'Mon, 22 Sep 2025 06:49:23 GMT'), (b'Vary', b'*'), (b'X-Content-Type-Options', b'nosniff'), (b'OData-Version', b'4.0;'), (b'X-AspNet-Version', b'4.0.30319'), (b'X-Powered-By', b'ASP.NET')])
2025-09-22 12:18:38,229 - httpx - INFO - _send_single_request:1740 - HTTP Request: GET https://services.odata.org/V4/Northwind/Northwind.svc/Product_Sales_for_1997/$count "HTTP/1.1 200 OK"
2025-09-22 12:18:38,229 - httpcore.http11 - DEBUG - atrace:87 - receive_response_body.started request=<Request [b'GET']>
2025-09-22 12:18:38,229 - httpcore.http11 - DEBUG - atrace:87 - receive_response_body.complete
2025-09-22 12:18:38,229 - httpcore.http11 - DEBUG - atrace:87 - response_closed.started
2025-09-22 12:18:38,229 - httpcore.http11 - DEBUG - atrace:87 - receive_response_headers.complete return_value=(b'HTTP/1.1', 200, b'OK', [(b'Content-Length', b'122'), (b'Content-Type', b'text/plain;charset=utf-8'), (b'Date', b'Mon, 22 Sep 2025 06:48:39 GMT'), (b'Server', b'Microsoft-IIS/10.0'), (b'Access-Control-Allow-Headers', b'Accept, Origin, Content-Type, MaxDataServiceVersion'), (b'Access-Control-Allow-Methods', b'GET'), (b'Access-Control-Allow-Origin', b'*'), (b'Access-Control-Expose-Headers', b'DataServiceVersion'), (b'Cache-Control', b'private'), (b'Content-Encoding', b'gzip'), (b'Expires', b'Mon, 22 Sep 2025 06:49:23 GMT'), (b'Vary', b'*'), (b'X-Content-Type-Options', b'nosniff'), (b'OData-Version', b'4.0;'), (b'X-AspNet-Version', b'4.0.30319'), (b'X-Powered-By', b'ASP.NET')])
2025-09-22 12:18:38,229 - httpx - INFO - _send_single_request:1740 - HTTP Request: GET https://services.odata.org/V4/Northwind/Northwind.svc/Sales_by_Categories/$count "HTTP/1.1 200 OK"
2025-09-22 12:18:38,229 - httpcore.http11 - DEBUG - atrace:87 - receive_response_body.started request=<Request [b'GET']>
2025-09-22 12:18:38,229 - httpcore.http11 - DEBUG - atrace:87 - receive_response_body.complete
2025-09-22 12:18:38,229 - httpcore.http11 - DEBUG - atrace:87 - response_closed.started
2025-09-22 12:18:38,229 - httpcore.http11 - DEBUG - atrace:87 - receive_response_headers.complete return_value=(b'HTTP/1.1', 200, b'OK', [(b'Content-Length', b'120'), (b'Content-Type', b'text/plain;charset=utf-8'), (b'Date', b'Mon, 22 Sep 2025 06:48:39 GMT'), (b'Server', b'Microsoft-IIS/10.0'), (b'Access-Control-Allow-Headers', b'Accept, Origin, Content-Type, MaxDataServiceVersion'), (b'Access-Control-Allow-Methods', b'GET'), (b'Access-Control-Allow-Origin', b'*'), (b'Access-Control-Expose-Headers', b'DataServiceVersion'), (b'Cache-Control', b'private'), (b'Content-Encoding', b'gzip'), (b'Expires', b'Mon, 22 Sep 2025 06:49:23 GMT'), (b'Vary', b'*'), (b'X-Content-Type-Options', b'nosniff'), (b'OData-Version', b'4.0;'), (b'X-AspNet-Version', b'4.0.30319'), (b'X-Powered-By', b'ASP.NET')])
2025-09-22 12:18:38,229 - httpx - INFO - _send_single_request:1740 - HTTP Request: GET https://services.odata.org/V4/Northwind/Northwind.svc/CustomerDemographics/$count "HTTP/1.1 200 OK"
2025-09-22 12:18:38,232 - httpcore.http11 - DEBUG - atrace:87 - receive_response_body.started request=<Request [b'GET']>
2025-09-22 12:18:38,232 - httpcore.http11 - DEBUG - atrace:87 - receive_response_body.complete
2025-09-22 12:18:38,232 - httpcore.http11 - DEBUG - atrace:87 - response_closed.started
2025-09-22 12:18:38,233 - httpcore.http11 - DEBUG - atrace:87 - response_closed.complete
2025-09-22 12:18:38,233 - httpcore.http11 - DEBUG - atrace:87 - response_closed.complete
2025-09-22 12:18:38,233 - httpcore.http11 - DEBUG - atrace:87 - response_closed.complete
2025-09-22 12:18:38,233 - httpcore.http11 - DEBUG - atrace:87 - response_closed.complete
2025-09-22 12:18:38,234 - httpcore.http11 - DEBUG - atrace:87 - receive_response_headers.complete return_value=(b'HTTP/1.1', 200, b'OK', [(b'Content-Length', b'122'), (b'Content-Type', b'text/plain;charset=utf-8'), (b'Date', b'Mon, 22 Sep 2025 06:48:39 GMT'), (b'Server', b'Microsoft-IIS/10.0'), (b'Access-Control-Allow-Headers', b'Accept, Origin, Content-Type, MaxDataServiceVersion'), (b'Access-Control-Allow-Methods', b'GET'), (b'Access-Control-Allow-Origin', b'*'), (b'Access-Control-Expose-Headers', b'DataServiceVersion'), (b'Cache-Control', b'private'), (b'Content-Encoding', b'gzip'), (b'Expires', b'Mon, 22 Sep 2025 06:49:23 GMT'), (b'Vary', b'*'), (b'X-Content-Type-Options', b'nosniff'), (b'OData-Version', b'4.0;'), (b'X-AspNet-Version', b'4.0.30319'), (b'X-Powered-By', b'ASP.NET')])
2025-09-22 12:18:38,235 - httpx - INFO - _send_single_request:1740 - HTTP Request: GET https://services.odata.org/V4/Northwind/Northwind.svc/Products/$count "HTTP/1.1 200 OK"
2025-09-22 12:18:38,236 - httpcore.http11 - DEBUG - atrace:87 - receive_response_body.started request=<Request [b'GET']>
2025-09-22 12:18:38,236 - httpcore.http11 - DEBUG - atrace:87 - receive_response_body.complete
2025-09-22 12:18:38,236 - httpcore.http11 - DEBUG - atrace:87 - response_closed.started
2025-09-22 12:18:38,236 - httpcore.http11 - DEBUG - atrace:87 - receive_response_headers.complete return_value=(b'HTTP/1.1', 200, b'OK', [(b'Content-Length', b'120'), (b'Content-Type', b'text/plain;charset=utf-8'), (b'Date', b'Mon, 22 Sep 2025 06:48:39 GMT'), (b'Server', b'Microsoft-IIS/10.0'), (b'Access-Control-Allow-Headers', b'Accept, Origin, Content-Type, MaxDataServiceVersion'), (b'Access-Control-Allow-Methods', b'GET'), (b'Access-Control-Allow-Origin', b'*'), (b'Access-Control-Expose-Headers', b'DataServiceVersion'), (b'Cache-Control', b'private'), (b'Content-Encoding', b'gzip'), (b'Expires', b'Mon, 22 Sep 2025 06:49:23 GMT'), (b'Vary', b'*'), (b'X-Content-Type-Options', b'nosniff'), (b'OData-Version', b'4.0;'), (b'X-AspNet-Version', b'4.0.30319'), (b'X-Powered-By', b'ASP.NET')])
2025-09-22 12:18:38,236 - httpx - INFO - _send_single_request:1740 - HTTP Request: GET https://services.odata.org/V4/Northwind/Northwind.svc/Category_Sales_for_1997/$count "HTTP/1.1 200 OK"
2025-09-22 12:18:38,236 - httpcore.http11 - DEBUG - atrace:87 - receive_response_body.started request=<Request [b'GET']>
2025-09-22 12:18:38,236 - httpcore.http11 - DEBUG - atrace:87 - receive_response_body.complete
2025-09-22 12:18:38,236 - httpcore.http11 - DEBUG - atrace:87 - response_closed.started
2025-09-22 12:18:38,236 - httpcore.http11 - DEBUG - atrace:87 - response_closed.complete
2025-09-22 12:18:38,236 - httpcore.http11 - DEBUG - atrace:87 - response_closed.complete
2025-09-22 12:18:38,236 - httpcore.http11 - DEBUG - atrace:87 - receive_response_headers.complete return_value=(b'HTTP/1.1', 200, b'OK', [(b'Content-Length', b'122'), (b'Content-Type', b'text/plain;charset=utf-8'), (b'Date', b'Mon, 22 Sep 2025 06:48:39 GMT'), (b'Server', b'Microsoft-IIS/10.0'), (b'Access-Control-Allow-Headers', b'Accept, Origin, Content-Type, MaxDataServiceVersion'), (b'Access-Control-Allow-Methods', b'GET'), (b'Access-Control-Allow-Origin', b'*'), (b'Access-Control-Expose-Headers', b'DataServiceVersion'), (b'Cache-Control', b'private'), (b'Content-Encoding', b'gzip'), (b'Expires', b'Mon, 22 Sep 2025 06:49:23 GMT'), (b'Vary', b'*'), (b'X-Content-Type-Options', b'nosniff'), (b'OData-Version', b'4.0;'), (b'X-AspNet-Version', b'4.0.30319'), (b'X-Powered-By', b'ASP.NET')])
2025-09-22 12:18:38,236 - httpx - INFO - _send_single_request:1740 - HTTP Request: GET https://services.odata.org/V4/Northwind/Northwind.svc/Orders/$count "HTTP/1.1 200 OK"
2025-09-22 12:18:38,236 - httpcore.http11 - DEBUG - atrace:87 - receive_response_body.started request=<Request [b'GET']>
2025-09-22 12:18:38,243 - httpcore.http11 - DEBUG - atrace:87 - receive_response_body.complete
2025-09-22 12:18:38,243 - httpcore.http11 - DEBUG - atrace:87 - response_closed.started
2025-09-22 12:18:38,243 - httpcore.http11 - DEBUG - atrace:87 - receive_response_headers.complete return_value=(b'HTTP/1.1', 200, b'OK', [(b'Content-Length', b'120'), (b'Content-Type', b'text/plain;charset=utf-8'), (b'Date', b'Mon, 22 Sep 2025 06:48:39 GMT'), (b'Server', b'Microsoft-IIS/10.0'), (b'Access-Control-Allow-Headers', b'Accept, Origin, Content-Type, MaxDataServiceVersion'), (b'Access-Control-Allow-Methods', b'GET'), (b'Access-Control-Allow-Origin', b'*'), (b'Access-Control-Expose-Headers', b'DataServiceVersion'), (b'Cache-Control', b'private'), (b'Content-Encoding', b'gzip'), (b'Expires', b'Mon, 22 Sep 2025 06:49:23 GMT'), (b'Vary', b'*'), (b'X-Content-Type-Options', b'nosniff'), (b'OData-Version', b'4.0;'), (b'X-AspNet-Version', b'4.0.30319'), (b'X-Powered-By', b'ASP.NET')])
2025-09-22 12:18:38,243 - httpx - INFO - _send_single_request:1740 - HTTP Request: GET https://services.odata.org/V4/Northwind/Northwind.svc/Categories/$count "HTTP/1.1 200 OK"
2025-09-22 12:18:38,243 - httpcore.http11 - DEBUG - atrace:87 - receive_response_body.started request=<Request [b'GET']>
2025-09-22 12:18:38,243 - httpcore.http11 - DEBUG - atrace:87 - receive_response_body.complete
2025-09-22 12:18:38,243 - httpcore.http11 - DEBUG - atrace:87 - response_closed.started
2025-09-22 12:18:38,243 - httpcore.http11 - DEBUG - atrace:87 - receive_response_headers.complete return_value=(b'HTTP/1.1', 200, b'OK', [(b'Content-Length', b'120'), (b'Content-Type', b'text/plain;charset=utf-8'), (b'Date', b'Mon, 22 Sep 2025 06:48:39 GMT'), (b'Server', b'Microsoft-IIS/10.0'), (b'Access-Control-Allow-Headers', b'Accept, Origin, Content-Type, MaxDataServiceVersion'), (b'Access-Control-Allow-Methods', b'GET'), (b'Access-Control-Allow-Origin', b'*'), (b'Access-Control-Expose-Headers', b'DataServiceVersion'), (b'Cache-Control', b'private'), (b'Content-Encoding', b'gzip'), (b'Expires', b'Mon, 22 Sep 2025 06:49:23 GMT'), (b'Vary', b'*'), (b'X-Content-Type-Options', b'nosniff'), (b'OData-Version', b'4.0;'), (b'X-AspNet-Version', b'4.0.30319'), (b'X-Powered-By', b'ASP.NET')])
2025-09-22 12:18:38,243 - httpx - INFO - _send_single_request:1740 - HTTP Request: GET https://services.odata.org/V4/Northwind/Northwind.svc/Shippers/$count "HTTP/1.1 200 OK"
2025-09-22 12:18:38,245 - httpcore.http11 - DEBUG - atrace:87 - receive_response_body.started request=<Request [b'GET']>
2025-09-22 12:18:38,245 - httpcore.http11 - DEBUG - atrace:87 - receive_response_body.complete
2025-09-22 12:18:38,245 - httpcore.http11 - DEBUG - atrace:87 - response_closed.started
2025-09-22 12:18:38,245 - httpcore.http11 - DEBUG - atrace:87 - receive_response_headers.complete return_value=(b'HTTP/1.1', 200, b'OK', [(b'Content-Length', b'124'), (b'Content-Type', b'text/plain;charset=utf-8'), (b'Date', b'Mon, 22 Sep 2025 06:48:39 GMT'), (b'Server', b'Microsoft-IIS/10.0'), (b'Access-Control-Allow-Headers', b'Accept, Origin, Content-Type, MaxDataServiceVersion'), (b'Access-Control-Allow-Methods', b'GET'), (b'Access-Control-Allow-Origin', b'*'), (b'Access-Control-Expose-Headers', b'DataServiceVersion'), (b'Cache-Control', b'private'), (b'Content-Encoding', b'gzip'), (b'Expires', b'Mon, 22 Sep 2025 06:49:23 GMT'), (b'Vary', b'*'), (b'X-Content-Type-Options', b'nosniff'), (b'OData-Version', b'4.0;'), (b'X-AspNet-Version', b'4.0.30319'), (b'X-Powered-By', b'ASP.NET')])
2025-09-22 12:18:38,245 - httpx - INFO - _send_single_request:1740 - HTTP Request: GET https://services.odata.org/V4/Northwind/Northwind.svc/Order_Details_Extendeds/$count "HTTP/1.1 200 OK"
2025-09-22 12:18:38,245 - httpcore.http11 - DEBUG - atrace:87 - receive_response_body.started request=<Request [b'GET']>
2025-09-22 12:18:38,245 - httpcore.http11 - DEBUG - atrace:87 - receive_response_body.complete
2025-09-22 12:18:38,246 - httpcore.http11 - DEBUG - atrace:87 - response_closed.started
2025-09-22 12:18:38,246 - httpcore.http11 - DEBUG - atrace:87 - receive_response_headers.complete return_value=(b'HTTP/1.1', 200, b'OK', [(b'Content-Length', b'122'), (b'Content-Type', b'text/plain;charset=utf-8'), (b'Date', b'Mon, 22 Sep 2025 06:48:39 GMT'), (b'Server', b'Microsoft-IIS/10.0'), (b'Access-Control-Allow-Headers', b'Accept, Origin, Content-Type, MaxDataServiceVersion'), (b'Access-Control-Allow-Methods', b'GET'), (b'Access-Control-Allow-Origin', b'*'), (b'Access-Control-Expose-Headers', b'DataServiceVersion'), (b'Cache-Control', b'private'), (b'Content-Encoding', b'gzip'), (b'Expires', b'Mon, 22 Sep 2025 06:49:23 GMT'), (b'Vary', b'*'), (b'X-Content-Type-Options', b'nosniff'), (b'OData-Version', b'4.0;'), (b'X-AspNet-Version', b'4.0.30319'), (b'X-Powered-By', b'ASP.NET')])
2025-09-22 12:18:38,246 - httpx - INFO - _send_single_request:1740 - HTTP Request: GET https://services.odata.org/V4/Northwind/Northwind.svc/Order_Subtotals/$count "HTTP/1.1 200 OK"
2025-09-22 12:18:38,246 - httpcore.http11 - DEBUG - atrace:87 - receive_response_body.started request=<Request [b'GET']>
2025-09-22 12:18:38,246 - httpcore.http11 - DEBUG - atrace:87 - receive_response_body.complete
2025-09-22 12:18:38,248 - httpcore.http11 - DEBUG - atrace:87 - response_closed.started
2025-09-22 12:18:38,248 - httpcore.http11 - DEBUG - atrace:87 - receive_response_headers.complete return_value=(b'HTTP/1.1', 200, b'OK', [(b'Content-Length', b'122'), (b'Content-Type', b'text/plain;charset=utf-8'), (b'Date', b'Mon, 22 Sep 2025 06:48:39 GMT'), (b'Server', b'Microsoft-IIS/10.0'), (b'Access-Control-Allow-Headers', b'Accept, Origin, Content-Type, MaxDataServiceVersion'), (b'Access-Control-Allow-Methods', b'GET'), (b'Access-Control-Allow-Origin', b'*'), (b'Access-Control-Expose-Headers', b'DataServiceVersion'), (b'Cache-Control', b'private'), (b'Content-Encoding', b'gzip'), (b'Expires', b'Mon, 22 Sep 2025 06:49:23 GMT'), (b'Vary', b'*'), (b'X-Content-Type-Options', b'nosniff'), (b'OData-Version', b'4.0;'), (b'X-AspNet-Version', b'4.0.30319'), (b'X-Powered-By', b'ASP.NET')])
2025-09-22 12:18:38,249 - httpx - INFO - _send_single_request:1740 - HTTP Request: GET https://services.odata.org/V4/Northwind/Northwind.svc/Customer_and_Suppliers_by_Cities/$count "HTTP/1.1 200 OK"
2025-09-22 12:18:38,249 - httpcore.http11 - DEBUG - atrace:87 - receive_response_body.started request=<Request [b'GET']>
2025-09-22 12:18:38,249 - httpcore.http11 - DEBUG - atrace:87 - receive_response_body.complete
2025-09-22 12:18:38,249 - httpcore.http11 - DEBUG - atrace:87 - response_closed.started
2025-09-22 12:18:38,249 - httpcore.http11 - DEBUG - atrace:87 - response_closed.complete
2025-09-22 12:18:38,249 - httpcore.http11 - DEBUG - atrace:87 - response_closed.complete
2025-09-22 12:18:38,249 - httpcore.http11 - DEBUG - atrace:87 - response_closed.complete
2025-09-22 12:18:38,251 - httpcore.http11 - DEBUG - atrace:87 - response_closed.complete
2025-09-22 12:18:38,251 - httpcore.http11 - DEBUG - atrace:87 - response_closed.complete
2025-09-22 12:18:38,251 - httpcore.http11 - DEBUG - atrace:87 - response_closed.complete
2025-09-22 12:18:38,251 - services.count - INFO - get_entity_counts:61 - [2m2025-09-22T06:48:38.251389Z[0m [[32m[1minfo     [0m] [1mSuccessfully retrieved entity counts[0m [[0m[1m[34mservices.count[0m][0m [36mcounts[0m=[35m{'Categories': 8, 'CustomerDemographics': 0, 'Customers': 91, 'Employees': 9, 'Order_Details': 2155, 'Orders': 830, 'Products': 77, 'Regions': 4, 'Shippers': 3, 'Suppliers': 29, 'Territories': 53, 'Alphabetical_list_of_products': 69, 'Category_Sales_for_1997': 8, 'Current_Product_Lists': 69, 'Customer_and_Suppliers_by_Cities': 120, 'Invoices': 2155, 'Order_Details_Extendeds': 2155, 'Order_Subtotals': 830, 'Orders_Qries': 830, 'Product_Sales_for_1997': 77, 'Products_Above_Average_Prices': 25, 'Products_by_Categories': 69, 'Sales_by_Categories': 77, 'Sales_Totals_by_Amounts': 66, 'Summary_of_Sales_by_Quarters': 809, 'Summary_of_Sales_by_Years': 809}[0m
2025-09-22 12:18:38,251 - httpcore.connection - DEBUG - atrace:87 - close.started
2025-09-22 12:18:38,255 - httpcore.connection - DEBUG - atrace:87 - close.complete
2025-09-22 12:18:38,255 - httpcore.connection - DEBUG - atrace:87 - close.started
2025-09-22 12:18:38,255 - httpcore.connection - DEBUG - atrace:87 - close.complete
2025-09-22 12:18:38,255 - httpcore.connection - DEBUG - atrace:87 - close.started
2025-09-22 12:18:38,255 - httpcore.connection - DEBUG - atrace:87 - close.complete
2025-09-22 12:18:38,255 - httpcore.connection - DEBUG - atrace:87 - close.started
2025-09-22 12:18:38,255 - httpcore.connection - DEBUG - atrace:87 - close.complete
2025-09-22 12:18:38,255 - httpcore.connection - DEBUG - atrace:87 - close.started
2025-09-22 12:18:38,255 - httpcore.connection - DEBUG - atrace:87 - close.complete
2025-09-22 12:18:38,255 - httpcore.connection - DEBUG - atrace:87 - close.started
2025-09-22 12:18:38,255 - httpcore.connection - DEBUG - atrace:87 - close.complete
2025-09-22 12:18:38,255 - httpcore.connection - DEBUG - atrace:87 - close.started
2025-09-22 12:18:38,255 - httpcore.connection - DEBUG - atrace:87 - close.complete
2025-09-22 12:18:38,255 - httpcore.connection - DEBUG - atrace:87 - close.started
2025-09-22 12:18:38,255 - httpcore.connection - DEBUG - atrace:87 - close.complete
2025-09-22 12:18:38,255 - httpcore.connection - DEBUG - atrace:87 - close.started
2025-09-22 12:18:38,255 - httpcore.connection - DEBUG - atrace:87 - close.complete
2025-09-22 12:18:38,255 - httpcore.connection - DEBUG - atrace:87 - close.started
2025-09-22 12:18:38,255 - httpcore.connection - DEBUG - atrace:87 - close.complete
2025-09-22 12:18:38,255 - httpcore.connection - DEBUG - atrace:87 - close.started
2025-09-22 12:18:38,255 - httpcore.connection - DEBUG - atrace:87 - close.complete
2025-09-22 12:18:38,255 - httpcore.connection - DEBUG - atrace:87 - close.started
2025-09-22 12:18:38,255 - httpcore.connection - DEBUG - atrace:87 - close.complete
2025-09-22 12:18:38,255 - httpcore.connection - DEBUG - atrace:87 - close.started
2025-09-22 12:18:38,255 - httpcore.connection - DEBUG - atrace:87 - close.complete
2025-09-22 12:18:38,255 - httpcore.connection - DEBUG - atrace:87 - close.started
2025-09-22 12:18:38,255 - httpcore.connection - DEBUG - atrace:87 - close.complete
2025-09-22 12:18:38,255 - httpcore.connection - DEBUG - atrace:87 - close.started
2025-09-22 12:18:38,255 - httpcore.connection - DEBUG - atrace:87 - close.complete
2025-09-22 12:18:38,255 - httpcore.connection - DEBUG - atrace:87 - close.started
2025-09-22 12:18:38,255 - httpcore.connection - DEBUG - atrace:87 - close.complete
2025-09-22 12:18:38,255 - httpcore.connection - DEBUG - atrace:87 - close.started
2025-09-22 12:18:38,255 - httpcore.connection - DEBUG - atrace:87 - close.complete
2025-09-22 12:18:38,255 - httpcore.connection - DEBUG - atrace:87 - close.started
2025-09-22 12:18:38,255 - httpcore.connection - DEBUG - atrace:87 - close.complete
2025-09-22 12:18:38,255 - httpcore.connection - DEBUG - atrace:87 - close.started
2025-09-22 12:18:38,255 - httpcore.connection - DEBUG - atrace:87 - close.complete
2025-09-22 12:18:38,255 - httpcore.connection - DEBUG - atrace:87 - close.started
2025-09-22 12:18:38,255 - httpcore.connection - DEBUG - atrace:87 - close.complete
2025-09-22 12:18:38,259 - planning.graph_builder - INFO - add_entities:32 - [2m2025-09-22T06:48:38.255532Z[0m [[32m[1minfo     [0m] [1mAdded entities to graph       [0m [[0m[1m[34mplanning.graph_builder[0m][0m [36mentity_count[0m=[35m26[0m
2025-09-22 12:18:38,259 - planning.graph_builder - INFO - add_relationships:54 - [2m2025-09-22T06:48:38.259654Z[0m [[32m[1minfo     [0m] [1mAdded relationships to graph  [0m [[0m[1m[34mplanning.graph_builder[0m][0m [36mrelationship_count[0m=[35m0[0m
2025-09-22 12:18:38,261 - planning.graph_builder - INFO - get_processing_order:72 - [2m2025-09-22T06:48:38.261516Z[0m [[32m[1minfo     [0m] [1mGenerated processing order    [0m [[0m[1m[34mplanning.graph_builder[0m][0m [36mlevels[0m=[35m1[0m [36mtotal_entities[0m=[35m26[0m
2025-09-22 12:18:38,262 - planning.plan_generator - INFO - create_execution_plan:134 - [2m2025-09-22T06:48:38.262125Z[0m [[32m[1minfo     [0m] [1mCreating execution plan       [0m [[0m[1m[34mplanning.plan_generator[0m][0m [36mselected_entities[0m=[35mall[0m [36mtotal_entities[0m=[35m26[0m
2025-09-22 12:18:38,262 - planning.plan_generator - INFO - create_execution_plan:152 - [2m2025-09-22T06:48:38.262886Z[0m [[32m[1minfo     [0m] [1mSkipping empty entity         [0m [[0m[1m[34mplanning.plan_generator[0m][0m [36mentity[0m=[35mCustomerDemographics[0m
2025-09-22 12:18:38,262 - planning.plan_generator - INFO - create_execution_plan:186 - [2m2025-09-22T06:48:38.262886Z[0m [[32m[1minfo     [0m] [1mExecution plan created        [0m [[0m[1m[34mplanning.plan_generator[0m][0m [36mplanned_entities[0m=[35m25[0m [36mtotal_commands[0m=[35m28[0m
2025-09-22 12:18:38,262 - connector - INFO - _discovery_phase:213 - [2m2025-09-22T06:48:38.262886Z[0m [[32m[1minfo     [0m] [1mDiscovery phase completed     [0m [[0m[1m[34mconnector[0m][0m [36mentities[0m=[35m26[0m [36mprocessing_levels[0m=[35m1[0m [36mtotal_records[0m=[35m11427[0m
2025-09-22 12:18:38,262 - connector - INFO - _execution_phase:220 - [2m2025-09-22T06:48:38.262886Z[0m [[32m[1minfo     [0m] [1mStarting execution phase      [0m [[0m[1m[34mconnector[0m][0m
2025-09-22 12:18:38,262 - workers.proxy_pool - INFO - start:304 - [2m2025-09-22T06:48:38.262886Z[0m [[32m[1minfo     [0m] [1mStarting proxy pool           [0m [[0m[1m[34mworkers.proxy_pool[0m][0m [36mmax_workers[0m=[35m3[0m
2025-09-22 12:18:38,262 - workers.proxy_pool - INFO - start:324 - [2m2025-09-22T06:48:38.262886Z[0m [[32m[1minfo     [0m] [1mProxy pool started successfully[0m [[0m[1m[34mworkers.proxy_pool[0m][0m
2025-09-22 12:18:38,262 - planning.plan_generator - INFO - get_initial_commands:219 - [2m2025-09-22T06:48:38.262886Z[0m [[32m[1minfo     [0m] [1mGenerated initial commands    [0m [[0m[1m[34mplanning.plan_generator[0m][0m [36mcommand_count[0m=[35m28[0m
2025-09-22 12:18:38,262 - workers.proxy_pool - INFO - add_commands:365 - [2m2025-09-22T06:48:38.262886Z[0m [[32m[1minfo     [0m] [1mCommands added to queue       [0m [[0m[1m[34mworkers.proxy_pool[0m][0m [36mcount[0m=[35m28[0m
2025-09-22 12:18:38,266 - workers.proxy_pool - INFO - _worker_loop:372 - [2m2025-09-22T06:48:38.266044Z[0m [[32m[1minfo     [0m] [1m🟢 Worker started and ready for commands[0m [[0m[1m[34mworkers.proxy_pool[0m][0m [36mworker_id[0m=[35mworker_0[0m [36mworker_status[0m=[35mACTIVE[0m
2025-09-22 12:18:38,266 - workers.proxy_pool - INFO - _worker_loop:394 - [2m2025-09-22T06:48:38.266044Z[0m [[32m[1minfo     [0m] [1m📋 Worker picked up command from queue[0m [[0m[1m[34mworkers.proxy_pool[0m][0m [36mcommand_id[0m=[35mProducts_Above_Average_Prices_page_1[0m [36mentity[0m=[35mProducts_Above_Average_Prices[0m [36mqueue_size_after_pickup[0m=[35m27[0m [36mworker_id[0m=[35mworker_0[0m [36mworker_status[0m=[35mPROCESSING[0m
2025-09-22 12:18:38,266 - workers.proxy_pool - INFO - execute_command:51 - [2m2025-09-22T06:48:38.266044Z[0m [[32m[1minfo     [0m] [1m🚀 Worker starting command execution[0m [[0m[1m[34mworkers.proxy_pool[0m][0m [36mcommand_id[0m=[35mProducts_Above_Average_Prices_page_1[0m [36mcommand_type[0m=[35mfetch_page[0m [36mentity[0m=[35mProducts_Above_Average_Prices[0m [36mpriority[0m=[35m1[0m [36mretry_count[0m=[35m0[0m [36mskip[0m=[35m0[0m [36mtop[0m=[35m1500[0m [36mworker_id[0m=[35mworker_0[0m
2025-09-22 12:18:38,266 - workers.proxy_pool - INFO - execute_command:74 - [2m2025-09-22T06:48:38.266044Z[0m [[32m[1minfo     [0m] [1m🔄 Worker executing request with resilience patterns[0m [[0m[1m[34mworkers.proxy_pool[0m][0m [36mcircuit_breaker_state[0m=[35mclosed[0m [36mcommand_id[0m=[35mProducts_Above_Average_Prices_page_1[0m [36mworker_id[0m=[35mworker_0[0m
2025-09-22 12:18:38,552 - workers.proxy_pool - INFO - _worker_loop:372 - [2m2025-09-22T06:48:38.552024Z[0m [[32m[1minfo     [0m] [1m🟢 Worker started and ready for commands[0m [[0m[1m[34mworkers.proxy_pool[0m][0m [36mworker_id[0m=[35mworker_1[0m [36mworker_status[0m=[35mACTIVE[0m
2025-09-22 12:18:38,552 - workers.proxy_pool - INFO - _worker_loop:394 - [2m2025-09-22T06:48:38.552024Z[0m [[32m[1minfo     [0m] [1m📋 Worker picked up command from queue[0m [[0m[1m[34mworkers.proxy_pool[0m][0m [36mcommand_id[0m=[35mShippers_page_1[0m [36mentity[0m=[35mShippers[0m [36mqueue_size_after_pickup[0m=[35m26[0m [36mworker_id[0m=[35mworker_1[0m [36mworker_status[0m=[35mPROCESSING[0m
2025-09-22 12:18:38,552 - workers.proxy_pool - INFO - execute_command:51 - [2m2025-09-22T06:48:38.552024Z[0m [[32m[1minfo     [0m] [1m🚀 Worker starting command execution[0m [[0m[1m[34mworkers.proxy_pool[0m][0m [36mcommand_id[0m=[35mShippers_page_1[0m [36mcommand_type[0m=[35mfetch_page[0m [36mentity[0m=[35mShippers[0m [36mpriority[0m=[35m1[0m [36mretry_count[0m=[35m0[0m [36mskip[0m=[35m0[0m [36mtop[0m=[35m1500[0m [36mworker_id[0m=[35mworker_1[0m
2025-09-22 12:18:38,552 - workers.proxy_pool - INFO - execute_command:74 - [2m2025-09-22T06:48:38.552024Z[0m [[32m[1minfo     [0m] [1m🔄 Worker executing request with resilience patterns[0m [[0m[1m[34mworkers.proxy_pool[0m][0m [36mcircuit_breaker_state[0m=[35mclosed[0m [36mcommand_id[0m=[35mShippers_page_1[0m [36mworker_id[0m=[35mworker_1[0m
2025-09-22 12:18:38,552 - workers.proxy_pool - INFO - _worker_loop:372 - [2m2025-09-22T06:48:38.552024Z[0m [[32m[1minfo     [0m] [1m🟢 Worker started and ready for commands[0m [[0m[1m[34mworkers.proxy_pool[0m][0m [36mworker_id[0m=[35mworker_2[0m [36mworker_status[0m=[35mACTIVE[0m
2025-09-22 12:18:38,552 - workers.proxy_pool - INFO - _worker_loop:394 - [2m2025-09-22T06:48:38.552024Z[0m [[32m[1minfo     [0m] [1m📋 Worker picked up command from queue[0m [[0m[1m[34mworkers.proxy_pool[0m][0m [36mcommand_id[0m=[35mCurrent_Product_Lists_page_1[0m [36mentity[0m=[35mCurrent_Product_Lists[0m [36mqueue_size_after_pickup[0m=[35m25[0m [36mworker_id[0m=[35mworker_2[0m [36mworker_status[0m=[35mPROCESSING[0m
2025-09-22 12:18:38,552 - workers.proxy_pool - INFO - execute_command:51 - [2m2025-09-22T06:48:38.552024Z[0m [[32m[1minfo     [0m] [1m🚀 Worker starting command execution[0m [[0m[1m[34mworkers.proxy_pool[0m][0m [36mcommand_id[0m=[35mCurrent_Product_Lists_page_1[0m [36mcommand_type[0m=[35mfetch_page[0m [36mentity[0m=[35mCurrent_Product_Lists[0m [36mpriority[0m=[35m1[0m [36mretry_count[0m=[35m0[0m [36mskip[0m=[35m0[0m [36mtop[0m=[35m1500[0m [36mworker_id[0m=[35mworker_2[0m
2025-09-22 12:18:38,552 - workers.proxy_pool - INFO - execute_command:74 - [2m2025-09-22T06:48:38.552024Z[0m [[32m[1minfo     [0m] [1m🔄 Worker executing request with resilience patterns[0m [[0m[1m[34mworkers.proxy_pool[0m][0m [36mcircuit_breaker_state[0m=[35mclosed[0m [36mcommand_id[0m=[35mCurrent_Product_Lists_page_1[0m [36mworker_id[0m=[35mworker_2[0m
2025-09-22 12:18:38,552 - httpcore.connection - DEBUG - atrace:87 - connect_tcp.started host='services.odata.org' port=443 local_address=None timeout=30 socket_options=None
2025-09-22 12:18:38,552 - httpcore.connection - DEBUG - atrace:87 - connect_tcp.started host='services.odata.org' port=443 local_address=None timeout=30 socket_options=None
2025-09-22 12:18:38,552 - httpcore.connection - DEBUG - atrace:87 - connect_tcp.started host='services.odata.org' port=443 local_address=None timeout=30 socket_options=None
2025-09-22 12:18:38,866 - httpcore.connection - DEBUG - atrace:87 - connect_tcp.complete return_value=<httpcore._backends.anyio.AnyIOStream object at 0x0000019166E67FE0>
2025-09-22 12:18:38,866 - httpcore.connection - DEBUG - atrace:87 - start_tls.started ssl_context=<ssl.SSLContext object at 0x000001916890DBD0> server_hostname='services.odata.org' timeout=30
2025-09-22 12:18:38,866 - httpcore.connection - DEBUG - atrace:87 - connect_tcp.complete return_value=<httpcore._backends.anyio.AnyIOStream object at 0x0000019168419400>
2025-09-22 12:18:38,866 - httpcore.connection - DEBUG - atrace:87 - start_tls.started ssl_context=<ssl.SSLContext object at 0x000001916890DBD0> server_hostname='services.odata.org' timeout=30
2025-09-22 12:18:38,866 - httpcore.connection - DEBUG - atrace:87 - connect_tcp.complete return_value=<httpcore._backends.anyio.AnyIOStream object at 0x0000019165A3D3A0>
2025-09-22 12:18:38,866 - httpcore.connection - DEBUG - atrace:87 - start_tls.started ssl_context=<ssl.SSLContext object at 0x000001916890DBD0> server_hostname='services.odata.org' timeout=30
2025-09-22 12:18:39,497 - httpcore.connection - DEBUG - atrace:87 - start_tls.complete return_value=<httpcore._backends.anyio.AnyIOStream object at 0x00000191689C3500>
2025-09-22 12:18:39,504 - httpcore.http11 - DEBUG - atrace:87 - send_request_headers.started request=<Request [b'GET']>
2025-09-22 12:18:39,511 - httpcore.connection - DEBUG - atrace:87 - start_tls.complete return_value=<httpcore._backends.anyio.AnyIOStream object at 0x00000191689C3BF0>
2025-09-22 12:18:39,511 - httpcore.connection - DEBUG - atrace:87 - start_tls.complete return_value=<httpcore._backends.anyio.AnyIOStream object at 0x00000191689C2DE0>
2025-09-22 12:18:39,511 - httpcore.http11 - DEBUG - atrace:87 - send_request_headers.complete
2025-09-22 12:18:39,511 - httpcore.http11 - DEBUG - atrace:87 - send_request_body.started request=<Request [b'GET']>
2025-09-22 12:18:39,511 - httpcore.http11 - DEBUG - atrace:87 - send_request_body.complete
2025-09-22 12:18:39,511 - httpcore.http11 - DEBUG - atrace:87 - receive_response_headers.started request=<Request [b'GET']>
2025-09-22 12:18:39,511 - httpcore.http11 - DEBUG - atrace:87 - send_request_headers.started request=<Request [b'GET']>
2025-09-22 12:18:39,511 - httpcore.http11 - DEBUG - atrace:87 - send_request_headers.started request=<Request [b'GET']>
2025-09-22 12:18:39,511 - httpcore.http11 - DEBUG - atrace:87 - send_request_headers.complete
2025-09-22 12:18:39,511 - httpcore.http11 - DEBUG - atrace:87 - send_request_body.started request=<Request [b'GET']>
2025-09-22 12:18:39,511 - httpcore.http11 - DEBUG - atrace:87 - send_request_body.complete
2025-09-22 12:18:39,511 - httpcore.http11 - DEBUG - atrace:87 - receive_response_headers.started request=<Request [b'GET']>
2025-09-22 12:18:39,511 - httpcore.http11 - DEBUG - atrace:87 - send_request_headers.complete
2025-09-22 12:18:39,511 - httpcore.http11 - DEBUG - atrace:87 - send_request_body.started request=<Request [b'GET']>
2025-09-22 12:18:39,511 - httpcore.http11 - DEBUG - atrace:87 - send_request_body.complete
2025-09-22 12:18:39,511 - httpcore.http11 - DEBUG - atrace:87 - receive_response_headers.started request=<Request [b'GET']>
2025-09-22 12:18:39,795 - httpcore.http11 - DEBUG - atrace:87 - receive_response_headers.complete return_value=(b'HTTP/1.1', 200, b'OK', [(b'Content-Length', b'311'), (b'Content-Type', b'application/json;odata.metadata=minimal;odata.streaming=true;IEEE754Compatible=false;charset=utf-8'), (b'Date', b'Mon, 22 Sep 2025 06:48:40 GMT'), (b'Server', b'Microsoft-IIS/10.0'), (b'Access-Control-Allow-Headers', b'Accept, Origin, Content-Type, MaxDataServiceVersion'), (b'Access-Control-Allow-Methods', b'GET'), (b'Access-Control-Allow-Origin', b'*'), (b'Access-Control-Expose-Headers', b'DataServiceVersion'), (b'Cache-Control', b'private'), (b'Content-Encoding', b'gzip'), (b'Expires', b'Mon, 22 Sep 2025 06:49:41 GMT'), (b'Vary', b'*'), (b'X-Content-Type-Options', b'nosniff'), (b'OData-Version', b'4.0;'), (b'X-AspNet-Version', b'4.0.30319'), (b'X-Powered-By', b'ASP.NET')])
2025-09-22 12:18:39,795 - httpx - INFO - _send_single_request:1740 - HTTP Request: GET https://services.odata.org/V4/Northwind/Northwind.svc/Shippers?%24skip=0&%24top=1500 "HTTP/1.1 200 OK"
2025-09-22 12:18:39,796 - httpcore.http11 - DEBUG - atrace:87 - receive_response_body.started request=<Request [b'GET']>
2025-09-22 12:18:39,796 - httpcore.http11 - DEBUG - atrace:87 - receive_response_body.complete
2025-09-22 12:18:39,797 - httpcore.http11 - DEBUG - atrace:87 - response_closed.started
2025-09-22 12:18:39,797 - httpcore.http11 - DEBUG - atrace:87 - receive_response_headers.complete return_value=(b'HTTP/1.1', 200, b'OK', [(b'Content-Length', b'764'), (b'Content-Type', b'application/json;odata.metadata=minimal;odata.streaming=true;IEEE754Compatible=false;charset=utf-8'), (b'Date', b'Mon, 22 Sep 2025 06:48:40 GMT'), (b'Server', b'Microsoft-IIS/10.0'), (b'Access-Control-Allow-Headers', b'Accept, Origin, Content-Type, MaxDataServiceVersion'), (b'Access-Control-Allow-Methods', b'GET'), (b'Access-Control-Allow-Origin', b'*'), (b'Access-Control-Expose-Headers', b'DataServiceVersion'), (b'Cache-Control', b'private'), (b'Content-Encoding', b'gzip'), (b'Expires', b'Mon, 22 Sep 2025 06:49:41 GMT'), (b'Vary', b'*'), (b'X-Content-Type-Options', b'nosniff'), (b'OData-Version', b'4.0;'), (b'X-AspNet-Version', b'4.0.30319'), (b'X-Powered-By', b'ASP.NET')])
2025-09-22 12:18:39,798 - httpx - INFO - _send_single_request:1740 - HTTP Request: GET https://services.odata.org/V4/Northwind/Northwind.svc/Products_Above_Average_Prices?%24skip=0&%24top=1500 "HTTP/1.1 200 OK"
2025-09-22 12:18:39,798 - httpcore.http11 - DEBUG - atrace:87 - receive_response_body.started request=<Request [b'GET']>
2025-09-22 12:18:39,798 - httpcore.http11 - DEBUG - atrace:87 - receive_response_body.complete
2025-09-22 12:18:39,798 - httpcore.http11 - DEBUG - atrace:87 - response_closed.started
2025-09-22 12:18:39,798 - httpcore.http11 - DEBUG - atrace:87 - response_closed.complete
2025-09-22 12:18:39,798 - workers.proxy_pool - INFO - _make_http_request:187 - [2m2025-09-22T06:48:39.798540Z[0m [[32m[1minfo     [0m] [1m📊 Worker successfully fetched data[0m [[0m[1m[34mworkers.proxy_pool[0m][0m [36mcommand_id[0m=[35mShippers_page_1[0m [36mentity[0m=[35mShippers[0m [36mhas_next_page[0m=[35mFalse[0m [36mrecords_in_response[0m=[35m3[0m [36mworker_id[0m=[35mworker_1[0m
2025-09-22 12:18:39,801 - workers.proxy_pool - ERROR - _worker_loop:429 - [2m2025-09-22T06:48:39.801982Z[0m [[31m[1merror    [0m] [1m💥 Unexpected error in worker loop[0m [[0m[1m[34mworkers.proxy_pool[0m][0m [36merror[0m=[35m"name 'metrics' is not defined"[0m [36merror_type[0m=[35mNameError[0m [36mworker_id[0m=[35mworker_1[0m [36mworker_status[0m=[35mERROR[0m
2025-09-22 12:18:39,801 - workers.proxy_pool - INFO - _worker_loop:394 - [2m2025-09-22T06:48:39.801982Z[0m [[32m[1minfo     [0m] [1m📋 Worker picked up command from queue[0m [[0m[1m[34mworkers.proxy_pool[0m][0m [36mcommand_id[0m=[35mAlphabetical_list_of_products_page_1[0m [36mentity[0m=[35mAlphabetical_list_of_products[0m [36mqueue_size_after_pickup[0m=[35m24[0m [36mworker_id[0m=[35mworker_1[0m [36mworker_status[0m=[35mPROCESSING[0m
2025-09-22 12:18:39,804 - workers.proxy_pool - INFO - execute_command:51 - [2m2025-09-22T06:48:39.804004Z[0m [[32m[1minfo     [0m] [1m🚀 Worker starting command execution[0m [[0m[1m[34mworkers.proxy_pool[0m][0m [36mcommand_id[0m=[35mAlphabetical_list_of_products_page_1[0m [36mcommand_type[0m=[35mfetch_page[0m [36mentity[0m=[35mAlphabetical_list_of_products[0m [36mpriority[0m=[35m1[0m [36mretry_count[0m=[35m0[0m [36mskip[0m=[35m0[0m [36mtop[0m=[35m1500[0m [36mworker_id[0m=[35mworker_1[0m
2025-09-22 12:18:39,804 - workers.proxy_pool - INFO - execute_command:74 - [2m2025-09-22T06:48:39.804004Z[0m [[32m[1minfo     [0m] [1m🔄 Worker executing request with resilience patterns[0m [[0m[1m[34mworkers.proxy_pool[0m][0m [36mcircuit_breaker_state[0m=[35mclosed[0m [36mcommand_id[0m=[35mAlphabetical_list_of_products_page_1[0m [36mworker_id[0m=[35mworker_1[0m
2025-09-22 12:18:39,805 - httpcore.http11 - DEBUG - atrace:87 - response_closed.complete
2025-09-22 12:18:39,805 - workers.proxy_pool - INFO - _make_http_request:187 - [2m2025-09-22T06:48:39.805768Z[0m [[32m[1minfo     [0m] [1m📊 Worker successfully fetched data[0m [[0m[1m[34mworkers.proxy_pool[0m][0m [36mcommand_id[0m=[35mProducts_Above_Average_Prices_page_1[0m [36mentity[0m=[35mProducts_Above_Average_Prices[0m [36mhas_next_page[0m=[35mFalse[0m [36mrecords_in_response[0m=[35m25[0m [36mworker_id[0m=[35mworker_0[0m
2025-09-22 12:18:39,805 - workers.proxy_pool - ERROR - _worker_loop:429 - [2m2025-09-22T06:48:39.805768Z[0m [[31m[1merror    [0m] [1m💥 Unexpected error in worker loop[0m [[0m[1m[34mworkers.proxy_pool[0m][0m [36merror[0m=[35m"name 'metrics' is not defined"[0m [36merror_type[0m=[35mNameError[0m [36mworker_id[0m=[35mworker_0[0m [36mworker_status[0m=[35mERROR[0m
2025-09-22 12:18:39,808 - workers.proxy_pool - INFO - _worker_loop:394 - [2m2025-09-22T06:48:39.808999Z[0m [[32m[1minfo     [0m] [1m📋 Worker picked up command from queue[0m [[0m[1m[34mworkers.proxy_pool[0m][0m [36mcommand_id[0m=[35mSummary_of_Sales_by_Quarters_page_1[0m [36mentity[0m=[35mSummary_of_Sales_by_Quarters[0m [36mqueue_size_after_pickup[0m=[35m23[0m [36mworker_id[0m=[35mworker_0[0m [36mworker_status[0m=[35mPROCESSING[0m
2025-09-22 12:18:39,809 - workers.proxy_pool - INFO - execute_command:51 - [2m2025-09-22T06:48:39.809461Z[0m [[32m[1minfo     [0m] [1m🚀 Worker starting command execution[0m [[0m[1m[34mworkers.proxy_pool[0m][0m [36mcommand_id[0m=[35mSummary_of_Sales_by_Quarters_page_1[0m [36mcommand_type[0m=[35mfetch_page[0m [36mentity[0m=[35mSummary_of_Sales_by_Quarters[0m [36mpriority[0m=[35m1[0m [36mretry_count[0m=[35m0[0m [36mskip[0m=[35m0[0m [36mtop[0m=[35m1500[0m [36mworker_id[0m=[35mworker_0[0m
2025-09-22 12:18:39,810 - workers.proxy_pool - INFO - execute_command:74 - [2m2025-09-22T06:48:39.810580Z[0m [[32m[1minfo     [0m] [1m🔄 Worker executing request with resilience patterns[0m [[0m[1m[34mworkers.proxy_pool[0m][0m [36mcircuit_breaker_state[0m=[35mclosed[0m [36mcommand_id[0m=[35mSummary_of_Sales_by_Quarters_page_1[0m [36mworker_id[0m=[35mworker_0[0m
2025-09-22 12:18:39,810 - httpcore.http11 - DEBUG - atrace:87 - send_request_headers.started request=<Request [b'GET']>
2025-09-22 12:18:39,810 - httpcore.http11 - DEBUG - atrace:87 - send_request_headers.started request=<Request [b'GET']>
2025-09-22 12:18:39,810 - httpcore.http11 - DEBUG - atrace:87 - send_request_headers.complete
2025-09-22 12:18:39,810 - httpcore.http11 - DEBUG - atrace:87 - send_request_body.started request=<Request [b'GET']>
2025-09-22 12:18:39,813 - httpcore.http11 - DEBUG - atrace:87 - send_request_body.complete
2025-09-22 12:18:39,813 - httpcore.http11 - DEBUG - atrace:87 - receive_response_headers.started request=<Request [b'GET']>
2025-09-22 12:18:39,813 - httpcore.http11 - DEBUG - atrace:87 - send_request_headers.complete
2025-09-22 12:18:39,813 - httpcore.http11 - DEBUG - atrace:87 - send_request_body.started request=<Request [b'GET']>
2025-09-22 12:18:39,813 - httpcore.http11 - DEBUG - atrace:87 - send_request_body.complete
2025-09-22 12:18:39,813 - httpcore.http11 - DEBUG - atrace:87 - receive_response_headers.started request=<Request [b'GET']>
2025-09-22 12:18:40,196 - httpcore.http11 - DEBUG - atrace:87 - receive_response_headers.complete return_value=(b'HTTP/1.1', 200, b'OK', [(b'Content-Length', b'3863'), (b'Content-Type', b'application/json;odata.metadata=minimal;odata.streaming=true;IEEE754Compatible=false;charset=utf-8'), (b'Date', b'Mon, 22 Sep 2025 06:48:41 GMT'), (b'Server', b'Microsoft-IIS/10.0'), (b'Access-Control-Allow-Headers', b'Accept, Origin, Content-Type, MaxDataServiceVersion'), (b'Access-Control-Allow-Methods', b'GET'), (b'Access-Control-Allow-Origin', b'*'), (b'Access-Control-Expose-Headers', b'DataServiceVersion'), (b'Cache-Control', b'private'), (b'Content-Encoding', b'gzip'), (b'Expires', b'Mon, 22 Sep 2025 06:49:41 GMT'), (b'Vary', b'*'), (b'X-Content-Type-Options', b'nosniff'), (b'OData-Version', b'4.0;'), (b'X-AspNet-Version', b'4.0.30319'), (b'X-Powered-By', b'ASP.NET')])
2025-09-22 12:18:40,196 - httpx - INFO - _send_single_request:1740 - HTTP Request: GET https://services.odata.org/V4/Northwind/Northwind.svc/Alphabetical_list_of_products?%24skip=0&%24top=1500 "HTTP/1.1 200 OK"
2025-09-22 12:18:40,196 - httpcore.http11 - DEBUG - atrace:87 - receive_response_body.started request=<Request [b'GET']>
2025-09-22 12:18:40,199 - httpcore.http11 - DEBUG - atrace:87 - receive_response_body.complete
2025-09-22 12:18:40,199 - httpcore.http11 - DEBUG - atrace:87 - response_closed.started
2025-09-22 12:18:40,199 - httpcore.http11 - DEBUG - atrace:87 - response_closed.complete
2025-09-22 12:18:40,199 - workers.proxy_pool - INFO - _make_http_request:187 - [2m2025-09-22T06:48:40.199821Z[0m [[32m[1minfo     [0m] [1m📊 Worker successfully fetched data[0m [[0m[1m[34mworkers.proxy_pool[0m][0m [36mcommand_id[0m=[35mAlphabetical_list_of_products_page_1[0m [36mentity[0m=[35mAlphabetical_list_of_products[0m [36mhas_next_page[0m=[35mFalse[0m [36mrecords_in_response[0m=[35m69[0m [36mworker_id[0m=[35mworker_1[0m
2025-09-22 12:18:40,199 - workers.proxy_pool - ERROR - _worker_loop:429 - [2m2025-09-22T06:48:40.199821Z[0m [[31m[1merror    [0m] [1m💥 Unexpected error in worker loop[0m [[0m[1m[34mworkers.proxy_pool[0m][0m [36merror[0m=[35m"name 'metrics' is not defined"[0m [36merror_type[0m=[35mNameError[0m [36mworker_id[0m=[35mworker_1[0m [36mworker_status[0m=[35mERROR[0m
2025-09-22 12:18:40,199 - workers.proxy_pool - INFO - _worker_loop:394 - [2m2025-09-22T06:48:40.199821Z[0m [[32m[1minfo     [0m] [1m📋 Worker picked up command from queue[0m [[0m[1m[34mworkers.proxy_pool[0m][0m [36mcommand_id[0m=[35mCustomer_and_Suppliers_by_Cities_page_1[0m [36mentity[0m=[35mCustomer_and_Suppliers_by_Cities[0m [36mqueue_size_after_pickup[0m=[35m22[0m [36mworker_id[0m=[35mworker_1[0m [36mworker_status[0m=[35mPROCESSING[0m
2025-09-22 12:18:40,199 - workers.proxy_pool - INFO - execute_command:51 - [2m2025-09-22T06:48:40.199821Z[0m [[32m[1minfo     [0m] [1m🚀 Worker starting command execution[0m [[0m[1m[34mworkers.proxy_pool[0m][0m [36mcommand_id[0m=[35mCustomer_and_Suppliers_by_Cities_page_1[0m [36mcommand_type[0m=[35mfetch_page[0m [36mentity[0m=[35mCustomer_and_Suppliers_by_Cities[0m [36mpriority[0m=[35m1[0m [36mretry_count[0m=[35m0[0m [36mskip[0m=[35m0[0m [36mtop[0m=[35m1500[0m [36mworker_id[0m=[35mworker_1[0m
2025-09-22 12:18:40,199 - workers.proxy_pool - INFO - execute_command:74 - [2m2025-09-22T06:48:40.199821Z[0m [[32m[1minfo     [0m] [1m🔄 Worker executing request with resilience patterns[0m [[0m[1m[34mworkers.proxy_pool[0m][0m [36mcircuit_breaker_state[0m=[35mclosed[0m [36mcommand_id[0m=[35mCustomer_and_Suppliers_by_Cities_page_1[0m [36mworker_id[0m=[35mworker_1[0m
2025-09-22 12:18:40,199 - httpcore.http11 - DEBUG - atrace:87 - send_request_headers.started request=<Request [b'GET']>
2025-09-22 12:18:40,199 - httpcore.http11 - DEBUG - atrace:87 - send_request_headers.complete
2025-09-22 12:18:40,205 - httpcore.http11 - DEBUG - atrace:87 - send_request_body.started request=<Request [b'GET']>
2025-09-22 12:18:40,205 - httpcore.http11 - DEBUG - atrace:87 - send_request_body.complete
2025-09-22 12:18:40,205 - httpcore.http11 - DEBUG - atrace:87 - receive_response_headers.started request=<Request [b'GET']>
2025-09-22 12:18:40,325 - httpcore.http11 - DEBUG - atrace:87 - receive_response_headers.complete return_value=(b'HTTP/1.1', 200, b'OK', [(b'Content-Length', b'1429'), (b'Content-Type', b'application/json;odata.metadata=minimal;odata.streaming=true;IEEE754Compatible=false;charset=utf-8'), (b'Date', b'Mon, 22 Sep 2025 06:48:41 GMT'), (b'Server', b'Microsoft-IIS/10.0'), (b'Access-Control-Allow-Headers', b'Accept, Origin, Content-Type, MaxDataServiceVersion'), (b'Access-Control-Allow-Methods', b'GET'), (b'Access-Control-Allow-Origin', b'*'), (b'Access-Control-Expose-Headers', b'DataServiceVersion'), (b'Cache-Control', b'private'), (b'Content-Encoding', b'gzip'), (b'Expires', b'Mon, 22 Sep 2025 06:49:41 GMT'), (b'Vary', b'*'), (b'X-Content-Type-Options', b'nosniff'), (b'OData-Version', b'4.0;'), (b'X-AspNet-Version', b'4.0.30319'), (b'X-Powered-By', b'ASP.NET')])
2025-09-22 12:18:40,325 - httpx - INFO - _send_single_request:1740 - HTTP Request: GET https://services.odata.org/V4/Northwind/Northwind.svc/Current_Product_Lists?%24skip=0&%24top=1500 "HTTP/1.1 200 OK"
2025-09-22 12:18:40,325 - httpcore.http11 - DEBUG - atrace:87 - receive_response_body.started request=<Request [b'GET']>
2025-09-22 12:18:40,325 - httpcore.http11 - DEBUG - atrace:87 - receive_response_body.complete
2025-09-22 12:18:40,325 - httpcore.http11 - DEBUG - atrace:87 - response_closed.started
2025-09-22 12:18:40,325 - httpcore.http11 - DEBUG - atrace:87 - response_closed.complete
2025-09-22 12:18:40,333 - workers.proxy_pool - INFO - _make_http_request:187 - [2m2025-09-22T06:48:40.333105Z[0m [[32m[1minfo     [0m] [1m📊 Worker successfully fetched data[0m [[0m[1m[34mworkers.proxy_pool[0m][0m [36mcommand_id[0m=[35mCurrent_Product_Lists_page_1[0m [36mentity[0m=[35mCurrent_Product_Lists[0m [36mhas_next_page[0m=[35mFalse[0m [36mrecords_in_response[0m=[35m69[0m [36mworker_id[0m=[35mworker_2[0m
2025-09-22 12:18:40,333 - workers.proxy_pool - ERROR - _worker_loop:429 - [2m2025-09-22T06:48:40.333105Z[0m [[31m[1merror    [0m] [1m💥 Unexpected error in worker loop[0m [[0m[1m[34mworkers.proxy_pool[0m][0m [36merror[0m=[35m"name 'metrics' is not defined"[0m [36merror_type[0m=[35mNameError[0m [36mworker_id[0m=[35mworker_2[0m [36mworker_status[0m=[35mERROR[0m
2025-09-22 12:18:40,333 - workers.proxy_pool - INFO - _worker_loop:394 - [2m2025-09-22T06:48:40.333105Z[0m [[32m[1minfo     [0m] [1m📋 Worker picked up command from queue[0m [[0m[1m[34mworkers.proxy_pool[0m][0m [36mcommand_id[0m=[35mSummary_of_Sales_by_Years_page_1[0m [36mentity[0m=[35mSummary_of_Sales_by_Years[0m [36mqueue_size_after_pickup[0m=[35m21[0m [36mworker_id[0m=[35mworker_2[0m [36mworker_status[0m=[35mPROCESSING[0m
2025-09-22 12:18:40,333 - workers.proxy_pool - INFO - execute_command:51 - [2m2025-09-22T06:48:40.333105Z[0m [[32m[1minfo     [0m] [1m🚀 Worker starting command execution[0m [[0m[1m[34mworkers.proxy_pool[0m][0m [36mcommand_id[0m=[35mSummary_of_Sales_by_Years_page_1[0m [36mcommand_type[0m=[35mfetch_page[0m [36mentity[0m=[35mSummary_of_Sales_by_Years[0m [36mpriority[0m=[35m1[0m [36mretry_count[0m=[35m0[0m [36mskip[0m=[35m0[0m [36mtop[0m=[35m1500[0m [36mworker_id[0m=[35mworker_2[0m
2025-09-22 12:18:40,333 - workers.proxy_pool - INFO - execute_command:74 - [2m2025-09-22T06:48:40.333105Z[0m [[32m[1minfo     [0m] [1m🔄 Worker executing request with resilience patterns[0m [[0m[1m[34mworkers.proxy_pool[0m][0m [36mcircuit_breaker_state[0m=[35mclosed[0m [36mcommand_id[0m=[35mSummary_of_Sales_by_Years_page_1[0m [36mworker_id[0m=[35mworker_2[0m
2025-09-22 12:18:40,338 - httpcore.http11 - DEBUG - atrace:87 - send_request_headers.started request=<Request [b'GET']>
2025-09-22 12:18:40,338 - httpcore.http11 - DEBUG - atrace:87 - send_request_headers.complete
2025-09-22 12:18:40,338 - httpcore.http11 - DEBUG - atrace:87 - send_request_body.started request=<Request [b'GET']>
2025-09-22 12:18:40,338 - httpcore.http11 - DEBUG - atrace:87 - send_request_body.complete
2025-09-22 12:18:40,338 - httpcore.http11 - DEBUG - atrace:87 - receive_response_headers.started request=<Request [b'GET']>
2025-09-22 12:18:40,603 - httpcore.http11 - DEBUG - atrace:87 - receive_response_headers.complete return_value=(b'HTTP/1.1', 200, b'OK', [(b'Content-Length', b'4166'), (b'Content-Type', b'application/json;odata.metadata=minimal;odata.streaming=true;IEEE754Compatible=false;charset=utf-8'), (b'Date', b'Mon, 22 Sep 2025 06:48:41 GMT'), (b'Server', b'Microsoft-IIS/10.0'), (b'Access-Control-Allow-Headers', b'Accept, Origin, Content-Type, MaxDataServiceVersion'), (b'Access-Control-Allow-Methods', b'GET'), (b'Access-Control-Allow-Origin', b'*'), (b'Access-Control-Expose-Headers', b'DataServiceVersion'), (b'Cache-Control', b'private'), (b'Content-Encoding', b'gzip'), (b'Expires', b'Mon, 22 Sep 2025 06:49:42 GMT'), (b'Vary', b'*'), (b'X-Content-Type-Options', b'nosniff'), (b'OData-Version', b'4.0;'), (b'X-AspNet-Version', b'4.0.30319'), (b'X-Powered-By', b'ASP.NET')])
2025-09-22 12:18:40,603 - httpx - INFO - _send_single_request:1740 - HTTP Request: GET https://services.odata.org/V4/Northwind/Northwind.svc/Customer_and_Suppliers_by_Cities?%24skip=0&%24top=1500 "HTTP/1.1 200 OK"
2025-09-22 12:18:40,603 - httpcore.http11 - DEBUG - atrace:87 - receive_response_body.started request=<Request [b'GET']>
2025-09-22 12:18:40,603 - httpcore.http11 - DEBUG - atrace:87 - receive_response_body.complete
2025-09-22 12:18:40,603 - httpcore.http11 - DEBUG - atrace:87 - response_closed.started
2025-09-22 12:18:40,603 - httpcore.http11 - DEBUG - atrace:87 - response_closed.complete
2025-09-22 12:18:40,613 - workers.proxy_pool - INFO - _make_http_request:187 - [2m2025-09-22T06:48:40.613087Z[0m [[32m[1minfo     [0m] [1m📊 Worker successfully fetched data[0m [[0m[1m[34mworkers.proxy_pool[0m][0m [36mcommand_id[0m=[35mCustomer_and_Suppliers_by_Cities_page_1[0m [36mentity[0m=[35mCustomer_and_Suppliers_by_Cities[0m [36mhas_next_page[0m=[35mTrue[0m [36mrecords_in_response[0m=[35m100[0m [36mworker_id[0m=[35mworker_1[0m
2025-09-22 12:18:40,613 - workers.proxy_pool - ERROR - _worker_loop:429 - [2m2025-09-22T06:48:40.613087Z[0m [[31m[1merror    [0m] [1m💥 Unexpected error in worker loop[0m [[0m[1m[34mworkers.proxy_pool[0m][0m [36merror[0m=[35m"name 'metrics' is not defined"[0m [36merror_type[0m=[35mNameError[0m [36mworker_id[0m=[35mworker_1[0m [36mworker_status[0m=[35mERROR[0m
2025-09-22 12:18:40,613 - workers.proxy_pool - INFO - _worker_loop:394 - [2m2025-09-22T06:48:40.613087Z[0m [[32m[1minfo     [0m] [1m📋 Worker picked up command from queue[0m [[0m[1m[34mworkers.proxy_pool[0m][0m [36mcommand_id[0m=[35mSuppliers_page_1[0m [36mentity[0m=[35mSuppliers[0m [36mqueue_size_after_pickup[0m=[35m20[0m [36mworker_id[0m=[35mworker_1[0m [36mworker_status[0m=[35mPROCESSING[0m
2025-09-22 12:18:40,613 - workers.proxy_pool - INFO - execute_command:51 - [2m2025-09-22T06:48:40.613087Z[0m [[32m[1minfo     [0m] [1m🚀 Worker starting command execution[0m [[0m[1m[34mworkers.proxy_pool[0m][0m [36mcommand_id[0m=[35mSuppliers_page_1[0m [36mcommand_type[0m=[35mfetch_page[0m [36mentity[0m=[35mSuppliers[0m [36mpriority[0m=[35m1[0m [36mretry_count[0m=[35m0[0m [36mskip[0m=[35m0[0m [36mtop[0m=[35m1500[0m [36mworker_id[0m=[35mworker_1[0m
2025-09-22 12:18:40,613 - workers.proxy_pool - INFO - execute_command:74 - [2m2025-09-22T06:48:40.613087Z[0m [[32m[1minfo     [0m] [1m🔄 Worker executing request with resilience patterns[0m [[0m[1m[34mworkers.proxy_pool[0m][0m [36mcircuit_breaker_state[0m=[35mclosed[0m [36mcommand_id[0m=[35mSuppliers_page_1[0m [36mworker_id[0m=[35mworker_1[0m
2025-09-22 12:18:40,617 - httpcore.http11 - DEBUG - atrace:87 - send_request_headers.started request=<Request [b'GET']>
2025-09-22 12:18:40,619 - httpcore.http11 - DEBUG - atrace:87 - send_request_headers.complete
2025-09-22 12:18:40,619 - httpcore.http11 - DEBUG - atrace:87 - send_request_body.started request=<Request [b'GET']>
2025-09-22 12:18:40,619 - httpcore.http11 - DEBUG - atrace:87 - send_request_body.complete
2025-09-22 12:18:40,619 - httpcore.http11 - DEBUG - atrace:87 - receive_response_headers.started request=<Request [b'GET']>
2025-09-22 12:18:40,620 - httpcore.http11 - DEBUG - atrace:87 - receive_response_headers.complete return_value=(b'HTTP/1.1', 200, b'OK', [(b'Content-Length', b'1594'), (b'Content-Type', b'application/json;odata.metadata=minimal;odata.streaming=true;IEEE754Compatible=false;charset=utf-8'), (b'Date', b'Mon, 22 Sep 2025 06:48:41 GMT'), (b'Server', b'Microsoft-IIS/10.0'), (b'Access-Control-Allow-Headers', b'Accept, Origin, Content-Type, MaxDataServiceVersion'), (b'Access-Control-Allow-Methods', b'GET'), (b'Access-Control-Allow-Origin', b'*'), (b'Access-Control-Expose-Headers', b'DataServiceVersion'), (b'Cache-Control', b'private'), (b'Content-Encoding', b'gzip'), (b'Expires', b'Mon, 22 Sep 2025 06:49:42 GMT'), (b'Vary', b'*'), (b'X-Content-Type-Options', b'nosniff'), (b'OData-Version', b'4.0;'), (b'X-AspNet-Version', b'4.0.30319'), (b'X-Powered-By', b'ASP.NET')])
2025-09-22 12:18:40,620 - httpx - INFO - _send_single_request:1740 - HTTP Request: GET https://services.odata.org/V4/Northwind/Northwind.svc/Summary_of_Sales_by_Years?%24skip=0&%24top=1500 "HTTP/1.1 200 OK"
2025-09-22 12:18:40,620 - httpcore.http11 - DEBUG - atrace:87 - receive_response_body.started request=<Request [b'GET']>
2025-09-22 12:18:40,620 - httpcore.http11 - DEBUG - atrace:87 - receive_response_body.complete
2025-09-22 12:18:40,620 - httpcore.http11 - DEBUG - atrace:87 - response_closed.started
2025-09-22 12:18:40,620 - httpcore.http11 - DEBUG - atrace:87 - response_closed.complete
2025-09-22 12:18:40,620 - workers.proxy_pool - INFO - _make_http_request:187 - [2m2025-09-22T06:48:40.620911Z[0m [[32m[1minfo     [0m] [1m📊 Worker successfully fetched data[0m [[0m[1m[34mworkers.proxy_pool[0m][0m [36mcommand_id[0m=[35mSummary_of_Sales_by_Years_page_1[0m [36mentity[0m=[35mSummary_of_Sales_by_Years[0m [36mhas_next_page[0m=[35mTrue[0m [36mrecords_in_response[0m=[35m100[0m [36mworker_id[0m=[35mworker_2[0m
2025-09-22 12:18:40,624 - workers.proxy_pool - ERROR - _worker_loop:429 - [2m2025-09-22T06:48:40.624565Z[0m [[31m[1merror    [0m] [1m💥 Unexpected error in worker loop[0m [[0m[1m[34mworkers.proxy_pool[0m][0m [36merror[0m=[35m"name 'metrics' is not defined"[0m [36merror_type[0m=[35mNameError[0m [36mworker_id[0m=[35mworker_2[0m [36mworker_status[0m=[35mERROR[0m
2025-09-22 12:18:40,626 - workers.proxy_pool - INFO - _worker_loop:394 - [2m2025-09-22T06:48:40.625590Z[0m [[32m[1minfo     [0m] [1m📋 Worker picked up command from queue[0m [[0m[1m[34mworkers.proxy_pool[0m][0m [36mcommand_id[0m=[35mCategory_Sales_for_1997_page_1[0m [36mentity[0m=[35mCategory_Sales_for_1997[0m [36mqueue_size_after_pickup[0m=[35m19[0m [36mworker_id[0m=[35mworker_2[0m [36mworker_status[0m=[35mPROCESSING[0m
2025-09-22 12:18:40,626 - workers.proxy_pool - INFO - execute_command:51 - [2m2025-09-22T06:48:40.626804Z[0m [[32m[1minfo     [0m] [1m🚀 Worker starting command execution[0m [[0m[1m[34mworkers.proxy_pool[0m][0m [36mcommand_id[0m=[35mCategory_Sales_for_1997_page_1[0m [36mcommand_type[0m=[35mfetch_page[0m [36mentity[0m=[35mCategory_Sales_for_1997[0m [36mpriority[0m=[35m1[0m [36mretry_count[0m=[35m0[0m [36mskip[0m=[35m0[0m [36mtop[0m=[35m1500[0m [36mworker_id[0m=[35mworker_2[0m
2025-09-22 12:18:40,626 - workers.proxy_pool - INFO - execute_command:74 - [2m2025-09-22T06:48:40.626804Z[0m [[32m[1minfo     [0m] [1m🔄 Worker executing request with resilience patterns[0m [[0m[1m[34mworkers.proxy_pool[0m][0m [36mcircuit_breaker_state[0m=[35mclosed[0m [36mcommand_id[0m=[35mCategory_Sales_for_1997_page_1[0m [36mworker_id[0m=[35mworker_2[0m
2025-09-22 12:18:40,626 - httpcore.http11 - DEBUG - atrace:87 - send_request_headers.started request=<Request [b'GET']>
2025-09-22 12:18:40,629 - httpcore.http11 - DEBUG - atrace:87 - send_request_headers.complete
2025-09-22 12:18:40,629 - httpcore.http11 - DEBUG - atrace:87 - send_request_body.started request=<Request [b'GET']>
2025-09-22 12:18:40,629 - httpcore.http11 - DEBUG - atrace:87 - send_request_body.complete
2025-09-22 12:18:40,630 - httpcore.http11 - DEBUG - atrace:87 - receive_response_headers.started request=<Request [b'GET']>
2025-09-22 12:18:40,930 - httpcore.http11 - DEBUG - atrace:87 - receive_response_headers.complete return_value=(b'HTTP/1.1', 200, b'OK', [(b'Content-Length', b'3492'), (b'Content-Type', b'application/json;odata.metadata=minimal;odata.streaming=true;IEEE754Compatible=false;charset=utf-8'), (b'Date', b'Mon, 22 Sep 2025 06:48:41 GMT'), (b'Server', b'Microsoft-IIS/10.0'), (b'Access-Control-Allow-Headers', b'Accept, Origin, Content-Type, MaxDataServiceVersion'), (b'Access-Control-Allow-Methods', b'GET'), (b'Access-Control-Allow-Origin', b'*'), (b'Access-Control-Expose-Headers', b'DataServiceVersion'), (b'Cache-Control', b'private'), (b'Content-Encoding', b'gzip'), (b'Expires', b'Mon, 22 Sep 2025 06:49:42 GMT'), (b'Vary', b'*'), (b'X-Content-Type-Options', b'nosniff'), (b'OData-Version', b'4.0;'), (b'X-AspNet-Version', b'4.0.30319'), (b'X-Powered-By', b'ASP.NET')])
2025-09-22 12:18:40,930 - httpx - INFO - _send_single_request:1740 - HTTP Request: GET https://services.odata.org/V4/Northwind/Northwind.svc/Suppliers?%24skip=0&%24top=1500 "HTTP/1.1 200 OK"
2025-09-22 12:18:40,930 - httpcore.http11 - DEBUG - atrace:87 - receive_response_body.started request=<Request [b'GET']>
2025-09-22 12:18:40,930 - httpcore.http11 - DEBUG - atrace:87 - receive_response_body.complete
2025-09-22 12:18:40,930 - httpcore.http11 - DEBUG - atrace:87 - response_closed.started
2025-09-22 12:18:40,932 - httpcore.http11 - DEBUG - atrace:87 - response_closed.complete
2025-09-22 12:18:40,932 - workers.proxy_pool - INFO - _make_http_request:187 - [2m2025-09-22T06:48:40.932751Z[0m [[32m[1minfo     [0m] [1m📊 Worker successfully fetched data[0m [[0m[1m[34mworkers.proxy_pool[0m][0m [36mcommand_id[0m=[35mSuppliers_page_1[0m [36mentity[0m=[35mSuppliers[0m [36mhas_next_page[0m=[35mFalse[0m [36mrecords_in_response[0m=[35m29[0m [36mworker_id[0m=[35mworker_1[0m
2025-09-22 12:18:40,932 - workers.proxy_pool - ERROR - _worker_loop:429 - [2m2025-09-22T06:48:40.932751Z[0m [[31m[1merror    [0m] [1m💥 Unexpected error in worker loop[0m [[0m[1m[34mworkers.proxy_pool[0m][0m [36merror[0m=[35m"name 'metrics' is not defined"[0m [36merror_type[0m=[35mNameError[0m [36mworker_id[0m=[35mworker_1[0m [36mworker_status[0m=[35mERROR[0m
2025-09-22 12:18:40,932 - workers.proxy_pool - INFO - _worker_loop:394 - [2m2025-09-22T06:48:40.932751Z[0m [[32m[1minfo     [0m] [1m📋 Worker picked up command from queue[0m [[0m[1m[34mworkers.proxy_pool[0m][0m [36mcommand_id[0m=[35mInvoices_page_1[0m [36mentity[0m=[35mInvoices[0m [36mqueue_size_after_pickup[0m=[35m18[0m [36mworker_id[0m=[35mworker_1[0m [36mworker_status[0m=[35mPROCESSING[0m
2025-09-22 12:18:40,932 - workers.proxy_pool - INFO - execute_command:51 - [2m2025-09-22T06:48:40.932751Z[0m [[32m[1minfo     [0m] [1m🚀 Worker starting command execution[0m [[0m[1m[34mworkers.proxy_pool[0m][0m [36mcommand_id[0m=[35mInvoices_page_1[0m [36mcommand_type[0m=[35mfetch_page[0m [36mentity[0m=[35mInvoices[0m [36mpriority[0m=[35m1[0m [36mretry_count[0m=[35m0[0m [36mskip[0m=[35m0[0m [36mtop[0m=[35m1500[0m [36mworker_id[0m=[35mworker_1[0m
2025-09-22 12:18:40,932 - workers.proxy_pool - INFO - execute_command:74 - [2m2025-09-22T06:48:40.932751Z[0m [[32m[1minfo     [0m] [1m🔄 Worker executing request with resilience patterns[0m [[0m[1m[34mworkers.proxy_pool[0m][0m [36mcircuit_breaker_state[0m=[35mclosed[0m [36mcommand_id[0m=[35mInvoices_page_1[0m [36mworker_id[0m=[35mworker_1[0m
2025-09-22 12:18:40,938 - httpcore.http11 - DEBUG - atrace:87 - send_request_headers.started request=<Request [b'GET']>
2025-09-22 12:18:40,938 - httpcore.http11 - DEBUG - atrace:87 - send_request_headers.complete
2025-09-22 12:18:40,938 - httpcore.http11 - DEBUG - atrace:87 - send_request_body.started request=<Request [b'GET']>
2025-09-22 12:18:40,938 - httpcore.http11 - DEBUG - atrace:87 - send_request_body.complete
2025-09-22 12:18:40,938 - httpcore.http11 - DEBUG - atrace:87 - receive_response_headers.started request=<Request [b'GET']>
2025-09-22 12:18:41,124 - httpcore.http11 - DEBUG - atrace:87 - receive_response_headers.complete return_value=(b'HTTP/1.1', 200, b'OK', [(b'Content-Length', b'1596'), (b'Content-Type', b'application/json;odata.metadata=minimal;odata.streaming=true;IEEE754Compatible=false;charset=utf-8'), (b'Date', b'Mon, 22 Sep 2025 06:48:42 GMT'), (b'Server', b'Microsoft-IIS/10.0'), (b'Access-Control-Allow-Headers', b'Accept, Origin, Content-Type, MaxDataServiceVersion'), (b'Access-Control-Allow-Methods', b'GET'), (b'Access-Control-Allow-Origin', b'*'), (b'Access-Control-Expose-Headers', b'DataServiceVersion'), (b'Cache-Control', b'private'), (b'Content-Encoding', b'gzip'), (b'Expires', b'Mon, 22 Sep 2025 06:49:41 GMT'), (b'Vary', b'*'), (b'X-Content-Type-Options', b'nosniff'), (b'OData-Version', b'4.0;'), (b'X-AspNet-Version', b'4.0.30319'), (b'X-Powered-By', b'ASP.NET')])
2025-09-22 12:18:41,124 - httpx - INFO - _send_single_request:1740 - HTTP Request: GET https://services.odata.org/V4/Northwind/Northwind.svc/Summary_of_Sales_by_Quarters?%24skip=0&%24top=1500 "HTTP/1.1 200 OK"
2025-09-22 12:18:41,124 - httpcore.http11 - DEBUG - atrace:87 - receive_response_body.started request=<Request [b'GET']>
2025-09-22 12:18:41,124 - httpcore.http11 - DEBUG - atrace:87 - receive_response_body.complete
2025-09-22 12:18:41,124 - httpcore.http11 - DEBUG - atrace:87 - response_closed.started
2025-09-22 12:18:41,124 - httpcore.http11 - DEBUG - atrace:87 - response_closed.complete
2025-09-22 12:18:41,124 - workers.proxy_pool - INFO - _make_http_request:187 - [2m2025-09-22T06:48:41.124650Z[0m [[32m[1minfo     [0m] [1m📊 Worker successfully fetched data[0m [[0m[1m[34mworkers.proxy_pool[0m][0m [36mcommand_id[0m=[35mSummary_of_Sales_by_Quarters_page_1[0m [36mentity[0m=[35mSummary_of_Sales_by_Quarters[0m [36mhas_next_page[0m=[35mTrue[0m [36mrecords_in_response[0m=[35m100[0m [36mworker_id[0m=[35mworker_0[0m
2025-09-22 12:18:41,124 - workers.proxy_pool - ERROR - _worker_loop:429 - [2m2025-09-22T06:48:41.124650Z[0m [[31m[1merror    [0m] [1m💥 Unexpected error in worker loop[0m [[0m[1m[34mworkers.proxy_pool[0m][0m [36merror[0m=[35m"name 'metrics' is not defined"[0m [36merror_type[0m=[35mNameError[0m [36mworker_id[0m=[35mworker_0[0m [36mworker_status[0m=[35mERROR[0m
2025-09-22 12:18:41,124 - workers.proxy_pool - INFO - _worker_loop:394 - [2m2025-09-22T06:48:41.124650Z[0m [[32m[1minfo     [0m] [1m📋 Worker picked up command from queue[0m [[0m[1m[34mworkers.proxy_pool[0m][0m [36mcommand_id[0m=[35mInvoices_page_2[0m [36mentity[0m=[35mInvoices[0m [36mqueue_size_after_pickup[0m=[35m17[0m [36mworker_id[0m=[35mworker_0[0m [36mworker_status[0m=[35mPROCESSING[0m
2025-09-22 12:18:41,124 - workers.proxy_pool - INFO - execute_command:51 - [2m2025-09-22T06:48:41.124650Z[0m [[32m[1minfo     [0m] [1m🚀 Worker starting command execution[0m [[0m[1m[34mworkers.proxy_pool[0m][0m [36mcommand_id[0m=[35mInvoices_page_2[0m [36mcommand_type[0m=[35mfetch_page[0m [36mentity[0m=[35mInvoices[0m [36mpriority[0m=[35m1[0m [36mretry_count[0m=[35m0[0m [36mskip[0m=[35m1500[0m [36mtop[0m=[35m1500[0m [36mworker_id[0m=[35mworker_0[0m
2025-09-22 12:18:41,124 - workers.proxy_pool - INFO - execute_command:74 - [2m2025-09-22T06:48:41.124650Z[0m [[32m[1minfo     [0m] [1m🔄 Worker executing request with resilience patterns[0m [[0m[1m[34mworkers.proxy_pool[0m][0m [36mcircuit_breaker_state[0m=[35mclosed[0m [36mcommand_id[0m=[35mInvoices_page_2[0m [36mworker_id[0m=[35mworker_0[0m
2025-09-22 12:18:41,124 - httpcore.http11 - DEBUG - atrace:87 - send_request_headers.started request=<Request [b'GET']>
2025-09-22 12:18:41,124 - httpcore.http11 - DEBUG - atrace:87 - send_request_headers.complete
2025-09-22 12:18:41,124 - httpcore.http11 - DEBUG - atrace:87 - send_request_body.started request=<Request [b'GET']>
2025-09-22 12:18:41,124 - httpcore.http11 - DEBUG - atrace:87 - send_request_body.complete
2025-09-22 12:18:41,124 - httpcore.http11 - DEBUG - atrace:87 - receive_response_headers.started request=<Request [b'GET']>
2025-09-22 12:18:41,374 - httpcore.http11 - DEBUG - atrace:87 - receive_response_headers.complete return_value=(b'HTTP/1.1', 200, b'OK', [(b'Content-Length', b'37906'), (b'Content-Type', b'application/json;odata.metadata=minimal;odata.streaming=true;IEEE754Compatible=false;charset=utf-8'), (b'Date', b'Mon, 22 Sep 2025 06:48:42 GMT'), (b'Server', b'Microsoft-IIS/10.0'), (b'Access-Control-Allow-Headers', b'Accept, Origin, Content-Type, MaxDataServiceVersion'), (b'Access-Control-Allow-Methods', b'GET'), (b'Access-Control-Allow-Origin', b'*'), (b'Access-Control-Expose-Headers', b'DataServiceVersion'), (b'Cache-Control', b'private'), (b'Content-Encoding', b'gzip'), (b'Expires', b'Mon, 22 Sep 2025 06:49:42 GMT'), (b'Vary', b'*'), (b'X-Content-Type-Options', b'nosniff'), (b'OData-Version', b'4.0;'), (b'X-AspNet-Version', b'4.0.30319'), (b'X-Powered-By', b'ASP.NET')])
2025-09-22 12:18:41,374 - httpx - INFO - _send_single_request:1740 - HTTP Request: GET https://services.odata.org/V4/Northwind/Northwind.svc/Invoices?%24skip=0&%24top=1500 "HTTP/1.1 200 OK"
2025-09-22 12:18:41,374 - httpcore.http11 - DEBUG - atrace:87 - receive_response_body.started request=<Request [b'GET']>
2025-09-22 12:18:41,604 - httpcore.http11 - DEBUG - atrace:87 - receive_response_body.complete
2025-09-22 12:18:41,604 - httpcore.http11 - DEBUG - atrace:87 - response_closed.started
2025-09-22 12:18:41,604 - httpcore.http11 - DEBUG - atrace:87 - response_closed.complete
2025-09-22 12:18:41,608 - workers.proxy_pool - INFO - _make_http_request:187 - [2m2025-09-22T06:48:41.608236Z[0m [[32m[1minfo     [0m] [1m📊 Worker successfully fetched data[0m [[0m[1m[34mworkers.proxy_pool[0m][0m [36mcommand_id[0m=[35mInvoices_page_1[0m [36mentity[0m=[35mInvoices[0m [36mhas_next_page[0m=[35mTrue[0m [36mrecords_in_response[0m=[35m500[0m [36mworker_id[0m=[35mworker_1[0m
2025-09-22 12:18:41,610 - workers.proxy_pool - ERROR - _worker_loop:429 - [2m2025-09-22T06:48:41.610243Z[0m [[31m[1merror    [0m] [1m💥 Unexpected error in worker loop[0m [[0m[1m[34mworkers.proxy_pool[0m][0m [36merror[0m=[35m"name 'metrics' is not defined"[0m [36merror_type[0m=[35mNameError[0m [36mworker_id[0m=[35mworker_1[0m [36mworker_status[0m=[35mERROR[0m
2025-09-22 12:18:41,611 - workers.proxy_pool - INFO - _worker_loop:394 - [2m2025-09-22T06:48:41.611551Z[0m [[32m[1minfo     [0m] [1m📋 Worker picked up command from queue[0m [[0m[1m[34mworkers.proxy_pool[0m][0m [36mcommand_id[0m=[35mTerritories_page_1[0m [36mentity[0m=[35mTerritories[0m [36mqueue_size_after_pickup[0m=[35m16[0m [36mworker_id[0m=[35mworker_1[0m [36mworker_status[0m=[35mPROCESSING[0m
2025-09-22 12:18:41,611 - workers.proxy_pool - INFO - execute_command:51 - [2m2025-09-22T06:48:41.611551Z[0m [[32m[1minfo     [0m] [1m🚀 Worker starting command execution[0m [[0m[1m[34mworkers.proxy_pool[0m][0m [36mcommand_id[0m=[35mTerritories_page_1[0m [36mcommand_type[0m=[35mfetch_page[0m [36mentity[0m=[35mTerritories[0m [36mpriority[0m=[35m1[0m [36mretry_count[0m=[35m0[0m [36mskip[0m=[35m0[0m [36mtop[0m=[35m1500[0m [36mworker_id[0m=[35mworker_1[0m
2025-09-22 12:18:41,611 - workers.proxy_pool - INFO - execute_command:74 - [2m2025-09-22T06:48:41.611551Z[0m [[32m[1minfo     [0m] [1m🔄 Worker executing request with resilience patterns[0m [[0m[1m[34mworkers.proxy_pool[0m][0m [36mcircuit_breaker_state[0m=[35mclosed[0m [36mcommand_id[0m=[35mTerritories_page_1[0m [36mworker_id[0m=[35mworker_1[0m
2025-09-22 12:18:41,613 - httpcore.http11 - DEBUG - atrace:87 - send_request_headers.started request=<Request [b'GET']>
2025-09-22 12:18:41,613 - httpcore.http11 - DEBUG - atrace:87 - send_request_headers.complete
2025-09-22 12:18:41,613 - httpcore.http11 - DEBUG - atrace:87 - send_request_body.started request=<Request [b'GET']>
2025-09-22 12:18:41,615 - httpcore.http11 - DEBUG - atrace:87 - send_request_body.complete
2025-09-22 12:18:41,615 - httpcore.http11 - DEBUG - atrace:87 - receive_response_headers.started request=<Request [b'GET']>
2025-09-22 12:18:41,842 - httpcore.http11 - DEBUG - atrace:87 - receive_response_headers.complete return_value=(b'HTTP/1.1', 200, b'OK', [(b'Content-Length', b'402'), (b'Content-Type', b'application/json;odata.metadata=minimal;odata.streaming=true;IEEE754Compatible=false;charset=utf-8'), (b'Date', b'Mon, 22 Sep 2025 06:48:42 GMT'), (b'Server', b'Microsoft-IIS/10.0'), (b'Access-Control-Allow-Headers', b'Accept, Origin, Content-Type, MaxDataServiceVersion'), (b'Access-Control-Allow-Methods', b'GET'), (b'Access-Control-Allow-Origin', b'*'), (b'Access-Control-Expose-Headers', b'DataServiceVersion'), (b'Cache-Control', b'private'), (b'Content-Encoding', b'gzip'), (b'Expires', b'Mon, 22 Sep 2025 06:49:42 GMT'), (b'Vary', b'*'), (b'X-Content-Type-Options', b'nosniff'), (b'OData-Version', b'4.0;'), (b'X-AspNet-Version', b'4.0.30319'), (b'X-Powered-By', b'ASP.NET')])
2025-09-22 12:18:41,842 - httpx - INFO - _send_single_request:1740 - HTTP Request: GET https://services.odata.org/V4/Northwind/Northwind.svc/Category_Sales_for_1997?%24skip=0&%24top=1500 "HTTP/1.1 200 OK"
2025-09-22 12:18:41,843 - httpcore.http11 - DEBUG - atrace:87 - receive_response_body.started request=<Request [b'GET']>
2025-09-22 12:18:41,843 - httpcore.http11 - DEBUG - atrace:87 - receive_response_body.complete
2025-09-22 12:18:41,843 - httpcore.http11 - DEBUG - atrace:87 - response_closed.started
2025-09-22 12:18:41,843 - httpcore.http11 - DEBUG - atrace:87 - response_closed.complete
2025-09-22 12:18:41,843 - workers.proxy_pool - INFO - _make_http_request:187 - [2m2025-09-22T06:48:41.843083Z[0m [[32m[1minfo     [0m] [1m📊 Worker successfully fetched data[0m [[0m[1m[34mworkers.proxy_pool[0m][0m [36mcommand_id[0m=[35mCategory_Sales_for_1997_page_1[0m [36mentity[0m=[35mCategory_Sales_for_1997[0m [36mhas_next_page[0m=[35mFalse[0m [36mrecords_in_response[0m=[35m8[0m [36mworker_id[0m=[35mworker_2[0m
2025-09-22 12:18:41,845 - workers.proxy_pool - ERROR - _worker_loop:429 - [2m2025-09-22T06:48:41.845036Z[0m [[31m[1merror    [0m] [1m💥 Unexpected error in worker loop[0m [[0m[1m[34mworkers.proxy_pool[0m][0m [36merror[0m=[35m"name 'metrics' is not defined"[0m [36merror_type[0m=[35mNameError[0m [36mworker_id[0m=[35mworker_2[0m [36mworker_status[0m=[35mERROR[0m
2025-09-22 12:18:41,845 - workers.proxy_pool - INFO - _worker_loop:394 - [2m2025-09-22T06:48:41.845551Z[0m [[32m[1minfo     [0m] [1m📋 Worker picked up command from queue[0m [[0m[1m[34mworkers.proxy_pool[0m][0m [36mcommand_id[0m=[35mCategories_page_1[0m [36mentity[0m=[35mCategories[0m [36mqueue_size_after_pickup[0m=[35m15[0m [36mworker_id[0m=[35mworker_2[0m [36mworker_status[0m=[35mPROCESSING[0m
2025-09-22 12:18:41,847 - workers.proxy_pool - INFO - execute_command:51 - [2m2025-09-22T06:48:41.847270Z[0m [[32m[1minfo     [0m] [1m🚀 Worker starting command execution[0m [[0m[1m[34mworkers.proxy_pool[0m][0m [36mcommand_id[0m=[35mCategories_page_1[0m [36mcommand_type[0m=[35mfetch_page[0m [36mentity[0m=[35mCategories[0m [36mpriority[0m=[35m1[0m [36mretry_count[0m=[35m0[0m [36mskip[0m=[35m0[0m [36mtop[0m=[35m1500[0m [36mworker_id[0m=[35mworker_2[0m
2025-09-22 12:18:41,847 - workers.proxy_pool - INFO - execute_command:74 - [2m2025-09-22T06:48:41.847782Z[0m [[32m[1minfo     [0m] [1m🔄 Worker executing request with resilience patterns[0m [[0m[1m[34mworkers.proxy_pool[0m][0m [36mcircuit_breaker_state[0m=[35mclosed[0m [36mcommand_id[0m=[35mCategories_page_1[0m [36mworker_id[0m=[35mworker_2[0m
2025-09-22 12:18:41,849 - httpcore.http11 - DEBUG - atrace:87 - send_request_headers.started request=<Request [b'GET']>
2025-09-22 12:18:41,849 - httpcore.http11 - DEBUG - atrace:87 - send_request_headers.complete
2025-09-22 12:18:41,850 - httpcore.http11 - DEBUG - atrace:87 - send_request_body.started request=<Request [b'GET']>
2025-09-22 12:18:41,850 - httpcore.http11 - DEBUG - atrace:87 - send_request_body.complete
2025-09-22 12:18:41,850 - httpcore.http11 - DEBUG - atrace:87 - receive_response_headers.started request=<Request [b'GET']>
2025-09-22 12:18:42,384 - httpcore.http11 - DEBUG - atrace:87 - receive_response_headers.complete return_value=(b'HTTP/1.1', 200, b'OK', [(b'Content-Length', b'37481'), (b'Content-Type', b'application/json;odata.metadata=minimal;odata.streaming=true;IEEE754Compatible=false;charset=utf-8'), (b'Date', b'Mon, 22 Sep 2025 06:48:43 GMT'), (b'Server', b'Microsoft-IIS/10.0'), (b'Access-Control-Allow-Headers', b'Accept, Origin, Content-Type, MaxDataServiceVersion'), (b'Access-Control-Allow-Methods', b'GET'), (b'Access-Control-Allow-Origin', b'*'), (b'Access-Control-Expose-Headers', b'DataServiceVersion'), (b'Cache-Control', b'private'), (b'Content-Encoding', b'gzip'), (b'Expires', b'Mon, 22 Sep 2025 06:49:43 GMT'), (b'Vary', b'*'), (b'X-Content-Type-Options', b'nosniff'), (b'OData-Version', b'4.0;'), (b'X-AspNet-Version', b'4.0.30319'), (b'X-Powered-By', b'ASP.NET')])
2025-09-22 12:18:42,384 - httpx - INFO - _send_single_request:1740 - HTTP Request: GET https://services.odata.org/V4/Northwind/Northwind.svc/Invoices?%24skip=1500&%24top=1500 "HTTP/1.1 200 OK"
2025-09-22 12:18:42,386 - httpcore.http11 - DEBUG - atrace:87 - receive_response_body.started request=<Request [b'GET']>
2025-09-22 12:18:42,655 - httpcore.http11 - DEBUG - atrace:87 - receive_response_headers.complete return_value=(b'HTTP/1.1', 200, b'OK', [(b'Content-Type', b'application/json;odata.metadata=minimal;odata.streaming=true;IEEE754Compatible=false;charset=utf-8'), (b'Date', b'Mon, 22 Sep 2025 06:48:43 GMT'), (b'Server', b'Microsoft-IIS/10.0'), (b'Access-Control-Allow-Headers', b'Accept, Origin, Content-Type, MaxDataServiceVersion'), (b'Access-Control-Allow-Methods', b'GET'), (b'Access-Control-Allow-Origin', b'*'), (b'Access-Control-Expose-Headers', b'DataServiceVersion'), (b'Cache-Control', b'private'), (b'Content-Encoding', b'gzip'), (b'Expires', b'Mon, 22 Sep 2025 06:49:43 GMT'), (b'Transfer-Encoding', b'chunked'), (b'Vary', b'*'), (b'X-Content-Type-Options', b'nosniff'), (b'OData-Version', b'4.0;'), (b'X-AspNet-Version', b'4.0.30319'), (b'X-Powered-By', b'ASP.NET')])
2025-09-22 12:18:42,655 - httpx - INFO - _send_single_request:1740 - HTTP Request: GET https://services.odata.org/V4/Northwind/Northwind.svc/Categories?%24skip=0&%24top=1500 "HTTP/1.1 200 OK"
2025-09-22 12:18:42,655 - httpcore.http11 - DEBUG - atrace:87 - receive_response_body.started request=<Request [b'GET']>
2025-09-22 12:18:42,660 - httpcore.http11 - DEBUG - atrace:87 - receive_response_body.complete
2025-09-22 12:18:42,660 - httpcore.http11 - DEBUG - atrace:87 - response_closed.started
2025-09-22 12:18:42,660 - httpcore.http11 - DEBUG - atrace:87 - response_closed.complete
2025-09-22 12:18:42,662 - workers.proxy_pool - INFO - _make_http_request:187 - [2m2025-09-22T06:48:42.662514Z[0m [[32m[1minfo     [0m] [1m📊 Worker successfully fetched data[0m [[0m[1m[34mworkers.proxy_pool[0m][0m [36mcommand_id[0m=[35mInvoices_page_2[0m [36mentity[0m=[35mInvoices[0m [36mhas_next_page[0m=[35mTrue[0m [36mrecords_in_response[0m=[35m500[0m [36mworker_id[0m=[35mworker_0[0m
2025-09-22 12:18:42,662 - workers.proxy_pool - ERROR - _worker_loop:429 - [2m2025-09-22T06:48:42.662514Z[0m [[31m[1merror    [0m] [1m💥 Unexpected error in worker loop[0m [[0m[1m[34mworkers.proxy_pool[0m][0m [36merror[0m=[35m"name 'metrics' is not defined"[0m [36merror_type[0m=[35mNameError[0m [36mworker_id[0m=[35mworker_0[0m [36mworker_status[0m=[35mERROR[0m
2025-09-22 12:18:42,662 - workers.proxy_pool - INFO - _worker_loop:394 - [2m2025-09-22T06:48:42.662514Z[0m [[32m[1minfo     [0m] [1m📋 Worker picked up command from queue[0m [[0m[1m[34mworkers.proxy_pool[0m][0m [36mcommand_id[0m=[35mOrder_Subtotals_page_1[0m [36mentity[0m=[35mOrder_Subtotals[0m [36mqueue_size_after_pickup[0m=[35m14[0m [36mworker_id[0m=[35mworker_0[0m [36mworker_status[0m=[35mPROCESSING[0m
2025-09-22 12:18:42,665 - workers.proxy_pool - INFO - execute_command:51 - [2m2025-09-22T06:48:42.665209Z[0m [[32m[1minfo     [0m] [1m🚀 Worker starting command execution[0m [[0m[1m[34mworkers.proxy_pool[0m][0m [36mcommand_id[0m=[35mOrder_Subtotals_page_1[0m [36mcommand_type[0m=[35mfetch_page[0m [36mentity[0m=[35mOrder_Subtotals[0m [36mpriority[0m=[35m1[0m [36mretry_count[0m=[35m0[0m [36mskip[0m=[35m0[0m [36mtop[0m=[35m1500[0m [36mworker_id[0m=[35mworker_0[0m
2025-09-22 12:18:42,665 - workers.proxy_pool - INFO - execute_command:74 - [2m2025-09-22T06:48:42.665511Z[0m [[32m[1minfo     [0m] [1m🔄 Worker executing request with resilience patterns[0m [[0m[1m[34mworkers.proxy_pool[0m][0m [36mcircuit_breaker_state[0m=[35mclosed[0m [36mcommand_id[0m=[35mOrder_Subtotals_page_1[0m [36mworker_id[0m=[35mworker_0[0m
2025-09-22 12:18:42,665 - httpcore.http11 - DEBUG - atrace:87 - send_request_headers.started request=<Request [b'GET']>
2025-09-22 12:18:42,665 - httpcore.http11 - DEBUG - atrace:87 - send_request_headers.complete
2025-09-22 12:18:42,665 - httpcore.http11 - DEBUG - atrace:87 - send_request_body.started request=<Request [b'GET']>
2025-09-22 12:18:42,665 - httpcore.http11 - DEBUG - atrace:87 - send_request_body.complete
2025-09-22 12:18:42,665 - httpcore.http11 - DEBUG - atrace:87 - receive_response_headers.started request=<Request [b'GET']>
2025-09-22 12:18:42,966 - httpcore.http11 - DEBUG - atrace:87 - receive_response_headers.complete return_value=(b'HTTP/1.1', 200, b'OK', [(b'Content-Length', b'1172'), (b'Content-Type', b'application/json;odata.metadata=minimal;odata.streaming=true;IEEE754Compatible=false;charset=utf-8'), (b'Date', b'Mon, 22 Sep 2025 06:48:43 GMT'), (b'Server', b'Microsoft-IIS/10.0'), (b'Access-Control-Allow-Headers', b'Accept, Origin, Content-Type, MaxDataServiceVersion'), (b'Access-Control-Allow-Methods', b'GET'), (b'Access-Control-Allow-Origin', b'*'), (b'Access-Control-Expose-Headers', b'DataServiceVersion'), (b'Cache-Control', b'private'), (b'Content-Encoding', b'gzip'), (b'Expires', b'Mon, 22 Sep 2025 06:49:44 GMT'), (b'Vary', b'*'), (b'X-Content-Type-Options', b'nosniff'), (b'OData-Version', b'4.0;'), (b'X-AspNet-Version', b'4.0.30319'), (b'X-Powered-By', b'ASP.NET')])
2025-09-22 12:18:42,968 - httpx - INFO - _send_single_request:1740 - HTTP Request: GET https://services.odata.org/V4/Northwind/Northwind.svc/Order_Subtotals?%24skip=0&%24top=1500 "HTTP/1.1 200 OK"
2025-09-22 12:18:42,968 - httpcore.http11 - DEBUG - atrace:87 - receive_response_body.started request=<Request [b'GET']>
2025-09-22 12:18:42,968 - httpcore.http11 - DEBUG - atrace:87 - receive_response_body.complete
2025-09-22 12:18:42,968 - httpcore.http11 - DEBUG - atrace:87 - response_closed.started
2025-09-22 12:18:42,971 - httpcore.http11 - DEBUG - atrace:87 - response_closed.complete
2025-09-22 12:18:42,971 - workers.proxy_pool - INFO - _make_http_request:187 - [2m2025-09-22T06:48:42.971133Z[0m [[32m[1minfo     [0m] [1m📊 Worker successfully fetched data[0m [[0m[1m[34mworkers.proxy_pool[0m][0m [36mcommand_id[0m=[35mOrder_Subtotals_page_1[0m [36mentity[0m=[35mOrder_Subtotals[0m [36mhas_next_page[0m=[35mTrue[0m [36mrecords_in_response[0m=[35m100[0m [36mworker_id[0m=[35mworker_0[0m
2025-09-22 12:18:42,971 - workers.proxy_pool - ERROR - _worker_loop:429 - [2m2025-09-22T06:48:42.971133Z[0m [[31m[1merror    [0m] [1m💥 Unexpected error in worker loop[0m [[0m[1m[34mworkers.proxy_pool[0m][0m [36merror[0m=[35m"name 'metrics' is not defined"[0m [36merror_type[0m=[35mNameError[0m [36mworker_id[0m=[35mworker_0[0m [36mworker_status[0m=[35mERROR[0m
2025-09-22 12:18:42,971 - workers.proxy_pool - INFO - _worker_loop:394 - [2m2025-09-22T06:48:42.971133Z[0m [[32m[1minfo     [0m] [1m📋 Worker picked up command from queue[0m [[0m[1m[34mworkers.proxy_pool[0m][0m [36mcommand_id[0m=[35mProducts_by_Categories_page_1[0m [36mentity[0m=[35mProducts_by_Categories[0m [36mqueue_size_after_pickup[0m=[35m13[0m [36mworker_id[0m=[35mworker_0[0m [36mworker_status[0m=[35mPROCESSING[0m
2025-09-22 12:18:42,971 - workers.proxy_pool - INFO - execute_command:51 - [2m2025-09-22T06:48:42.971133Z[0m [[32m[1minfo     [0m] [1m🚀 Worker starting command execution[0m [[0m[1m[34mworkers.proxy_pool[0m][0m [36mcommand_id[0m=[35mProducts_by_Categories_page_1[0m [36mcommand_type[0m=[35mfetch_page[0m [36mentity[0m=[35mProducts_by_Categories[0m [36mpriority[0m=[35m1[0m [36mretry_count[0m=[35m0[0m [36mskip[0m=[35m0[0m [36mtop[0m=[35m1500[0m [36mworker_id[0m=[35mworker_0[0m
2025-09-22 12:18:42,973 - workers.proxy_pool - INFO - execute_command:74 - [2m2025-09-22T06:48:42.973646Z[0m [[32m[1minfo     [0m] [1m🔄 Worker executing request with resilience patterns[0m [[0m[1m[34mworkers.proxy_pool[0m][0m [36mcircuit_breaker_state[0m=[35mclosed[0m [36mcommand_id[0m=[35mProducts_by_Categories_page_1[0m [36mworker_id[0m=[35mworker_0[0m
2025-09-22 12:18:42,974 - httpcore.http11 - DEBUG - atrace:87 - send_request_headers.started request=<Request [b'GET']>
2025-09-22 12:18:42,974 - httpcore.http11 - DEBUG - atrace:87 - send_request_headers.complete
2025-09-22 12:18:42,974 - httpcore.http11 - DEBUG - atrace:87 - send_request_body.started request=<Request [b'GET']>
2025-09-22 12:18:42,976 - httpcore.http11 - DEBUG - atrace:87 - send_request_body.complete
2025-09-22 12:18:42,976 - httpcore.http11 - DEBUG - atrace:87 - receive_response_headers.started request=<Request [b'GET']>
2025-09-22 12:18:43,274 - httpcore.http11 - DEBUG - atrace:87 - receive_response_headers.complete return_value=(b'HTTP/1.1', 200, b'OK', [(b'Content-Length', b'1290'), (b'Content-Type', b'application/json;odata.metadata=minimal;odata.streaming=true;IEEE754Compatible=false;charset=utf-8'), (b'Date', b'Mon, 22 Sep 2025 06:48:44 GMT'), (b'Server', b'Microsoft-IIS/10.0'), (b'Access-Control-Allow-Headers', b'Accept, Origin, Content-Type, MaxDataServiceVersion'), (b'Access-Control-Allow-Methods', b'GET'), (b'Access-Control-Allow-Origin', b'*'), (b'Access-Control-Expose-Headers', b'DataServiceVersion'), (b'Cache-Control', b'private'), (b'Content-Encoding', b'gzip'), (b'Expires', b'Mon, 22 Sep 2025 06:49:43 GMT'), (b'Vary', b'*'), (b'X-Content-Type-Options', b'nosniff'), (b'OData-Version', b'4.0;'), (b'X-AspNet-Version', b'4.0.30319'), (b'X-Powered-By', b'ASP.NET')])
2025-09-22 12:18:43,274 - httpx - INFO - _send_single_request:1740 - HTTP Request: GET https://services.odata.org/V4/Northwind/Northwind.svc/Territories?%24skip=0&%24top=1500 "HTTP/1.1 200 OK"
2025-09-22 12:18:43,274 - httpcore.http11 - DEBUG - atrace:87 - receive_response_body.started request=<Request [b'GET']>
2025-09-22 12:18:43,277 - httpcore.http11 - DEBUG - atrace:87 - receive_response_body.complete
2025-09-22 12:18:43,277 - httpcore.http11 - DEBUG - atrace:87 - response_closed.started
2025-09-22 12:18:43,277 - httpcore.http11 - DEBUG - atrace:87 - response_closed.complete
2025-09-22 12:18:43,277 - workers.proxy_pool - INFO - _make_http_request:187 - [2m2025-09-22T06:48:43.277858Z[0m [[32m[1minfo     [0m] [1m📊 Worker successfully fetched data[0m [[0m[1m[34mworkers.proxy_pool[0m][0m [36mcommand_id[0m=[35mTerritories_page_1[0m [36mentity[0m=[35mTerritories[0m [36mhas_next_page[0m=[35mFalse[0m [36mrecords_in_response[0m=[35m53[0m [36mworker_id[0m=[35mworker_1[0m
2025-09-22 12:18:43,277 - workers.proxy_pool - ERROR - _worker_loop:429 - [2m2025-09-22T06:48:43.277858Z[0m [[31m[1merror    [0m] [1m💥 Unexpected error in worker loop[0m [[0m[1m[34mworkers.proxy_pool[0m][0m [36merror[0m=[35m"name 'metrics' is not defined"[0m [36merror_type[0m=[35mNameError[0m [36mworker_id[0m=[35mworker_1[0m [36mworker_status[0m=[35mERROR[0m
2025-09-22 12:18:43,277 - workers.proxy_pool - INFO - _worker_loop:394 - [2m2025-09-22T06:48:43.277858Z[0m [[32m[1minfo     [0m] [1m📋 Worker picked up command from queue[0m [[0m[1m[34mworkers.proxy_pool[0m][0m [36mcommand_id[0m=[35mOrders_Qries_page_1[0m [36mentity[0m=[35mOrders_Qries[0m [36mqueue_size_after_pickup[0m=[35m12[0m [36mworker_id[0m=[35mworker_1[0m [36mworker_status[0m=[35mPROCESSING[0m
2025-09-22 12:18:43,277 - workers.proxy_pool - INFO - execute_command:51 - [2m2025-09-22T06:48:43.277858Z[0m [[32m[1minfo     [0m] [1m🚀 Worker starting command execution[0m [[0m[1m[34mworkers.proxy_pool[0m][0m [36mcommand_id[0m=[35mOrders_Qries_page_1[0m [36mcommand_type[0m=[35mfetch_page[0m [36mentity[0m=[35mOrders_Qries[0m [36mpriority[0m=[35m1[0m [36mretry_count[0m=[35m0[0m [36mskip[0m=[35m0[0m [36mtop[0m=[35m1500[0m [36mworker_id[0m=[35mworker_1[0m
2025-09-22 12:18:43,277 - workers.proxy_pool - INFO - execute_command:74 - [2m2025-09-22T06:48:43.277858Z[0m [[32m[1minfo     [0m] [1m🔄 Worker executing request with resilience patterns[0m [[0m[1m[34mworkers.proxy_pool[0m][0m [36mcircuit_breaker_state[0m=[35mclosed[0m [36mcommand_id[0m=[35mOrders_Qries_page_1[0m [36mworker_id[0m=[35mworker_1[0m
2025-09-22 12:18:43,277 - httpcore.http11 - DEBUG - atrace:87 - send_request_headers.started request=<Request [b'GET']>
2025-09-22 12:18:43,282 - httpcore.http11 - DEBUG - atrace:87 - send_request_headers.complete
2025-09-22 12:18:43,282 - httpcore.http11 - DEBUG - atrace:87 - send_request_body.started request=<Request [b'GET']>
2025-09-22 12:18:43,282 - httpcore.http11 - DEBUG - atrace:87 - send_request_body.complete
2025-09-22 12:18:43,282 - httpcore.http11 - DEBUG - atrace:87 - receive_response_headers.started request=<Request [b'GET']>
2025-09-22 12:18:43,300 - httpcore.http11 - DEBUG - atrace:87 - receive_response_headers.complete return_value=(b'HTTP/1.1', 200, b'OK', [(b'Content-Length', b'2280'), (b'Content-Type', b'application/json;odata.metadata=minimal;odata.streaming=true;IEEE754Compatible=false;charset=utf-8'), (b'Date', b'Mon, 22 Sep 2025 06:48:44 GMT'), (b'Server', b'Microsoft-IIS/10.0'), (b'Access-Control-Allow-Headers', b'Accept, Origin, Content-Type, MaxDataServiceVersion'), (b'Access-Control-Allow-Methods', b'GET'), (b'Access-Control-Allow-Origin', b'*'), (b'Access-Control-Expose-Headers', b'DataServiceVersion'), (b'Cache-Control', b'private'), (b'Content-Encoding', b'gzip'), (b'Expires', b'Mon, 22 Sep 2025 06:49:45 GMT'), (b'Vary', b'*'), (b'X-Content-Type-Options', b'nosniff'), (b'OData-Version', b'4.0;'), (b'X-AspNet-Version', b'4.0.30319'), (b'X-Powered-By', b'ASP.NET')])
2025-09-22 12:18:43,302 - httpx - INFO - _send_single_request:1740 - HTTP Request: GET https://services.odata.org/V4/Northwind/Northwind.svc/Products_by_Categories?%24skip=0&%24top=1500 "HTTP/1.1 200 OK"
2025-09-22 12:18:43,304 - httpcore.http11 - DEBUG - atrace:87 - receive_response_body.started request=<Request [b'GET']>
2025-09-22 12:18:43,304 - httpcore.http11 - DEBUG - atrace:87 - receive_response_body.complete
2025-09-22 12:18:43,304 - httpcore.http11 - DEBUG - atrace:87 - response_closed.started
2025-09-22 12:18:43,304 - httpcore.http11 - DEBUG - atrace:87 - response_closed.complete
2025-09-22 12:18:43,304 - workers.proxy_pool - INFO - _make_http_request:187 - [2m2025-09-22T06:48:43.304883Z[0m [[32m[1minfo     [0m] [1m📊 Worker successfully fetched data[0m [[0m[1m[34mworkers.proxy_pool[0m][0m [36mcommand_id[0m=[35mProducts_by_Categories_page_1[0m [36mentity[0m=[35mProducts_by_Categories[0m [36mhas_next_page[0m=[35mFalse[0m [36mrecords_in_response[0m=[35m69[0m [36mworker_id[0m=[35mworker_0[0m
2025-09-22 12:18:43,306 - workers.proxy_pool - ERROR - _worker_loop:429 - [2m2025-09-22T06:48:43.306980Z[0m [[31m[1merror    [0m] [1m💥 Unexpected error in worker loop[0m [[0m[1m[34mworkers.proxy_pool[0m][0m [36merror[0m=[35m"name 'metrics' is not defined"[0m [36merror_type[0m=[35mNameError[0m [36mworker_id[0m=[35mworker_0[0m [36mworker_status[0m=[35mERROR[0m
2025-09-22 12:18:43,306 - workers.proxy_pool - INFO - _worker_loop:394 - [2m2025-09-22T06:48:43.306980Z[0m [[32m[1minfo     [0m] [1m📋 Worker picked up command from queue[0m [[0m[1m[34mworkers.proxy_pool[0m][0m [36mcommand_id[0m=[35mSales_Totals_by_Amounts_page_1[0m [36mentity[0m=[35mSales_Totals_by_Amounts[0m [36mqueue_size_after_pickup[0m=[35m11[0m [36mworker_id[0m=[35mworker_0[0m [36mworker_status[0m=[35mPROCESSING[0m
2025-09-22 12:18:43,309 - workers.proxy_pool - INFO - execute_command:51 - [2m2025-09-22T06:48:43.306980Z[0m [[32m[1minfo     [0m] [1m🚀 Worker starting command execution[0m [[0m[1m[34mworkers.proxy_pool[0m][0m [36mcommand_id[0m=[35mSales_Totals_by_Amounts_page_1[0m [36mcommand_type[0m=[35mfetch_page[0m [36mentity[0m=[35mSales_Totals_by_Amounts[0m [36mpriority[0m=[35m1[0m [36mretry_count[0m=[35m0[0m [36mskip[0m=[35m0[0m [36mtop[0m=[35m1500[0m [36mworker_id[0m=[35mworker_0[0m
2025-09-22 12:18:43,309 - workers.proxy_pool - INFO - execute_command:74 - [2m2025-09-22T06:48:43.309591Z[0m [[32m[1minfo     [0m] [1m🔄 Worker executing request with resilience patterns[0m [[0m[1m[34mworkers.proxy_pool[0m][0m [36mcircuit_breaker_state[0m=[35mclosed[0m [36mcommand_id[0m=[35mSales_Totals_by_Amounts_page_1[0m [36mworker_id[0m=[35mworker_0[0m
2025-09-22 12:18:43,310 - httpcore.http11 - DEBUG - atrace:87 - send_request_headers.started request=<Request [b'GET']>
2025-09-22 12:18:43,310 - httpcore.http11 - DEBUG - atrace:87 - send_request_headers.complete
2025-09-22 12:18:43,310 - httpcore.http11 - DEBUG - atrace:87 - send_request_body.started request=<Request [b'GET']>
2025-09-22 12:18:43,310 - httpcore.http11 - DEBUG - atrace:87 - send_request_body.complete
2025-09-22 12:18:43,310 - httpcore.http11 - DEBUG - atrace:87 - receive_response_headers.started request=<Request [b'GET']>
2025-09-22 12:18:43,578 - httpcore.http11 - DEBUG - atrace:87 - receive_response_headers.complete return_value=(b'HTTP/1.1', 200, b'OK', [(b'Content-Length', b'6605'), (b'Content-Type', b'application/json;odata.metadata=minimal;odata.streaming=true;IEEE754Compatible=false;charset=utf-8'), (b'Date', b'Mon, 22 Sep 2025 06:48:44 GMT'), (b'Server', b'Microsoft-IIS/10.0'), (b'Access-Control-Allow-Headers', b'Accept, Origin, Content-Type, MaxDataServiceVersion'), (b'Access-Control-Allow-Methods', b'GET'), (b'Access-Control-Allow-Origin', b'*'), (b'Access-Control-Expose-Headers', b'DataServiceVersion'), (b'Cache-Control', b'private'), (b'Content-Encoding', b'gzip'), (b'Expires', b'Mon, 22 Sep 2025 06:49:45 GMT'), (b'Vary', b'*'), (b'X-Content-Type-Options', b'nosniff'), (b'OData-Version', b'4.0;'), (b'X-AspNet-Version', b'4.0.30319'), (b'X-Powered-By', b'ASP.NET')])
2025-09-22 12:18:43,578 - httpx - INFO - _send_single_request:1740 - HTTP Request: GET https://services.odata.org/V4/Northwind/Northwind.svc/Orders_Qries?%24skip=0&%24top=1500 "HTTP/1.1 200 OK"
2025-09-22 12:18:43,578 - httpcore.http11 - DEBUG - atrace:87 - receive_response_body.started request=<Request [b'GET']>
2025-09-22 12:18:43,578 - httpcore.http11 - DEBUG - atrace:87 - receive_response_body.complete
2025-09-22 12:18:43,578 - httpcore.http11 - DEBUG - atrace:87 - response_closed.started
2025-09-22 12:18:43,578 - httpcore.http11 - DEBUG - atrace:87 - receive_response_body.complete
2025-09-22 12:18:43,578 - httpcore.http11 - DEBUG - atrace:87 - response_closed.started
2025-09-22 12:18:43,578 - httpcore.http11 - DEBUG - atrace:87 - response_closed.complete
2025-09-22 12:18:43,582 - workers.proxy_pool - INFO - _make_http_request:187 - [2m2025-09-22T06:48:43.582814Z[0m [[32m[1minfo     [0m] [1m📊 Worker successfully fetched data[0m [[0m[1m[34mworkers.proxy_pool[0m][0m [36mcommand_id[0m=[35mOrders_Qries_page_1[0m [36mentity[0m=[35mOrders_Qries[0m [36mhas_next_page[0m=[35mTrue[0m [36mrecords_in_response[0m=[35m100[0m [36mworker_id[0m=[35mworker_1[0m
2025-09-22 12:18:43,582 - workers.proxy_pool - ERROR - _worker_loop:429 - [2m2025-09-22T06:48:43.582814Z[0m [[31m[1merror    [0m] [1m💥 Unexpected error in worker loop[0m [[0m[1m[34mworkers.proxy_pool[0m][0m [36merror[0m=[35m"name 'metrics' is not defined"[0m [36merror_type[0m=[35mNameError[0m [36mworker_id[0m=[35mworker_1[0m [36mworker_status[0m=[35mERROR[0m
2025-09-22 12:18:43,585 - workers.proxy_pool - INFO - _worker_loop:394 - [2m2025-09-22T06:48:43.585308Z[0m [[32m[1minfo     [0m] [1m📋 Worker picked up command from queue[0m [[0m[1m[34mworkers.proxy_pool[0m][0m [36mcommand_id[0m=[35mProduct_Sales_for_1997_page_1[0m [36mentity[0m=[35mProduct_Sales_for_1997[0m [36mqueue_size_after_pickup[0m=[35m10[0m [36mworker_id[0m=[35mworker_1[0m [36mworker_status[0m=[35mPROCESSING[0m
2025-09-22 12:18:43,585 - workers.proxy_pool - INFO - execute_command:51 - [2m2025-09-22T06:48:43.585308Z[0m [[32m[1minfo     [0m] [1m🚀 Worker starting command execution[0m [[0m[1m[34mworkers.proxy_pool[0m][0m [36mcommand_id[0m=[35mProduct_Sales_for_1997_page_1[0m [36mcommand_type[0m=[35mfetch_page[0m [36mentity[0m=[35mProduct_Sales_for_1997[0m [36mpriority[0m=[35m1[0m [36mretry_count[0m=[35m0[0m [36mskip[0m=[35m0[0m [36mtop[0m=[35m1500[0m [36mworker_id[0m=[35mworker_1[0m
2025-09-22 12:18:43,586 - workers.proxy_pool - INFO - execute_command:74 - [2m2025-09-22T06:48:43.586962Z[0m [[32m[1minfo     [0m] [1m🔄 Worker executing request with resilience patterns[0m [[0m[1m[34mworkers.proxy_pool[0m][0m [36mcircuit_breaker_state[0m=[35mclosed[0m [36mcommand_id[0m=[35mProduct_Sales_for_1997_page_1[0m [36mworker_id[0m=[35mworker_1[0m
2025-09-22 12:18:43,586 - httpcore.http11 - DEBUG - atrace:87 - response_closed.complete
2025-09-22 12:18:43,586 - workers.proxy_pool - INFO - _make_http_request:187 - [2m2025-09-22T06:48:43.586962Z[0m [[32m[1minfo     [0m] [1m📊 Worker successfully fetched data[0m [[0m[1m[34mworkers.proxy_pool[0m][0m [36mcommand_id[0m=[35mCategories_page_1[0m [36mentity[0m=[35mCategories[0m [36mhas_next_page[0m=[35mFalse[0m [36mrecords_in_response[0m=[35m8[0m [36mworker_id[0m=[35mworker_2[0m
2025-09-22 12:18:43,589 - workers.proxy_pool - ERROR - _worker_loop:429 - [2m2025-09-22T06:48:43.589468Z[0m [[31m[1merror    [0m] [1m💥 Unexpected error in worker loop[0m [[0m[1m[34mworkers.proxy_pool[0m][0m [36merror[0m=[35m"name 'metrics' is not defined"[0m [36merror_type[0m=[35mNameError[0m [36mworker_id[0m=[35mworker_2[0m [36mworker_status[0m=[35mERROR[0m
2025-09-22 12:18:43,590 - workers.proxy_pool - INFO - _worker_loop:394 - [2m2025-09-22T06:48:43.590470Z[0m [[32m[1minfo     [0m] [1m📋 Worker picked up command from queue[0m [[0m[1m[34mworkers.proxy_pool[0m][0m [36mcommand_id[0m=[35mOrder_Details_page_1[0m [36mentity[0m=[35mOrder_Details[0m [36mqueue_size_after_pickup[0m=[35m9[0m [36mworker_id[0m=[35mworker_2[0m [36mworker_status[0m=[35mPROCESSING[0m
2025-09-22 12:18:43,592 - workers.proxy_pool - INFO - execute_command:51 - [2m2025-09-22T06:48:43.592101Z[0m [[32m[1minfo     [0m] [1m🚀 Worker starting command execution[0m [[0m[1m[34mworkers.proxy_pool[0m][0m [36mcommand_id[0m=[35mOrder_Details_page_1[0m [36mcommand_type[0m=[35mfetch_page[0m [36mentity[0m=[35mOrder_Details[0m [36mpriority[0m=[35m1[0m [36mretry_count[0m=[35m0[0m [36mskip[0m=[35m0[0m [36mtop[0m=[35m1500[0m [36mworker_id[0m=[35mworker_2[0m
2025-09-22 12:18:43,593 - workers.proxy_pool - INFO - execute_command:74 - [2m2025-09-22T06:48:43.593118Z[0m [[32m[1minfo     [0m] [1m🔄 Worker executing request with resilience patterns[0m [[0m[1m[34mworkers.proxy_pool[0m][0m [36mcircuit_breaker_state[0m=[35mclosed[0m [36mcommand_id[0m=[35mOrder_Details_page_1[0m [36mworker_id[0m=[35mworker_2[0m
2025-09-22 12:18:43,595 - httpcore.http11 - DEBUG - atrace:87 - send_request_headers.started request=<Request [b'GET']>
2025-09-22 12:18:43,595 - httpcore.http11 - DEBUG - atrace:87 - send_request_headers.complete
2025-09-22 12:18:43,595 - httpcore.http11 - DEBUG - atrace:87 - send_request_body.started request=<Request [b'GET']>
2025-09-22 12:18:43,595 - httpcore.http11 - DEBUG - atrace:87 - send_request_body.complete
2025-09-22 12:18:43,595 - httpcore.http11 - DEBUG - atrace:87 - receive_response_headers.started request=<Request [b'GET']>
2025-09-22 12:18:43,595 - httpcore.http11 - DEBUG - atrace:87 - send_request_headers.started request=<Request [b'GET']>
2025-09-22 12:18:43,595 - httpcore.http11 - DEBUG - atrace:87 - send_request_headers.complete
2025-09-22 12:18:43,595 - httpcore.http11 - DEBUG - atrace:87 - send_request_body.started request=<Request [b'GET']>
2025-09-22 12:18:43,595 - httpcore.http11 - DEBUG - atrace:87 - send_request_body.complete
2025-09-22 12:18:43,595 - httpcore.http11 - DEBUG - atrace:87 - receive_response_headers.started request=<Request [b'GET']>
2025-09-22 12:18:43,613 - httpcore.http11 - DEBUG - atrace:87 - receive_response_headers.complete return_value=(b'HTTP/1.1', 200, b'OK', [(b'Content-Length', b'1905'), (b'Content-Type', b'application/json;odata.metadata=minimal;odata.streaming=true;IEEE754Compatible=false;charset=utf-8'), (b'Date', b'Mon, 22 Sep 2025 06:48:44 GMT'), (b'Server', b'Microsoft-IIS/10.0'), (b'Access-Control-Allow-Headers', b'Accept, Origin, Content-Type, MaxDataServiceVersion'), (b'Access-Control-Allow-Methods', b'GET'), (b'Access-Control-Allow-Origin', b'*'), (b'Access-Control-Expose-Headers', b'DataServiceVersion'), (b'Cache-Control', b'private'), (b'Content-Encoding', b'gzip'), (b'Expires', b'Mon, 22 Sep 2025 06:49:45 GMT'), (b'Vary', b'*'), (b'X-Content-Type-Options', b'nosniff'), (b'OData-Version', b'4.0;'), (b'X-AspNet-Version', b'4.0.30319'), (b'X-Powered-By', b'ASP.NET')])
2025-09-22 12:18:43,613 - httpx - INFO - _send_single_request:1740 - HTTP Request: GET https://services.odata.org/V4/Northwind/Northwind.svc/Sales_Totals_by_Amounts?%24skip=0&%24top=1500 "HTTP/1.1 200 OK"
2025-09-22 12:18:43,614 - httpcore.http11 - DEBUG - atrace:87 - receive_response_body.started request=<Request [b'GET']>
2025-09-22 12:18:43,614 - httpcore.http11 - DEBUG - atrace:87 - receive_response_body.complete
2025-09-22 12:18:43,614 - httpcore.http11 - DEBUG - atrace:87 - response_closed.started
2025-09-22 12:18:43,614 - httpcore.http11 - DEBUG - atrace:87 - response_closed.complete
2025-09-22 12:18:43,614 - workers.proxy_pool - INFO - _make_http_request:187 - [2m2025-09-22T06:48:43.614562Z[0m [[32m[1minfo     [0m] [1m📊 Worker successfully fetched data[0m [[0m[1m[34mworkers.proxy_pool[0m][0m [36mcommand_id[0m=[35mSales_Totals_by_Amounts_page_1[0m [36mentity[0m=[35mSales_Totals_by_Amounts[0m [36mhas_next_page[0m=[35mFalse[0m [36mrecords_in_response[0m=[35m66[0m [36mworker_id[0m=[35mworker_0[0m
2025-09-22 12:18:43,614 - workers.proxy_pool - ERROR - _worker_loop:429 - [2m2025-09-22T06:48:43.614562Z[0m [[31m[1merror    [0m] [1m💥 Unexpected error in worker loop[0m [[0m[1m[34mworkers.proxy_pool[0m][0m [36merror[0m=[35m"name 'metrics' is not defined"[0m [36merror_type[0m=[35mNameError[0m [36mworker_id[0m=[35mworker_0[0m [36mworker_status[0m=[35mERROR[0m
2025-09-22 12:18:43,617 - workers.proxy_pool - INFO - _worker_loop:394 - [2m2025-09-22T06:48:43.617990Z[0m [[32m[1minfo     [0m] [1m📋 Worker picked up command from queue[0m [[0m[1m[34mworkers.proxy_pool[0m][0m [36mcommand_id[0m=[35mOrder_Details_page_2[0m [36mentity[0m=[35mOrder_Details[0m [36mqueue_size_after_pickup[0m=[35m8[0m [36mworker_id[0m=[35mworker_0[0m [36mworker_status[0m=[35mPROCESSING[0m
2025-09-22 12:18:43,617 - workers.proxy_pool - INFO - execute_command:51 - [2m2025-09-22T06:48:43.617990Z[0m [[32m[1minfo     [0m] [1m🚀 Worker starting command execution[0m [[0m[1m[34mworkers.proxy_pool[0m][0m [36mcommand_id[0m=[35mOrder_Details_page_2[0m [36mcommand_type[0m=[35mfetch_page[0m [36mentity[0m=[35mOrder_Details[0m [36mpriority[0m=[35m1[0m [36mretry_count[0m=[35m0[0m [36mskip[0m=[35m1500[0m [36mtop[0m=[35m1500[0m [36mworker_id[0m=[35mworker_0[0m
2025-09-22 12:18:43,617 - workers.proxy_pool - INFO - execute_command:74 - [2m2025-09-22T06:48:43.617990Z[0m [[32m[1minfo     [0m] [1m🔄 Worker executing request with resilience patterns[0m [[0m[1m[34mworkers.proxy_pool[0m][0m [36mcircuit_breaker_state[0m=[35mclosed[0m [36mcommand_id[0m=[35mOrder_Details_page_2[0m [36mworker_id[0m=[35mworker_0[0m
2025-09-22 12:18:43,617 - httpcore.http11 - DEBUG - atrace:87 - send_request_headers.started request=<Request [b'GET']>
2025-09-22 12:18:43,617 - httpcore.http11 - DEBUG - atrace:87 - send_request_headers.complete
2025-09-22 12:18:43,617 - httpcore.http11 - DEBUG - atrace:87 - send_request_body.started request=<Request [b'GET']>
2025-09-22 12:18:43,617 - httpcore.http11 - DEBUG - atrace:87 - send_request_body.complete
2025-09-22 12:18:43,617 - httpcore.http11 - DEBUG - atrace:87 - receive_response_headers.started request=<Request [b'GET']>
2025-09-22 12:18:43,859 - httpcore.http11 - DEBUG - atrace:87 - receive_response_headers.complete return_value=(b'HTTP/1.1', 200, b'OK', [(b'Content-Length', b'2134'), (b'Content-Type', b'application/json;odata.metadata=minimal;odata.streaming=true;IEEE754Compatible=false;charset=utf-8'), (b'Date', b'Mon, 22 Sep 2025 06:48:44 GMT'), (b'Server', b'Microsoft-IIS/10.0'), (b'Access-Control-Allow-Headers', b'Accept, Origin, Content-Type, MaxDataServiceVersion'), (b'Access-Control-Allow-Methods', b'GET'), (b'Access-Control-Allow-Origin', b'*'), (b'Access-Control-Expose-Headers', b'DataServiceVersion'), (b'Cache-Control', b'private'), (b'Content-Encoding', b'gzip'), (b'Expires', b'Mon, 22 Sep 2025 06:49:45 GMT'), (b'Vary', b'*'), (b'X-Content-Type-Options', b'nosniff'), (b'OData-Version', b'4.0;'), (b'X-AspNet-Version', b'4.0.30319'), (b'X-Powered-By', b'ASP.NET')])
2025-09-22 12:18:43,859 - httpx - INFO - _send_single_request:1740 - HTTP Request: GET https://services.odata.org/V4/Northwind/Northwind.svc/Product_Sales_for_1997?%24skip=0&%24top=1500 "HTTP/1.1 200 OK"
2025-09-22 12:18:43,859 - httpcore.http11 - DEBUG - atrace:87 - receive_response_body.started request=<Request [b'GET']>
2025-09-22 12:18:43,859 - httpcore.http11 - DEBUG - atrace:87 - receive_response_body.complete
2025-09-22 12:18:43,859 - httpcore.http11 - DEBUG - atrace:87 - response_closed.started
2025-09-22 12:18:43,859 - httpcore.http11 - DEBUG - atrace:87 - response_closed.complete
2025-09-22 12:18:43,859 - workers.proxy_pool - INFO - _make_http_request:187 - [2m2025-09-22T06:48:43.859362Z[0m [[32m[1minfo     [0m] [1m📊 Worker successfully fetched data[0m [[0m[1m[34mworkers.proxy_pool[0m][0m [36mcommand_id[0m=[35mProduct_Sales_for_1997_page_1[0m [36mentity[0m=[35mProduct_Sales_for_1997[0m [36mhas_next_page[0m=[35mFalse[0m [36mrecords_in_response[0m=[35m77[0m [36mworker_id[0m=[35mworker_1[0m
2025-09-22 12:18:43,866 - workers.proxy_pool - ERROR - _worker_loop:429 - [2m2025-09-22T06:48:43.866335Z[0m [[31m[1merror    [0m] [1m💥 Unexpected error in worker loop[0m [[0m[1m[34mworkers.proxy_pool[0m][0m [36merror[0m=[35m"name 'metrics' is not defined"[0m [36merror_type[0m=[35mNameError[0m [36mworker_id[0m=[35mworker_1[0m [36mworker_status[0m=[35mERROR[0m
2025-09-22 12:18:43,867 - workers.proxy_pool - INFO - _worker_loop:394 - [2m2025-09-22T06:48:43.867408Z[0m [[32m[1minfo     [0m] [1m📋 Worker picked up command from queue[0m [[0m[1m[34mworkers.proxy_pool[0m][0m [36mcommand_id[0m=[35mProducts_page_1[0m [36mentity[0m=[35mProducts[0m [36mqueue_size_after_pickup[0m=[35m7[0m [36mworker_id[0m=[35mworker_1[0m [36mworker_status[0m=[35mPROCESSING[0m
2025-09-22 12:18:43,867 - workers.proxy_pool - INFO - execute_command:51 - [2m2025-09-22T06:48:43.867408Z[0m [[32m[1minfo     [0m] [1m🚀 Worker starting command execution[0m [[0m[1m[34mworkers.proxy_pool[0m][0m [36mcommand_id[0m=[35mProducts_page_1[0m [36mcommand_type[0m=[35mfetch_page[0m [36mentity[0m=[35mProducts[0m [36mpriority[0m=[35m1[0m [36mretry_count[0m=[35m0[0m [36mskip[0m=[35m0[0m [36mtop[0m=[35m1500[0m [36mworker_id[0m=[35mworker_1[0m
2025-09-22 12:18:43,867 - workers.proxy_pool - INFO - execute_command:74 - [2m2025-09-22T06:48:43.867408Z[0m [[32m[1minfo     [0m] [1m🔄 Worker executing request with resilience patterns[0m [[0m[1m[34mworkers.proxy_pool[0m][0m [36mcircuit_breaker_state[0m=[35mclosed[0m [36mcommand_id[0m=[35mProducts_page_1[0m [36mworker_id[0m=[35mworker_1[0m
2025-09-22 12:18:43,867 - httpcore.http11 - DEBUG - atrace:87 - send_request_headers.started request=<Request [b'GET']>
2025-09-22 12:18:43,870 - httpcore.http11 - DEBUG - atrace:87 - send_request_headers.complete
2025-09-22 12:18:43,870 - httpcore.http11 - DEBUG - atrace:87 - send_request_body.started request=<Request [b'GET']>
2025-09-22 12:18:43,870 - httpcore.http11 - DEBUG - atrace:87 - send_request_body.complete
2025-09-22 12:18:43,870 - httpcore.http11 - DEBUG - atrace:87 - receive_response_headers.started request=<Request [b'GET']>
2025-09-22 12:18:44,194 - httpcore.http11 - DEBUG - atrace:87 - receive_response_headers.complete return_value=(b'HTTP/1.1', 200, b'OK', [(b'Content-Length', b'1436'), (b'Content-Type', b'application/json;odata.metadata=minimal;odata.streaming=true;IEEE754Compatible=false;charset=utf-8'), (b'Date', b'Mon, 22 Sep 2025 06:48:45 GMT'), (b'Server', b'Microsoft-IIS/10.0'), (b'Access-Control-Allow-Headers', b'Accept, Origin, Content-Type, MaxDataServiceVersion'), (b'Access-Control-Allow-Methods', b'GET'), (b'Access-Control-Allow-Origin', b'*'), (b'Access-Control-Expose-Headers', b'DataServiceVersion'), (b'Cache-Control', b'private'), (b'Content-Encoding', b'gzip'), (b'Expires', b'Mon, 22 Sep 2025 06:49:45 GMT'), (b'Vary', b'*'), (b'X-Content-Type-Options', b'nosniff'), (b'OData-Version', b'4.0;'), (b'X-AspNet-Version', b'4.0.30319'), (b'X-Powered-By', b'ASP.NET')])
2025-09-22 12:18:44,194 - httpx - INFO - _send_single_request:1740 - HTTP Request: GET https://services.odata.org/V4/Northwind/Northwind.svc/Products?%24skip=0&%24top=1500 "HTTP/1.1 200 OK"
2025-09-22 12:18:44,195 - httpcore.http11 - DEBUG - atrace:87 - receive_response_body.started request=<Request [b'GET']>
2025-09-22 12:18:44,195 - httpcore.http11 - DEBUG - atrace:87 - receive_response_body.complete
2025-09-22 12:18:44,195 - httpcore.http11 - DEBUG - atrace:87 - response_closed.started
2025-09-22 12:18:44,195 - httpcore.http11 - DEBUG - atrace:87 - response_closed.complete
2025-09-22 12:18:44,195 - workers.proxy_pool - INFO - _make_http_request:187 - [2m2025-09-22T06:48:44.195789Z[0m [[32m[1minfo     [0m] [1m📊 Worker successfully fetched data[0m [[0m[1m[34mworkers.proxy_pool[0m][0m [36mcommand_id[0m=[35mProducts_page_1[0m [36mentity[0m=[35mProducts[0m [36mhas_next_page[0m=[35mTrue[0m [36mrecords_in_response[0m=[35m20[0m [36mworker_id[0m=[35mworker_1[0m
2025-09-22 12:18:44,195 - workers.proxy_pool - ERROR - _worker_loop:429 - [2m2025-09-22T06:48:44.195789Z[0m [[31m[1merror    [0m] [1m💥 Unexpected error in worker loop[0m [[0m[1m[34mworkers.proxy_pool[0m][0m [36merror[0m=[35m"name 'metrics' is not defined"[0m [36merror_type[0m=[35mNameError[0m [36mworker_id[0m=[35mworker_1[0m [36mworker_status[0m=[35mERROR[0m
2025-09-22 12:18:44,195 - workers.proxy_pool - INFO - _worker_loop:394 - [2m2025-09-22T06:48:44.195789Z[0m [[32m[1minfo     [0m] [1m📋 Worker picked up command from queue[0m [[0m[1m[34mworkers.proxy_pool[0m][0m [36mcommand_id[0m=[35mOrder_Details_Extendeds_page_1[0m [36mentity[0m=[35mOrder_Details_Extendeds[0m [36mqueue_size_after_pickup[0m=[35m6[0m [36mworker_id[0m=[35mworker_1[0m [36mworker_status[0m=[35mPROCESSING[0m
2025-09-22 12:18:44,195 - workers.proxy_pool - INFO - execute_command:51 - [2m2025-09-22T06:48:44.195789Z[0m [[32m[1minfo     [0m] [1m🚀 Worker starting command execution[0m [[0m[1m[34mworkers.proxy_pool[0m][0m [36mcommand_id[0m=[35mOrder_Details_Extendeds_page_1[0m [36mcommand_type[0m=[35mfetch_page[0m [36mentity[0m=[35mOrder_Details_Extendeds[0m [36mpriority[0m=[35m1[0m [36mretry_count[0m=[35m0[0m [36mskip[0m=[35m0[0m [36mtop[0m=[35m1500[0m [36mworker_id[0m=[35mworker_1[0m
2025-09-22 12:18:44,195 - workers.proxy_pool - INFO - execute_command:74 - [2m2025-09-22T06:48:44.195789Z[0m [[32m[1minfo     [0m] [1m🔄 Worker executing request with resilience patterns[0m [[0m[1m[34mworkers.proxy_pool[0m][0m [36mcircuit_breaker_state[0m=[35mclosed[0m [36mcommand_id[0m=[35mOrder_Details_Extendeds_page_1[0m [36mworker_id[0m=[35mworker_1[0m
2025-09-22 12:18:44,195 - httpcore.http11 - DEBUG - atrace:87 - send_request_headers.started request=<Request [b'GET']>
2025-09-22 12:18:44,195 - httpcore.http11 - DEBUG - atrace:87 - send_request_headers.complete
2025-09-22 12:18:44,195 - httpcore.http11 - DEBUG - atrace:87 - send_request_body.started request=<Request [b'GET']>
2025-09-22 12:18:44,195 - httpcore.http11 - DEBUG - atrace:87 - send_request_body.complete
2025-09-22 12:18:44,195 - httpcore.http11 - DEBUG - atrace:87 - receive_response_headers.started request=<Request [b'GET']>
2025-09-22 12:18:44,503 - httpcore.http11 - DEBUG - atrace:87 - receive_response_headers.complete return_value=(b'HTTP/1.1', 200, b'OK', [(b'Content-Length', b'6232'), (b'Content-Type', b'application/json;odata.metadata=minimal;odata.streaming=true;IEEE754Compatible=false;charset=utf-8'), (b'Date', b'Mon, 22 Sep 2025 06:48:45 GMT'), (b'Server', b'Microsoft-IIS/10.0'), (b'Access-Control-Allow-Headers', b'Accept, Origin, Content-Type, MaxDataServiceVersion'), (b'Access-Control-Allow-Methods', b'GET'), (b'Access-Control-Allow-Origin', b'*'), (b'Access-Control-Expose-Headers', b'DataServiceVersion'), (b'Cache-Control', b'private'), (b'Content-Encoding', b'gzip'), (b'Expires', b'Mon, 22 Sep 2025 06:49:45 GMT'), (b'Vary', b'*'), (b'X-Content-Type-Options', b'nosniff'), (b'OData-Version', b'4.0;'), (b'X-AspNet-Version', b'4.0.30319'), (b'X-Powered-By', b'ASP.NET')])
2025-09-22 12:18:44,504 - httpx - INFO - _send_single_request:1740 - HTTP Request: GET https://services.odata.org/V4/Northwind/Northwind.svc/Order_Details?%24skip=1500&%24top=1500 "HTTP/1.1 200 OK"
2025-09-22 12:18:44,504 - httpcore.http11 - DEBUG - atrace:87 - receive_response_body.started request=<Request [b'GET']>
2025-09-22 12:18:44,504 - httpcore.http11 - DEBUG - atrace:87 - receive_response_body.complete
2025-09-22 12:18:44,504 - httpcore.http11 - DEBUG - atrace:87 - response_closed.started
2025-09-22 12:18:44,504 - httpcore.http11 - DEBUG - atrace:87 - receive_response_headers.complete return_value=(b'HTTP/1.1', 200, b'OK', [(b'Content-Length', b'3140'), (b'Content-Type', b'application/json;odata.metadata=minimal;odata.streaming=true;IEEE754Compatible=false;charset=utf-8'), (b'Date', b'Mon, 22 Sep 2025 06:48:45 GMT'), (b'Server', b'Microsoft-IIS/10.0'), (b'Access-Control-Allow-Headers', b'Accept, Origin, Content-Type, MaxDataServiceVersion'), (b'Access-Control-Allow-Methods', b'GET'), (b'Access-Control-Allow-Origin', b'*'), (b'Access-Control-Expose-Headers', b'DataServiceVersion'), (b'Cache-Control', b'private'), (b'Content-Encoding', b'gzip'), (b'Expires', b'Mon, 22 Sep 2025 06:49:46 GMT'), (b'Vary', b'*'), (b'X-Content-Type-Options', b'nosniff'), (b'OData-Version', b'4.0;'), (b'X-AspNet-Version', b'4.0.30319'), (b'X-Powered-By', b'ASP.NET')])
2025-09-22 12:18:44,504 - httpx - INFO - _send_single_request:1740 - HTTP Request: GET https://services.odata.org/V4/Northwind/Northwind.svc/Order_Details_Extendeds?%24skip=0&%24top=1500 "HTTP/1.1 200 OK"
2025-09-22 12:18:44,504 - httpcore.http11 - DEBUG - atrace:87 - receive_response_body.started request=<Request [b'GET']>
2025-09-22 12:18:44,504 - httpcore.http11 - DEBUG - atrace:87 - receive_response_body.complete
2025-09-22 12:18:44,504 - httpcore.http11 - DEBUG - atrace:87 - response_closed.started
2025-09-22 12:18:44,504 - httpcore.http11 - DEBUG - atrace:87 - response_closed.complete
2025-09-22 12:18:44,504 - workers.proxy_pool - INFO - _make_http_request:187 - [2m2025-09-22T06:48:44.504444Z[0m [[32m[1minfo     [0m] [1m📊 Worker successfully fetched data[0m [[0m[1m[34mworkers.proxy_pool[0m][0m [36mcommand_id[0m=[35mOrder_Details_page_2[0m [36mentity[0m=[35mOrder_Details[0m [36mhas_next_page[0m=[35mTrue[0m [36mrecords_in_response[0m=[35m500[0m [36mworker_id[0m=[35mworker_0[0m
2025-09-22 12:18:44,509 - workers.proxy_pool - ERROR - _worker_loop:429 - [2m2025-09-22T06:48:44.509330Z[0m [[31m[1merror    [0m] [1m💥 Unexpected error in worker loop[0m [[0m[1m[34mworkers.proxy_pool[0m][0m [36merror[0m=[35m"name 'metrics' is not defined"[0m [36merror_type[0m=[35mNameError[0m [36mworker_id[0m=[35mworker_0[0m [36mworker_status[0m=[35mERROR[0m
2025-09-22 12:18:44,509 - workers.proxy_pool - INFO - _worker_loop:394 - [2m2025-09-22T06:48:44.509907Z[0m [[32m[1minfo     [0m] [1m📋 Worker picked up command from queue[0m [[0m[1m[34mworkers.proxy_pool[0m][0m [36mcommand_id[0m=[35mOrder_Details_Extendeds_page_2[0m [36mentity[0m=[35mOrder_Details_Extendeds[0m [36mqueue_size_after_pickup[0m=[35m5[0m [36mworker_id[0m=[35mworker_0[0m [36mworker_status[0m=[35mPROCESSING[0m
2025-09-22 12:18:44,510 - workers.proxy_pool - INFO - execute_command:51 - [2m2025-09-22T06:48:44.510437Z[0m [[32m[1minfo     [0m] [1m🚀 Worker starting command execution[0m [[0m[1m[34mworkers.proxy_pool[0m][0m [36mcommand_id[0m=[35mOrder_Details_Extendeds_page_2[0m [36mcommand_type[0m=[35mfetch_page[0m [36mentity[0m=[35mOrder_Details_Extendeds[0m [36mpriority[0m=[35m1[0m [36mretry_count[0m=[35m0[0m [36mskip[0m=[35m1500[0m [36mtop[0m=[35m1500[0m [36mworker_id[0m=[35mworker_0[0m
2025-09-22 12:18:44,511 - workers.proxy_pool - INFO - execute_command:74 - [2m2025-09-22T06:48:44.511009Z[0m [[32m[1minfo     [0m] [1m🔄 Worker executing request with resilience patterns[0m [[0m[1m[34mworkers.proxy_pool[0m][0m [36mcircuit_breaker_state[0m=[35mclosed[0m [36mcommand_id[0m=[35mOrder_Details_Extendeds_page_2[0m [36mworker_id[0m=[35mworker_0[0m
2025-09-22 12:18:44,512 - httpcore.http11 - DEBUG - atrace:87 - response_closed.complete
2025-09-22 12:18:44,512 - workers.proxy_pool - INFO - _make_http_request:187 - [2m2025-09-22T06:48:44.512314Z[0m [[32m[1minfo     [0m] [1m📊 Worker successfully fetched data[0m [[0m[1m[34mworkers.proxy_pool[0m][0m [36mcommand_id[0m=[35mOrder_Details_Extendeds_page_1[0m [36mentity[0m=[35mOrder_Details_Extendeds[0m [36mhas_next_page[0m=[35mTrue[0m [36mrecords_in_response[0m=[35m100[0m [36mworker_id[0m=[35mworker_1[0m
2025-09-22 12:18:44,513 - workers.proxy_pool - ERROR - _worker_loop:429 - [2m2025-09-22T06:48:44.513238Z[0m [[31m[1merror    [0m] [1m💥 Unexpected error in worker loop[0m [[0m[1m[34mworkers.proxy_pool[0m][0m [36merror[0m=[35m"name 'metrics' is not defined"[0m [36merror_type[0m=[35mNameError[0m [36mworker_id[0m=[35mworker_1[0m [36mworker_status[0m=[35mERROR[0m
2025-09-22 12:18:44,513 - workers.proxy_pool - INFO - _worker_loop:394 - [2m2025-09-22T06:48:44.513747Z[0m [[32m[1minfo     [0m] [1m📋 Worker picked up command from queue[0m [[0m[1m[34mworkers.proxy_pool[0m][0m [36mcommand_id[0m=[35mEmployees_page_1[0m [36mentity[0m=[35mEmployees[0m [36mqueue_size_after_pickup[0m=[35m4[0m [36mworker_id[0m=[35mworker_1[0m [36mworker_status[0m=[35mPROCESSING[0m
2025-09-22 12:18:44,513 - workers.proxy_pool - INFO - execute_command:51 - [2m2025-09-22T06:48:44.513747Z[0m [[32m[1minfo     [0m] [1m🚀 Worker starting command execution[0m [[0m[1m[34mworkers.proxy_pool[0m][0m [36mcommand_id[0m=[35mEmployees_page_1[0m [36mcommand_type[0m=[35mfetch_page[0m [36mentity[0m=[35mEmployees[0m [36mpriority[0m=[35m1[0m [36mretry_count[0m=[35m0[0m [36mskip[0m=[35m0[0m [36mtop[0m=[35m1500[0m [36mworker_id[0m=[35mworker_1[0m
2025-09-22 12:18:44,513 - workers.proxy_pool - INFO - execute_command:74 - [2m2025-09-22T06:48:44.513747Z[0m [[32m[1minfo     [0m] [1m🔄 Worker executing request with resilience patterns[0m [[0m[1m[34mworkers.proxy_pool[0m][0m [36mcircuit_breaker_state[0m=[35mclosed[0m [36mcommand_id[0m=[35mEmployees_page_1[0m [36mworker_id[0m=[35mworker_1[0m
2025-09-22 12:18:44,515 - httpcore.http11 - DEBUG - atrace:87 - send_request_headers.started request=<Request [b'GET']>
2025-09-22 12:18:44,516 - httpcore.http11 - DEBUG - atrace:87 - send_request_headers.complete
2025-09-22 12:18:44,516 - httpcore.http11 - DEBUG - atrace:87 - send_request_body.started request=<Request [b'GET']>
2025-09-22 12:18:44,516 - httpcore.http11 - DEBUG - atrace:87 - send_request_body.complete
2025-09-22 12:18:44,516 - httpcore.http11 - DEBUG - atrace:87 - receive_response_headers.started request=<Request [b'GET']>
2025-09-22 12:18:44,516 - httpcore.http11 - DEBUG - atrace:87 - send_request_headers.started request=<Request [b'GET']>
2025-09-22 12:18:44,516 - httpcore.http11 - DEBUG - atrace:87 - send_request_headers.complete
2025-09-22 12:18:44,516 - httpcore.http11 - DEBUG - atrace:87 - send_request_body.started request=<Request [b'GET']>
2025-09-22 12:18:44,518 - httpcore.http11 - DEBUG - atrace:87 - send_request_body.complete
2025-09-22 12:18:44,518 - httpcore.http11 - DEBUG - atrace:87 - receive_response_headers.started request=<Request [b'GET']>
2025-09-22 12:18:44,809 - httpcore.http11 - DEBUG - atrace:87 - receive_response_headers.complete return_value=(b'HTTP/1.1', 200, b'OK', [(b'Content-Length', b'3390'), (b'Content-Type', b'application/json;odata.metadata=minimal;odata.streaming=true;IEEE754Compatible=false;charset=utf-8'), (b'Date', b'Mon, 22 Sep 2025 06:48:45 GMT'), (b'Server', b'Microsoft-IIS/10.0'), (b'Access-Control-Allow-Headers', b'Accept, Origin, Content-Type, MaxDataServiceVersion'), (b'Access-Control-Allow-Methods', b'GET'), (b'Access-Control-Allow-Origin', b'*'), (b'Access-Control-Expose-Headers', b'DataServiceVersion'), (b'Cache-Control', b'private'), (b'Content-Encoding', b'gzip'), (b'Expires', b'Mon, 22 Sep 2025 06:49:46 GMT'), (b'Vary', b'*'), (b'X-Content-Type-Options', b'nosniff'), (b'OData-Version', b'4.0;'), (b'X-AspNet-Version', b'4.0.30319'), (b'X-Powered-By', b'ASP.NET')])
2025-09-22 12:18:44,809 - httpx - INFO - _send_single_request:1740 - HTTP Request: GET https://services.odata.org/V4/Northwind/Northwind.svc/Order_Details_Extendeds?%24skip=1500&%24top=1500 "HTTP/1.1 200 OK"
2025-09-22 12:18:44,810 - httpcore.http11 - DEBUG - atrace:87 - receive_response_body.started request=<Request [b'GET']>
2025-09-22 12:18:44,810 - httpcore.http11 - DEBUG - atrace:87 - receive_response_body.complete
2025-09-22 12:18:44,810 - httpcore.http11 - DEBUG - atrace:87 - response_closed.started
2025-09-22 12:18:44,810 - httpcore.http11 - DEBUG - atrace:87 - response_closed.complete
2025-09-22 12:18:44,810 - workers.proxy_pool - INFO - _make_http_request:187 - [2m2025-09-22T06:48:44.810727Z[0m [[32m[1minfo     [0m] [1m📊 Worker successfully fetched data[0m [[0m[1m[34mworkers.proxy_pool[0m][0m [36mcommand_id[0m=[35mOrder_Details_Extendeds_page_2[0m [36mentity[0m=[35mOrder_Details_Extendeds[0m [36mhas_next_page[0m=[35mTrue[0m [36mrecords_in_response[0m=[35m100[0m [36mworker_id[0m=[35mworker_0[0m
2025-09-22 12:18:44,814 - workers.proxy_pool - ERROR - _worker_loop:429 - [2m2025-09-22T06:48:44.810727Z[0m [[31m[1merror    [0m] [1m💥 Unexpected error in worker loop[0m [[0m[1m[34mworkers.proxy_pool[0m][0m [36merror[0m=[35m"name 'metrics' is not defined"[0m [36merror_type[0m=[35mNameError[0m [36mworker_id[0m=[35mworker_0[0m [36mworker_status[0m=[35mERROR[0m
2025-09-22 12:18:44,814 - workers.proxy_pool - INFO - _worker_loop:394 - [2m2025-09-22T06:48:44.814230Z[0m [[32m[1minfo     [0m] [1m📋 Worker picked up command from queue[0m [[0m[1m[34mworkers.proxy_pool[0m][0m [36mcommand_id[0m=[35mRegions_page_1[0m [36mentity[0m=[35mRegions[0m [36mqueue_size_after_pickup[0m=[35m3[0m [36mworker_id[0m=[35mworker_0[0m [36mworker_status[0m=[35mPROCESSING[0m
2025-09-22 12:18:44,815 - workers.proxy_pool - INFO - execute_command:51 - [2m2025-09-22T06:48:44.815631Z[0m [[32m[1minfo     [0m] [1m🚀 Worker starting command execution[0m [[0m[1m[34mworkers.proxy_pool[0m][0m [36mcommand_id[0m=[35mRegions_page_1[0m [36mcommand_type[0m=[35mfetch_page[0m [36mentity[0m=[35mRegions[0m [36mpriority[0m=[35m1[0m [36mretry_count[0m=[35m0[0m [36mskip[0m=[35m0[0m [36mtop[0m=[35m1500[0m [36mworker_id[0m=[35mworker_0[0m
2025-09-22 12:18:44,815 - workers.proxy_pool - INFO - execute_command:74 - [2m2025-09-22T06:48:44.815631Z[0m [[32m[1minfo     [0m] [1m🔄 Worker executing request with resilience patterns[0m [[0m[1m[34mworkers.proxy_pool[0m][0m [36mcircuit_breaker_state[0m=[35mclosed[0m [36mcommand_id[0m=[35mRegions_page_1[0m [36mworker_id[0m=[35mworker_0[0m
2025-09-22 12:18:44,817 - httpcore.http11 - DEBUG - atrace:87 - send_request_headers.started request=<Request [b'GET']>
2025-09-22 12:18:44,817 - httpcore.http11 - DEBUG - atrace:87 - send_request_headers.complete
2025-09-22 12:18:44,819 - httpcore.http11 - DEBUG - atrace:87 - send_request_body.started request=<Request [b'GET']>
2025-09-22 12:18:44,819 - httpcore.http11 - DEBUG - atrace:87 - send_request_body.complete
2025-09-22 12:18:44,819 - httpcore.http11 - DEBUG - atrace:87 - receive_response_headers.started request=<Request [b'GET']>
2025-09-22 12:18:44,943 - httpcore.http11 - DEBUG - atrace:87 - receive_response_headers.complete return_value=(b'HTTP/1.1', 200, b'OK', [(b'Content-Length', b'6023'), (b'Content-Type', b'application/json;odata.metadata=minimal;odata.streaming=true;IEEE754Compatible=false;charset=utf-8'), (b'Date', b'Mon, 22 Sep 2025 06:48:45 GMT'), (b'Server', b'Microsoft-IIS/10.0'), (b'Access-Control-Allow-Headers', b'Accept, Origin, Content-Type, MaxDataServiceVersion'), (b'Access-Control-Allow-Methods', b'GET'), (b'Access-Control-Allow-Origin', b'*'), (b'Access-Control-Expose-Headers', b'DataServiceVersion'), (b'Cache-Control', b'private'), (b'Content-Encoding', b'gzip'), (b'Expires', b'Mon, 22 Sep 2025 06:49:45 GMT'), (b'Vary', b'*'), (b'X-Content-Type-Options', b'nosniff'), (b'OData-Version', b'4.0;'), (b'X-AspNet-Version', b'4.0.30319'), (b'X-Powered-By', b'ASP.NET')])
2025-09-22 12:18:44,943 - httpx - INFO - _send_single_request:1740 - HTTP Request: GET https://services.odata.org/V4/Northwind/Northwind.svc/Order_Details?%24skip=0&%24top=1500 "HTTP/1.1 200 OK"
2025-09-22 12:18:44,945 - httpcore.http11 - DEBUG - atrace:87 - receive_response_body.started request=<Request [b'GET']>
2025-09-22 12:18:44,945 - httpcore.http11 - DEBUG - atrace:87 - receive_response_body.complete
2025-09-22 12:18:44,945 - httpcore.http11 - DEBUG - atrace:87 - response_closed.started
2025-09-22 12:18:44,945 - httpcore.http11 - DEBUG - atrace:87 - response_closed.complete
2025-09-22 12:18:44,945 - workers.proxy_pool - INFO - _make_http_request:187 - [2m2025-09-22T06:48:44.945629Z[0m [[32m[1minfo     [0m] [1m📊 Worker successfully fetched data[0m [[0m[1m[34mworkers.proxy_pool[0m][0m [36mcommand_id[0m=[35mOrder_Details_page_1[0m [36mentity[0m=[35mOrder_Details[0m [36mhas_next_page[0m=[35mTrue[0m [36mrecords_in_response[0m=[35m500[0m [36mworker_id[0m=[35mworker_2[0m
2025-09-22 12:18:44,945 - workers.proxy_pool - ERROR - _worker_loop:429 - [2m2025-09-22T06:48:44.945629Z[0m [[31m[1merror    [0m] [1m💥 Unexpected error in worker loop[0m [[0m[1m[34mworkers.proxy_pool[0m][0m [36merror[0m=[35m"name 'metrics' is not defined"[0m [36merror_type[0m=[35mNameError[0m [36mworker_id[0m=[35mworker_2[0m [36mworker_status[0m=[35mERROR[0m
2025-09-22 12:18:44,945 - workers.proxy_pool - INFO - _worker_loop:394 - [2m2025-09-22T06:48:44.945629Z[0m [[32m[1minfo     [0m] [1m📋 Worker picked up command from queue[0m [[0m[1m[34mworkers.proxy_pool[0m][0m [36mcommand_id[0m=[35mSales_by_Categories_page_1[0m [36mentity[0m=[35mSales_by_Categories[0m [36mqueue_size_after_pickup[0m=[35m2[0m [36mworker_id[0m=[35mworker_2[0m [36mworker_status[0m=[35mPROCESSING[0m
2025-09-22 12:18:44,945 - workers.proxy_pool - INFO - execute_command:51 - [2m2025-09-22T06:48:44.945629Z[0m [[32m[1minfo     [0m] [1m🚀 Worker starting command execution[0m [[0m[1m[34mworkers.proxy_pool[0m][0m [36mcommand_id[0m=[35mSales_by_Categories_page_1[0m [36mcommand_type[0m=[35mfetch_page[0m [36mentity[0m=[35mSales_by_Categories[0m [36mpriority[0m=[35m1[0m [36mretry_count[0m=[35m0[0m [36mskip[0m=[35m0[0m [36mtop[0m=[35m1500[0m [36mworker_id[0m=[35mworker_2[0m
2025-09-22 12:18:44,945 - workers.proxy_pool - INFO - execute_command:74 - [2m2025-09-22T06:48:44.945629Z[0m [[32m[1minfo     [0m] [1m🔄 Worker executing request with resilience patterns[0m [[0m[1m[34mworkers.proxy_pool[0m][0m [36mcircuit_breaker_state[0m=[35mclosed[0m [36mcommand_id[0m=[35mSales_by_Categories_page_1[0m [36mworker_id[0m=[35mworker_2[0m
2025-09-22 12:18:44,952 - httpcore.http11 - DEBUG - atrace:87 - send_request_headers.started request=<Request [b'GET']>
2025-09-22 12:18:44,953 - httpcore.http11 - DEBUG - atrace:87 - send_request_headers.complete
2025-09-22 12:18:44,953 - httpcore.http11 - DEBUG - atrace:87 - send_request_body.started request=<Request [b'GET']>
2025-09-22 12:18:44,953 - httpcore.http11 - DEBUG - atrace:87 - send_request_body.complete
2025-09-22 12:18:44,953 - httpcore.http11 - DEBUG - atrace:87 - receive_response_headers.started request=<Request [b'GET']>
2025-09-22 12:18:45,057 - httpcore.http11 - DEBUG - atrace:87 - receive_response_headers.complete return_value=(b'HTTP/1.1', 200, b'OK', [(b'Content-Length', b'267'), (b'Content-Type', b'application/json;odata.metadata=minimal;odata.streaming=true;IEEE754Compatible=false;charset=utf-8'), (b'Date', b'Mon, 22 Sep 2025 06:48:45 GMT'), (b'Server', b'Microsoft-IIS/10.0'), (b'Access-Control-Allow-Headers', b'Accept, Origin, Content-Type, MaxDataServiceVersion'), (b'Access-Control-Allow-Methods', b'GET'), (b'Access-Control-Allow-Origin', b'*'), (b'Access-Control-Expose-Headers', b'DataServiceVersion'), (b'Cache-Control', b'private'), (b'Content-Encoding', b'gzip'), (b'Expires', b'Mon, 22 Sep 2025 06:49:46 GMT'), (b'Vary', b'*'), (b'X-Content-Type-Options', b'nosniff'), (b'OData-Version', b'4.0;'), (b'X-AspNet-Version', b'4.0.30319'), (b'X-Powered-By', b'ASP.NET')])
2025-09-22 12:18:45,057 - httpx - INFO - _send_single_request:1740 - HTTP Request: GET https://services.odata.org/V4/Northwind/Northwind.svc/Regions?%24skip=0&%24top=1500 "HTTP/1.1 200 OK"
2025-09-22 12:18:45,057 - httpcore.http11 - DEBUG - atrace:87 - receive_response_body.started request=<Request [b'GET']>
2025-09-22 12:18:45,057 - httpcore.http11 - DEBUG - atrace:87 - receive_response_body.complete
2025-09-22 12:18:45,057 - httpcore.http11 - DEBUG - atrace:87 - response_closed.started
2025-09-22 12:18:45,057 - httpcore.http11 - DEBUG - atrace:87 - response_closed.complete
2025-09-22 12:18:45,057 - workers.proxy_pool - INFO - _make_http_request:187 - [2m2025-09-22T06:48:45.057927Z[0m [[32m[1minfo     [0m] [1m📊 Worker successfully fetched data[0m [[0m[1m[34mworkers.proxy_pool[0m][0m [36mcommand_id[0m=[35mRegions_page_1[0m [36mentity[0m=[35mRegions[0m [36mhas_next_page[0m=[35mFalse[0m [36mrecords_in_response[0m=[35m4[0m [36mworker_id[0m=[35mworker_0[0m
2025-09-22 12:18:45,057 - workers.proxy_pool - ERROR - _worker_loop:429 - [2m2025-09-22T06:48:45.057927Z[0m [[31m[1merror    [0m] [1m💥 Unexpected error in worker loop[0m [[0m[1m[34mworkers.proxy_pool[0m][0m [36merror[0m=[35m"name 'metrics' is not defined"[0m [36merror_type[0m=[35mNameError[0m [36mworker_id[0m=[35mworker_0[0m [36mworker_status[0m=[35mERROR[0m
2025-09-22 12:18:45,057 - workers.proxy_pool - INFO - _worker_loop:394 - [2m2025-09-22T06:48:45.057927Z[0m [[32m[1minfo     [0m] [1m📋 Worker picked up command from queue[0m [[0m[1m[34mworkers.proxy_pool[0m][0m [36mcommand_id[0m=[35mOrders_page_1[0m [36mentity[0m=[35mOrders[0m [36mqueue_size_after_pickup[0m=[35m1[0m [36mworker_id[0m=[35mworker_0[0m [36mworker_status[0m=[35mPROCESSING[0m
2025-09-22 12:18:45,057 - workers.proxy_pool - INFO - execute_command:51 - [2m2025-09-22T06:48:45.057927Z[0m [[32m[1minfo     [0m] [1m🚀 Worker starting command execution[0m [[0m[1m[34mworkers.proxy_pool[0m][0m [36mcommand_id[0m=[35mOrders_page_1[0m [36mcommand_type[0m=[35mfetch_page[0m [36mentity[0m=[35mOrders[0m [36mpriority[0m=[35m1[0m [36mretry_count[0m=[35m0[0m [36mskip[0m=[35m0[0m [36mtop[0m=[35m1500[0m [36mworker_id[0m=[35mworker_0[0m
2025-09-22 12:18:45,057 - workers.proxy_pool - INFO - execute_command:74 - [2m2025-09-22T06:48:45.057927Z[0m [[32m[1minfo     [0m] [1m🔄 Worker executing request with resilience patterns[0m [[0m[1m[34mworkers.proxy_pool[0m][0m [36mcircuit_breaker_state[0m=[35mclosed[0m [36mcommand_id[0m=[35mOrders_page_1[0m [36mworker_id[0m=[35mworker_0[0m
2025-09-22 12:18:45,057 - httpcore.http11 - DEBUG - atrace:87 - send_request_headers.started request=<Request [b'GET']>
2025-09-22 12:18:45,057 - httpcore.http11 - DEBUG - atrace:87 - send_request_headers.complete
2025-09-22 12:18:45,057 - httpcore.http11 - DEBUG - atrace:87 - send_request_body.started request=<Request [b'GET']>
2025-09-22 12:18:45,057 - httpcore.http11 - DEBUG - atrace:87 - send_request_body.complete
2025-09-22 12:18:45,057 - httpcore.http11 - DEBUG - atrace:87 - receive_response_headers.started request=<Request [b'GET']>
2025-09-22 12:18:45,205 - httpcore.http11 - DEBUG - atrace:87 - receive_response_headers.complete return_value=(b'HTTP/1.1', 200, b'OK', [(b'Content-Length', b'2173'), (b'Content-Type', b'application/json;odata.metadata=minimal;odata.streaming=true;IEEE754Compatible=false;charset=utf-8'), (b'Date', b'Mon, 22 Sep 2025 06:48:46 GMT'), (b'Server', b'Microsoft-IIS/10.0'), (b'Access-Control-Allow-Headers', b'Accept, Origin, Content-Type, MaxDataServiceVersion'), (b'Access-Control-Allow-Methods', b'GET'), (b'Access-Control-Allow-Origin', b'*'), (b'Access-Control-Expose-Headers', b'DataServiceVersion'), (b'Cache-Control', b'private'), (b'Content-Encoding', b'gzip'), (b'Expires', b'Mon, 22 Sep 2025 06:49:46 GMT'), (b'Vary', b'*'), (b'X-Content-Type-Options', b'nosniff'), (b'OData-Version', b'4.0;'), (b'X-AspNet-Version', b'4.0.30319'), (b'X-Powered-By', b'ASP.NET')])
2025-09-22 12:18:45,205 - httpx - INFO - _send_single_request:1740 - HTTP Request: GET https://services.odata.org/V4/Northwind/Northwind.svc/Sales_by_Categories?%24skip=0&%24top=1500 "HTTP/1.1 200 OK"
2025-09-22 12:18:45,205 - httpcore.http11 - DEBUG - atrace:87 - receive_response_body.started request=<Request [b'GET']>
2025-09-22 12:18:45,205 - httpcore.http11 - DEBUG - atrace:87 - receive_response_body.complete
2025-09-22 12:18:45,205 - httpcore.http11 - DEBUG - atrace:87 - response_closed.started
2025-09-22 12:18:45,205 - httpcore.http11 - DEBUG - atrace:87 - response_closed.complete
2025-09-22 12:18:45,205 - workers.proxy_pool - INFO - _make_http_request:187 - [2m2025-09-22T06:48:45.205529Z[0m [[32m[1minfo     [0m] [1m📊 Worker successfully fetched data[0m [[0m[1m[34mworkers.proxy_pool[0m][0m [36mcommand_id[0m=[35mSales_by_Categories_page_1[0m [36mentity[0m=[35mSales_by_Categories[0m [36mhas_next_page[0m=[35mFalse[0m [36mrecords_in_response[0m=[35m77[0m [36mworker_id[0m=[35mworker_2[0m
2025-09-22 12:18:45,205 - workers.proxy_pool - ERROR - _worker_loop:429 - [2m2025-09-22T06:48:45.205529Z[0m [[31m[1merror    [0m] [1m💥 Unexpected error in worker loop[0m [[0m[1m[34mworkers.proxy_pool[0m][0m [36merror[0m=[35m"name 'metrics' is not defined"[0m [36merror_type[0m=[35mNameError[0m [36mworker_id[0m=[35mworker_2[0m [36mworker_status[0m=[35mERROR[0m
2025-09-22 12:18:45,205 - workers.proxy_pool - INFO - _worker_loop:394 - [2m2025-09-22T06:48:45.205529Z[0m [[32m[1minfo     [0m] [1m📋 Worker picked up command from queue[0m [[0m[1m[34mworkers.proxy_pool[0m][0m [36mcommand_id[0m=[35mCustomers_page_1[0m [36mentity[0m=[35mCustomers[0m [36mqueue_size_after_pickup[0m=[35m0[0m [36mworker_id[0m=[35mworker_2[0m [36mworker_status[0m=[35mPROCESSING[0m
2025-09-22 12:18:45,205 - workers.proxy_pool - INFO - execute_command:51 - [2m2025-09-22T06:48:45.205529Z[0m [[32m[1minfo     [0m] [1m🚀 Worker starting command execution[0m [[0m[1m[34mworkers.proxy_pool[0m][0m [36mcommand_id[0m=[35mCustomers_page_1[0m [36mcommand_type[0m=[35mfetch_page[0m [36mentity[0m=[35mCustomers[0m [36mpriority[0m=[35m1[0m [36mretry_count[0m=[35m0[0m [36mskip[0m=[35m0[0m [36mtop[0m=[35m1500[0m [36mworker_id[0m=[35mworker_2[0m
2025-09-22 12:18:45,205 - workers.proxy_pool - INFO - execute_command:74 - [2m2025-09-22T06:48:45.205529Z[0m [[32m[1minfo     [0m] [1m🔄 Worker executing request with resilience patterns[0m [[0m[1m[34mworkers.proxy_pool[0m][0m [36mcircuit_breaker_state[0m=[35mclosed[0m [36mcommand_id[0m=[35mCustomers_page_1[0m [36mworker_id[0m=[35mworker_2[0m
2025-09-22 12:18:45,217 - httpcore.http11 - DEBUG - atrace:87 - send_request_headers.started request=<Request [b'GET']>
2025-09-22 12:18:45,217 - httpcore.http11 - DEBUG - atrace:87 - send_request_headers.complete
2025-09-22 12:18:45,217 - httpcore.http11 - DEBUG - atrace:87 - send_request_body.started request=<Request [b'GET']>
2025-09-22 12:18:45,217 - httpcore.http11 - DEBUG - atrace:87 - send_request_body.complete
2025-09-22 12:18:45,217 - httpcore.http11 - DEBUG - atrace:87 - receive_response_headers.started request=<Request [b'GET']>
2025-09-22 12:18:45,426 - httpcore.http11 - DEBUG - atrace:87 - receive_response_headers.complete return_value=(b'HTTP/1.1', 200, b'OK', [(b'Content-Type', b'application/json;odata.metadata=minimal;odata.streaming=true;IEEE754Compatible=false;charset=utf-8'), (b'Date', b'Mon, 22 Sep 2025 06:48:46 GMT'), (b'Server', b'Microsoft-IIS/10.0'), (b'Access-Control-Allow-Headers', b'Accept, Origin, Content-Type, MaxDataServiceVersion'), (b'Access-Control-Allow-Methods', b'GET'), (b'Access-Control-Allow-Origin', b'*'), (b'Access-Control-Expose-Headers', b'DataServiceVersion'), (b'Cache-Control', b'private'), (b'Content-Encoding', b'gzip'), (b'Expires', b'Mon, 22 Sep 2025 06:49:46 GMT'), (b'Transfer-Encoding', b'chunked'), (b'Vary', b'*'), (b'X-Content-Type-Options', b'nosniff'), (b'OData-Version', b'4.0;'), (b'X-AspNet-Version', b'4.0.30319'), (b'X-Powered-By', b'ASP.NET')])
2025-09-22 12:18:45,426 - httpx - INFO - _send_single_request:1740 - HTTP Request: GET https://services.odata.org/V4/Northwind/Northwind.svc/Employees?%24skip=0&%24top=1500 "HTTP/1.1 200 OK"
2025-09-22 12:18:45,426 - httpcore.http11 - DEBUG - atrace:87 - receive_response_body.started request=<Request [b'GET']>
2025-09-22 12:18:45,454 - httpcore.http11 - DEBUG - atrace:87 - receive_response_headers.complete return_value=(b'HTTP/1.1', 200, b'OK', [(b'Content-Length', b'2319'), (b'Content-Type', b'application/json;odata.metadata=minimal;odata.streaming=true;IEEE754Compatible=false;charset=utf-8'), (b'Date', b'Mon, 22 Sep 2025 06:48:46 GMT'), (b'Server', b'Microsoft-IIS/10.0'), (b'Access-Control-Allow-Headers', b'Accept, Origin, Content-Type, MaxDataServiceVersion'), (b'Access-Control-Allow-Methods', b'GET'), (b'Access-Control-Allow-Origin', b'*'), (b'Access-Control-Expose-Headers', b'DataServiceVersion'), (b'Cache-Control', b'private'), (b'Content-Encoding', b'gzip'), (b'Expires', b'Mon, 22 Sep 2025 06:49:47 GMT'), (b'Vary', b'*'), (b'X-Content-Type-Options', b'nosniff'), (b'OData-Version', b'4.0;'), (b'X-AspNet-Version', b'4.0.30319'), (b'X-Powered-By', b'ASP.NET')])
2025-09-22 12:18:45,454 - httpx - INFO - _send_single_request:1740 - HTTP Request: GET https://services.odata.org/V4/Northwind/Northwind.svc/Customers?%24skip=0&%24top=1500 "HTTP/1.1 200 OK"
2025-09-22 12:18:45,461 - httpcore.http11 - DEBUG - atrace:87 - receive_response_body.started request=<Request [b'GET']>
2025-09-22 12:18:45,461 - httpcore.http11 - DEBUG - atrace:87 - receive_response_body.complete
2025-09-22 12:18:45,461 - httpcore.http11 - DEBUG - atrace:87 - response_closed.started
2025-09-22 12:18:45,461 - httpcore.http11 - DEBUG - atrace:87 - response_closed.complete
2025-09-22 12:18:45,461 - workers.proxy_pool - INFO - _make_http_request:187 - [2m2025-09-22T06:48:45.461362Z[0m [[32m[1minfo     [0m] [1m📊 Worker successfully fetched data[0m [[0m[1m[34mworkers.proxy_pool[0m][0m [36mcommand_id[0m=[35mCustomers_page_1[0m [36mentity[0m=[35mCustomers[0m [36mhas_next_page[0m=[35mTrue[0m [36mrecords_in_response[0m=[35m20[0m [36mworker_id[0m=[35mworker_2[0m
2025-09-22 12:18:45,463 - workers.proxy_pool - ERROR - _worker_loop:429 - [2m2025-09-22T06:48:45.463388Z[0m [[31m[1merror    [0m] [1m💥 Unexpected error in worker loop[0m [[0m[1m[34mworkers.proxy_pool[0m][0m [36merror[0m=[35m"name 'metrics' is not defined"[0m [36merror_type[0m=[35mNameError[0m [36mworker_id[0m=[35mworker_2[0m [36mworker_status[0m=[35mERROR[0m
2025-09-22 12:18:45,946 - httpcore.http11 - DEBUG - atrace:87 - receive_response_headers.complete return_value=(b'HTTP/1.1', 200, b'OK', [(b'Content-Length', b'18516'), (b'Content-Type', b'application/json;odata.metadata=minimal;odata.streaming=true;IEEE754Compatible=false;charset=utf-8'), (b'Date', b'Mon, 22 Sep 2025 06:48:46 GMT'), (b'Server', b'Microsoft-IIS/10.0'), (b'Access-Control-Allow-Headers', b'Accept, Origin, Content-Type, MaxDataServiceVersion'), (b'Access-Control-Allow-Methods', b'GET'), (b'Access-Control-Allow-Origin', b'*'), (b'Access-Control-Expose-Headers', b'DataServiceVersion'), (b'Cache-Control', b'private'), (b'Content-Encoding', b'gzip'), (b'Expires', b'Mon, 22 Sep 2025 06:49:47 GMT'), (b'Vary', b'*'), (b'X-Content-Type-Options', b'nosniff'), (b'OData-Version', b'4.0;'), (b'X-AspNet-Version', b'4.0.30319'), (b'X-Powered-By', b'ASP.NET')])
2025-09-22 12:18:45,946 - httpx - INFO - _send_single_request:1740 - HTTP Request: GET https://services.odata.org/V4/Northwind/Northwind.svc/Orders?%24skip=0&%24top=1500 "HTTP/1.1 200 OK"
2025-09-22 12:18:45,946 - httpcore.http11 - DEBUG - atrace:87 - receive_response_body.started request=<Request [b'GET']>
2025-09-22 12:18:45,946 - httpcore.http11 - DEBUG - atrace:87 - receive_response_body.complete
2025-09-22 12:18:45,946 - httpcore.http11 - DEBUG - atrace:87 - response_closed.started
2025-09-22 12:18:45,946 - httpcore.http11 - DEBUG - atrace:87 - response_closed.complete
2025-09-22 12:18:45,946 - workers.proxy_pool - INFO - _make_http_request:187 - [2m2025-09-22T06:48:45.946179Z[0m [[32m[1minfo     [0m] [1m📊 Worker successfully fetched data[0m [[0m[1m[34mworkers.proxy_pool[0m][0m [36mcommand_id[0m=[35mOrders_page_1[0m [36mentity[0m=[35mOrders[0m [36mhas_next_page[0m=[35mTrue[0m [36mrecords_in_response[0m=[35m200[0m [36mworker_id[0m=[35mworker_0[0m
2025-09-22 12:18:45,946 - workers.proxy_pool - ERROR - _worker_loop:429 - [2m2025-09-22T06:48:45.946179Z[0m [[31m[1merror    [0m] [1m💥 Unexpected error in worker loop[0m [[0m[1m[34mworkers.proxy_pool[0m][0m [36merror[0m=[35m"name 'metrics' is not defined"[0m [36merror_type[0m=[35mNameError[0m [36mworker_id[0m=[35mworker_0[0m [36mworker_status[0m=[35mERROR[0m
2025-09-22 12:18:46,071 - httpcore.http11 - DEBUG - atrace:87 - receive_response_body.complete
2025-09-22 12:18:46,071 - httpcore.http11 - DEBUG - atrace:87 - response_closed.started
2025-09-22 12:18:46,071 - httpcore.http11 - DEBUG - atrace:87 - response_closed.complete
2025-09-22 12:18:46,075 - workers.proxy_pool - INFO - _make_http_request:187 - [2m2025-09-22T06:48:46.075652Z[0m [[32m[1minfo     [0m] [1m📊 Worker successfully fetched data[0m [[0m[1m[34mworkers.proxy_pool[0m][0m [36mcommand_id[0m=[35mEmployees_page_1[0m [36mentity[0m=[35mEmployees[0m [36mhas_next_page[0m=[35mFalse[0m [36mrecords_in_response[0m=[35m9[0m [36mworker_id[0m=[35mworker_1[0m
2025-09-22 12:18:46,075 - workers.proxy_pool - ERROR - _worker_loop:429 - [2m2025-09-22T06:48:46.075652Z[0m [[31m[1merror    [0m] [1m💥 Unexpected error in worker loop[0m [[0m[1m[34mworkers.proxy_pool[0m][0m [36merror[0m=[35m"name 'metrics' is not defined"[0m [36merror_type[0m=[35mNameError[0m [36mworker_id[0m=[35mworker_1[0m [36mworker_status[0m=[35mERROR[0m
2025-09-22 12:18:47,314 - connector - INFO - _execution_phase:232 - [2m2025-09-22T06:48:47.314814Z[0m [[32m[1minfo     [0m] [1mExecution phase completed     [0m [[0m[1m[34mconnector[0m][0m
2025-09-22 12:18:47,315 - connector - INFO - _completion_phase:267 - [2m2025-09-22T06:48:47.315561Z[0m [[32m[1minfo     [0m] [1mStarting completion phase     [0m [[0m[1m[34mconnector[0m][0m
2025-09-22 12:18:47,316 - workers.proxy_pool - INFO - stop:331 - [2m2025-09-22T06:48:47.316268Z[0m [[32m[1minfo     [0m] [1mStopping proxy pool           [0m [[0m[1m[34mworkers.proxy_pool[0m][0m
2025-09-22 12:18:47,316 - workers.proxy_pool - INFO - _worker_loop:423 - [2m2025-09-22T06:48:47.316268Z[0m [[32m[1minfo     [0m] [1m🛑 Worker cancelled            [0m [[0m[1m[34mworkers.proxy_pool[0m][0m [36mworker_id[0m=[35mworker_0[0m [36mworker_status[0m=[35mCANCELLED[0m
2025-09-22 12:18:47,316 - workers.proxy_pool - INFO - _worker_loop:437 - [2m2025-09-22T06:48:47.316268Z[0m [[32m[1minfo     [0m] [1m🔴 Worker stopped              [0m [[0m[1m[34mworkers.proxy_pool[0m][0m [36mfinal_stats[0m=[35m{'requests_processed': 10, 'requests_failed': 10, 'requests_retried': 0}[0m [36mworker_id[0m=[35mworker_0[0m [36mworker_status[0m=[35mSTOPPED[0m
2025-09-22 12:18:47,316 - workers.proxy_pool - INFO - _worker_loop:423 - [2m2025-09-22T06:48:47.316268Z[0m [[32m[1minfo     [0m] [1m🛑 Worker cancelled            [0m [[0m[1m[34mworkers.proxy_pool[0m][0m [36mworker_id[0m=[35mworker_1[0m [36mworker_status[0m=[35mCANCELLED[0m
2025-09-22 12:18:47,316 - workers.proxy_pool - INFO - _worker_loop:437 - [2m2025-09-22T06:48:47.316268Z[0m [[32m[1minfo     [0m] [1m🔴 Worker stopped              [0m [[0m[1m[34mworkers.proxy_pool[0m][0m [36mfinal_stats[0m=[35m{'requests_processed': 11, 'requests_failed': 11, 'requests_retried': 0}[0m [36mworker_id[0m=[35mworker_1[0m [36mworker_status[0m=[35mSTOPPED[0m
2025-09-22 12:18:47,316 - workers.proxy_pool - INFO - _worker_loop:423 - [2m2025-09-22T06:48:47.316268Z[0m [[32m[1minfo     [0m] [1m🛑 Worker cancelled            [0m [[0m[1m[34mworkers.proxy_pool[0m][0m [36mworker_id[0m=[35mworker_2[0m [36mworker_status[0m=[35mCANCELLED[0m
2025-09-22 12:18:47,316 - workers.proxy_pool - INFO - _worker_loop:437 - [2m2025-09-22T06:48:47.316268Z[0m [[32m[1minfo     [0m] [1m🔴 Worker stopped              [0m [[0m[1m[34mworkers.proxy_pool[0m][0m [36mfinal_stats[0m=[35m{'requests_processed': 7, 'requests_failed': 7, 'requests_retried': 0}[0m [36mworker_id[0m=[35mworker_2[0m [36mworker_status[0m=[35mSTOPPED[0m
2025-09-22 12:18:47,322 - httpcore.connection - DEBUG - atrace:87 - close.started
2025-09-22 12:18:47,322 - httpcore.connection - DEBUG - atrace:87 - close.complete
2025-09-22 12:18:47,322 - httpcore.connection - DEBUG - atrace:87 - close.started
2025-09-22 12:18:47,323 - httpcore.connection - DEBUG - atrace:87 - close.complete
2025-09-22 12:18:47,323 - httpcore.connection - DEBUG - atrace:87 - close.started
2025-09-22 12:18:47,323 - httpcore.connection - DEBUG - atrace:87 - close.complete
2025-09-22 12:18:47,323 - workers.proxy_pool - INFO - stop:349 - [2m2025-09-22T06:48:47.323244Z[0m [[32m[1minfo     [0m] [1mProxy pool stopped            [0m [[0m[1m[34mworkers.proxy_pool[0m][0m
2025-09-22 12:18:47,323 - connector - INFO - _completion_phase:276 - [2m2025-09-22T06:48:47.323244Z[0m [[32m[1minfo     [0m] [1mCompletion phase finished     [0m [[0m[1m[34mconnector[0m][0m [36mdlq_failures[0m=[35m0[0m
2025-09-22 12:18:47,324 - connector - INFO - run:169 - [2m2025-09-22T06:48:47.324755Z[0m [[32m[1minfo     [0m] [1mConnector execution completed successfully[0m [[0m[1m[34mconnector[0m][0m [36mduration[0m=[35m12.752754[0m [36mentities_processed[0m=[35m0[0m [36mrecords_processed[0m=[35m0[0m
2025-09-22 12:18:47,326 - connector - INFO - _cleanup:417 - [2m2025-09-22T06:48:47.325511Z[0m [[32m[1minfo     [0m] [1mCleaning up connector resources[0m [[0m[1m[34mconnector[0m][0m
2025-09-22 12:18:47,360 - connector - INFO - _push_metrics_to_gateway:409 - [2m2025-09-22T06:48:47.360146Z[0m [[32m[1minfo     [0m] [1mMetrics pushed to Prometheus Push Gateway successfully.[0m [[0m[1m[34mconnector[0m][0m
