2025-09-22 10:07:03,724 - logging_config - INFO - setup_connector_logging:106 - [2m2025-09-22T04:37:03.724739Z[0m [[32m[1minfo     [0m] [1mSAP OData Connector logging configured[0m [[0m[1m[34mlogging_config[0m][0m [36mlog_file[0m=[35mlogs\sap_odata_connector_20250922_100703.log[0m [36mlog_level[0m=[35mINFO[0m [36mlog_to_file[0m=[35mTrue[0m
2025-09-22 10:07:04,310 - asyncio - DEBUG - __init__:634 - Using proactor: IocpProactor
2025-09-22 10:07:04,310 - connector - INFO - initialize:98 - [2m2025-09-22T04:37:04.310258Z[0m [[32m[1minfo     [0m] [1mInitializing SAP OData Connector[0m [[0m[1m[34mconnector[0m][0m
2025-09-22 10:07:04,324 - connector - INFO - initialize:124 - [2m2025-09-22T04:37:04.324495Z[0m [[32m[1minfo     [0m] [1mConnector initialization completed[0m [[0m[1m[34mconnector[0m][0m
2025-09-22 10:07:04,325 - connector - INFO - run:152 - [2m2025-09-22T04:37:04.325427Z[0m [[32m[1minfo     [0m] [1mStarting SAP OData connector execution[0m [[0m[1m[34mconnector[0m][0m
2025-09-22 10:07:04,325 - connector - INFO - _discovery_phase:187 - [2m2025-09-22T04:37:04.325936Z[0m [[32m[1minfo     [0m] [1mStarting discovery phase      [0m [[0m[1m[34mconnector[0m][0m
2025-09-22 10:07:04,697 - services.metadata - INFO - fetch_metadata:64 - [2m2025-09-22T04:37:04.697686Z[0m [[32m[1minfo     [0m] [1mFetching metadata from OData service[0m [[0m[1m[34mservices.metadata[0m][0m [36murl[0m=[35mhttps://services.odata.org/V4/Northwind/Northwind.svc/$metadata[0m
2025-09-22 10:07:04,701 - httpcore.connection - DEBUG - atrace:87 - connect_tcp.started host='services.odata.org' port=443 local_address=None timeout=30 socket_options=None
2025-09-22 10:07:04,980 - httpcore.connection - DEBUG - atrace:87 - connect_tcp.complete return_value=<httpcore._backends.anyio.AnyIOStream object at 0x000001D132652480>
2025-09-22 10:07:04,983 - httpcore.connection - DEBUG - atrace:87 - start_tls.started ssl_context=<ssl.SSLContext object at 0x000001D132639350> server_hostname='services.odata.org' timeout=30
2025-09-22 10:07:05,561 - httpcore.connection - DEBUG - atrace:87 - start_tls.complete return_value=<httpcore._backends.anyio.AnyIOStream object at 0x000001D1310A52E0>
2025-09-22 10:07:05,561 - httpcore.http11 - DEBUG - atrace:87 - send_request_headers.started request=<Request [b'GET']>
2025-09-22 10:07:05,569 - httpcore.http11 - DEBUG - atrace:87 - send_request_headers.complete
2025-09-22 10:07:05,569 - httpcore.http11 - DEBUG - atrace:87 - send_request_body.started request=<Request [b'GET']>
2025-09-22 10:07:05,569 - httpcore.http11 - DEBUG - atrace:87 - send_request_body.complete
2025-09-22 10:07:05,569 - httpcore.http11 - DEBUG - atrace:87 - receive_response_headers.started request=<Request [b'GET']>
2025-09-22 10:07:06,962 - httpcore.http11 - DEBUG - atrace:87 - receive_response_headers.complete return_value=(b'HTTP/1.1', 200, b'OK', [(b'Content-Length', b'19406'), (b'Content-Type', b'application/xml;charset=utf-8'), (b'Date', b'Mon, 22 Sep 2025 04:37:07 GMT'), (b'Server', b'Microsoft-IIS/10.0'), (b'Access-Control-Allow-Headers', b'Accept, Origin, Content-Type, MaxDataServiceVersion'), (b'Access-Control-Allow-Methods', b'GET'), (b'Access-Control-Allow-Origin', b'*'), (b'Access-Control-Expose-Headers', b'DataServiceVersion'), (b'Cache-Control', b'private'), (b'Expires', b'Mon, 22 Sep 2025 04:38:08 GMT'), (b'Vary', b'*'), (b'X-Content-Type-Options', b'nosniff'), (b'OData-Version', b'4.0;'), (b'X-AspNet-Version', b'4.0.30319'), (b'X-Powered-By', b'ASP.NET')])
2025-09-22 10:07:06,962 - httpx - INFO - _send_single_request:1740 - HTTP Request: GET https://services.odata.org/V4/Northwind/Northwind.svc/$metadata "HTTP/1.1 200 OK"
2025-09-22 10:07:06,965 - httpcore.http11 - DEBUG - atrace:87 - receive_response_body.started request=<Request [b'GET']>
2025-09-22 10:07:07,196 - httpcore.http11 - DEBUG - atrace:87 - receive_response_body.complete
2025-09-22 10:07:07,196 - httpcore.http11 - DEBUG - atrace:87 - response_closed.started
2025-09-22 10:07:07,196 - httpcore.http11 - DEBUG - atrace:87 - response_closed.complete
2025-09-22 10:07:07,196 - services.metadata - INFO - fetch_metadata:82 - [2m2025-09-22T04:37:07.196114Z[0m [[32m[1minfo     [0m] [1mSuccessfully parsed metadata  [0m [[0m[1m[34mservices.metadata[0m][0m [36mentity_count[0m=[35m26[0m
2025-09-22 10:07:07,198 - httpcore.connection - DEBUG - atrace:87 - close.started
2025-09-22 10:07:07,199 - httpcore.connection - DEBUG - atrace:87 - close.complete
2025-09-22 10:07:07,493 - services.count - INFO - get_entity_counts:34 - [2m2025-09-22T04:37:07.493759Z[0m [[32m[1minfo     [0m] [1mFetching entity counts        [0m [[0m[1m[34mservices.count[0m][0m [36mentity_count[0m=[35m26[0m
2025-09-22 10:07:07,498 - httpcore.connection - DEBUG - atrace:87 - connect_tcp.started host='services.odata.org' port=443 local_address=None timeout=30 socket_options=None
2025-09-22 10:07:07,498 - httpcore.connection - DEBUG - atrace:87 - connect_tcp.started host='services.odata.org' port=443 local_address=None timeout=30 socket_options=None
2025-09-22 10:07:07,498 - httpcore.connection - DEBUG - atrace:87 - connect_tcp.started host='services.odata.org' port=443 local_address=None timeout=30 socket_options=None
2025-09-22 10:07:07,498 - httpcore.connection - DEBUG - atrace:87 - connect_tcp.started host='services.odata.org' port=443 local_address=None timeout=30 socket_options=None
2025-09-22 10:07:07,498 - httpcore.connection - DEBUG - atrace:87 - connect_tcp.started host='services.odata.org' port=443 local_address=None timeout=30 socket_options=None
2025-09-22 10:07:07,498 - httpcore.connection - DEBUG - atrace:87 - connect_tcp.started host='services.odata.org' port=443 local_address=None timeout=30 socket_options=None
2025-09-22 10:07:07,498 - httpcore.connection - DEBUG - atrace:87 - connect_tcp.started host='services.odata.org' port=443 local_address=None timeout=30 socket_options=None
2025-09-22 10:07:07,498 - httpcore.connection - DEBUG - atrace:87 - connect_tcp.started host='services.odata.org' port=443 local_address=None timeout=30 socket_options=None
2025-09-22 10:07:07,502 - httpcore.connection - DEBUG - atrace:87 - connect_tcp.started host='services.odata.org' port=443 local_address=None timeout=30 socket_options=None
2025-09-22 10:07:07,502 - httpcore.connection - DEBUG - atrace:87 - connect_tcp.started host='services.odata.org' port=443 local_address=None timeout=30 socket_options=None
2025-09-22 10:07:07,502 - httpcore.connection - DEBUG - atrace:87 - connect_tcp.started host='services.odata.org' port=443 local_address=None timeout=30 socket_options=None
2025-09-22 10:07:07,502 - httpcore.connection - DEBUG - atrace:87 - connect_tcp.started host='services.odata.org' port=443 local_address=None timeout=30 socket_options=None
2025-09-22 10:07:07,503 - httpcore.connection - DEBUG - atrace:87 - connect_tcp.started host='services.odata.org' port=443 local_address=None timeout=30 socket_options=None
2025-09-22 10:07:07,503 - httpcore.connection - DEBUG - atrace:87 - connect_tcp.started host='services.odata.org' port=443 local_address=None timeout=30 socket_options=None
2025-09-22 10:07:07,503 - httpcore.connection - DEBUG - atrace:87 - connect_tcp.started host='services.odata.org' port=443 local_address=None timeout=30 socket_options=None
2025-09-22 10:07:07,504 - httpcore.connection - DEBUG - atrace:87 - connect_tcp.started host='services.odata.org' port=443 local_address=None timeout=30 socket_options=None
2025-09-22 10:07:07,504 - httpcore.connection - DEBUG - atrace:87 - connect_tcp.started host='services.odata.org' port=443 local_address=None timeout=30 socket_options=None
2025-09-22 10:07:07,506 - httpcore.connection - DEBUG - atrace:87 - connect_tcp.started host='services.odata.org' port=443 local_address=None timeout=30 socket_options=None
2025-09-22 10:07:07,507 - httpcore.connection - DEBUG - atrace:87 - connect_tcp.started host='services.odata.org' port=443 local_address=None timeout=30 socket_options=None
2025-09-22 10:07:07,507 - httpcore.connection - DEBUG - atrace:87 - connect_tcp.started host='services.odata.org' port=443 local_address=None timeout=30 socket_options=None
2025-09-22 10:07:07,508 - httpcore.connection - DEBUG - atrace:87 - connect_tcp.started host='services.odata.org' port=443 local_address=None timeout=30 socket_options=None
2025-09-22 10:07:07,508 - httpcore.connection - DEBUG - atrace:87 - connect_tcp.started host='services.odata.org' port=443 local_address=None timeout=30 socket_options=None
2025-09-22 10:07:07,510 - httpcore.connection - DEBUG - atrace:87 - connect_tcp.started host='services.odata.org' port=443 local_address=None timeout=30 socket_options=None
2025-09-22 10:07:07,510 - httpcore.connection - DEBUG - atrace:87 - connect_tcp.started host='services.odata.org' port=443 local_address=None timeout=30 socket_options=None
2025-09-22 10:07:07,510 - httpcore.connection - DEBUG - atrace:87 - connect_tcp.started host='services.odata.org' port=443 local_address=None timeout=30 socket_options=None
2025-09-22 10:07:07,510 - httpcore.connection - DEBUG - atrace:87 - connect_tcp.started host='services.odata.org' port=443 local_address=None timeout=30 socket_options=None
2025-09-22 10:07:07,907 - httpcore.connection - DEBUG - atrace:87 - connect_tcp.complete return_value=<httpcore._backends.anyio.AnyIOStream object at 0x000001D13116C800>
2025-09-22 10:07:07,907 - httpcore.connection - DEBUG - atrace:87 - start_tls.started ssl_context=<ssl.SSLContext object at 0x000001D13263B6D0> server_hostname='services.odata.org' timeout=30
2025-09-22 10:07:07,907 - httpcore.connection - DEBUG - atrace:87 - connect_tcp.complete return_value=<httpcore._backends.anyio.AnyIOStream object at 0x000001D13270AF90>
2025-09-22 10:07:07,907 - httpcore.connection - DEBUG - atrace:87 - start_tls.started ssl_context=<ssl.SSLContext object at 0x000001D13263B6D0> server_hostname='services.odata.org' timeout=30
2025-09-22 10:07:07,909 - httpcore.connection - DEBUG - atrace:87 - connect_tcp.complete return_value=<httpcore._backends.anyio.AnyIOStream object at 0x000001D132708260>
2025-09-22 10:07:07,909 - httpcore.connection - DEBUG - atrace:87 - start_tls.started ssl_context=<ssl.SSLContext object at 0x000001D13263B6D0> server_hostname='services.odata.org' timeout=30
2025-09-22 10:07:07,909 - httpcore.connection - DEBUG - atrace:87 - connect_tcp.complete return_value=<httpcore._backends.anyio.AnyIOStream object at 0x000001D1327096D0>
2025-09-22 10:07:07,909 - httpcore.connection - DEBUG - atrace:87 - start_tls.started ssl_context=<ssl.SSLContext object at 0x000001D13263B6D0> server_hostname='services.odata.org' timeout=30
2025-09-22 10:07:07,909 - httpcore.connection - DEBUG - atrace:87 - connect_tcp.complete return_value=<httpcore._backends.anyio.AnyIOStream object at 0x000001D13270A330>
2025-09-22 10:07:07,909 - httpcore.connection - DEBUG - atrace:87 - start_tls.started ssl_context=<ssl.SSLContext object at 0x000001D13263B6D0> server_hostname='services.odata.org' timeout=30
2025-09-22 10:07:07,909 - httpcore.connection - DEBUG - atrace:87 - connect_tcp.complete return_value=<httpcore._backends.anyio.AnyIOStream object at 0x000001D132736390>
2025-09-22 10:07:07,909 - httpcore.connection - DEBUG - atrace:87 - start_tls.started ssl_context=<ssl.SSLContext object at 0x000001D13263B6D0> server_hostname='services.odata.org' timeout=30
2025-09-22 10:07:07,909 - httpcore.connection - DEBUG - atrace:87 - connect_tcp.complete return_value=<httpcore._backends.anyio.AnyIOStream object at 0x000001D132734FE0>
2025-09-22 10:07:07,909 - httpcore.connection - DEBUG - atrace:87 - start_tls.started ssl_context=<ssl.SSLContext object at 0x000001D13263B6D0> server_hostname='services.odata.org' timeout=30
2025-09-22 10:07:07,909 - httpcore.connection - DEBUG - atrace:87 - connect_tcp.complete return_value=<httpcore._backends.anyio.AnyIOStream object at 0x000001D132737DD0>
2025-09-22 10:07:07,909 - httpcore.connection - DEBUG - atrace:87 - start_tls.started ssl_context=<ssl.SSLContext object at 0x000001D13263B6D0> server_hostname='services.odata.org' timeout=30
2025-09-22 10:07:07,909 - httpcore.connection - DEBUG - atrace:87 - connect_tcp.complete return_value=<httpcore._backends.anyio.AnyIOStream object at 0x000001D13278A720>
2025-09-22 10:07:07,909 - httpcore.connection - DEBUG - atrace:87 - start_tls.started ssl_context=<ssl.SSLContext object at 0x000001D13263B6D0> server_hostname='services.odata.org' timeout=30
2025-09-22 10:07:07,909 - httpcore.connection - DEBUG - atrace:87 - connect_tcp.complete return_value=<httpcore._backends.anyio.AnyIOStream object at 0x000001D132708AA0>
2025-09-22 10:07:07,909 - httpcore.connection - DEBUG - atrace:87 - start_tls.started ssl_context=<ssl.SSLContext object at 0x000001D13263B6D0> server_hostname='services.odata.org' timeout=30
2025-09-22 10:07:07,909 - httpcore.connection - DEBUG - atrace:87 - connect_tcp.complete return_value=<httpcore._backends.anyio.AnyIOStream object at 0x000001D13270BBF0>
2025-09-22 10:07:07,909 - httpcore.connection - DEBUG - atrace:87 - start_tls.started ssl_context=<ssl.SSLContext object at 0x000001D13263B6D0> server_hostname='services.odata.org' timeout=30
2025-09-22 10:07:07,909 - httpcore.connection - DEBUG - atrace:87 - connect_tcp.complete return_value=<httpcore._backends.anyio.AnyIOStream object at 0x000001D132788E90>
2025-09-22 10:07:07,909 - httpcore.connection - DEBUG - atrace:87 - start_tls.started ssl_context=<ssl.SSLContext object at 0x000001D13263B6D0> server_hostname='services.odata.org' timeout=30
2025-09-22 10:07:07,909 - httpcore.connection - DEBUG - atrace:87 - connect_tcp.complete return_value=<httpcore._backends.anyio.AnyIOStream object at 0x000001D1323CFBC0>
2025-09-22 10:07:07,916 - httpcore.connection - DEBUG - atrace:87 - start_tls.started ssl_context=<ssl.SSLContext object at 0x000001D13263B6D0> server_hostname='services.odata.org' timeout=30
2025-09-22 10:07:07,916 - httpcore.connection - DEBUG - atrace:87 - connect_tcp.complete return_value=<httpcore._backends.anyio.AnyIOStream object at 0x000001D132737740>
2025-09-22 10:07:07,916 - httpcore.connection - DEBUG - atrace:87 - start_tls.started ssl_context=<ssl.SSLContext object at 0x000001D13263B6D0> server_hostname='services.odata.org' timeout=30
2025-09-22 10:07:07,916 - httpcore.connection - DEBUG - atrace:87 - connect_tcp.complete return_value=<httpcore._backends.anyio.AnyIOStream object at 0x000001D1327342C0>
2025-09-22 10:07:07,916 - httpcore.connection - DEBUG - atrace:87 - start_tls.started ssl_context=<ssl.SSLContext object at 0x000001D13263B6D0> server_hostname='services.odata.org' timeout=30
2025-09-22 10:07:07,916 - httpcore.connection - DEBUG - atrace:87 - connect_tcp.complete return_value=<httpcore._backends.anyio.AnyIOStream object at 0x000001D1326C4FE0>
2025-09-22 10:07:07,916 - httpcore.connection - DEBUG - atrace:87 - start_tls.started ssl_context=<ssl.SSLContext object at 0x000001D13263B6D0> server_hostname='services.odata.org' timeout=30
2025-09-22 10:07:07,916 - httpcore.connection - DEBUG - atrace:87 - connect_tcp.complete return_value=<httpcore._backends.anyio.AnyIOStream object at 0x000001D132709D00>
2025-09-22 10:07:07,916 - httpcore.connection - DEBUG - atrace:87 - start_tls.started ssl_context=<ssl.SSLContext object at 0x000001D13263B6D0> server_hostname='services.odata.org' timeout=30
2025-09-22 10:07:07,916 - httpcore.connection - DEBUG - atrace:87 - connect_tcp.complete return_value=<httpcore._backends.anyio.AnyIOStream object at 0x000001D132735D00>
2025-09-22 10:07:07,916 - httpcore.connection - DEBUG - atrace:87 - start_tls.started ssl_context=<ssl.SSLContext object at 0x000001D13263B6D0> server_hostname='services.odata.org' timeout=30
2025-09-22 10:07:07,916 - httpcore.connection - DEBUG - atrace:87 - connect_tcp.complete return_value=<httpcore._backends.anyio.AnyIOStream object at 0x000001D1327090D0>
2025-09-22 10:07:07,916 - httpcore.connection - DEBUG - atrace:87 - start_tls.started ssl_context=<ssl.SSLContext object at 0x000001D13263B6D0> server_hostname='services.odata.org' timeout=30
2025-09-22 10:07:07,916 - httpcore.connection - DEBUG - atrace:87 - connect_tcp.complete return_value=<httpcore._backends.anyio.AnyIOStream object at 0x000001D132788170>
2025-09-22 10:07:07,916 - httpcore.connection - DEBUG - atrace:87 - start_tls.started ssl_context=<ssl.SSLContext object at 0x000001D13263B6D0> server_hostname='services.odata.org' timeout=30
2025-09-22 10:07:07,916 - httpcore.connection - DEBUG - atrace:87 - connect_tcp.complete return_value=<httpcore._backends.anyio.AnyIOStream object at 0x000001D1327370B0>
2025-09-22 10:07:07,916 - httpcore.connection - DEBUG - atrace:87 - start_tls.started ssl_context=<ssl.SSLContext object at 0x000001D13263B6D0> server_hostname='services.odata.org' timeout=30
2025-09-22 10:07:07,916 - httpcore.connection - DEBUG - atrace:87 - connect_tcp.complete return_value=<httpcore._backends.anyio.AnyIOStream object at 0x000001D13278A5A0>
2025-09-22 10:07:07,916 - httpcore.connection - DEBUG - atrace:87 - start_tls.started ssl_context=<ssl.SSLContext object at 0x000001D13263B6D0> server_hostname='services.odata.org' timeout=30
2025-09-22 10:07:07,916 - httpcore.connection - DEBUG - atrace:87 - connect_tcp.complete return_value=<httpcore._backends.anyio.AnyIOStream object at 0x000001D132735670>
2025-09-22 10:07:07,916 - httpcore.connection - DEBUG - atrace:87 - start_tls.started ssl_context=<ssl.SSLContext object at 0x000001D13263B6D0> server_hostname='services.odata.org' timeout=30
2025-09-22 10:07:07,916 - httpcore.connection - DEBUG - atrace:87 - connect_tcp.complete return_value=<httpcore._backends.anyio.AnyIOStream object at 0x000001D132734950>
2025-09-22 10:07:07,916 - httpcore.connection - DEBUG - atrace:87 - start_tls.started ssl_context=<ssl.SSLContext object at 0x000001D13263B6D0> server_hostname='services.odata.org' timeout=30
2025-09-22 10:07:07,916 - httpcore.connection - DEBUG - atrace:87 - connect_tcp.complete return_value=<httpcore._backends.anyio.AnyIOStream object at 0x000001D13270B590>
2025-09-22 10:07:07,916 - httpcore.connection - DEBUG - atrace:87 - start_tls.started ssl_context=<ssl.SSLContext object at 0x000001D13263B6D0> server_hostname='services.odata.org' timeout=30
2025-09-22 10:07:07,916 - httpcore.connection - DEBUG - atrace:87 - connect_tcp.complete return_value=<httpcore._backends.anyio.AnyIOStream object at 0x000001D132736A20>
2025-09-22 10:07:07,916 - httpcore.connection - DEBUG - atrace:87 - start_tls.started ssl_context=<ssl.SSLContext object at 0x000001D13263B6D0> server_hostname='services.odata.org' timeout=30
2025-09-22 10:07:08,472 - httpcore.connection - DEBUG - atrace:87 - start_tls.complete return_value=<httpcore._backends.anyio.AnyIOStream object at 0x000001D13270B560>
2025-09-22 10:07:08,472 - httpcore.connection - DEBUG - atrace:87 - start_tls.complete return_value=<httpcore._backends.anyio.AnyIOStream object at 0x000001D132653380>
2025-09-22 10:07:08,472 - httpcore.http11 - DEBUG - atrace:87 - send_request_headers.started request=<Request [b'GET']>
2025-09-22 10:07:08,472 - httpcore.http11 - DEBUG - atrace:87 - send_request_headers.started request=<Request [b'GET']>
2025-09-22 10:07:08,500 - httpcore.http11 - DEBUG - atrace:87 - send_request_headers.complete
2025-09-22 10:07:08,500 - httpcore.http11 - DEBUG - atrace:87 - send_request_body.started request=<Request [b'GET']>
2025-09-22 10:07:08,500 - httpcore.http11 - DEBUG - atrace:87 - send_request_body.complete
2025-09-22 10:07:08,500 - httpcore.http11 - DEBUG - atrace:87 - receive_response_headers.started request=<Request [b'GET']>
2025-09-22 10:07:08,500 - httpcore.http11 - DEBUG - atrace:87 - send_request_headers.complete
2025-09-22 10:07:08,500 - httpcore.http11 - DEBUG - atrace:87 - send_request_body.started request=<Request [b'GET']>
2025-09-22 10:07:08,500 - httpcore.http11 - DEBUG - atrace:87 - send_request_body.complete
2025-09-22 10:07:08,500 - httpcore.http11 - DEBUG - atrace:87 - receive_response_headers.started request=<Request [b'GET']>
2025-09-22 10:07:08,500 - httpcore.connection - DEBUG - atrace:87 - start_tls.complete return_value=<httpcore._backends.anyio.AnyIOStream object at 0x000001D132734290>
2025-09-22 10:07:08,500 - httpcore.connection - DEBUG - atrace:87 - start_tls.complete return_value=<httpcore._backends.anyio.AnyIOStream object at 0x000001D132652C90>
2025-09-22 10:07:08,502 - httpcore.connection - DEBUG - atrace:87 - start_tls.complete return_value=<httpcore._backends.anyio.AnyIOStream object at 0x000001D1327885C0>
2025-09-22 10:07:08,502 - httpcore.connection - DEBUG - atrace:87 - start_tls.complete return_value=<httpcore._backends.anyio.AnyIOStream object at 0x000001D132708A40>
2025-09-22 10:07:08,502 - httpcore.connection - DEBUG - atrace:87 - start_tls.complete return_value=<httpcore._backends.anyio.AnyIOStream object at 0x000001D132734920>
2025-09-22 10:07:08,502 - httpcore.http11 - DEBUG - atrace:87 - send_request_headers.started request=<Request [b'GET']>
2025-09-22 10:07:08,502 - httpcore.http11 - DEBUG - atrace:87 - send_request_headers.started request=<Request [b'GET']>
2025-09-22 10:07:08,502 - httpcore.http11 - DEBUG - atrace:87 - send_request_headers.started request=<Request [b'GET']>
2025-09-22 10:07:08,502 - httpcore.http11 - DEBUG - atrace:87 - send_request_headers.started request=<Request [b'GET']>
2025-09-22 10:07:08,502 - httpcore.http11 - DEBUG - atrace:87 - send_request_headers.started request=<Request [b'GET']>
2025-09-22 10:07:08,502 - httpcore.http11 - DEBUG - atrace:87 - send_request_headers.complete
2025-09-22 10:07:08,502 - httpcore.http11 - DEBUG - atrace:87 - send_request_body.started request=<Request [b'GET']>
2025-09-22 10:07:08,502 - httpcore.http11 - DEBUG - atrace:87 - send_request_body.complete
2025-09-22 10:07:08,502 - httpcore.http11 - DEBUG - atrace:87 - receive_response_headers.started request=<Request [b'GET']>
2025-09-22 10:07:08,502 - httpcore.http11 - DEBUG - atrace:87 - send_request_headers.complete
2025-09-22 10:07:08,502 - httpcore.http11 - DEBUG - atrace:87 - send_request_body.started request=<Request [b'GET']>
2025-09-22 10:07:08,502 - httpcore.http11 - DEBUG - atrace:87 - send_request_body.complete
2025-09-22 10:07:08,502 - httpcore.http11 - DEBUG - atrace:87 - receive_response_headers.started request=<Request [b'GET']>
2025-09-22 10:07:08,502 - httpcore.http11 - DEBUG - atrace:87 - send_request_headers.complete
2025-09-22 10:07:08,502 - httpcore.http11 - DEBUG - atrace:87 - send_request_body.started request=<Request [b'GET']>
2025-09-22 10:07:08,504 - httpcore.http11 - DEBUG - atrace:87 - send_request_body.complete
2025-09-22 10:07:08,504 - httpcore.http11 - DEBUG - atrace:87 - receive_response_headers.started request=<Request [b'GET']>
2025-09-22 10:07:08,504 - httpcore.http11 - DEBUG - atrace:87 - send_request_headers.complete
2025-09-22 10:07:08,504 - httpcore.http11 - DEBUG - atrace:87 - send_request_body.started request=<Request [b'GET']>
2025-09-22 10:07:08,504 - httpcore.http11 - DEBUG - atrace:87 - send_request_body.complete
2025-09-22 10:07:08,504 - httpcore.http11 - DEBUG - atrace:87 - receive_response_headers.started request=<Request [b'GET']>
2025-09-22 10:07:08,504 - httpcore.http11 - DEBUG - atrace:87 - send_request_headers.complete
2025-09-22 10:07:08,504 - httpcore.http11 - DEBUG - atrace:87 - send_request_body.started request=<Request [b'GET']>
2025-09-22 10:07:08,504 - httpcore.http11 - DEBUG - atrace:87 - send_request_body.complete
2025-09-22 10:07:08,504 - httpcore.http11 - DEBUG - atrace:87 - receive_response_headers.started request=<Request [b'GET']>
2025-09-22 10:07:08,538 - httpcore.connection - DEBUG - atrace:87 - start_tls.complete return_value=<httpcore._backends.anyio.AnyIOStream object at 0x000001D13276A780>
2025-09-22 10:07:08,538 - httpcore.connection - DEBUG - atrace:87 - start_tls.complete return_value=<httpcore._backends.anyio.AnyIOStream object at 0x000001D1326C60F0>
2025-09-22 10:07:08,538 - httpcore.connection - DEBUG - atrace:87 - start_tls.complete return_value=<httpcore._backends.anyio.AnyIOStream object at 0x000001D132788AA0>
2025-09-22 10:07:08,538 - httpcore.connection - DEBUG - atrace:87 - start_tls.complete return_value=<httpcore._backends.anyio.AnyIOStream object at 0x000001D132709CA0>
2025-09-22 10:07:08,538 - httpcore.connection - DEBUG - atrace:87 - start_tls.complete return_value=<httpcore._backends.anyio.AnyIOStream object at 0x000001D13270A900>
2025-09-22 10:07:08,538 - httpcore.connection - DEBUG - atrace:87 - start_tls.complete return_value=<httpcore._backends.anyio.AnyIOStream object at 0x000001D132708230>
2025-09-22 10:07:08,538 - httpcore.connection - DEBUG - atrace:87 - start_tls.complete return_value=<httpcore._backends.anyio.AnyIOStream object at 0x000001D132735640>
2025-09-22 10:07:08,538 - httpcore.connection - DEBUG - atrace:87 - start_tls.complete return_value=<httpcore._backends.anyio.AnyIOStream object at 0x000001D132737710>
2025-09-22 10:07:08,538 - httpcore.connection - DEBUG - atrace:87 - start_tls.complete return_value=<httpcore._backends.anyio.AnyIOStream object at 0x000001D132736360>
2025-09-22 10:07:08,538 - httpcore.http11 - DEBUG - atrace:87 - send_request_headers.started request=<Request [b'GET']>
2025-09-22 10:07:08,538 - httpcore.http11 - DEBUG - atrace:87 - send_request_headers.started request=<Request [b'GET']>
2025-09-22 10:07:08,542 - httpcore.http11 - DEBUG - atrace:87 - send_request_headers.started request=<Request [b'GET']>
2025-09-22 10:07:08,542 - httpcore.http11 - DEBUG - atrace:87 - send_request_headers.started request=<Request [b'GET']>
2025-09-22 10:07:08,542 - httpcore.http11 - DEBUG - atrace:87 - send_request_headers.started request=<Request [b'GET']>
2025-09-22 10:07:08,542 - httpcore.http11 - DEBUG - atrace:87 - send_request_headers.started request=<Request [b'GET']>
2025-09-22 10:07:08,542 - httpcore.http11 - DEBUG - atrace:87 - send_request_headers.started request=<Request [b'GET']>
2025-09-22 10:07:08,542 - httpcore.http11 - DEBUG - atrace:87 - send_request_headers.started request=<Request [b'GET']>
2025-09-22 10:07:08,542 - httpcore.http11 - DEBUG - atrace:87 - send_request_headers.started request=<Request [b'GET']>
2025-09-22 10:07:08,582 - httpcore.http11 - DEBUG - atrace:87 - send_request_headers.complete
2025-09-22 10:07:08,582 - httpcore.http11 - DEBUG - atrace:87 - send_request_body.started request=<Request [b'GET']>
2025-09-22 10:07:08,582 - httpcore.http11 - DEBUG - atrace:87 - send_request_body.complete
2025-09-22 10:07:08,582 - httpcore.http11 - DEBUG - atrace:87 - receive_response_headers.started request=<Request [b'GET']>
2025-09-22 10:07:08,582 - httpcore.http11 - DEBUG - atrace:87 - send_request_headers.complete
2025-09-22 10:07:08,582 - httpcore.http11 - DEBUG - atrace:87 - send_request_body.started request=<Request [b'GET']>
2025-09-22 10:07:08,582 - httpcore.http11 - DEBUG - atrace:87 - send_request_body.complete
2025-09-22 10:07:08,582 - httpcore.http11 - DEBUG - atrace:87 - receive_response_headers.started request=<Request [b'GET']>
2025-09-22 10:07:08,582 - httpcore.http11 - DEBUG - atrace:87 - send_request_headers.complete
2025-09-22 10:07:08,582 - httpcore.http11 - DEBUG - atrace:87 - send_request_body.started request=<Request [b'GET']>
2025-09-22 10:07:08,582 - httpcore.http11 - DEBUG - atrace:87 - send_request_body.complete
2025-09-22 10:07:08,582 - httpcore.http11 - DEBUG - atrace:87 - receive_response_headers.started request=<Request [b'GET']>
2025-09-22 10:07:08,582 - httpcore.http11 - DEBUG - atrace:87 - send_request_headers.complete
2025-09-22 10:07:08,582 - httpcore.http11 - DEBUG - atrace:87 - send_request_body.started request=<Request [b'GET']>
2025-09-22 10:07:08,582 - httpcore.http11 - DEBUG - atrace:87 - send_request_body.complete
2025-09-22 10:07:08,582 - httpcore.http11 - DEBUG - atrace:87 - receive_response_headers.started request=<Request [b'GET']>
2025-09-22 10:07:08,582 - httpcore.http11 - DEBUG - atrace:87 - send_request_headers.complete
2025-09-22 10:07:08,585 - httpcore.http11 - DEBUG - atrace:87 - send_request_body.started request=<Request [b'GET']>
2025-09-22 10:07:08,585 - httpcore.http11 - DEBUG - atrace:87 - send_request_body.complete
2025-09-22 10:07:08,585 - httpcore.http11 - DEBUG - atrace:87 - receive_response_headers.started request=<Request [b'GET']>
2025-09-22 10:07:08,585 - httpcore.http11 - DEBUG - atrace:87 - send_request_headers.complete
2025-09-22 10:07:08,585 - httpcore.http11 - DEBUG - atrace:87 - send_request_body.started request=<Request [b'GET']>
2025-09-22 10:07:08,585 - httpcore.http11 - DEBUG - atrace:87 - send_request_body.complete
2025-09-22 10:07:08,585 - httpcore.http11 - DEBUG - atrace:87 - receive_response_headers.started request=<Request [b'GET']>
2025-09-22 10:07:08,585 - httpcore.http11 - DEBUG - atrace:87 - send_request_headers.complete
2025-09-22 10:07:08,585 - httpcore.http11 - DEBUG - atrace:87 - send_request_body.started request=<Request [b'GET']>
2025-09-22 10:07:08,585 - httpcore.http11 - DEBUG - atrace:87 - send_request_body.complete
2025-09-22 10:07:08,585 - httpcore.http11 - DEBUG - atrace:87 - receive_response_headers.started request=<Request [b'GET']>
2025-09-22 10:07:08,585 - httpcore.http11 - DEBUG - atrace:87 - send_request_headers.complete
2025-09-22 10:07:08,585 - httpcore.http11 - DEBUG - atrace:87 - send_request_body.started request=<Request [b'GET']>
2025-09-22 10:07:08,585 - httpcore.http11 - DEBUG - atrace:87 - send_request_body.complete
2025-09-22 10:07:08,585 - httpcore.http11 - DEBUG - atrace:87 - receive_response_headers.started request=<Request [b'GET']>
2025-09-22 10:07:08,585 - httpcore.http11 - DEBUG - atrace:87 - send_request_headers.complete
2025-09-22 10:07:08,585 - httpcore.http11 - DEBUG - atrace:87 - send_request_body.started request=<Request [b'GET']>
2025-09-22 10:07:08,585 - httpcore.http11 - DEBUG - atrace:87 - send_request_body.complete
2025-09-22 10:07:08,585 - httpcore.http11 - DEBUG - atrace:87 - receive_response_headers.started request=<Request [b'GET']>
2025-09-22 10:07:08,585 - httpcore.connection - DEBUG - atrace:87 - start_tls.complete return_value=<httpcore._backends.anyio.AnyIOStream object at 0x000001D132737DA0>
2025-09-22 10:07:08,585 - httpcore.connection - DEBUG - atrace:87 - start_tls.complete return_value=<httpcore._backends.anyio.AnyIOStream object at 0x000001D132735CD0>
2025-09-22 10:07:08,585 - httpcore.connection - DEBUG - atrace:87 - start_tls.complete return_value=<httpcore._backends.anyio.AnyIOStream object at 0x000001D13270A2D0>
2025-09-22 10:07:08,585 - httpcore.connection - DEBUG - atrace:87 - start_tls.complete return_value=<httpcore._backends.anyio.AnyIOStream object at 0x000001D13270BBC0>
2025-09-22 10:07:08,585 - httpcore.connection - DEBUG - atrace:87 - start_tls.complete return_value=<httpcore._backends.anyio.AnyIOStream object at 0x000001D132734FB0>
2025-09-22 10:07:08,585 - httpcore.connection - DEBUG - atrace:87 - start_tls.complete return_value=<httpcore._backends.anyio.AnyIOStream object at 0x000001D132709670>
2025-09-22 10:07:08,585 - httpcore.connection - DEBUG - atrace:87 - start_tls.complete return_value=<httpcore._backends.anyio.AnyIOStream object at 0x000001D13270AF30>
2025-09-22 10:07:08,585 - httpcore.connection - DEBUG - atrace:87 - start_tls.complete return_value=<httpcore._backends.anyio.AnyIOStream object at 0x000001D132737080>
2025-09-22 10:07:08,585 - httpcore.connection - DEBUG - atrace:87 - start_tls.complete return_value=<httpcore._backends.anyio.AnyIOStream object at 0x000001D1327369F0>
2025-09-22 10:07:08,587 - httpcore.connection - DEBUG - atrace:87 - start_tls.complete return_value=<httpcore._backends.anyio.AnyIOStream object at 0x000001D132709070>
2025-09-22 10:07:08,587 - httpcore.http11 - DEBUG - atrace:87 - send_request_headers.started request=<Request [b'GET']>
2025-09-22 10:07:08,587 - httpcore.http11 - DEBUG - atrace:87 - send_request_headers.started request=<Request [b'GET']>
2025-09-22 10:07:08,587 - httpcore.http11 - DEBUG - atrace:87 - send_request_headers.started request=<Request [b'GET']>
2025-09-22 10:07:08,587 - httpcore.http11 - DEBUG - atrace:87 - send_request_headers.started request=<Request [b'GET']>
2025-09-22 10:07:08,587 - httpcore.http11 - DEBUG - atrace:87 - send_request_headers.started request=<Request [b'GET']>
2025-09-22 10:07:08,587 - httpcore.http11 - DEBUG - atrace:87 - send_request_headers.started request=<Request [b'GET']>
2025-09-22 10:07:08,587 - httpcore.http11 - DEBUG - atrace:87 - send_request_headers.started request=<Request [b'GET']>
2025-09-22 10:07:08,587 - httpcore.http11 - DEBUG - atrace:87 - send_request_headers.started request=<Request [b'GET']>
2025-09-22 10:07:08,587 - httpcore.http11 - DEBUG - atrace:87 - send_request_headers.started request=<Request [b'GET']>
2025-09-22 10:07:08,587 - httpcore.http11 - DEBUG - atrace:87 - send_request_headers.started request=<Request [b'GET']>
2025-09-22 10:07:08,587 - httpcore.http11 - DEBUG - atrace:87 - send_request_headers.complete
2025-09-22 10:07:08,587 - httpcore.http11 - DEBUG - atrace:87 - send_request_body.started request=<Request [b'GET']>
2025-09-22 10:07:08,587 - httpcore.http11 - DEBUG - atrace:87 - send_request_body.complete
2025-09-22 10:07:08,587 - httpcore.http11 - DEBUG - atrace:87 - receive_response_headers.started request=<Request [b'GET']>
2025-09-22 10:07:08,587 - httpcore.http11 - DEBUG - atrace:87 - send_request_headers.complete
2025-09-22 10:07:08,587 - httpcore.http11 - DEBUG - atrace:87 - send_request_body.started request=<Request [b'GET']>
2025-09-22 10:07:08,587 - httpcore.http11 - DEBUG - atrace:87 - send_request_body.complete
2025-09-22 10:07:08,587 - httpcore.http11 - DEBUG - atrace:87 - receive_response_headers.started request=<Request [b'GET']>
2025-09-22 10:07:08,587 - httpcore.http11 - DEBUG - atrace:87 - send_request_headers.complete
2025-09-22 10:07:08,587 - httpcore.http11 - DEBUG - atrace:87 - send_request_body.started request=<Request [b'GET']>
2025-09-22 10:07:08,587 - httpcore.http11 - DEBUG - atrace:87 - send_request_body.complete
2025-09-22 10:07:08,587 - httpcore.http11 - DEBUG - atrace:87 - receive_response_headers.started request=<Request [b'GET']>
2025-09-22 10:07:08,587 - httpcore.http11 - DEBUG - atrace:87 - send_request_headers.complete
2025-09-22 10:07:08,587 - httpcore.http11 - DEBUG - atrace:87 - send_request_body.started request=<Request [b'GET']>
2025-09-22 10:07:08,587 - httpcore.http11 - DEBUG - atrace:87 - send_request_body.complete
2025-09-22 10:07:08,589 - httpcore.http11 - DEBUG - atrace:87 - receive_response_headers.started request=<Request [b'GET']>
2025-09-22 10:07:08,589 - httpcore.http11 - DEBUG - atrace:87 - send_request_headers.complete
2025-09-22 10:07:08,589 - httpcore.http11 - DEBUG - atrace:87 - send_request_body.started request=<Request [b'GET']>
2025-09-22 10:07:08,589 - httpcore.http11 - DEBUG - atrace:87 - send_request_body.complete
2025-09-22 10:07:08,589 - httpcore.http11 - DEBUG - atrace:87 - receive_response_headers.started request=<Request [b'GET']>
2025-09-22 10:07:08,589 - httpcore.http11 - DEBUG - atrace:87 - send_request_headers.complete
2025-09-22 10:07:08,589 - httpcore.http11 - DEBUG - atrace:87 - send_request_body.started request=<Request [b'GET']>
2025-09-22 10:07:08,589 - httpcore.http11 - DEBUG - atrace:87 - send_request_body.complete
2025-09-22 10:07:08,589 - httpcore.http11 - DEBUG - atrace:87 - receive_response_headers.started request=<Request [b'GET']>
2025-09-22 10:07:08,589 - httpcore.http11 - DEBUG - atrace:87 - send_request_headers.complete
2025-09-22 10:07:08,589 - httpcore.http11 - DEBUG - atrace:87 - send_request_body.started request=<Request [b'GET']>
2025-09-22 10:07:08,589 - httpcore.http11 - DEBUG - atrace:87 - send_request_body.complete
2025-09-22 10:07:08,589 - httpcore.http11 - DEBUG - atrace:87 - receive_response_headers.started request=<Request [b'GET']>
2025-09-22 10:07:08,589 - httpcore.http11 - DEBUG - atrace:87 - send_request_headers.complete
2025-09-22 10:07:08,589 - httpcore.http11 - DEBUG - atrace:87 - send_request_body.started request=<Request [b'GET']>
2025-09-22 10:07:08,589 - httpcore.http11 - DEBUG - atrace:87 - send_request_body.complete
2025-09-22 10:07:08,589 - httpcore.http11 - DEBUG - atrace:87 - receive_response_headers.started request=<Request [b'GET']>
2025-09-22 10:07:08,589 - httpcore.http11 - DEBUG - atrace:87 - send_request_headers.complete
2025-09-22 10:07:08,589 - httpcore.http11 - DEBUG - atrace:87 - send_request_body.started request=<Request [b'GET']>
2025-09-22 10:07:08,589 - httpcore.http11 - DEBUG - atrace:87 - send_request_body.complete
2025-09-22 10:07:08,589 - httpcore.http11 - DEBUG - atrace:87 - receive_response_headers.started request=<Request [b'GET']>
2025-09-22 10:07:08,589 - httpcore.http11 - DEBUG - atrace:87 - send_request_headers.complete
2025-09-22 10:07:08,589 - httpcore.http11 - DEBUG - atrace:87 - send_request_body.started request=<Request [b'GET']>
2025-09-22 10:07:08,589 - httpcore.http11 - DEBUG - atrace:87 - send_request_body.complete
2025-09-22 10:07:08,589 - httpcore.http11 - DEBUG - atrace:87 - receive_response_headers.started request=<Request [b'GET']>
2025-09-22 10:07:08,743 - httpcore.http11 - DEBUG - atrace:87 - receive_response_headers.complete return_value=(b'HTTP/1.1', 200, b'OK', [(b'Content-Length', b'120'), (b'Content-Type', b'text/plain;charset=utf-8'), (b'Date', b'Mon, 22 Sep 2025 04:37:09 GMT'), (b'Server', b'Microsoft-IIS/10.0'), (b'Access-Control-Allow-Headers', b'Accept, Origin, Content-Type, MaxDataServiceVersion'), (b'Access-Control-Allow-Methods', b'GET'), (b'Access-Control-Allow-Origin', b'*'), (b'Access-Control-Expose-Headers', b'DataServiceVersion'), (b'Cache-Control', b'private'), (b'Content-Encoding', b'gzip'), (b'Expires', b'Mon, 22 Sep 2025 04:38:10 GMT'), (b'Vary', b'*'), (b'X-Content-Type-Options', b'nosniff'), (b'OData-Version', b'4.0;'), (b'X-AspNet-Version', b'4.0.30319'), (b'X-Powered-By', b'ASP.NET')])
2025-09-22 10:07:08,746 - httpx - INFO - _send_single_request:1740 - HTTP Request: GET https://services.odata.org/V4/Northwind/Northwind.svc/Shippers/$count "HTTP/1.1 200 OK"
2025-09-22 10:07:08,746 - httpcore.http11 - DEBUG - atrace:87 - receive_response_body.started request=<Request [b'GET']>
2025-09-22 10:07:08,746 - httpcore.http11 - DEBUG - atrace:87 - receive_response_body.complete
2025-09-22 10:07:08,746 - httpcore.http11 - DEBUG - atrace:87 - response_closed.started
2025-09-22 10:07:08,746 - httpcore.http11 - DEBUG - atrace:87 - response_closed.complete
2025-09-22 10:07:08,746 - httpcore.connection - DEBUG - atrace:87 - close.started
2025-09-22 10:07:08,748 - httpcore.connection - DEBUG - atrace:87 - close.complete
2025-09-22 10:07:08,769 - httpcore.http11 - DEBUG - atrace:87 - receive_response_headers.complete return_value=(b'HTTP/1.1', 200, b'OK', [(b'Content-Length', b'121'), (b'Content-Type', b'text/plain;charset=utf-8'), (b'Date', b'Mon, 22 Sep 2025 04:37:09 GMT'), (b'Server', b'Microsoft-IIS/10.0'), (b'Access-Control-Allow-Headers', b'Accept, Origin, Content-Type, MaxDataServiceVersion'), (b'Access-Control-Allow-Methods', b'GET'), (b'Access-Control-Allow-Origin', b'*'), (b'Access-Control-Expose-Headers', b'DataServiceVersion'), (b'Cache-Control', b'private'), (b'Content-Encoding', b'gzip'), (b'Expires', b'Mon, 22 Sep 2025 04:38:10 GMT'), (b'Vary', b'*'), (b'X-Content-Type-Options', b'nosniff'), (b'OData-Version', b'4.0;'), (b'X-AspNet-Version', b'4.0.30319'), (b'X-Powered-By', b'ASP.NET')])
2025-09-22 10:07:08,769 - httpx - INFO - _send_single_request:1740 - HTTP Request: GET https://services.odata.org/V4/Northwind/Northwind.svc/Products_Above_Average_Prices/$count "HTTP/1.1 200 OK"
2025-09-22 10:07:08,769 - httpcore.http11 - DEBUG - atrace:87 - receive_response_body.started request=<Request [b'GET']>
2025-09-22 10:07:08,769 - httpcore.http11 - DEBUG - atrace:87 - receive_response_body.complete
2025-09-22 10:07:08,769 - httpcore.http11 - DEBUG - atrace:87 - response_closed.started
2025-09-22 10:07:08,769 - httpcore.http11 - DEBUG - atrace:87 - response_closed.complete
2025-09-22 10:07:08,772 - httpcore.connection - DEBUG - atrace:87 - close.started
2025-09-22 10:07:08,772 - httpcore.connection - DEBUG - atrace:87 - close.complete
2025-09-22 10:07:08,877 - httpcore.http11 - DEBUG - atrace:87 - receive_response_headers.complete return_value=(b'HTTP/1.1', 200, b'OK', [(b'Content-Length', b'122'), (b'Content-Type', b'text/plain;charset=utf-8'), (b'Date', b'Mon, 22 Sep 2025 04:37:09 GMT'), (b'Server', b'Microsoft-IIS/10.0'), (b'Access-Control-Allow-Headers', b'Accept, Origin, Content-Type, MaxDataServiceVersion'), (b'Access-Control-Allow-Methods', b'GET'), (b'Access-Control-Allow-Origin', b'*'), (b'Access-Control-Expose-Headers', b'DataServiceVersion'), (b'Cache-Control', b'private'), (b'Content-Encoding', b'gzip'), (b'Expires', b'Mon, 22 Sep 2025 04:38:10 GMT'), (b'Vary', b'*'), (b'X-Content-Type-Options', b'nosniff'), (b'OData-Version', b'4.0;'), (b'X-AspNet-Version', b'4.0.30319'), (b'X-Powered-By', b'ASP.NET')])
2025-09-22 10:07:08,878 - httpx - INFO - _send_single_request:1740 - HTTP Request: GET https://services.odata.org/V4/Northwind/Northwind.svc/Sales_by_Categories/$count "HTTP/1.1 200 OK"
2025-09-22 10:07:08,879 - httpcore.http11 - DEBUG - atrace:87 - receive_response_body.started request=<Request [b'GET']>
2025-09-22 10:07:08,880 - httpcore.http11 - DEBUG - atrace:87 - receive_response_body.complete
2025-09-22 10:07:08,880 - httpcore.http11 - DEBUG - atrace:87 - response_closed.started
2025-09-22 10:07:08,880 - httpcore.http11 - DEBUG - atrace:87 - response_closed.complete
2025-09-22 10:07:08,880 - httpcore.connection - DEBUG - atrace:87 - close.started
2025-09-22 10:07:08,880 - httpcore.connection - DEBUG - atrace:87 - close.complete
2025-09-22 10:07:09,334 - httpcore.http11 - DEBUG - atrace:87 - receive_response_headers.complete return_value=(b'HTTP/1.1', 200, b'OK', [(b'Content-Length', b'122'), (b'Content-Type', b'text/plain;charset=utf-8'), (b'Date', b'Mon, 22 Sep 2025 04:37:10 GMT'), (b'Server', b'Microsoft-IIS/10.0'), (b'Access-Control-Allow-Headers', b'Accept, Origin, Content-Type, MaxDataServiceVersion'), (b'Access-Control-Allow-Methods', b'GET'), (b'Access-Control-Allow-Origin', b'*'), (b'Access-Control-Expose-Headers', b'DataServiceVersion'), (b'Cache-Control', b'private'), (b'Content-Encoding', b'gzip'), (b'Expires', b'Mon, 22 Sep 2025 04:38:10 GMT'), (b'Vary', b'*'), (b'X-Content-Type-Options', b'nosniff'), (b'OData-Version', b'4.0;'), (b'X-AspNet-Version', b'4.0.30319'), (b'X-Powered-By', b'ASP.NET')])
2025-09-22 10:07:09,334 - httpx - INFO - _send_single_request:1740 - HTTP Request: GET https://services.odata.org/V4/Northwind/Northwind.svc/Alphabetical_list_of_products/$count "HTTP/1.1 200 OK"
2025-09-22 10:07:09,338 - httpcore.http11 - DEBUG - atrace:87 - receive_response_body.started request=<Request [b'GET']>
2025-09-22 10:07:09,338 - httpcore.http11 - DEBUG - atrace:87 - receive_response_body.complete
2025-09-22 10:07:09,338 - httpcore.http11 - DEBUG - atrace:87 - response_closed.started
2025-09-22 10:07:09,338 - httpcore.http11 - DEBUG - atrace:87 - response_closed.complete
2025-09-22 10:07:09,338 - httpcore.connection - DEBUG - atrace:87 - close.started
2025-09-22 10:07:09,338 - httpcore.connection - DEBUG - atrace:87 - close.complete
2025-09-22 10:07:09,355 - httpcore.http11 - DEBUG - atrace:87 - receive_response_headers.complete return_value=(b'HTTP/1.1', 200, b'OK', [(b'Content-Length', b'124'), (b'Content-Type', b'text/plain;charset=utf-8'), (b'Date', b'Mon, 22 Sep 2025 04:37:10 GMT'), (b'Server', b'Microsoft-IIS/10.0'), (b'Access-Control-Allow-Headers', b'Accept, Origin, Content-Type, MaxDataServiceVersion'), (b'Access-Control-Allow-Methods', b'GET'), (b'Access-Control-Allow-Origin', b'*'), (b'Access-Control-Expose-Headers', b'DataServiceVersion'), (b'Cache-Control', b'private'), (b'Content-Encoding', b'gzip'), (b'Expires', b'Mon, 22 Sep 2025 04:38:10 GMT'), (b'Vary', b'*'), (b'X-Content-Type-Options', b'nosniff'), (b'OData-Version', b'4.0;'), (b'X-AspNet-Version', b'4.0.30319'), (b'X-Powered-By', b'ASP.NET')])
2025-09-22 10:07:09,355 - httpx - INFO - _send_single_request:1740 - HTTP Request: GET https://services.odata.org/V4/Northwind/Northwind.svc/Order_Details_Extendeds/$count "HTTP/1.1 200 OK"
2025-09-22 10:07:09,355 - httpcore.http11 - DEBUG - atrace:87 - receive_response_body.started request=<Request [b'GET']>
2025-09-22 10:07:09,355 - httpcore.http11 - DEBUG - atrace:87 - receive_response_body.complete
2025-09-22 10:07:09,360 - httpcore.http11 - DEBUG - atrace:87 - response_closed.started
2025-09-22 10:07:09,360 - httpcore.http11 - DEBUG - atrace:87 - response_closed.complete
2025-09-22 10:07:09,360 - httpcore.connection - DEBUG - atrace:87 - close.started
2025-09-22 10:07:09,361 - httpcore.connection - DEBUG - atrace:87 - close.complete
2025-09-22 10:07:09,399 - httpcore.http11 - DEBUG - atrace:87 - receive_response_headers.complete return_value=(b'HTTP/1.1', 200, b'OK', [(b'Content-Length', b'124'), (b'Content-Type', b'text/plain;charset=utf-8'), (b'Date', b'Mon, 22 Sep 2025 04:37:10 GMT'), (b'Server', b'Microsoft-IIS/10.0'), (b'Access-Control-Allow-Headers', b'Accept, Origin, Content-Type, MaxDataServiceVersion'), (b'Access-Control-Allow-Methods', b'GET'), (b'Access-Control-Allow-Origin', b'*'), (b'Access-Control-Expose-Headers', b'DataServiceVersion'), (b'Cache-Control', b'private'), (b'Content-Encoding', b'gzip'), (b'Expires', b'Mon, 22 Sep 2025 04:38:10 GMT'), (b'Vary', b'*'), (b'X-Content-Type-Options', b'nosniff'), (b'OData-Version', b'4.0;'), (b'X-AspNet-Version', b'4.0.30319'), (b'X-Powered-By', b'ASP.NET')])
2025-09-22 10:07:09,399 - httpx - INFO - _send_single_request:1740 - HTTP Request: GET https://services.odata.org/V4/Northwind/Northwind.svc/Invoices/$count "HTTP/1.1 200 OK"
2025-09-22 10:07:09,401 - httpcore.http11 - DEBUG - atrace:87 - receive_response_body.started request=<Request [b'GET']>
2025-09-22 10:07:09,401 - httpcore.http11 - DEBUG - atrace:87 - receive_response_body.complete
2025-09-22 10:07:09,401 - httpcore.http11 - DEBUG - atrace:87 - response_closed.started
2025-09-22 10:07:09,401 - httpcore.http11 - DEBUG - atrace:87 - response_closed.complete
2025-09-22 10:07:09,401 - httpcore.connection - DEBUG - atrace:87 - close.started
2025-09-22 10:07:09,401 - httpcore.connection - DEBUG - atrace:87 - close.complete
2025-09-22 10:07:09,850 - httpcore.http11 - DEBUG - atrace:87 - receive_response_headers.complete return_value=(b'HTTP/1.1', 200, b'OK', [(b'Content-Length', b'122'), (b'Content-Type', b'text/plain;charset=utf-8'), (b'Date', b'Mon, 22 Sep 2025 04:37:10 GMT'), (b'Server', b'Microsoft-IIS/10.0'), (b'Access-Control-Allow-Headers', b'Accept, Origin, Content-Type, MaxDataServiceVersion'), (b'Access-Control-Allow-Methods', b'GET'), (b'Access-Control-Allow-Origin', b'*'), (b'Access-Control-Expose-Headers', b'DataServiceVersion'), (b'Cache-Control', b'private'), (b'Content-Encoding', b'gzip'), (b'Expires', b'Mon, 22 Sep 2025 04:38:10 GMT'), (b'Vary', b'*'), (b'X-Content-Type-Options', b'nosniff'), (b'OData-Version', b'4.0;'), (b'X-AspNet-Version', b'4.0.30319'), (b'X-Powered-By', b'ASP.NET')])
2025-09-22 10:07:09,850 - httpx - INFO - _send_single_request:1740 - HTTP Request: GET https://services.odata.org/V4/Northwind/Northwind.svc/Summary_of_Sales_by_Years/$count "HTTP/1.1 200 OK"
2025-09-22 10:07:09,850 - httpcore.http11 - DEBUG - atrace:87 - receive_response_body.started request=<Request [b'GET']>
2025-09-22 10:07:09,850 - httpcore.http11 - DEBUG - atrace:87 - receive_response_body.complete
2025-09-22 10:07:09,850 - httpcore.http11 - DEBUG - atrace:87 - response_closed.started
2025-09-22 10:07:09,850 - httpcore.http11 - DEBUG - atrace:87 - response_closed.complete
2025-09-22 10:07:09,868 - httpcore.http11 - DEBUG - atrace:87 - receive_response_headers.complete return_value=(b'HTTP/1.1', 200, b'OK', [(b'Content-Length', b'120'), (b'Content-Type', b'text/plain;charset=utf-8'), (b'Date', b'Mon, 22 Sep 2025 04:37:10 GMT'), (b'Server', b'Microsoft-IIS/10.0'), (b'Access-Control-Allow-Headers', b'Accept, Origin, Content-Type, MaxDataServiceVersion'), (b'Access-Control-Allow-Methods', b'GET'), (b'Access-Control-Allow-Origin', b'*'), (b'Access-Control-Expose-Headers', b'DataServiceVersion'), (b'Cache-Control', b'private'), (b'Content-Encoding', b'gzip'), (b'Expires', b'Mon, 22 Sep 2025 04:38:10 GMT'), (b'Vary', b'*'), (b'X-Content-Type-Options', b'nosniff'), (b'OData-Version', b'4.0;'), (b'X-AspNet-Version', b'4.0.30319'), (b'X-Powered-By', b'ASP.NET')])
2025-09-22 10:07:09,869 - httpx - INFO - _send_single_request:1740 - HTTP Request: GET https://services.odata.org/V4/Northwind/Northwind.svc/Categories/$count "HTTP/1.1 200 OK"
2025-09-22 10:07:09,869 - httpcore.http11 - DEBUG - atrace:87 - receive_response_body.started request=<Request [b'GET']>
2025-09-22 10:07:09,869 - httpcore.http11 - DEBUG - atrace:87 - receive_response_body.complete
2025-09-22 10:07:09,869 - httpcore.http11 - DEBUG - atrace:87 - response_closed.started
2025-09-22 10:07:09,869 - httpcore.http11 - DEBUG - atrace:87 - response_closed.complete
2025-09-22 10:07:09,897 - httpcore.http11 - DEBUG - atrace:87 - receive_response_headers.complete return_value=(b'HTTP/1.1', 200, b'OK', [(b'Content-Length', b'121'), (b'Content-Type', b'text/plain;charset=utf-8'), (b'Date', b'Mon, 22 Sep 2025 04:37:10 GMT'), (b'Server', b'Microsoft-IIS/10.0'), (b'Access-Control-Allow-Headers', b'Accept, Origin, Content-Type, MaxDataServiceVersion'), (b'Access-Control-Allow-Methods', b'GET'), (b'Access-Control-Allow-Origin', b'*'), (b'Access-Control-Expose-Headers', b'DataServiceVersion'), (b'Cache-Control', b'private'), (b'Content-Encoding', b'gzip'), (b'Expires', b'Mon, 22 Sep 2025 04:38:10 GMT'), (b'Vary', b'*'), (b'X-Content-Type-Options', b'nosniff'), (b'OData-Version', b'4.0;'), (b'X-AspNet-Version', b'4.0.30319'), (b'X-Powered-By', b'ASP.NET')])
2025-09-22 10:07:09,897 - httpx - INFO - _send_single_request:1740 - HTTP Request: GET https://services.odata.org/V4/Northwind/Northwind.svc/Customers/$count "HTTP/1.1 200 OK"
2025-09-22 10:07:09,897 - httpcore.http11 - DEBUG - atrace:87 - receive_response_body.started request=<Request [b'GET']>
2025-09-22 10:07:09,897 - httpcore.http11 - DEBUG - atrace:87 - receive_response_body.complete
2025-09-22 10:07:09,897 - httpcore.http11 - DEBUG - atrace:87 - response_closed.started
2025-09-22 10:07:09,897 - httpcore.http11 - DEBUG - atrace:87 - response_closed.complete
2025-09-22 10:07:10,354 - httpcore.http11 - DEBUG - atrace:87 - receive_response_headers.complete return_value=(b'HTTP/1.1', 200, b'OK', [(b'Content-Length', b'120'), (b'Content-Type', b'text/plain;charset=utf-8'), (b'Date', b'Mon, 22 Sep 2025 04:37:12 GMT'), (b'Server', b'Microsoft-IIS/10.0'), (b'Access-Control-Allow-Headers', b'Accept, Origin, Content-Type, MaxDataServiceVersion'), (b'Access-Control-Allow-Methods', b'GET'), (b'Access-Control-Allow-Origin', b'*'), (b'Access-Control-Expose-Headers', b'DataServiceVersion'), (b'Cache-Control', b'private'), (b'Content-Encoding', b'gzip'), (b'Expires', b'Mon, 22 Sep 2025 04:38:10 GMT'), (b'Vary', b'*'), (b'X-Content-Type-Options', b'nosniff'), (b'OData-Version', b'4.0;'), (b'X-AspNet-Version', b'4.0.30319'), (b'X-Powered-By', b'ASP.NET')])
2025-09-22 10:07:10,354 - httpx - INFO - _send_single_request:1740 - HTTP Request: GET https://services.odata.org/V4/Northwind/Northwind.svc/CustomerDemographics/$count "HTTP/1.1 200 OK"
2025-09-22 10:07:10,354 - httpcore.http11 - DEBUG - atrace:87 - receive_response_body.started request=<Request [b'GET']>
2025-09-22 10:07:10,354 - httpcore.http11 - DEBUG - atrace:87 - receive_response_body.complete
2025-09-22 10:07:10,354 - httpcore.http11 - DEBUG - atrace:87 - response_closed.started
2025-09-22 10:07:10,354 - httpcore.http11 - DEBUG - atrace:87 - response_closed.complete
2025-09-22 10:07:10,389 - httpcore.http11 - DEBUG - atrace:87 - receive_response_headers.complete return_value=(b'HTTP/1.1', 200, b'OK', [(b'Content-Length', b'122'), (b'Content-Type', b'text/plain;charset=utf-8'), (b'Date', b'Mon, 22 Sep 2025 04:37:12 GMT'), (b'Server', b'Microsoft-IIS/10.0'), (b'Access-Control-Allow-Headers', b'Accept, Origin, Content-Type, MaxDataServiceVersion'), (b'Access-Control-Allow-Methods', b'GET'), (b'Access-Control-Allow-Origin', b'*'), (b'Access-Control-Expose-Headers', b'DataServiceVersion'), (b'Cache-Control', b'private'), (b'Content-Encoding', b'gzip'), (b'Expires', b'Mon, 22 Sep 2025 04:38:10 GMT'), (b'Vary', b'*'), (b'X-Content-Type-Options', b'nosniff'), (b'OData-Version', b'4.0;'), (b'X-AspNet-Version', b'4.0.30319'), (b'X-Powered-By', b'ASP.NET')])
2025-09-22 10:07:10,390 - httpx - INFO - _send_single_request:1740 - HTTP Request: GET https://services.odata.org/V4/Northwind/Northwind.svc/Summary_of_Sales_by_Quarters/$count "HTTP/1.1 200 OK"
2025-09-22 10:07:10,390 - httpcore.http11 - DEBUG - atrace:87 - receive_response_body.started request=<Request [b'GET']>
2025-09-22 10:07:10,390 - httpcore.http11 - DEBUG - atrace:87 - receive_response_body.complete
2025-09-22 10:07:10,390 - httpcore.http11 - DEBUG - atrace:87 - response_closed.started
2025-09-22 10:07:10,390 - httpcore.http11 - DEBUG - atrace:87 - response_closed.complete
2025-09-22 10:07:10,413 - httpcore.http11 - DEBUG - atrace:87 - receive_response_headers.complete return_value=(b'HTTP/1.1', 200, b'OK', [(b'Content-Length', b'122'), (b'Content-Type', b'text/plain;charset=utf-8'), (b'Date', b'Mon, 22 Sep 2025 04:37:12 GMT'), (b'Server', b'Microsoft-IIS/10.0'), (b'Access-Control-Allow-Headers', b'Accept, Origin, Content-Type, MaxDataServiceVersion'), (b'Access-Control-Allow-Methods', b'GET'), (b'Access-Control-Allow-Origin', b'*'), (b'Access-Control-Expose-Headers', b'DataServiceVersion'), (b'Cache-Control', b'private'), (b'Content-Encoding', b'gzip'), (b'Expires', b'Mon, 22 Sep 2025 04:38:10 GMT'), (b'Vary', b'*'), (b'X-Content-Type-Options', b'nosniff'), (b'OData-Version', b'4.0;'), (b'X-AspNet-Version', b'4.0.30319'), (b'X-Powered-By', b'ASP.NET')])
2025-09-22 10:07:10,415 - httpx - INFO - _send_single_request:1740 - HTTP Request: GET https://services.odata.org/V4/Northwind/Northwind.svc/Order_Subtotals/$count "HTTP/1.1 200 OK"
2025-09-22 10:07:10,415 - httpcore.http11 - DEBUG - atrace:87 - receive_response_body.started request=<Request [b'GET']>
2025-09-22 10:07:10,415 - httpcore.http11 - DEBUG - atrace:87 - receive_response_body.complete
2025-09-22 10:07:10,415 - httpcore.http11 - DEBUG - atrace:87 - response_closed.started
2025-09-22 10:07:10,417 - httpcore.http11 - DEBUG - atrace:87 - response_closed.complete
2025-09-22 10:07:10,972 - httpcore.http11 - DEBUG - atrace:87 - receive_response_headers.complete return_value=(b'HTTP/1.1', 200, b'OK', [(b'Content-Length', b'122'), (b'Content-Type', b'text/plain;charset=utf-8'), (b'Date', b'Mon, 22 Sep 2025 04:37:12 GMT'), (b'Server', b'Microsoft-IIS/10.0'), (b'Access-Control-Allow-Headers', b'Accept, Origin, Content-Type, MaxDataServiceVersion'), (b'Access-Control-Allow-Methods', b'GET'), (b'Access-Control-Allow-Origin', b'*'), (b'Access-Control-Expose-Headers', b'DataServiceVersion'), (b'Cache-Control', b'private'), (b'Content-Encoding', b'gzip'), (b'Expires', b'Mon, 22 Sep 2025 04:38:10 GMT'), (b'Vary', b'*'), (b'X-Content-Type-Options', b'nosniff'), (b'OData-Version', b'4.0;'), (b'X-AspNet-Version', b'4.0.30319'), (b'X-Powered-By', b'ASP.NET')])
2025-09-22 10:07:10,972 - httpx - INFO - _send_single_request:1740 - HTTP Request: GET https://services.odata.org/V4/Northwind/Northwind.svc/Sales_Totals_by_Amounts/$count "HTTP/1.1 200 OK"
2025-09-22 10:07:10,974 - httpcore.http11 - DEBUG - atrace:87 - receive_response_body.started request=<Request [b'GET']>
2025-09-22 10:07:10,975 - httpcore.http11 - DEBUG - atrace:87 - receive_response_body.complete
2025-09-22 10:07:10,975 - httpcore.http11 - DEBUG - atrace:87 - response_closed.started
2025-09-22 10:07:10,975 - httpcore.http11 - DEBUG - atrace:87 - receive_response_headers.complete return_value=(b'HTTP/1.1', 200, b'OK', [(b'Content-Length', b'120'), (b'Content-Type', b'text/plain;charset=utf-8'), (b'Date', b'Mon, 22 Sep 2025 04:37:12 GMT'), (b'Server', b'Microsoft-IIS/10.0'), (b'Access-Control-Allow-Headers', b'Accept, Origin, Content-Type, MaxDataServiceVersion'), (b'Access-Control-Allow-Methods', b'GET'), (b'Access-Control-Allow-Origin', b'*'), (b'Access-Control-Expose-Headers', b'DataServiceVersion'), (b'Cache-Control', b'private'), (b'Content-Encoding', b'gzip'), (b'Expires', b'Mon, 22 Sep 2025 04:38:10 GMT'), (b'Vary', b'*'), (b'X-Content-Type-Options', b'nosniff'), (b'OData-Version', b'4.0;'), (b'X-AspNet-Version', b'4.0.30319'), (b'X-Powered-By', b'ASP.NET')])
2025-09-22 10:07:10,975 - httpx - INFO - _send_single_request:1740 - HTTP Request: GET https://services.odata.org/V4/Northwind/Northwind.svc/Employees/$count "HTTP/1.1 200 OK"
2025-09-22 10:07:10,977 - httpcore.http11 - DEBUG - atrace:87 - receive_response_body.started request=<Request [b'GET']>
2025-09-22 10:07:10,977 - httpcore.http11 - DEBUG - atrace:87 - receive_response_body.complete
2025-09-22 10:07:10,977 - httpcore.http11 - DEBUG - atrace:87 - response_closed.started
2025-09-22 10:07:10,977 - httpcore.http11 - DEBUG - atrace:87 - response_closed.complete
2025-09-22 10:07:10,977 - httpcore.http11 - DEBUG - atrace:87 - response_closed.complete
2025-09-22 10:07:11,670 - httpcore.http11 - DEBUG - atrace:87 - receive_response_headers.complete return_value=(b'HTTP/1.1', 200, b'OK', [(b'Content-Length', b'122'), (b'Content-Type', b'text/plain;charset=utf-8'), (b'Date', b'Mon, 22 Sep 2025 04:37:13 GMT'), (b'Server', b'Microsoft-IIS/10.0'), (b'Access-Control-Allow-Headers', b'Accept, Origin, Content-Type, MaxDataServiceVersion'), (b'Access-Control-Allow-Methods', b'GET'), (b'Access-Control-Allow-Origin', b'*'), (b'Access-Control-Expose-Headers', b'DataServiceVersion'), (b'Cache-Control', b'private'), (b'Content-Encoding', b'gzip'), (b'Expires', b'Mon, 22 Sep 2025 04:38:10 GMT'), (b'Vary', b'*'), (b'X-Content-Type-Options', b'nosniff'), (b'OData-Version', b'4.0;'), (b'X-AspNet-Version', b'4.0.30319'), (b'X-Powered-By', b'ASP.NET')])
2025-09-22 10:07:11,670 - httpx - INFO - _send_single_request:1740 - HTTP Request: GET https://services.odata.org/V4/Northwind/Northwind.svc/Product_Sales_for_1997/$count "HTTP/1.1 200 OK"
2025-09-22 10:07:11,672 - httpcore.http11 - DEBUG - atrace:87 - receive_response_body.started request=<Request [b'GET']>
2025-09-22 10:07:11,672 - httpcore.http11 - DEBUG - atrace:87 - receive_response_body.complete
2025-09-22 10:07:11,672 - httpcore.http11 - DEBUG - atrace:87 - response_closed.started
2025-09-22 10:07:11,672 - httpcore.http11 - DEBUG - atrace:87 - response_closed.complete
2025-09-22 10:07:12,196 - httpcore.http11 - DEBUG - atrace:87 - receive_response_headers.complete return_value=(b'HTTP/1.1', 200, b'OK', [(b'Content-Length', b'120'), (b'Content-Type', b'text/plain;charset=utf-8'), (b'Date', b'Mon, 22 Sep 2025 04:37:13 GMT'), (b'Server', b'Microsoft-IIS/10.0'), (b'Access-Control-Allow-Headers', b'Accept, Origin, Content-Type, MaxDataServiceVersion'), (b'Access-Control-Allow-Methods', b'GET'), (b'Access-Control-Allow-Origin', b'*'), (b'Access-Control-Expose-Headers', b'DataServiceVersion'), (b'Cache-Control', b'private'), (b'Content-Encoding', b'gzip'), (b'Expires', b'Mon, 22 Sep 2025 04:38:10 GMT'), (b'Vary', b'*'), (b'X-Content-Type-Options', b'nosniff'), (b'OData-Version', b'4.0;'), (b'X-AspNet-Version', b'4.0.30319'), (b'X-Powered-By', b'ASP.NET')])
2025-09-22 10:07:12,196 - httpx - INFO - _send_single_request:1740 - HTTP Request: GET https://services.odata.org/V4/Northwind/Northwind.svc/Regions/$count "HTTP/1.1 200 OK"
2025-09-22 10:07:12,205 - httpcore.http11 - DEBUG - atrace:87 - receive_response_body.started request=<Request [b'GET']>
2025-09-22 10:07:12,205 - httpcore.http11 - DEBUG - atrace:87 - receive_response_body.complete
2025-09-22 10:07:12,205 - httpcore.http11 - DEBUG - atrace:87 - response_closed.started
2025-09-22 10:07:12,205 - httpcore.http11 - DEBUG - atrace:87 - response_closed.complete
2025-09-22 10:07:12,649 - httpcore.http11 - DEBUG - atrace:87 - receive_response_headers.complete return_value=(b'HTTP/1.1', 200, b'OK', [(b'Content-Length', b'120'), (b'Content-Type', b'text/plain;charset=utf-8'), (b'Date', b'Mon, 22 Sep 2025 04:37:14 GMT'), (b'Server', b'Microsoft-IIS/10.0'), (b'Access-Control-Allow-Headers', b'Accept, Origin, Content-Type, MaxDataServiceVersion'), (b'Access-Control-Allow-Methods', b'GET'), (b'Access-Control-Allow-Origin', b'*'), (b'Access-Control-Expose-Headers', b'DataServiceVersion'), (b'Cache-Control', b'private'), (b'Content-Encoding', b'gzip'), (b'Expires', b'Mon, 22 Sep 2025 04:38:10 GMT'), (b'Vary', b'*'), (b'X-Content-Type-Options', b'nosniff'), (b'OData-Version', b'4.0;'), (b'X-AspNet-Version', b'4.0.30319'), (b'X-Powered-By', b'ASP.NET')])
2025-09-22 10:07:12,649 - httpx - INFO - _send_single_request:1740 - HTTP Request: GET https://services.odata.org/V4/Northwind/Northwind.svc/Category_Sales_for_1997/$count "HTTP/1.1 200 OK"
2025-09-22 10:07:12,649 - httpcore.http11 - DEBUG - atrace:87 - receive_response_body.started request=<Request [b'GET']>
2025-09-22 10:07:12,649 - httpcore.http11 - DEBUG - atrace:87 - receive_response_body.complete
2025-09-22 10:07:12,649 - httpcore.http11 - DEBUG - atrace:87 - response_closed.started
2025-09-22 10:07:12,649 - httpcore.http11 - DEBUG - atrace:87 - response_closed.complete
2025-09-22 10:07:13,193 - httpcore.http11 - DEBUG - atrace:87 - receive_response_headers.complete return_value=(b'HTTP/1.1', 200, b'OK', [(b'Content-Length', b'122'), (b'Content-Type', b'text/plain;charset=utf-8'), (b'Date', b'Mon, 22 Sep 2025 04:37:14 GMT'), (b'Server', b'Microsoft-IIS/10.0'), (b'Access-Control-Allow-Headers', b'Accept, Origin, Content-Type, MaxDataServiceVersion'), (b'Access-Control-Allow-Methods', b'GET'), (b'Access-Control-Allow-Origin', b'*'), (b'Access-Control-Expose-Headers', b'DataServiceVersion'), (b'Cache-Control', b'private'), (b'Content-Encoding', b'gzip'), (b'Expires', b'Mon, 22 Sep 2025 04:38:10 GMT'), (b'Vary', b'*'), (b'X-Content-Type-Options', b'nosniff'), (b'OData-Version', b'4.0;'), (b'X-AspNet-Version', b'4.0.30319'), (b'X-Powered-By', b'ASP.NET')])
2025-09-22 10:07:13,193 - httpx - INFO - _send_single_request:1740 - HTTP Request: GET https://services.odata.org/V4/Northwind/Northwind.svc/Orders/$count "HTTP/1.1 200 OK"
2025-09-22 10:07:13,196 - httpcore.http11 - DEBUG - atrace:87 - receive_response_body.started request=<Request [b'GET']>
2025-09-22 10:07:13,196 - httpcore.http11 - DEBUG - atrace:87 - receive_response_body.complete
2025-09-22 10:07:13,196 - httpcore.http11 - DEBUG - atrace:87 - response_closed.started
2025-09-22 10:07:13,196 - httpcore.http11 - DEBUG - atrace:87 - response_closed.complete
2025-09-22 10:07:13,741 - httpcore.http11 - DEBUG - atrace:87 - receive_response_headers.complete return_value=(b'HTTP/1.1', 200, b'OK', [(b'Content-Length', b'122'), (b'Content-Type', b'text/plain;charset=utf-8'), (b'Date', b'Mon, 22 Sep 2025 04:37:15 GMT'), (b'Server', b'Microsoft-IIS/10.0'), (b'Access-Control-Allow-Headers', b'Accept, Origin, Content-Type, MaxDataServiceVersion'), (b'Access-Control-Allow-Methods', b'GET'), (b'Access-Control-Allow-Origin', b'*'), (b'Access-Control-Expose-Headers', b'DataServiceVersion'), (b'Cache-Control', b'private'), (b'Content-Encoding', b'gzip'), (b'Expires', b'Mon, 22 Sep 2025 04:38:10 GMT'), (b'Vary', b'*'), (b'X-Content-Type-Options', b'nosniff'), (b'OData-Version', b'4.0;'), (b'X-AspNet-Version', b'4.0.30319'), (b'X-Powered-By', b'ASP.NET')])
2025-09-22 10:07:13,741 - httpx - INFO - _send_single_request:1740 - HTTP Request: GET https://services.odata.org/V4/Northwind/Northwind.svc/Customer_and_Suppliers_by_Cities/$count "HTTP/1.1 200 OK"
2025-09-22 10:07:13,743 - httpcore.http11 - DEBUG - atrace:87 - receive_response_body.started request=<Request [b'GET']>
2025-09-22 10:07:13,743 - httpcore.http11 - DEBUG - atrace:87 - receive_response_body.complete
2025-09-22 10:07:13,743 - httpcore.http11 - DEBUG - atrace:87 - response_closed.started
2025-09-22 10:07:13,743 - httpcore.http11 - DEBUG - atrace:87 - response_closed.complete
2025-09-22 10:07:14,249 - httpcore.http11 - DEBUG - atrace:87 - receive_response_headers.complete return_value=(b'HTTP/1.1', 200, b'OK', [(b'Content-Length', b'122'), (b'Content-Type', b'text/plain;charset=utf-8'), (b'Date', b'Mon, 22 Sep 2025 04:37:15 GMT'), (b'Server', b'Microsoft-IIS/10.0'), (b'Access-Control-Allow-Headers', b'Accept, Origin, Content-Type, MaxDataServiceVersion'), (b'Access-Control-Allow-Methods', b'GET'), (b'Access-Control-Allow-Origin', b'*'), (b'Access-Control-Expose-Headers', b'DataServiceVersion'), (b'Cache-Control', b'private'), (b'Content-Encoding', b'gzip'), (b'Expires', b'Mon, 22 Sep 2025 04:38:10 GMT'), (b'Vary', b'*'), (b'X-Content-Type-Options', b'nosniff'), (b'OData-Version', b'4.0;'), (b'X-AspNet-Version', b'4.0.30319'), (b'X-Powered-By', b'ASP.NET')])
2025-09-22 10:07:14,249 - httpx - INFO - _send_single_request:1740 - HTTP Request: GET https://services.odata.org/V4/Northwind/Northwind.svc/Orders_Qries/$count "HTTP/1.1 200 OK"
2025-09-22 10:07:14,249 - httpcore.http11 - DEBUG - atrace:87 - receive_response_body.started request=<Request [b'GET']>
2025-09-22 10:07:14,249 - httpcore.http11 - DEBUG - atrace:87 - receive_response_body.complete
2025-09-22 10:07:14,249 - httpcore.http11 - DEBUG - atrace:87 - response_closed.started
2025-09-22 10:07:14,249 - httpcore.http11 - DEBUG - atrace:87 - response_closed.complete
2025-09-22 10:07:14,759 - httpcore.http11 - DEBUG - atrace:87 - receive_response_headers.complete return_value=(b'HTTP/1.1', 200, b'OK', [(b'Content-Length', b'121'), (b'Content-Type', b'text/plain;charset=utf-8'), (b'Date', b'Mon, 22 Sep 2025 04:37:16 GMT'), (b'Server', b'Microsoft-IIS/10.0'), (b'Access-Control-Allow-Headers', b'Accept, Origin, Content-Type, MaxDataServiceVersion'), (b'Access-Control-Allow-Methods', b'GET'), (b'Access-Control-Allow-Origin', b'*'), (b'Access-Control-Expose-Headers', b'DataServiceVersion'), (b'Cache-Control', b'private'), (b'Content-Encoding', b'gzip'), (b'Expires', b'Mon, 22 Sep 2025 04:38:10 GMT'), (b'Vary', b'*'), (b'X-Content-Type-Options', b'nosniff'), (b'OData-Version', b'4.0;'), (b'X-AspNet-Version', b'4.0.30319'), (b'X-Powered-By', b'ASP.NET')])
2025-09-22 10:07:14,759 - httpx - INFO - _send_single_request:1740 - HTTP Request: GET https://services.odata.org/V4/Northwind/Northwind.svc/Suppliers/$count "HTTP/1.1 200 OK"
2025-09-22 10:07:14,759 - httpcore.http11 - DEBUG - atrace:87 - receive_response_body.started request=<Request [b'GET']>
2025-09-22 10:07:14,759 - httpcore.http11 - DEBUG - atrace:87 - receive_response_body.complete
2025-09-22 10:07:14,759 - httpcore.http11 - DEBUG - atrace:87 - response_closed.started
2025-09-22 10:07:14,759 - httpcore.http11 - DEBUG - atrace:87 - response_closed.complete
2025-09-22 10:07:15,274 - httpcore.http11 - DEBUG - atrace:87 - receive_response_headers.complete return_value=(b'HTTP/1.1', 200, b'OK', [(b'Content-Length', b'124'), (b'Content-Type', b'text/plain;charset=utf-8'), (b'Date', b'Mon, 22 Sep 2025 04:37:16 GMT'), (b'Server', b'Microsoft-IIS/10.0'), (b'Access-Control-Allow-Headers', b'Accept, Origin, Content-Type, MaxDataServiceVersion'), (b'Access-Control-Allow-Methods', b'GET'), (b'Access-Control-Allow-Origin', b'*'), (b'Access-Control-Expose-Headers', b'DataServiceVersion'), (b'Cache-Control', b'private'), (b'Content-Encoding', b'gzip'), (b'Expires', b'Mon, 22 Sep 2025 04:38:10 GMT'), (b'Vary', b'*'), (b'X-Content-Type-Options', b'nosniff'), (b'OData-Version', b'4.0;'), (b'X-AspNet-Version', b'4.0.30319'), (b'X-Powered-By', b'ASP.NET')])
2025-09-22 10:07:15,275 - httpx - INFO - _send_single_request:1740 - HTTP Request: GET https://services.odata.org/V4/Northwind/Northwind.svc/Order_Details/$count "HTTP/1.1 200 OK"
2025-09-22 10:07:15,275 - httpcore.http11 - DEBUG - atrace:87 - receive_response_body.started request=<Request [b'GET']>
2025-09-22 10:07:15,275 - httpcore.http11 - DEBUG - atrace:87 - receive_response_body.complete
2025-09-22 10:07:15,275 - httpcore.http11 - DEBUG - atrace:87 - response_closed.started
2025-09-22 10:07:15,275 - httpcore.http11 - DEBUG - atrace:87 - response_closed.complete
2025-09-22 10:07:15,275 - httpcore.connection - DEBUG - atrace:87 - close.started
2025-09-22 10:07:15,275 - httpcore.connection - DEBUG - atrace:87 - close.complete
2025-09-22 10:07:15,275 - httpcore.connection - DEBUG - atrace:87 - close.started
2025-09-22 10:07:15,275 - httpcore.connection - DEBUG - atrace:87 - close.complete
2025-09-22 10:07:15,275 - httpcore.connection - DEBUG - atrace:87 - close.started
2025-09-22 10:07:15,275 - httpcore.connection - DEBUG - atrace:87 - close.complete
2025-09-22 10:07:15,793 - httpcore.http11 - DEBUG - atrace:87 - receive_response_headers.complete return_value=(b'HTTP/1.1', 200, b'OK', [(b'Content-Length', b'122'), (b'Content-Type', b'text/plain;charset=utf-8'), (b'Date', b'Mon, 22 Sep 2025 04:37:17 GMT'), (b'Server', b'Microsoft-IIS/10.0'), (b'Access-Control-Allow-Headers', b'Accept, Origin, Content-Type, MaxDataServiceVersion'), (b'Access-Control-Allow-Methods', b'GET'), (b'Access-Control-Allow-Origin', b'*'), (b'Access-Control-Expose-Headers', b'DataServiceVersion'), (b'Cache-Control', b'private'), (b'Content-Encoding', b'gzip'), (b'Expires', b'Mon, 22 Sep 2025 04:38:10 GMT'), (b'Vary', b'*'), (b'X-Content-Type-Options', b'nosniff'), (b'OData-Version', b'4.0;'), (b'X-AspNet-Version', b'4.0.30319'), (b'X-Powered-By', b'ASP.NET')])
2025-09-22 10:07:15,793 - httpx - INFO - _send_single_request:1740 - HTTP Request: GET https://services.odata.org/V4/Northwind/Northwind.svc/Products_by_Categories/$count "HTTP/1.1 200 OK"
2025-09-22 10:07:15,793 - httpcore.http11 - DEBUG - atrace:87 - receive_response_body.started request=<Request [b'GET']>
2025-09-22 10:07:15,793 - httpcore.http11 - DEBUG - atrace:87 - receive_response_body.complete
2025-09-22 10:07:15,793 - httpcore.http11 - DEBUG - atrace:87 - response_closed.started
2025-09-22 10:07:15,795 - httpcore.http11 - DEBUG - atrace:87 - response_closed.complete
2025-09-22 10:07:15,795 - httpcore.connection - DEBUG - atrace:87 - close.started
2025-09-22 10:07:15,795 - httpcore.connection - DEBUG - atrace:87 - close.complete
2025-09-22 10:07:15,795 - httpcore.connection - DEBUG - atrace:87 - close.started
2025-09-22 10:07:15,795 - httpcore.connection - DEBUG - atrace:87 - close.complete
2025-09-22 10:07:15,795 - httpcore.connection - DEBUG - atrace:87 - close.started
2025-09-22 10:07:15,795 - httpcore.connection - DEBUG - atrace:87 - close.complete
2025-09-22 10:07:16,296 - httpcore.http11 - DEBUG - atrace:87 - receive_response_headers.complete return_value=(b'HTTP/1.1', 200, b'OK', [(b'Content-Length', b'122'), (b'Content-Type', b'text/plain;charset=utf-8'), (b'Date', b'Mon, 22 Sep 2025 04:37:17 GMT'), (b'Server', b'Microsoft-IIS/10.0'), (b'Access-Control-Allow-Headers', b'Accept, Origin, Content-Type, MaxDataServiceVersion'), (b'Access-Control-Allow-Methods', b'GET'), (b'Access-Control-Allow-Origin', b'*'), (b'Access-Control-Expose-Headers', b'DataServiceVersion'), (b'Cache-Control', b'private'), (b'Content-Encoding', b'gzip'), (b'Expires', b'Mon, 22 Sep 2025 04:38:10 GMT'), (b'Vary', b'*'), (b'X-Content-Type-Options', b'nosniff'), (b'OData-Version', b'4.0;'), (b'X-AspNet-Version', b'4.0.30319'), (b'X-Powered-By', b'ASP.NET')])
2025-09-22 10:07:16,296 - httpx - INFO - _send_single_request:1740 - HTTP Request: GET https://services.odata.org/V4/Northwind/Northwind.svc/Products/$count "HTTP/1.1 200 OK"
2025-09-22 10:07:16,302 - httpcore.http11 - DEBUG - atrace:87 - receive_response_body.started request=<Request [b'GET']>
2025-09-22 10:07:16,302 - httpcore.http11 - DEBUG - atrace:87 - receive_response_body.complete
2025-09-22 10:07:16,302 - httpcore.http11 - DEBUG - atrace:87 - response_closed.started
2025-09-22 10:07:16,302 - httpcore.http11 - DEBUG - atrace:87 - response_closed.complete
2025-09-22 10:07:16,302 - httpcore.connection - DEBUG - atrace:87 - close.started
2025-09-22 10:07:16,302 - httpcore.connection - DEBUG - atrace:87 - close.complete
2025-09-22 10:07:16,304 - httpcore.connection - DEBUG - atrace:87 - close.started
2025-09-22 10:07:16,304 - httpcore.connection - DEBUG - atrace:87 - close.complete
2025-09-22 10:07:16,828 - httpcore.http11 - DEBUG - atrace:87 - receive_response_headers.complete return_value=(b'HTTP/1.1', 200, b'OK', [(b'Content-Length', b'122'), (b'Content-Type', b'text/plain;charset=utf-8'), (b'Date', b'Mon, 22 Sep 2025 04:37:18 GMT'), (b'Server', b'Microsoft-IIS/10.0'), (b'Access-Control-Allow-Headers', b'Accept, Origin, Content-Type, MaxDataServiceVersion'), (b'Access-Control-Allow-Methods', b'GET'), (b'Access-Control-Allow-Origin', b'*'), (b'Access-Control-Expose-Headers', b'DataServiceVersion'), (b'Cache-Control', b'private'), (b'Content-Encoding', b'gzip'), (b'Expires', b'Mon, 22 Sep 2025 04:38:10 GMT'), (b'Vary', b'*'), (b'X-Content-Type-Options', b'nosniff'), (b'OData-Version', b'4.0;'), (b'X-AspNet-Version', b'4.0.30319'), (b'X-Powered-By', b'ASP.NET')])
2025-09-22 10:07:16,828 - httpx - INFO - _send_single_request:1740 - HTTP Request: GET https://services.odata.org/V4/Northwind/Northwind.svc/Current_Product_Lists/$count "HTTP/1.1 200 OK"
2025-09-22 10:07:16,828 - httpcore.http11 - DEBUG - atrace:87 - receive_response_body.started request=<Request [b'GET']>
2025-09-22 10:07:16,828 - httpcore.http11 - DEBUG - atrace:87 - receive_response_body.complete
2025-09-22 10:07:16,828 - httpcore.http11 - DEBUG - atrace:87 - response_closed.started
2025-09-22 10:07:16,828 - httpcore.http11 - DEBUG - atrace:87 - response_closed.complete
2025-09-22 10:07:16,828 - httpcore.connection - DEBUG - atrace:87 - close.started
2025-09-22 10:07:16,831 - httpcore.connection - DEBUG - atrace:87 - close.complete
2025-09-22 10:07:17,325 - httpcore.http11 - DEBUG - atrace:87 - receive_response_headers.complete return_value=(b'HTTP/1.1', 200, b'OK', [(b'Content-Length', b'122'), (b'Content-Type', b'text/plain;charset=utf-8'), (b'Date', b'Mon, 22 Sep 2025 04:37:18 GMT'), (b'Server', b'Microsoft-IIS/10.0'), (b'Access-Control-Allow-Headers', b'Accept, Origin, Content-Type, MaxDataServiceVersion'), (b'Access-Control-Allow-Methods', b'GET'), (b'Access-Control-Allow-Origin', b'*'), (b'Access-Control-Expose-Headers', b'DataServiceVersion'), (b'Cache-Control', b'private'), (b'Content-Encoding', b'gzip'), (b'Expires', b'Mon, 22 Sep 2025 04:38:10 GMT'), (b'Vary', b'*'), (b'X-Content-Type-Options', b'nosniff'), (b'OData-Version', b'4.0;'), (b'X-AspNet-Version', b'4.0.30319'), (b'X-Powered-By', b'ASP.NET')])
2025-09-22 10:07:17,325 - httpx - INFO - _send_single_request:1740 - HTTP Request: GET https://services.odata.org/V4/Northwind/Northwind.svc/Territories/$count "HTTP/1.1 200 OK"
2025-09-22 10:07:17,325 - httpcore.http11 - DEBUG - atrace:87 - receive_response_body.started request=<Request [b'GET']>
2025-09-22 10:07:17,325 - httpcore.http11 - DEBUG - atrace:87 - receive_response_body.complete
2025-09-22 10:07:17,325 - httpcore.http11 - DEBUG - atrace:87 - response_closed.started
2025-09-22 10:07:17,325 - httpcore.http11 - DEBUG - atrace:87 - response_closed.complete
2025-09-22 10:07:17,325 - httpcore.connection - DEBUG - atrace:87 - close.started
2025-09-22 10:07:17,325 - httpcore.connection - DEBUG - atrace:87 - close.complete
2025-09-22 10:07:17,325 - services.count - INFO - get_entity_counts:61 - [2m2025-09-22T04:37:17.325337Z[0m [[32m[1minfo     [0m] [1mSuccessfully retrieved entity counts[0m [[0m[1m[34mservices.count[0m][0m [36mcounts[0m=[35m{'Categories': 8, 'CustomerDemographics': 0, 'Customers': 91, 'Employees': 9, 'Order_Details': 2155, 'Orders': 830, 'Products': 77, 'Regions': 4, 'Shippers': 3, 'Suppliers': 29, 'Territories': 53, 'Alphabetical_list_of_products': 69, 'Category_Sales_for_1997': 8, 'Current_Product_Lists': 69, 'Customer_and_Suppliers_by_Cities': 120, 'Invoices': 2155, 'Order_Details_Extendeds': 2155, 'Order_Subtotals': 830, 'Orders_Qries': 830, 'Product_Sales_for_1997': 77, 'Products_Above_Average_Prices': 25, 'Products_by_Categories': 69, 'Sales_by_Categories': 77, 'Sales_Totals_by_Amounts': 66, 'Summary_of_Sales_by_Quarters': 809, 'Summary_of_Sales_by_Years': 809}[0m
2025-09-22 10:07:17,325 - httpcore.connection - DEBUG - atrace:87 - close.started
2025-09-22 10:07:17,325 - httpcore.connection - DEBUG - atrace:87 - close.complete
2025-09-22 10:07:17,325 - httpcore.connection - DEBUG - atrace:87 - close.started
2025-09-22 10:07:17,333 - httpcore.connection - DEBUG - atrace:87 - close.complete
2025-09-22 10:07:17,333 - httpcore.connection - DEBUG - atrace:87 - close.started
2025-09-22 10:07:17,333 - httpcore.connection - DEBUG - atrace:87 - close.complete
2025-09-22 10:07:17,333 - httpcore.connection - DEBUG - atrace:87 - close.started
2025-09-22 10:07:17,335 - httpcore.connection - DEBUG - atrace:87 - close.complete
2025-09-22 10:07:17,336 - httpcore.connection - DEBUG - atrace:87 - close.started
2025-09-22 10:07:17,336 - httpcore.connection - DEBUG - atrace:87 - close.complete
2025-09-22 10:07:17,336 - httpcore.connection - DEBUG - atrace:87 - close.started
2025-09-22 10:07:17,336 - httpcore.connection - DEBUG - atrace:87 - close.complete
2025-09-22 10:07:17,336 - httpcore.connection - DEBUG - atrace:87 - close.started
2025-09-22 10:07:17,338 - httpcore.connection - DEBUG - atrace:87 - close.complete
2025-09-22 10:07:17,338 - httpcore.connection - DEBUG - atrace:87 - close.started
2025-09-22 10:07:17,338 - httpcore.connection - DEBUG - atrace:87 - close.complete
2025-09-22 10:07:17,338 - httpcore.connection - DEBUG - atrace:87 - close.started
2025-09-22 10:07:17,338 - httpcore.connection - DEBUG - atrace:87 - close.complete
2025-09-22 10:07:17,338 - httpcore.connection - DEBUG - atrace:87 - close.started
2025-09-22 10:07:17,338 - httpcore.connection - DEBUG - atrace:87 - close.complete
2025-09-22 10:07:17,339 - planning.graph_builder - INFO - add_entities:32 - [2m2025-09-22T04:37:17.339603Z[0m [[32m[1minfo     [0m] [1mAdded entities to graph       [0m [[0m[1m[34mplanning.graph_builder[0m][0m [36mentity_count[0m=[35m26[0m
2025-09-22 10:07:17,339 - planning.graph_builder - INFO - add_relationships:54 - [2m2025-09-22T04:37:17.339603Z[0m [[32m[1minfo     [0m] [1mAdded relationships to graph  [0m [[0m[1m[34mplanning.graph_builder[0m][0m [36mrelationship_count[0m=[35m0[0m
2025-09-22 10:07:17,344 - planning.graph_builder - INFO - get_processing_order:72 - [2m2025-09-22T04:37:17.344907Z[0m [[32m[1minfo     [0m] [1mGenerated processing order    [0m [[0m[1m[34mplanning.graph_builder[0m][0m [36mlevels[0m=[35m1[0m [36mtotal_entities[0m=[35m26[0m
2025-09-22 10:07:17,346 - planning.plan_generator - INFO - create_execution_plan:134 - [2m2025-09-22T04:37:17.346139Z[0m [[32m[1minfo     [0m] [1mCreating execution plan       [0m [[0m[1m[34mplanning.plan_generator[0m][0m [36mselected_entities[0m=[35mall[0m [36mtotal_entities[0m=[35m26[0m
2025-09-22 10:07:17,346 - planning.plan_generator - INFO - create_execution_plan:152 - [2m2025-09-22T04:37:17.346139Z[0m [[32m[1minfo     [0m] [1mSkipping empty entity         [0m [[0m[1m[34mplanning.plan_generator[0m][0m [36mentity[0m=[35mCustomerDemographics[0m
2025-09-22 10:07:17,349 - planning.plan_generator - INFO - create_execution_plan:186 - [2m2025-09-22T04:37:17.349906Z[0m [[32m[1minfo     [0m] [1mExecution plan created        [0m [[0m[1m[34mplanning.plan_generator[0m][0m [36mplanned_entities[0m=[35m25[0m [36mtotal_commands[0m=[35m42[0m
2025-09-22 10:07:17,349 - connector - INFO - _discovery_phase:213 - [2m2025-09-22T04:37:17.349906Z[0m [[32m[1minfo     [0m] [1mDiscovery phase completed     [0m [[0m[1m[34mconnector[0m][0m [36mentities[0m=[35m26[0m [36mprocessing_levels[0m=[35m1[0m [36mtotal_records[0m=[35m11427[0m
2025-09-22 10:07:17,352 - connector - INFO - _execution_phase:220 - [2m2025-09-22T04:37:17.352830Z[0m [[32m[1minfo     [0m] [1mStarting execution phase      [0m [[0m[1m[34mconnector[0m][0m
2025-09-22 10:07:17,353 - workers.proxy_pool - INFO - start:279 - [2m2025-09-22T04:37:17.353596Z[0m [[32m[1minfo     [0m] [1mStarting proxy pool           [0m [[0m[1m[34mworkers.proxy_pool[0m][0m [36mmax_workers[0m=[35m3[0m
2025-09-22 10:07:17,353 - workers.proxy_pool - INFO - start:299 - [2m2025-09-22T04:37:17.353596Z[0m [[32m[1minfo     [0m] [1mProxy pool started successfully[0m [[0m[1m[34mworkers.proxy_pool[0m][0m
2025-09-22 10:07:17,355 - planning.plan_generator - INFO - get_initial_commands:219 - [2m2025-09-22T04:37:17.355375Z[0m [[32m[1minfo     [0m] [1mGenerated initial commands    [0m [[0m[1m[34mplanning.plan_generator[0m][0m [36mcommand_count[0m=[35m36[0m
2025-09-22 10:07:17,355 - workers.proxy_pool - INFO - add_commands:340 - [2m2025-09-22T04:37:17.355375Z[0m [[32m[1minfo     [0m] [1mCommands added to queue       [0m [[0m[1m[34mworkers.proxy_pool[0m][0m [36mcount[0m=[35m36[0m
2025-09-22 10:07:17,357 - workers.proxy_pool - INFO - _worker_loop:346 - [2m2025-09-22T04:37:17.357394Z[0m [[32m[1minfo     [0m] [1m🟢 Worker started and ready for commands[0m [[0m[1m[34mworkers.proxy_pool[0m][0m [36mworker_id[0m=[35mworker_0[0m [36mworker_status[0m=[35mACTIVE[0m
2025-09-22 10:07:17,357 - workers.proxy_pool - INFO - _worker_loop:363 - [2m2025-09-22T04:37:17.357850Z[0m [[32m[1minfo     [0m] [1m📋 Worker picked up command from queue[0m [[0m[1m[34mworkers.proxy_pool[0m][0m [36mcommand_id[0m=[35mCustomer_and_Suppliers_by_Cities_page_1[0m [36mentity[0m=[35mCustomer_and_Suppliers_by_Cities[0m [36mqueue_size_after_pickup[0m=[35m35[0m [36mworker_id[0m=[35mworker_0[0m [36mworker_status[0m=[35mPROCESSING[0m
2025-09-22 10:07:17,359 - workers.proxy_pool - INFO - execute_command:51 - [2m2025-09-22T04:37:17.357850Z[0m [[32m[1minfo     [0m] [1m🚀 Worker starting command execution[0m [[0m[1m[34mworkers.proxy_pool[0m][0m [36mcommand_id[0m=[35mCustomer_and_Suppliers_by_Cities_page_1[0m [36mcommand_type[0m=[35mfetch_page[0m [36mentity[0m=[35mCustomer_and_Suppliers_by_Cities[0m [36mpriority[0m=[35m1[0m [36mretry_count[0m=[35m0[0m [36mskip[0m=[35m0[0m [36mtop[0m=[35m500[0m [36mworker_id[0m=[35mworker_0[0m
2025-09-22 10:07:17,361 - workers.proxy_pool - INFO - execute_command:74 - [2m2025-09-22T04:37:17.360423Z[0m [[32m[1minfo     [0m] [1m🔄 Worker executing request with resilience patterns[0m [[0m[1m[34mworkers.proxy_pool[0m][0m [36mcircuit_breaker_state[0m=[35mclosed[0m [36mcommand_id[0m=[35mCustomer_and_Suppliers_by_Cities_page_1[0m [36mworker_id[0m=[35mworker_0[0m
2025-09-22 10:07:17,864 - workers.proxy_pool - INFO - _worker_loop:346 - [2m2025-09-22T04:37:17.864295Z[0m [[32m[1minfo     [0m] [1m🟢 Worker started and ready for commands[0m [[0m[1m[34mworkers.proxy_pool[0m][0m [36mworker_id[0m=[35mworker_1[0m [36mworker_status[0m=[35mACTIVE[0m
2025-09-22 10:07:17,864 - workers.proxy_pool - INFO - _worker_loop:363 - [2m2025-09-22T04:37:17.864295Z[0m [[32m[1minfo     [0m] [1m📋 Worker picked up command from queue[0m [[0m[1m[34mworkers.proxy_pool[0m][0m [36mcommand_id[0m=[35mOrders_page_1[0m [36mentity[0m=[35mOrders[0m [36mqueue_size_after_pickup[0m=[35m34[0m [36mworker_id[0m=[35mworker_1[0m [36mworker_status[0m=[35mPROCESSING[0m
2025-09-22 10:07:17,864 - workers.proxy_pool - INFO - execute_command:51 - [2m2025-09-22T04:37:17.864295Z[0m [[32m[1minfo     [0m] [1m🚀 Worker starting command execution[0m [[0m[1m[34mworkers.proxy_pool[0m][0m [36mcommand_id[0m=[35mOrders_page_1[0m [36mcommand_type[0m=[35mfetch_page[0m [36mentity[0m=[35mOrders[0m [36mpriority[0m=[35m1[0m [36mretry_count[0m=[35m0[0m [36mskip[0m=[35m0[0m [36mtop[0m=[35m500[0m [36mworker_id[0m=[35mworker_1[0m
2025-09-22 10:07:17,864 - workers.proxy_pool - INFO - execute_command:74 - [2m2025-09-22T04:37:17.864295Z[0m [[32m[1minfo     [0m] [1m🔄 Worker executing request with resilience patterns[0m [[0m[1m[34mworkers.proxy_pool[0m][0m [36mcircuit_breaker_state[0m=[35mclosed[0m [36mcommand_id[0m=[35mOrders_page_1[0m [36mworker_id[0m=[35mworker_1[0m
2025-09-22 10:07:17,864 - workers.proxy_pool - INFO - _worker_loop:346 - [2m2025-09-22T04:37:17.864295Z[0m [[32m[1minfo     [0m] [1m🟢 Worker started and ready for commands[0m [[0m[1m[34mworkers.proxy_pool[0m][0m [36mworker_id[0m=[35mworker_2[0m [36mworker_status[0m=[35mACTIVE[0m
2025-09-22 10:07:17,864 - workers.proxy_pool - INFO - _worker_loop:363 - [2m2025-09-22T04:37:17.864295Z[0m [[32m[1minfo     [0m] [1m📋 Worker picked up command from queue[0m [[0m[1m[34mworkers.proxy_pool[0m][0m [36mcommand_id[0m=[35mOrders_page_2[0m [36mentity[0m=[35mOrders[0m [36mqueue_size_after_pickup[0m=[35m33[0m [36mworker_id[0m=[35mworker_2[0m [36mworker_status[0m=[35mPROCESSING[0m
2025-09-22 10:07:17,864 - workers.proxy_pool - INFO - execute_command:51 - [2m2025-09-22T04:37:17.864295Z[0m [[32m[1minfo     [0m] [1m🚀 Worker starting command execution[0m [[0m[1m[34mworkers.proxy_pool[0m][0m [36mcommand_id[0m=[35mOrders_page_2[0m [36mcommand_type[0m=[35mfetch_page[0m [36mentity[0m=[35mOrders[0m [36mpriority[0m=[35m1[0m [36mretry_count[0m=[35m0[0m [36mskip[0m=[35m500[0m [36mtop[0m=[35m500[0m [36mworker_id[0m=[35mworker_2[0m
2025-09-22 10:07:17,864 - workers.proxy_pool - INFO - execute_command:74 - [2m2025-09-22T04:37:17.864295Z[0m [[32m[1minfo     [0m] [1m🔄 Worker executing request with resilience patterns[0m [[0m[1m[34mworkers.proxy_pool[0m][0m [36mcircuit_breaker_state[0m=[35mclosed[0m [36mcommand_id[0m=[35mOrders_page_2[0m [36mworker_id[0m=[35mworker_2[0m
2025-09-22 10:07:17,864 - httpcore.connection - DEBUG - atrace:87 - connect_tcp.started host='services.odata.org' port=443 local_address=None timeout=30 socket_options=None
2025-09-22 10:07:17,864 - httpcore.connection - DEBUG - atrace:87 - connect_tcp.started host='services.odata.org' port=443 local_address=None timeout=30 socket_options=None
2025-09-22 10:07:17,864 - httpcore.connection - DEBUG - atrace:87 - connect_tcp.started host='services.odata.org' port=443 local_address=None timeout=30 socket_options=None
2025-09-22 10:07:18,136 - httpcore.connection - DEBUG - atrace:87 - connect_tcp.complete return_value=<httpcore._backends.anyio.AnyIOStream object at 0x000001D1327BB740>
2025-09-22 10:07:18,136 - httpcore.connection - DEBUG - atrace:87 - start_tls.started ssl_context=<ssl.SSLContext object at 0x000001D13275CAD0> server_hostname='services.odata.org' timeout=30
2025-09-22 10:07:18,136 - httpcore.connection - DEBUG - atrace:87 - connect_tcp.complete return_value=<httpcore._backends.anyio.AnyIOStream object at 0x000001D1327BBF20>
2025-09-22 10:07:18,136 - httpcore.connection - DEBUG - atrace:87 - start_tls.started ssl_context=<ssl.SSLContext object at 0x000001D13275CAD0> server_hostname='services.odata.org' timeout=30
2025-09-22 10:07:18,136 - httpcore.connection - DEBUG - atrace:87 - connect_tcp.complete return_value=<httpcore._backends.anyio.AnyIOStream object at 0x000001D1327BAFC0>
2025-09-22 10:07:18,136 - httpcore.connection - DEBUG - atrace:87 - start_tls.started ssl_context=<ssl.SSLContext object at 0x000001D13275CAD0> server_hostname='services.odata.org' timeout=30
2025-09-22 10:07:18,789 - httpcore.connection - DEBUG - atrace:87 - start_tls.complete return_value=<httpcore._backends.anyio.AnyIOStream object at 0x000001D1327BBE60>
2025-09-22 10:07:18,789 - httpcore.connection - DEBUG - atrace:87 - start_tls.complete return_value=<httpcore._backends.anyio.AnyIOStream object at 0x000001D1327BB6B0>
2025-09-22 10:07:18,789 - httpcore.connection - DEBUG - atrace:87 - start_tls.complete return_value=<httpcore._backends.anyio.AnyIOStream object at 0x000001D1327BAF30>
2025-09-22 10:07:18,789 - httpcore.http11 - DEBUG - atrace:87 - send_request_headers.started request=<Request [b'GET']>
2025-09-22 10:07:18,793 - httpcore.http11 - DEBUG - atrace:87 - send_request_headers.started request=<Request [b'GET']>
2025-09-22 10:07:18,793 - httpcore.http11 - DEBUG - atrace:87 - send_request_headers.started request=<Request [b'GET']>
2025-09-22 10:07:18,793 - httpcore.http11 - DEBUG - atrace:87 - send_request_headers.complete
2025-09-22 10:07:18,793 - httpcore.http11 - DEBUG - atrace:87 - send_request_body.started request=<Request [b'GET']>
2025-09-22 10:07:18,793 - httpcore.http11 - DEBUG - atrace:87 - send_request_body.complete
2025-09-22 10:07:18,793 - httpcore.http11 - DEBUG - atrace:87 - receive_response_headers.started request=<Request [b'GET']>
2025-09-22 10:07:18,793 - httpcore.http11 - DEBUG - atrace:87 - send_request_headers.complete
2025-09-22 10:07:18,793 - httpcore.http11 - DEBUG - atrace:87 - send_request_body.started request=<Request [b'GET']>
2025-09-22 10:07:18,793 - httpcore.http11 - DEBUG - atrace:87 - send_request_body.complete
2025-09-22 10:07:18,793 - httpcore.http11 - DEBUG - atrace:87 - receive_response_headers.started request=<Request [b'GET']>
2025-09-22 10:07:18,793 - httpcore.http11 - DEBUG - atrace:87 - send_request_headers.complete
2025-09-22 10:07:18,793 - httpcore.http11 - DEBUG - atrace:87 - send_request_body.started request=<Request [b'GET']>
2025-09-22 10:07:18,793 - httpcore.http11 - DEBUG - atrace:87 - send_request_body.complete
2025-09-22 10:07:18,793 - httpcore.http11 - DEBUG - atrace:87 - receive_response_headers.started request=<Request [b'GET']>
2025-09-22 10:07:19,095 - httpcore.http11 - DEBUG - atrace:87 - receive_response_headers.complete return_value=(b'HTTP/1.1', 200, b'OK', [(b'Content-Length', b'18854'), (b'Content-Type', b'application/json;odata.metadata=minimal;odata.streaming=true;IEEE754Compatible=false;charset=utf-8'), (b'Date', b'Mon, 22 Sep 2025 04:37:20 GMT'), (b'Server', b'Microsoft-IIS/10.0'), (b'Access-Control-Allow-Headers', b'Accept, Origin, Content-Type, MaxDataServiceVersion'), (b'Access-Control-Allow-Methods', b'GET'), (b'Access-Control-Allow-Origin', b'*'), (b'Access-Control-Expose-Headers', b'DataServiceVersion'), (b'Cache-Control', b'private'), (b'Content-Encoding', b'gzip'), (b'Expires', b'Mon, 22 Sep 2025 04:38:20 GMT'), (b'Vary', b'*'), (b'X-Content-Type-Options', b'nosniff'), (b'OData-Version', b'4.0;'), (b'X-AspNet-Version', b'4.0.30319'), (b'X-Powered-By', b'ASP.NET')])
2025-09-22 10:07:19,095 - httpx - INFO - _send_single_request:1740 - HTTP Request: GET https://services.odata.org/V4/Northwind/Northwind.svc/Orders?%24skip=500&%24top=500 "HTTP/1.1 200 OK"
2025-09-22 10:07:19,095 - httpcore.http11 - DEBUG - atrace:87 - receive_response_body.started request=<Request [b'GET']>
2025-09-22 10:07:19,363 - httpcore.http11 - DEBUG - atrace:87 - receive_response_body.complete
2025-09-22 10:07:19,363 - httpcore.http11 - DEBUG - atrace:87 - response_closed.started
2025-09-22 10:07:19,363 - httpcore.http11 - DEBUG - atrace:87 - response_closed.complete
2025-09-22 10:07:19,374 - workers.proxy_pool - INFO - _make_http_request:162 - [2m2025-09-22T04:37:19.374866Z[0m [[32m[1minfo     [0m] [1m📊 Worker successfully fetched data[0m [[0m[1m[34mworkers.proxy_pool[0m][0m [36mcommand_id[0m=[35mOrders_page_2[0m [36mentity[0m=[35mOrders[0m [36mhas_next_page[0m=[35mTrue[0m [36mrecords_in_response[0m=[35m200[0m [36mworker_id[0m=[35mworker_2[0m
2025-09-22 10:07:19,374 - workers.proxy_pool - INFO - execute_command:85 - [2m2025-09-22T04:37:19.374866Z[0m [[32m[1minfo     [0m] [1m✅ Worker completed command successfully[0m [[0m[1m[34mworkers.proxy_pool[0m][0m [36mcommand_id[0m=[35mOrders_page_2[0m [36mentity[0m=[35mOrders[0m [36mexecution_time_seconds[0m=[35m1.52[0m [36mhas_next_page[0m=[35mTrue[0m [36mrecords_fetched[0m=[35m200[0m [36mworker_id[0m=[35mworker_2[0m
2025-09-22 10:07:19,374 - workers.proxy_pool - INFO - _worker_loop:363 - [2m2025-09-22T04:37:19.374866Z[0m [[32m[1minfo     [0m] [1m📋 Worker picked up command from queue[0m [[0m[1m[34mworkers.proxy_pool[0m][0m [36mcommand_id[0m=[35mSummary_of_Sales_by_Years_page_1[0m [36mentity[0m=[35mSummary_of_Sales_by_Years[0m [36mqueue_size_after_pickup[0m=[35m32[0m [36mworker_id[0m=[35mworker_2[0m [36mworker_status[0m=[35mPROCESSING[0m
2025-09-22 10:07:19,378 - workers.proxy_pool - INFO - execute_command:51 - [2m2025-09-22T04:37:19.378603Z[0m [[32m[1minfo     [0m] [1m🚀 Worker starting command execution[0m [[0m[1m[34mworkers.proxy_pool[0m][0m [36mcommand_id[0m=[35mSummary_of_Sales_by_Years_page_1[0m [36mcommand_type[0m=[35mfetch_page[0m [36mentity[0m=[35mSummary_of_Sales_by_Years[0m [36mpriority[0m=[35m1[0m [36mretry_count[0m=[35m0[0m [36mskip[0m=[35m0[0m [36mtop[0m=[35m500[0m [36mworker_id[0m=[35mworker_2[0m
2025-09-22 10:07:19,378 - workers.proxy_pool - INFO - execute_command:74 - [2m2025-09-22T04:37:19.378603Z[0m [[32m[1minfo     [0m] [1m🔄 Worker executing request with resilience patterns[0m [[0m[1m[34mworkers.proxy_pool[0m][0m [36mcircuit_breaker_state[0m=[35mclosed[0m [36mcommand_id[0m=[35mSummary_of_Sales_by_Years_page_1[0m [36mworker_id[0m=[35mworker_2[0m
2025-09-22 10:07:19,384 - storage.transformer - INFO - transform_odata_response:96 - [2m2025-09-22T04:37:19.384358Z[0m [[32m[1minfo     [0m] [1mTransformation completed      [0m [[0m[1m[34mstorage.transformer[0m][0m [36mentity_name[0m=[35mOrders[0m [36minput_records[0m=[35m200[0m [36moutput_records[0m=[35m200[0m
2025-09-22 10:07:19,384 - storage.local_storage - INFO - store_processed_records:131 - [2m2025-09-22T04:37:19.384358Z[0m [[32m[1minfo     [0m] [1mStoring processed records     [0m [[0m[1m[34mstorage.local_storage[0m][0m [36mentity_name[0m=[35mOrders[0m [36mformat[0m=[35mjson[0m [36mrecord_count[0m=[35m200[0m
2025-09-22 10:07:19,389 - storage.local_storage - INFO - store_processed_records:142 - [2m2025-09-22T04:37:19.389016Z[0m [[32m[1minfo     [0m] [1mSuccessfully stored processed records[0m [[0m[1m[34mstorage.local_storage[0m][0m [36mentity_name[0m=[35mOrders[0m [36mfile_path[0m=[35m./test_output/processed\Orders_20250922_043719.json[0m [36mrecord_count[0m=[35m200[0m
2025-09-22 10:07:19,393 - storage.local_storage - INFO - store_raw_response:83 - [2m2025-09-22T04:37:19.393956Z[0m [[32m[1minfo     [0m] [1mSuccessfully stored raw data  [0m [[0m[1m[34mstorage.local_storage[0m][0m [36mentity_name[0m=[35mOrders[0m [36mfile_path[0m=[35m./test_output/raw\Orders\2025/09/22\04\Orders_page_2.json[0m [36msize_bytes[0m=[35m109669[0m
2025-09-22 10:07:19,395 - httpcore.http11 - DEBUG - atrace:87 - send_request_headers.started request=<Request [b'GET']>
2025-09-22 10:07:19,396 - httpcore.http11 - DEBUG - atrace:87 - send_request_headers.complete
2025-09-22 10:07:19,396 - httpcore.http11 - DEBUG - atrace:87 - send_request_body.started request=<Request [b'GET']>
2025-09-22 10:07:19,397 - httpcore.http11 - DEBUG - atrace:87 - send_request_body.complete
2025-09-22 10:07:19,397 - httpcore.http11 - DEBUG - atrace:87 - receive_response_headers.started request=<Request [b'GET']>
2025-09-22 10:07:19,784 - httpcore.http11 - DEBUG - atrace:87 - receive_response_headers.complete return_value=(b'HTTP/1.1', 200, b'OK', [(b'Content-Length', b'18515'), (b'Content-Type', b'application/json;odata.metadata=minimal;odata.streaming=true;IEEE754Compatible=false;charset=utf-8'), (b'Date', b'Mon, 22 Sep 2025 04:37:20 GMT'), (b'Server', b'Microsoft-IIS/10.0'), (b'Access-Control-Allow-Headers', b'Accept, Origin, Content-Type, MaxDataServiceVersion'), (b'Access-Control-Allow-Methods', b'GET'), (b'Access-Control-Allow-Origin', b'*'), (b'Access-Control-Expose-Headers', b'DataServiceVersion'), (b'Cache-Control', b'private'), (b'Content-Encoding', b'gzip'), (b'Expires', b'Mon, 22 Sep 2025 04:38:20 GMT'), (b'Vary', b'*'), (b'X-Content-Type-Options', b'nosniff'), (b'OData-Version', b'4.0;'), (b'X-AspNet-Version', b'4.0.30319'), (b'X-Powered-By', b'ASP.NET')])
2025-09-22 10:07:19,784 - httpx - INFO - _send_single_request:1740 - HTTP Request: GET https://services.odata.org/V4/Northwind/Northwind.svc/Orders?%24skip=0&%24top=500 "HTTP/1.1 200 OK"
2025-09-22 10:07:19,785 - httpcore.http11 - DEBUG - atrace:87 - receive_response_body.started request=<Request [b'GET']>
2025-09-22 10:07:19,786 - httpcore.http11 - DEBUG - atrace:87 - receive_response_headers.complete return_value=(b'HTTP/1.1', 200, b'OK', [(b'Content-Length', b'1593'), (b'Content-Type', b'application/json;odata.metadata=minimal;odata.streaming=true;IEEE754Compatible=false;charset=utf-8'), (b'Date', b'Mon, 22 Sep 2025 04:37:20 GMT'), (b'Server', b'Microsoft-IIS/10.0'), (b'Access-Control-Allow-Headers', b'Accept, Origin, Content-Type, MaxDataServiceVersion'), (b'Access-Control-Allow-Methods', b'GET'), (b'Access-Control-Allow-Origin', b'*'), (b'Access-Control-Expose-Headers', b'DataServiceVersion'), (b'Cache-Control', b'private'), (b'Content-Encoding', b'gzip'), (b'Expires', b'Mon, 22 Sep 2025 04:38:21 GMT'), (b'Vary', b'*'), (b'X-Content-Type-Options', b'nosniff'), (b'OData-Version', b'4.0;'), (b'X-AspNet-Version', b'4.0.30319'), (b'X-Powered-By', b'ASP.NET')])
2025-09-22 10:07:19,787 - httpx - INFO - _send_single_request:1740 - HTTP Request: GET https://services.odata.org/V4/Northwind/Northwind.svc/Summary_of_Sales_by_Years?%24skip=0&%24top=500 "HTTP/1.1 200 OK"
2025-09-22 10:07:19,787 - httpcore.http11 - DEBUG - atrace:87 - receive_response_body.started request=<Request [b'GET']>
2025-09-22 10:07:19,787 - httpcore.http11 - DEBUG - atrace:87 - receive_response_body.complete
2025-09-22 10:07:19,787 - httpcore.http11 - DEBUG - atrace:87 - response_closed.started
2025-09-22 10:07:19,787 - httpcore.http11 - DEBUG - atrace:87 - response_closed.complete
2025-09-22 10:07:19,787 - workers.proxy_pool - INFO - _make_http_request:162 - [2m2025-09-22T04:37:19.787966Z[0m [[32m[1minfo     [0m] [1m📊 Worker successfully fetched data[0m [[0m[1m[34mworkers.proxy_pool[0m][0m [36mcommand_id[0m=[35mSummary_of_Sales_by_Years_page_1[0m [36mentity[0m=[35mSummary_of_Sales_by_Years[0m [36mhas_next_page[0m=[35mTrue[0m [36mrecords_in_response[0m=[35m100[0m [36mworker_id[0m=[35mworker_2[0m
2025-09-22 10:07:19,789 - workers.proxy_pool - INFO - execute_command:85 - [2m2025-09-22T04:37:19.789217Z[0m [[32m[1minfo     [0m] [1m✅ Worker completed command successfully[0m [[0m[1m[34mworkers.proxy_pool[0m][0m [36mcommand_id[0m=[35mSummary_of_Sales_by_Years_page_1[0m [36mentity[0m=[35mSummary_of_Sales_by_Years[0m [36mexecution_time_seconds[0m=[35m0.41[0m [36mhas_next_page[0m=[35mTrue[0m [36mrecords_fetched[0m=[35m100[0m [36mworker_id[0m=[35mworker_2[0m
2025-09-22 10:07:19,789 - workers.proxy_pool - INFO - _worker_loop:363 - [2m2025-09-22T04:37:19.789931Z[0m [[32m[1minfo     [0m] [1m📋 Worker picked up command from queue[0m [[0m[1m[34mworkers.proxy_pool[0m][0m [36mcommand_id[0m=[35mSummary_of_Sales_by_Years_page_2[0m [36mentity[0m=[35mSummary_of_Sales_by_Years[0m [36mqueue_size_after_pickup[0m=[35m32[0m [36mworker_id[0m=[35mworker_2[0m [36mworker_status[0m=[35mPROCESSING[0m
2025-09-22 10:07:19,789 - workers.proxy_pool - INFO - execute_command:51 - [2m2025-09-22T04:37:19.789931Z[0m [[32m[1minfo     [0m] [1m🚀 Worker starting command execution[0m [[0m[1m[34mworkers.proxy_pool[0m][0m [36mcommand_id[0m=[35mSummary_of_Sales_by_Years_page_2[0m [36mcommand_type[0m=[35mfetch_page[0m [36mentity[0m=[35mSummary_of_Sales_by_Years[0m [36mpriority[0m=[35m1[0m [36mretry_count[0m=[35m0[0m [36mskip[0m=[35m500[0m [36mtop[0m=[35m500[0m [36mworker_id[0m=[35mworker_2[0m
2025-09-22 10:07:19,789 - workers.proxy_pool - INFO - execute_command:74 - [2m2025-09-22T04:37:19.789931Z[0m [[32m[1minfo     [0m] [1m🔄 Worker executing request with resilience patterns[0m [[0m[1m[34mworkers.proxy_pool[0m][0m [36mcircuit_breaker_state[0m=[35mclosed[0m [36mcommand_id[0m=[35mSummary_of_Sales_by_Years_page_2[0m [36mworker_id[0m=[35mworker_2[0m
2025-09-22 10:07:19,792 - storage.transformer - INFO - transform_odata_response:96 - [2m2025-09-22T04:37:19.792952Z[0m [[32m[1minfo     [0m] [1mTransformation completed      [0m [[0m[1m[34mstorage.transformer[0m][0m [36mentity_name[0m=[35mSummary_of_Sales_by_Years[0m [36minput_records[0m=[35m100[0m [36moutput_records[0m=[35m100[0m
2025-09-22 10:07:19,793 - storage.local_storage - INFO - store_processed_records:131 - [2m2025-09-22T04:37:19.793356Z[0m [[32m[1minfo     [0m] [1mStoring processed records     [0m [[0m[1m[34mstorage.local_storage[0m][0m [36mentity_name[0m=[35mSummary_of_Sales_by_Years[0m [36mformat[0m=[35mjson[0m [36mrecord_count[0m=[35m100[0m
2025-09-22 10:07:19,795 - storage.local_storage - INFO - store_processed_records:142 - [2m2025-09-22T04:37:19.795888Z[0m [[32m[1minfo     [0m] [1mSuccessfully stored processed records[0m [[0m[1m[34mstorage.local_storage[0m][0m [36mentity_name[0m=[35mSummary_of_Sales_by_Years[0m [36mfile_path[0m=[35m./test_output/processed\Summary_of_Sales_by_Years_20250922_043719.json[0m [36mrecord_count[0m=[35m100[0m
2025-09-22 10:07:19,800 - storage.local_storage - INFO - store_raw_response:83 - [2m2025-09-22T04:37:19.800638Z[0m [[32m[1minfo     [0m] [1mSuccessfully stored raw data  [0m [[0m[1m[34mstorage.local_storage[0m][0m [36mentity_name[0m=[35mSummary_of_Sales_by_Years[0m [36mfile_path[0m=[35m./test_output/raw\Summary_of_Sales_by_Years\2025/09/22\04\Summary_of_Sales_by_Years_page_1.json[0m [36msize_bytes[0m=[35m12073[0m
2025-09-22 10:07:19,802 - httpcore.http11 - DEBUG - atrace:87 - send_request_headers.started request=<Request [b'GET']>
2025-09-22 10:07:19,802 - httpcore.http11 - DEBUG - atrace:87 - send_request_headers.complete
2025-09-22 10:07:19,802 - httpcore.http11 - DEBUG - atrace:87 - send_request_body.started request=<Request [b'GET']>
2025-09-22 10:07:19,802 - httpcore.http11 - DEBUG - atrace:87 - send_request_body.complete
2025-09-22 10:07:19,802 - httpcore.http11 - DEBUG - atrace:87 - receive_response_headers.started request=<Request [b'GET']>
2025-09-22 10:07:20,087 - httpcore.http11 - DEBUG - atrace:87 - receive_response_body.complete
2025-09-22 10:07:20,087 - httpcore.http11 - DEBUG - atrace:87 - response_closed.started
2025-09-22 10:07:20,087 - httpcore.http11 - DEBUG - atrace:87 - receive_response_headers.complete return_value=(b'HTTP/1.1', 200, b'OK', [(b'Content-Length', b'1593'), (b'Content-Type', b'application/json;odata.metadata=minimal;odata.streaming=true;IEEE754Compatible=false;charset=utf-8'), (b'Date', b'Mon, 22 Sep 2025 04:37:21 GMT'), (b'Server', b'Microsoft-IIS/10.0'), (b'Access-Control-Allow-Headers', b'Accept, Origin, Content-Type, MaxDataServiceVersion'), (b'Access-Control-Allow-Methods', b'GET'), (b'Access-Control-Allow-Origin', b'*'), (b'Access-Control-Expose-Headers', b'DataServiceVersion'), (b'Cache-Control', b'private'), (b'Content-Encoding', b'gzip'), (b'Expires', b'Mon, 22 Sep 2025 04:38:21 GMT'), (b'Vary', b'*'), (b'X-Content-Type-Options', b'nosniff'), (b'OData-Version', b'4.0;'), (b'X-AspNet-Version', b'4.0.30319'), (b'X-Powered-By', b'ASP.NET')])
2025-09-22 10:07:20,087 - httpx - INFO - _send_single_request:1740 - HTTP Request: GET https://services.odata.org/V4/Northwind/Northwind.svc/Summary_of_Sales_by_Years?%24skip=500&%24top=500 "HTTP/1.1 200 OK"
2025-09-22 10:07:20,087 - httpcore.http11 - DEBUG - atrace:87 - receive_response_body.started request=<Request [b'GET']>
2025-09-22 10:07:20,087 - httpcore.http11 - DEBUG - atrace:87 - receive_response_body.complete
2025-09-22 10:07:20,092 - httpcore.http11 - DEBUG - atrace:87 - response_closed.started
2025-09-22 10:07:20,092 - httpcore.http11 - DEBUG - atrace:87 - response_closed.complete
2025-09-22 10:07:20,093 - workers.proxy_pool - INFO - _make_http_request:162 - [2m2025-09-22T04:37:20.093492Z[0m [[32m[1minfo     [0m] [1m📊 Worker successfully fetched data[0m [[0m[1m[34mworkers.proxy_pool[0m][0m [36mcommand_id[0m=[35mOrders_page_1[0m [36mentity[0m=[35mOrders[0m [36mhas_next_page[0m=[35mTrue[0m [36mrecords_in_response[0m=[35m200[0m [36mworker_id[0m=[35mworker_1[0m
2025-09-22 10:07:20,096 - workers.proxy_pool - INFO - execute_command:85 - [2m2025-09-22T04:37:20.096019Z[0m [[32m[1minfo     [0m] [1m✅ Worker completed command successfully[0m [[0m[1m[34mworkers.proxy_pool[0m][0m [36mcommand_id[0m=[35mOrders_page_1[0m [36mentity[0m=[35mOrders[0m [36mexecution_time_seconds[0m=[35m2.23[0m [36mhas_next_page[0m=[35mTrue[0m [36mrecords_fetched[0m=[35m200[0m [36mworker_id[0m=[35mworker_1[0m
2025-09-22 10:07:20,096 - workers.proxy_pool - INFO - _worker_loop:363 - [2m2025-09-22T04:37:20.096854Z[0m [[32m[1minfo     [0m] [1m📋 Worker picked up command from queue[0m [[0m[1m[34mworkers.proxy_pool[0m][0m [36mcommand_id[0m=[35mSales_by_Categories_page_1[0m [36mentity[0m=[35mSales_by_Categories[0m [36mqueue_size_after_pickup[0m=[35m32[0m [36mworker_id[0m=[35mworker_1[0m [36mworker_status[0m=[35mPROCESSING[0m
2025-09-22 10:07:20,096 - workers.proxy_pool - INFO - execute_command:51 - [2m2025-09-22T04:37:20.096854Z[0m [[32m[1minfo     [0m] [1m🚀 Worker starting command execution[0m [[0m[1m[34mworkers.proxy_pool[0m][0m [36mcommand_id[0m=[35mSales_by_Categories_page_1[0m [36mcommand_type[0m=[35mfetch_page[0m [36mentity[0m=[35mSales_by_Categories[0m [36mpriority[0m=[35m1[0m [36mretry_count[0m=[35m0[0m [36mskip[0m=[35m0[0m [36mtop[0m=[35m500[0m [36mworker_id[0m=[35mworker_1[0m
2025-09-22 10:07:20,096 - workers.proxy_pool - INFO - execute_command:74 - [2m2025-09-22T04:37:20.096854Z[0m [[32m[1minfo     [0m] [1m🔄 Worker executing request with resilience patterns[0m [[0m[1m[34mworkers.proxy_pool[0m][0m [36mcircuit_breaker_state[0m=[35mclosed[0m [36mcommand_id[0m=[35mSales_by_Categories_page_1[0m [36mworker_id[0m=[35mworker_1[0m
2025-09-22 10:07:20,099 - httpcore.http11 - DEBUG - atrace:87 - response_closed.complete
2025-09-22 10:07:20,099 - workers.proxy_pool - INFO - _make_http_request:162 - [2m2025-09-22T04:37:20.099115Z[0m [[32m[1minfo     [0m] [1m📊 Worker successfully fetched data[0m [[0m[1m[34mworkers.proxy_pool[0m][0m [36mcommand_id[0m=[35mSummary_of_Sales_by_Years_page_2[0m [36mentity[0m=[35mSummary_of_Sales_by_Years[0m [36mhas_next_page[0m=[35mTrue[0m [36mrecords_in_response[0m=[35m100[0m [36mworker_id[0m=[35mworker_2[0m
2025-09-22 10:07:20,101 - workers.proxy_pool - INFO - execute_command:85 - [2m2025-09-22T04:37:20.101076Z[0m [[32m[1minfo     [0m] [1m✅ Worker completed command successfully[0m [[0m[1m[34mworkers.proxy_pool[0m][0m [36mcommand_id[0m=[35mSummary_of_Sales_by_Years_page_2[0m [36mentity[0m=[35mSummary_of_Sales_by_Years[0m [36mexecution_time_seconds[0m=[35m0.31[0m [36mhas_next_page[0m=[35mTrue[0m [36mrecords_fetched[0m=[35m100[0m [36mworker_id[0m=[35mworker_2[0m
2025-09-22 10:07:20,103 - workers.proxy_pool - INFO - _worker_loop:363 - [2m2025-09-22T04:37:20.101076Z[0m [[32m[1minfo     [0m] [1m📋 Worker picked up command from queue[0m [[0m[1m[34mworkers.proxy_pool[0m][0m [36mcommand_id[0m=[35mInvoices_page_1[0m [36mentity[0m=[35mInvoices[0m [36mqueue_size_after_pickup[0m=[35m31[0m [36mworker_id[0m=[35mworker_2[0m [36mworker_status[0m=[35mPROCESSING[0m
2025-09-22 10:07:20,103 - workers.proxy_pool - INFO - execute_command:51 - [2m2025-09-22T04:37:20.103937Z[0m [[32m[1minfo     [0m] [1m🚀 Worker starting command execution[0m [[0m[1m[34mworkers.proxy_pool[0m][0m [36mcommand_id[0m=[35mInvoices_page_1[0m [36mcommand_type[0m=[35mfetch_page[0m [36mentity[0m=[35mInvoices[0m [36mpriority[0m=[35m1[0m [36mretry_count[0m=[35m0[0m [36mskip[0m=[35m0[0m [36mtop[0m=[35m500[0m [36mworker_id[0m=[35mworker_2[0m
2025-09-22 10:07:20,104 - workers.proxy_pool - INFO - execute_command:74 - [2m2025-09-22T04:37:20.104905Z[0m [[32m[1minfo     [0m] [1m🔄 Worker executing request with resilience patterns[0m [[0m[1m[34mworkers.proxy_pool[0m][0m [36mcircuit_breaker_state[0m=[35mclosed[0m [36mcommand_id[0m=[35mInvoices_page_1[0m [36mworker_id[0m=[35mworker_2[0m
2025-09-22 10:07:20,110 - storage.transformer - INFO - transform_odata_response:96 - [2m2025-09-22T04:37:20.110753Z[0m [[32m[1minfo     [0m] [1mTransformation completed      [0m [[0m[1m[34mstorage.transformer[0m][0m [36mentity_name[0m=[35mOrders[0m [36minput_records[0m=[35m200[0m [36moutput_records[0m=[35m200[0m
2025-09-22 10:07:20,110 - storage.local_storage - INFO - store_processed_records:131 - [2m2025-09-22T04:37:20.110753Z[0m [[32m[1minfo     [0m] [1mStoring processed records     [0m [[0m[1m[34mstorage.local_storage[0m][0m [36mentity_name[0m=[35mOrders[0m [36mformat[0m=[35mjson[0m [36mrecord_count[0m=[35m200[0m
2025-09-22 10:07:20,116 - storage.local_storage - INFO - store_processed_records:142 - [2m2025-09-22T04:37:20.116578Z[0m [[32m[1minfo     [0m] [1mSuccessfully stored processed records[0m [[0m[1m[34mstorage.local_storage[0m][0m [36mentity_name[0m=[35mOrders[0m [36mfile_path[0m=[35m./test_output/processed\Orders_20250922_043720.json[0m [36mrecord_count[0m=[35m200[0m
2025-09-22 10:07:20,116 - storage.local_storage - INFO - store_raw_response:83 - [2m2025-09-22T04:37:20.116578Z[0m [[32m[1minfo     [0m] [1mSuccessfully stored raw data  [0m [[0m[1m[34mstorage.local_storage[0m][0m [36mentity_name[0m=[35mOrders[0m [36mfile_path[0m=[35m./test_output/raw\Orders\2025/09/22\04\Orders_page_1.json[0m [36msize_bytes[0m=[35m109620[0m
2025-09-22 10:07:20,116 - storage.transformer - INFO - transform_odata_response:96 - [2m2025-09-22T04:37:20.116578Z[0m [[32m[1minfo     [0m] [1mTransformation completed      [0m [[0m[1m[34mstorage.transformer[0m][0m [36mentity_name[0m=[35mSummary_of_Sales_by_Years[0m [36minput_records[0m=[35m100[0m [36moutput_records[0m=[35m100[0m
2025-09-22 10:07:20,123 - storage.local_storage - INFO - store_processed_records:131 - [2m2025-09-22T04:37:20.123045Z[0m [[32m[1minfo     [0m] [1mStoring processed records     [0m [[0m[1m[34mstorage.local_storage[0m][0m [36mentity_name[0m=[35mSummary_of_Sales_by_Years[0m [36mformat[0m=[35mjson[0m [36mrecord_count[0m=[35m100[0m
2025-09-22 10:07:20,124 - storage.local_storage - INFO - store_processed_records:142 - [2m2025-09-22T04:37:20.124709Z[0m [[32m[1minfo     [0m] [1mSuccessfully stored processed records[0m [[0m[1m[34mstorage.local_storage[0m][0m [36mentity_name[0m=[35mSummary_of_Sales_by_Years[0m [36mfile_path[0m=[35m./test_output/processed\Summary_of_Sales_by_Years_20250922_043720.json[0m [36mrecord_count[0m=[35m100[0m
2025-09-22 10:07:20,125 - storage.local_storage - INFO - store_raw_response:83 - [2m2025-09-22T04:37:20.125073Z[0m [[32m[1minfo     [0m] [1mSuccessfully stored raw data  [0m [[0m[1m[34mstorage.local_storage[0m][0m [36mentity_name[0m=[35mSummary_of_Sales_by_Years[0m [36mfile_path[0m=[35m./test_output/raw\Summary_of_Sales_by_Years\2025/09/22\04\Summary_of_Sales_by_Years_page_2.json[0m [36msize_bytes[0m=[35m12082[0m
2025-09-22 10:07:20,125 - httpcore.http11 - DEBUG - atrace:87 - send_request_headers.started request=<Request [b'GET']>
2025-09-22 10:07:20,125 - httpcore.http11 - DEBUG - atrace:87 - send_request_headers.complete
2025-09-22 10:07:20,125 - httpcore.http11 - DEBUG - atrace:87 - send_request_body.started request=<Request [b'GET']>
2025-09-22 10:07:20,125 - httpcore.http11 - DEBUG - atrace:87 - send_request_body.complete
2025-09-22 10:07:20,125 - httpcore.http11 - DEBUG - atrace:87 - receive_response_headers.started request=<Request [b'GET']>
2025-09-22 10:07:20,125 - httpcore.http11 - DEBUG - atrace:87 - send_request_headers.started request=<Request [b'GET']>
2025-09-22 10:07:20,125 - httpcore.http11 - DEBUG - atrace:87 - send_request_headers.complete
2025-09-22 10:07:20,125 - httpcore.http11 - DEBUG - atrace:87 - send_request_body.started request=<Request [b'GET']>
2025-09-22 10:07:20,125 - httpcore.http11 - DEBUG - atrace:87 - send_request_body.complete
2025-09-22 10:07:20,125 - httpcore.http11 - DEBUG - atrace:87 - receive_response_headers.started request=<Request [b'GET']>
2025-09-22 10:07:20,138 - httpcore.http11 - DEBUG - atrace:87 - receive_response_headers.complete return_value=(b'HTTP/1.1', 200, b'OK', [(b'Content-Length', b'4165'), (b'Content-Type', b'application/json;odata.metadata=minimal;odata.streaming=true;IEEE754Compatible=false;charset=utf-8'), (b'Date', b'Mon, 22 Sep 2025 04:37:21 GMT'), (b'Server', b'Microsoft-IIS/10.0'), (b'Access-Control-Allow-Headers', b'Accept, Origin, Content-Type, MaxDataServiceVersion'), (b'Access-Control-Allow-Methods', b'GET'), (b'Access-Control-Allow-Origin', b'*'), (b'Access-Control-Expose-Headers', b'DataServiceVersion'), (b'Cache-Control', b'private'), (b'Content-Encoding', b'gzip'), (b'Expires', b'Mon, 22 Sep 2025 04:38:20 GMT'), (b'Vary', b'*'), (b'X-Content-Type-Options', b'nosniff'), (b'OData-Version', b'4.0;'), (b'X-AspNet-Version', b'4.0.30319'), (b'X-Powered-By', b'ASP.NET')])
2025-09-22 10:07:20,138 - httpx - INFO - _send_single_request:1740 - HTTP Request: GET https://services.odata.org/V4/Northwind/Northwind.svc/Customer_and_Suppliers_by_Cities?%24skip=0&%24top=500 "HTTP/1.1 200 OK"
2025-09-22 10:07:20,140 - httpcore.http11 - DEBUG - atrace:87 - receive_response_body.started request=<Request [b'GET']>
2025-09-22 10:07:20,140 - httpcore.http11 - DEBUG - atrace:87 - receive_response_body.complete
2025-09-22 10:07:20,140 - httpcore.http11 - DEBUG - atrace:87 - response_closed.started
2025-09-22 10:07:20,140 - httpcore.http11 - DEBUG - atrace:87 - response_closed.complete
2025-09-22 10:07:20,140 - workers.proxy_pool - INFO - _make_http_request:162 - [2m2025-09-22T04:37:20.140775Z[0m [[32m[1minfo     [0m] [1m📊 Worker successfully fetched data[0m [[0m[1m[34mworkers.proxy_pool[0m][0m [36mcommand_id[0m=[35mCustomer_and_Suppliers_by_Cities_page_1[0m [36mentity[0m=[35mCustomer_and_Suppliers_by_Cities[0m [36mhas_next_page[0m=[35mTrue[0m [36mrecords_in_response[0m=[35m100[0m [36mworker_id[0m=[35mworker_0[0m
2025-09-22 10:07:20,140 - workers.proxy_pool - INFO - execute_command:85 - [2m2025-09-22T04:37:20.140775Z[0m [[32m[1minfo     [0m] [1m✅ Worker completed command successfully[0m [[0m[1m[34mworkers.proxy_pool[0m][0m [36mcommand_id[0m=[35mCustomer_and_Suppliers_by_Cities_page_1[0m [36mentity[0m=[35mCustomer_and_Suppliers_by_Cities[0m [36mexecution_time_seconds[0m=[35m2.78[0m [36mhas_next_page[0m=[35mTrue[0m [36mrecords_fetched[0m=[35m100[0m [36mworker_id[0m=[35mworker_0[0m
2025-09-22 10:07:20,140 - workers.proxy_pool - INFO - _worker_loop:363 - [2m2025-09-22T04:37:20.140775Z[0m [[32m[1minfo     [0m] [1m📋 Worker picked up command from queue[0m [[0m[1m[34mworkers.proxy_pool[0m][0m [36mcommand_id[0m=[35mInvoices_page_2[0m [36mentity[0m=[35mInvoices[0m [36mqueue_size_after_pickup[0m=[35m32[0m [36mworker_id[0m=[35mworker_0[0m [36mworker_status[0m=[35mPROCESSING[0m
2025-09-22 10:07:20,143 - workers.proxy_pool - INFO - execute_command:51 - [2m2025-09-22T04:37:20.143626Z[0m [[32m[1minfo     [0m] [1m🚀 Worker starting command execution[0m [[0m[1m[34mworkers.proxy_pool[0m][0m [36mcommand_id[0m=[35mInvoices_page_2[0m [36mcommand_type[0m=[35mfetch_page[0m [36mentity[0m=[35mInvoices[0m [36mpriority[0m=[35m1[0m [36mretry_count[0m=[35m0[0m [36mskip[0m=[35m500[0m [36mtop[0m=[35m500[0m [36mworker_id[0m=[35mworker_0[0m
2025-09-22 10:07:20,143 - workers.proxy_pool - INFO - execute_command:74 - [2m2025-09-22T04:37:20.143626Z[0m [[32m[1minfo     [0m] [1m🔄 Worker executing request with resilience patterns[0m [[0m[1m[34mworkers.proxy_pool[0m][0m [36mcircuit_breaker_state[0m=[35mclosed[0m [36mcommand_id[0m=[35mInvoices_page_2[0m [36mworker_id[0m=[35mworker_0[0m
2025-09-22 10:07:20,147 - storage.transformer - INFO - transform_odata_response:96 - [2m2025-09-22T04:37:20.147412Z[0m [[32m[1minfo     [0m] [1mTransformation completed      [0m [[0m[1m[34mstorage.transformer[0m][0m [36mentity_name[0m=[35mCustomer_and_Suppliers_by_Cities[0m [36minput_records[0m=[35m100[0m [36moutput_records[0m=[35m100[0m
2025-09-22 10:07:20,148 - storage.local_storage - INFO - store_processed_records:131 - [2m2025-09-22T04:37:20.148974Z[0m [[32m[1minfo     [0m] [1mStoring processed records     [0m [[0m[1m[34mstorage.local_storage[0m][0m [36mentity_name[0m=[35mCustomer_and_Suppliers_by_Cities[0m [36mformat[0m=[35mjson[0m [36mrecord_count[0m=[35m100[0m
2025-09-22 10:07:20,151 - storage.local_storage - INFO - store_processed_records:142 - [2m2025-09-22T04:37:20.151046Z[0m [[32m[1minfo     [0m] [1mSuccessfully stored processed records[0m [[0m[1m[34mstorage.local_storage[0m][0m [36mentity_name[0m=[35mCustomer_and_Suppliers_by_Cities[0m [36mfile_path[0m=[35m./test_output/processed\Customer_and_Suppliers_by_Cities_20250922_043720.json[0m [36mrecord_count[0m=[35m100[0m
2025-09-22 10:07:20,154 - storage.local_storage - INFO - store_raw_response:83 - [2m2025-09-22T04:37:20.154452Z[0m [[32m[1minfo     [0m] [1mSuccessfully stored raw data  [0m [[0m[1m[34mstorage.local_storage[0m][0m [36mentity_name[0m=[35mCustomer_and_Suppliers_by_Cities[0m [36mfile_path[0m=[35m./test_output/raw\Customer_and_Suppliers_by_Cities\2025/09/22\04\Customer_and_Suppliers_by_Cities_page_1.json[0m [36msize_bytes[0m=[35m17327[0m
2025-09-22 10:07:20,154 - httpcore.http11 - DEBUG - atrace:87 - send_request_headers.started request=<Request [b'GET']>
2025-09-22 10:07:20,154 - httpcore.http11 - DEBUG - atrace:87 - send_request_headers.complete
2025-09-22 10:07:20,154 - httpcore.http11 - DEBUG - atrace:87 - send_request_body.started request=<Request [b'GET']>
2025-09-22 10:07:20,154 - httpcore.http11 - DEBUG - atrace:87 - send_request_body.complete
2025-09-22 10:07:20,154 - httpcore.http11 - DEBUG - atrace:87 - receive_response_headers.started request=<Request [b'GET']>
2025-09-22 10:07:20,497 - httpcore.http11 - DEBUG - atrace:87 - receive_response_headers.complete return_value=(b'HTTP/1.1', 200, b'OK', [(b'Content-Length', b'2173'), (b'Content-Type', b'application/json;odata.metadata=minimal;odata.streaming=true;IEEE754Compatible=false;charset=utf-8'), (b'Date', b'Mon, 22 Sep 2025 04:37:21 GMT'), (b'Server', b'Microsoft-IIS/10.0'), (b'Access-Control-Allow-Headers', b'Accept, Origin, Content-Type, MaxDataServiceVersion'), (b'Access-Control-Allow-Methods', b'GET'), (b'Access-Control-Allow-Origin', b'*'), (b'Access-Control-Expose-Headers', b'DataServiceVersion'), (b'Cache-Control', b'private'), (b'Content-Encoding', b'gzip'), (b'Expires', b'Mon, 22 Sep 2025 04:38:22 GMT'), (b'Vary', b'*'), (b'X-Content-Type-Options', b'nosniff'), (b'OData-Version', b'4.0;'), (b'X-AspNet-Version', b'4.0.30319'), (b'X-Powered-By', b'ASP.NET')])
2025-09-22 10:07:20,497 - httpx - INFO - _send_single_request:1740 - HTTP Request: GET https://services.odata.org/V4/Northwind/Northwind.svc/Sales_by_Categories?%24skip=0&%24top=500 "HTTP/1.1 200 OK"
2025-09-22 10:07:20,497 - httpcore.http11 - DEBUG - atrace:87 - receive_response_body.started request=<Request [b'GET']>
2025-09-22 10:07:20,497 - httpcore.http11 - DEBUG - atrace:87 - receive_response_body.complete
2025-09-22 10:07:20,497 - httpcore.http11 - DEBUG - atrace:87 - response_closed.started
2025-09-22 10:07:20,497 - httpcore.http11 - DEBUG - atrace:87 - response_closed.complete
2025-09-22 10:07:20,497 - workers.proxy_pool - INFO - _make_http_request:162 - [2m2025-09-22T04:37:20.497111Z[0m [[32m[1minfo     [0m] [1m📊 Worker successfully fetched data[0m [[0m[1m[34mworkers.proxy_pool[0m][0m [36mcommand_id[0m=[35mSales_by_Categories_page_1[0m [36mentity[0m=[35mSales_by_Categories[0m [36mhas_next_page[0m=[35mFalse[0m [36mrecords_in_response[0m=[35m77[0m [36mworker_id[0m=[35mworker_1[0m
2025-09-22 10:07:20,502 - workers.proxy_pool - INFO - execute_command:85 - [2m2025-09-22T04:37:20.502106Z[0m [[32m[1minfo     [0m] [1m✅ Worker completed command successfully[0m [[0m[1m[34mworkers.proxy_pool[0m][0m [36mcommand_id[0m=[35mSales_by_Categories_page_1[0m [36mentity[0m=[35mSales_by_Categories[0m [36mexecution_time_seconds[0m=[35m0.41[0m [36mhas_next_page[0m=[35mFalse[0m [36mrecords_fetched[0m=[35m77[0m [36mworker_id[0m=[35mworker_1[0m
2025-09-22 10:07:20,502 - workers.proxy_pool - INFO - _worker_loop:363 - [2m2025-09-22T04:37:20.502106Z[0m [[32m[1minfo     [0m] [1m📋 Worker picked up command from queue[0m [[0m[1m[34mworkers.proxy_pool[0m][0m [36mcommand_id[0m=[35mInvoices_page_3[0m [36mentity[0m=[35mInvoices[0m [36mqueue_size_after_pickup[0m=[35m32[0m [36mworker_id[0m=[35mworker_1[0m [36mworker_status[0m=[35mPROCESSING[0m
2025-09-22 10:07:20,502 - workers.proxy_pool - INFO - execute_command:51 - [2m2025-09-22T04:37:20.502106Z[0m [[32m[1minfo     [0m] [1m🚀 Worker starting command execution[0m [[0m[1m[34mworkers.proxy_pool[0m][0m [36mcommand_id[0m=[35mInvoices_page_3[0m [36mcommand_type[0m=[35mfetch_page[0m [36mentity[0m=[35mInvoices[0m [36mpriority[0m=[35m1[0m [36mretry_count[0m=[35m0[0m [36mskip[0m=[35m1000[0m [36mtop[0m=[35m500[0m [36mworker_id[0m=[35mworker_1[0m
2025-09-22 10:07:20,502 - workers.proxy_pool - INFO - execute_command:74 - [2m2025-09-22T04:37:20.502106Z[0m [[32m[1minfo     [0m] [1m🔄 Worker executing request with resilience patterns[0m [[0m[1m[34mworkers.proxy_pool[0m][0m [36mcircuit_breaker_state[0m=[35mclosed[0m [36mcommand_id[0m=[35mInvoices_page_3[0m [36mworker_id[0m=[35mworker_1[0m
2025-09-22 10:07:20,507 - storage.transformer - INFO - transform_odata_response:96 - [2m2025-09-22T04:37:20.507548Z[0m [[32m[1minfo     [0m] [1mTransformation completed      [0m [[0m[1m[34mstorage.transformer[0m][0m [36mentity_name[0m=[35mSales_by_Categories[0m [36minput_records[0m=[35m77[0m [36moutput_records[0m=[35m77[0m
2025-09-22 10:07:20,507 - storage.local_storage - INFO - store_processed_records:131 - [2m2025-09-22T04:37:20.507548Z[0m [[32m[1minfo     [0m] [1mStoring processed records     [0m [[0m[1m[34mstorage.local_storage[0m][0m [36mentity_name[0m=[35mSales_by_Categories[0m [36mformat[0m=[35mjson[0m [36mrecord_count[0m=[35m77[0m
2025-09-22 10:07:20,511 - storage.local_storage - INFO - store_processed_records:142 - [2m2025-09-22T04:37:20.510427Z[0m [[32m[1minfo     [0m] [1mSuccessfully stored processed records[0m [[0m[1m[34mstorage.local_storage[0m][0m [36mentity_name[0m=[35mSales_by_Categories[0m [36mfile_path[0m=[35m./test_output/processed\Sales_by_Categories_20250922_043720.json[0m [36mrecord_count[0m=[35m77[0m
2025-09-22 10:07:20,519 - storage.local_storage - INFO - store_raw_response:83 - [2m2025-09-22T04:37:20.519073Z[0m [[32m[1minfo     [0m] [1mSuccessfully stored raw data  [0m [[0m[1m[34mstorage.local_storage[0m][0m [36mentity_name[0m=[35mSales_by_Categories[0m [36mfile_path[0m=[35m./test_output/raw\Sales_by_Categories\2025/09/22\04\Sales_by_Categories_page_1.json[0m [36msize_bytes[0m=[35m12298[0m
2025-09-22 10:07:20,519 - httpcore.http11 - DEBUG - atrace:87 - send_request_headers.started request=<Request [b'GET']>
2025-09-22 10:07:20,519 - httpcore.http11 - DEBUG - atrace:87 - send_request_headers.complete
2025-09-22 10:07:20,519 - httpcore.http11 - DEBUG - atrace:87 - send_request_body.started request=<Request [b'GET']>
2025-09-22 10:07:20,519 - httpcore.http11 - DEBUG - atrace:87 - send_request_body.complete
2025-09-22 10:07:20,519 - httpcore.http11 - DEBUG - atrace:87 - receive_response_headers.started request=<Request [b'GET']>
2025-09-22 10:07:21,116 - httpcore.http11 - DEBUG - atrace:87 - receive_response_headers.complete return_value=(b'HTTP/1.1', 200, b'OK', [(b'Content-Length', b'39248'), (b'Content-Type', b'application/json;odata.metadata=minimal;odata.streaming=true;IEEE754Compatible=false;charset=utf-8'), (b'Date', b'Mon, 22 Sep 2025 04:37:21 GMT'), (b'Server', b'Microsoft-IIS/10.0'), (b'Access-Control-Allow-Headers', b'Accept, Origin, Content-Type, MaxDataServiceVersion'), (b'Access-Control-Allow-Methods', b'GET'), (b'Access-Control-Allow-Origin', b'*'), (b'Access-Control-Expose-Headers', b'DataServiceVersion'), (b'Cache-Control', b'private'), (b'Content-Encoding', b'gzip'), (b'Expires', b'Mon, 22 Sep 2025 04:38:22 GMT'), (b'Vary', b'*'), (b'X-Content-Type-Options', b'nosniff'), (b'OData-Version', b'4.0;'), (b'X-AspNet-Version', b'4.0.30319'), (b'X-Powered-By', b'ASP.NET')])
2025-09-22 10:07:21,117 - httpx - INFO - _send_single_request:1740 - HTTP Request: GET https://services.odata.org/V4/Northwind/Northwind.svc/Invoices?%24skip=1000&%24top=500 "HTTP/1.1 200 OK"
2025-09-22 10:07:21,118 - httpcore.http11 - DEBUG - atrace:87 - receive_response_body.started request=<Request [b'GET']>
2025-09-22 10:07:21,426 - httpcore.http11 - DEBUG - atrace:87 - receive_response_headers.complete return_value=(b'HTTP/1.1', 200, b'OK', [(b'Content-Length', b'37811'), (b'Content-Type', b'application/json;odata.metadata=minimal;odata.streaming=true;IEEE754Compatible=false;charset=utf-8'), (b'Date', b'Mon, 22 Sep 2025 04:37:23 GMT'), (b'Server', b'Microsoft-IIS/10.0'), (b'Access-Control-Allow-Headers', b'Accept, Origin, Content-Type, MaxDataServiceVersion'), (b'Access-Control-Allow-Methods', b'GET'), (b'Access-Control-Allow-Origin', b'*'), (b'Access-Control-Expose-Headers', b'DataServiceVersion'), (b'Cache-Control', b'private'), (b'Content-Encoding', b'gzip'), (b'Expires', b'Mon, 22 Sep 2025 04:38:22 GMT'), (b'Vary', b'*'), (b'X-Content-Type-Options', b'nosniff'), (b'OData-Version', b'4.0;'), (b'X-AspNet-Version', b'4.0.30319'), (b'X-Powered-By', b'ASP.NET')])
2025-09-22 10:07:21,426 - httpx - INFO - _send_single_request:1740 - HTTP Request: GET https://services.odata.org/V4/Northwind/Northwind.svc/Invoices?%24skip=0&%24top=500 "HTTP/1.1 200 OK"
2025-09-22 10:07:21,426 - httpcore.http11 - DEBUG - atrace:87 - receive_response_body.started request=<Request [b'GET']>
2025-09-22 10:07:21,432 - httpcore.http11 - DEBUG - atrace:87 - receive_response_body.complete
2025-09-22 10:07:21,433 - httpcore.http11 - DEBUG - atrace:87 - response_closed.started
2025-09-22 10:07:21,433 - httpcore.http11 - DEBUG - atrace:87 - response_closed.complete
2025-09-22 10:07:21,438 - workers.proxy_pool - INFO - _make_http_request:162 - [2m2025-09-22T04:37:21.438603Z[0m [[32m[1minfo     [0m] [1m📊 Worker successfully fetched data[0m [[0m[1m[34mworkers.proxy_pool[0m][0m [36mcommand_id[0m=[35mInvoices_page_3[0m [36mentity[0m=[35mInvoices[0m [36mhas_next_page[0m=[35mFalse[0m [36mrecords_in_response[0m=[35m500[0m [36mworker_id[0m=[35mworker_1[0m
2025-09-22 10:07:21,438 - workers.proxy_pool - INFO - execute_command:85 - [2m2025-09-22T04:37:21.438603Z[0m [[32m[1minfo     [0m] [1m✅ Worker completed command successfully[0m [[0m[1m[34mworkers.proxy_pool[0m][0m [36mcommand_id[0m=[35mInvoices_page_3[0m [36mentity[0m=[35mInvoices[0m [36mexecution_time_seconds[0m=[35m0.94[0m [36mhas_next_page[0m=[35mFalse[0m [36mrecords_fetched[0m=[35m500[0m [36mworker_id[0m=[35mworker_1[0m
2025-09-22 10:07:21,438 - workers.proxy_pool - INFO - _worker_loop:363 - [2m2025-09-22T04:37:21.438603Z[0m [[32m[1minfo     [0m] [1m📋 Worker picked up command from queue[0m [[0m[1m[34mworkers.proxy_pool[0m][0m [36mcommand_id[0m=[35mCustomers_page_1[0m [36mentity[0m=[35mCustomers[0m [36mqueue_size_after_pickup[0m=[35m31[0m [36mworker_id[0m=[35mworker_1[0m [36mworker_status[0m=[35mPROCESSING[0m
2025-09-22 10:07:21,438 - workers.proxy_pool - INFO - execute_command:51 - [2m2025-09-22T04:37:21.438603Z[0m [[32m[1minfo     [0m] [1m🚀 Worker starting command execution[0m [[0m[1m[34mworkers.proxy_pool[0m][0m [36mcommand_id[0m=[35mCustomers_page_1[0m [36mcommand_type[0m=[35mfetch_page[0m [36mentity[0m=[35mCustomers[0m [36mpriority[0m=[35m1[0m [36mretry_count[0m=[35m0[0m [36mskip[0m=[35m0[0m [36mtop[0m=[35m500[0m [36mworker_id[0m=[35mworker_1[0m
2025-09-22 10:07:21,442 - workers.proxy_pool - INFO - execute_command:74 - [2m2025-09-22T04:37:21.442103Z[0m [[32m[1minfo     [0m] [1m🔄 Worker executing request with resilience patterns[0m [[0m[1m[34mworkers.proxy_pool[0m][0m [36mcircuit_breaker_state[0m=[35mclosed[0m [36mcommand_id[0m=[35mCustomers_page_1[0m [36mworker_id[0m=[35mworker_1[0m
2025-09-22 10:07:21,446 - httpcore.http11 - DEBUG - atrace:87 - receive_response_body.complete
2025-09-22 10:07:21,446 - httpcore.http11 - DEBUG - atrace:87 - response_closed.started
2025-09-22 10:07:21,447 - httpcore.http11 - DEBUG - atrace:87 - response_closed.complete
2025-09-22 10:07:21,453 - workers.proxy_pool - INFO - _make_http_request:162 - [2m2025-09-22T04:37:21.453036Z[0m [[32m[1minfo     [0m] [1m📊 Worker successfully fetched data[0m [[0m[1m[34mworkers.proxy_pool[0m][0m [36mcommand_id[0m=[35mInvoices_page_1[0m [36mentity[0m=[35mInvoices[0m [36mhas_next_page[0m=[35mFalse[0m [36mrecords_in_response[0m=[35m500[0m [36mworker_id[0m=[35mworker_2[0m
2025-09-22 10:07:21,453 - workers.proxy_pool - INFO - execute_command:85 - [2m2025-09-22T04:37:21.453036Z[0m [[32m[1minfo     [0m] [1m✅ Worker completed command successfully[0m [[0m[1m[34mworkers.proxy_pool[0m][0m [36mcommand_id[0m=[35mInvoices_page_1[0m [36mentity[0m=[35mInvoices[0m [36mexecution_time_seconds[0m=[35m1.36[0m [36mhas_next_page[0m=[35mFalse[0m [36mrecords_fetched[0m=[35m500[0m [36mworker_id[0m=[35mworker_2[0m
2025-09-22 10:07:21,453 - workers.proxy_pool - INFO - _worker_loop:363 - [2m2025-09-22T04:37:21.453036Z[0m [[32m[1minfo     [0m] [1m📋 Worker picked up command from queue[0m [[0m[1m[34mworkers.proxy_pool[0m][0m [36mcommand_id[0m=[35mOrder_Details_page_1[0m [36mentity[0m=[35mOrder_Details[0m [36mqueue_size_after_pickup[0m=[35m30[0m [36mworker_id[0m=[35mworker_2[0m [36mworker_status[0m=[35mPROCESSING[0m
2025-09-22 10:07:21,453 - workers.proxy_pool - INFO - execute_command:51 - [2m2025-09-22T04:37:21.453036Z[0m [[32m[1minfo     [0m] [1m🚀 Worker starting command execution[0m [[0m[1m[34mworkers.proxy_pool[0m][0m [36mcommand_id[0m=[35mOrder_Details_page_1[0m [36mcommand_type[0m=[35mfetch_page[0m [36mentity[0m=[35mOrder_Details[0m [36mpriority[0m=[35m1[0m [36mretry_count[0m=[35m0[0m [36mskip[0m=[35m0[0m [36mtop[0m=[35m500[0m [36mworker_id[0m=[35mworker_2[0m
2025-09-22 10:07:21,453 - workers.proxy_pool - INFO - execute_command:74 - [2m2025-09-22T04:37:21.453036Z[0m [[32m[1minfo     [0m] [1m🔄 Worker executing request with resilience patterns[0m [[0m[1m[34mworkers.proxy_pool[0m][0m [36mcircuit_breaker_state[0m=[35mclosed[0m [36mcommand_id[0m=[35mOrder_Details_page_1[0m [36mworker_id[0m=[35mworker_2[0m
2025-09-22 10:07:21,474 - storage.transformer - INFO - transform_odata_response:96 - [2m2025-09-22T04:37:21.471824Z[0m [[32m[1minfo     [0m] [1mTransformation completed      [0m [[0m[1m[34mstorage.transformer[0m][0m [36mentity_name[0m=[35mInvoices[0m [36minput_records[0m=[35m500[0m [36moutput_records[0m=[35m500[0m
2025-09-22 10:07:21,474 - storage.local_storage - INFO - store_processed_records:131 - [2m2025-09-22T04:37:21.474809Z[0m [[32m[1minfo     [0m] [1mStoring processed records     [0m [[0m[1m[34mstorage.local_storage[0m][0m [36mentity_name[0m=[35mInvoices[0m [36mformat[0m=[35mjson[0m [36mrecord_count[0m=[35m500[0m
2025-09-22 10:07:21,481 - storage.local_storage - INFO - store_processed_records:142 - [2m2025-09-22T04:37:21.481709Z[0m [[32m[1minfo     [0m] [1mSuccessfully stored processed records[0m [[0m[1m[34mstorage.local_storage[0m][0m [36mentity_name[0m=[35mInvoices[0m [36mfile_path[0m=[35m./test_output/processed\Invoices_20250922_043721.json[0m [36mrecord_count[0m=[35m500[0m
2025-09-22 10:07:21,485 - storage.local_storage - INFO - store_raw_response:83 - [2m2025-09-22T04:37:21.485494Z[0m [[32m[1minfo     [0m] [1mSuccessfully stored raw data  [0m [[0m[1m[34mstorage.local_storage[0m][0m [36mentity_name[0m=[35mInvoices[0m [36mfile_path[0m=[35m./test_output/raw\Invoices\2025/09/22\04\Invoices_page_3.json[0m [36msize_bytes[0m=[35m461990[0m
2025-09-22 10:07:21,485 - httpcore.http11 - DEBUG - atrace:87 - send_request_headers.started request=<Request [b'GET']>
2025-09-22 10:07:21,488 - httpcore.http11 - DEBUG - atrace:87 - send_request_headers.complete
2025-09-22 10:07:21,488 - httpcore.http11 - DEBUG - atrace:87 - send_request_body.started request=<Request [b'GET']>
2025-09-22 10:07:21,488 - httpcore.http11 - DEBUG - atrace:87 - send_request_body.complete
2025-09-22 10:07:21,488 - httpcore.http11 - DEBUG - atrace:87 - receive_response_headers.started request=<Request [b'GET']>
2025-09-22 10:07:21,498 - storage.transformer - INFO - transform_odata_response:96 - [2m2025-09-22T04:37:21.498426Z[0m [[32m[1minfo     [0m] [1mTransformation completed      [0m [[0m[1m[34mstorage.transformer[0m][0m [36mentity_name[0m=[35mInvoices[0m [36minput_records[0m=[35m500[0m [36moutput_records[0m=[35m500[0m
2025-09-22 10:07:21,498 - storage.local_storage - INFO - store_processed_records:131 - [2m2025-09-22T04:37:21.498426Z[0m [[32m[1minfo     [0m] [1mStoring processed records     [0m [[0m[1m[34mstorage.local_storage[0m][0m [36mentity_name[0m=[35mInvoices[0m [36mformat[0m=[35mjson[0m [36mrecord_count[0m=[35m500[0m
2025-09-22 10:07:21,503 - storage.local_storage - INFO - store_processed_records:142 - [2m2025-09-22T04:37:21.503116Z[0m [[32m[1minfo     [0m] [1mSuccessfully stored processed records[0m [[0m[1m[34mstorage.local_storage[0m][0m [36mentity_name[0m=[35mInvoices[0m [36mfile_path[0m=[35m./test_output/processed\Invoices_20250922_043721.json[0m [36mrecord_count[0m=[35m500[0m
2025-09-22 10:07:21,507 - storage.local_storage - INFO - store_raw_response:83 - [2m2025-09-22T04:37:21.507423Z[0m [[32m[1minfo     [0m] [1mSuccessfully stored raw data  [0m [[0m[1m[34mstorage.local_storage[0m][0m [36mentity_name[0m=[35mInvoices[0m [36mfile_path[0m=[35m./test_output/raw\Invoices\2025/09/22\04\Invoices_page_1.json[0m [36msize_bytes[0m=[35m452615[0m
2025-09-22 10:07:21,507 - httpcore.http11 - DEBUG - atrace:87 - send_request_headers.started request=<Request [b'GET']>
2025-09-22 10:07:21,511 - httpcore.http11 - DEBUG - atrace:87 - send_request_headers.complete
2025-09-22 10:07:21,511 - httpcore.http11 - DEBUG - atrace:87 - send_request_body.started request=<Request [b'GET']>
2025-09-22 10:07:21,511 - httpcore.http11 - DEBUG - atrace:87 - send_request_body.complete
2025-09-22 10:07:21,511 - httpcore.http11 - DEBUG - atrace:87 - receive_response_headers.started request=<Request [b'GET']>
2025-09-22 10:07:22,134 - httpcore.http11 - DEBUG - atrace:87 - receive_response_headers.complete return_value=(b'HTTP/1.1', 200, b'OK', [(b'Content-Length', b'39254'), (b'Content-Type', b'application/json;odata.metadata=minimal;odata.streaming=true;IEEE754Compatible=false;charset=utf-8'), (b'Date', b'Mon, 22 Sep 2025 04:37:23 GMT'), (b'Server', b'Microsoft-IIS/10.0'), (b'Access-Control-Allow-Headers', b'Accept, Origin, Content-Type, MaxDataServiceVersion'), (b'Access-Control-Allow-Methods', b'GET'), (b'Access-Control-Allow-Origin', b'*'), (b'Access-Control-Expose-Headers', b'DataServiceVersion'), (b'Cache-Control', b'private'), (b'Content-Encoding', b'gzip'), (b'Expires', b'Mon, 22 Sep 2025 04:38:22 GMT'), (b'Vary', b'*'), (b'X-Content-Type-Options', b'nosniff'), (b'OData-Version', b'4.0;'), (b'X-AspNet-Version', b'4.0.30319'), (b'X-Powered-By', b'ASP.NET')])
2025-09-22 10:07:22,134 - httpx - INFO - _send_single_request:1740 - HTTP Request: GET https://services.odata.org/V4/Northwind/Northwind.svc/Invoices?%24skip=500&%24top=500 "HTTP/1.1 200 OK"
2025-09-22 10:07:22,134 - httpcore.http11 - DEBUG - atrace:87 - receive_response_body.started request=<Request [b'GET']>
2025-09-22 10:07:22,248 - httpcore.http11 - DEBUG - atrace:87 - receive_response_headers.complete return_value=(b'HTTP/1.1', 200, b'OK', [(b'Content-Length', b'2318'), (b'Content-Type', b'application/json;odata.metadata=minimal;odata.streaming=true;IEEE754Compatible=false;charset=utf-8'), (b'Date', b'Mon, 22 Sep 2025 04:37:23 GMT'), (b'Server', b'Microsoft-IIS/10.0'), (b'Access-Control-Allow-Headers', b'Accept, Origin, Content-Type, MaxDataServiceVersion'), (b'Access-Control-Allow-Methods', b'GET'), (b'Access-Control-Allow-Origin', b'*'), (b'Access-Control-Expose-Headers', b'DataServiceVersion'), (b'Cache-Control', b'private'), (b'Content-Encoding', b'gzip'), (b'Expires', b'Mon, 22 Sep 2025 04:38:23 GMT'), (b'Vary', b'*'), (b'X-Content-Type-Options', b'nosniff'), (b'OData-Version', b'4.0;'), (b'X-AspNet-Version', b'4.0.30319'), (b'X-Powered-By', b'ASP.NET')])
2025-09-22 10:07:22,248 - httpx - INFO - _send_single_request:1740 - HTTP Request: GET https://services.odata.org/V4/Northwind/Northwind.svc/Customers?%24skip=0&%24top=500 "HTTP/1.1 200 OK"
2025-09-22 10:07:22,248 - httpcore.http11 - DEBUG - atrace:87 - receive_response_body.started request=<Request [b'GET']>
2025-09-22 10:07:22,248 - httpcore.http11 - DEBUG - atrace:87 - receive_response_body.complete
2025-09-22 10:07:22,248 - httpcore.http11 - DEBUG - atrace:87 - response_closed.started
2025-09-22 10:07:22,248 - httpcore.http11 - DEBUG - atrace:87 - response_closed.complete
2025-09-22 10:07:22,248 - workers.proxy_pool - INFO - _make_http_request:162 - [2m2025-09-22T04:37:22.248413Z[0m [[32m[1minfo     [0m] [1m📊 Worker successfully fetched data[0m [[0m[1m[34mworkers.proxy_pool[0m][0m [36mcommand_id[0m=[35mCustomers_page_1[0m [36mentity[0m=[35mCustomers[0m [36mhas_next_page[0m=[35mTrue[0m [36mrecords_in_response[0m=[35m20[0m [36mworker_id[0m=[35mworker_1[0m
2025-09-22 10:07:22,248 - workers.proxy_pool - INFO - execute_command:85 - [2m2025-09-22T04:37:22.248413Z[0m [[32m[1minfo     [0m] [1m✅ Worker completed command successfully[0m [[0m[1m[34mworkers.proxy_pool[0m][0m [36mcommand_id[0m=[35mCustomers_page_1[0m [36mentity[0m=[35mCustomers[0m [36mexecution_time_seconds[0m=[35m0.81[0m [36mhas_next_page[0m=[35mTrue[0m [36mrecords_fetched[0m=[35m20[0m [36mworker_id[0m=[35mworker_1[0m
2025-09-22 10:07:22,248 - workers.proxy_pool - INFO - _worker_loop:363 - [2m2025-09-22T04:37:22.248413Z[0m [[32m[1minfo     [0m] [1m📋 Worker picked up command from queue[0m [[0m[1m[34mworkers.proxy_pool[0m][0m [36mcommand_id[0m=[35mOrder_Details_page_2[0m [36mentity[0m=[35mOrder_Details[0m [36mqueue_size_after_pickup[0m=[35m29[0m [36mworker_id[0m=[35mworker_1[0m [36mworker_status[0m=[35mPROCESSING[0m
2025-09-22 10:07:22,248 - workers.proxy_pool - INFO - execute_command:51 - [2m2025-09-22T04:37:22.248413Z[0m [[32m[1minfo     [0m] [1m🚀 Worker starting command execution[0m [[0m[1m[34mworkers.proxy_pool[0m][0m [36mcommand_id[0m=[35mOrder_Details_page_2[0m [36mcommand_type[0m=[35mfetch_page[0m [36mentity[0m=[35mOrder_Details[0m [36mpriority[0m=[35m1[0m [36mretry_count[0m=[35m0[0m [36mskip[0m=[35m500[0m [36mtop[0m=[35m500[0m [36mworker_id[0m=[35mworker_1[0m
2025-09-22 10:07:22,248 - workers.proxy_pool - INFO - execute_command:74 - [2m2025-09-22T04:37:22.248413Z[0m [[32m[1minfo     [0m] [1m🔄 Worker executing request with resilience patterns[0m [[0m[1m[34mworkers.proxy_pool[0m][0m [36mcircuit_breaker_state[0m=[35mclosed[0m [36mcommand_id[0m=[35mOrder_Details_page_2[0m [36mworker_id[0m=[35mworker_1[0m
2025-09-22 10:07:22,257 - storage.transformer - INFO - transform_odata_response:96 - [2m2025-09-22T04:37:22.257196Z[0m [[32m[1minfo     [0m] [1mTransformation completed      [0m [[0m[1m[34mstorage.transformer[0m][0m [36mentity_name[0m=[35mCustomers[0m [36minput_records[0m=[35m20[0m [36moutput_records[0m=[35m20[0m
2025-09-22 10:07:22,257 - storage.local_storage - INFO - store_processed_records:131 - [2m2025-09-22T04:37:22.257196Z[0m [[32m[1minfo     [0m] [1mStoring processed records     [0m [[0m[1m[34mstorage.local_storage[0m][0m [36mentity_name[0m=[35mCustomers[0m [36mformat[0m=[35mjson[0m [36mrecord_count[0m=[35m20[0m
2025-09-22 10:07:22,261 - storage.local_storage - INFO - store_processed_records:142 - [2m2025-09-22T04:37:22.261502Z[0m [[32m[1minfo     [0m] [1mSuccessfully stored processed records[0m [[0m[1m[34mstorage.local_storage[0m][0m [36mentity_name[0m=[35mCustomers[0m [36mfile_path[0m=[35m./test_output/processed\Customers_20250922_043722.json[0m [36mrecord_count[0m=[35m20[0m
2025-09-22 10:07:22,267 - storage.local_storage - INFO - store_raw_response:83 - [2m2025-09-22T04:37:22.267561Z[0m [[32m[1minfo     [0m] [1mSuccessfully stored raw data  [0m [[0m[1m[34mstorage.local_storage[0m][0m [36mentity_name[0m=[35mCustomers[0m [36mfile_path[0m=[35m./test_output/raw\Customers\2025/09/22\04\Customers_page_1.json[0m [36msize_bytes[0m=[35m8173[0m
2025-09-22 10:07:22,267 - httpcore.http11 - DEBUG - atrace:87 - send_request_headers.started request=<Request [b'GET']>
2025-09-22 10:07:22,271 - httpcore.http11 - DEBUG - atrace:87 - send_request_headers.complete
2025-09-22 10:07:22,271 - httpcore.http11 - DEBUG - atrace:87 - send_request_body.started request=<Request [b'GET']>
2025-09-22 10:07:22,271 - httpcore.http11 - DEBUG - atrace:87 - send_request_body.complete
2025-09-22 10:07:22,271 - httpcore.http11 - DEBUG - atrace:87 - receive_response_headers.started request=<Request [b'GET']>
2025-09-22 10:07:22,295 - httpcore.http11 - DEBUG - atrace:87 - receive_response_headers.complete return_value=(b'HTTP/1.1', 200, b'OK', [(b'Content-Length', b'5969'), (b'Content-Type', b'application/json;odata.metadata=minimal;odata.streaming=true;IEEE754Compatible=false;charset=utf-8'), (b'Date', b'Mon, 22 Sep 2025 04:37:23 GMT'), (b'Server', b'Microsoft-IIS/10.0'), (b'Access-Control-Allow-Headers', b'Accept, Origin, Content-Type, MaxDataServiceVersion'), (b'Access-Control-Allow-Methods', b'GET'), (b'Access-Control-Allow-Origin', b'*'), (b'Access-Control-Expose-Headers', b'DataServiceVersion'), (b'Cache-Control', b'private'), (b'Content-Encoding', b'gzip'), (b'Expires', b'Mon, 22 Sep 2025 04:38:23 GMT'), (b'Vary', b'*'), (b'X-Content-Type-Options', b'nosniff'), (b'OData-Version', b'4.0;'), (b'X-AspNet-Version', b'4.0.30319'), (b'X-Powered-By', b'ASP.NET')])
2025-09-22 10:07:22,306 - httpx - INFO - _send_single_request:1740 - HTTP Request: GET https://services.odata.org/V4/Northwind/Northwind.svc/Order_Details?%24skip=0&%24top=500 "HTTP/1.1 200 OK"
2025-09-22 10:07:22,307 - httpcore.http11 - DEBUG - atrace:87 - receive_response_body.started request=<Request [b'GET']>
2025-09-22 10:07:22,307 - httpcore.http11 - DEBUG - atrace:87 - receive_response_body.complete
2025-09-22 10:07:22,307 - httpcore.http11 - DEBUG - atrace:87 - response_closed.started
2025-09-22 10:07:22,307 - httpcore.http11 - DEBUG - atrace:87 - response_closed.complete
2025-09-22 10:07:22,310 - workers.proxy_pool - INFO - _make_http_request:162 - [2m2025-09-22T04:37:22.307688Z[0m [[32m[1minfo     [0m] [1m📊 Worker successfully fetched data[0m [[0m[1m[34mworkers.proxy_pool[0m][0m [36mcommand_id[0m=[35mOrder_Details_page_1[0m [36mentity[0m=[35mOrder_Details[0m [36mhas_next_page[0m=[35mFalse[0m [36mrecords_in_response[0m=[35m500[0m [36mworker_id[0m=[35mworker_2[0m
2025-09-22 10:07:22,311 - workers.proxy_pool - INFO - execute_command:85 - [2m2025-09-22T04:37:22.311946Z[0m [[32m[1minfo     [0m] [1m✅ Worker completed command successfully[0m [[0m[1m[34mworkers.proxy_pool[0m][0m [36mcommand_id[0m=[35mOrder_Details_page_1[0m [36mentity[0m=[35mOrder_Details[0m [36mexecution_time_seconds[0m=[35m0.86[0m [36mhas_next_page[0m=[35mFalse[0m [36mrecords_fetched[0m=[35m500[0m [36mworker_id[0m=[35mworker_2[0m
2025-09-22 10:07:22,314 - workers.proxy_pool - INFO - _worker_loop:363 - [2m2025-09-22T04:37:22.314104Z[0m [[32m[1minfo     [0m] [1m📋 Worker picked up command from queue[0m [[0m[1m[34mworkers.proxy_pool[0m][0m [36mcommand_id[0m=[35mOrder_Details_page_3[0m [36mentity[0m=[35mOrder_Details[0m [36mqueue_size_after_pickup[0m=[35m29[0m [36mworker_id[0m=[35mworker_2[0m [36mworker_status[0m=[35mPROCESSING[0m
2025-09-22 10:07:22,314 - workers.proxy_pool - INFO - execute_command:51 - [2m2025-09-22T04:37:22.314944Z[0m [[32m[1minfo     [0m] [1m🚀 Worker starting command execution[0m [[0m[1m[34mworkers.proxy_pool[0m][0m [36mcommand_id[0m=[35mOrder_Details_page_3[0m [36mcommand_type[0m=[35mfetch_page[0m [36mentity[0m=[35mOrder_Details[0m [36mpriority[0m=[35m1[0m [36mretry_count[0m=[35m0[0m [36mskip[0m=[35m1000[0m [36mtop[0m=[35m500[0m [36mworker_id[0m=[35mworker_2[0m
2025-09-22 10:07:22,314 - workers.proxy_pool - INFO - execute_command:74 - [2m2025-09-22T04:37:22.314944Z[0m [[32m[1minfo     [0m] [1m🔄 Worker executing request with resilience patterns[0m [[0m[1m[34mworkers.proxy_pool[0m][0m [36mcircuit_breaker_state[0m=[35mclosed[0m [36mcommand_id[0m=[35mOrder_Details_page_3[0m [36mworker_id[0m=[35mworker_2[0m
2025-09-22 10:07:22,318 - storage.transformer - INFO - transform_odata_response:96 - [2m2025-09-22T04:37:22.318910Z[0m [[32m[1minfo     [0m] [1mTransformation completed      [0m [[0m[1m[34mstorage.transformer[0m][0m [36mentity_name[0m=[35mOrder_Details[0m [36minput_records[0m=[35m500[0m [36moutput_records[0m=[35m500[0m
2025-09-22 10:07:22,318 - storage.local_storage - INFO - store_processed_records:131 - [2m2025-09-22T04:37:22.318910Z[0m [[32m[1minfo     [0m] [1mStoring processed records     [0m [[0m[1m[34mstorage.local_storage[0m][0m [36mentity_name[0m=[35mOrder_Details[0m [36mformat[0m=[35mjson[0m [36mrecord_count[0m=[35m500[0m
2025-09-22 10:07:22,325 - storage.local_storage - INFO - store_processed_records:142 - [2m2025-09-22T04:37:22.325393Z[0m [[32m[1minfo     [0m] [1mSuccessfully stored processed records[0m [[0m[1m[34mstorage.local_storage[0m][0m [36mentity_name[0m=[35mOrder_Details[0m [36mfile_path[0m=[35m./test_output/processed\Order_Details_20250922_043722.json[0m [36mrecord_count[0m=[35m500[0m
2025-09-22 10:07:22,330 - storage.local_storage - INFO - store_raw_response:83 - [2m2025-09-22T04:37:22.330563Z[0m [[32m[1minfo     [0m] [1mSuccessfully stored raw data  [0m [[0m[1m[34mstorage.local_storage[0m][0m [36mentity_name[0m=[35mOrder_Details[0m [36mfile_path[0m=[35m./test_output/raw\Order_Details\2025/09/22\04\Order_Details_page_1.json[0m [36msize_bytes[0m=[35m71064[0m
2025-09-22 10:07:22,333 - httpcore.http11 - DEBUG - atrace:87 - send_request_headers.started request=<Request [b'GET']>
2025-09-22 10:07:22,335 - httpcore.http11 - DEBUG - atrace:87 - send_request_headers.complete
2025-09-22 10:07:22,335 - httpcore.http11 - DEBUG - atrace:87 - send_request_body.started request=<Request [b'GET']>
2025-09-22 10:07:22,335 - httpcore.http11 - DEBUG - atrace:87 - send_request_body.complete
2025-09-22 10:07:22,336 - httpcore.http11 - DEBUG - atrace:87 - receive_response_headers.started request=<Request [b'GET']>
2025-09-22 10:07:22,361 - httpcore.http11 - DEBUG - atrace:87 - receive_response_body.complete
2025-09-22 10:07:22,361 - httpcore.http11 - DEBUG - atrace:87 - response_closed.started
2025-09-22 10:07:22,361 - httpcore.http11 - DEBUG - atrace:87 - response_closed.complete
2025-09-22 10:07:22,371 - workers.proxy_pool - INFO - _make_http_request:162 - [2m2025-09-22T04:37:22.371319Z[0m [[32m[1minfo     [0m] [1m📊 Worker successfully fetched data[0m [[0m[1m[34mworkers.proxy_pool[0m][0m [36mcommand_id[0m=[35mInvoices_page_2[0m [36mentity[0m=[35mInvoices[0m [36mhas_next_page[0m=[35mFalse[0m [36mrecords_in_response[0m=[35m500[0m [36mworker_id[0m=[35mworker_0[0m
2025-09-22 10:07:22,374 - workers.proxy_pool - INFO - execute_command:85 - [2m2025-09-22T04:37:22.371319Z[0m [[32m[1minfo     [0m] [1m✅ Worker completed command successfully[0m [[0m[1m[34mworkers.proxy_pool[0m][0m [36mcommand_id[0m=[35mInvoices_page_2[0m [36mentity[0m=[35mInvoices[0m [36mexecution_time_seconds[0m=[35m2.23[0m [36mhas_next_page[0m=[35mFalse[0m [36mrecords_fetched[0m=[35m500[0m [36mworker_id[0m=[35mworker_0[0m
2025-09-22 10:07:22,375 - workers.proxy_pool - INFO - _worker_loop:363 - [2m2025-09-22T04:37:22.375471Z[0m [[32m[1minfo     [0m] [1m📋 Worker picked up command from queue[0m [[0m[1m[34mworkers.proxy_pool[0m][0m [36mcommand_id[0m=[35mCategory_Sales_for_1997_page_1[0m [36mentity[0m=[35mCategory_Sales_for_1997[0m [36mqueue_size_after_pickup[0m=[35m28[0m [36mworker_id[0m=[35mworker_0[0m [36mworker_status[0m=[35mPROCESSING[0m
2025-09-22 10:07:22,375 - workers.proxy_pool - INFO - execute_command:51 - [2m2025-09-22T04:37:22.375471Z[0m [[32m[1minfo     [0m] [1m🚀 Worker starting command execution[0m [[0m[1m[34mworkers.proxy_pool[0m][0m [36mcommand_id[0m=[35mCategory_Sales_for_1997_page_1[0m [36mcommand_type[0m=[35mfetch_page[0m [36mentity[0m=[35mCategory_Sales_for_1997[0m [36mpriority[0m=[35m1[0m [36mretry_count[0m=[35m0[0m [36mskip[0m=[35m0[0m [36mtop[0m=[35m500[0m [36mworker_id[0m=[35mworker_0[0m
2025-09-22 10:07:22,375 - workers.proxy_pool - INFO - execute_command:74 - [2m2025-09-22T04:37:22.375471Z[0m [[32m[1minfo     [0m] [1m🔄 Worker executing request with resilience patterns[0m [[0m[1m[34mworkers.proxy_pool[0m][0m [36mcircuit_breaker_state[0m=[35mclosed[0m [36mcommand_id[0m=[35mCategory_Sales_for_1997_page_1[0m [36mworker_id[0m=[35mworker_0[0m
2025-09-22 10:07:22,383 - storage.transformer - INFO - transform_odata_response:96 - [2m2025-09-22T04:37:22.383221Z[0m [[32m[1minfo     [0m] [1mTransformation completed      [0m [[0m[1m[34mstorage.transformer[0m][0m [36mentity_name[0m=[35mInvoices[0m [36minput_records[0m=[35m500[0m [36moutput_records[0m=[35m500[0m
2025-09-22 10:07:22,383 - storage.local_storage - INFO - store_processed_records:131 - [2m2025-09-22T04:37:22.383221Z[0m [[32m[1minfo     [0m] [1mStoring processed records     [0m [[0m[1m[34mstorage.local_storage[0m][0m [36mentity_name[0m=[35mInvoices[0m [36mformat[0m=[35mjson[0m [36mrecord_count[0m=[35m500[0m
2025-09-22 10:07:22,396 - storage.local_storage - INFO - store_processed_records:142 - [2m2025-09-22T04:37:22.396448Z[0m [[32m[1minfo     [0m] [1mSuccessfully stored processed records[0m [[0m[1m[34mstorage.local_storage[0m][0m [36mentity_name[0m=[35mInvoices[0m [36mfile_path[0m=[35m./test_output/processed\Invoices_20250922_043722.json[0m [36mrecord_count[0m=[35m500[0m
2025-09-22 10:07:22,401 - storage.local_storage - INFO - store_raw_response:83 - [2m2025-09-22T04:37:22.401668Z[0m [[32m[1minfo     [0m] [1mSuccessfully stored raw data  [0m [[0m[1m[34mstorage.local_storage[0m][0m [36mentity_name[0m=[35mInvoices[0m [36mfile_path[0m=[35m./test_output/raw\Invoices\2025/09/22\04\Invoices_page_2.json[0m [36msize_bytes[0m=[35m460858[0m
2025-09-22 10:07:22,401 - httpcore.http11 - DEBUG - atrace:87 - send_request_headers.started request=<Request [b'GET']>
2025-09-22 10:07:22,401 - httpcore.http11 - DEBUG - atrace:87 - send_request_headers.complete
2025-09-22 10:07:22,405 - httpcore.http11 - DEBUG - atrace:87 - send_request_body.started request=<Request [b'GET']>
2025-09-22 10:07:22,405 - httpcore.http11 - DEBUG - atrace:87 - send_request_body.complete
2025-09-22 10:07:22,405 - httpcore.http11 - DEBUG - atrace:87 - receive_response_headers.started request=<Request [b'GET']>
2025-09-22 10:07:22,563 - httpcore.http11 - DEBUG - atrace:87 - receive_response_headers.complete return_value=(b'HTTP/1.1', 200, b'OK', [(b'Content-Length', b'6175'), (b'Content-Type', b'application/json;odata.metadata=minimal;odata.streaming=true;IEEE754Compatible=false;charset=utf-8'), (b'Date', b'Mon, 22 Sep 2025 04:37:24 GMT'), (b'Server', b'Microsoft-IIS/10.0'), (b'Access-Control-Allow-Headers', b'Accept, Origin, Content-Type, MaxDataServiceVersion'), (b'Access-Control-Allow-Methods', b'GET'), (b'Access-Control-Allow-Origin', b'*'), (b'Access-Control-Expose-Headers', b'DataServiceVersion'), (b'Cache-Control', b'private'), (b'Content-Encoding', b'gzip'), (b'Expires', b'Mon, 22 Sep 2025 04:38:24 GMT'), (b'Vary', b'*'), (b'X-Content-Type-Options', b'nosniff'), (b'OData-Version', b'4.0;'), (b'X-AspNet-Version', b'4.0.30319'), (b'X-Powered-By', b'ASP.NET')])
2025-09-22 10:07:22,563 - httpx - INFO - _send_single_request:1740 - HTTP Request: GET https://services.odata.org/V4/Northwind/Northwind.svc/Order_Details?%24skip=500&%24top=500 "HTTP/1.1 200 OK"
2025-09-22 10:07:22,565 - httpcore.http11 - DEBUG - atrace:87 - receive_response_body.started request=<Request [b'GET']>
2025-09-22 10:07:22,565 - httpcore.http11 - DEBUG - atrace:87 - receive_response_body.complete
2025-09-22 10:07:22,565 - httpcore.http11 - DEBUG - atrace:87 - response_closed.started
2025-09-22 10:07:22,566 - httpcore.http11 - DEBUG - atrace:87 - response_closed.complete
2025-09-22 10:07:22,568 - workers.proxy_pool - INFO - _make_http_request:162 - [2m2025-09-22T04:37:22.567635Z[0m [[32m[1minfo     [0m] [1m📊 Worker successfully fetched data[0m [[0m[1m[34mworkers.proxy_pool[0m][0m [36mcommand_id[0m=[35mOrder_Details_page_2[0m [36mentity[0m=[35mOrder_Details[0m [36mhas_next_page[0m=[35mFalse[0m [36mrecords_in_response[0m=[35m500[0m [36mworker_id[0m=[35mworker_1[0m
2025-09-22 10:07:22,568 - workers.proxy_pool - INFO - execute_command:85 - [2m2025-09-22T04:37:22.568881Z[0m [[32m[1minfo     [0m] [1m✅ Worker completed command successfully[0m [[0m[1m[34mworkers.proxy_pool[0m][0m [36mcommand_id[0m=[35mOrder_Details_page_2[0m [36mentity[0m=[35mOrder_Details[0m [36mexecution_time_seconds[0m=[35m0.31[0m [36mhas_next_page[0m=[35mFalse[0m [36mrecords_fetched[0m=[35m500[0m [36mworker_id[0m=[35mworker_1[0m
2025-09-22 10:07:22,569 - workers.proxy_pool - INFO - _worker_loop:363 - [2m2025-09-22T04:37:22.569537Z[0m [[32m[1minfo     [0m] [1m📋 Worker picked up command from queue[0m [[0m[1m[34mworkers.proxy_pool[0m][0m [36mcommand_id[0m=[35mProduct_Sales_for_1997_page_1[0m [36mentity[0m=[35mProduct_Sales_for_1997[0m [36mqueue_size_after_pickup[0m=[35m27[0m [36mworker_id[0m=[35mworker_1[0m [36mworker_status[0m=[35mPROCESSING[0m
2025-09-22 10:07:22,572 - workers.proxy_pool - INFO - execute_command:51 - [2m2025-09-22T04:37:22.569537Z[0m [[32m[1minfo     [0m] [1m🚀 Worker starting command execution[0m [[0m[1m[34mworkers.proxy_pool[0m][0m [36mcommand_id[0m=[35mProduct_Sales_for_1997_page_1[0m [36mcommand_type[0m=[35mfetch_page[0m [36mentity[0m=[35mProduct_Sales_for_1997[0m [36mpriority[0m=[35m1[0m [36mretry_count[0m=[35m0[0m [36mskip[0m=[35m0[0m [36mtop[0m=[35m500[0m [36mworker_id[0m=[35mworker_1[0m
2025-09-22 10:07:22,572 - workers.proxy_pool - INFO - execute_command:74 - [2m2025-09-22T04:37:22.572093Z[0m [[32m[1minfo     [0m] [1m🔄 Worker executing request with resilience patterns[0m [[0m[1m[34mworkers.proxy_pool[0m][0m [36mcircuit_breaker_state[0m=[35mclosed[0m [36mcommand_id[0m=[35mProduct_Sales_for_1997_page_1[0m [36mworker_id[0m=[35mworker_1[0m
2025-09-22 10:07:22,586 - storage.transformer - INFO - transform_odata_response:96 - [2m2025-09-22T04:37:22.586958Z[0m [[32m[1minfo     [0m] [1mTransformation completed      [0m [[0m[1m[34mstorage.transformer[0m][0m [36mentity_name[0m=[35mOrder_Details[0m [36minput_records[0m=[35m500[0m [36moutput_records[0m=[35m500[0m
2025-09-22 10:07:22,588 - storage.local_storage - INFO - store_processed_records:131 - [2m2025-09-22T04:37:22.588282Z[0m [[32m[1minfo     [0m] [1mStoring processed records     [0m [[0m[1m[34mstorage.local_storage[0m][0m [36mentity_name[0m=[35mOrder_Details[0m [36mformat[0m=[35mjson[0m [36mrecord_count[0m=[35m500[0m
2025-09-22 10:07:22,596 - storage.local_storage - INFO - store_processed_records:142 - [2m2025-09-22T04:37:22.595786Z[0m [[32m[1minfo     [0m] [1mSuccessfully stored processed records[0m [[0m[1m[34mstorage.local_storage[0m][0m [36mentity_name[0m=[35mOrder_Details[0m [36mfile_path[0m=[35m./test_output/processed\Order_Details_20250922_043722.json[0m [36mrecord_count[0m=[35m500[0m
2025-09-22 10:07:22,603 - storage.local_storage - INFO - store_raw_response:83 - [2m2025-09-22T04:37:22.603486Z[0m [[32m[1minfo     [0m] [1mSuccessfully stored raw data  [0m [[0m[1m[34mstorage.local_storage[0m][0m [36mentity_name[0m=[35mOrder_Details[0m [36mfile_path[0m=[35m./test_output/raw\Order_Details\2025/09/22\04\Order_Details_page_2.json[0m [36msize_bytes[0m=[35m71166[0m
2025-09-22 10:07:22,605 - httpcore.http11 - DEBUG - atrace:87 - send_request_headers.started request=<Request [b'GET']>
2025-09-22 10:07:22,605 - httpcore.http11 - DEBUG - atrace:87 - send_request_headers.complete
2025-09-22 10:07:22,605 - httpcore.http11 - DEBUG - atrace:87 - send_request_body.started request=<Request [b'GET']>
2025-09-22 10:07:22,605 - httpcore.http11 - DEBUG - atrace:87 - send_request_body.complete
2025-09-22 10:07:22,605 - httpcore.http11 - DEBUG - atrace:87 - receive_response_headers.started request=<Request [b'GET']>
2025-09-22 10:07:22,630 - httpcore.http11 - DEBUG - atrace:87 - receive_response_headers.complete return_value=(b'HTTP/1.1', 200, b'OK', [(b'Content-Length', b'6123'), (b'Content-Type', b'application/json;odata.metadata=minimal;odata.streaming=true;IEEE754Compatible=false;charset=utf-8'), (b'Date', b'Mon, 22 Sep 2025 04:37:24 GMT'), (b'Server', b'Microsoft-IIS/10.0'), (b'Access-Control-Allow-Headers', b'Accept, Origin, Content-Type, MaxDataServiceVersion'), (b'Access-Control-Allow-Methods', b'GET'), (b'Access-Control-Allow-Origin', b'*'), (b'Access-Control-Expose-Headers', b'DataServiceVersion'), (b'Cache-Control', b'private'), (b'Content-Encoding', b'gzip'), (b'Expires', b'Mon, 22 Sep 2025 04:38:24 GMT'), (b'Vary', b'*'), (b'X-Content-Type-Options', b'nosniff'), (b'OData-Version', b'4.0;'), (b'X-AspNet-Version', b'4.0.30319'), (b'X-Powered-By', b'ASP.NET')])
2025-09-22 10:07:22,633 - httpx - INFO - _send_single_request:1740 - HTTP Request: GET https://services.odata.org/V4/Northwind/Northwind.svc/Order_Details?%24skip=1000&%24top=500 "HTTP/1.1 200 OK"
2025-09-22 10:07:22,633 - httpcore.http11 - DEBUG - atrace:87 - receive_response_body.started request=<Request [b'GET']>
2025-09-22 10:07:22,633 - httpcore.http11 - DEBUG - atrace:87 - receive_response_body.complete
2025-09-22 10:07:22,633 - httpcore.http11 - DEBUG - atrace:87 - response_closed.started
2025-09-22 10:07:22,633 - httpcore.http11 - DEBUG - atrace:87 - response_closed.complete
2025-09-22 10:07:22,633 - workers.proxy_pool - INFO - _make_http_request:162 - [2m2025-09-22T04:37:22.633271Z[0m [[32m[1minfo     [0m] [1m📊 Worker successfully fetched data[0m [[0m[1m[34mworkers.proxy_pool[0m][0m [36mcommand_id[0m=[35mOrder_Details_page_3[0m [36mentity[0m=[35mOrder_Details[0m [36mhas_next_page[0m=[35mFalse[0m [36mrecords_in_response[0m=[35m500[0m [36mworker_id[0m=[35mworker_2[0m
2025-09-22 10:07:22,633 - workers.proxy_pool - INFO - execute_command:85 - [2m2025-09-22T04:37:22.633271Z[0m [[32m[1minfo     [0m] [1m✅ Worker completed command successfully[0m [[0m[1m[34mworkers.proxy_pool[0m][0m [36mcommand_id[0m=[35mOrder_Details_page_3[0m [36mentity[0m=[35mOrder_Details[0m [36mexecution_time_seconds[0m=[35m0.31[0m [36mhas_next_page[0m=[35mFalse[0m [36mrecords_fetched[0m=[35m500[0m [36mworker_id[0m=[35mworker_2[0m
2025-09-22 10:07:22,633 - workers.proxy_pool - INFO - _worker_loop:363 - [2m2025-09-22T04:37:22.633271Z[0m [[32m[1minfo     [0m] [1m📋 Worker picked up command from queue[0m [[0m[1m[34mworkers.proxy_pool[0m][0m [36mcommand_id[0m=[35mTerritories_page_1[0m [36mentity[0m=[35mTerritories[0m [36mqueue_size_after_pickup[0m=[35m26[0m [36mworker_id[0m=[35mworker_2[0m [36mworker_status[0m=[35mPROCESSING[0m
2025-09-22 10:07:22,633 - workers.proxy_pool - INFO - execute_command:51 - [2m2025-09-22T04:37:22.633271Z[0m [[32m[1minfo     [0m] [1m🚀 Worker starting command execution[0m [[0m[1m[34mworkers.proxy_pool[0m][0m [36mcommand_id[0m=[35mTerritories_page_1[0m [36mcommand_type[0m=[35mfetch_page[0m [36mentity[0m=[35mTerritories[0m [36mpriority[0m=[35m1[0m [36mretry_count[0m=[35m0[0m [36mskip[0m=[35m0[0m [36mtop[0m=[35m500[0m [36mworker_id[0m=[35mworker_2[0m
2025-09-22 10:07:22,633 - workers.proxy_pool - INFO - execute_command:74 - [2m2025-09-22T04:37:22.633271Z[0m [[32m[1minfo     [0m] [1m🔄 Worker executing request with resilience patterns[0m [[0m[1m[34mworkers.proxy_pool[0m][0m [36mcircuit_breaker_state[0m=[35mclosed[0m [36mcommand_id[0m=[35mTerritories_page_1[0m [36mworker_id[0m=[35mworker_2[0m
2025-09-22 10:07:22,643 - storage.transformer - INFO - transform_odata_response:96 - [2m2025-09-22T04:37:22.643069Z[0m [[32m[1minfo     [0m] [1mTransformation completed      [0m [[0m[1m[34mstorage.transformer[0m][0m [36mentity_name[0m=[35mOrder_Details[0m [36minput_records[0m=[35m500[0m [36moutput_records[0m=[35m500[0m
2025-09-22 10:07:22,645 - storage.local_storage - INFO - store_processed_records:131 - [2m2025-09-22T04:37:22.643069Z[0m [[32m[1minfo     [0m] [1mStoring processed records     [0m [[0m[1m[34mstorage.local_storage[0m][0m [36mentity_name[0m=[35mOrder_Details[0m [36mformat[0m=[35mjson[0m [36mrecord_count[0m=[35m500[0m
2025-09-22 10:07:22,645 - storage.local_storage - INFO - store_processed_records:142 - [2m2025-09-22T04:37:22.645353Z[0m [[32m[1minfo     [0m] [1mSuccessfully stored processed records[0m [[0m[1m[34mstorage.local_storage[0m][0m [36mentity_name[0m=[35mOrder_Details[0m [36mfile_path[0m=[35m./test_output/processed\Order_Details_20250922_043722.json[0m [36mrecord_count[0m=[35m500[0m
2025-09-22 10:07:22,654 - storage.local_storage - INFO - store_raw_response:83 - [2m2025-09-22T04:37:22.654854Z[0m [[32m[1minfo     [0m] [1mSuccessfully stored raw data  [0m [[0m[1m[34mstorage.local_storage[0m][0m [36mentity_name[0m=[35mOrder_Details[0m [36mfile_path[0m=[35m./test_output/raw\Order_Details\2025/09/22\04\Order_Details_page_3.json[0m [36msize_bytes[0m=[35m71239[0m
2025-09-22 10:07:22,654 - httpcore.http11 - DEBUG - atrace:87 - send_request_headers.started request=<Request [b'GET']>
2025-09-22 10:07:22,657 - httpcore.http11 - DEBUG - atrace:87 - send_request_headers.complete
2025-09-22 10:07:22,657 - httpcore.http11 - DEBUG - atrace:87 - send_request_body.started request=<Request [b'GET']>
2025-09-22 10:07:22,657 - httpcore.http11 - DEBUG - atrace:87 - send_request_body.complete
2025-09-22 10:07:22,657 - httpcore.http11 - DEBUG - atrace:87 - receive_response_headers.started request=<Request [b'GET']>
2025-09-22 10:07:22,761 - httpcore.http11 - DEBUG - atrace:87 - receive_response_headers.complete return_value=(b'HTTP/1.1', 200, b'OK', [(b'Content-Length', b'402'), (b'Content-Type', b'application/json;odata.metadata=minimal;odata.streaming=true;IEEE754Compatible=false;charset=utf-8'), (b'Date', b'Mon, 22 Sep 2025 04:37:24 GMT'), (b'Server', b'Microsoft-IIS/10.0'), (b'Access-Control-Allow-Headers', b'Accept, Origin, Content-Type, MaxDataServiceVersion'), (b'Access-Control-Allow-Methods', b'GET'), (b'Access-Control-Allow-Origin', b'*'), (b'Access-Control-Expose-Headers', b'DataServiceVersion'), (b'Cache-Control', b'private'), (b'Content-Encoding', b'gzip'), (b'Expires', b'Mon, 22 Sep 2025 04:38:24 GMT'), (b'Vary', b'*'), (b'X-Content-Type-Options', b'nosniff'), (b'OData-Version', b'4.0;'), (b'X-AspNet-Version', b'4.0.30319'), (b'X-Powered-By', b'ASP.NET')])
2025-09-22 10:07:22,762 - httpx - INFO - _send_single_request:1740 - HTTP Request: GET https://services.odata.org/V4/Northwind/Northwind.svc/Category_Sales_for_1997?%24skip=0&%24top=500 "HTTP/1.1 200 OK"
2025-09-22 10:07:22,762 - httpcore.http11 - DEBUG - atrace:87 - receive_response_body.started request=<Request [b'GET']>
2025-09-22 10:07:22,762 - httpcore.http11 - DEBUG - atrace:87 - receive_response_body.complete
2025-09-22 10:07:22,762 - httpcore.http11 - DEBUG - atrace:87 - response_closed.started
2025-09-22 10:07:22,764 - httpcore.http11 - DEBUG - atrace:87 - response_closed.complete
2025-09-22 10:07:22,764 - workers.proxy_pool - INFO - _make_http_request:162 - [2m2025-09-22T04:37:22.764778Z[0m [[32m[1minfo     [0m] [1m📊 Worker successfully fetched data[0m [[0m[1m[34mworkers.proxy_pool[0m][0m [36mcommand_id[0m=[35mCategory_Sales_for_1997_page_1[0m [36mentity[0m=[35mCategory_Sales_for_1997[0m [36mhas_next_page[0m=[35mFalse[0m [36mrecords_in_response[0m=[35m8[0m [36mworker_id[0m=[35mworker_0[0m
2025-09-22 10:07:22,764 - workers.proxy_pool - INFO - execute_command:85 - [2m2025-09-22T04:37:22.764778Z[0m [[32m[1minfo     [0m] [1m✅ Worker completed command successfully[0m [[0m[1m[34mworkers.proxy_pool[0m][0m [36mcommand_id[0m=[35mCategory_Sales_for_1997_page_1[0m [36mentity[0m=[35mCategory_Sales_for_1997[0m [36mexecution_time_seconds[0m=[35m0.39[0m [36mhas_next_page[0m=[35mFalse[0m [36mrecords_fetched[0m=[35m8[0m [36mworker_id[0m=[35mworker_0[0m
2025-09-22 10:07:22,766 - workers.proxy_pool - INFO - _worker_loop:363 - [2m2025-09-22T04:37:22.766804Z[0m [[32m[1minfo     [0m] [1m📋 Worker picked up command from queue[0m [[0m[1m[34mworkers.proxy_pool[0m][0m [36mcommand_id[0m=[35mEmployees_page_1[0m [36mentity[0m=[35mEmployees[0m [36mqueue_size_after_pickup[0m=[35m25[0m [36mworker_id[0m=[35mworker_0[0m [36mworker_status[0m=[35mPROCESSING[0m
2025-09-22 10:07:22,766 - workers.proxy_pool - INFO - execute_command:51 - [2m2025-09-22T04:37:22.766804Z[0m [[32m[1minfo     [0m] [1m🚀 Worker starting command execution[0m [[0m[1m[34mworkers.proxy_pool[0m][0m [36mcommand_id[0m=[35mEmployees_page_1[0m [36mcommand_type[0m=[35mfetch_page[0m [36mentity[0m=[35mEmployees[0m [36mpriority[0m=[35m1[0m [36mretry_count[0m=[35m0[0m [36mskip[0m=[35m0[0m [36mtop[0m=[35m500[0m [36mworker_id[0m=[35mworker_0[0m
2025-09-22 10:07:22,770 - workers.proxy_pool - INFO - execute_command:74 - [2m2025-09-22T04:37:22.766804Z[0m [[32m[1minfo     [0m] [1m🔄 Worker executing request with resilience patterns[0m [[0m[1m[34mworkers.proxy_pool[0m][0m [36mcircuit_breaker_state[0m=[35mclosed[0m [36mcommand_id[0m=[35mEmployees_page_1[0m [36mworker_id[0m=[35mworker_0[0m
2025-09-22 10:07:22,772 - storage.transformer - INFO - transform_odata_response:96 - [2m2025-09-22T04:37:22.772692Z[0m [[32m[1minfo     [0m] [1mTransformation completed      [0m [[0m[1m[34mstorage.transformer[0m][0m [36mentity_name[0m=[35mCategory_Sales_for_1997[0m [36minput_records[0m=[35m8[0m [36moutput_records[0m=[35m8[0m
2025-09-22 10:07:22,772 - storage.local_storage - INFO - store_processed_records:131 - [2m2025-09-22T04:37:22.772692Z[0m [[32m[1minfo     [0m] [1mStoring processed records     [0m [[0m[1m[34mstorage.local_storage[0m][0m [36mentity_name[0m=[35mCategory_Sales_for_1997[0m [36mformat[0m=[35mjson[0m [36mrecord_count[0m=[35m8[0m
2025-09-22 10:07:22,774 - storage.local_storage - INFO - store_processed_records:142 - [2m2025-09-22T04:37:22.774733Z[0m [[32m[1minfo     [0m] [1mSuccessfully stored processed records[0m [[0m[1m[34mstorage.local_storage[0m][0m [36mentity_name[0m=[35mCategory_Sales_for_1997[0m [36mfile_path[0m=[35m./test_output/processed\Category_Sales_for_1997_20250922_043722.json[0m [36mrecord_count[0m=[35m8[0m
2025-09-22 10:07:22,782 - storage.local_storage - INFO - store_raw_response:83 - [2m2025-09-22T04:37:22.782711Z[0m [[32m[1minfo     [0m] [1mSuccessfully stored raw data  [0m [[0m[1m[34mstorage.local_storage[0m][0m [36mentity_name[0m=[35mCategory_Sales_for_1997[0m [36mfile_path[0m=[35m./test_output/raw\Category_Sales_for_1997\2025/09/22\04\Category_Sales_for_1997_page_1.json[0m [36msize_bytes[0m=[35m1040[0m
2025-09-22 10:07:22,785 - httpcore.http11 - DEBUG - atrace:87 - send_request_headers.started request=<Request [b'GET']>
2025-09-22 10:07:22,786 - httpcore.http11 - DEBUG - atrace:87 - send_request_headers.complete
2025-09-22 10:07:22,786 - httpcore.http11 - DEBUG - atrace:87 - send_request_body.started request=<Request [b'GET']>
2025-09-22 10:07:22,786 - httpcore.http11 - DEBUG - atrace:87 - send_request_body.complete
2025-09-22 10:07:22,788 - httpcore.http11 - DEBUG - atrace:87 - receive_response_headers.started request=<Request [b'GET']>
2025-09-22 10:07:22,949 - httpcore.http11 - DEBUG - atrace:87 - receive_response_headers.complete return_value=(b'HTTP/1.1', 200, b'OK', [(b'Content-Length', b'2134'), (b'Content-Type', b'application/json;odata.metadata=minimal;odata.streaming=true;IEEE754Compatible=false;charset=utf-8'), (b'Date', b'Mon, 22 Sep 2025 04:37:24 GMT'), (b'Server', b'Microsoft-IIS/10.0'), (b'Access-Control-Allow-Headers', b'Accept, Origin, Content-Type, MaxDataServiceVersion'), (b'Access-Control-Allow-Methods', b'GET'), (b'Access-Control-Allow-Origin', b'*'), (b'Access-Control-Expose-Headers', b'DataServiceVersion'), (b'Cache-Control', b'private'), (b'Content-Encoding', b'gzip'), (b'Expires', b'Mon, 22 Sep 2025 04:38:24 GMT'), (b'Vary', b'*'), (b'X-Content-Type-Options', b'nosniff'), (b'OData-Version', b'4.0;'), (b'X-AspNet-Version', b'4.0.30319'), (b'X-Powered-By', b'ASP.NET')])
2025-09-22 10:07:22,949 - httpx - INFO - _send_single_request:1740 - HTTP Request: GET https://services.odata.org/V4/Northwind/Northwind.svc/Product_Sales_for_1997?%24skip=0&%24top=500 "HTTP/1.1 200 OK"
2025-09-22 10:07:22,949 - httpcore.http11 - DEBUG - atrace:87 - receive_response_body.started request=<Request [b'GET']>
2025-09-22 10:07:22,949 - httpcore.http11 - DEBUG - atrace:87 - receive_response_body.complete
2025-09-22 10:07:22,949 - httpcore.http11 - DEBUG - atrace:87 - response_closed.started
2025-09-22 10:07:22,949 - httpcore.http11 - DEBUG - atrace:87 - response_closed.complete
2025-09-22 10:07:22,949 - workers.proxy_pool - INFO - _make_http_request:162 - [2m2025-09-22T04:37:22.949382Z[0m [[32m[1minfo     [0m] [1m📊 Worker successfully fetched data[0m [[0m[1m[34mworkers.proxy_pool[0m][0m [36mcommand_id[0m=[35mProduct_Sales_for_1997_page_1[0m [36mentity[0m=[35mProduct_Sales_for_1997[0m [36mhas_next_page[0m=[35mFalse[0m [36mrecords_in_response[0m=[35m77[0m [36mworker_id[0m=[35mworker_1[0m
2025-09-22 10:07:22,949 - workers.proxy_pool - INFO - execute_command:85 - [2m2025-09-22T04:37:22.949382Z[0m [[32m[1minfo     [0m] [1m✅ Worker completed command successfully[0m [[0m[1m[34mworkers.proxy_pool[0m][0m [36mcommand_id[0m=[35mProduct_Sales_for_1997_page_1[0m [36mentity[0m=[35mProduct_Sales_for_1997[0m [36mexecution_time_seconds[0m=[35m0.39[0m [36mhas_next_page[0m=[35mFalse[0m [36mrecords_fetched[0m=[35m77[0m [36mworker_id[0m=[35mworker_1[0m
2025-09-22 10:07:22,954 - workers.proxy_pool - INFO - _worker_loop:363 - [2m2025-09-22T04:37:22.954896Z[0m [[32m[1minfo     [0m] [1m📋 Worker picked up command from queue[0m [[0m[1m[34mworkers.proxy_pool[0m][0m [36mcommand_id[0m=[35mProducts_by_Categories_page_1[0m [36mentity[0m=[35mProducts_by_Categories[0m [36mqueue_size_after_pickup[0m=[35m24[0m [36mworker_id[0m=[35mworker_1[0m [36mworker_status[0m=[35mPROCESSING[0m
2025-09-22 10:07:22,954 - workers.proxy_pool - INFO - execute_command:51 - [2m2025-09-22T04:37:22.954896Z[0m [[32m[1minfo     [0m] [1m🚀 Worker starting command execution[0m [[0m[1m[34mworkers.proxy_pool[0m][0m [36mcommand_id[0m=[35mProducts_by_Categories_page_1[0m [36mcommand_type[0m=[35mfetch_page[0m [36mentity[0m=[35mProducts_by_Categories[0m [36mpriority[0m=[35m1[0m [36mretry_count[0m=[35m0[0m [36mskip[0m=[35m0[0m [36mtop[0m=[35m500[0m [36mworker_id[0m=[35mworker_1[0m
2025-09-22 10:07:22,954 - workers.proxy_pool - INFO - execute_command:74 - [2m2025-09-22T04:37:22.954896Z[0m [[32m[1minfo     [0m] [1m🔄 Worker executing request with resilience patterns[0m [[0m[1m[34mworkers.proxy_pool[0m][0m [36mcircuit_breaker_state[0m=[35mclosed[0m [36mcommand_id[0m=[35mProducts_by_Categories_page_1[0m [36mworker_id[0m=[35mworker_1[0m
2025-09-22 10:07:22,962 - storage.transformer - INFO - transform_odata_response:96 - [2m2025-09-22T04:37:22.962060Z[0m [[32m[1minfo     [0m] [1mTransformation completed      [0m [[0m[1m[34mstorage.transformer[0m][0m [36mentity_name[0m=[35mProduct_Sales_for_1997[0m [36minput_records[0m=[35m77[0m [36moutput_records[0m=[35m77[0m
2025-09-22 10:07:22,962 - storage.local_storage - INFO - store_processed_records:131 - [2m2025-09-22T04:37:22.962060Z[0m [[32m[1minfo     [0m] [1mStoring processed records     [0m [[0m[1m[34mstorage.local_storage[0m][0m [36mentity_name[0m=[35mProduct_Sales_for_1997[0m [36mformat[0m=[35mjson[0m [36mrecord_count[0m=[35m77[0m
2025-09-22 10:07:22,965 - storage.local_storage - INFO - store_processed_records:142 - [2m2025-09-22T04:37:22.965424Z[0m [[32m[1minfo     [0m] [1mSuccessfully stored processed records[0m [[0m[1m[34mstorage.local_storage[0m][0m [36mentity_name[0m=[35mProduct_Sales_for_1997[0m [36mfile_path[0m=[35m./test_output/processed\Product_Sales_for_1997_20250922_043722.json[0m [36mrecord_count[0m=[35m77[0m
2025-09-22 10:07:22,979 - storage.local_storage - INFO - store_raw_response:83 - [2m2025-09-22T04:37:22.979649Z[0m [[32m[1minfo     [0m] [1mSuccessfully stored raw data  [0m [[0m[1m[34mstorage.local_storage[0m][0m [36mentity_name[0m=[35mProduct_Sales_for_1997[0m [36mfile_path[0m=[35m./test_output/raw\Product_Sales_for_1997\2025/09/22\04\Product_Sales_for_1997_page_1.json[0m [36msize_bytes[0m=[35m10385[0m
2025-09-22 10:07:22,982 - httpcore.http11 - DEBUG - atrace:87 - send_request_headers.started request=<Request [b'GET']>
2025-09-22 10:07:22,983 - httpcore.http11 - DEBUG - atrace:87 - send_request_headers.complete
2025-09-22 10:07:22,985 - httpcore.http11 - DEBUG - atrace:87 - send_request_body.started request=<Request [b'GET']>
2025-09-22 10:07:22,985 - httpcore.http11 - DEBUG - atrace:87 - send_request_body.complete
2025-09-22 10:07:22,986 - httpcore.http11 - DEBUG - atrace:87 - receive_response_headers.started request=<Request [b'GET']>
2025-09-22 10:07:23,075 - httpcore.http11 - DEBUG - atrace:87 - receive_response_headers.complete return_value=(b'HTTP/1.1', 200, b'OK', [(b'Content-Type', b'application/json;odata.metadata=minimal;odata.streaming=true;IEEE754Compatible=false;charset=utf-8'), (b'Date', b'Mon, 22 Sep 2025 04:37:24 GMT'), (b'Server', b'Microsoft-IIS/10.0'), (b'Access-Control-Allow-Headers', b'Accept, Origin, Content-Type, MaxDataServiceVersion'), (b'Access-Control-Allow-Methods', b'GET'), (b'Access-Control-Allow-Origin', b'*'), (b'Access-Control-Expose-Headers', b'DataServiceVersion'), (b'Cache-Control', b'private'), (b'Content-Encoding', b'gzip'), (b'Expires', b'Mon, 22 Sep 2025 04:38:24 GMT'), (b'Transfer-Encoding', b'chunked'), (b'Vary', b'*'), (b'X-Content-Type-Options', b'nosniff'), (b'OData-Version', b'4.0;'), (b'X-AspNet-Version', b'4.0.30319'), (b'X-Powered-By', b'ASP.NET')])
2025-09-22 10:07:23,076 - httpx - INFO - _send_single_request:1740 - HTTP Request: GET https://services.odata.org/V4/Northwind/Northwind.svc/Employees?%24skip=0&%24top=500 "HTTP/1.1 200 OK"
2025-09-22 10:07:23,078 - httpcore.http11 - DEBUG - atrace:87 - receive_response_body.started request=<Request [b'GET']>
2025-09-22 10:07:23,241 - httpcore.http11 - DEBUG - atrace:87 - receive_response_headers.complete return_value=(b'HTTP/1.1', 200, b'OK', [(b'Content-Length', b'2280'), (b'Content-Type', b'application/json;odata.metadata=minimal;odata.streaming=true;IEEE754Compatible=false;charset=utf-8'), (b'Date', b'Mon, 22 Sep 2025 04:37:24 GMT'), (b'Server', b'Microsoft-IIS/10.0'), (b'Access-Control-Allow-Headers', b'Accept, Origin, Content-Type, MaxDataServiceVersion'), (b'Access-Control-Allow-Methods', b'GET'), (b'Access-Control-Allow-Origin', b'*'), (b'Access-Control-Expose-Headers', b'DataServiceVersion'), (b'Cache-Control', b'private'), (b'Content-Encoding', b'gzip'), (b'Expires', b'Mon, 22 Sep 2025 04:38:24 GMT'), (b'Vary', b'*'), (b'X-Content-Type-Options', b'nosniff'), (b'OData-Version', b'4.0;'), (b'X-AspNet-Version', b'4.0.30319'), (b'X-Powered-By', b'ASP.NET')])
2025-09-22 10:07:23,241 - httpx - INFO - _send_single_request:1740 - HTTP Request: GET https://services.odata.org/V4/Northwind/Northwind.svc/Products_by_Categories?%24skip=0&%24top=500 "HTTP/1.1 200 OK"
2025-09-22 10:07:23,242 - httpcore.http11 - DEBUG - atrace:87 - receive_response_body.started request=<Request [b'GET']>
2025-09-22 10:07:23,242 - httpcore.http11 - DEBUG - atrace:87 - receive_response_body.complete
2025-09-22 10:07:23,243 - httpcore.http11 - DEBUG - atrace:87 - response_closed.started
2025-09-22 10:07:23,243 - httpcore.http11 - DEBUG - atrace:87 - response_closed.complete
2025-09-22 10:07:23,243 - workers.proxy_pool - INFO - _make_http_request:162 - [2m2025-09-22T04:37:23.243714Z[0m [[32m[1minfo     [0m] [1m📊 Worker successfully fetched data[0m [[0m[1m[34mworkers.proxy_pool[0m][0m [36mcommand_id[0m=[35mProducts_by_Categories_page_1[0m [36mentity[0m=[35mProducts_by_Categories[0m [36mhas_next_page[0m=[35mFalse[0m [36mrecords_in_response[0m=[35m69[0m [36mworker_id[0m=[35mworker_1[0m
2025-09-22 10:07:23,244 - workers.proxy_pool - INFO - execute_command:85 - [2m2025-09-22T04:37:23.244347Z[0m [[32m[1minfo     [0m] [1m✅ Worker completed command successfully[0m [[0m[1m[34mworkers.proxy_pool[0m][0m [36mcommand_id[0m=[35mProducts_by_Categories_page_1[0m [36mentity[0m=[35mProducts_by_Categories[0m [36mexecution_time_seconds[0m=[35m0.28[0m [36mhas_next_page[0m=[35mFalse[0m [36mrecords_fetched[0m=[35m69[0m [36mworker_id[0m=[35mworker_1[0m
2025-09-22 10:07:23,246 - workers.proxy_pool - INFO - _worker_loop:363 - [2m2025-09-22T04:37:23.245486Z[0m [[32m[1minfo     [0m] [1m📋 Worker picked up command from queue[0m [[0m[1m[34mworkers.proxy_pool[0m][0m [36mcommand_id[0m=[35mRegions_page_1[0m [36mentity[0m=[35mRegions[0m [36mqueue_size_after_pickup[0m=[35m23[0m [36mworker_id[0m=[35mworker_1[0m [36mworker_status[0m=[35mPROCESSING[0m
2025-09-22 10:07:23,247 - workers.proxy_pool - INFO - execute_command:51 - [2m2025-09-22T04:37:23.246706Z[0m [[32m[1minfo     [0m] [1m🚀 Worker starting command execution[0m [[0m[1m[34mworkers.proxy_pool[0m][0m [36mcommand_id[0m=[35mRegions_page_1[0m [36mcommand_type[0m=[35mfetch_page[0m [36mentity[0m=[35mRegions[0m [36mpriority[0m=[35m1[0m [36mretry_count[0m=[35m0[0m [36mskip[0m=[35m0[0m [36mtop[0m=[35m500[0m [36mworker_id[0m=[35mworker_1[0m
2025-09-22 10:07:23,247 - workers.proxy_pool - INFO - execute_command:74 - [2m2025-09-22T04:37:23.247348Z[0m [[32m[1minfo     [0m] [1m🔄 Worker executing request with resilience patterns[0m [[0m[1m[34mworkers.proxy_pool[0m][0m [36mcircuit_breaker_state[0m=[35mclosed[0m [36mcommand_id[0m=[35mRegions_page_1[0m [36mworker_id[0m=[35mworker_1[0m
2025-09-22 10:07:23,249 - storage.transformer - INFO - transform_odata_response:96 - [2m2025-09-22T04:37:23.249865Z[0m [[32m[1minfo     [0m] [1mTransformation completed      [0m [[0m[1m[34mstorage.transformer[0m][0m [36mentity_name[0m=[35mProducts_by_Categories[0m [36minput_records[0m=[35m69[0m [36moutput_records[0m=[35m69[0m
2025-09-22 10:07:23,252 - storage.local_storage - INFO - store_processed_records:131 - [2m2025-09-22T04:37:23.252476Z[0m [[32m[1minfo     [0m] [1mStoring processed records     [0m [[0m[1m[34mstorage.local_storage[0m][0m [36mentity_name[0m=[35mProducts_by_Categories[0m [36mformat[0m=[35mjson[0m [36mrecord_count[0m=[35m69[0m
2025-09-22 10:07:23,254 - storage.local_storage - INFO - store_processed_records:142 - [2m2025-09-22T04:37:23.254479Z[0m [[32m[1minfo     [0m] [1mSuccessfully stored processed records[0m [[0m[1m[34mstorage.local_storage[0m][0m [36mentity_name[0m=[35mProducts_by_Categories[0m [36mfile_path[0m=[35m./test_output/processed\Products_by_Categories_20250922_043723.json[0m [36mrecord_count[0m=[35m69[0m
2025-09-22 10:07:23,264 - storage.local_storage - INFO - store_raw_response:83 - [2m2025-09-22T04:37:23.264735Z[0m [[32m[1minfo     [0m] [1mSuccessfully stored raw data  [0m [[0m[1m[34mstorage.local_storage[0m][0m [36mentity_name[0m=[35mProducts_by_Categories[0m [36mfile_path[0m=[35m./test_output/raw\Products_by_Categories\2025/09/22\04\Products_by_Categories_page_1.json[0m [36msize_bytes[0m=[35m14291[0m
2025-09-22 10:07:23,264 - httpcore.http11 - DEBUG - atrace:87 - send_request_headers.started request=<Request [b'GET']>
2025-09-22 10:07:23,270 - httpcore.http11 - DEBUG - atrace:87 - send_request_headers.complete
2025-09-22 10:07:23,270 - httpcore.http11 - DEBUG - atrace:87 - send_request_body.started request=<Request [b'GET']>
2025-09-22 10:07:23,270 - httpcore.http11 - DEBUG - atrace:87 - send_request_body.complete
2025-09-22 10:07:23,270 - httpcore.http11 - DEBUG - atrace:87 - receive_response_headers.started request=<Request [b'GET']>
2025-09-22 10:07:23,437 - httpcore.http11 - DEBUG - atrace:87 - receive_response_headers.complete return_value=(b'HTTP/1.1', 200, b'OK', [(b'Content-Length', b'1290'), (b'Content-Type', b'application/json;odata.metadata=minimal;odata.streaming=true;IEEE754Compatible=false;charset=utf-8'), (b'Date', b'Mon, 22 Sep 2025 04:37:24 GMT'), (b'Server', b'Microsoft-IIS/10.0'), (b'Access-Control-Allow-Headers', b'Accept, Origin, Content-Type, MaxDataServiceVersion'), (b'Access-Control-Allow-Methods', b'GET'), (b'Access-Control-Allow-Origin', b'*'), (b'Access-Control-Expose-Headers', b'DataServiceVersion'), (b'Cache-Control', b'private'), (b'Content-Encoding', b'gzip'), (b'Expires', b'Mon, 22 Sep 2025 04:38:24 GMT'), (b'Vary', b'*'), (b'X-Content-Type-Options', b'nosniff'), (b'OData-Version', b'4.0;'), (b'X-AspNet-Version', b'4.0.30319'), (b'X-Powered-By', b'ASP.NET')])
2025-09-22 10:07:23,438 - httpx - INFO - _send_single_request:1740 - HTTP Request: GET https://services.odata.org/V4/Northwind/Northwind.svc/Territories?%24skip=0&%24top=500 "HTTP/1.1 200 OK"
2025-09-22 10:07:23,439 - httpcore.http11 - DEBUG - atrace:87 - receive_response_body.started request=<Request [b'GET']>
2025-09-22 10:07:23,440 - httpcore.http11 - DEBUG - atrace:87 - receive_response_body.complete
2025-09-22 10:07:23,440 - httpcore.http11 - DEBUG - atrace:87 - response_closed.started
2025-09-22 10:07:23,440 - httpcore.http11 - DEBUG - atrace:87 - response_closed.complete
2025-09-22 10:07:23,441 - workers.proxy_pool - INFO - _make_http_request:162 - [2m2025-09-22T04:37:23.441040Z[0m [[32m[1minfo     [0m] [1m📊 Worker successfully fetched data[0m [[0m[1m[34mworkers.proxy_pool[0m][0m [36mcommand_id[0m=[35mTerritories_page_1[0m [36mentity[0m=[35mTerritories[0m [36mhas_next_page[0m=[35mFalse[0m [36mrecords_in_response[0m=[35m53[0m [36mworker_id[0m=[35mworker_2[0m
2025-09-22 10:07:23,442 - workers.proxy_pool - INFO - execute_command:85 - [2m2025-09-22T04:37:23.441673Z[0m [[32m[1minfo     [0m] [1m✅ Worker completed command successfully[0m [[0m[1m[34mworkers.proxy_pool[0m][0m [36mcommand_id[0m=[35mTerritories_page_1[0m [36mentity[0m=[35mTerritories[0m [36mexecution_time_seconds[0m=[35m0.81[0m [36mhas_next_page[0m=[35mFalse[0m [36mrecords_fetched[0m=[35m53[0m [36mworker_id[0m=[35mworker_2[0m
2025-09-22 10:07:23,442 - workers.proxy_pool - INFO - _worker_loop:363 - [2m2025-09-22T04:37:23.442925Z[0m [[32m[1minfo     [0m] [1m📋 Worker picked up command from queue[0m [[0m[1m[34mworkers.proxy_pool[0m][0m [36mcommand_id[0m=[35mShippers_page_1[0m [36mentity[0m=[35mShippers[0m [36mqueue_size_after_pickup[0m=[35m22[0m [36mworker_id[0m=[35mworker_2[0m [36mworker_status[0m=[35mPROCESSING[0m
2025-09-22 10:07:23,443 - workers.proxy_pool - INFO - execute_command:51 - [2m2025-09-22T04:37:23.443455Z[0m [[32m[1minfo     [0m] [1m🚀 Worker starting command execution[0m [[0m[1m[34mworkers.proxy_pool[0m][0m [36mcommand_id[0m=[35mShippers_page_1[0m [36mcommand_type[0m=[35mfetch_page[0m [36mentity[0m=[35mShippers[0m [36mpriority[0m=[35m1[0m [36mretry_count[0m=[35m0[0m [36mskip[0m=[35m0[0m [36mtop[0m=[35m500[0m [36mworker_id[0m=[35mworker_2[0m
2025-09-22 10:07:23,444 - workers.proxy_pool - INFO - execute_command:74 - [2m2025-09-22T04:37:23.444572Z[0m [[32m[1minfo     [0m] [1m🔄 Worker executing request with resilience patterns[0m [[0m[1m[34mworkers.proxy_pool[0m][0m [36mcircuit_breaker_state[0m=[35mclosed[0m [36mcommand_id[0m=[35mShippers_page_1[0m [36mworker_id[0m=[35mworker_2[0m
2025-09-22 10:07:23,447 - storage.transformer - INFO - transform_odata_response:96 - [2m2025-09-22T04:37:23.447553Z[0m [[32m[1minfo     [0m] [1mTransformation completed      [0m [[0m[1m[34mstorage.transformer[0m][0m [36mentity_name[0m=[35mTerritories[0m [36minput_records[0m=[35m53[0m [36moutput_records[0m=[35m53[0m
2025-09-22 10:07:23,448 - storage.local_storage - INFO - store_processed_records:131 - [2m2025-09-22T04:37:23.448370Z[0m [[32m[1minfo     [0m] [1mStoring processed records     [0m [[0m[1m[34mstorage.local_storage[0m][0m [36mentity_name[0m=[35mTerritories[0m [36mformat[0m=[35mjson[0m [36mrecord_count[0m=[35m53[0m
2025-09-22 10:07:23,451 - storage.local_storage - INFO - store_processed_records:142 - [2m2025-09-22T04:37:23.451475Z[0m [[32m[1minfo     [0m] [1mSuccessfully stored processed records[0m [[0m[1m[34mstorage.local_storage[0m][0m [36mentity_name[0m=[35mTerritories[0m [36mfile_path[0m=[35m./test_output/processed\Territories_20250922_043723.json[0m [36mrecord_count[0m=[35m53[0m
2025-09-22 10:07:23,462 - storage.local_storage - INFO - store_raw_response:83 - [2m2025-09-22T04:37:23.461583Z[0m [[32m[1minfo     [0m] [1mSuccessfully stored raw data  [0m [[0m[1m[34mstorage.local_storage[0m][0m [36mentity_name[0m=[35mTerritories[0m [36mfile_path[0m=[35m./test_output/raw\Territories\2025/09/22\04\Territories_page_1.json[0m [36msize_bytes[0m=[35m10410[0m
2025-09-22 10:07:23,463 - httpcore.http11 - DEBUG - atrace:87 - send_request_headers.started request=<Request [b'GET']>
2025-09-22 10:07:23,465 - httpcore.http11 - DEBUG - atrace:87 - send_request_headers.complete
2025-09-22 10:07:23,465 - httpcore.http11 - DEBUG - atrace:87 - send_request_body.started request=<Request [b'GET']>
2025-09-22 10:07:23,466 - httpcore.http11 - DEBUG - atrace:87 - send_request_body.complete
2025-09-22 10:07:23,466 - httpcore.http11 - DEBUG - atrace:87 - receive_response_headers.started request=<Request [b'GET']>
2025-09-22 10:07:23,529 - httpcore.http11 - DEBUG - atrace:87 - receive_response_headers.complete return_value=(b'HTTP/1.1', 200, b'OK', [(b'Content-Length', b'267'), (b'Content-Type', b'application/json;odata.metadata=minimal;odata.streaming=true;IEEE754Compatible=false;charset=utf-8'), (b'Date', b'Mon, 22 Sep 2025 04:37:24 GMT'), (b'Server', b'Microsoft-IIS/10.0'), (b'Access-Control-Allow-Headers', b'Accept, Origin, Content-Type, MaxDataServiceVersion'), (b'Access-Control-Allow-Methods', b'GET'), (b'Access-Control-Allow-Origin', b'*'), (b'Access-Control-Expose-Headers', b'DataServiceVersion'), (b'Cache-Control', b'private'), (b'Content-Encoding', b'gzip'), (b'Expires', b'Mon, 22 Sep 2025 04:38:25 GMT'), (b'Vary', b'*'), (b'X-Content-Type-Options', b'nosniff'), (b'OData-Version', b'4.0;'), (b'X-AspNet-Version', b'4.0.30319'), (b'X-Powered-By', b'ASP.NET')])
2025-09-22 10:07:23,529 - httpx - INFO - _send_single_request:1740 - HTTP Request: GET https://services.odata.org/V4/Northwind/Northwind.svc/Regions?%24skip=0&%24top=500 "HTTP/1.1 200 OK"
2025-09-22 10:07:23,531 - httpcore.http11 - DEBUG - atrace:87 - receive_response_body.started request=<Request [b'GET']>
2025-09-22 10:07:23,532 - httpcore.http11 - DEBUG - atrace:87 - receive_response_body.complete
2025-09-22 10:07:23,533 - httpcore.http11 - DEBUG - atrace:87 - response_closed.started
2025-09-22 10:07:23,533 - httpcore.http11 - DEBUG - atrace:87 - response_closed.complete
2025-09-22 10:07:23,533 - workers.proxy_pool - INFO - _make_http_request:162 - [2m2025-09-22T04:37:23.533059Z[0m [[32m[1minfo     [0m] [1m📊 Worker successfully fetched data[0m [[0m[1m[34mworkers.proxy_pool[0m][0m [36mcommand_id[0m=[35mRegions_page_1[0m [36mentity[0m=[35mRegions[0m [36mhas_next_page[0m=[35mFalse[0m [36mrecords_in_response[0m=[35m4[0m [36mworker_id[0m=[35mworker_1[0m
2025-09-22 10:07:23,534 - workers.proxy_pool - INFO - execute_command:85 - [2m2025-09-22T04:37:23.534592Z[0m [[32m[1minfo     [0m] [1m✅ Worker completed command successfully[0m [[0m[1m[34mworkers.proxy_pool[0m][0m [36mcommand_id[0m=[35mRegions_page_1[0m [36mentity[0m=[35mRegions[0m [36mexecution_time_seconds[0m=[35m0.28[0m [36mhas_next_page[0m=[35mFalse[0m [36mrecords_fetched[0m=[35m4[0m [36mworker_id[0m=[35mworker_1[0m
2025-09-22 10:07:23,535 - workers.proxy_pool - INFO - _worker_loop:363 - [2m2025-09-22T04:37:23.535217Z[0m [[32m[1minfo     [0m] [1m📋 Worker picked up command from queue[0m [[0m[1m[34mworkers.proxy_pool[0m][0m [36mcommand_id[0m=[35mProducts_page_1[0m [36mentity[0m=[35mProducts[0m [36mqueue_size_after_pickup[0m=[35m21[0m [36mworker_id[0m=[35mworker_1[0m [36mworker_status[0m=[35mPROCESSING[0m
2025-09-22 10:07:23,536 - workers.proxy_pool - INFO - execute_command:51 - [2m2025-09-22T04:37:23.536778Z[0m [[32m[1minfo     [0m] [1m🚀 Worker starting command execution[0m [[0m[1m[34mworkers.proxy_pool[0m][0m [36mcommand_id[0m=[35mProducts_page_1[0m [36mcommand_type[0m=[35mfetch_page[0m [36mentity[0m=[35mProducts[0m [36mpriority[0m=[35m1[0m [36mretry_count[0m=[35m0[0m [36mskip[0m=[35m0[0m [36mtop[0m=[35m500[0m [36mworker_id[0m=[35mworker_1[0m
2025-09-22 10:07:23,537 - workers.proxy_pool - INFO - execute_command:74 - [2m2025-09-22T04:37:23.537201Z[0m [[32m[1minfo     [0m] [1m🔄 Worker executing request with resilience patterns[0m [[0m[1m[34mworkers.proxy_pool[0m][0m [36mcircuit_breaker_state[0m=[35mclosed[0m [36mcommand_id[0m=[35mProducts_page_1[0m [36mworker_id[0m=[35mworker_1[0m
2025-09-22 10:07:23,540 - storage.transformer - INFO - transform_odata_response:96 - [2m2025-09-22T04:37:23.540447Z[0m [[32m[1minfo     [0m] [1mTransformation completed      [0m [[0m[1m[34mstorage.transformer[0m][0m [36mentity_name[0m=[35mRegions[0m [36minput_records[0m=[35m4[0m [36moutput_records[0m=[35m4[0m
2025-09-22 10:07:23,541 - storage.local_storage - INFO - store_processed_records:131 - [2m2025-09-22T04:37:23.541785Z[0m [[32m[1minfo     [0m] [1mStoring processed records     [0m [[0m[1m[34mstorage.local_storage[0m][0m [36mentity_name[0m=[35mRegions[0m [36mformat[0m=[35mjson[0m [36mrecord_count[0m=[35m4[0m
2025-09-22 10:07:23,547 - storage.local_storage - INFO - store_processed_records:142 - [2m2025-09-22T04:37:23.547249Z[0m [[32m[1minfo     [0m] [1mSuccessfully stored processed records[0m [[0m[1m[34mstorage.local_storage[0m][0m [36mentity_name[0m=[35mRegions[0m [36mfile_path[0m=[35m./test_output/processed\Regions_20250922_043723.json[0m [36mrecord_count[0m=[35m4[0m
2025-09-22 10:07:23,551 - storage.local_storage - INFO - store_raw_response:83 - [2m2025-09-22T04:37:23.551014Z[0m [[32m[1minfo     [0m] [1mSuccessfully stored raw data  [0m [[0m[1m[34mstorage.local_storage[0m][0m [36mentity_name[0m=[35mRegions[0m [36mfile_path[0m=[35m./test_output/raw\Regions\2025/09/22\04\Regions_page_1.json[0m [36msize_bytes[0m=[35m763[0m
2025-09-22 10:07:23,554 - httpcore.http11 - DEBUG - atrace:87 - send_request_headers.started request=<Request [b'GET']>
2025-09-22 10:07:23,554 - httpcore.http11 - DEBUG - atrace:87 - send_request_headers.complete
2025-09-22 10:07:23,558 - httpcore.http11 - DEBUG - atrace:87 - send_request_body.started request=<Request [b'GET']>
2025-09-22 10:07:23,558 - httpcore.http11 - DEBUG - atrace:87 - send_request_body.complete
2025-09-22 10:07:23,558 - httpcore.http11 - DEBUG - atrace:87 - receive_response_headers.started request=<Request [b'GET']>
2025-09-22 10:07:23,558 - httpcore.http11 - DEBUG - atrace:87 - receive_response_body.complete
2025-09-22 10:07:23,558 - httpcore.http11 - DEBUG - atrace:87 - response_closed.started
2025-09-22 10:07:23,558 - httpcore.http11 - DEBUG - atrace:87 - response_closed.complete
2025-09-22 10:07:23,558 - workers.proxy_pool - INFO - _make_http_request:162 - [2m2025-09-22T04:37:23.558800Z[0m [[32m[1minfo     [0m] [1m📊 Worker successfully fetched data[0m [[0m[1m[34mworkers.proxy_pool[0m][0m [36mcommand_id[0m=[35mEmployees_page_1[0m [36mentity[0m=[35mEmployees[0m [36mhas_next_page[0m=[35mFalse[0m [36mrecords_in_response[0m=[35m9[0m [36mworker_id[0m=[35mworker_0[0m
2025-09-22 10:07:23,564 - workers.proxy_pool - INFO - execute_command:85 - [2m2025-09-22T04:37:23.558800Z[0m [[32m[1minfo     [0m] [1m✅ Worker completed command successfully[0m [[0m[1m[34mworkers.proxy_pool[0m][0m [36mcommand_id[0m=[35mEmployees_page_1[0m [36mentity[0m=[35mEmployees[0m [36mexecution_time_seconds[0m=[35m0.8[0m [36mhas_next_page[0m=[35mFalse[0m [36mrecords_fetched[0m=[35m9[0m [36mworker_id[0m=[35mworker_0[0m
2025-09-22 10:07:23,564 - workers.proxy_pool - INFO - _worker_loop:363 - [2m2025-09-22T04:37:23.564492Z[0m [[32m[1minfo     [0m] [1m📋 Worker picked up command from queue[0m [[0m[1m[34mworkers.proxy_pool[0m][0m [36mcommand_id[0m=[35mSuppliers_page_1[0m [36mentity[0m=[35mSuppliers[0m [36mqueue_size_after_pickup[0m=[35m20[0m [36mworker_id[0m=[35mworker_0[0m [36mworker_status[0m=[35mPROCESSING[0m
2025-09-22 10:07:23,568 - workers.proxy_pool - INFO - execute_command:51 - [2m2025-09-22T04:37:23.568173Z[0m [[32m[1minfo     [0m] [1m🚀 Worker starting command execution[0m [[0m[1m[34mworkers.proxy_pool[0m][0m [36mcommand_id[0m=[35mSuppliers_page_1[0m [36mcommand_type[0m=[35mfetch_page[0m [36mentity[0m=[35mSuppliers[0m [36mpriority[0m=[35m1[0m [36mretry_count[0m=[35m0[0m [36mskip[0m=[35m0[0m [36mtop[0m=[35m500[0m [36mworker_id[0m=[35mworker_0[0m
2025-09-22 10:07:23,568 - workers.proxy_pool - INFO - execute_command:74 - [2m2025-09-22T04:37:23.568999Z[0m [[32m[1minfo     [0m] [1m🔄 Worker executing request with resilience patterns[0m [[0m[1m[34mworkers.proxy_pool[0m][0m [36mcircuit_breaker_state[0m=[35mclosed[0m [36mcommand_id[0m=[35mSuppliers_page_1[0m [36mworker_id[0m=[35mworker_0[0m
2025-09-22 10:07:23,568 - storage.transformer - INFO - transform_odata_response:96 - [2m2025-09-22T04:37:23.568999Z[0m [[32m[1minfo     [0m] [1mTransformation completed      [0m [[0m[1m[34mstorage.transformer[0m][0m [36mentity_name[0m=[35mEmployees[0m [36minput_records[0m=[35m9[0m [36moutput_records[0m=[35m9[0m
2025-09-22 10:07:23,568 - storage.local_storage - INFO - store_processed_records:131 - [2m2025-09-22T04:37:23.568999Z[0m [[32m[1minfo     [0m] [1mStoring processed records     [0m [[0m[1m[34mstorage.local_storage[0m][0m [36mentity_name[0m=[35mEmployees[0m [36mformat[0m=[35mjson[0m [36mrecord_count[0m=[35m9[0m
2025-09-22 10:07:23,574 - storage.local_storage - INFO - store_processed_records:142 - [2m2025-09-22T04:37:23.574836Z[0m [[32m[1minfo     [0m] [1mSuccessfully stored processed records[0m [[0m[1m[34mstorage.local_storage[0m][0m [36mentity_name[0m=[35mEmployees[0m [36mfile_path[0m=[35m./test_output/processed\Employees_20250922_043723.json[0m [36mrecord_count[0m=[35m9[0m
2025-09-22 10:07:23,580 - storage.local_storage - INFO - store_raw_response:83 - [2m2025-09-22T04:37:23.580673Z[0m [[32m[1minfo     [0m] [1mSuccessfully stored raw data  [0m [[0m[1m[34mstorage.local_storage[0m][0m [36mentity_name[0m=[35mEmployees[0m [36mfile_path[0m=[35m./test_output/raw\Employees\2025/09/22\04\Employees_page_1.json[0m [36msize_bytes[0m=[35m268167[0m
2025-09-22 10:07:23,582 - httpcore.http11 - DEBUG - atrace:87 - send_request_headers.started request=<Request [b'GET']>
2025-09-22 10:07:23,582 - httpcore.http11 - DEBUG - atrace:87 - send_request_headers.complete
2025-09-22 10:07:23,584 - httpcore.http11 - DEBUG - atrace:87 - send_request_body.started request=<Request [b'GET']>
2025-09-22 10:07:23,584 - httpcore.http11 - DEBUG - atrace:87 - send_request_body.complete
2025-09-22 10:07:23,584 - httpcore.http11 - DEBUG - atrace:87 - receive_response_headers.started request=<Request [b'GET']>
2025-09-22 10:07:23,715 - httpcore.http11 - DEBUG - atrace:87 - receive_response_headers.complete return_value=(b'HTTP/1.1', 200, b'OK', [(b'Content-Length', b'311'), (b'Content-Type', b'application/json;odata.metadata=minimal;odata.streaming=true;IEEE754Compatible=false;charset=utf-8'), (b'Date', b'Mon, 22 Sep 2025 04:37:25 GMT'), (b'Server', b'Microsoft-IIS/10.0'), (b'Access-Control-Allow-Headers', b'Accept, Origin, Content-Type, MaxDataServiceVersion'), (b'Access-Control-Allow-Methods', b'GET'), (b'Access-Control-Allow-Origin', b'*'), (b'Access-Control-Expose-Headers', b'DataServiceVersion'), (b'Cache-Control', b'private'), (b'Content-Encoding', b'gzip'), (b'Expires', b'Mon, 22 Sep 2025 04:38:25 GMT'), (b'Vary', b'*'), (b'X-Content-Type-Options', b'nosniff'), (b'OData-Version', b'4.0;'), (b'X-AspNet-Version', b'4.0.30319'), (b'X-Powered-By', b'ASP.NET')])
2025-09-22 10:07:23,716 - httpx - INFO - _send_single_request:1740 - HTTP Request: GET https://services.odata.org/V4/Northwind/Northwind.svc/Shippers?%24skip=0&%24top=500 "HTTP/1.1 200 OK"
2025-09-22 10:07:23,717 - httpcore.http11 - DEBUG - atrace:87 - receive_response_body.started request=<Request [b'GET']>
2025-09-22 10:07:23,717 - httpcore.http11 - DEBUG - atrace:87 - receive_response_body.complete
2025-09-22 10:07:23,717 - httpcore.http11 - DEBUG - atrace:87 - response_closed.started
2025-09-22 10:07:23,717 - httpcore.http11 - DEBUG - atrace:87 - response_closed.complete
2025-09-22 10:07:23,718 - workers.proxy_pool - INFO - _make_http_request:162 - [2m2025-09-22T04:37:23.718064Z[0m [[32m[1minfo     [0m] [1m📊 Worker successfully fetched data[0m [[0m[1m[34mworkers.proxy_pool[0m][0m [36mcommand_id[0m=[35mShippers_page_1[0m [36mentity[0m=[35mShippers[0m [36mhas_next_page[0m=[35mFalse[0m [36mrecords_in_response[0m=[35m3[0m [36mworker_id[0m=[35mworker_2[0m
2025-09-22 10:07:23,718 - workers.proxy_pool - INFO - execute_command:85 - [2m2025-09-22T04:37:23.718748Z[0m [[32m[1minfo     [0m] [1m✅ Worker completed command successfully[0m [[0m[1m[34mworkers.proxy_pool[0m][0m [36mcommand_id[0m=[35mShippers_page_1[0m [36mentity[0m=[35mShippers[0m [36mexecution_time_seconds[0m=[35m0.28[0m [36mhas_next_page[0m=[35mFalse[0m [36mrecords_fetched[0m=[35m3[0m [36mworker_id[0m=[35mworker_2[0m
2025-09-22 10:07:23,719 - workers.proxy_pool - INFO - _worker_loop:363 - [2m2025-09-22T04:37:23.719523Z[0m [[32m[1minfo     [0m] [1m📋 Worker picked up command from queue[0m [[0m[1m[34mworkers.proxy_pool[0m][0m [36mcommand_id[0m=[35mOrders_Qries_page_1[0m [36mentity[0m=[35mOrders_Qries[0m [36mqueue_size_after_pickup[0m=[35m19[0m [36mworker_id[0m=[35mworker_2[0m [36mworker_status[0m=[35mPROCESSING[0m
2025-09-22 10:07:23,720 - workers.proxy_pool - INFO - execute_command:51 - [2m2025-09-22T04:37:23.719523Z[0m [[32m[1minfo     [0m] [1m🚀 Worker starting command execution[0m [[0m[1m[34mworkers.proxy_pool[0m][0m [36mcommand_id[0m=[35mOrders_Qries_page_1[0m [36mcommand_type[0m=[35mfetch_page[0m [36mentity[0m=[35mOrders_Qries[0m [36mpriority[0m=[35m1[0m [36mretry_count[0m=[35m0[0m [36mskip[0m=[35m0[0m [36mtop[0m=[35m500[0m [36mworker_id[0m=[35mworker_2[0m
2025-09-22 10:07:23,720 - workers.proxy_pool - INFO - execute_command:74 - [2m2025-09-22T04:37:23.720160Z[0m [[32m[1minfo     [0m] [1m🔄 Worker executing request with resilience patterns[0m [[0m[1m[34mworkers.proxy_pool[0m][0m [36mcircuit_breaker_state[0m=[35mclosed[0m [36mcommand_id[0m=[35mOrders_Qries_page_1[0m [36mworker_id[0m=[35mworker_2[0m
2025-09-22 10:07:23,721 - storage.transformer - INFO - transform_odata_response:96 - [2m2025-09-22T04:37:23.721494Z[0m [[32m[1minfo     [0m] [1mTransformation completed      [0m [[0m[1m[34mstorage.transformer[0m][0m [36mentity_name[0m=[35mShippers[0m [36minput_records[0m=[35m3[0m [36moutput_records[0m=[35m3[0m
2025-09-22 10:07:23,721 - storage.local_storage - INFO - store_processed_records:131 - [2m2025-09-22T04:37:23.721494Z[0m [[32m[1minfo     [0m] [1mStoring processed records     [0m [[0m[1m[34mstorage.local_storage[0m][0m [36mentity_name[0m=[35mShippers[0m [36mformat[0m=[35mjson[0m [36mrecord_count[0m=[35m3[0m
2025-09-22 10:07:23,722 - storage.local_storage - INFO - store_processed_records:142 - [2m2025-09-22T04:37:23.722854Z[0m [[32m[1minfo     [0m] [1mSuccessfully stored processed records[0m [[0m[1m[34mstorage.local_storage[0m][0m [36mentity_name[0m=[35mShippers[0m [36mfile_path[0m=[35m./test_output/processed\Shippers_20250922_043723.json[0m [36mrecord_count[0m=[35m3[0m
2025-09-22 10:07:23,728 - storage.local_storage - INFO - store_raw_response:83 - [2m2025-09-22T04:37:23.727494Z[0m [[32m[1minfo     [0m] [1mSuccessfully stored raw data  [0m [[0m[1m[34mstorage.local_storage[0m][0m [36mentity_name[0m=[35mShippers[0m [36mfile_path[0m=[35m./test_output/raw\Shippers\2025/09/22\04\Shippers_page_1.json[0m [36msize_bytes[0m=[35m628[0m
2025-09-22 10:07:23,729 - httpcore.http11 - DEBUG - atrace:87 - send_request_headers.started request=<Request [b'GET']>
2025-09-22 10:07:23,730 - httpcore.http11 - DEBUG - atrace:87 - send_request_headers.complete
2025-09-22 10:07:23,730 - httpcore.http11 - DEBUG - atrace:87 - send_request_body.started request=<Request [b'GET']>
2025-09-22 10:07:23,730 - httpcore.http11 - DEBUG - atrace:87 - send_request_body.complete
2025-09-22 10:07:23,730 - httpcore.http11 - DEBUG - atrace:87 - receive_response_headers.started request=<Request [b'GET']>
2025-09-22 10:07:23,811 - httpcore.http11 - DEBUG - atrace:87 - receive_response_headers.complete return_value=(b'HTTP/1.1', 200, b'OK', [(b'Content-Length', b'1435'), (b'Content-Type', b'application/json;odata.metadata=minimal;odata.streaming=true;IEEE754Compatible=false;charset=utf-8'), (b'Date', b'Mon, 22 Sep 2025 04:37:25 GMT'), (b'Server', b'Microsoft-IIS/10.0'), (b'Access-Control-Allow-Headers', b'Accept, Origin, Content-Type, MaxDataServiceVersion'), (b'Access-Control-Allow-Methods', b'GET'), (b'Access-Control-Allow-Origin', b'*'), (b'Access-Control-Expose-Headers', b'DataServiceVersion'), (b'Cache-Control', b'private'), (b'Content-Encoding', b'gzip'), (b'Expires', b'Mon, 22 Sep 2025 04:38:25 GMT'), (b'Vary', b'*'), (b'X-Content-Type-Options', b'nosniff'), (b'OData-Version', b'4.0;'), (b'X-AspNet-Version', b'4.0.30319'), (b'X-Powered-By', b'ASP.NET')])
2025-09-22 10:07:23,811 - httpx - INFO - _send_single_request:1740 - HTTP Request: GET https://services.odata.org/V4/Northwind/Northwind.svc/Products?%24skip=0&%24top=500 "HTTP/1.1 200 OK"
2025-09-22 10:07:23,811 - httpcore.http11 - DEBUG - atrace:87 - receive_response_body.started request=<Request [b'GET']>
2025-09-22 10:07:23,811 - httpcore.http11 - DEBUG - atrace:87 - receive_response_body.complete
2025-09-22 10:07:23,811 - httpcore.http11 - DEBUG - atrace:87 - response_closed.started
2025-09-22 10:07:23,811 - httpcore.http11 - DEBUG - atrace:87 - response_closed.complete
2025-09-22 10:07:23,816 - workers.proxy_pool - INFO - _make_http_request:162 - [2m2025-09-22T04:37:23.816057Z[0m [[32m[1minfo     [0m] [1m📊 Worker successfully fetched data[0m [[0m[1m[34mworkers.proxy_pool[0m][0m [36mcommand_id[0m=[35mProducts_page_1[0m [36mentity[0m=[35mProducts[0m [36mhas_next_page[0m=[35mTrue[0m [36mrecords_in_response[0m=[35m20[0m [36mworker_id[0m=[35mworker_1[0m
2025-09-22 10:07:23,816 - workers.proxy_pool - INFO - execute_command:85 - [2m2025-09-22T04:37:23.816057Z[0m [[32m[1minfo     [0m] [1m✅ Worker completed command successfully[0m [[0m[1m[34mworkers.proxy_pool[0m][0m [36mcommand_id[0m=[35mProducts_page_1[0m [36mentity[0m=[35mProducts[0m [36mexecution_time_seconds[0m=[35m0.28[0m [36mhas_next_page[0m=[35mTrue[0m [36mrecords_fetched[0m=[35m20[0m [36mworker_id[0m=[35mworker_1[0m
2025-09-22 10:07:23,818 - workers.proxy_pool - INFO - _worker_loop:363 - [2m2025-09-22T04:37:23.817958Z[0m [[32m[1minfo     [0m] [1m📋 Worker picked up command from queue[0m [[0m[1m[34mworkers.proxy_pool[0m][0m [36mcommand_id[0m=[35mOrders_Qries_page_2[0m [36mentity[0m=[35mOrders_Qries[0m [36mqueue_size_after_pickup[0m=[35m18[0m [36mworker_id[0m=[35mworker_1[0m [36mworker_status[0m=[35mPROCESSING[0m
2025-09-22 10:07:23,818 - workers.proxy_pool - INFO - execute_command:51 - [2m2025-09-22T04:37:23.818817Z[0m [[32m[1minfo     [0m] [1m🚀 Worker starting command execution[0m [[0m[1m[34mworkers.proxy_pool[0m][0m [36mcommand_id[0m=[35mOrders_Qries_page_2[0m [36mcommand_type[0m=[35mfetch_page[0m [36mentity[0m=[35mOrders_Qries[0m [36mpriority[0m=[35m1[0m [36mretry_count[0m=[35m0[0m [36mskip[0m=[35m500[0m [36mtop[0m=[35m500[0m [36mworker_id[0m=[35mworker_1[0m
2025-09-22 10:07:23,818 - workers.proxy_pool - INFO - execute_command:74 - [2m2025-09-22T04:37:23.818817Z[0m [[32m[1minfo     [0m] [1m🔄 Worker executing request with resilience patterns[0m [[0m[1m[34mworkers.proxy_pool[0m][0m [36mcircuit_breaker_state[0m=[35mclosed[0m [36mcommand_id[0m=[35mOrders_Qries_page_2[0m [36mworker_id[0m=[35mworker_1[0m
2025-09-22 10:07:23,818 - storage.transformer - INFO - transform_odata_response:96 - [2m2025-09-22T04:37:23.818817Z[0m [[32m[1minfo     [0m] [1mTransformation completed      [0m [[0m[1m[34mstorage.transformer[0m][0m [36mentity_name[0m=[35mProducts[0m [36minput_records[0m=[35m20[0m [36moutput_records[0m=[35m20[0m
2025-09-22 10:07:23,824 - storage.local_storage - INFO - store_processed_records:131 - [2m2025-09-22T04:37:23.824476Z[0m [[32m[1minfo     [0m] [1mStoring processed records     [0m [[0m[1m[34mstorage.local_storage[0m][0m [36mentity_name[0m=[35mProducts[0m [36mformat[0m=[35mjson[0m [36mrecord_count[0m=[35m20[0m
2025-09-22 10:07:23,829 - storage.local_storage - INFO - store_processed_records:142 - [2m2025-09-22T04:37:23.828633Z[0m [[32m[1minfo     [0m] [1mSuccessfully stored processed records[0m [[0m[1m[34mstorage.local_storage[0m][0m [36mentity_name[0m=[35mProducts[0m [36mfile_path[0m=[35m./test_output/processed\Products_20250922_043723.json[0m [36mrecord_count[0m=[35m20[0m
2025-09-22 10:07:23,836 - storage.local_storage - INFO - store_raw_response:83 - [2m2025-09-22T04:37:23.836546Z[0m [[32m[1minfo     [0m] [1mSuccessfully stored raw data  [0m [[0m[1m[34mstorage.local_storage[0m][0m [36mentity_name[0m=[35mProducts[0m [36mfile_path[0m=[35m./test_output/raw\Products\2025/09/22\04\Products_page_1.json[0m [36msize_bytes[0m=[35m7447[0m
2025-09-22 10:07:23,836 - httpcore.http11 - DEBUG - atrace:87 - send_request_headers.started request=<Request [b'GET']>
2025-09-22 10:07:23,836 - httpcore.http11 - DEBUG - atrace:87 - send_request_headers.complete
2025-09-22 10:07:23,836 - httpcore.http11 - DEBUG - atrace:87 - send_request_body.started request=<Request [b'GET']>
2025-09-22 10:07:23,836 - httpcore.http11 - DEBUG - atrace:87 - send_request_body.complete
2025-09-22 10:07:23,836 - httpcore.http11 - DEBUG - atrace:87 - receive_response_headers.started request=<Request [b'GET']>
2025-09-22 10:07:23,836 - httpcore.http11 - DEBUG - atrace:87 - receive_response_headers.complete return_value=(b'HTTP/1.1', 200, b'OK', [(b'Content-Length', b'3492'), (b'Content-Type', b'application/json;odata.metadata=minimal;odata.streaming=true;IEEE754Compatible=false;charset=utf-8'), (b'Date', b'Mon, 22 Sep 2025 04:37:25 GMT'), (b'Server', b'Microsoft-IIS/10.0'), (b'Access-Control-Allow-Headers', b'Accept, Origin, Content-Type, MaxDataServiceVersion'), (b'Access-Control-Allow-Methods', b'GET'), (b'Access-Control-Allow-Origin', b'*'), (b'Access-Control-Expose-Headers', b'DataServiceVersion'), (b'Cache-Control', b'private'), (b'Content-Encoding', b'gzip'), (b'Expires', b'Mon, 22 Sep 2025 04:38:25 GMT'), (b'Vary', b'*'), (b'X-Content-Type-Options', b'nosniff'), (b'OData-Version', b'4.0;'), (b'X-AspNet-Version', b'4.0.30319'), (b'X-Powered-By', b'ASP.NET')])
2025-09-22 10:07:23,836 - httpx - INFO - _send_single_request:1740 - HTTP Request: GET https://services.odata.org/V4/Northwind/Northwind.svc/Suppliers?%24skip=0&%24top=500 "HTTP/1.1 200 OK"
2025-09-22 10:07:23,836 - httpcore.http11 - DEBUG - atrace:87 - receive_response_body.started request=<Request [b'GET']>
2025-09-22 10:07:23,836 - httpcore.http11 - DEBUG - atrace:87 - receive_response_body.complete
2025-09-22 10:07:23,836 - httpcore.http11 - DEBUG - atrace:87 - response_closed.started
2025-09-22 10:07:23,836 - httpcore.http11 - DEBUG - atrace:87 - response_closed.complete
2025-09-22 10:07:23,836 - workers.proxy_pool - INFO - _make_http_request:162 - [2m2025-09-22T04:37:23.836546Z[0m [[32m[1minfo     [0m] [1m📊 Worker successfully fetched data[0m [[0m[1m[34mworkers.proxy_pool[0m][0m [36mcommand_id[0m=[35mSuppliers_page_1[0m [36mentity[0m=[35mSuppliers[0m [36mhas_next_page[0m=[35mFalse[0m [36mrecords_in_response[0m=[35m29[0m [36mworker_id[0m=[35mworker_0[0m
2025-09-22 10:07:23,836 - workers.proxy_pool - INFO - execute_command:85 - [2m2025-09-22T04:37:23.836546Z[0m [[32m[1minfo     [0m] [1m✅ Worker completed command successfully[0m [[0m[1m[34mworkers.proxy_pool[0m][0m [36mcommand_id[0m=[35mSuppliers_page_1[0m [36mentity[0m=[35mSuppliers[0m [36mexecution_time_seconds[0m=[35m0.27[0m [36mhas_next_page[0m=[35mFalse[0m [36mrecords_fetched[0m=[35m29[0m [36mworker_id[0m=[35mworker_0[0m
2025-09-22 10:07:23,836 - workers.proxy_pool - INFO - _worker_loop:363 - [2m2025-09-22T04:37:23.836546Z[0m [[32m[1minfo     [0m] [1m📋 Worker picked up command from queue[0m [[0m[1m[34mworkers.proxy_pool[0m][0m [36mcommand_id[0m=[35mAlphabetical_list_of_products_page_1[0m [36mentity[0m=[35mAlphabetical_list_of_products[0m [36mqueue_size_after_pickup[0m=[35m18[0m [36mworker_id[0m=[35mworker_0[0m [36mworker_status[0m=[35mPROCESSING[0m
2025-09-22 10:07:23,843 - workers.proxy_pool - INFO - execute_command:51 - [2m2025-09-22T04:37:23.843177Z[0m [[32m[1minfo     [0m] [1m🚀 Worker starting command execution[0m [[0m[1m[34mworkers.proxy_pool[0m][0m [36mcommand_id[0m=[35mAlphabetical_list_of_products_page_1[0m [36mcommand_type[0m=[35mfetch_page[0m [36mentity[0m=[35mAlphabetical_list_of_products[0m [36mpriority[0m=[35m1[0m [36mretry_count[0m=[35m0[0m [36mskip[0m=[35m0[0m [36mtop[0m=[35m500[0m [36mworker_id[0m=[35mworker_0[0m
2025-09-22 10:07:23,843 - workers.proxy_pool - INFO - execute_command:74 - [2m2025-09-22T04:37:23.843177Z[0m [[32m[1minfo     [0m] [1m🔄 Worker executing request with resilience patterns[0m [[0m[1m[34mworkers.proxy_pool[0m][0m [36mcircuit_breaker_state[0m=[35mclosed[0m [36mcommand_id[0m=[35mAlphabetical_list_of_products_page_1[0m [36mworker_id[0m=[35mworker_0[0m
2025-09-22 10:07:23,845 - storage.transformer - INFO - transform_odata_response:96 - [2m2025-09-22T04:37:23.845433Z[0m [[32m[1minfo     [0m] [1mTransformation completed      [0m [[0m[1m[34mstorage.transformer[0m][0m [36mentity_name[0m=[35mSuppliers[0m [36minput_records[0m=[35m29[0m [36moutput_records[0m=[35m29[0m
2025-09-22 10:07:23,845 - storage.local_storage - INFO - store_processed_records:131 - [2m2025-09-22T04:37:23.845433Z[0m [[32m[1minfo     [0m] [1mStoring processed records     [0m [[0m[1m[34mstorage.local_storage[0m][0m [36mentity_name[0m=[35mSuppliers[0m [36mformat[0m=[35mjson[0m [36mrecord_count[0m=[35m29[0m
2025-09-22 10:07:23,850 - storage.local_storage - INFO - store_processed_records:142 - [2m2025-09-22T04:37:23.849631Z[0m [[32m[1minfo     [0m] [1mSuccessfully stored processed records[0m [[0m[1m[34mstorage.local_storage[0m][0m [36mentity_name[0m=[35mSuppliers[0m [36mfile_path[0m=[35m./test_output/processed\Suppliers_20250922_043723.json[0m [36mrecord_count[0m=[35m29[0m
2025-09-22 10:07:23,852 - storage.local_storage - INFO - store_raw_response:83 - [2m2025-09-22T04:37:23.852398Z[0m [[32m[1minfo     [0m] [1mSuccessfully stored raw data  [0m [[0m[1m[34mstorage.local_storage[0m][0m [36mentity_name[0m=[35mSuppliers[0m [36mfile_path[0m=[35m./test_output/raw\Suppliers\2025/09/22\04\Suppliers_page_1.json[0m [36msize_bytes[0m=[35m12636[0m
2025-09-22 10:07:23,852 - httpcore.http11 - DEBUG - atrace:87 - send_request_headers.started request=<Request [b'GET']>
2025-09-22 10:07:23,852 - httpcore.http11 - DEBUG - atrace:87 - send_request_headers.complete
2025-09-22 10:07:23,852 - httpcore.http11 - DEBUG - atrace:87 - send_request_body.started request=<Request [b'GET']>
2025-09-22 10:07:23,852 - httpcore.http11 - DEBUG - atrace:87 - send_request_body.complete
2025-09-22 10:07:23,852 - httpcore.http11 - DEBUG - atrace:87 - receive_response_headers.started request=<Request [b'GET']>
2025-09-22 10:07:24,084 - httpcore.http11 - DEBUG - atrace:87 - receive_response_headers.complete return_value=(b'HTTP/1.1', 200, b'OK', [(b'Content-Length', b'6604'), (b'Content-Type', b'application/json;odata.metadata=minimal;odata.streaming=true;IEEE754Compatible=false;charset=utf-8'), (b'Date', b'Mon, 22 Sep 2025 04:37:25 GMT'), (b'Server', b'Microsoft-IIS/10.0'), (b'Access-Control-Allow-Headers', b'Accept, Origin, Content-Type, MaxDataServiceVersion'), (b'Access-Control-Allow-Methods', b'GET'), (b'Access-Control-Allow-Origin', b'*'), (b'Access-Control-Expose-Headers', b'DataServiceVersion'), (b'Cache-Control', b'private'), (b'Content-Encoding', b'gzip'), (b'Expires', b'Mon, 22 Sep 2025 04:38:25 GMT'), (b'Vary', b'*'), (b'X-Content-Type-Options', b'nosniff'), (b'OData-Version', b'4.0;'), (b'X-AspNet-Version', b'4.0.30319'), (b'X-Powered-By', b'ASP.NET')])
2025-09-22 10:07:24,084 - httpx - INFO - _send_single_request:1740 - HTTP Request: GET https://services.odata.org/V4/Northwind/Northwind.svc/Orders_Qries?%24skip=0&%24top=500 "HTTP/1.1 200 OK"
2025-09-22 10:07:24,084 - httpcore.http11 - DEBUG - atrace:87 - receive_response_body.started request=<Request [b'GET']>
2025-09-22 10:07:24,084 - httpcore.http11 - DEBUG - atrace:87 - receive_response_body.complete
2025-09-22 10:07:24,084 - httpcore.http11 - DEBUG - atrace:87 - response_closed.started
2025-09-22 10:07:24,084 - httpcore.http11 - DEBUG - atrace:87 - response_closed.complete
2025-09-22 10:07:24,084 - workers.proxy_pool - INFO - _make_http_request:162 - [2m2025-09-22T04:37:24.084664Z[0m [[32m[1minfo     [0m] [1m📊 Worker successfully fetched data[0m [[0m[1m[34mworkers.proxy_pool[0m][0m [36mcommand_id[0m=[35mOrders_Qries_page_1[0m [36mentity[0m=[35mOrders_Qries[0m [36mhas_next_page[0m=[35mTrue[0m [36mrecords_in_response[0m=[35m100[0m [36mworker_id[0m=[35mworker_2[0m
2025-09-22 10:07:24,084 - workers.proxy_pool - INFO - execute_command:85 - [2m2025-09-22T04:37:24.084664Z[0m [[32m[1minfo     [0m] [1m✅ Worker completed command successfully[0m [[0m[1m[34mworkers.proxy_pool[0m][0m [36mcommand_id[0m=[35mOrders_Qries_page_1[0m [36mentity[0m=[35mOrders_Qries[0m [36mexecution_time_seconds[0m=[35m0.36[0m [36mhas_next_page[0m=[35mTrue[0m [36mrecords_fetched[0m=[35m100[0m [36mworker_id[0m=[35mworker_2[0m
2025-09-22 10:07:24,084 - workers.proxy_pool - INFO - _worker_loop:363 - [2m2025-09-22T04:37:24.084664Z[0m [[32m[1minfo     [0m] [1m📋 Worker picked up command from queue[0m [[0m[1m[34mworkers.proxy_pool[0m][0m [36mcommand_id[0m=[35mSummary_of_Sales_by_Quarters_page_1[0m [36mentity[0m=[35mSummary_of_Sales_by_Quarters[0m [36mqueue_size_after_pickup[0m=[35m17[0m [36mworker_id[0m=[35mworker_2[0m [36mworker_status[0m=[35mPROCESSING[0m
2025-09-22 10:07:24,084 - workers.proxy_pool - INFO - execute_command:51 - [2m2025-09-22T04:37:24.084664Z[0m [[32m[1minfo     [0m] [1m🚀 Worker starting command execution[0m [[0m[1m[34mworkers.proxy_pool[0m][0m [36mcommand_id[0m=[35mSummary_of_Sales_by_Quarters_page_1[0m [36mcommand_type[0m=[35mfetch_page[0m [36mentity[0m=[35mSummary_of_Sales_by_Quarters[0m [36mpriority[0m=[35m1[0m [36mretry_count[0m=[35m0[0m [36mskip[0m=[35m0[0m [36mtop[0m=[35m500[0m [36mworker_id[0m=[35mworker_2[0m
2025-09-22 10:07:24,084 - workers.proxy_pool - INFO - execute_command:74 - [2m2025-09-22T04:37:24.084664Z[0m [[32m[1minfo     [0m] [1m🔄 Worker executing request with resilience patterns[0m [[0m[1m[34mworkers.proxy_pool[0m][0m [36mcircuit_breaker_state[0m=[35mclosed[0m [36mcommand_id[0m=[35mSummary_of_Sales_by_Quarters_page_1[0m [36mworker_id[0m=[35mworker_2[0m
2025-09-22 10:07:24,089 - storage.transformer - INFO - transform_odata_response:96 - [2m2025-09-22T04:37:24.089392Z[0m [[32m[1minfo     [0m] [1mTransformation completed      [0m [[0m[1m[34mstorage.transformer[0m][0m [36mentity_name[0m=[35mOrders_Qries[0m [36minput_records[0m=[35m100[0m [36moutput_records[0m=[35m100[0m
2025-09-22 10:07:24,089 - storage.local_storage - INFO - store_processed_records:131 - [2m2025-09-22T04:37:24.089392Z[0m [[32m[1minfo     [0m] [1mStoring processed records     [0m [[0m[1m[34mstorage.local_storage[0m][0m [36mentity_name[0m=[35mOrders_Qries[0m [36mformat[0m=[35mjson[0m [36mrecord_count[0m=[35m100[0m
2025-09-22 10:07:24,091 - storage.local_storage - INFO - store_processed_records:142 - [2m2025-09-22T04:37:24.091943Z[0m [[32m[1minfo     [0m] [1mSuccessfully stored processed records[0m [[0m[1m[34mstorage.local_storage[0m][0m [36mentity_name[0m=[35mOrders_Qries[0m [36mfile_path[0m=[35m./test_output/processed\Orders_Qries_20250922_043724.json[0m [36mrecord_count[0m=[35m100[0m
2025-09-22 10:07:24,096 - storage.local_storage - INFO - store_raw_response:83 - [2m2025-09-22T04:37:24.095610Z[0m [[32m[1minfo     [0m] [1mSuccessfully stored raw data  [0m [[0m[1m[34mstorage.local_storage[0m][0m [36mentity_name[0m=[35mOrders_Qries[0m [36mfile_path[0m=[35m./test_output/raw\Orders_Qries\2025/09/22\04\Orders_Qries_page_1.json[0m [36msize_bytes[0m=[35m70626[0m
2025-09-22 10:07:24,096 - httpcore.http11 - DEBUG - atrace:87 - send_request_headers.started request=<Request [b'GET']>
2025-09-22 10:07:24,097 - httpcore.http11 - DEBUG - atrace:87 - send_request_headers.complete
2025-09-22 10:07:24,097 - httpcore.http11 - DEBUG - atrace:87 - send_request_body.started request=<Request [b'GET']>
2025-09-22 10:07:24,099 - httpcore.http11 - DEBUG - atrace:87 - send_request_body.complete
2025-09-22 10:07:24,099 - httpcore.http11 - DEBUG - atrace:87 - receive_response_headers.started request=<Request [b'GET']>
2025-09-22 10:07:24,117 - httpcore.http11 - DEBUG - atrace:87 - receive_response_headers.complete return_value=(b'HTTP/1.1', 200, b'OK', [(b'Content-Length', b'6594'), (b'Content-Type', b'application/json;odata.metadata=minimal;odata.streaming=true;IEEE754Compatible=false;charset=utf-8'), (b'Date', b'Mon, 22 Sep 2025 04:37:25 GMT'), (b'Server', b'Microsoft-IIS/10.0'), (b'Access-Control-Allow-Headers', b'Accept, Origin, Content-Type, MaxDataServiceVersion'), (b'Access-Control-Allow-Methods', b'GET'), (b'Access-Control-Allow-Origin', b'*'), (b'Access-Control-Expose-Headers', b'DataServiceVersion'), (b'Cache-Control', b'private'), (b'Content-Encoding', b'gzip'), (b'Expires', b'Mon, 22 Sep 2025 04:38:25 GMT'), (b'Vary', b'*'), (b'X-Content-Type-Options', b'nosniff'), (b'OData-Version', b'4.0;'), (b'X-AspNet-Version', b'4.0.30319'), (b'X-Powered-By', b'ASP.NET')])
2025-09-22 10:07:24,117 - httpx - INFO - _send_single_request:1740 - HTTP Request: GET https://services.odata.org/V4/Northwind/Northwind.svc/Orders_Qries?%24skip=500&%24top=500 "HTTP/1.1 200 OK"
2025-09-22 10:07:24,117 - httpcore.http11 - DEBUG - atrace:87 - receive_response_body.started request=<Request [b'GET']>
2025-09-22 10:07:24,117 - httpcore.http11 - DEBUG - atrace:87 - receive_response_body.complete
2025-09-22 10:07:24,117 - httpcore.http11 - DEBUG - atrace:87 - response_closed.started
2025-09-22 10:07:24,117 - httpcore.http11 - DEBUG - atrace:87 - response_closed.complete
2025-09-22 10:07:24,117 - workers.proxy_pool - INFO - _make_http_request:162 - [2m2025-09-22T04:37:24.117335Z[0m [[32m[1minfo     [0m] [1m📊 Worker successfully fetched data[0m [[0m[1m[34mworkers.proxy_pool[0m][0m [36mcommand_id[0m=[35mOrders_Qries_page_2[0m [36mentity[0m=[35mOrders_Qries[0m [36mhas_next_page[0m=[35mTrue[0m [36mrecords_in_response[0m=[35m100[0m [36mworker_id[0m=[35mworker_1[0m
2025-09-22 10:07:24,117 - workers.proxy_pool - INFO - execute_command:85 - [2m2025-09-22T04:37:24.117335Z[0m [[32m[1minfo     [0m] [1m✅ Worker completed command successfully[0m [[0m[1m[34mworkers.proxy_pool[0m][0m [36mcommand_id[0m=[35mOrders_Qries_page_2[0m [36mentity[0m=[35mOrders_Qries[0m [36mexecution_time_seconds[0m=[35m0.3[0m [36mhas_next_page[0m=[35mTrue[0m [36mrecords_fetched[0m=[35m100[0m [36mworker_id[0m=[35mworker_1[0m
2025-09-22 10:07:24,117 - workers.proxy_pool - INFO - _worker_loop:363 - [2m2025-09-22T04:37:24.117335Z[0m [[32m[1minfo     [0m] [1m📋 Worker picked up command from queue[0m [[0m[1m[34mworkers.proxy_pool[0m][0m [36mcommand_id[0m=[35mSummary_of_Sales_by_Quarters_page_2[0m [36mentity[0m=[35mSummary_of_Sales_by_Quarters[0m [36mqueue_size_after_pickup[0m=[35m17[0m [36mworker_id[0m=[35mworker_1[0m [36mworker_status[0m=[35mPROCESSING[0m
2025-09-22 10:07:24,117 - workers.proxy_pool - INFO - execute_command:51 - [2m2025-09-22T04:37:24.117335Z[0m [[32m[1minfo     [0m] [1m🚀 Worker starting command execution[0m [[0m[1m[34mworkers.proxy_pool[0m][0m [36mcommand_id[0m=[35mSummary_of_Sales_by_Quarters_page_2[0m [36mcommand_type[0m=[35mfetch_page[0m [36mentity[0m=[35mSummary_of_Sales_by_Quarters[0m [36mpriority[0m=[35m1[0m [36mretry_count[0m=[35m0[0m [36mskip[0m=[35m500[0m [36mtop[0m=[35m500[0m [36mworker_id[0m=[35mworker_1[0m
2025-09-22 10:07:24,117 - workers.proxy_pool - INFO - execute_command:74 - [2m2025-09-22T04:37:24.117335Z[0m [[32m[1minfo     [0m] [1m🔄 Worker executing request with resilience patterns[0m [[0m[1m[34mworkers.proxy_pool[0m][0m [36mcircuit_breaker_state[0m=[35mclosed[0m [36mcommand_id[0m=[35mSummary_of_Sales_by_Quarters_page_2[0m [36mworker_id[0m=[35mworker_1[0m
2025-09-22 10:07:24,126 - storage.transformer - INFO - transform_odata_response:96 - [2m2025-09-22T04:37:24.124704Z[0m [[32m[1minfo     [0m] [1mTransformation completed      [0m [[0m[1m[34mstorage.transformer[0m][0m [36mentity_name[0m=[35mOrders_Qries[0m [36minput_records[0m=[35m100[0m [36moutput_records[0m=[35m100[0m
2025-09-22 10:07:24,127 - storage.local_storage - INFO - store_processed_records:131 - [2m2025-09-22T04:37:24.127374Z[0m [[32m[1minfo     [0m] [1mStoring processed records     [0m [[0m[1m[34mstorage.local_storage[0m][0m [36mentity_name[0m=[35mOrders_Qries[0m [36mformat[0m=[35mjson[0m [36mrecord_count[0m=[35m100[0m
2025-09-22 10:07:24,129 - storage.local_storage - INFO - store_processed_records:142 - [2m2025-09-22T04:37:24.129837Z[0m [[32m[1minfo     [0m] [1mSuccessfully stored processed records[0m [[0m[1m[34mstorage.local_storage[0m][0m [36mentity_name[0m=[35mOrders_Qries[0m [36mfile_path[0m=[35m./test_output/processed\Orders_Qries_20250922_043724.json[0m [36mrecord_count[0m=[35m100[0m
2025-09-22 10:07:24,135 - storage.local_storage - INFO - store_raw_response:83 - [2m2025-09-22T04:37:24.135289Z[0m [[32m[1minfo     [0m] [1mSuccessfully stored raw data  [0m [[0m[1m[34mstorage.local_storage[0m][0m [36mentity_name[0m=[35mOrders_Qries[0m [36mfile_path[0m=[35m./test_output/raw\Orders_Qries\2025/09/22\04\Orders_Qries_page_2.json[0m [36msize_bytes[0m=[35m70515[0m
2025-09-22 10:07:24,135 - httpcore.http11 - DEBUG - atrace:87 - send_request_headers.started request=<Request [b'GET']>
2025-09-22 10:07:24,136 - httpcore.http11 - DEBUG - atrace:87 - send_request_headers.complete
2025-09-22 10:07:24,136 - httpcore.http11 - DEBUG - atrace:87 - send_request_body.started request=<Request [b'GET']>
2025-09-22 10:07:24,136 - httpcore.http11 - DEBUG - atrace:87 - send_request_body.complete
2025-09-22 10:07:24,136 - httpcore.http11 - DEBUG - atrace:87 - receive_response_headers.started request=<Request [b'GET']>
2025-09-22 10:07:24,393 - httpcore.http11 - DEBUG - atrace:87 - receive_response_headers.complete return_value=(b'HTTP/1.1', 200, b'OK', [(b'Content-Length', b'1595'), (b'Content-Type', b'application/json;odata.metadata=minimal;odata.streaming=true;IEEE754Compatible=false;charset=utf-8'), (b'Date', b'Mon, 22 Sep 2025 04:37:25 GMT'), (b'Server', b'Microsoft-IIS/10.0'), (b'Access-Control-Allow-Headers', b'Accept, Origin, Content-Type, MaxDataServiceVersion'), (b'Access-Control-Allow-Methods', b'GET'), (b'Access-Control-Allow-Origin', b'*'), (b'Access-Control-Expose-Headers', b'DataServiceVersion'), (b'Cache-Control', b'private'), (b'Content-Encoding', b'gzip'), (b'Expires', b'Mon, 22 Sep 2025 04:38:26 GMT'), (b'Vary', b'*'), (b'X-Content-Type-Options', b'nosniff'), (b'OData-Version', b'4.0;'), (b'X-AspNet-Version', b'4.0.30319'), (b'X-Powered-By', b'ASP.NET')])
2025-09-22 10:07:24,394 - httpx - INFO - _send_single_request:1740 - HTTP Request: GET https://services.odata.org/V4/Northwind/Northwind.svc/Summary_of_Sales_by_Quarters?%24skip=0&%24top=500 "HTTP/1.1 200 OK"
2025-09-22 10:07:24,394 - httpcore.http11 - DEBUG - atrace:87 - receive_response_body.started request=<Request [b'GET']>
2025-09-22 10:07:24,394 - httpcore.http11 - DEBUG - atrace:87 - receive_response_body.complete
2025-09-22 10:07:24,394 - httpcore.http11 - DEBUG - atrace:87 - response_closed.started
2025-09-22 10:07:24,395 - httpcore.http11 - DEBUG - atrace:87 - response_closed.complete
2025-09-22 10:07:24,395 - workers.proxy_pool - INFO - _make_http_request:162 - [2m2025-09-22T04:37:24.395508Z[0m [[32m[1minfo     [0m] [1m📊 Worker successfully fetched data[0m [[0m[1m[34mworkers.proxy_pool[0m][0m [36mcommand_id[0m=[35mSummary_of_Sales_by_Quarters_page_1[0m [36mentity[0m=[35mSummary_of_Sales_by_Quarters[0m [36mhas_next_page[0m=[35mTrue[0m [36mrecords_in_response[0m=[35m100[0m [36mworker_id[0m=[35mworker_2[0m
2025-09-22 10:07:24,396 - workers.proxy_pool - INFO - execute_command:85 - [2m2025-09-22T04:37:24.396100Z[0m [[32m[1minfo     [0m] [1m✅ Worker completed command successfully[0m [[0m[1m[34mworkers.proxy_pool[0m][0m [36mcommand_id[0m=[35mSummary_of_Sales_by_Quarters_page_1[0m [36mentity[0m=[35mSummary_of_Sales_by_Quarters[0m [36mexecution_time_seconds[0m=[35m0.31[0m [36mhas_next_page[0m=[35mTrue[0m [36mrecords_fetched[0m=[35m100[0m [36mworker_id[0m=[35mworker_2[0m
2025-09-22 10:07:24,396 - workers.proxy_pool - INFO - _worker_loop:363 - [2m2025-09-22T04:37:24.396675Z[0m [[32m[1minfo     [0m] [1m📋 Worker picked up command from queue[0m [[0m[1m[34mworkers.proxy_pool[0m][0m [36mcommand_id[0m=[35mCurrent_Product_Lists_page_1[0m [36mentity[0m=[35mCurrent_Product_Lists[0m [36mqueue_size_after_pickup[0m=[35m17[0m [36mworker_id[0m=[35mworker_2[0m [36mworker_status[0m=[35mPROCESSING[0m
2025-09-22 10:07:24,397 - workers.proxy_pool - INFO - execute_command:51 - [2m2025-09-22T04:37:24.397215Z[0m [[32m[1minfo     [0m] [1m🚀 Worker starting command execution[0m [[0m[1m[34mworkers.proxy_pool[0m][0m [36mcommand_id[0m=[35mCurrent_Product_Lists_page_1[0m [36mcommand_type[0m=[35mfetch_page[0m [36mentity[0m=[35mCurrent_Product_Lists[0m [36mpriority[0m=[35m1[0m [36mretry_count[0m=[35m0[0m [36mskip[0m=[35m0[0m [36mtop[0m=[35m500[0m [36mworker_id[0m=[35mworker_2[0m
2025-09-22 10:07:24,397 - workers.proxy_pool - INFO - execute_command:74 - [2m2025-09-22T04:37:24.397215Z[0m [[32m[1minfo     [0m] [1m🔄 Worker executing request with resilience patterns[0m [[0m[1m[34mworkers.proxy_pool[0m][0m [36mcircuit_breaker_state[0m=[35mclosed[0m [36mcommand_id[0m=[35mCurrent_Product_Lists_page_1[0m [36mworker_id[0m=[35mworker_2[0m
2025-09-22 10:07:24,398 - storage.transformer - INFO - transform_odata_response:96 - [2m2025-09-22T04:37:24.398928Z[0m [[32m[1minfo     [0m] [1mTransformation completed      [0m [[0m[1m[34mstorage.transformer[0m][0m [36mentity_name[0m=[35mSummary_of_Sales_by_Quarters[0m [36minput_records[0m=[35m100[0m [36moutput_records[0m=[35m100[0m
2025-09-22 10:07:24,399 - storage.local_storage - INFO - store_processed_records:131 - [2m2025-09-22T04:37:24.399519Z[0m [[32m[1minfo     [0m] [1mStoring processed records     [0m [[0m[1m[34mstorage.local_storage[0m][0m [36mentity_name[0m=[35mSummary_of_Sales_by_Quarters[0m [36mformat[0m=[35mjson[0m [36mrecord_count[0m=[35m100[0m
2025-09-22 10:07:24,402 - storage.local_storage - INFO - store_processed_records:142 - [2m2025-09-22T04:37:24.401740Z[0m [[32m[1minfo     [0m] [1mSuccessfully stored processed records[0m [[0m[1m[34mstorage.local_storage[0m][0m [36mentity_name[0m=[35mSummary_of_Sales_by_Quarters[0m [36mfile_path[0m=[35m./test_output/processed\Summary_of_Sales_by_Quarters_20250922_043724.json[0m [36mrecord_count[0m=[35m100[0m
2025-09-22 10:07:24,405 - storage.local_storage - INFO - store_raw_response:83 - [2m2025-09-22T04:37:24.404939Z[0m [[32m[1minfo     [0m] [1mSuccessfully stored raw data  [0m [[0m[1m[34mstorage.local_storage[0m][0m [36mentity_name[0m=[35mSummary_of_Sales_by_Quarters[0m [36mfile_path[0m=[35m./test_output/raw\Summary_of_Sales_by_Quarters\2025/09/22\04\Summary_of_Sales_by_Quarters_page_1.json[0m [36msize_bytes[0m=[35m12085[0m
2025-09-22 10:07:24,406 - httpcore.http11 - DEBUG - atrace:87 - send_request_headers.started request=<Request [b'GET']>
2025-09-22 10:07:24,407 - httpcore.http11 - DEBUG - atrace:87 - send_request_headers.complete
2025-09-22 10:07:24,407 - httpcore.http11 - DEBUG - atrace:87 - send_request_body.started request=<Request [b'GET']>
2025-09-22 10:07:24,407 - httpcore.http11 - DEBUG - atrace:87 - send_request_body.complete
2025-09-22 10:07:24,407 - httpcore.http11 - DEBUG - atrace:87 - receive_response_headers.started request=<Request [b'GET']>
2025-09-22 10:07:24,408 - httpcore.http11 - DEBUG - atrace:87 - receive_response_headers.complete return_value=(b'HTTP/1.1', 200, b'OK', [(b'Content-Length', b'1595'), (b'Content-Type', b'application/json;odata.metadata=minimal;odata.streaming=true;IEEE754Compatible=false;charset=utf-8'), (b'Date', b'Mon, 22 Sep 2025 04:37:25 GMT'), (b'Server', b'Microsoft-IIS/10.0'), (b'Access-Control-Allow-Headers', b'Accept, Origin, Content-Type, MaxDataServiceVersion'), (b'Access-Control-Allow-Methods', b'GET'), (b'Access-Control-Allow-Origin', b'*'), (b'Access-Control-Expose-Headers', b'DataServiceVersion'), (b'Cache-Control', b'private'), (b'Content-Encoding', b'gzip'), (b'Expires', b'Mon, 22 Sep 2025 04:38:26 GMT'), (b'Vary', b'*'), (b'X-Content-Type-Options', b'nosniff'), (b'OData-Version', b'4.0;'), (b'X-AspNet-Version', b'4.0.30319'), (b'X-Powered-By', b'ASP.NET')])
2025-09-22 10:07:24,408 - httpx - INFO - _send_single_request:1740 - HTTP Request: GET https://services.odata.org/V4/Northwind/Northwind.svc/Summary_of_Sales_by_Quarters?%24skip=500&%24top=500 "HTTP/1.1 200 OK"
2025-09-22 10:07:24,408 - httpcore.http11 - DEBUG - atrace:87 - receive_response_body.started request=<Request [b'GET']>
2025-09-22 10:07:24,408 - httpcore.http11 - DEBUG - atrace:87 - receive_response_body.complete
2025-09-22 10:07:24,408 - httpcore.http11 - DEBUG - atrace:87 - response_closed.started
2025-09-22 10:07:24,409 - httpcore.http11 - DEBUG - atrace:87 - response_closed.complete
2025-09-22 10:07:24,409 - workers.proxy_pool - INFO - _make_http_request:162 - [2m2025-09-22T04:37:24.409429Z[0m [[32m[1minfo     [0m] [1m📊 Worker successfully fetched data[0m [[0m[1m[34mworkers.proxy_pool[0m][0m [36mcommand_id[0m=[35mSummary_of_Sales_by_Quarters_page_2[0m [36mentity[0m=[35mSummary_of_Sales_by_Quarters[0m [36mhas_next_page[0m=[35mTrue[0m [36mrecords_in_response[0m=[35m100[0m [36mworker_id[0m=[35mworker_1[0m
2025-09-22 10:07:24,410 - workers.proxy_pool - INFO - execute_command:85 - [2m2025-09-22T04:37:24.410089Z[0m [[32m[1minfo     [0m] [1m✅ Worker completed command successfully[0m [[0m[1m[34mworkers.proxy_pool[0m][0m [36mcommand_id[0m=[35mSummary_of_Sales_by_Quarters_page_2[0m [36mentity[0m=[35mSummary_of_Sales_by_Quarters[0m [36mexecution_time_seconds[0m=[35m0.3[0m [36mhas_next_page[0m=[35mTrue[0m [36mrecords_fetched[0m=[35m100[0m [36mworker_id[0m=[35mworker_1[0m
2025-09-22 10:07:24,410 - workers.proxy_pool - INFO - _worker_loop:363 - [2m2025-09-22T04:37:24.410697Z[0m [[32m[1minfo     [0m] [1m📋 Worker picked up command from queue[0m [[0m[1m[34mworkers.proxy_pool[0m][0m [36mcommand_id[0m=[35mProducts_Above_Average_Prices_page_1[0m [36mentity[0m=[35mProducts_Above_Average_Prices[0m [36mqueue_size_after_pickup[0m=[35m17[0m [36mworker_id[0m=[35mworker_1[0m [36mworker_status[0m=[35mPROCESSING[0m
2025-09-22 10:07:24,411 - workers.proxy_pool - INFO - execute_command:51 - [2m2025-09-22T04:37:24.411275Z[0m [[32m[1minfo     [0m] [1m🚀 Worker starting command execution[0m [[0m[1m[34mworkers.proxy_pool[0m][0m [36mcommand_id[0m=[35mProducts_Above_Average_Prices_page_1[0m [36mcommand_type[0m=[35mfetch_page[0m [36mentity[0m=[35mProducts_Above_Average_Prices[0m [36mpriority[0m=[35m1[0m [36mretry_count[0m=[35m0[0m [36mskip[0m=[35m0[0m [36mtop[0m=[35m500[0m [36mworker_id[0m=[35mworker_1[0m
2025-09-22 10:07:24,411 - workers.proxy_pool - INFO - execute_command:74 - [2m2025-09-22T04:37:24.411793Z[0m [[32m[1minfo     [0m] [1m🔄 Worker executing request with resilience patterns[0m [[0m[1m[34mworkers.proxy_pool[0m][0m [36mcircuit_breaker_state[0m=[35mclosed[0m [36mcommand_id[0m=[35mProducts_Above_Average_Prices_page_1[0m [36mworker_id[0m=[35mworker_1[0m
2025-09-22 10:07:24,414 - storage.transformer - INFO - transform_odata_response:96 - [2m2025-09-22T04:37:24.413402Z[0m [[32m[1minfo     [0m] [1mTransformation completed      [0m [[0m[1m[34mstorage.transformer[0m][0m [36mentity_name[0m=[35mSummary_of_Sales_by_Quarters[0m [36minput_records[0m=[35m100[0m [36moutput_records[0m=[35m100[0m
2025-09-22 10:07:24,414 - storage.local_storage - INFO - store_processed_records:131 - [2m2025-09-22T04:37:24.414206Z[0m [[32m[1minfo     [0m] [1mStoring processed records     [0m [[0m[1m[34mstorage.local_storage[0m][0m [36mentity_name[0m=[35mSummary_of_Sales_by_Quarters[0m [36mformat[0m=[35mjson[0m [36mrecord_count[0m=[35m100[0m
2025-09-22 10:07:24,416 - storage.local_storage - INFO - store_processed_records:142 - [2m2025-09-22T04:37:24.416820Z[0m [[32m[1minfo     [0m] [1mSuccessfully stored processed records[0m [[0m[1m[34mstorage.local_storage[0m][0m [36mentity_name[0m=[35mSummary_of_Sales_by_Quarters[0m [36mfile_path[0m=[35m./test_output/processed\Summary_of_Sales_by_Quarters_20250922_043724.json[0m [36mrecord_count[0m=[35m100[0m
2025-09-22 10:07:24,418 - storage.local_storage - INFO - store_raw_response:83 - [2m2025-09-22T04:37:24.418058Z[0m [[32m[1minfo     [0m] [1mSuccessfully stored raw data  [0m [[0m[1m[34mstorage.local_storage[0m][0m [36mentity_name[0m=[35mSummary_of_Sales_by_Quarters[0m [36mfile_path[0m=[35m./test_output/raw\Summary_of_Sales_by_Quarters\2025/09/22\04\Summary_of_Sales_by_Quarters_page_2.json[0m [36msize_bytes[0m=[35m12094[0m
2025-09-22 10:07:24,418 - httpcore.http11 - DEBUG - atrace:87 - send_request_headers.started request=<Request [b'GET']>
2025-09-22 10:07:24,418 - httpcore.http11 - DEBUG - atrace:87 - send_request_headers.complete
2025-09-22 10:07:24,418 - httpcore.http11 - DEBUG - atrace:87 - send_request_body.started request=<Request [b'GET']>
2025-09-22 10:07:24,418 - httpcore.http11 - DEBUG - atrace:87 - send_request_body.complete
2025-09-22 10:07:24,418 - httpcore.http11 - DEBUG - atrace:87 - receive_response_headers.started request=<Request [b'GET']>
2025-09-22 10:07:24,653 - httpcore.http11 - DEBUG - atrace:87 - receive_response_headers.complete return_value=(b'HTTP/1.1', 200, b'OK', [(b'Content-Length', b'3863'), (b'Content-Type', b'application/json;odata.metadata=minimal;odata.streaming=true;IEEE754Compatible=false;charset=utf-8'), (b'Date', b'Mon, 22 Sep 2025 04:37:26 GMT'), (b'Server', b'Microsoft-IIS/10.0'), (b'Access-Control-Allow-Headers', b'Accept, Origin, Content-Type, MaxDataServiceVersion'), (b'Access-Control-Allow-Methods', b'GET'), (b'Access-Control-Allow-Origin', b'*'), (b'Access-Control-Expose-Headers', b'DataServiceVersion'), (b'Cache-Control', b'private'), (b'Content-Encoding', b'gzip'), (b'Expires', b'Mon, 22 Sep 2025 04:38:25 GMT'), (b'Vary', b'*'), (b'X-Content-Type-Options', b'nosniff'), (b'OData-Version', b'4.0;'), (b'X-AspNet-Version', b'4.0.30319'), (b'X-Powered-By', b'ASP.NET')])
2025-09-22 10:07:24,654 - httpx - INFO - _send_single_request:1740 - HTTP Request: GET https://services.odata.org/V4/Northwind/Northwind.svc/Alphabetical_list_of_products?%24skip=0&%24top=500 "HTTP/1.1 200 OK"
2025-09-22 10:07:24,654 - httpcore.http11 - DEBUG - atrace:87 - receive_response_body.started request=<Request [b'GET']>
2025-09-22 10:07:24,655 - httpcore.http11 - DEBUG - atrace:87 - receive_response_body.complete
2025-09-22 10:07:24,655 - httpcore.http11 - DEBUG - atrace:87 - response_closed.started
2025-09-22 10:07:24,656 - httpcore.http11 - DEBUG - atrace:87 - response_closed.complete
2025-09-22 10:07:24,656 - workers.proxy_pool - INFO - _make_http_request:162 - [2m2025-09-22T04:37:24.656207Z[0m [[32m[1minfo     [0m] [1m📊 Worker successfully fetched data[0m [[0m[1m[34mworkers.proxy_pool[0m][0m [36mcommand_id[0m=[35mAlphabetical_list_of_products_page_1[0m [36mentity[0m=[35mAlphabetical_list_of_products[0m [36mhas_next_page[0m=[35mFalse[0m [36mrecords_in_response[0m=[35m69[0m [36mworker_id[0m=[35mworker_0[0m
2025-09-22 10:07:24,657 - workers.proxy_pool - INFO - execute_command:85 - [2m2025-09-22T04:37:24.657441Z[0m [[32m[1minfo     [0m] [1m✅ Worker completed command successfully[0m [[0m[1m[34mworkers.proxy_pool[0m][0m [36mcommand_id[0m=[35mAlphabetical_list_of_products_page_1[0m [36mentity[0m=[35mAlphabetical_list_of_products[0m [36mexecution_time_seconds[0m=[35m0.81[0m [36mhas_next_page[0m=[35mFalse[0m [36mrecords_fetched[0m=[35m69[0m [36mworker_id[0m=[35mworker_0[0m
2025-09-22 10:07:24,658 - workers.proxy_pool - INFO - _worker_loop:363 - [2m2025-09-22T04:37:24.658682Z[0m [[32m[1minfo     [0m] [1m📋 Worker picked up command from queue[0m [[0m[1m[34mworkers.proxy_pool[0m][0m [36mcommand_id[0m=[35mOrder_Details_Extendeds_page_1[0m [36mentity[0m=[35mOrder_Details_Extendeds[0m [36mqueue_size_after_pickup[0m=[35m17[0m [36mworker_id[0m=[35mworker_0[0m [36mworker_status[0m=[35mPROCESSING[0m
2025-09-22 10:07:24,659 - workers.proxy_pool - INFO - execute_command:51 - [2m2025-09-22T04:37:24.659355Z[0m [[32m[1minfo     [0m] [1m🚀 Worker starting command execution[0m [[0m[1m[34mworkers.proxy_pool[0m][0m [36mcommand_id[0m=[35mOrder_Details_Extendeds_page_1[0m [36mcommand_type[0m=[35mfetch_page[0m [36mentity[0m=[35mOrder_Details_Extendeds[0m [36mpriority[0m=[35m1[0m [36mretry_count[0m=[35m0[0m [36mskip[0m=[35m0[0m [36mtop[0m=[35m500[0m [36mworker_id[0m=[35mworker_0[0m
2025-09-22 10:07:24,660 - workers.proxy_pool - INFO - execute_command:74 - [2m2025-09-22T04:37:24.660677Z[0m [[32m[1minfo     [0m] [1m🔄 Worker executing request with resilience patterns[0m [[0m[1m[34mworkers.proxy_pool[0m][0m [36mcircuit_breaker_state[0m=[35mclosed[0m [36mcommand_id[0m=[35mOrder_Details_Extendeds_page_1[0m [36mworker_id[0m=[35mworker_0[0m
2025-09-22 10:07:24,665 - storage.transformer - INFO - transform_odata_response:96 - [2m2025-09-22T04:37:24.665720Z[0m [[32m[1minfo     [0m] [1mTransformation completed      [0m [[0m[1m[34mstorage.transformer[0m][0m [36mentity_name[0m=[35mAlphabetical_list_of_products[0m [36minput_records[0m=[35m69[0m [36moutput_records[0m=[35m69[0m
2025-09-22 10:07:24,667 - storage.local_storage - INFO - store_processed_records:131 - [2m2025-09-22T04:37:24.667106Z[0m [[32m[1minfo     [0m] [1mStoring processed records     [0m [[0m[1m[34mstorage.local_storage[0m][0m [36mentity_name[0m=[35mAlphabetical_list_of_products[0m [36mformat[0m=[35mjson[0m [36mrecord_count[0m=[35m69[0m
2025-09-22 10:07:24,671 - storage.local_storage - INFO - store_processed_records:142 - [2m2025-09-22T04:37:24.671381Z[0m [[32m[1minfo     [0m] [1mSuccessfully stored processed records[0m [[0m[1m[34mstorage.local_storage[0m][0m [36mentity_name[0m=[35mAlphabetical_list_of_products[0m [36mfile_path[0m=[35m./test_output/processed\Alphabetical_list_of_products_20250922_043724.json[0m [36mrecord_count[0m=[35m69[0m
2025-09-22 10:07:24,678 - storage.local_storage - INFO - store_raw_response:83 - [2m2025-09-22T04:37:24.677874Z[0m [[32m[1minfo     [0m] [1mSuccessfully stored raw data  [0m [[0m[1m[34mstorage.local_storage[0m][0m [36mentity_name[0m=[35mAlphabetical_list_of_products[0m [36mfile_path[0m=[35m./test_output/raw\Alphabetical_list_of_products\2025/09/22\04\Alphabetical_list_of_products_page_1.json[0m [36msize_bytes[0m=[35m25179[0m
2025-09-22 10:07:24,680 - httpcore.http11 - DEBUG - atrace:87 - send_request_headers.started request=<Request [b'GET']>
2025-09-22 10:07:24,684 - httpcore.http11 - DEBUG - atrace:87 - send_request_headers.complete
2025-09-22 10:07:24,684 - httpcore.http11 - DEBUG - atrace:87 - send_request_body.started request=<Request [b'GET']>
2025-09-22 10:07:24,685 - httpcore.http11 - DEBUG - atrace:87 - send_request_body.complete
2025-09-22 10:07:24,685 - httpcore.http11 - DEBUG - atrace:87 - receive_response_headers.started request=<Request [b'GET']>
2025-09-22 10:07:24,686 - httpcore.http11 - DEBUG - atrace:87 - receive_response_headers.complete return_value=(b'HTTP/1.1', 200, b'OK', [(b'Content-Length', b'1429'), (b'Content-Type', b'application/json;odata.metadata=minimal;odata.streaming=true;IEEE754Compatible=false;charset=utf-8'), (b'Date', b'Mon, 22 Sep 2025 04:37:26 GMT'), (b'Server', b'Microsoft-IIS/10.0'), (b'Access-Control-Allow-Headers', b'Accept, Origin, Content-Type, MaxDataServiceVersion'), (b'Access-Control-Allow-Methods', b'GET'), (b'Access-Control-Allow-Origin', b'*'), (b'Access-Control-Expose-Headers', b'DataServiceVersion'), (b'Cache-Control', b'private'), (b'Content-Encoding', b'gzip'), (b'Expires', b'Mon, 22 Sep 2025 04:38:26 GMT'), (b'Vary', b'*'), (b'X-Content-Type-Options', b'nosniff'), (b'OData-Version', b'4.0;'), (b'X-AspNet-Version', b'4.0.30319'), (b'X-Powered-By', b'ASP.NET')])
2025-09-22 10:07:24,687 - httpx - INFO - _send_single_request:1740 - HTTP Request: GET https://services.odata.org/V4/Northwind/Northwind.svc/Current_Product_Lists?%24skip=0&%24top=500 "HTTP/1.1 200 OK"
2025-09-22 10:07:24,687 - httpcore.http11 - DEBUG - atrace:87 - receive_response_body.started request=<Request [b'GET']>
2025-09-22 10:07:24,687 - httpcore.http11 - DEBUG - atrace:87 - receive_response_body.complete
2025-09-22 10:07:24,688 - httpcore.http11 - DEBUG - atrace:87 - response_closed.started
2025-09-22 10:07:24,688 - httpcore.http11 - DEBUG - atrace:87 - response_closed.complete
2025-09-22 10:07:24,689 - workers.proxy_pool - INFO - _make_http_request:162 - [2m2025-09-22T04:37:24.689150Z[0m [[32m[1minfo     [0m] [1m📊 Worker successfully fetched data[0m [[0m[1m[34mworkers.proxy_pool[0m][0m [36mcommand_id[0m=[35mCurrent_Product_Lists_page_1[0m [36mentity[0m=[35mCurrent_Product_Lists[0m [36mhas_next_page[0m=[35mFalse[0m [36mrecords_in_response[0m=[35m69[0m [36mworker_id[0m=[35mworker_2[0m
2025-09-22 10:07:24,689 - workers.proxy_pool - INFO - execute_command:85 - [2m2025-09-22T04:37:24.689851Z[0m [[32m[1minfo     [0m] [1m✅ Worker completed command successfully[0m [[0m[1m[34mworkers.proxy_pool[0m][0m [36mcommand_id[0m=[35mCurrent_Product_Lists_page_1[0m [36mentity[0m=[35mCurrent_Product_Lists[0m [36mexecution_time_seconds[0m=[35m0.3[0m [36mhas_next_page[0m=[35mFalse[0m [36mrecords_fetched[0m=[35m69[0m [36mworker_id[0m=[35mworker_2[0m
2025-09-22 10:07:24,689 - workers.proxy_pool - INFO - _worker_loop:363 - [2m2025-09-22T04:37:24.689851Z[0m [[32m[1minfo     [0m] [1m📋 Worker picked up command from queue[0m [[0m[1m[34mworkers.proxy_pool[0m][0m [36mcommand_id[0m=[35mOrder_Details_Extendeds_page_2[0m [36mentity[0m=[35mOrder_Details_Extendeds[0m [36mqueue_size_after_pickup[0m=[35m16[0m [36mworker_id[0m=[35mworker_2[0m [36mworker_status[0m=[35mPROCESSING[0m
2025-09-22 10:07:24,689 - workers.proxy_pool - INFO - execute_command:51 - [2m2025-09-22T04:37:24.689851Z[0m [[32m[1minfo     [0m] [1m🚀 Worker starting command execution[0m [[0m[1m[34mworkers.proxy_pool[0m][0m [36mcommand_id[0m=[35mOrder_Details_Extendeds_page_2[0m [36mcommand_type[0m=[35mfetch_page[0m [36mentity[0m=[35mOrder_Details_Extendeds[0m [36mpriority[0m=[35m1[0m [36mretry_count[0m=[35m0[0m [36mskip[0m=[35m500[0m [36mtop[0m=[35m500[0m [36mworker_id[0m=[35mworker_2[0m
2025-09-22 10:07:24,692 - workers.proxy_pool - INFO - execute_command:74 - [2m2025-09-22T04:37:24.692620Z[0m [[32m[1minfo     [0m] [1m🔄 Worker executing request with resilience patterns[0m [[0m[1m[34mworkers.proxy_pool[0m][0m [36mcircuit_breaker_state[0m=[35mclosed[0m [36mcommand_id[0m=[35mOrder_Details_Extendeds_page_2[0m [36mworker_id[0m=[35mworker_2[0m
2025-09-22 10:07:24,695 - storage.transformer - INFO - transform_odata_response:96 - [2m2025-09-22T04:37:24.695072Z[0m [[32m[1minfo     [0m] [1mTransformation completed      [0m [[0m[1m[34mstorage.transformer[0m][0m [36mentity_name[0m=[35mCurrent_Product_Lists[0m [36minput_records[0m=[35m69[0m [36moutput_records[0m=[35m69[0m
2025-09-22 10:07:24,695 - storage.local_storage - INFO - store_processed_records:131 - [2m2025-09-22T04:37:24.695585Z[0m [[32m[1minfo     [0m] [1mStoring processed records     [0m [[0m[1m[34mstorage.local_storage[0m][0m [36mentity_name[0m=[35mCurrent_Product_Lists[0m [36mformat[0m=[35mjson[0m [36mrecord_count[0m=[35m69[0m
2025-09-22 10:07:24,699 - storage.local_storage - INFO - store_processed_records:142 - [2m2025-09-22T04:37:24.699085Z[0m [[32m[1minfo     [0m] [1mSuccessfully stored processed records[0m [[0m[1m[34mstorage.local_storage[0m][0m [36mentity_name[0m=[35mCurrent_Product_Lists[0m [36mfile_path[0m=[35m./test_output/processed\Current_Product_Lists_20250922_043724.json[0m [36mrecord_count[0m=[35m69[0m
2025-09-22 10:07:24,704 - storage.local_storage - INFO - store_raw_response:83 - [2m2025-09-22T04:37:24.704299Z[0m [[32m[1minfo     [0m] [1mSuccessfully stored raw data  [0m [[0m[1m[34mstorage.local_storage[0m][0m [36mentity_name[0m=[35mCurrent_Product_Lists[0m [36mfile_path[0m=[35m./test_output/raw\Current_Product_Lists\2025/09/22\04\Current_Product_Lists_page_1.json[0m [36msize_bytes[0m=[35m6133[0m
2025-09-22 10:07:24,704 - httpcore.http11 - DEBUG - atrace:87 - send_request_headers.started request=<Request [b'GET']>
2025-09-22 10:07:24,705 - httpcore.http11 - DEBUG - atrace:87 - send_request_headers.complete
2025-09-22 10:07:24,705 - httpcore.http11 - DEBUG - atrace:87 - send_request_body.started request=<Request [b'GET']>
2025-09-22 10:07:24,705 - httpcore.http11 - DEBUG - atrace:87 - send_request_body.complete
2025-09-22 10:07:24,705 - httpcore.http11 - DEBUG - atrace:87 - receive_response_headers.started request=<Request [b'GET']>
2025-09-22 10:07:24,939 - httpcore.http11 - DEBUG - atrace:87 - receive_response_headers.complete return_value=(b'HTTP/1.1', 200, b'OK', [(b'Content-Length', b'3139'), (b'Content-Type', b'application/json;odata.metadata=minimal;odata.streaming=true;IEEE754Compatible=false;charset=utf-8'), (b'Date', b'Mon, 22 Sep 2025 04:37:26 GMT'), (b'Server', b'Microsoft-IIS/10.0'), (b'Access-Control-Allow-Headers', b'Accept, Origin, Content-Type, MaxDataServiceVersion'), (b'Access-Control-Allow-Methods', b'GET'), (b'Access-Control-Allow-Origin', b'*'), (b'Access-Control-Expose-Headers', b'DataServiceVersion'), (b'Cache-Control', b'private'), (b'Content-Encoding', b'gzip'), (b'Expires', b'Mon, 22 Sep 2025 04:38:26 GMT'), (b'Vary', b'*'), (b'X-Content-Type-Options', b'nosniff'), (b'OData-Version', b'4.0;'), (b'X-AspNet-Version', b'4.0.30319'), (b'X-Powered-By', b'ASP.NET')])
2025-09-22 10:07:24,939 - httpx - INFO - _send_single_request:1740 - HTTP Request: GET https://services.odata.org/V4/Northwind/Northwind.svc/Order_Details_Extendeds?%24skip=0&%24top=500 "HTTP/1.1 200 OK"
2025-09-22 10:07:24,940 - httpcore.http11 - DEBUG - atrace:87 - receive_response_body.started request=<Request [b'GET']>
2025-09-22 10:07:24,941 - httpcore.http11 - DEBUG - atrace:87 - receive_response_body.complete
2025-09-22 10:07:24,941 - httpcore.http11 - DEBUG - atrace:87 - response_closed.started
2025-09-22 10:07:24,941 - httpcore.http11 - DEBUG - atrace:87 - response_closed.complete
2025-09-22 10:07:24,943 - workers.proxy_pool - INFO - _make_http_request:162 - [2m2025-09-22T04:37:24.943230Z[0m [[32m[1minfo     [0m] [1m📊 Worker successfully fetched data[0m [[0m[1m[34mworkers.proxy_pool[0m][0m [36mcommand_id[0m=[35mOrder_Details_Extendeds_page_1[0m [36mentity[0m=[35mOrder_Details_Extendeds[0m [36mhas_next_page[0m=[35mTrue[0m [36mrecords_in_response[0m=[35m100[0m [36mworker_id[0m=[35mworker_0[0m
2025-09-22 10:07:24,944 - workers.proxy_pool - INFO - execute_command:85 - [2m2025-09-22T04:37:24.944495Z[0m [[32m[1minfo     [0m] [1m✅ Worker completed command successfully[0m [[0m[1m[34mworkers.proxy_pool[0m][0m [36mcommand_id[0m=[35mOrder_Details_Extendeds_page_1[0m [36mentity[0m=[35mOrder_Details_Extendeds[0m [36mexecution_time_seconds[0m=[35m0.28[0m [36mhas_next_page[0m=[35mTrue[0m [36mrecords_fetched[0m=[35m100[0m [36mworker_id[0m=[35mworker_0[0m
2025-09-22 10:07:24,945 - workers.proxy_pool - INFO - _worker_loop:363 - [2m2025-09-22T04:37:24.945620Z[0m [[32m[1minfo     [0m] [1m📋 Worker picked up command from queue[0m [[0m[1m[34mworkers.proxy_pool[0m][0m [36mcommand_id[0m=[35mOrder_Details_Extendeds_page_3[0m [36mentity[0m=[35mOrder_Details_Extendeds[0m [36mqueue_size_after_pickup[0m=[35m15[0m [36mworker_id[0m=[35mworker_0[0m [36mworker_status[0m=[35mPROCESSING[0m
2025-09-22 10:07:24,946 - workers.proxy_pool - INFO - execute_command:51 - [2m2025-09-22T04:37:24.946198Z[0m [[32m[1minfo     [0m] [1m🚀 Worker starting command execution[0m [[0m[1m[34mworkers.proxy_pool[0m][0m [36mcommand_id[0m=[35mOrder_Details_Extendeds_page_3[0m [36mcommand_type[0m=[35mfetch_page[0m [36mentity[0m=[35mOrder_Details_Extendeds[0m [36mpriority[0m=[35m1[0m [36mretry_count[0m=[35m0[0m [36mskip[0m=[35m1000[0m [36mtop[0m=[35m500[0m [36mworker_id[0m=[35mworker_0[0m
2025-09-22 10:07:24,946 - workers.proxy_pool - INFO - execute_command:74 - [2m2025-09-22T04:37:24.946761Z[0m [[32m[1minfo     [0m] [1m🔄 Worker executing request with resilience patterns[0m [[0m[1m[34mworkers.proxy_pool[0m][0m [36mcircuit_breaker_state[0m=[35mclosed[0m [36mcommand_id[0m=[35mOrder_Details_Extendeds_page_3[0m [36mworker_id[0m=[35mworker_0[0m
2025-09-22 10:07:24,949 - storage.transformer - INFO - transform_odata_response:96 - [2m2025-09-22T04:37:24.949235Z[0m [[32m[1minfo     [0m] [1mTransformation completed      [0m [[0m[1m[34mstorage.transformer[0m][0m [36mentity_name[0m=[35mOrder_Details_Extendeds[0m [36minput_records[0m=[35m100[0m [36moutput_records[0m=[35m100[0m
2025-09-22 10:07:24,949 - storage.local_storage - INFO - store_processed_records:131 - [2m2025-09-22T04:37:24.949914Z[0m [[32m[1minfo     [0m] [1mStoring processed records     [0m [[0m[1m[34mstorage.local_storage[0m][0m [36mentity_name[0m=[35mOrder_Details_Extendeds[0m [36mformat[0m=[35mjson[0m [36mrecord_count[0m=[35m100[0m
2025-09-22 10:07:24,952 - storage.local_storage - INFO - store_processed_records:142 - [2m2025-09-22T04:37:24.952255Z[0m [[32m[1minfo     [0m] [1mSuccessfully stored processed records[0m [[0m[1m[34mstorage.local_storage[0m][0m [36mentity_name[0m=[35mOrder_Details_Extendeds[0m [36mfile_path[0m=[35m./test_output/processed\Order_Details_Extendeds_20250922_043724.json[0m [36mrecord_count[0m=[35m100[0m
2025-09-22 10:07:24,961 - storage.local_storage - INFO - store_raw_response:83 - [2m2025-09-22T04:37:24.961666Z[0m [[32m[1minfo     [0m] [1mSuccessfully stored raw data  [0m [[0m[1m[34mstorage.local_storage[0m][0m [36mentity_name[0m=[35mOrder_Details_Extendeds[0m [36mfile_path[0m=[35m./test_output/raw\Order_Details_Extendeds\2025/09/22\04\Order_Details_Extendeds_page_1.json[0m [36msize_bytes[0m=[35m22067[0m
2025-09-22 10:07:24,962 - httpcore.http11 - DEBUG - atrace:87 - send_request_headers.started request=<Request [b'GET']>
2025-09-22 10:07:24,963 - httpcore.http11 - DEBUG - atrace:87 - send_request_headers.complete
2025-09-22 10:07:24,963 - httpcore.http11 - DEBUG - atrace:87 - send_request_body.started request=<Request [b'GET']>
2025-09-22 10:07:24,963 - httpcore.http11 - DEBUG - atrace:87 - send_request_body.complete
2025-09-22 10:07:24,963 - httpcore.http11 - DEBUG - atrace:87 - receive_response_headers.started request=<Request [b'GET']>
2025-09-22 10:07:24,999 - httpcore.http11 - DEBUG - atrace:87 - receive_response_headers.complete return_value=(b'HTTP/1.1', 200, b'OK', [(b'Content-Length', b'2998'), (b'Content-Type', b'application/json;odata.metadata=minimal;odata.streaming=true;IEEE754Compatible=false;charset=utf-8'), (b'Date', b'Mon, 22 Sep 2025 04:37:26 GMT'), (b'Server', b'Microsoft-IIS/10.0'), (b'Access-Control-Allow-Headers', b'Accept, Origin, Content-Type, MaxDataServiceVersion'), (b'Access-Control-Allow-Methods', b'GET'), (b'Access-Control-Allow-Origin', b'*'), (b'Access-Control-Expose-Headers', b'DataServiceVersion'), (b'Cache-Control', b'private'), (b'Content-Encoding', b'gzip'), (b'Expires', b'Mon, 22 Sep 2025 04:38:26 GMT'), (b'Vary', b'*'), (b'X-Content-Type-Options', b'nosniff'), (b'OData-Version', b'4.0;'), (b'X-AspNet-Version', b'4.0.30319'), (b'X-Powered-By', b'ASP.NET')])
2025-09-22 10:07:24,999 - httpx - INFO - _send_single_request:1740 - HTTP Request: GET https://services.odata.org/V4/Northwind/Northwind.svc/Order_Details_Extendeds?%24skip=500&%24top=500 "HTTP/1.1 200 OK"
2025-09-22 10:07:25,000 - httpcore.http11 - DEBUG - atrace:87 - receive_response_body.started request=<Request [b'GET']>
2025-09-22 10:07:25,000 - httpcore.http11 - DEBUG - atrace:87 - receive_response_body.complete
2025-09-22 10:07:25,000 - httpcore.http11 - DEBUG - atrace:87 - response_closed.started
2025-09-22 10:07:25,000 - httpcore.http11 - DEBUG - atrace:87 - response_closed.complete
2025-09-22 10:07:25,001 - workers.proxy_pool - INFO - _make_http_request:162 - [2m2025-09-22T04:37:25.001471Z[0m [[32m[1minfo     [0m] [1m📊 Worker successfully fetched data[0m [[0m[1m[34mworkers.proxy_pool[0m][0m [36mcommand_id[0m=[35mOrder_Details_Extendeds_page_2[0m [36mentity[0m=[35mOrder_Details_Extendeds[0m [36mhas_next_page[0m=[35mTrue[0m [36mrecords_in_response[0m=[35m100[0m [36mworker_id[0m=[35mworker_2[0m
2025-09-22 10:07:25,001 - workers.proxy_pool - INFO - execute_command:85 - [2m2025-09-22T04:37:25.001983Z[0m [[32m[1minfo     [0m] [1m✅ Worker completed command successfully[0m [[0m[1m[34mworkers.proxy_pool[0m][0m [36mcommand_id[0m=[35mOrder_Details_Extendeds_page_2[0m [36mentity[0m=[35mOrder_Details_Extendeds[0m [36mexecution_time_seconds[0m=[35m0.31[0m [36mhas_next_page[0m=[35mTrue[0m [36mrecords_fetched[0m=[35m100[0m [36mworker_id[0m=[35mworker_2[0m
2025-09-22 10:07:25,002 - workers.proxy_pool - INFO - _worker_loop:363 - [2m2025-09-22T04:37:25.002599Z[0m [[32m[1minfo     [0m] [1m📋 Worker picked up command from queue[0m [[0m[1m[34mworkers.proxy_pool[0m][0m [36mcommand_id[0m=[35mSales_Totals_by_Amounts_page_1[0m [36mentity[0m=[35mSales_Totals_by_Amounts[0m [36mqueue_size_after_pickup[0m=[35m15[0m [36mworker_id[0m=[35mworker_2[0m [36mworker_status[0m=[35mPROCESSING[0m
2025-09-22 10:07:25,003 - workers.proxy_pool - INFO - execute_command:51 - [2m2025-09-22T04:37:25.003203Z[0m [[32m[1minfo     [0m] [1m🚀 Worker starting command execution[0m [[0m[1m[34mworkers.proxy_pool[0m][0m [36mcommand_id[0m=[35mSales_Totals_by_Amounts_page_1[0m [36mcommand_type[0m=[35mfetch_page[0m [36mentity[0m=[35mSales_Totals_by_Amounts[0m [36mpriority[0m=[35m1[0m [36mretry_count[0m=[35m0[0m [36mskip[0m=[35m0[0m [36mtop[0m=[35m500[0m [36mworker_id[0m=[35mworker_2[0m
2025-09-22 10:07:25,004 - workers.proxy_pool - INFO - execute_command:74 - [2m2025-09-22T04:37:25.004328Z[0m [[32m[1minfo     [0m] [1m🔄 Worker executing request with resilience patterns[0m [[0m[1m[34mworkers.proxy_pool[0m][0m [36mcircuit_breaker_state[0m=[35mclosed[0m [36mcommand_id[0m=[35mSales_Totals_by_Amounts_page_1[0m [36mworker_id[0m=[35mworker_2[0m
2025-09-22 10:07:25,010 - storage.transformer - INFO - transform_odata_response:96 - [2m2025-09-22T04:37:25.009538Z[0m [[32m[1minfo     [0m] [1mTransformation completed      [0m [[0m[1m[34mstorage.transformer[0m][0m [36mentity_name[0m=[35mOrder_Details_Extendeds[0m [36minput_records[0m=[35m100[0m [36moutput_records[0m=[35m100[0m
2025-09-22 10:07:25,012 - storage.local_storage - INFO - store_processed_records:131 - [2m2025-09-22T04:37:25.012123Z[0m [[32m[1minfo     [0m] [1mStoring processed records     [0m [[0m[1m[34mstorage.local_storage[0m][0m [36mentity_name[0m=[35mOrder_Details_Extendeds[0m [36mformat[0m=[35mjson[0m [36mrecord_count[0m=[35m100[0m
2025-09-22 10:07:25,018 - storage.local_storage - INFO - store_processed_records:142 - [2m2025-09-22T04:37:25.018438Z[0m [[32m[1minfo     [0m] [1mSuccessfully stored processed records[0m [[0m[1m[34mstorage.local_storage[0m][0m [36mentity_name[0m=[35mOrder_Details_Extendeds[0m [36mfile_path[0m=[35m./test_output/processed\Order_Details_Extendeds_20250922_043725.json[0m [36mrecord_count[0m=[35m100[0m
2025-09-22 10:07:25,022 - storage.local_storage - INFO - store_raw_response:83 - [2m2025-09-22T04:37:25.022094Z[0m [[32m[1minfo     [0m] [1mSuccessfully stored raw data  [0m [[0m[1m[34mstorage.local_storage[0m][0m [36mentity_name[0m=[35mOrder_Details_Extendeds[0m [36mfile_path[0m=[35m./test_output/raw\Order_Details_Extendeds\2025/09/22\04\Order_Details_Extendeds_page_2.json[0m [36msize_bytes[0m=[35m21933[0m
2025-09-22 10:07:25,024 - httpcore.http11 - DEBUG - atrace:87 - send_request_headers.started request=<Request [b'GET']>
2025-09-22 10:07:25,024 - httpcore.http11 - DEBUG - atrace:87 - send_request_headers.complete
2025-09-22 10:07:25,024 - httpcore.http11 - DEBUG - atrace:87 - send_request_body.started request=<Request [b'GET']>
2025-09-22 10:07:25,025 - httpcore.http11 - DEBUG - atrace:87 - send_request_body.complete
2025-09-22 10:07:25,025 - httpcore.http11 - DEBUG - atrace:87 - receive_response_headers.started request=<Request [b'GET']>
2025-09-22 10:07:25,207 - httpcore.http11 - DEBUG - atrace:87 - receive_response_headers.complete return_value=(b'HTTP/1.1', 200, b'OK', [(b'Content-Length', b'764'), (b'Content-Type', b'application/json;odata.metadata=minimal;odata.streaming=true;IEEE754Compatible=false;charset=utf-8'), (b'Date', b'Mon, 22 Sep 2025 04:37:26 GMT'), (b'Server', b'Microsoft-IIS/10.0'), (b'Access-Control-Allow-Headers', b'Accept, Origin, Content-Type, MaxDataServiceVersion'), (b'Access-Control-Allow-Methods', b'GET'), (b'Access-Control-Allow-Origin', b'*'), (b'Access-Control-Expose-Headers', b'DataServiceVersion'), (b'Cache-Control', b'private'), (b'Content-Encoding', b'gzip'), (b'Expires', b'Mon, 22 Sep 2025 04:38:26 GMT'), (b'Vary', b'*'), (b'X-Content-Type-Options', b'nosniff'), (b'OData-Version', b'4.0;'), (b'X-AspNet-Version', b'4.0.30319'), (b'X-Powered-By', b'ASP.NET')])
2025-09-22 10:07:25,208 - httpx - INFO - _send_single_request:1740 - HTTP Request: GET https://services.odata.org/V4/Northwind/Northwind.svc/Products_Above_Average_Prices?%24skip=0&%24top=500 "HTTP/1.1 200 OK"
2025-09-22 10:07:25,210 - httpcore.http11 - DEBUG - atrace:87 - receive_response_body.started request=<Request [b'GET']>
2025-09-22 10:07:25,210 - httpcore.http11 - DEBUG - atrace:87 - receive_response_body.complete
2025-09-22 10:07:25,210 - httpcore.http11 - DEBUG - atrace:87 - response_closed.started
2025-09-22 10:07:25,211 - httpcore.http11 - DEBUG - atrace:87 - response_closed.complete
2025-09-22 10:07:25,212 - workers.proxy_pool - INFO - _make_http_request:162 - [2m2025-09-22T04:37:25.212260Z[0m [[32m[1minfo     [0m] [1m📊 Worker successfully fetched data[0m [[0m[1m[34mworkers.proxy_pool[0m][0m [36mcommand_id[0m=[35mProducts_Above_Average_Prices_page_1[0m [36mentity[0m=[35mProducts_Above_Average_Prices[0m [36mhas_next_page[0m=[35mFalse[0m [36mrecords_in_response[0m=[35m25[0m [36mworker_id[0m=[35mworker_1[0m
2025-09-22 10:07:25,214 - workers.proxy_pool - INFO - execute_command:85 - [2m2025-09-22T04:37:25.214301Z[0m [[32m[1minfo     [0m] [1m✅ Worker completed command successfully[0m [[0m[1m[34mworkers.proxy_pool[0m][0m [36mcommand_id[0m=[35mProducts_Above_Average_Prices_page_1[0m [36mentity[0m=[35mProducts_Above_Average_Prices[0m [36mexecution_time_seconds[0m=[35m0.81[0m [36mhas_next_page[0m=[35mFalse[0m [36mrecords_fetched[0m=[35m25[0m [36mworker_id[0m=[35mworker_1[0m
2025-09-22 10:07:25,215 - workers.proxy_pool - INFO - _worker_loop:363 - [2m2025-09-22T04:37:25.215524Z[0m [[32m[1minfo     [0m] [1m📋 Worker picked up command from queue[0m [[0m[1m[34mworkers.proxy_pool[0m][0m [36mcommand_id[0m=[35mOrder_Subtotals_page_1[0m [36mentity[0m=[35mOrder_Subtotals[0m [36mqueue_size_after_pickup[0m=[35m15[0m [36mworker_id[0m=[35mworker_1[0m [36mworker_status[0m=[35mPROCESSING[0m
2025-09-22 10:07:25,217 - workers.proxy_pool - INFO - execute_command:51 - [2m2025-09-22T04:37:25.216718Z[0m [[32m[1minfo     [0m] [1m🚀 Worker starting command execution[0m [[0m[1m[34mworkers.proxy_pool[0m][0m [36mcommand_id[0m=[35mOrder_Subtotals_page_1[0m [36mcommand_type[0m=[35mfetch_page[0m [36mentity[0m=[35mOrder_Subtotals[0m [36mpriority[0m=[35m1[0m [36mretry_count[0m=[35m0[0m [36mskip[0m=[35m0[0m [36mtop[0m=[35m500[0m [36mworker_id[0m=[35mworker_1[0m
2025-09-22 10:07:25,218 - workers.proxy_pool - INFO - execute_command:74 - [2m2025-09-22T04:37:25.218277Z[0m [[32m[1minfo     [0m] [1m🔄 Worker executing request with resilience patterns[0m [[0m[1m[34mworkers.proxy_pool[0m][0m [36mcircuit_breaker_state[0m=[35mclosed[0m [36mcommand_id[0m=[35mOrder_Subtotals_page_1[0m [36mworker_id[0m=[35mworker_1[0m
2025-09-22 10:07:25,222 - storage.transformer - INFO - transform_odata_response:96 - [2m2025-09-22T04:37:25.221475Z[0m [[32m[1minfo     [0m] [1mTransformation completed      [0m [[0m[1m[34mstorage.transformer[0m][0m [36mentity_name[0m=[35mProducts_Above_Average_Prices[0m [36minput_records[0m=[35m25[0m [36moutput_records[0m=[35m25[0m
2025-09-22 10:07:25,222 - storage.local_storage - INFO - store_processed_records:131 - [2m2025-09-22T04:37:25.222654Z[0m [[32m[1minfo     [0m] [1mStoring processed records     [0m [[0m[1m[34mstorage.local_storage[0m][0m [36mentity_name[0m=[35mProducts_Above_Average_Prices[0m [36mformat[0m=[35mjson[0m [36mrecord_count[0m=[35m25[0m
2025-09-22 10:07:25,228 - storage.local_storage - INFO - store_processed_records:142 - [2m2025-09-22T04:37:25.227086Z[0m [[32m[1minfo     [0m] [1mSuccessfully stored processed records[0m [[0m[1m[34mstorage.local_storage[0m][0m [36mentity_name[0m=[35mProducts_Above_Average_Prices[0m [36mfile_path[0m=[35m./test_output/processed\Products_Above_Average_Prices_20250922_043725.json[0m [36mrecord_count[0m=[35m25[0m
2025-09-22 10:07:25,240 - storage.local_storage - INFO - store_raw_response:83 - [2m2025-09-22T04:37:25.239452Z[0m [[32m[1minfo     [0m] [1mSuccessfully stored raw data  [0m [[0m[1m[34mstorage.local_storage[0m][0m [36mentity_name[0m=[35mProducts_Above_Average_Prices[0m [36mfile_path[0m=[35m./test_output/raw\Products_Above_Average_Prices\2025/09/22\04\Products_Above_Average_Prices_page_1.json[0m [36msize_bytes[0m=[35m2555[0m
2025-09-22 10:07:25,240 - httpcore.http11 - DEBUG - atrace:87 - send_request_headers.started request=<Request [b'GET']>
2025-09-22 10:07:25,241 - httpcore.http11 - DEBUG - atrace:87 - receive_response_headers.complete return_value=(b'HTTP/1.1', 200, b'OK', [(b'Content-Length', b'3160'), (b'Content-Type', b'application/json;odata.metadata=minimal;odata.streaming=true;IEEE754Compatible=false;charset=utf-8'), (b'Date', b'Mon, 22 Sep 2025 04:37:26 GMT'), (b'Server', b'Microsoft-IIS/10.0'), (b'Access-Control-Allow-Headers', b'Accept, Origin, Content-Type, MaxDataServiceVersion'), (b'Access-Control-Allow-Methods', b'GET'), (b'Access-Control-Allow-Origin', b'*'), (b'Access-Control-Expose-Headers', b'DataServiceVersion'), (b'Cache-Control', b'private'), (b'Content-Encoding', b'gzip'), (b'Expires', b'Mon, 22 Sep 2025 04:38:26 GMT'), (b'Vary', b'*'), (b'X-Content-Type-Options', b'nosniff'), (b'OData-Version', b'4.0;'), (b'X-AspNet-Version', b'4.0.30319'), (b'X-Powered-By', b'ASP.NET')])
2025-09-22 10:07:25,242 - httpx - INFO - _send_single_request:1740 - HTTP Request: GET https://services.odata.org/V4/Northwind/Northwind.svc/Order_Details_Extendeds?%24skip=1000&%24top=500 "HTTP/1.1 200 OK"
2025-09-22 10:07:25,243 - httpcore.http11 - DEBUG - atrace:87 - receive_response_body.started request=<Request [b'GET']>
2025-09-22 10:07:25,244 - httpcore.http11 - DEBUG - atrace:87 - receive_response_body.complete
2025-09-22 10:07:25,244 - httpcore.http11 - DEBUG - atrace:87 - response_closed.started
2025-09-22 10:07:25,245 - httpcore.http11 - DEBUG - atrace:87 - send_request_headers.complete
2025-09-22 10:07:25,245 - httpcore.http11 - DEBUG - atrace:87 - send_request_body.started request=<Request [b'GET']>
2025-09-22 10:07:25,245 - httpcore.http11 - DEBUG - atrace:87 - send_request_body.complete
2025-09-22 10:07:25,245 - httpcore.http11 - DEBUG - atrace:87 - receive_response_headers.started request=<Request [b'GET']>
2025-09-22 10:07:25,246 - httpcore.http11 - DEBUG - atrace:87 - response_closed.complete
2025-09-22 10:07:25,247 - workers.proxy_pool - INFO - _make_http_request:162 - [2m2025-09-22T04:37:25.247611Z[0m [[32m[1minfo     [0m] [1m📊 Worker successfully fetched data[0m [[0m[1m[34mworkers.proxy_pool[0m][0m [36mcommand_id[0m=[35mOrder_Details_Extendeds_page_3[0m [36mentity[0m=[35mOrder_Details_Extendeds[0m [36mhas_next_page[0m=[35mTrue[0m [36mrecords_in_response[0m=[35m100[0m [36mworker_id[0m=[35mworker_0[0m
2025-09-22 10:07:25,248 - workers.proxy_pool - INFO - execute_command:85 - [2m2025-09-22T04:37:25.248197Z[0m [[32m[1minfo     [0m] [1m✅ Worker completed command successfully[0m [[0m[1m[34mworkers.proxy_pool[0m][0m [36mcommand_id[0m=[35mOrder_Details_Extendeds_page_3[0m [36mentity[0m=[35mOrder_Details_Extendeds[0m [36mexecution_time_seconds[0m=[35m0.31[0m [36mhas_next_page[0m=[35mTrue[0m [36mrecords_fetched[0m=[35m100[0m [36mworker_id[0m=[35mworker_0[0m
2025-09-22 10:07:25,250 - workers.proxy_pool - INFO - _worker_loop:363 - [2m2025-09-22T04:37:25.250295Z[0m [[32m[1minfo     [0m] [1m📋 Worker picked up command from queue[0m [[0m[1m[34mworkers.proxy_pool[0m][0m [36mcommand_id[0m=[35mOrder_Subtotals_page_2[0m [36mentity[0m=[35mOrder_Subtotals[0m [36mqueue_size_after_pickup[0m=[35m14[0m [36mworker_id[0m=[35mworker_0[0m [36mworker_status[0m=[35mPROCESSING[0m
2025-09-22 10:07:25,252 - workers.proxy_pool - INFO - execute_command:51 - [2m2025-09-22T04:37:25.251403Z[0m [[32m[1minfo     [0m] [1m🚀 Worker starting command execution[0m [[0m[1m[34mworkers.proxy_pool[0m][0m [36mcommand_id[0m=[35mOrder_Subtotals_page_2[0m [36mcommand_type[0m=[35mfetch_page[0m [36mentity[0m=[35mOrder_Subtotals[0m [36mpriority[0m=[35m1[0m [36mretry_count[0m=[35m0[0m [36mskip[0m=[35m500[0m [36mtop[0m=[35m500[0m [36mworker_id[0m=[35mworker_0[0m
2025-09-22 10:07:25,252 - workers.proxy_pool - INFO - execute_command:74 - [2m2025-09-22T04:37:25.252710Z[0m [[32m[1minfo     [0m] [1m🔄 Worker executing request with resilience patterns[0m [[0m[1m[34mworkers.proxy_pool[0m][0m [36mcircuit_breaker_state[0m=[35mclosed[0m [36mcommand_id[0m=[35mOrder_Subtotals_page_2[0m [36mworker_id[0m=[35mworker_0[0m
2025-09-22 10:07:25,256 - storage.transformer - INFO - transform_odata_response:96 - [2m2025-09-22T04:37:25.256860Z[0m [[32m[1minfo     [0m] [1mTransformation completed      [0m [[0m[1m[34mstorage.transformer[0m][0m [36mentity_name[0m=[35mOrder_Details_Extendeds[0m [36minput_records[0m=[35m100[0m [36moutput_records[0m=[35m100[0m
2025-09-22 10:07:25,257 - storage.local_storage - INFO - store_processed_records:131 - [2m2025-09-22T04:37:25.257417Z[0m [[32m[1minfo     [0m] [1mStoring processed records     [0m [[0m[1m[34mstorage.local_storage[0m][0m [36mentity_name[0m=[35mOrder_Details_Extendeds[0m [36mformat[0m=[35mjson[0m [36mrecord_count[0m=[35m100[0m
2025-09-22 10:07:25,261 - storage.local_storage - INFO - store_processed_records:142 - [2m2025-09-22T04:37:25.261171Z[0m [[32m[1minfo     [0m] [1mSuccessfully stored processed records[0m [[0m[1m[34mstorage.local_storage[0m][0m [36mentity_name[0m=[35mOrder_Details_Extendeds[0m [36mfile_path[0m=[35m./test_output/processed\Order_Details_Extendeds_20250922_043725.json[0m [36mrecord_count[0m=[35m100[0m
2025-09-22 10:07:25,267 - storage.local_storage - INFO - store_raw_response:83 - [2m2025-09-22T04:37:25.267951Z[0m [[32m[1minfo     [0m] [1mSuccessfully stored raw data  [0m [[0m[1m[34mstorage.local_storage[0m][0m [36mentity_name[0m=[35mOrder_Details_Extendeds[0m [36mfile_path[0m=[35m./test_output/raw\Order_Details_Extendeds\2025/09/22\04\Order_Details_Extendeds_page_3.json[0m [36msize_bytes[0m=[35m22081[0m
2025-09-22 10:07:25,269 - httpcore.http11 - DEBUG - atrace:87 - send_request_headers.started request=<Request [b'GET']>
2025-09-22 10:07:25,270 - httpcore.http11 - DEBUG - atrace:87 - send_request_headers.complete
2025-09-22 10:07:25,271 - httpcore.http11 - DEBUG - atrace:87 - send_request_body.started request=<Request [b'GET']>
2025-09-22 10:07:25,271 - httpcore.http11 - DEBUG - atrace:87 - send_request_body.complete
2025-09-22 10:07:25,271 - httpcore.http11 - DEBUG - atrace:87 - receive_response_headers.started request=<Request [b'GET']>
2025-09-22 10:07:25,289 - httpcore.http11 - DEBUG - atrace:87 - receive_response_headers.complete return_value=(b'HTTP/1.1', 200, b'OK', [(b'Content-Length', b'1905'), (b'Content-Type', b'application/json;odata.metadata=minimal;odata.streaming=true;IEEE754Compatible=false;charset=utf-8'), (b'Date', b'Mon, 22 Sep 2025 04:37:26 GMT'), (b'Server', b'Microsoft-IIS/10.0'), (b'Access-Control-Allow-Headers', b'Accept, Origin, Content-Type, MaxDataServiceVersion'), (b'Access-Control-Allow-Methods', b'GET'), (b'Access-Control-Allow-Origin', b'*'), (b'Access-Control-Expose-Headers', b'DataServiceVersion'), (b'Cache-Control', b'private'), (b'Content-Encoding', b'gzip'), (b'Expires', b'Mon, 22 Sep 2025 04:38:26 GMT'), (b'Vary', b'*'), (b'X-Content-Type-Options', b'nosniff'), (b'OData-Version', b'4.0;'), (b'X-AspNet-Version', b'4.0.30319'), (b'X-Powered-By', b'ASP.NET')])
2025-09-22 10:07:25,290 - httpx - INFO - _send_single_request:1740 - HTTP Request: GET https://services.odata.org/V4/Northwind/Northwind.svc/Sales_Totals_by_Amounts?%24skip=0&%24top=500 "HTTP/1.1 200 OK"
2025-09-22 10:07:25,291 - httpcore.http11 - DEBUG - atrace:87 - receive_response_body.started request=<Request [b'GET']>
2025-09-22 10:07:25,292 - httpcore.http11 - DEBUG - atrace:87 - receive_response_body.complete
2025-09-22 10:07:25,292 - httpcore.http11 - DEBUG - atrace:87 - response_closed.started
2025-09-22 10:07:25,292 - httpcore.http11 - DEBUG - atrace:87 - response_closed.complete
2025-09-22 10:07:25,293 - workers.proxy_pool - INFO - _make_http_request:162 - [2m2025-09-22T04:37:25.293244Z[0m [[32m[1minfo     [0m] [1m📊 Worker successfully fetched data[0m [[0m[1m[34mworkers.proxy_pool[0m][0m [36mcommand_id[0m=[35mSales_Totals_by_Amounts_page_1[0m [36mentity[0m=[35mSales_Totals_by_Amounts[0m [36mhas_next_page[0m=[35mFalse[0m [36mrecords_in_response[0m=[35m66[0m [36mworker_id[0m=[35mworker_2[0m
2025-09-22 10:07:25,294 - workers.proxy_pool - INFO - execute_command:85 - [2m2025-09-22T04:37:25.294705Z[0m [[32m[1minfo     [0m] [1m✅ Worker completed command successfully[0m [[0m[1m[34mworkers.proxy_pool[0m][0m [36mcommand_id[0m=[35mSales_Totals_by_Amounts_page_1[0m [36mentity[0m=[35mSales_Totals_by_Amounts[0m [36mexecution_time_seconds[0m=[35m0.3[0m [36mhas_next_page[0m=[35mFalse[0m [36mrecords_fetched[0m=[35m66[0m [36mworker_id[0m=[35mworker_2[0m
2025-09-22 10:07:25,296 - workers.proxy_pool - INFO - _worker_loop:363 - [2m2025-09-22T04:37:25.295843Z[0m [[32m[1minfo     [0m] [1m📋 Worker picked up command from queue[0m [[0m[1m[34mworkers.proxy_pool[0m][0m [36mcommand_id[0m=[35mCategories_page_1[0m [36mentity[0m=[35mCategories[0m [36mqueue_size_after_pickup[0m=[35m14[0m [36mworker_id[0m=[35mworker_2[0m [36mworker_status[0m=[35mPROCESSING[0m
2025-09-22 10:07:25,298 - workers.proxy_pool - INFO - execute_command:51 - [2m2025-09-22T04:37:25.298097Z[0m [[32m[1minfo     [0m] [1m🚀 Worker starting command execution[0m [[0m[1m[34mworkers.proxy_pool[0m][0m [36mcommand_id[0m=[35mCategories_page_1[0m [36mcommand_type[0m=[35mfetch_page[0m [36mentity[0m=[35mCategories[0m [36mpriority[0m=[35m1[0m [36mretry_count[0m=[35m0[0m [36mskip[0m=[35m0[0m [36mtop[0m=[35m500[0m [36mworker_id[0m=[35mworker_2[0m
2025-09-22 10:07:25,298 - workers.proxy_pool - INFO - execute_command:74 - [2m2025-09-22T04:37:25.298673Z[0m [[32m[1minfo     [0m] [1m🔄 Worker executing request with resilience patterns[0m [[0m[1m[34mworkers.proxy_pool[0m][0m [36mcircuit_breaker_state[0m=[35mclosed[0m [36mcommand_id[0m=[35mCategories_page_1[0m [36mworker_id[0m=[35mworker_2[0m
2025-09-22 10:07:25,300 - storage.transformer - INFO - transform_odata_response:96 - [2m2025-09-22T04:37:25.300713Z[0m [[32m[1minfo     [0m] [1mTransformation completed      [0m [[0m[1m[34mstorage.transformer[0m][0m [36mentity_name[0m=[35mSales_Totals_by_Amounts[0m [36minput_records[0m=[35m66[0m [36moutput_records[0m=[35m66[0m
2025-09-22 10:07:25,301 - storage.local_storage - INFO - store_processed_records:131 - [2m2025-09-22T04:37:25.301269Z[0m [[32m[1minfo     [0m] [1mStoring processed records     [0m [[0m[1m[34mstorage.local_storage[0m][0m [36mentity_name[0m=[35mSales_Totals_by_Amounts[0m [36mformat[0m=[35mjson[0m [36mrecord_count[0m=[35m66[0m
2025-09-22 10:07:25,305 - storage.local_storage - INFO - store_processed_records:142 - [2m2025-09-22T04:37:25.305452Z[0m [[32m[1minfo     [0m] [1mSuccessfully stored processed records[0m [[0m[1m[34mstorage.local_storage[0m][0m [36mentity_name[0m=[35mSales_Totals_by_Amounts[0m [36mfile_path[0m=[35m./test_output/processed\Sales_Totals_by_Amounts_20250922_043725.json[0m [36mrecord_count[0m=[35m66[0m
2025-09-22 10:07:25,314 - storage.local_storage - INFO - store_raw_response:83 - [2m2025-09-22T04:37:25.314069Z[0m [[32m[1minfo     [0m] [1mSuccessfully stored raw data  [0m [[0m[1m[34mstorage.local_storage[0m][0m [36mentity_name[0m=[35mSales_Totals_by_Amounts[0m [36mfile_path[0m=[35m./test_output/raw\Sales_Totals_by_Amounts\2025/09/22\04\Sales_Totals_by_Amounts_page_1.json[0m [36msize_bytes[0m=[35m11057[0m
2025-09-22 10:07:25,314 - httpcore.http11 - DEBUG - atrace:87 - send_request_headers.started request=<Request [b'GET']>
2025-09-22 10:07:25,315 - httpcore.http11 - DEBUG - atrace:87 - send_request_headers.complete
2025-09-22 10:07:25,315 - httpcore.http11 - DEBUG - atrace:87 - send_request_body.started request=<Request [b'GET']>
2025-09-22 10:07:25,315 - httpcore.http11 - DEBUG - atrace:87 - send_request_body.complete
2025-09-22 10:07:25,315 - httpcore.http11 - DEBUG - atrace:87 - receive_response_headers.started request=<Request [b'GET']>
2025-09-22 10:07:25,515 - httpcore.http11 - DEBUG - atrace:87 - receive_response_headers.complete return_value=(b'HTTP/1.1', 200, b'OK', [(b'Content-Length', b'1171'), (b'Content-Type', b'application/json;odata.metadata=minimal;odata.streaming=true;IEEE754Compatible=false;charset=utf-8'), (b'Date', b'Mon, 22 Sep 2025 04:37:26 GMT'), (b'Server', b'Microsoft-IIS/10.0'), (b'Access-Control-Allow-Headers', b'Accept, Origin, Content-Type, MaxDataServiceVersion'), (b'Access-Control-Allow-Methods', b'GET'), (b'Access-Control-Allow-Origin', b'*'), (b'Access-Control-Expose-Headers', b'DataServiceVersion'), (b'Cache-Control', b'private'), (b'Content-Encoding', b'gzip'), (b'Expires', b'Mon, 22 Sep 2025 04:38:27 GMT'), (b'Vary', b'*'), (b'X-Content-Type-Options', b'nosniff'), (b'OData-Version', b'4.0;'), (b'X-AspNet-Version', b'4.0.30319'), (b'X-Powered-By', b'ASP.NET')])
2025-09-22 10:07:25,516 - httpx - INFO - _send_single_request:1740 - HTTP Request: GET https://services.odata.org/V4/Northwind/Northwind.svc/Order_Subtotals?%24skip=0&%24top=500 "HTTP/1.1 200 OK"
2025-09-22 10:07:25,517 - httpcore.http11 - DEBUG - atrace:87 - receive_response_body.started request=<Request [b'GET']>
2025-09-22 10:07:25,518 - httpcore.http11 - DEBUG - atrace:87 - receive_response_body.complete
2025-09-22 10:07:25,518 - httpcore.http11 - DEBUG - atrace:87 - response_closed.started
2025-09-22 10:07:25,518 - httpcore.http11 - DEBUG - atrace:87 - response_closed.complete
2025-09-22 10:07:25,519 - workers.proxy_pool - INFO - _make_http_request:162 - [2m2025-09-22T04:37:25.519395Z[0m [[32m[1minfo     [0m] [1m📊 Worker successfully fetched data[0m [[0m[1m[34mworkers.proxy_pool[0m][0m [36mcommand_id[0m=[35mOrder_Subtotals_page_1[0m [36mentity[0m=[35mOrder_Subtotals[0m [36mhas_next_page[0m=[35mTrue[0m [36mrecords_in_response[0m=[35m100[0m [36mworker_id[0m=[35mworker_1[0m
2025-09-22 10:07:25,520 - workers.proxy_pool - INFO - execute_command:85 - [2m2025-09-22T04:37:25.519969Z[0m [[32m[1minfo     [0m] [1m✅ Worker completed command successfully[0m [[0m[1m[34mworkers.proxy_pool[0m][0m [36mcommand_id[0m=[35mOrder_Subtotals_page_1[0m [36mentity[0m=[35mOrder_Subtotals[0m [36mexecution_time_seconds[0m=[35m0.3[0m [36mhas_next_page[0m=[35mTrue[0m [36mrecords_fetched[0m=[35m100[0m [36mworker_id[0m=[35mworker_1[0m
2025-09-22 10:07:25,521 - workers.proxy_pool - INFO - _worker_loop:363 - [2m2025-09-22T04:37:25.521208Z[0m [[32m[1minfo     [0m] [1m📋 Worker picked up command from queue[0m [[0m[1m[34mworkers.proxy_pool[0m][0m [36mcommand_id[0m=[35mOrders_page_next_1000[0m [36mentity[0m=[35mOrders[0m [36mqueue_size_after_pickup[0m=[35m13[0m [36mworker_id[0m=[35mworker_1[0m [36mworker_status[0m=[35mPROCESSING[0m
2025-09-22 10:07:25,522 - workers.proxy_pool - INFO - execute_command:51 - [2m2025-09-22T04:37:25.521754Z[0m [[32m[1minfo     [0m] [1m🚀 Worker starting command execution[0m [[0m[1m[34mworkers.proxy_pool[0m][0m [36mcommand_id[0m=[35mOrders_page_next_1000[0m [36mcommand_type[0m=[35mfetch_page[0m [36mentity[0m=[35mOrders[0m [36mpriority[0m=[35m1[0m [36mretry_count[0m=[35m0[0m [36mskip[0m=[35m1000[0m [36mtop[0m=[35m500[0m [36mworker_id[0m=[35mworker_1[0m
2025-09-22 10:07:25,522 - workers.proxy_pool - INFO - execute_command:74 - [2m2025-09-22T04:37:25.522919Z[0m [[32m[1minfo     [0m] [1m🔄 Worker executing request with resilience patterns[0m [[0m[1m[34mworkers.proxy_pool[0m][0m [36mcircuit_breaker_state[0m=[35mclosed[0m [36mcommand_id[0m=[35mOrders_page_next_1000[0m [36mworker_id[0m=[35mworker_1[0m
2025-09-22 10:07:25,526 - storage.transformer - INFO - transform_odata_response:96 - [2m2025-09-22T04:37:25.526002Z[0m [[32m[1minfo     [0m] [1mTransformation completed      [0m [[0m[1m[34mstorage.transformer[0m][0m [36mentity_name[0m=[35mOrder_Subtotals[0m [36minput_records[0m=[35m100[0m [36moutput_records[0m=[35m100[0m
2025-09-22 10:07:25,527 - storage.local_storage - INFO - store_processed_records:131 - [2m2025-09-22T04:37:25.527177Z[0m [[32m[1minfo     [0m] [1mStoring processed records     [0m [[0m[1m[34mstorage.local_storage[0m][0m [36mentity_name[0m=[35mOrder_Subtotals[0m [36mformat[0m=[35mjson[0m [36mrecord_count[0m=[35m100[0m
2025-09-22 10:07:25,529 - storage.local_storage - INFO - store_processed_records:142 - [2m2025-09-22T04:37:25.529834Z[0m [[32m[1minfo     [0m] [1mSuccessfully stored processed records[0m [[0m[1m[34mstorage.local_storage[0m][0m [36mentity_name[0m=[35mOrder_Subtotals[0m [36mfile_path[0m=[35m./test_output/processed\Order_Subtotals_20250922_043725.json[0m [36mrecord_count[0m=[35m100[0m
2025-09-22 10:07:25,538 - storage.local_storage - INFO - store_raw_response:83 - [2m2025-09-22T04:37:25.538478Z[0m [[32m[1minfo     [0m] [1mSuccessfully stored raw data  [0m [[0m[1m[34mstorage.local_storage[0m][0m [36mentity_name[0m=[35mOrder_Subtotals[0m [36mfile_path[0m=[35m./test_output/raw\Order_Subtotals\2025/09/22\04\Order_Subtotals_page_1.json[0m [36msize_bytes[0m=[35m7333[0m
2025-09-22 10:07:25,539 - httpcore.http11 - DEBUG - atrace:87 - send_request_headers.started request=<Request [b'GET']>
2025-09-22 10:07:25,540 - httpcore.http11 - DEBUG - atrace:87 - receive_response_headers.complete return_value=(b'HTTP/1.1', 200, b'OK', [(b'Content-Length', b'1161'), (b'Content-Type', b'application/json;odata.metadata=minimal;odata.streaming=true;IEEE754Compatible=false;charset=utf-8'), (b'Date', b'Mon, 22 Sep 2025 04:37:26 GMT'), (b'Server', b'Microsoft-IIS/10.0'), (b'Access-Control-Allow-Headers', b'Accept, Origin, Content-Type, MaxDataServiceVersion'), (b'Access-Control-Allow-Methods', b'GET'), (b'Access-Control-Allow-Origin', b'*'), (b'Access-Control-Expose-Headers', b'DataServiceVersion'), (b'Cache-Control', b'private'), (b'Content-Encoding', b'gzip'), (b'Expires', b'Mon, 22 Sep 2025 04:38:27 GMT'), (b'Vary', b'*'), (b'X-Content-Type-Options', b'nosniff'), (b'OData-Version', b'4.0;'), (b'X-AspNet-Version', b'4.0.30319'), (b'X-Powered-By', b'ASP.NET')])
2025-09-22 10:07:25,541 - httpx - INFO - _send_single_request:1740 - HTTP Request: GET https://services.odata.org/V4/Northwind/Northwind.svc/Order_Subtotals?%24skip=500&%24top=500 "HTTP/1.1 200 OK"
2025-09-22 10:07:25,541 - httpcore.http11 - DEBUG - atrace:87 - receive_response_body.started request=<Request [b'GET']>
2025-09-22 10:07:25,542 - httpcore.http11 - DEBUG - atrace:87 - receive_response_body.complete
2025-09-22 10:07:25,542 - httpcore.http11 - DEBUG - atrace:87 - response_closed.started
2025-09-22 10:07:25,542 - httpcore.http11 - DEBUG - atrace:87 - send_request_headers.complete
2025-09-22 10:07:25,542 - httpcore.http11 - DEBUG - atrace:87 - send_request_body.started request=<Request [b'GET']>
2025-09-22 10:07:25,542 - httpcore.http11 - DEBUG - atrace:87 - send_request_body.complete
2025-09-22 10:07:25,542 - httpcore.http11 - DEBUG - atrace:87 - receive_response_headers.started request=<Request [b'GET']>
2025-09-22 10:07:25,542 - httpcore.http11 - DEBUG - atrace:87 - response_closed.complete
2025-09-22 10:07:25,543 - workers.proxy_pool - INFO - _make_http_request:162 - [2m2025-09-22T04:37:25.543225Z[0m [[32m[1minfo     [0m] [1m📊 Worker successfully fetched data[0m [[0m[1m[34mworkers.proxy_pool[0m][0m [36mcommand_id[0m=[35mOrder_Subtotals_page_2[0m [36mentity[0m=[35mOrder_Subtotals[0m [36mhas_next_page[0m=[35mTrue[0m [36mrecords_in_response[0m=[35m100[0m [36mworker_id[0m=[35mworker_0[0m
2025-09-22 10:07:25,543 - workers.proxy_pool - INFO - execute_command:85 - [2m2025-09-22T04:37:25.543842Z[0m [[32m[1minfo     [0m] [1m✅ Worker completed command successfully[0m [[0m[1m[34mworkers.proxy_pool[0m][0m [36mcommand_id[0m=[35mOrder_Subtotals_page_2[0m [36mentity[0m=[35mOrder_Subtotals[0m [36mexecution_time_seconds[0m=[35m0.3[0m [36mhas_next_page[0m=[35mTrue[0m [36mrecords_fetched[0m=[35m100[0m [36mworker_id[0m=[35mworker_0[0m
2025-09-22 10:07:25,545 - workers.proxy_pool - INFO - _worker_loop:363 - [2m2025-09-22T04:37:25.544930Z[0m [[32m[1minfo     [0m] [1m📋 Worker picked up command from queue[0m [[0m[1m[34mworkers.proxy_pool[0m][0m [36mcommand_id[0m=[35mSummary_of_Sales_by_Years_page_next_500[0m [36mentity[0m=[35mSummary_of_Sales_by_Years[0m [36mqueue_size_after_pickup[0m=[35m13[0m [36mworker_id[0m=[35mworker_0[0m [36mworker_status[0m=[35mPROCESSING[0m
2025-09-22 10:07:25,546 - workers.proxy_pool - INFO - execute_command:51 - [2m2025-09-22T04:37:25.546026Z[0m [[32m[1minfo     [0m] [1m🚀 Worker starting command execution[0m [[0m[1m[34mworkers.proxy_pool[0m][0m [36mcommand_id[0m=[35mSummary_of_Sales_by_Years_page_next_500[0m [36mcommand_type[0m=[35mfetch_page[0m [36mentity[0m=[35mSummary_of_Sales_by_Years[0m [36mpriority[0m=[35m1[0m [36mretry_count[0m=[35m0[0m [36mskip[0m=[35m500[0m [36mtop[0m=[35m500[0m [36mworker_id[0m=[35mworker_0[0m
2025-09-22 10:07:25,547 - workers.proxy_pool - INFO - execute_command:74 - [2m2025-09-22T04:37:25.547200Z[0m [[32m[1minfo     [0m] [1m🔄 Worker executing request with resilience patterns[0m [[0m[1m[34mworkers.proxy_pool[0m][0m [36mcircuit_breaker_state[0m=[35mclosed[0m [36mcommand_id[0m=[35mSummary_of_Sales_by_Years_page_next_500[0m [36mworker_id[0m=[35mworker_0[0m
2025-09-22 10:07:25,549 - storage.transformer - INFO - transform_odata_response:96 - [2m2025-09-22T04:37:25.549146Z[0m [[32m[1minfo     [0m] [1mTransformation completed      [0m [[0m[1m[34mstorage.transformer[0m][0m [36mentity_name[0m=[35mOrder_Subtotals[0m [36minput_records[0m=[35m100[0m [36moutput_records[0m=[35m100[0m
2025-09-22 10:07:25,549 - storage.local_storage - INFO - store_processed_records:131 - [2m2025-09-22T04:37:25.549715Z[0m [[32m[1minfo     [0m] [1mStoring processed records     [0m [[0m[1m[34mstorage.local_storage[0m][0m [36mentity_name[0m=[35mOrder_Subtotals[0m [36mformat[0m=[35mjson[0m [36mrecord_count[0m=[35m100[0m
2025-09-22 10:07:25,551 - storage.local_storage - INFO - store_processed_records:142 - [2m2025-09-22T04:37:25.551630Z[0m [[32m[1minfo     [0m] [1mSuccessfully stored processed records[0m [[0m[1m[34mstorage.local_storage[0m][0m [36mentity_name[0m=[35mOrder_Subtotals[0m [36mfile_path[0m=[35m./test_output/processed\Order_Subtotals_20250922_043725.json[0m [36mrecord_count[0m=[35m100[0m
2025-09-22 10:07:25,553 - storage.local_storage - INFO - store_raw_response:83 - [2m2025-09-22T04:37:25.553611Z[0m [[32m[1minfo     [0m] [1mSuccessfully stored raw data  [0m [[0m[1m[34mstorage.local_storage[0m][0m [36mentity_name[0m=[35mOrder_Subtotals[0m [36mfile_path[0m=[35m./test_output/raw\Order_Subtotals\2025/09/22\04\Order_Subtotals_page_2.json[0m [36msize_bytes[0m=[35m7342[0m
2025-09-22 10:07:25,554 - httpcore.http11 - DEBUG - atrace:87 - send_request_headers.started request=<Request [b'GET']>
2025-09-22 10:07:25,555 - httpcore.http11 - DEBUG - atrace:87 - send_request_headers.complete
2025-09-22 10:07:25,555 - httpcore.http11 - DEBUG - atrace:87 - send_request_body.started request=<Request [b'GET']>
2025-09-22 10:07:25,555 - httpcore.http11 - DEBUG - atrace:87 - send_request_body.complete
2025-09-22 10:07:25,555 - httpcore.http11 - DEBUG - atrace:87 - receive_response_headers.started request=<Request [b'GET']>
2025-09-22 10:07:25,571 - httpcore.http11 - DEBUG - atrace:87 - receive_response_headers.complete return_value=(b'HTTP/1.1', 200, b'OK', [(b'Content-Type', b'application/json;odata.metadata=minimal;odata.streaming=true;IEEE754Compatible=false;charset=utf-8'), (b'Date', b'Mon, 22 Sep 2025 04:37:26 GMT'), (b'Server', b'Microsoft-IIS/10.0'), (b'Access-Control-Allow-Headers', b'Accept, Origin, Content-Type, MaxDataServiceVersion'), (b'Access-Control-Allow-Methods', b'GET'), (b'Access-Control-Allow-Origin', b'*'), (b'Access-Control-Expose-Headers', b'DataServiceVersion'), (b'Cache-Control', b'private'), (b'Content-Encoding', b'gzip'), (b'Expires', b'Mon, 22 Sep 2025 04:38:27 GMT'), (b'Transfer-Encoding', b'chunked'), (b'Vary', b'*'), (b'X-Content-Type-Options', b'nosniff'), (b'OData-Version', b'4.0;'), (b'X-AspNet-Version', b'4.0.30319'), (b'X-Powered-By', b'ASP.NET')])
2025-09-22 10:07:25,571 - httpx - INFO - _send_single_request:1740 - HTTP Request: GET https://services.odata.org/V4/Northwind/Northwind.svc/Categories?%24skip=0&%24top=500 "HTTP/1.1 200 OK"
2025-09-22 10:07:25,574 - httpcore.http11 - DEBUG - atrace:87 - receive_response_body.started request=<Request [b'GET']>
2025-09-22 10:07:25,821 - httpcore.http11 - DEBUG - atrace:87 - receive_response_body.complete
2025-09-22 10:07:25,821 - httpcore.http11 - DEBUG - atrace:87 - response_closed.started
2025-09-22 10:07:25,821 - httpcore.http11 - DEBUG - atrace:87 - receive_response_headers.complete return_value=(b'HTTP/1.1', 200, b'OK', [(b'Content-Length', b'203'), (b'Content-Type', b'application/json;odata.metadata=minimal;odata.streaming=true;IEEE754Compatible=false;charset=utf-8'), (b'Date', b'Mon, 22 Sep 2025 04:37:27 GMT'), (b'Server', b'Microsoft-IIS/10.0'), (b'Access-Control-Allow-Headers', b'Accept, Origin, Content-Type, MaxDataServiceVersion'), (b'Access-Control-Allow-Methods', b'GET'), (b'Access-Control-Allow-Origin', b'*'), (b'Access-Control-Expose-Headers', b'DataServiceVersion'), (b'Cache-Control', b'private'), (b'Content-Encoding', b'gzip'), (b'Expires', b'Mon, 22 Sep 2025 04:38:27 GMT'), (b'Vary', b'*'), (b'X-Content-Type-Options', b'nosniff'), (b'OData-Version', b'4.0;'), (b'X-AspNet-Version', b'4.0.30319'), (b'X-Powered-By', b'ASP.NET')])
2025-09-22 10:07:25,821 - httpx - INFO - _send_single_request:1740 - HTTP Request: GET https://services.odata.org/V4/Northwind/Northwind.svc/Orders?%24skip=1000&%24top=500 "HTTP/1.1 200 OK"
2025-09-22 10:07:25,821 - httpcore.http11 - DEBUG - atrace:87 - receive_response_body.started request=<Request [b'GET']>
2025-09-22 10:07:25,821 - httpcore.http11 - DEBUG - atrace:87 - receive_response_body.complete
2025-09-22 10:07:25,821 - httpcore.http11 - DEBUG - atrace:87 - response_closed.started
2025-09-22 10:07:25,821 - httpcore.http11 - DEBUG - atrace:87 - receive_response_headers.complete return_value=(b'HTTP/1.1', 200, b'OK', [(b'Content-Length', b'1593'), (b'Content-Type', b'application/json;odata.metadata=minimal;odata.streaming=true;IEEE754Compatible=false;charset=utf-8'), (b'Date', b'Mon, 22 Sep 2025 04:37:27 GMT'), (b'Server', b'Microsoft-IIS/10.0'), (b'Access-Control-Allow-Headers', b'Accept, Origin, Content-Type, MaxDataServiceVersion'), (b'Access-Control-Allow-Methods', b'GET'), (b'Access-Control-Allow-Origin', b'*'), (b'Access-Control-Expose-Headers', b'DataServiceVersion'), (b'Cache-Control', b'private'), (b'Content-Encoding', b'gzip'), (b'Expires', b'Mon, 22 Sep 2025 04:38:21 GMT'), (b'Vary', b'*'), (b'X-Content-Type-Options', b'nosniff'), (b'OData-Version', b'4.0;'), (b'X-AspNet-Version', b'4.0.30319'), (b'X-Powered-By', b'ASP.NET')])
2025-09-22 10:07:25,821 - httpx - INFO - _send_single_request:1740 - HTTP Request: GET https://services.odata.org/V4/Northwind/Northwind.svc/Summary_of_Sales_by_Years?%24skip=500&%24top=500 "HTTP/1.1 200 OK"
2025-09-22 10:07:25,824 - httpcore.http11 - DEBUG - atrace:87 - receive_response_body.started request=<Request [b'GET']>
2025-09-22 10:07:25,824 - httpcore.http11 - DEBUG - atrace:87 - receive_response_body.complete
2025-09-22 10:07:25,824 - httpcore.http11 - DEBUG - atrace:87 - response_closed.started
2025-09-22 10:07:25,824 - httpcore.http11 - DEBUG - atrace:87 - response_closed.complete
2025-09-22 10:07:25,824 - workers.proxy_pool - INFO - _make_http_request:162 - [2m2025-09-22T04:37:25.824942Z[0m [[32m[1minfo     [0m] [1m📊 Worker successfully fetched data[0m [[0m[1m[34mworkers.proxy_pool[0m][0m [36mcommand_id[0m=[35mCategories_page_1[0m [36mentity[0m=[35mCategories[0m [36mhas_next_page[0m=[35mFalse[0m [36mrecords_in_response[0m=[35m8[0m [36mworker_id[0m=[35mworker_2[0m
2025-09-22 10:07:25,824 - workers.proxy_pool - INFO - execute_command:85 - [2m2025-09-22T04:37:25.824942Z[0m [[32m[1minfo     [0m] [1m✅ Worker completed command successfully[0m [[0m[1m[34mworkers.proxy_pool[0m][0m [36mcommand_id[0m=[35mCategories_page_1[0m [36mentity[0m=[35mCategories[0m [36mexecution_time_seconds[0m=[35m0.53[0m [36mhas_next_page[0m=[35mFalse[0m [36mrecords_fetched[0m=[35m8[0m [36mworker_id[0m=[35mworker_2[0m
2025-09-22 10:07:25,824 - workers.proxy_pool - INFO - _worker_loop:363 - [2m2025-09-22T04:37:25.824942Z[0m [[32m[1minfo     [0m] [1m📋 Worker picked up command from queue[0m [[0m[1m[34mworkers.proxy_pool[0m][0m [36mcommand_id[0m=[35mOrders_page_next_500[0m [36mentity[0m=[35mOrders[0m [36mqueue_size_after_pickup[0m=[35m13[0m [36mworker_id[0m=[35mworker_2[0m [36mworker_status[0m=[35mPROCESSING[0m
2025-09-22 10:07:25,824 - workers.proxy_pool - INFO - execute_command:51 - [2m2025-09-22T04:37:25.824942Z[0m [[32m[1minfo     [0m] [1m🚀 Worker starting command execution[0m [[0m[1m[34mworkers.proxy_pool[0m][0m [36mcommand_id[0m=[35mOrders_page_next_500[0m [36mcommand_type[0m=[35mfetch_page[0m [36mentity[0m=[35mOrders[0m [36mpriority[0m=[35m1[0m [36mretry_count[0m=[35m0[0m [36mskip[0m=[35m500[0m [36mtop[0m=[35m500[0m [36mworker_id[0m=[35mworker_2[0m
2025-09-22 10:07:25,824 - workers.proxy_pool - INFO - execute_command:74 - [2m2025-09-22T04:37:25.824942Z[0m [[32m[1minfo     [0m] [1m🔄 Worker executing request with resilience patterns[0m [[0m[1m[34mworkers.proxy_pool[0m][0m [36mcircuit_breaker_state[0m=[35mclosed[0m [36mcommand_id[0m=[35mOrders_page_next_500[0m [36mworker_id[0m=[35mworker_2[0m
2025-09-22 10:07:25,824 - httpcore.http11 - DEBUG - atrace:87 - response_closed.complete
2025-09-22 10:07:25,824 - workers.proxy_pool - INFO - _make_http_request:162 - [2m2025-09-22T04:37:25.824942Z[0m [[32m[1minfo     [0m] [1m📊 Worker successfully fetched data[0m [[0m[1m[34mworkers.proxy_pool[0m][0m [36mcommand_id[0m=[35mOrders_page_next_1000[0m [36mentity[0m=[35mOrders[0m [36mhas_next_page[0m=[35mFalse[0m [36mrecords_in_response[0m=[35m0[0m [36mworker_id[0m=[35mworker_1[0m
2025-09-22 10:07:25,824 - workers.proxy_pool - INFO - execute_command:85 - [2m2025-09-22T04:37:25.824942Z[0m [[32m[1minfo     [0m] [1m✅ Worker completed command successfully[0m [[0m[1m[34mworkers.proxy_pool[0m][0m [36mcommand_id[0m=[35mOrders_page_next_1000[0m [36mentity[0m=[35mOrders[0m [36mexecution_time_seconds[0m=[35m0.31[0m [36mhas_next_page[0m=[35mFalse[0m [36mrecords_fetched[0m=[35m0[0m [36mworker_id[0m=[35mworker_1[0m
2025-09-22 10:07:25,824 - workers.proxy_pool - INFO - _worker_loop:363 - [2m2025-09-22T04:37:25.824942Z[0m [[32m[1minfo     [0m] [1m📋 Worker picked up command from queue[0m [[0m[1m[34mworkers.proxy_pool[0m][0m [36mcommand_id[0m=[35mSummary_of_Sales_by_Years_page_next_1000[0m [36mentity[0m=[35mSummary_of_Sales_by_Years[0m [36mqueue_size_after_pickup[0m=[35m12[0m [36mworker_id[0m=[35mworker_1[0m [36mworker_status[0m=[35mPROCESSING[0m
2025-09-22 10:07:25,830 - workers.proxy_pool - INFO - execute_command:51 - [2m2025-09-22T04:37:25.824942Z[0m [[32m[1minfo     [0m] [1m🚀 Worker starting command execution[0m [[0m[1m[34mworkers.proxy_pool[0m][0m [36mcommand_id[0m=[35mSummary_of_Sales_by_Years_page_next_1000[0m [36mcommand_type[0m=[35mfetch_page[0m [36mentity[0m=[35mSummary_of_Sales_by_Years[0m [36mpriority[0m=[35m1[0m [36mretry_count[0m=[35m0[0m [36mskip[0m=[35m1000[0m [36mtop[0m=[35m500[0m [36mworker_id[0m=[35mworker_1[0m
2025-09-22 10:07:25,830 - workers.proxy_pool - INFO - execute_command:74 - [2m2025-09-22T04:37:25.830079Z[0m [[32m[1minfo     [0m] [1m🔄 Worker executing request with resilience patterns[0m [[0m[1m[34mworkers.proxy_pool[0m][0m [36mcircuit_breaker_state[0m=[35mclosed[0m [36mcommand_id[0m=[35mSummary_of_Sales_by_Years_page_next_1000[0m [36mworker_id[0m=[35mworker_1[0m
2025-09-22 10:07:25,830 - httpcore.http11 - DEBUG - atrace:87 - response_closed.complete
2025-09-22 10:07:25,831 - workers.proxy_pool - INFO - _make_http_request:162 - [2m2025-09-22T04:37:25.831413Z[0m [[32m[1minfo     [0m] [1m📊 Worker successfully fetched data[0m [[0m[1m[34mworkers.proxy_pool[0m][0m [36mcommand_id[0m=[35mSummary_of_Sales_by_Years_page_next_500[0m [36mentity[0m=[35mSummary_of_Sales_by_Years[0m [36mhas_next_page[0m=[35mTrue[0m [36mrecords_in_response[0m=[35m100[0m [36mworker_id[0m=[35mworker_0[0m
2025-09-22 10:07:25,832 - workers.proxy_pool - INFO - execute_command:85 - [2m2025-09-22T04:37:25.832207Z[0m [[32m[1minfo     [0m] [1m✅ Worker completed command successfully[0m [[0m[1m[34mworkers.proxy_pool[0m][0m [36mcommand_id[0m=[35mSummary_of_Sales_by_Years_page_next_500[0m [36mentity[0m=[35mSummary_of_Sales_by_Years[0m [36mexecution_time_seconds[0m=[35m0.28[0m [36mhas_next_page[0m=[35mTrue[0m [36mrecords_fetched[0m=[35m100[0m [36mworker_id[0m=[35mworker_0[0m
2025-09-22 10:07:25,832 - workers.proxy_pool - INFO - _worker_loop:363 - [2m2025-09-22T04:37:25.832750Z[0m [[32m[1minfo     [0m] [1m📋 Worker picked up command from queue[0m [[0m[1m[34mworkers.proxy_pool[0m][0m [36mcommand_id[0m=[35mCustomer_and_Suppliers_by_Cities_page_next_500[0m [36mentity[0m=[35mCustomer_and_Suppliers_by_Cities[0m [36mqueue_size_after_pickup[0m=[35m11[0m [36mworker_id[0m=[35mworker_0[0m [36mworker_status[0m=[35mPROCESSING[0m
2025-09-22 10:07:25,832 - workers.proxy_pool - INFO - execute_command:51 - [2m2025-09-22T04:37:25.832750Z[0m [[32m[1minfo     [0m] [1m🚀 Worker starting command execution[0m [[0m[1m[34mworkers.proxy_pool[0m][0m [36mcommand_id[0m=[35mCustomer_and_Suppliers_by_Cities_page_next_500[0m [36mcommand_type[0m=[35mfetch_page[0m [36mentity[0m=[35mCustomer_and_Suppliers_by_Cities[0m [36mpriority[0m=[35m1[0m [36mretry_count[0m=[35m0[0m [36mskip[0m=[35m500[0m [36mtop[0m=[35m500[0m [36mworker_id[0m=[35mworker_0[0m
2025-09-22 10:07:25,832 - workers.proxy_pool - INFO - execute_command:74 - [2m2025-09-22T04:37:25.832750Z[0m [[32m[1minfo     [0m] [1m🔄 Worker executing request with resilience patterns[0m [[0m[1m[34mworkers.proxy_pool[0m][0m [36mcircuit_breaker_state[0m=[35mclosed[0m [36mcommand_id[0m=[35mCustomer_and_Suppliers_by_Cities_page_next_500[0m [36mworker_id[0m=[35mworker_0[0m
2025-09-22 10:07:25,832 - storage.transformer - INFO - transform_odata_response:96 - [2m2025-09-22T04:37:25.832750Z[0m [[32m[1minfo     [0m] [1mTransformation completed      [0m [[0m[1m[34mstorage.transformer[0m][0m [36mentity_name[0m=[35mCategories[0m [36minput_records[0m=[35m8[0m [36moutput_records[0m=[35m8[0m
2025-09-22 10:07:25,832 - storage.local_storage - INFO - store_processed_records:131 - [2m2025-09-22T04:37:25.832750Z[0m [[32m[1minfo     [0m] [1mStoring processed records     [0m [[0m[1m[34mstorage.local_storage[0m][0m [36mentity_name[0m=[35mCategories[0m [36mformat[0m=[35mjson[0m [36mrecord_count[0m=[35m8[0m
2025-09-22 10:07:25,837 - storage.local_storage - INFO - store_processed_records:142 - [2m2025-09-22T04:37:25.837405Z[0m [[32m[1minfo     [0m] [1mSuccessfully stored processed records[0m [[0m[1m[34mstorage.local_storage[0m][0m [36mentity_name[0m=[35mCategories[0m [36mfile_path[0m=[35m./test_output/processed\Categories_20250922_043725.json[0m [36mrecord_count[0m=[35m8[0m
2025-09-22 10:07:25,841 - storage.local_storage - INFO - store_raw_response:83 - [2m2025-09-22T04:37:25.841313Z[0m [[32m[1minfo     [0m] [1mSuccessfully stored raw data  [0m [[0m[1m[34mstorage.local_storage[0m][0m [36mentity_name[0m=[35mCategories[0m [36mfile_path[0m=[35m./test_output/raw\Categories\2025/09/22\04\Categories_page_1.json[0m [36msize_bytes[0m=[35m116177[0m
2025-09-22 10:07:25,842 - storage.transformer - WARNING - transform_odata_response:67 - [2m2025-09-22T04:37:25.842822Z[0m [[33m[1mwarning  [0m] [1mNo records found in response  [0m [[0m[1m[34mstorage.transformer[0m][0m [36mentity_name[0m=[35mOrders[0m
2025-09-22 10:07:25,844 - storage.transformer - INFO - transform_odata_response:96 - [2m2025-09-22T04:37:25.844040Z[0m [[32m[1minfo     [0m] [1mTransformation completed      [0m [[0m[1m[34mstorage.transformer[0m][0m [36mentity_name[0m=[35mSummary_of_Sales_by_Years[0m [36minput_records[0m=[35m100[0m [36moutput_records[0m=[35m100[0m
2025-09-22 10:07:25,845 - storage.local_storage - INFO - store_processed_records:131 - [2m2025-09-22T04:37:25.844040Z[0m [[32m[1minfo     [0m] [1mStoring processed records     [0m [[0m[1m[34mstorage.local_storage[0m][0m [36mentity_name[0m=[35mSummary_of_Sales_by_Years[0m [36mformat[0m=[35mjson[0m [36mrecord_count[0m=[35m100[0m
2025-09-22 10:07:25,848 - storage.local_storage - INFO - store_processed_records:142 - [2m2025-09-22T04:37:25.848288Z[0m [[32m[1minfo     [0m] [1mSuccessfully stored processed records[0m [[0m[1m[34mstorage.local_storage[0m][0m [36mentity_name[0m=[35mSummary_of_Sales_by_Years[0m [36mfile_path[0m=[35m./test_output/processed\Summary_of_Sales_by_Years_20250922_043725.json[0m [36mrecord_count[0m=[35m100[0m
2025-09-22 10:07:25,848 - storage.local_storage - INFO - store_raw_response:83 - [2m2025-09-22T04:37:25.848288Z[0m [[32m[1minfo     [0m] [1mSuccessfully stored raw data  [0m [[0m[1m[34mstorage.local_storage[0m][0m [36mentity_name[0m=[35mSummary_of_Sales_by_Years[0m [36mfile_path[0m=[35m./test_output/raw\Summary_of_Sales_by_Years\2025/09/22\04\Summary_of_Sales_by_Years_page_next_500.json[0m [36msize_bytes[0m=[35m12089[0m
2025-09-22 10:07:25,848 - httpcore.http11 - DEBUG - atrace:87 - send_request_headers.started request=<Request [b'GET']>
2025-09-22 10:07:25,848 - httpcore.http11 - DEBUG - atrace:87 - send_request_headers.started request=<Request [b'GET']>
2025-09-22 10:07:25,848 - httpcore.http11 - DEBUG - atrace:87 - send_request_headers.started request=<Request [b'GET']>
2025-09-22 10:07:25,848 - httpcore.http11 - DEBUG - atrace:87 - send_request_headers.complete
2025-09-22 10:07:25,848 - httpcore.http11 - DEBUG - atrace:87 - send_request_body.started request=<Request [b'GET']>
2025-09-22 10:07:25,848 - httpcore.http11 - DEBUG - atrace:87 - send_request_body.complete
2025-09-22 10:07:25,848 - httpcore.http11 - DEBUG - atrace:87 - receive_response_headers.started request=<Request [b'GET']>
2025-09-22 10:07:25,848 - httpcore.http11 - DEBUG - atrace:87 - send_request_headers.complete
2025-09-22 10:07:25,848 - httpcore.http11 - DEBUG - atrace:87 - send_request_body.started request=<Request [b'GET']>
2025-09-22 10:07:25,848 - httpcore.http11 - DEBUG - atrace:87 - send_request_body.complete
2025-09-22 10:07:25,848 - httpcore.http11 - DEBUG - atrace:87 - receive_response_headers.started request=<Request [b'GET']>
2025-09-22 10:07:25,848 - httpcore.http11 - DEBUG - atrace:87 - send_request_headers.complete
2025-09-22 10:07:25,848 - httpcore.http11 - DEBUG - atrace:87 - send_request_body.started request=<Request [b'GET']>
2025-09-22 10:07:25,848 - httpcore.http11 - DEBUG - atrace:87 - send_request_body.complete
2025-09-22 10:07:25,848 - httpcore.http11 - DEBUG - atrace:87 - receive_response_headers.started request=<Request [b'GET']>
2025-09-22 10:07:26,094 - httpcore.http11 - DEBUG - atrace:87 - receive_response_headers.complete return_value=(b'HTTP/1.1', 200, b'OK', [(b'Content-Length', b'18854'), (b'Content-Type', b'application/json;odata.metadata=minimal;odata.streaming=true;IEEE754Compatible=false;charset=utf-8'), (b'Date', b'Mon, 22 Sep 2025 04:37:27 GMT'), (b'Server', b'Microsoft-IIS/10.0'), (b'Access-Control-Allow-Headers', b'Accept, Origin, Content-Type, MaxDataServiceVersion'), (b'Access-Control-Allow-Methods', b'GET'), (b'Access-Control-Allow-Origin', b'*'), (b'Access-Control-Expose-Headers', b'DataServiceVersion'), (b'Cache-Control', b'private'), (b'Content-Encoding', b'gzip'), (b'Expires', b'Mon, 22 Sep 2025 04:38:20 GMT'), (b'Vary', b'*'), (b'X-Content-Type-Options', b'nosniff'), (b'OData-Version', b'4.0;'), (b'X-AspNet-Version', b'4.0.30319'), (b'X-Powered-By', b'ASP.NET')])
2025-09-22 10:07:26,094 - httpx - INFO - _send_single_request:1740 - HTTP Request: GET https://services.odata.org/V4/Northwind/Northwind.svc/Orders?%24skip=500&%24top=500 "HTTP/1.1 200 OK"
2025-09-22 10:07:26,095 - httpcore.http11 - DEBUG - atrace:87 - receive_response_body.started request=<Request [b'GET']>
2025-09-22 10:07:26,096 - httpcore.http11 - DEBUG - atrace:87 - receive_response_body.complete
2025-09-22 10:07:26,096 - httpcore.http11 - DEBUG - atrace:87 - response_closed.started
2025-09-22 10:07:26,097 - httpcore.http11 - DEBUG - atrace:87 - response_closed.complete
2025-09-22 10:07:26,098 - workers.proxy_pool - INFO - _make_http_request:162 - [2m2025-09-22T04:37:26.098373Z[0m [[32m[1minfo     [0m] [1m📊 Worker successfully fetched data[0m [[0m[1m[34mworkers.proxy_pool[0m][0m [36mcommand_id[0m=[35mOrders_page_next_500[0m [36mentity[0m=[35mOrders[0m [36mhas_next_page[0m=[35mTrue[0m [36mrecords_in_response[0m=[35m200[0m [36mworker_id[0m=[35mworker_2[0m
2025-09-22 10:07:26,099 - workers.proxy_pool - INFO - execute_command:85 - [2m2025-09-22T04:37:26.099518Z[0m [[32m[1minfo     [0m] [1m✅ Worker completed command successfully[0m [[0m[1m[34mworkers.proxy_pool[0m][0m [36mcommand_id[0m=[35mOrders_page_next_500[0m [36mentity[0m=[35mOrders[0m [36mexecution_time_seconds[0m=[35m0.27[0m [36mhas_next_page[0m=[35mTrue[0m [36mrecords_fetched[0m=[35m200[0m [36mworker_id[0m=[35mworker_2[0m
2025-09-22 10:07:26,101 - workers.proxy_pool - INFO - _worker_loop:363 - [2m2025-09-22T04:37:26.100725Z[0m [[32m[1minfo     [0m] [1m📋 Worker picked up command from queue[0m [[0m[1m[34mworkers.proxy_pool[0m][0m [36mcommand_id[0m=[35mCustomers_page_next_500[0m [36mentity[0m=[35mCustomers[0m [36mqueue_size_after_pickup[0m=[35m11[0m [36mworker_id[0m=[35mworker_2[0m [36mworker_status[0m=[35mPROCESSING[0m
2025-09-22 10:07:26,102 - workers.proxy_pool - INFO - execute_command:51 - [2m2025-09-22T04:37:26.102551Z[0m [[32m[1minfo     [0m] [1m🚀 Worker starting command execution[0m [[0m[1m[34mworkers.proxy_pool[0m][0m [36mcommand_id[0m=[35mCustomers_page_next_500[0m [36mcommand_type[0m=[35mfetch_page[0m [36mentity[0m=[35mCustomers[0m [36mpriority[0m=[35m1[0m [36mretry_count[0m=[35m0[0m [36mskip[0m=[35m500[0m [36mtop[0m=[35m500[0m [36mworker_id[0m=[35mworker_2[0m
2025-09-22 10:07:26,103 - workers.proxy_pool - INFO - execute_command:74 - [2m2025-09-22T04:37:26.103035Z[0m [[32m[1minfo     [0m] [1m🔄 Worker executing request with resilience patterns[0m [[0m[1m[34mworkers.proxy_pool[0m][0m [36mcircuit_breaker_state[0m=[35mclosed[0m [36mcommand_id[0m=[35mCustomers_page_next_500[0m [36mworker_id[0m=[35mworker_2[0m
2025-09-22 10:07:26,111 - storage.transformer - INFO - transform_odata_response:96 - [2m2025-09-22T04:37:26.111985Z[0m [[32m[1minfo     [0m] [1mTransformation completed      [0m [[0m[1m[34mstorage.transformer[0m][0m [36mentity_name[0m=[35mOrders[0m [36minput_records[0m=[35m200[0m [36moutput_records[0m=[35m200[0m
2025-09-22 10:07:26,113 - storage.local_storage - INFO - store_processed_records:131 - [2m2025-09-22T04:37:26.113044Z[0m [[32m[1minfo     [0m] [1mStoring processed records     [0m [[0m[1m[34mstorage.local_storage[0m][0m [36mentity_name[0m=[35mOrders[0m [36mformat[0m=[35mjson[0m [36mrecord_count[0m=[35m200[0m
2025-09-22 10:07:26,116 - storage.local_storage - INFO - store_processed_records:142 - [2m2025-09-22T04:37:26.116833Z[0m [[32m[1minfo     [0m] [1mSuccessfully stored processed records[0m [[0m[1m[34mstorage.local_storage[0m][0m [36mentity_name[0m=[35mOrders[0m [36mfile_path[0m=[35m./test_output/processed\Orders_20250922_043726.json[0m [36mrecord_count[0m=[35m200[0m
2025-09-22 10:07:26,121 - storage.local_storage - INFO - store_raw_response:83 - [2m2025-09-22T04:37:26.121660Z[0m [[32m[1minfo     [0m] [1mSuccessfully stored raw data  [0m [[0m[1m[34mstorage.local_storage[0m][0m [36mentity_name[0m=[35mOrders[0m [36mfile_path[0m=[35m./test_output/raw\Orders\2025/09/22\04\Orders_page_next_500.json[0m [36msize_bytes[0m=[35m109676[0m
2025-09-22 10:07:26,122 - httpcore.http11 - DEBUG - atrace:87 - send_request_headers.started request=<Request [b'GET']>
2025-09-22 10:07:26,122 - httpcore.http11 - DEBUG - atrace:87 - send_request_headers.complete
2025-09-22 10:07:26,123 - httpcore.http11 - DEBUG - atrace:87 - send_request_body.started request=<Request [b'GET']>
2025-09-22 10:07:26,123 - httpcore.http11 - DEBUG - atrace:87 - send_request_body.complete
2025-09-22 10:07:26,123 - httpcore.http11 - DEBUG - atrace:87 - receive_response_headers.started request=<Request [b'GET']>
2025-09-22 10:07:26,123 - httpcore.http11 - DEBUG - atrace:87 - receive_response_headers.complete return_value=(b'HTTP/1.1', 200, b'OK', [(b'Content-Length', b'224'), (b'Content-Type', b'application/json;odata.metadata=minimal;odata.streaming=true;IEEE754Compatible=false;charset=utf-8'), (b'Date', b'Mon, 22 Sep 2025 04:37:27 GMT'), (b'Server', b'Microsoft-IIS/10.0'), (b'Access-Control-Allow-Headers', b'Accept, Origin, Content-Type, MaxDataServiceVersion'), (b'Access-Control-Allow-Methods', b'GET'), (b'Access-Control-Allow-Origin', b'*'), (b'Access-Control-Expose-Headers', b'DataServiceVersion'), (b'Cache-Control', b'private'), (b'Content-Encoding', b'gzip'), (b'Expires', b'Mon, 22 Sep 2025 04:38:27 GMT'), (b'Vary', b'*'), (b'X-Content-Type-Options', b'nosniff'), (b'OData-Version', b'4.0;'), (b'X-AspNet-Version', b'4.0.30319'), (b'X-Powered-By', b'ASP.NET')])
2025-09-22 10:07:26,123 - httpx - INFO - _send_single_request:1740 - HTTP Request: GET https://services.odata.org/V4/Northwind/Northwind.svc/Summary_of_Sales_by_Years?%24skip=1000&%24top=500 "HTTP/1.1 200 OK"
2025-09-22 10:07:26,123 - httpcore.http11 - DEBUG - atrace:87 - receive_response_body.started request=<Request [b'GET']>
2025-09-22 10:07:26,125 - httpcore.http11 - DEBUG - atrace:87 - receive_response_body.complete
2025-09-22 10:07:26,125 - httpcore.http11 - DEBUG - atrace:87 - response_closed.started
2025-09-22 10:07:26,125 - httpcore.http11 - DEBUG - atrace:87 - response_closed.complete
2025-09-22 10:07:26,126 - workers.proxy_pool - INFO - _make_http_request:162 - [2m2025-09-22T04:37:26.125708Z[0m [[32m[1minfo     [0m] [1m📊 Worker successfully fetched data[0m [[0m[1m[34mworkers.proxy_pool[0m][0m [36mcommand_id[0m=[35mSummary_of_Sales_by_Years_page_next_1000[0m [36mentity[0m=[35mSummary_of_Sales_by_Years[0m [36mhas_next_page[0m=[35mFalse[0m [36mrecords_in_response[0m=[35m0[0m [36mworker_id[0m=[35mworker_1[0m
2025-09-22 10:07:26,126 - workers.proxy_pool - INFO - execute_command:85 - [2m2025-09-22T04:37:26.126863Z[0m [[32m[1minfo     [0m] [1m✅ Worker completed command successfully[0m [[0m[1m[34mworkers.proxy_pool[0m][0m [36mcommand_id[0m=[35mSummary_of_Sales_by_Years_page_next_1000[0m [36mentity[0m=[35mSummary_of_Sales_by_Years[0m [36mexecution_time_seconds[0m=[35m0.3[0m [36mhas_next_page[0m=[35mFalse[0m [36mrecords_fetched[0m=[35m0[0m [36mworker_id[0m=[35mworker_1[0m
2025-09-22 10:07:26,127 - workers.proxy_pool - INFO - _worker_loop:363 - [2m2025-09-22T04:37:26.127405Z[0m [[32m[1minfo     [0m] [1m📋 Worker picked up command from queue[0m [[0m[1m[34mworkers.proxy_pool[0m][0m [36mcommand_id[0m=[35mProducts_page_next_500[0m [36mentity[0m=[35mProducts[0m [36mqueue_size_after_pickup[0m=[35m11[0m [36mworker_id[0m=[35mworker_1[0m [36mworker_status[0m=[35mPROCESSING[0m
2025-09-22 10:07:26,127 - workers.proxy_pool - INFO - execute_command:51 - [2m2025-09-22T04:37:26.127979Z[0m [[32m[1minfo     [0m] [1m🚀 Worker starting command execution[0m [[0m[1m[34mworkers.proxy_pool[0m][0m [36mcommand_id[0m=[35mProducts_page_next_500[0m [36mcommand_type[0m=[35mfetch_page[0m [36mentity[0m=[35mProducts[0m [36mpriority[0m=[35m1[0m [36mretry_count[0m=[35m0[0m [36mskip[0m=[35m500[0m [36mtop[0m=[35m500[0m [36mworker_id[0m=[35mworker_1[0m
2025-09-22 10:07:26,130 - workers.proxy_pool - INFO - execute_command:74 - [2m2025-09-22T04:37:26.129256Z[0m [[32m[1minfo     [0m] [1m🔄 Worker executing request with resilience patterns[0m [[0m[1m[34mworkers.proxy_pool[0m][0m [36mcircuit_breaker_state[0m=[35mclosed[0m [36mcommand_id[0m=[35mProducts_page_next_500[0m [36mworker_id[0m=[35mworker_1[0m
2025-09-22 10:07:26,131 - storage.transformer - WARNING - transform_odata_response:67 - [2m2025-09-22T04:37:26.131078Z[0m [[33m[1mwarning  [0m] [1mNo records found in response  [0m [[0m[1m[34mstorage.transformer[0m][0m [36mentity_name[0m=[35mSummary_of_Sales_by_Years[0m
2025-09-22 10:07:26,131 - httpcore.http11 - DEBUG - atrace:87 - send_request_headers.started request=<Request [b'GET']>
2025-09-22 10:07:26,133 - httpcore.http11 - DEBUG - atrace:87 - send_request_headers.complete
2025-09-22 10:07:26,133 - httpcore.http11 - DEBUG - atrace:87 - send_request_body.started request=<Request [b'GET']>
2025-09-22 10:07:26,133 - httpcore.http11 - DEBUG - atrace:87 - send_request_body.complete
2025-09-22 10:07:26,133 - httpcore.http11 - DEBUG - atrace:87 - receive_response_headers.started request=<Request [b'GET']>
2025-09-22 10:07:26,439 - httpcore.http11 - DEBUG - atrace:87 - receive_response_headers.complete return_value=(b'HTTP/1.1', 200, b'OK', [(b'Content-Length', b'205'), (b'Content-Type', b'application/json;odata.metadata=minimal;odata.streaming=true;IEEE754Compatible=false;charset=utf-8'), (b'Date', b'Mon, 22 Sep 2025 04:37:27 GMT'), (b'Server', b'Microsoft-IIS/10.0'), (b'Access-Control-Allow-Headers', b'Accept, Origin, Content-Type, MaxDataServiceVersion'), (b'Access-Control-Allow-Methods', b'GET'), (b'Access-Control-Allow-Origin', b'*'), (b'Access-Control-Expose-Headers', b'DataServiceVersion'), (b'Cache-Control', b'private'), (b'Content-Encoding', b'gzip'), (b'Expires', b'Mon, 22 Sep 2025 04:38:28 GMT'), (b'Vary', b'*'), (b'X-Content-Type-Options', b'nosniff'), (b'OData-Version', b'4.0;'), (b'X-AspNet-Version', b'4.0.30319'), (b'X-Powered-By', b'ASP.NET')])
2025-09-22 10:07:26,442 - httpx - INFO - _send_single_request:1740 - HTTP Request: GET https://services.odata.org/V4/Northwind/Northwind.svc/Customers?%24skip=500&%24top=500 "HTTP/1.1 200 OK"
2025-09-22 10:07:26,443 - httpcore.http11 - DEBUG - atrace:87 - receive_response_body.started request=<Request [b'GET']>
2025-09-22 10:07:26,443 - httpcore.http11 - DEBUG - atrace:87 - receive_response_body.complete
2025-09-22 10:07:26,443 - httpcore.http11 - DEBUG - atrace:87 - response_closed.started
2025-09-22 10:07:26,443 - httpcore.http11 - DEBUG - atrace:87 - response_closed.complete
2025-09-22 10:07:26,443 - workers.proxy_pool - INFO - _make_http_request:162 - [2m2025-09-22T04:37:26.443168Z[0m [[32m[1minfo     [0m] [1m📊 Worker successfully fetched data[0m [[0m[1m[34mworkers.proxy_pool[0m][0m [36mcommand_id[0m=[35mCustomers_page_next_500[0m [36mentity[0m=[35mCustomers[0m [36mhas_next_page[0m=[35mFalse[0m [36mrecords_in_response[0m=[35m0[0m [36mworker_id[0m=[35mworker_2[0m
2025-09-22 10:07:26,443 - workers.proxy_pool - INFO - execute_command:85 - [2m2025-09-22T04:37:26.443168Z[0m [[32m[1minfo     [0m] [1m✅ Worker completed command successfully[0m [[0m[1m[34mworkers.proxy_pool[0m][0m [36mcommand_id[0m=[35mCustomers_page_next_500[0m [36mentity[0m=[35mCustomers[0m [36mexecution_time_seconds[0m=[35m0.34[0m [36mhas_next_page[0m=[35mFalse[0m [36mrecords_fetched[0m=[35m0[0m [36mworker_id[0m=[35mworker_2[0m
2025-09-22 10:07:26,445 - workers.proxy_pool - INFO - _worker_loop:363 - [2m2025-09-22T04:37:26.445925Z[0m [[32m[1minfo     [0m] [1m📋 Worker picked up command from queue[0m [[0m[1m[34mworkers.proxy_pool[0m][0m [36mcommand_id[0m=[35mOrders_Qries_page_next_500[0m [36mentity[0m=[35mOrders_Qries[0m [36mqueue_size_after_pickup[0m=[35m10[0m [36mworker_id[0m=[35mworker_2[0m [36mworker_status[0m=[35mPROCESSING[0m
2025-09-22 10:07:26,445 - workers.proxy_pool - INFO - execute_command:51 - [2m2025-09-22T04:37:26.445925Z[0m [[32m[1minfo     [0m] [1m🚀 Worker starting command execution[0m [[0m[1m[34mworkers.proxy_pool[0m][0m [36mcommand_id[0m=[35mOrders_Qries_page_next_500[0m [36mcommand_type[0m=[35mfetch_page[0m [36mentity[0m=[35mOrders_Qries[0m [36mpriority[0m=[35m1[0m [36mretry_count[0m=[35m0[0m [36mskip[0m=[35m500[0m [36mtop[0m=[35m500[0m [36mworker_id[0m=[35mworker_2[0m
2025-09-22 10:07:26,445 - workers.proxy_pool - INFO - execute_command:74 - [2m2025-09-22T04:37:26.445925Z[0m [[32m[1minfo     [0m] [1m🔄 Worker executing request with resilience patterns[0m [[0m[1m[34mworkers.proxy_pool[0m][0m [36mcircuit_breaker_state[0m=[35mclosed[0m [36mcommand_id[0m=[35mOrders_Qries_page_next_500[0m [36mworker_id[0m=[35mworker_2[0m
2025-09-22 10:07:26,445 - storage.transformer - WARNING - transform_odata_response:67 - [2m2025-09-22T04:37:26.445925Z[0m [[33m[1mwarning  [0m] [1mNo records found in response  [0m [[0m[1m[34mstorage.transformer[0m][0m [36mentity_name[0m=[35mCustomers[0m
2025-09-22 10:07:26,451 - httpcore.http11 - DEBUG - atrace:87 - send_request_headers.started request=<Request [b'GET']>
2025-09-22 10:07:26,451 - httpcore.http11 - DEBUG - atrace:87 - send_request_headers.complete
2025-09-22 10:07:26,451 - httpcore.http11 - DEBUG - atrace:87 - send_request_body.started request=<Request [b'GET']>
2025-09-22 10:07:26,451 - httpcore.http11 - DEBUG - atrace:87 - send_request_body.complete
2025-09-22 10:07:26,451 - httpcore.http11 - DEBUG - atrace:87 - receive_response_headers.started request=<Request [b'GET']>
2025-09-22 10:07:26,642 - httpcore.http11 - DEBUG - atrace:87 - receive_response_headers.complete return_value=(b'HTTP/1.1', 200, b'OK', [(b'Content-Length', b'228'), (b'Content-Type', b'application/json;odata.metadata=minimal;odata.streaming=true;IEEE754Compatible=false;charset=utf-8'), (b'Date', b'Mon, 22 Sep 2025 04:37:28 GMT'), (b'Server', b'Microsoft-IIS/10.0'), (b'Access-Control-Allow-Headers', b'Accept, Origin, Content-Type, MaxDataServiceVersion'), (b'Access-Control-Allow-Methods', b'GET'), (b'Access-Control-Allow-Origin', b'*'), (b'Access-Control-Expose-Headers', b'DataServiceVersion'), (b'Cache-Control', b'private'), (b'Content-Encoding', b'gzip'), (b'Expires', b'Mon, 22 Sep 2025 04:38:27 GMT'), (b'Vary', b'*'), (b'X-Content-Type-Options', b'nosniff'), (b'OData-Version', b'4.0;'), (b'X-AspNet-Version', b'4.0.30319'), (b'X-Powered-By', b'ASP.NET')])
2025-09-22 10:07:26,644 - httpx - INFO - _send_single_request:1740 - HTTP Request: GET https://services.odata.org/V4/Northwind/Northwind.svc/Customer_and_Suppliers_by_Cities?%24skip=500&%24top=500 "HTTP/1.1 200 OK"
2025-09-22 10:07:26,644 - httpcore.http11 - DEBUG - atrace:87 - receive_response_body.started request=<Request [b'GET']>
2025-09-22 10:07:26,645 - httpcore.http11 - DEBUG - atrace:87 - receive_response_body.complete
2025-09-22 10:07:26,645 - httpcore.http11 - DEBUG - atrace:87 - response_closed.started
2025-09-22 10:07:26,646 - httpcore.http11 - DEBUG - atrace:87 - response_closed.complete
2025-09-22 10:07:26,646 - workers.proxy_pool - INFO - _make_http_request:162 - [2m2025-09-22T04:37:26.646055Z[0m [[32m[1minfo     [0m] [1m📊 Worker successfully fetched data[0m [[0m[1m[34mworkers.proxy_pool[0m][0m [36mcommand_id[0m=[35mCustomer_and_Suppliers_by_Cities_page_next_500[0m [36mentity[0m=[35mCustomer_and_Suppliers_by_Cities[0m [36mhas_next_page[0m=[35mFalse[0m [36mrecords_in_response[0m=[35m0[0m [36mworker_id[0m=[35mworker_0[0m
2025-09-22 10:07:26,646 - workers.proxy_pool - INFO - execute_command:85 - [2m2025-09-22T04:37:26.646055Z[0m [[32m[1minfo     [0m] [1m✅ Worker completed command successfully[0m [[0m[1m[34mworkers.proxy_pool[0m][0m [36mcommand_id[0m=[35mCustomer_and_Suppliers_by_Cities_page_next_500[0m [36mentity[0m=[35mCustomer_and_Suppliers_by_Cities[0m [36mexecution_time_seconds[0m=[35m0.81[0m [36mhas_next_page[0m=[35mFalse[0m [36mrecords_fetched[0m=[35m0[0m [36mworker_id[0m=[35mworker_0[0m
2025-09-22 10:07:26,646 - workers.proxy_pool - INFO - _worker_loop:363 - [2m2025-09-22T04:37:26.646055Z[0m [[32m[1minfo     [0m] [1m📋 Worker picked up command from queue[0m [[0m[1m[34mworkers.proxy_pool[0m][0m [36mcommand_id[0m=[35mOrders_Qries_page_next_1000[0m [36mentity[0m=[35mOrders_Qries[0m [36mqueue_size_after_pickup[0m=[35m9[0m [36mworker_id[0m=[35mworker_0[0m [36mworker_status[0m=[35mPROCESSING[0m
2025-09-22 10:07:26,646 - workers.proxy_pool - INFO - execute_command:51 - [2m2025-09-22T04:37:26.646055Z[0m [[32m[1minfo     [0m] [1m🚀 Worker starting command execution[0m [[0m[1m[34mworkers.proxy_pool[0m][0m [36mcommand_id[0m=[35mOrders_Qries_page_next_1000[0m [36mcommand_type[0m=[35mfetch_page[0m [36mentity[0m=[35mOrders_Qries[0m [36mpriority[0m=[35m1[0m [36mretry_count[0m=[35m0[0m [36mskip[0m=[35m1000[0m [36mtop[0m=[35m500[0m [36mworker_id[0m=[35mworker_0[0m
2025-09-22 10:07:26,646 - workers.proxy_pool - INFO - execute_command:74 - [2m2025-09-22T04:37:26.646055Z[0m [[32m[1minfo     [0m] [1m🔄 Worker executing request with resilience patterns[0m [[0m[1m[34mworkers.proxy_pool[0m][0m [36mcircuit_breaker_state[0m=[35mclosed[0m [36mcommand_id[0m=[35mOrders_Qries_page_next_1000[0m [36mworker_id[0m=[35mworker_0[0m
2025-09-22 10:07:26,646 - storage.transformer - WARNING - transform_odata_response:67 - [2m2025-09-22T04:37:26.646055Z[0m [[33m[1mwarning  [0m] [1mNo records found in response  [0m [[0m[1m[34mstorage.transformer[0m][0m [36mentity_name[0m=[35mCustomer_and_Suppliers_by_Cities[0m
2025-09-22 10:07:26,650 - httpcore.http11 - DEBUG - atrace:87 - send_request_headers.started request=<Request [b'GET']>
2025-09-22 10:07:26,651 - httpcore.http11 - DEBUG - atrace:87 - send_request_headers.complete
2025-09-22 10:07:26,651 - httpcore.http11 - DEBUG - atrace:87 - send_request_body.started request=<Request [b'GET']>
2025-09-22 10:07:26,651 - httpcore.http11 - DEBUG - atrace:87 - send_request_body.complete
2025-09-22 10:07:26,651 - httpcore.http11 - DEBUG - atrace:87 - receive_response_headers.started request=<Request [b'GET']>
2025-09-22 10:07:26,681 - httpcore.http11 - DEBUG - atrace:87 - receive_response_headers.complete return_value=(b'HTTP/1.1', 200, b'OK', [(b'Content-Length', b'6594'), (b'Content-Type', b'application/json;odata.metadata=minimal;odata.streaming=true;IEEE754Compatible=false;charset=utf-8'), (b'Date', b'Mon, 22 Sep 2025 04:37:28 GMT'), (b'Server', b'Microsoft-IIS/10.0'), (b'Access-Control-Allow-Headers', b'Accept, Origin, Content-Type, MaxDataServiceVersion'), (b'Access-Control-Allow-Methods', b'GET'), (b'Access-Control-Allow-Origin', b'*'), (b'Access-Control-Expose-Headers', b'DataServiceVersion'), (b'Cache-Control', b'private'), (b'Content-Encoding', b'gzip'), (b'Expires', b'Mon, 22 Sep 2025 04:38:25 GMT'), (b'Vary', b'*'), (b'X-Content-Type-Options', b'nosniff'), (b'OData-Version', b'4.0;'), (b'X-AspNet-Version', b'4.0.30319'), (b'X-Powered-By', b'ASP.NET')])
2025-09-22 10:07:26,682 - httpx - INFO - _send_single_request:1740 - HTTP Request: GET https://services.odata.org/V4/Northwind/Northwind.svc/Orders_Qries?%24skip=500&%24top=500 "HTTP/1.1 200 OK"
2025-09-22 10:07:26,683 - httpcore.http11 - DEBUG - atrace:87 - receive_response_body.started request=<Request [b'GET']>
2025-09-22 10:07:26,684 - httpcore.http11 - DEBUG - atrace:87 - receive_response_body.complete
2025-09-22 10:07:26,684 - httpcore.http11 - DEBUG - atrace:87 - response_closed.started
2025-09-22 10:07:26,685 - httpcore.http11 - DEBUG - atrace:87 - response_closed.complete
2025-09-22 10:07:26,685 - workers.proxy_pool - INFO - _make_http_request:162 - [2m2025-09-22T04:37:26.685989Z[0m [[32m[1minfo     [0m] [1m📊 Worker successfully fetched data[0m [[0m[1m[34mworkers.proxy_pool[0m][0m [36mcommand_id[0m=[35mOrders_Qries_page_next_500[0m [36mentity[0m=[35mOrders_Qries[0m [36mhas_next_page[0m=[35mTrue[0m [36mrecords_in_response[0m=[35m100[0m [36mworker_id[0m=[35mworker_2[0m
2025-09-22 10:07:26,686 - workers.proxy_pool - INFO - execute_command:85 - [2m2025-09-22T04:37:26.686668Z[0m [[32m[1minfo     [0m] [1m✅ Worker completed command successfully[0m [[0m[1m[34mworkers.proxy_pool[0m][0m [36mcommand_id[0m=[35mOrders_Qries_page_next_500[0m [36mentity[0m=[35mOrders_Qries[0m [36mexecution_time_seconds[0m=[35m0.25[0m [36mhas_next_page[0m=[35mTrue[0m [36mrecords_fetched[0m=[35m100[0m [36mworker_id[0m=[35mworker_2[0m
2025-09-22 10:07:26,688 - workers.proxy_pool - INFO - _worker_loop:363 - [2m2025-09-22T04:37:26.687970Z[0m [[32m[1minfo     [0m] [1m📋 Worker picked up command from queue[0m [[0m[1m[34mworkers.proxy_pool[0m][0m [36mcommand_id[0m=[35mSummary_of_Sales_by_Quarters_page_next_500[0m [36mentity[0m=[35mSummary_of_Sales_by_Quarters[0m [36mqueue_size_after_pickup[0m=[35m8[0m [36mworker_id[0m=[35mworker_2[0m [36mworker_status[0m=[35mPROCESSING[0m
2025-09-22 10:07:26,689 - workers.proxy_pool - INFO - execute_command:51 - [2m2025-09-22T04:37:26.689601Z[0m [[32m[1minfo     [0m] [1m🚀 Worker starting command execution[0m [[0m[1m[34mworkers.proxy_pool[0m][0m [36mcommand_id[0m=[35mSummary_of_Sales_by_Quarters_page_next_500[0m [36mcommand_type[0m=[35mfetch_page[0m [36mentity[0m=[35mSummary_of_Sales_by_Quarters[0m [36mpriority[0m=[35m1[0m [36mretry_count[0m=[35m0[0m [36mskip[0m=[35m500[0m [36mtop[0m=[35m500[0m [36mworker_id[0m=[35mworker_2[0m
2025-09-22 10:07:26,690 - workers.proxy_pool - INFO - execute_command:74 - [2m2025-09-22T04:37:26.690208Z[0m [[32m[1minfo     [0m] [1m🔄 Worker executing request with resilience patterns[0m [[0m[1m[34mworkers.proxy_pool[0m][0m [36mcircuit_breaker_state[0m=[35mclosed[0m [36mcommand_id[0m=[35mSummary_of_Sales_by_Quarters_page_next_500[0m [36mworker_id[0m=[35mworker_2[0m
2025-09-22 10:07:26,697 - storage.transformer - INFO - transform_odata_response:96 - [2m2025-09-22T04:37:26.697119Z[0m [[32m[1minfo     [0m] [1mTransformation completed      [0m [[0m[1m[34mstorage.transformer[0m][0m [36mentity_name[0m=[35mOrders_Qries[0m [36minput_records[0m=[35m100[0m [36moutput_records[0m=[35m100[0m
2025-09-22 10:07:26,697 - storage.local_storage - INFO - store_processed_records:131 - [2m2025-09-22T04:37:26.697750Z[0m [[32m[1minfo     [0m] [1mStoring processed records     [0m [[0m[1m[34mstorage.local_storage[0m][0m [36mentity_name[0m=[35mOrders_Qries[0m [36mformat[0m=[35mjson[0m [36mrecord_count[0m=[35m100[0m
2025-09-22 10:07:26,700 - storage.local_storage - INFO - store_processed_records:142 - [2m2025-09-22T04:37:26.700997Z[0m [[32m[1minfo     [0m] [1mSuccessfully stored processed records[0m [[0m[1m[34mstorage.local_storage[0m][0m [36mentity_name[0m=[35mOrders_Qries[0m [36mfile_path[0m=[35m./test_output/processed\Orders_Qries_20250922_043726.json[0m [36mrecord_count[0m=[35m100[0m
2025-09-22 10:07:26,706 - storage.local_storage - INFO - store_raw_response:83 - [2m2025-09-22T04:37:26.706621Z[0m [[32m[1minfo     [0m] [1mSuccessfully stored raw data  [0m [[0m[1m[34mstorage.local_storage[0m][0m [36mentity_name[0m=[35mOrders_Qries[0m [36mfile_path[0m=[35m./test_output/raw\Orders_Qries\2025/09/22\04\Orders_Qries_page_next_500.json[0m [36msize_bytes[0m=[35m70522[0m
2025-09-22 10:07:26,707 - httpcore.http11 - DEBUG - atrace:87 - send_request_headers.started request=<Request [b'GET']>
2025-09-22 10:07:26,709 - httpcore.http11 - DEBUG - atrace:87 - send_request_headers.complete
2025-09-22 10:07:26,709 - httpcore.http11 - DEBUG - atrace:87 - send_request_body.started request=<Request [b'GET']>
2025-09-22 10:07:26,709 - httpcore.http11 - DEBUG - atrace:87 - send_request_body.complete
2025-09-22 10:07:26,709 - httpcore.http11 - DEBUG - atrace:87 - receive_response_headers.started request=<Request [b'GET']>
2025-09-22 10:07:26,912 - httpcore.http11 - DEBUG - atrace:87 - receive_response_headers.complete return_value=(b'HTTP/1.1', 200, b'OK', [(b'Content-Length', b'209'), (b'Content-Type', b'application/json;odata.metadata=minimal;odata.streaming=true;IEEE754Compatible=false;charset=utf-8'), (b'Date', b'Mon, 22 Sep 2025 04:37:28 GMT'), (b'Server', b'Microsoft-IIS/10.0'), (b'Access-Control-Allow-Headers', b'Accept, Origin, Content-Type, MaxDataServiceVersion'), (b'Access-Control-Allow-Methods', b'GET'), (b'Access-Control-Allow-Origin', b'*'), (b'Access-Control-Expose-Headers', b'DataServiceVersion'), (b'Cache-Control', b'private'), (b'Content-Encoding', b'gzip'), (b'Expires', b'Mon, 22 Sep 2025 04:38:28 GMT'), (b'Vary', b'*'), (b'X-Content-Type-Options', b'nosniff'), (b'OData-Version', b'4.0;'), (b'X-AspNet-Version', b'4.0.30319'), (b'X-Powered-By', b'ASP.NET')])
2025-09-22 10:07:26,912 - httpx - INFO - _send_single_request:1740 - HTTP Request: GET https://services.odata.org/V4/Northwind/Northwind.svc/Orders_Qries?%24skip=1000&%24top=500 "HTTP/1.1 200 OK"
2025-09-22 10:07:26,912 - httpcore.http11 - DEBUG - atrace:87 - receive_response_body.started request=<Request [b'GET']>
2025-09-22 10:07:26,912 - httpcore.http11 - DEBUG - atrace:87 - receive_response_body.complete
2025-09-22 10:07:26,912 - httpcore.http11 - DEBUG - atrace:87 - response_closed.started
2025-09-22 10:07:26,912 - httpcore.http11 - DEBUG - atrace:87 - response_closed.complete
2025-09-22 10:07:26,912 - workers.proxy_pool - INFO - _make_http_request:162 - [2m2025-09-22T04:37:26.912312Z[0m [[32m[1minfo     [0m] [1m📊 Worker successfully fetched data[0m [[0m[1m[34mworkers.proxy_pool[0m][0m [36mcommand_id[0m=[35mOrders_Qries_page_next_1000[0m [36mentity[0m=[35mOrders_Qries[0m [36mhas_next_page[0m=[35mFalse[0m [36mrecords_in_response[0m=[35m0[0m [36mworker_id[0m=[35mworker_0[0m
2025-09-22 10:07:26,912 - workers.proxy_pool - INFO - execute_command:85 - [2m2025-09-22T04:37:26.912312Z[0m [[32m[1minfo     [0m] [1m✅ Worker completed command successfully[0m [[0m[1m[34mworkers.proxy_pool[0m][0m [36mcommand_id[0m=[35mOrders_Qries_page_next_1000[0m [36mentity[0m=[35mOrders_Qries[0m [36mexecution_time_seconds[0m=[35m0.27[0m [36mhas_next_page[0m=[35mFalse[0m [36mrecords_fetched[0m=[35m0[0m [36mworker_id[0m=[35mworker_0[0m
2025-09-22 10:07:26,912 - workers.proxy_pool - INFO - _worker_loop:363 - [2m2025-09-22T04:37:26.912312Z[0m [[32m[1minfo     [0m] [1m📋 Worker picked up command from queue[0m [[0m[1m[34mworkers.proxy_pool[0m][0m [36mcommand_id[0m=[35mSummary_of_Sales_by_Quarters_page_next_1000[0m [36mentity[0m=[35mSummary_of_Sales_by_Quarters[0m [36mqueue_size_after_pickup[0m=[35m8[0m [36mworker_id[0m=[35mworker_0[0m [36mworker_status[0m=[35mPROCESSING[0m
2025-09-22 10:07:26,912 - workers.proxy_pool - INFO - execute_command:51 - [2m2025-09-22T04:37:26.912312Z[0m [[32m[1minfo     [0m] [1m🚀 Worker starting command execution[0m [[0m[1m[34mworkers.proxy_pool[0m][0m [36mcommand_id[0m=[35mSummary_of_Sales_by_Quarters_page_next_1000[0m [36mcommand_type[0m=[35mfetch_page[0m [36mentity[0m=[35mSummary_of_Sales_by_Quarters[0m [36mpriority[0m=[35m1[0m [36mretry_count[0m=[35m0[0m [36mskip[0m=[35m1000[0m [36mtop[0m=[35m500[0m [36mworker_id[0m=[35mworker_0[0m
2025-09-22 10:07:26,912 - workers.proxy_pool - INFO - execute_command:74 - [2m2025-09-22T04:37:26.912312Z[0m [[32m[1minfo     [0m] [1m🔄 Worker executing request with resilience patterns[0m [[0m[1m[34mworkers.proxy_pool[0m][0m [36mcircuit_breaker_state[0m=[35mclosed[0m [36mcommand_id[0m=[35mSummary_of_Sales_by_Quarters_page_next_1000[0m [36mworker_id[0m=[35mworker_0[0m
2025-09-22 10:07:26,912 - storage.transformer - WARNING - transform_odata_response:67 - [2m2025-09-22T04:37:26.912312Z[0m [[33m[1mwarning  [0m] [1mNo records found in response  [0m [[0m[1m[34mstorage.transformer[0m][0m [36mentity_name[0m=[35mOrders_Qries[0m
2025-09-22 10:07:26,912 - httpcore.http11 - DEBUG - atrace:87 - send_request_headers.started request=<Request [b'GET']>
2025-09-22 10:07:26,912 - httpcore.http11 - DEBUG - atrace:87 - send_request_headers.complete
2025-09-22 10:07:26,912 - httpcore.http11 - DEBUG - atrace:87 - send_request_body.started request=<Request [b'GET']>
2025-09-22 10:07:26,912 - httpcore.http11 - DEBUG - atrace:87 - send_request_body.complete
2025-09-22 10:07:26,912 - httpcore.http11 - DEBUG - atrace:87 - receive_response_headers.started request=<Request [b'GET']>
2025-09-22 10:07:26,935 - httpcore.http11 - DEBUG - atrace:87 - receive_response_headers.complete return_value=(b'HTTP/1.1', 200, b'OK', [(b'Content-Length', b'1595'), (b'Content-Type', b'application/json;odata.metadata=minimal;odata.streaming=true;IEEE754Compatible=false;charset=utf-8'), (b'Date', b'Mon, 22 Sep 2025 04:37:28 GMT'), (b'Server', b'Microsoft-IIS/10.0'), (b'Access-Control-Allow-Headers', b'Accept, Origin, Content-Type, MaxDataServiceVersion'), (b'Access-Control-Allow-Methods', b'GET'), (b'Access-Control-Allow-Origin', b'*'), (b'Access-Control-Expose-Headers', b'DataServiceVersion'), (b'Cache-Control', b'private'), (b'Content-Encoding', b'gzip'), (b'Expires', b'Mon, 22 Sep 2025 04:38:26 GMT'), (b'Vary', b'*'), (b'X-Content-Type-Options', b'nosniff'), (b'OData-Version', b'4.0;'), (b'X-AspNet-Version', b'4.0.30319'), (b'X-Powered-By', b'ASP.NET')])
2025-09-22 10:07:26,935 - httpx - INFO - _send_single_request:1740 - HTTP Request: GET https://services.odata.org/V4/Northwind/Northwind.svc/Summary_of_Sales_by_Quarters?%24skip=500&%24top=500 "HTTP/1.1 200 OK"
2025-09-22 10:07:26,935 - httpcore.http11 - DEBUG - atrace:87 - receive_response_body.started request=<Request [b'GET']>
2025-09-22 10:07:26,935 - httpcore.http11 - DEBUG - atrace:87 - receive_response_body.complete
2025-09-22 10:07:26,935 - httpcore.http11 - DEBUG - atrace:87 - response_closed.started
2025-09-22 10:07:26,935 - httpcore.http11 - DEBUG - atrace:87 - response_closed.complete
2025-09-22 10:07:26,941 - workers.proxy_pool - INFO - _make_http_request:162 - [2m2025-09-22T04:37:26.941088Z[0m [[32m[1minfo     [0m] [1m📊 Worker successfully fetched data[0m [[0m[1m[34mworkers.proxy_pool[0m][0m [36mcommand_id[0m=[35mSummary_of_Sales_by_Quarters_page_next_500[0m [36mentity[0m=[35mSummary_of_Sales_by_Quarters[0m [36mhas_next_page[0m=[35mTrue[0m [36mrecords_in_response[0m=[35m100[0m [36mworker_id[0m=[35mworker_2[0m
2025-09-22 10:07:26,941 - workers.proxy_pool - INFO - execute_command:85 - [2m2025-09-22T04:37:26.941088Z[0m [[32m[1minfo     [0m] [1m✅ Worker completed command successfully[0m [[0m[1m[34mworkers.proxy_pool[0m][0m [36mcommand_id[0m=[35mSummary_of_Sales_by_Quarters_page_next_500[0m [36mentity[0m=[35mSummary_of_Sales_by_Quarters[0m [36mexecution_time_seconds[0m=[35m0.25[0m [36mhas_next_page[0m=[35mTrue[0m [36mrecords_fetched[0m=[35m100[0m [36mworker_id[0m=[35mworker_2[0m
2025-09-22 10:07:26,941 - workers.proxy_pool - INFO - _worker_loop:363 - [2m2025-09-22T04:37:26.941088Z[0m [[32m[1minfo     [0m] [1m📋 Worker picked up command from queue[0m [[0m[1m[34mworkers.proxy_pool[0m][0m [36mcommand_id[0m=[35mOrder_Details_Extendeds_page_next_500[0m [36mentity[0m=[35mOrder_Details_Extendeds[0m [36mqueue_size_after_pickup[0m=[35m7[0m [36mworker_id[0m=[35mworker_2[0m [36mworker_status[0m=[35mPROCESSING[0m
2025-09-22 10:07:26,943 - workers.proxy_pool - INFO - execute_command:51 - [2m2025-09-22T04:37:26.943103Z[0m [[32m[1minfo     [0m] [1m🚀 Worker starting command execution[0m [[0m[1m[34mworkers.proxy_pool[0m][0m [36mcommand_id[0m=[35mOrder_Details_Extendeds_page_next_500[0m [36mcommand_type[0m=[35mfetch_page[0m [36mentity[0m=[35mOrder_Details_Extendeds[0m [36mpriority[0m=[35m1[0m [36mretry_count[0m=[35m0[0m [36mskip[0m=[35m500[0m [36mtop[0m=[35m500[0m [36mworker_id[0m=[35mworker_2[0m
2025-09-22 10:07:26,943 - workers.proxy_pool - INFO - execute_command:74 - [2m2025-09-22T04:37:26.943103Z[0m [[32m[1minfo     [0m] [1m🔄 Worker executing request with resilience patterns[0m [[0m[1m[34mworkers.proxy_pool[0m][0m [36mcircuit_breaker_state[0m=[35mclosed[0m [36mcommand_id[0m=[35mOrder_Details_Extendeds_page_next_500[0m [36mworker_id[0m=[35mworker_2[0m
2025-09-22 10:07:26,947 - storage.transformer - INFO - transform_odata_response:96 - [2m2025-09-22T04:37:26.947554Z[0m [[32m[1minfo     [0m] [1mTransformation completed      [0m [[0m[1m[34mstorage.transformer[0m][0m [36mentity_name[0m=[35mSummary_of_Sales_by_Quarters[0m [36minput_records[0m=[35m100[0m [36moutput_records[0m=[35m100[0m
2025-09-22 10:07:26,948 - storage.local_storage - INFO - store_processed_records:131 - [2m2025-09-22T04:37:26.948063Z[0m [[32m[1minfo     [0m] [1mStoring processed records     [0m [[0m[1m[34mstorage.local_storage[0m][0m [36mentity_name[0m=[35mSummary_of_Sales_by_Quarters[0m [36mformat[0m=[35mjson[0m [36mrecord_count[0m=[35m100[0m
2025-09-22 10:07:26,953 - storage.local_storage - INFO - store_processed_records:142 - [2m2025-09-22T04:37:26.953267Z[0m [[32m[1minfo     [0m] [1mSuccessfully stored processed records[0m [[0m[1m[34mstorage.local_storage[0m][0m [36mentity_name[0m=[35mSummary_of_Sales_by_Quarters[0m [36mfile_path[0m=[35m./test_output/processed\Summary_of_Sales_by_Quarters_20250922_043726.json[0m [36mrecord_count[0m=[35m100[0m
2025-09-22 10:07:26,957 - storage.local_storage - INFO - store_raw_response:83 - [2m2025-09-22T04:37:26.957781Z[0m [[32m[1minfo     [0m] [1mSuccessfully stored raw data  [0m [[0m[1m[34mstorage.local_storage[0m][0m [36mentity_name[0m=[35mSummary_of_Sales_by_Quarters[0m [36mfile_path[0m=[35m./test_output/raw\Summary_of_Sales_by_Quarters\2025/09/22\04\Summary_of_Sales_by_Quarters_page_next_500.json[0m [36msize_bytes[0m=[35m12101[0m
2025-09-22 10:07:26,959 - httpcore.http11 - DEBUG - atrace:87 - send_request_headers.started request=<Request [b'GET']>
2025-09-22 10:07:26,960 - httpcore.http11 - DEBUG - atrace:87 - send_request_headers.complete
2025-09-22 10:07:26,960 - httpcore.http11 - DEBUG - atrace:87 - send_request_body.started request=<Request [b'GET']>
2025-09-22 10:07:26,960 - httpcore.http11 - DEBUG - atrace:87 - send_request_body.complete
2025-09-22 10:07:26,960 - httpcore.http11 - DEBUG - atrace:87 - receive_response_headers.started request=<Request [b'GET']>
2025-09-22 10:07:27,763 - httpcore.http11 - DEBUG - atrace:87 - receive_response_headers.complete return_value=(b'HTTP/1.1', 200, b'OK', [(b'Content-Length', b'2998'), (b'Content-Type', b'application/json;odata.metadata=minimal;odata.streaming=true;IEEE754Compatible=false;charset=utf-8'), (b'Date', b'Mon, 22 Sep 2025 04:37:29 GMT'), (b'Server', b'Microsoft-IIS/10.0'), (b'Access-Control-Allow-Headers', b'Accept, Origin, Content-Type, MaxDataServiceVersion'), (b'Access-Control-Allow-Methods', b'GET'), (b'Access-Control-Allow-Origin', b'*'), (b'Access-Control-Expose-Headers', b'DataServiceVersion'), (b'Cache-Control', b'private'), (b'Content-Encoding', b'gzip'), (b'Expires', b'Mon, 22 Sep 2025 04:38:26 GMT'), (b'Vary', b'*'), (b'X-Content-Type-Options', b'nosniff'), (b'OData-Version', b'4.0;'), (b'X-AspNet-Version', b'4.0.30319'), (b'X-Powered-By', b'ASP.NET')])
2025-09-22 10:07:27,763 - httpx - INFO - _send_single_request:1740 - HTTP Request: GET https://services.odata.org/V4/Northwind/Northwind.svc/Order_Details_Extendeds?%24skip=500&%24top=500 "HTTP/1.1 200 OK"
2025-09-22 10:07:27,763 - httpcore.http11 - DEBUG - atrace:87 - receive_response_body.started request=<Request [b'GET']>
2025-09-22 10:07:27,763 - httpcore.http11 - DEBUG - atrace:87 - receive_response_body.complete
2025-09-22 10:07:27,763 - httpcore.http11 - DEBUG - atrace:87 - response_closed.started
2025-09-22 10:07:27,763 - httpcore.http11 - DEBUG - atrace:87 - receive_response_headers.complete return_value=(b'HTTP/1.1', 200, b'OK', [(b'Content-Length', b'226'), (b'Content-Type', b'application/json;odata.metadata=minimal;odata.streaming=true;IEEE754Compatible=false;charset=utf-8'), (b'Date', b'Mon, 22 Sep 2025 04:37:29 GMT'), (b'Server', b'Microsoft-IIS/10.0'), (b'Access-Control-Allow-Headers', b'Accept, Origin, Content-Type, MaxDataServiceVersion'), (b'Access-Control-Allow-Methods', b'GET'), (b'Access-Control-Allow-Origin', b'*'), (b'Access-Control-Expose-Headers', b'DataServiceVersion'), (b'Cache-Control', b'private'), (b'Content-Encoding', b'gzip'), (b'Expires', b'Mon, 22 Sep 2025 04:38:29 GMT'), (b'Vary', b'*'), (b'X-Content-Type-Options', b'nosniff'), (b'OData-Version', b'4.0;'), (b'X-AspNet-Version', b'4.0.30319'), (b'X-Powered-By', b'ASP.NET')])
2025-09-22 10:07:27,763 - httpx - INFO - _send_single_request:1740 - HTTP Request: GET https://services.odata.org/V4/Northwind/Northwind.svc/Summary_of_Sales_by_Quarters?%24skip=1000&%24top=500 "HTTP/1.1 200 OK"
2025-09-22 10:07:27,763 - httpcore.http11 - DEBUG - atrace:87 - receive_response_body.started request=<Request [b'GET']>
2025-09-22 10:07:27,763 - httpcore.http11 - DEBUG - atrace:87 - receive_response_body.complete
2025-09-22 10:07:27,763 - httpcore.http11 - DEBUG - atrace:87 - response_closed.started
2025-09-22 10:07:27,763 - httpcore.http11 - DEBUG - atrace:87 - response_closed.complete
2025-09-22 10:07:27,774 - workers.proxy_pool - INFO - _make_http_request:162 - [2m2025-09-22T04:37:27.763072Z[0m [[32m[1minfo     [0m] [1m📊 Worker successfully fetched data[0m [[0m[1m[34mworkers.proxy_pool[0m][0m [36mcommand_id[0m=[35mOrder_Details_Extendeds_page_next_500[0m [36mentity[0m=[35mOrder_Details_Extendeds[0m [36mhas_next_page[0m=[35mTrue[0m [36mrecords_in_response[0m=[35m100[0m [36mworker_id[0m=[35mworker_2[0m
2025-09-22 10:07:27,774 - workers.proxy_pool - INFO - execute_command:85 - [2m2025-09-22T04:37:27.774834Z[0m [[32m[1minfo     [0m] [1m✅ Worker completed command successfully[0m [[0m[1m[34mworkers.proxy_pool[0m][0m [36mcommand_id[0m=[35mOrder_Details_Extendeds_page_next_500[0m [36mentity[0m=[35mOrder_Details_Extendeds[0m [36mexecution_time_seconds[0m=[35m0.83[0m [36mhas_next_page[0m=[35mTrue[0m [36mrecords_fetched[0m=[35m100[0m [36mworker_id[0m=[35mworker_2[0m
2025-09-22 10:07:27,774 - workers.proxy_pool - INFO - _worker_loop:363 - [2m2025-09-22T04:37:27.774834Z[0m [[32m[1minfo     [0m] [1m📋 Worker picked up command from queue[0m [[0m[1m[34mworkers.proxy_pool[0m][0m [36mcommand_id[0m=[35mOrder_Details_Extendeds_page_next_1000[0m [36mentity[0m=[35mOrder_Details_Extendeds[0m [36mqueue_size_after_pickup[0m=[35m7[0m [36mworker_id[0m=[35mworker_2[0m [36mworker_status[0m=[35mPROCESSING[0m
2025-09-22 10:07:27,774 - workers.proxy_pool - INFO - execute_command:51 - [2m2025-09-22T04:37:27.774834Z[0m [[32m[1minfo     [0m] [1m🚀 Worker starting command execution[0m [[0m[1m[34mworkers.proxy_pool[0m][0m [36mcommand_id[0m=[35mOrder_Details_Extendeds_page_next_1000[0m [36mcommand_type[0m=[35mfetch_page[0m [36mentity[0m=[35mOrder_Details_Extendeds[0m [36mpriority[0m=[35m1[0m [36mretry_count[0m=[35m0[0m [36mskip[0m=[35m1000[0m [36mtop[0m=[35m500[0m [36mworker_id[0m=[35mworker_2[0m
2025-09-22 10:07:27,776 - workers.proxy_pool - INFO - execute_command:74 - [2m2025-09-22T04:37:27.776868Z[0m [[32m[1minfo     [0m] [1m🔄 Worker executing request with resilience patterns[0m [[0m[1m[34mworkers.proxy_pool[0m][0m [36mcircuit_breaker_state[0m=[35mclosed[0m [36mcommand_id[0m=[35mOrder_Details_Extendeds_page_next_1000[0m [36mworker_id[0m=[35mworker_2[0m
2025-09-22 10:07:27,778 - httpcore.http11 - DEBUG - atrace:87 - response_closed.complete
2025-09-22 10:07:27,779 - workers.proxy_pool - INFO - _make_http_request:162 - [2m2025-09-22T04:37:27.779096Z[0m [[32m[1minfo     [0m] [1m📊 Worker successfully fetched data[0m [[0m[1m[34mworkers.proxy_pool[0m][0m [36mcommand_id[0m=[35mSummary_of_Sales_by_Quarters_page_next_1000[0m [36mentity[0m=[35mSummary_of_Sales_by_Quarters[0m [36mhas_next_page[0m=[35mFalse[0m [36mrecords_in_response[0m=[35m0[0m [36mworker_id[0m=[35mworker_0[0m
2025-09-22 10:07:27,779 - workers.proxy_pool - INFO - execute_command:85 - [2m2025-09-22T04:37:27.779678Z[0m [[32m[1minfo     [0m] [1m✅ Worker completed command successfully[0m [[0m[1m[34mworkers.proxy_pool[0m][0m [36mcommand_id[0m=[35mSummary_of_Sales_by_Quarters_page_next_1000[0m [36mentity[0m=[35mSummary_of_Sales_by_Quarters[0m [36mexecution_time_seconds[0m=[35m0.88[0m [36mhas_next_page[0m=[35mFalse[0m [36mrecords_fetched[0m=[35m0[0m [36mworker_id[0m=[35mworker_0[0m
2025-09-22 10:07:27,779 - workers.proxy_pool - INFO - _worker_loop:363 - [2m2025-09-22T04:37:27.779678Z[0m [[32m[1minfo     [0m] [1m📋 Worker picked up command from queue[0m [[0m[1m[34mworkers.proxy_pool[0m][0m [36mcommand_id[0m=[35mOrder_Details_Extendeds_page_next_1500[0m [36mentity[0m=[35mOrder_Details_Extendeds[0m [36mqueue_size_after_pickup[0m=[35m6[0m [36mworker_id[0m=[35mworker_0[0m [36mworker_status[0m=[35mPROCESSING[0m
2025-09-22 10:07:27,779 - workers.proxy_pool - INFO - execute_command:51 - [2m2025-09-22T04:37:27.779678Z[0m [[32m[1minfo     [0m] [1m🚀 Worker starting command execution[0m [[0m[1m[34mworkers.proxy_pool[0m][0m [36mcommand_id[0m=[35mOrder_Details_Extendeds_page_next_1500[0m [36mcommand_type[0m=[35mfetch_page[0m [36mentity[0m=[35mOrder_Details_Extendeds[0m [36mpriority[0m=[35m1[0m [36mretry_count[0m=[35m0[0m [36mskip[0m=[35m1500[0m [36mtop[0m=[35m500[0m [36mworker_id[0m=[35mworker_0[0m
2025-09-22 10:07:27,779 - workers.proxy_pool - INFO - execute_command:74 - [2m2025-09-22T04:37:27.779678Z[0m [[32m[1minfo     [0m] [1m🔄 Worker executing request with resilience patterns[0m [[0m[1m[34mworkers.proxy_pool[0m][0m [36mcircuit_breaker_state[0m=[35mclosed[0m [36mcommand_id[0m=[35mOrder_Details_Extendeds_page_next_1500[0m [36mworker_id[0m=[35mworker_0[0m
2025-09-22 10:07:27,784 - storage.transformer - INFO - transform_odata_response:96 - [2m2025-09-22T04:37:27.784383Z[0m [[32m[1minfo     [0m] [1mTransformation completed      [0m [[0m[1m[34mstorage.transformer[0m][0m [36mentity_name[0m=[35mOrder_Details_Extendeds[0m [36minput_records[0m=[35m100[0m [36moutput_records[0m=[35m100[0m
2025-09-22 10:07:27,784 - storage.local_storage - INFO - store_processed_records:131 - [2m2025-09-22T04:37:27.784383Z[0m [[32m[1minfo     [0m] [1mStoring processed records     [0m [[0m[1m[34mstorage.local_storage[0m][0m [36mentity_name[0m=[35mOrder_Details_Extendeds[0m [36mformat[0m=[35mjson[0m [36mrecord_count[0m=[35m100[0m
2025-09-22 10:07:27,788 - storage.local_storage - INFO - store_processed_records:142 - [2m2025-09-22T04:37:27.788024Z[0m [[32m[1minfo     [0m] [1mSuccessfully stored processed records[0m [[0m[1m[34mstorage.local_storage[0m][0m [36mentity_name[0m=[35mOrder_Details_Extendeds[0m [36mfile_path[0m=[35m./test_output/processed\Order_Details_Extendeds_20250922_043727.json[0m [36mrecord_count[0m=[35m100[0m
2025-09-22 10:07:27,790 - storage.local_storage - INFO - store_raw_response:83 - [2m2025-09-22T04:37:27.790596Z[0m [[32m[1minfo     [0m] [1mSuccessfully stored raw data  [0m [[0m[1m[34mstorage.local_storage[0m][0m [36mentity_name[0m=[35mOrder_Details_Extendeds[0m [36mfile_path[0m=[35m./test_output/raw\Order_Details_Extendeds\2025/09/22\04\Order_Details_Extendeds_page_next_500.json[0m [36msize_bytes[0m=[35m21940[0m
2025-09-22 10:07:27,792 - storage.transformer - WARNING - transform_odata_response:67 - [2m2025-09-22T04:37:27.791822Z[0m [[33m[1mwarning  [0m] [1mNo records found in response  [0m [[0m[1m[34mstorage.transformer[0m][0m [36mentity_name[0m=[35mSummary_of_Sales_by_Quarters[0m
2025-09-22 10:07:27,792 - httpcore.http11 - DEBUG - atrace:87 - send_request_headers.started request=<Request [b'GET']>
2025-09-22 10:07:27,792 - httpcore.http11 - DEBUG - atrace:87 - send_request_headers.started request=<Request [b'GET']>
2025-09-22 10:07:27,793 - httpcore.http11 - DEBUG - atrace:87 - send_request_headers.complete
2025-09-22 10:07:27,793 - httpcore.http11 - DEBUG - atrace:87 - send_request_body.started request=<Request [b'GET']>
2025-09-22 10:07:27,793 - httpcore.http11 - DEBUG - atrace:87 - send_request_body.complete
2025-09-22 10:07:27,793 - httpcore.http11 - DEBUG - atrace:87 - receive_response_headers.started request=<Request [b'GET']>
2025-09-22 10:07:27,793 - httpcore.http11 - DEBUG - atrace:87 - send_request_headers.complete
2025-09-22 10:07:27,793 - httpcore.http11 - DEBUG - atrace:87 - send_request_body.started request=<Request [b'GET']>
2025-09-22 10:07:27,793 - httpcore.http11 - DEBUG - atrace:87 - send_request_body.complete
2025-09-22 10:07:27,793 - httpcore.http11 - DEBUG - atrace:87 - receive_response_headers.started request=<Request [b'GET']>
2025-09-22 10:07:28,024 - httpcore.http11 - DEBUG - atrace:87 - receive_response_headers.complete return_value=(b'HTTP/1.1', 200, b'OK', [(b'Content-Length', b'3160'), (b'Content-Type', b'application/json;odata.metadata=minimal;odata.streaming=true;IEEE754Compatible=false;charset=utf-8'), (b'Date', b'Mon, 22 Sep 2025 04:37:29 GMT'), (b'Server', b'Microsoft-IIS/10.0'), (b'Access-Control-Allow-Headers', b'Accept, Origin, Content-Type, MaxDataServiceVersion'), (b'Access-Control-Allow-Methods', b'GET'), (b'Access-Control-Allow-Origin', b'*'), (b'Access-Control-Expose-Headers', b'DataServiceVersion'), (b'Cache-Control', b'private'), (b'Content-Encoding', b'gzip'), (b'Expires', b'Mon, 22 Sep 2025 04:38:26 GMT'), (b'Vary', b'*'), (b'X-Content-Type-Options', b'nosniff'), (b'OData-Version', b'4.0;'), (b'X-AspNet-Version', b'4.0.30319'), (b'X-Powered-By', b'ASP.NET')])
2025-09-22 10:07:28,028 - httpx - INFO - _send_single_request:1740 - HTTP Request: GET https://services.odata.org/V4/Northwind/Northwind.svc/Order_Details_Extendeds?%24skip=1000&%24top=500 "HTTP/1.1 200 OK"
2025-09-22 10:07:28,028 - httpcore.http11 - DEBUG - atrace:87 - receive_response_body.started request=<Request [b'GET']>
2025-09-22 10:07:28,028 - httpcore.http11 - DEBUG - atrace:87 - receive_response_body.complete
2025-09-22 10:07:28,028 - httpcore.http11 - DEBUG - atrace:87 - response_closed.started
2025-09-22 10:07:28,028 - httpcore.http11 - DEBUG - atrace:87 - response_closed.complete
2025-09-22 10:07:28,028 - workers.proxy_pool - INFO - _make_http_request:162 - [2m2025-09-22T04:37:28.028745Z[0m [[32m[1minfo     [0m] [1m📊 Worker successfully fetched data[0m [[0m[1m[34mworkers.proxy_pool[0m][0m [36mcommand_id[0m=[35mOrder_Details_Extendeds_page_next_1000[0m [36mentity[0m=[35mOrder_Details_Extendeds[0m [36mhas_next_page[0m=[35mTrue[0m [36mrecords_in_response[0m=[35m100[0m [36mworker_id[0m=[35mworker_2[0m
2025-09-22 10:07:28,028 - workers.proxy_pool - INFO - execute_command:85 - [2m2025-09-22T04:37:28.028745Z[0m [[32m[1minfo     [0m] [1m✅ Worker completed command successfully[0m [[0m[1m[34mworkers.proxy_pool[0m][0m [36mcommand_id[0m=[35mOrder_Details_Extendeds_page_next_1000[0m [36mentity[0m=[35mOrder_Details_Extendeds[0m [36mexecution_time_seconds[0m=[35m0.27[0m [36mhas_next_page[0m=[35mTrue[0m [36mrecords_fetched[0m=[35m100[0m [36mworker_id[0m=[35mworker_2[0m
2025-09-22 10:07:28,028 - workers.proxy_pool - INFO - _worker_loop:363 - [2m2025-09-22T04:37:28.028745Z[0m [[32m[1minfo     [0m] [1m📋 Worker picked up command from queue[0m [[0m[1m[34mworkers.proxy_pool[0m][0m [36mcommand_id[0m=[35mOrder_Subtotals_page_next_500[0m [36mentity[0m=[35mOrder_Subtotals[0m [36mqueue_size_after_pickup[0m=[35m6[0m [36mworker_id[0m=[35mworker_2[0m [36mworker_status[0m=[35mPROCESSING[0m
2025-09-22 10:07:28,028 - workers.proxy_pool - INFO - execute_command:51 - [2m2025-09-22T04:37:28.028745Z[0m [[32m[1minfo     [0m] [1m🚀 Worker starting command execution[0m [[0m[1m[34mworkers.proxy_pool[0m][0m [36mcommand_id[0m=[35mOrder_Subtotals_page_next_500[0m [36mcommand_type[0m=[35mfetch_page[0m [36mentity[0m=[35mOrder_Subtotals[0m [36mpriority[0m=[35m1[0m [36mretry_count[0m=[35m0[0m [36mskip[0m=[35m500[0m [36mtop[0m=[35m500[0m [36mworker_id[0m=[35mworker_2[0m
2025-09-22 10:07:28,028 - workers.proxy_pool - INFO - execute_command:74 - [2m2025-09-22T04:37:28.028745Z[0m [[32m[1minfo     [0m] [1m🔄 Worker executing request with resilience patterns[0m [[0m[1m[34mworkers.proxy_pool[0m][0m [36mcircuit_breaker_state[0m=[35mclosed[0m [36mcommand_id[0m=[35mOrder_Subtotals_page_next_500[0m [36mworker_id[0m=[35mworker_2[0m
2025-09-22 10:07:28,033 - storage.transformer - INFO - transform_odata_response:96 - [2m2025-09-22T04:37:28.033168Z[0m [[32m[1minfo     [0m] [1mTransformation completed      [0m [[0m[1m[34mstorage.transformer[0m][0m [36mentity_name[0m=[35mOrder_Details_Extendeds[0m [36minput_records[0m=[35m100[0m [36moutput_records[0m=[35m100[0m
2025-09-22 10:07:28,033 - storage.local_storage - INFO - store_processed_records:131 - [2m2025-09-22T04:37:28.033168Z[0m [[32m[1minfo     [0m] [1mStoring processed records     [0m [[0m[1m[34mstorage.local_storage[0m][0m [36mentity_name[0m=[35mOrder_Details_Extendeds[0m [36mformat[0m=[35mjson[0m [36mrecord_count[0m=[35m100[0m
2025-09-22 10:07:28,036 - storage.local_storage - INFO - store_processed_records:142 - [2m2025-09-22T04:37:28.036851Z[0m [[32m[1minfo     [0m] [1mSuccessfully stored processed records[0m [[0m[1m[34mstorage.local_storage[0m][0m [36mentity_name[0m=[35mOrder_Details_Extendeds[0m [36mfile_path[0m=[35m./test_output/processed\Order_Details_Extendeds_20250922_043728.json[0m [36mrecord_count[0m=[35m100[0m
2025-09-22 10:07:28,038 - storage.local_storage - INFO - store_raw_response:83 - [2m2025-09-22T04:37:28.038416Z[0m [[32m[1minfo     [0m] [1mSuccessfully stored raw data  [0m [[0m[1m[34mstorage.local_storage[0m][0m [36mentity_name[0m=[35mOrder_Details_Extendeds[0m [36mfile_path[0m=[35m./test_output/raw\Order_Details_Extendeds\2025/09/22\04\Order_Details_Extendeds_page_next_1000.json[0m [36msize_bytes[0m=[35m22089[0m
2025-09-22 10:07:28,039 - httpcore.http11 - DEBUG - atrace:87 - send_request_headers.started request=<Request [b'GET']>
2025-09-22 10:07:28,040 - httpcore.http11 - DEBUG - atrace:87 - send_request_headers.complete
2025-09-22 10:07:28,040 - httpcore.http11 - DEBUG - atrace:87 - send_request_body.started request=<Request [b'GET']>
2025-09-22 10:07:28,040 - httpcore.http11 - DEBUG - atrace:87 - send_request_body.complete
2025-09-22 10:07:28,040 - httpcore.http11 - DEBUG - atrace:87 - receive_response_headers.started request=<Request [b'GET']>
2025-09-22 10:07:28,053 - httpcore.http11 - DEBUG - atrace:87 - receive_response_headers.complete return_value=(b'HTTP/1.1', 200, b'OK', [(b'Content-Length', b'3388'), (b'Content-Type', b'application/json;odata.metadata=minimal;odata.streaming=true;IEEE754Compatible=false;charset=utf-8'), (b'Date', b'Mon, 22 Sep 2025 04:37:29 GMT'), (b'Server', b'Microsoft-IIS/10.0'), (b'Access-Control-Allow-Headers', b'Accept, Origin, Content-Type, MaxDataServiceVersion'), (b'Access-Control-Allow-Methods', b'GET'), (b'Access-Control-Allow-Origin', b'*'), (b'Access-Control-Expose-Headers', b'DataServiceVersion'), (b'Cache-Control', b'private'), (b'Content-Encoding', b'gzip'), (b'Expires', b'Mon, 22 Sep 2025 04:38:29 GMT'), (b'Vary', b'*'), (b'X-Content-Type-Options', b'nosniff'), (b'OData-Version', b'4.0;'), (b'X-AspNet-Version', b'4.0.30319'), (b'X-Powered-By', b'ASP.NET')])
2025-09-22 10:07:28,053 - httpx - INFO - _send_single_request:1740 - HTTP Request: GET https://services.odata.org/V4/Northwind/Northwind.svc/Order_Details_Extendeds?%24skip=1500&%24top=500 "HTTP/1.1 200 OK"
2025-09-22 10:07:28,054 - httpcore.http11 - DEBUG - atrace:87 - receive_response_body.started request=<Request [b'GET']>
2025-09-22 10:07:28,055 - httpcore.http11 - DEBUG - atrace:87 - receive_response_body.complete
2025-09-22 10:07:28,055 - httpcore.http11 - DEBUG - atrace:87 - response_closed.started
2025-09-22 10:07:28,055 - httpcore.http11 - DEBUG - atrace:87 - response_closed.complete
2025-09-22 10:07:28,055 - workers.proxy_pool - INFO - _make_http_request:162 - [2m2025-09-22T04:37:28.055265Z[0m [[32m[1minfo     [0m] [1m📊 Worker successfully fetched data[0m [[0m[1m[34mworkers.proxy_pool[0m][0m [36mcommand_id[0m=[35mOrder_Details_Extendeds_page_next_1500[0m [36mentity[0m=[35mOrder_Details_Extendeds[0m [36mhas_next_page[0m=[35mTrue[0m [36mrecords_in_response[0m=[35m100[0m [36mworker_id[0m=[35mworker_0[0m
2025-09-22 10:07:28,055 - workers.proxy_pool - INFO - execute_command:85 - [2m2025-09-22T04:37:28.055265Z[0m [[32m[1minfo     [0m] [1m✅ Worker completed command successfully[0m [[0m[1m[34mworkers.proxy_pool[0m][0m [36mcommand_id[0m=[35mOrder_Details_Extendeds_page_next_1500[0m [36mentity[0m=[35mOrder_Details_Extendeds[0m [36mexecution_time_seconds[0m=[35m0.27[0m [36mhas_next_page[0m=[35mTrue[0m [36mrecords_fetched[0m=[35m100[0m [36mworker_id[0m=[35mworker_0[0m
2025-09-22 10:07:28,055 - workers.proxy_pool - INFO - _worker_loop:363 - [2m2025-09-22T04:37:28.055265Z[0m [[32m[1minfo     [0m] [1m📋 Worker picked up command from queue[0m [[0m[1m[34mworkers.proxy_pool[0m][0m [36mcommand_id[0m=[35mOrder_Subtotals_page_next_1000[0m [36mentity[0m=[35mOrder_Subtotals[0m [36mqueue_size_after_pickup[0m=[35m6[0m [36mworker_id[0m=[35mworker_0[0m [36mworker_status[0m=[35mPROCESSING[0m
2025-09-22 10:07:28,055 - workers.proxy_pool - INFO - execute_command:51 - [2m2025-09-22T04:37:28.055265Z[0m [[32m[1minfo     [0m] [1m🚀 Worker starting command execution[0m [[0m[1m[34mworkers.proxy_pool[0m][0m [36mcommand_id[0m=[35mOrder_Subtotals_page_next_1000[0m [36mcommand_type[0m=[35mfetch_page[0m [36mentity[0m=[35mOrder_Subtotals[0m [36mpriority[0m=[35m1[0m [36mretry_count[0m=[35m0[0m [36mskip[0m=[35m1000[0m [36mtop[0m=[35m500[0m [36mworker_id[0m=[35mworker_0[0m
2025-09-22 10:07:28,055 - workers.proxy_pool - INFO - execute_command:74 - [2m2025-09-22T04:37:28.055265Z[0m [[32m[1minfo     [0m] [1m🔄 Worker executing request with resilience patterns[0m [[0m[1m[34mworkers.proxy_pool[0m][0m [36mcircuit_breaker_state[0m=[35mclosed[0m [36mcommand_id[0m=[35mOrder_Subtotals_page_next_1000[0m [36mworker_id[0m=[35mworker_0[0m
2025-09-22 10:07:28,060 - storage.transformer - INFO - transform_odata_response:96 - [2m2025-09-22T04:37:28.060716Z[0m [[32m[1minfo     [0m] [1mTransformation completed      [0m [[0m[1m[34mstorage.transformer[0m][0m [36mentity_name[0m=[35mOrder_Details_Extendeds[0m [36minput_records[0m=[35m100[0m [36moutput_records[0m=[35m100[0m
2025-09-22 10:07:28,060 - storage.local_storage - INFO - store_processed_records:131 - [2m2025-09-22T04:37:28.060716Z[0m [[32m[1minfo     [0m] [1mStoring processed records     [0m [[0m[1m[34mstorage.local_storage[0m][0m [36mentity_name[0m=[35mOrder_Details_Extendeds[0m [36mformat[0m=[35mjson[0m [36mrecord_count[0m=[35m100[0m
2025-09-22 10:07:28,065 - storage.local_storage - INFO - store_processed_records:142 - [2m2025-09-22T04:37:28.065383Z[0m [[32m[1minfo     [0m] [1mSuccessfully stored processed records[0m [[0m[1m[34mstorage.local_storage[0m][0m [36mentity_name[0m=[35mOrder_Details_Extendeds[0m [36mfile_path[0m=[35m./test_output/processed\Order_Details_Extendeds_20250922_043728.json[0m [36mrecord_count[0m=[35m100[0m
2025-09-22 10:07:28,069 - storage.local_storage - INFO - store_raw_response:83 - [2m2025-09-22T04:37:28.067830Z[0m [[32m[1minfo     [0m] [1mSuccessfully stored raw data  [0m [[0m[1m[34mstorage.local_storage[0m][0m [36mentity_name[0m=[35mOrder_Details_Extendeds[0m [36mfile_path[0m=[35m./test_output/raw\Order_Details_Extendeds\2025/09/22\04\Order_Details_Extendeds_page_next_1500.json[0m [36msize_bytes[0m=[35m22429[0m
2025-09-22 10:07:28,070 - httpcore.http11 - DEBUG - atrace:87 - send_request_headers.started request=<Request [b'GET']>
2025-09-22 10:07:28,070 - httpcore.http11 - DEBUG - atrace:87 - send_request_headers.complete
2025-09-22 10:07:28,070 - httpcore.http11 - DEBUG - atrace:87 - send_request_body.started request=<Request [b'GET']>
2025-09-22 10:07:28,070 - httpcore.http11 - DEBUG - atrace:87 - send_request_body.complete
2025-09-22 10:07:28,070 - httpcore.http11 - DEBUG - atrace:87 - receive_response_headers.started request=<Request [b'GET']>
2025-09-22 10:07:28,279 - httpcore.http11 - DEBUG - atrace:87 - receive_response_headers.complete return_value=(b'HTTP/1.1', 200, b'OK', [(b'Content-Length', b'205'), (b'Content-Type', b'application/json;odata.metadata=minimal;odata.streaming=true;IEEE754Compatible=false;charset=utf-8'), (b'Date', b'Mon, 22 Sep 2025 04:37:29 GMT'), (b'Server', b'Microsoft-IIS/10.0'), (b'Access-Control-Allow-Headers', b'Accept, Origin, Content-Type, MaxDataServiceVersion'), (b'Access-Control-Allow-Methods', b'GET'), (b'Access-Control-Allow-Origin', b'*'), (b'Access-Control-Expose-Headers', b'DataServiceVersion'), (b'Cache-Control', b'private'), (b'Content-Encoding', b'gzip'), (b'Expires', b'Mon, 22 Sep 2025 04:38:28 GMT'), (b'Vary', b'*'), (b'X-Content-Type-Options', b'nosniff'), (b'OData-Version', b'4.0;'), (b'X-AspNet-Version', b'4.0.30319'), (b'X-Powered-By', b'ASP.NET')])
2025-09-22 10:07:28,283 - httpx - INFO - _send_single_request:1740 - HTTP Request: GET https://services.odata.org/V4/Northwind/Northwind.svc/Products?%24skip=500&%24top=500 "HTTP/1.1 200 OK"
2025-09-22 10:07:28,283 - httpcore.http11 - DEBUG - atrace:87 - receive_response_body.started request=<Request [b'GET']>
2025-09-22 10:07:28,283 - httpcore.http11 - DEBUG - atrace:87 - receive_response_body.complete
2025-09-22 10:07:28,283 - httpcore.http11 - DEBUG - atrace:87 - response_closed.started
2025-09-22 10:07:28,284 - httpcore.http11 - DEBUG - atrace:87 - receive_response_headers.complete return_value=(b'HTTP/1.1', 200, b'OK', [(b'Content-Length', b'1161'), (b'Content-Type', b'application/json;odata.metadata=minimal;odata.streaming=true;IEEE754Compatible=false;charset=utf-8'), (b'Date', b'Mon, 22 Sep 2025 04:37:29 GMT'), (b'Server', b'Microsoft-IIS/10.0'), (b'Access-Control-Allow-Headers', b'Accept, Origin, Content-Type, MaxDataServiceVersion'), (b'Access-Control-Allow-Methods', b'GET'), (b'Access-Control-Allow-Origin', b'*'), (b'Access-Control-Expose-Headers', b'DataServiceVersion'), (b'Cache-Control', b'private'), (b'Content-Encoding', b'gzip'), (b'Expires', b'Mon, 22 Sep 2025 04:38:27 GMT'), (b'Vary', b'*'), (b'X-Content-Type-Options', b'nosniff'), (b'OData-Version', b'4.0;'), (b'X-AspNet-Version', b'4.0.30319'), (b'X-Powered-By', b'ASP.NET')])
2025-09-22 10:07:28,284 - httpx - INFO - _send_single_request:1740 - HTTP Request: GET https://services.odata.org/V4/Northwind/Northwind.svc/Order_Subtotals?%24skip=500&%24top=500 "HTTP/1.1 200 OK"
2025-09-22 10:07:28,284 - httpcore.http11 - DEBUG - atrace:87 - receive_response_body.started request=<Request [b'GET']>
2025-09-22 10:07:28,284 - httpcore.http11 - DEBUG - atrace:87 - receive_response_body.complete
2025-09-22 10:07:28,284 - httpcore.http11 - DEBUG - atrace:87 - response_closed.started
2025-09-22 10:07:28,284 - httpcore.http11 - DEBUG - atrace:87 - response_closed.complete
2025-09-22 10:07:28,284 - workers.proxy_pool - INFO - _make_http_request:162 - [2m2025-09-22T04:37:28.284279Z[0m [[32m[1minfo     [0m] [1m📊 Worker successfully fetched data[0m [[0m[1m[34mworkers.proxy_pool[0m][0m [36mcommand_id[0m=[35mProducts_page_next_500[0m [36mentity[0m=[35mProducts[0m [36mhas_next_page[0m=[35mFalse[0m [36mrecords_in_response[0m=[35m0[0m [36mworker_id[0m=[35mworker_1[0m
2025-09-22 10:07:28,284 - workers.proxy_pool - INFO - execute_command:85 - [2m2025-09-22T04:37:28.284279Z[0m [[32m[1minfo     [0m] [1m✅ Worker completed command successfully[0m [[0m[1m[34mworkers.proxy_pool[0m][0m [36mcommand_id[0m=[35mProducts_page_next_500[0m [36mentity[0m=[35mProducts[0m [36mexecution_time_seconds[0m=[35m2.16[0m [36mhas_next_page[0m=[35mFalse[0m [36mrecords_fetched[0m=[35m0[0m [36mworker_id[0m=[35mworker_1[0m
2025-09-22 10:07:28,284 - workers.proxy_pool - INFO - _worker_loop:363 - [2m2025-09-22T04:37:28.284279Z[0m [[32m[1minfo     [0m] [1m📋 Worker picked up command from queue[0m [[0m[1m[34mworkers.proxy_pool[0m][0m [36mcommand_id[0m=[35mSummary_of_Sales_by_Years_page_next_1000[0m [36mentity[0m=[35mSummary_of_Sales_by_Years[0m [36mqueue_size_after_pickup[0m=[35m6[0m [36mworker_id[0m=[35mworker_1[0m [36mworker_status[0m=[35mPROCESSING[0m
2025-09-22 10:07:28,284 - workers.proxy_pool - INFO - execute_command:51 - [2m2025-09-22T04:37:28.284279Z[0m [[32m[1minfo     [0m] [1m🚀 Worker starting command execution[0m [[0m[1m[34mworkers.proxy_pool[0m][0m [36mcommand_id[0m=[35mSummary_of_Sales_by_Years_page_next_1000[0m [36mcommand_type[0m=[35mfetch_page[0m [36mentity[0m=[35mSummary_of_Sales_by_Years[0m [36mpriority[0m=[35m1[0m [36mretry_count[0m=[35m0[0m [36mskip[0m=[35m1000[0m [36mtop[0m=[35m500[0m [36mworker_id[0m=[35mworker_1[0m
2025-09-22 10:07:28,284 - workers.proxy_pool - INFO - execute_command:74 - [2m2025-09-22T04:37:28.284279Z[0m [[32m[1minfo     [0m] [1m🔄 Worker executing request with resilience patterns[0m [[0m[1m[34mworkers.proxy_pool[0m][0m [36mcircuit_breaker_state[0m=[35mclosed[0m [36mcommand_id[0m=[35mSummary_of_Sales_by_Years_page_next_1000[0m [36mworker_id[0m=[35mworker_1[0m
2025-09-22 10:07:28,284 - httpcore.http11 - DEBUG - atrace:87 - response_closed.complete
2025-09-22 10:07:28,290 - workers.proxy_pool - INFO - _make_http_request:162 - [2m2025-09-22T04:37:28.290349Z[0m [[32m[1minfo     [0m] [1m📊 Worker successfully fetched data[0m [[0m[1m[34mworkers.proxy_pool[0m][0m [36mcommand_id[0m=[35mOrder_Subtotals_page_next_500[0m [36mentity[0m=[35mOrder_Subtotals[0m [36mhas_next_page[0m=[35mTrue[0m [36mrecords_in_response[0m=[35m100[0m [36mworker_id[0m=[35mworker_2[0m
2025-09-22 10:07:28,290 - workers.proxy_pool - INFO - execute_command:85 - [2m2025-09-22T04:37:28.290349Z[0m [[32m[1minfo     [0m] [1m✅ Worker completed command successfully[0m [[0m[1m[34mworkers.proxy_pool[0m][0m [36mcommand_id[0m=[35mOrder_Subtotals_page_next_500[0m [36mentity[0m=[35mOrder_Subtotals[0m [36mexecution_time_seconds[0m=[35m0.25[0m [36mhas_next_page[0m=[35mTrue[0m [36mrecords_fetched[0m=[35m100[0m [36mworker_id[0m=[35mworker_2[0m
2025-09-22 10:07:28,292 - workers.proxy_pool - INFO - _worker_loop:363 - [2m2025-09-22T04:37:28.292139Z[0m [[32m[1minfo     [0m] [1m📋 Worker picked up command from queue[0m [[0m[1m[34mworkers.proxy_pool[0m][0m [36mcommand_id[0m=[35mOrders_page_next_1000[0m [36mentity[0m=[35mOrders[0m [36mqueue_size_after_pickup[0m=[35m5[0m [36mworker_id[0m=[35mworker_2[0m [36mworker_status[0m=[35mPROCESSING[0m
2025-09-22 10:07:28,293 - workers.proxy_pool - INFO - execute_command:51 - [2m2025-09-22T04:37:28.292139Z[0m [[32m[1minfo     [0m] [1m🚀 Worker starting command execution[0m [[0m[1m[34mworkers.proxy_pool[0m][0m [36mcommand_id[0m=[35mOrders_page_next_1000[0m [36mcommand_type[0m=[35mfetch_page[0m [36mentity[0m=[35mOrders[0m [36mpriority[0m=[35m1[0m [36mretry_count[0m=[35m0[0m [36mskip[0m=[35m1000[0m [36mtop[0m=[35m500[0m [36mworker_id[0m=[35mworker_2[0m
2025-09-22 10:07:28,293 - workers.proxy_pool - INFO - execute_command:74 - [2m2025-09-22T04:37:28.293677Z[0m [[32m[1minfo     [0m] [1m🔄 Worker executing request with resilience patterns[0m [[0m[1m[34mworkers.proxy_pool[0m][0m [36mcircuit_breaker_state[0m=[35mclosed[0m [36mcommand_id[0m=[35mOrders_page_next_1000[0m [36mworker_id[0m=[35mworker_2[0m
2025-09-22 10:07:28,295 - storage.transformer - WARNING - transform_odata_response:67 - [2m2025-09-22T04:37:28.295536Z[0m [[33m[1mwarning  [0m] [1mNo records found in response  [0m [[0m[1m[34mstorage.transformer[0m][0m [36mentity_name[0m=[35mProducts[0m
2025-09-22 10:07:28,300 - storage.transformer - INFO - transform_odata_response:96 - [2m2025-09-22T04:37:28.300173Z[0m [[32m[1minfo     [0m] [1mTransformation completed      [0m [[0m[1m[34mstorage.transformer[0m][0m [36mentity_name[0m=[35mOrder_Subtotals[0m [36minput_records[0m=[35m100[0m [36moutput_records[0m=[35m100[0m
2025-09-22 10:07:28,301 - storage.local_storage - INFO - store_processed_records:131 - [2m2025-09-22T04:37:28.300954Z[0m [[32m[1minfo     [0m] [1mStoring processed records     [0m [[0m[1m[34mstorage.local_storage[0m][0m [36mentity_name[0m=[35mOrder_Subtotals[0m [36mformat[0m=[35mjson[0m [36mrecord_count[0m=[35m100[0m
2025-09-22 10:07:28,301 - storage.local_storage - INFO - store_processed_records:142 - [2m2025-09-22T04:37:28.301539Z[0m [[32m[1minfo     [0m] [1mSuccessfully stored processed records[0m [[0m[1m[34mstorage.local_storage[0m][0m [36mentity_name[0m=[35mOrder_Subtotals[0m [36mfile_path[0m=[35m./test_output/processed\Order_Subtotals_20250922_043728.json[0m [36mrecord_count[0m=[35m100[0m
2025-09-22 10:07:28,307 - storage.local_storage - INFO - store_raw_response:83 - [2m2025-09-22T04:37:28.306764Z[0m [[32m[1minfo     [0m] [1mSuccessfully stored raw data  [0m [[0m[1m[34mstorage.local_storage[0m][0m [36mentity_name[0m=[35mOrder_Subtotals[0m [36mfile_path[0m=[35m./test_output/raw\Order_Subtotals\2025/09/22\04\Order_Subtotals_page_next_500.json[0m [36msize_bytes[0m=[35m7349[0m
2025-09-22 10:07:28,307 - httpcore.http11 - DEBUG - atrace:87 - send_request_headers.started request=<Request [b'GET']>
2025-09-22 10:07:28,307 - httpcore.http11 - DEBUG - atrace:87 - send_request_headers.complete
2025-09-22 10:07:28,307 - httpcore.http11 - DEBUG - atrace:87 - send_request_body.started request=<Request [b'GET']>
2025-09-22 10:07:28,307 - httpcore.http11 - DEBUG - atrace:87 - send_request_body.complete
2025-09-22 10:07:28,307 - httpcore.http11 - DEBUG - atrace:87 - receive_response_headers.started request=<Request [b'GET']>
2025-09-22 10:07:28,307 - httpcore.http11 - DEBUG - atrace:87 - send_request_headers.started request=<Request [b'GET']>
2025-09-22 10:07:28,307 - httpcore.http11 - DEBUG - atrace:87 - send_request_headers.complete
2025-09-22 10:07:28,307 - httpcore.http11 - DEBUG - atrace:87 - send_request_body.started request=<Request [b'GET']>
2025-09-22 10:07:28,307 - httpcore.http11 - DEBUG - atrace:87 - send_request_body.complete
2025-09-22 10:07:28,307 - httpcore.http11 - DEBUG - atrace:87 - receive_response_headers.started request=<Request [b'GET']>
2025-09-22 10:07:28,324 - httpcore.http11 - DEBUG - atrace:87 - receive_response_headers.complete return_value=(b'HTTP/1.1', 200, b'OK', [(b'Content-Length', b'212'), (b'Content-Type', b'application/json;odata.metadata=minimal;odata.streaming=true;IEEE754Compatible=false;charset=utf-8'), (b'Date', b'Mon, 22 Sep 2025 04:37:29 GMT'), (b'Server', b'Microsoft-IIS/10.0'), (b'Access-Control-Allow-Headers', b'Accept, Origin, Content-Type, MaxDataServiceVersion'), (b'Access-Control-Allow-Methods', b'GET'), (b'Access-Control-Allow-Origin', b'*'), (b'Access-Control-Expose-Headers', b'DataServiceVersion'), (b'Cache-Control', b'private'), (b'Content-Encoding', b'gzip'), (b'Expires', b'Mon, 22 Sep 2025 04:38:30 GMT'), (b'Vary', b'*'), (b'X-Content-Type-Options', b'nosniff'), (b'OData-Version', b'4.0;'), (b'X-AspNet-Version', b'4.0.30319'), (b'X-Powered-By', b'ASP.NET')])
2025-09-22 10:07:28,325 - httpx - INFO - _send_single_request:1740 - HTTP Request: GET https://services.odata.org/V4/Northwind/Northwind.svc/Order_Subtotals?%24skip=1000&%24top=500 "HTTP/1.1 200 OK"
2025-09-22 10:07:28,325 - httpcore.http11 - DEBUG - atrace:87 - receive_response_body.started request=<Request [b'GET']>
2025-09-22 10:07:28,325 - httpcore.http11 - DEBUG - atrace:87 - receive_response_body.complete
2025-09-22 10:07:28,325 - httpcore.http11 - DEBUG - atrace:87 - response_closed.started
2025-09-22 10:07:28,327 - httpcore.http11 - DEBUG - atrace:87 - response_closed.complete
2025-09-22 10:07:28,328 - workers.proxy_pool - INFO - _make_http_request:162 - [2m2025-09-22T04:37:28.328223Z[0m [[32m[1minfo     [0m] [1m📊 Worker successfully fetched data[0m [[0m[1m[34mworkers.proxy_pool[0m][0m [36mcommand_id[0m=[35mOrder_Subtotals_page_next_1000[0m [36mentity[0m=[35mOrder_Subtotals[0m [36mhas_next_page[0m=[35mFalse[0m [36mrecords_in_response[0m=[35m0[0m [36mworker_id[0m=[35mworker_0[0m
2025-09-22 10:07:28,328 - workers.proxy_pool - INFO - execute_command:85 - [2m2025-09-22T04:37:28.328223Z[0m [[32m[1minfo     [0m] [1m✅ Worker completed command successfully[0m [[0m[1m[34mworkers.proxy_pool[0m][0m [36mcommand_id[0m=[35mOrder_Subtotals_page_next_1000[0m [36mentity[0m=[35mOrder_Subtotals[0m [36mexecution_time_seconds[0m=[35m0.28[0m [36mhas_next_page[0m=[35mFalse[0m [36mrecords_fetched[0m=[35m0[0m [36mworker_id[0m=[35mworker_0[0m
2025-09-22 10:07:28,330 - workers.proxy_pool - INFO - _worker_loop:363 - [2m2025-09-22T04:37:28.330463Z[0m [[32m[1minfo     [0m] [1m📋 Worker picked up command from queue[0m [[0m[1m[34mworkers.proxy_pool[0m][0m [36mcommand_id[0m=[35mOrders_Qries_page_next_1000[0m [36mentity[0m=[35mOrders_Qries[0m [36mqueue_size_after_pickup[0m=[35m5[0m [36mworker_id[0m=[35mworker_0[0m [36mworker_status[0m=[35mPROCESSING[0m
2025-09-22 10:07:28,330 - workers.proxy_pool - INFO - execute_command:51 - [2m2025-09-22T04:37:28.330463Z[0m [[32m[1minfo     [0m] [1m🚀 Worker starting command execution[0m [[0m[1m[34mworkers.proxy_pool[0m][0m [36mcommand_id[0m=[35mOrders_Qries_page_next_1000[0m [36mcommand_type[0m=[35mfetch_page[0m [36mentity[0m=[35mOrders_Qries[0m [36mpriority[0m=[35m1[0m [36mretry_count[0m=[35m0[0m [36mskip[0m=[35m1000[0m [36mtop[0m=[35m500[0m [36mworker_id[0m=[35mworker_0[0m
2025-09-22 10:07:28,333 - workers.proxy_pool - INFO - execute_command:74 - [2m2025-09-22T04:37:28.332482Z[0m [[32m[1minfo     [0m] [1m🔄 Worker executing request with resilience patterns[0m [[0m[1m[34mworkers.proxy_pool[0m][0m [36mcircuit_breaker_state[0m=[35mclosed[0m [36mcommand_id[0m=[35mOrders_Qries_page_next_1000[0m [36mworker_id[0m=[35mworker_0[0m
2025-09-22 10:07:28,333 - storage.transformer - WARNING - transform_odata_response:67 - [2m2025-09-22T04:37:28.333503Z[0m [[33m[1mwarning  [0m] [1mNo records found in response  [0m [[0m[1m[34mstorage.transformer[0m][0m [36mentity_name[0m=[35mOrder_Subtotals[0m
2025-09-22 10:07:28,335 - httpcore.http11 - DEBUG - atrace:87 - send_request_headers.started request=<Request [b'GET']>
2025-09-22 10:07:28,335 - httpcore.http11 - DEBUG - atrace:87 - send_request_headers.complete
2025-09-22 10:07:28,335 - httpcore.http11 - DEBUG - atrace:87 - send_request_body.started request=<Request [b'GET']>
2025-09-22 10:07:28,335 - httpcore.http11 - DEBUG - atrace:87 - send_request_body.complete
2025-09-22 10:07:28,335 - httpcore.http11 - DEBUG - atrace:87 - receive_response_headers.started request=<Request [b'GET']>
2025-09-22 10:07:28,584 - httpcore.http11 - DEBUG - atrace:87 - receive_response_headers.complete return_value=(b'HTTP/1.1', 200, b'OK', [(b'Content-Length', b'203'), (b'Content-Type', b'application/json;odata.metadata=minimal;odata.streaming=true;IEEE754Compatible=false;charset=utf-8'), (b'Date', b'Mon, 22 Sep 2025 04:37:29 GMT'), (b'Server', b'Microsoft-IIS/10.0'), (b'Access-Control-Allow-Headers', b'Accept, Origin, Content-Type, MaxDataServiceVersion'), (b'Access-Control-Allow-Methods', b'GET'), (b'Access-Control-Allow-Origin', b'*'), (b'Access-Control-Expose-Headers', b'DataServiceVersion'), (b'Cache-Control', b'private'), (b'Content-Encoding', b'gzip'), (b'Expires', b'Mon, 22 Sep 2025 04:38:27 GMT'), (b'Vary', b'*'), (b'X-Content-Type-Options', b'nosniff'), (b'OData-Version', b'4.0;'), (b'X-AspNet-Version', b'4.0.30319'), (b'X-Powered-By', b'ASP.NET')])
2025-09-22 10:07:28,584 - httpx - INFO - _send_single_request:1740 - HTTP Request: GET https://services.odata.org/V4/Northwind/Northwind.svc/Orders?%24skip=1000&%24top=500 "HTTP/1.1 200 OK"
2025-09-22 10:07:28,584 - httpcore.http11 - DEBUG - atrace:87 - receive_response_body.started request=<Request [b'GET']>
2025-09-22 10:07:28,584 - httpcore.http11 - DEBUG - atrace:87 - receive_response_body.complete
2025-09-22 10:07:28,584 - httpcore.http11 - DEBUG - atrace:87 - response_closed.started
2025-09-22 10:07:28,584 - httpcore.http11 - DEBUG - atrace:87 - response_closed.complete
2025-09-22 10:07:28,584 - workers.proxy_pool - INFO - _make_http_request:162 - [2m2025-09-22T04:37:28.584505Z[0m [[32m[1minfo     [0m] [1m📊 Worker successfully fetched data[0m [[0m[1m[34mworkers.proxy_pool[0m][0m [36mcommand_id[0m=[35mOrders_page_next_1000[0m [36mentity[0m=[35mOrders[0m [36mhas_next_page[0m=[35mFalse[0m [36mrecords_in_response[0m=[35m0[0m [36mworker_id[0m=[35mworker_2[0m
2025-09-22 10:07:28,584 - workers.proxy_pool - INFO - execute_command:85 - [2m2025-09-22T04:37:28.584505Z[0m [[32m[1minfo     [0m] [1m✅ Worker completed command successfully[0m [[0m[1m[34mworkers.proxy_pool[0m][0m [36mcommand_id[0m=[35mOrders_page_next_1000[0m [36mentity[0m=[35mOrders[0m [36mexecution_time_seconds[0m=[35m0.28[0m [36mhas_next_page[0m=[35mFalse[0m [36mrecords_fetched[0m=[35m0[0m [36mworker_id[0m=[35mworker_2[0m
2025-09-22 10:07:28,584 - workers.proxy_pool - INFO - _worker_loop:363 - [2m2025-09-22T04:37:28.584505Z[0m [[32m[1minfo     [0m] [1m📋 Worker picked up command from queue[0m [[0m[1m[34mworkers.proxy_pool[0m][0m [36mcommand_id[0m=[35mSummary_of_Sales_by_Quarters_page_next_1000[0m [36mentity[0m=[35mSummary_of_Sales_by_Quarters[0m [36mqueue_size_after_pickup[0m=[35m4[0m [36mworker_id[0m=[35mworker_2[0m [36mworker_status[0m=[35mPROCESSING[0m
2025-09-22 10:07:28,584 - workers.proxy_pool - INFO - execute_command:51 - [2m2025-09-22T04:37:28.584505Z[0m [[32m[1minfo     [0m] [1m🚀 Worker starting command execution[0m [[0m[1m[34mworkers.proxy_pool[0m][0m [36mcommand_id[0m=[35mSummary_of_Sales_by_Quarters_page_next_1000[0m [36mcommand_type[0m=[35mfetch_page[0m [36mentity[0m=[35mSummary_of_Sales_by_Quarters[0m [36mpriority[0m=[35m1[0m [36mretry_count[0m=[35m0[0m [36mskip[0m=[35m1000[0m [36mtop[0m=[35m500[0m [36mworker_id[0m=[35mworker_2[0m
2025-09-22 10:07:28,584 - workers.proxy_pool - INFO - execute_command:74 - [2m2025-09-22T04:37:28.584505Z[0m [[32m[1minfo     [0m] [1m🔄 Worker executing request with resilience patterns[0m [[0m[1m[34mworkers.proxy_pool[0m][0m [36mcircuit_breaker_state[0m=[35mclosed[0m [36mcommand_id[0m=[35mSummary_of_Sales_by_Quarters_page_next_1000[0m [36mworker_id[0m=[35mworker_2[0m
2025-09-22 10:07:28,584 - httpcore.http11 - DEBUG - atrace:87 - receive_response_headers.complete return_value=(b'HTTP/1.1', 200, b'OK', [(b'Content-Length', b'224'), (b'Content-Type', b'application/json;odata.metadata=minimal;odata.streaming=true;IEEE754Compatible=false;charset=utf-8'), (b'Date', b'Mon, 22 Sep 2025 04:37:29 GMT'), (b'Server', b'Microsoft-IIS/10.0'), (b'Access-Control-Allow-Headers', b'Accept, Origin, Content-Type, MaxDataServiceVersion'), (b'Access-Control-Allow-Methods', b'GET'), (b'Access-Control-Allow-Origin', b'*'), (b'Access-Control-Expose-Headers', b'DataServiceVersion'), (b'Cache-Control', b'private'), (b'Content-Encoding', b'gzip'), (b'Expires', b'Mon, 22 Sep 2025 04:38:27 GMT'), (b'Vary', b'*'), (b'X-Content-Type-Options', b'nosniff'), (b'OData-Version', b'4.0;'), (b'X-AspNet-Version', b'4.0.30319'), (b'X-Powered-By', b'ASP.NET')])
2025-09-22 10:07:28,584 - httpx - INFO - _send_single_request:1740 - HTTP Request: GET https://services.odata.org/V4/Northwind/Northwind.svc/Summary_of_Sales_by_Years?%24skip=1000&%24top=500 "HTTP/1.1 200 OK"
2025-09-22 10:07:28,584 - httpcore.http11 - DEBUG - atrace:87 - receive_response_body.started request=<Request [b'GET']>
2025-09-22 10:07:28,584 - httpcore.http11 - DEBUG - atrace:87 - receive_response_body.complete
2025-09-22 10:07:28,593 - httpcore.http11 - DEBUG - atrace:87 - response_closed.started
2025-09-22 10:07:28,593 - httpcore.http11 - DEBUG - atrace:87 - receive_response_headers.complete return_value=(b'HTTP/1.1', 200, b'OK', [(b'Content-Length', b'209'), (b'Content-Type', b'application/json;odata.metadata=minimal;odata.streaming=true;IEEE754Compatible=false;charset=utf-8'), (b'Date', b'Mon, 22 Sep 2025 04:37:29 GMT'), (b'Server', b'Microsoft-IIS/10.0'), (b'Access-Control-Allow-Headers', b'Accept, Origin, Content-Type, MaxDataServiceVersion'), (b'Access-Control-Allow-Methods', b'GET'), (b'Access-Control-Allow-Origin', b'*'), (b'Access-Control-Expose-Headers', b'DataServiceVersion'), (b'Cache-Control', b'private'), (b'Content-Encoding', b'gzip'), (b'Expires', b'Mon, 22 Sep 2025 04:38:28 GMT'), (b'Vary', b'*'), (b'X-Content-Type-Options', b'nosniff'), (b'OData-Version', b'4.0;'), (b'X-AspNet-Version', b'4.0.30319'), (b'X-Powered-By', b'ASP.NET')])
2025-09-22 10:07:28,593 - httpx - INFO - _send_single_request:1740 - HTTP Request: GET https://services.odata.org/V4/Northwind/Northwind.svc/Orders_Qries?%24skip=1000&%24top=500 "HTTP/1.1 200 OK"
2025-09-22 10:07:28,594 - httpcore.http11 - DEBUG - atrace:87 - receive_response_body.started request=<Request [b'GET']>
2025-09-22 10:07:28,594 - httpcore.http11 - DEBUG - atrace:87 - receive_response_body.complete
2025-09-22 10:07:28,594 - httpcore.http11 - DEBUG - atrace:87 - response_closed.started
2025-09-22 10:07:28,594 - storage.transformer - WARNING - transform_odata_response:67 - [2m2025-09-22T04:37:28.594589Z[0m [[33m[1mwarning  [0m] [1mNo records found in response  [0m [[0m[1m[34mstorage.transformer[0m][0m [36mentity_name[0m=[35mOrders[0m
2025-09-22 10:07:28,595 - httpcore.http11 - DEBUG - atrace:87 - send_request_headers.started request=<Request [b'GET']>
2025-09-22 10:07:28,595 - httpcore.http11 - DEBUG - atrace:87 - response_closed.complete
2025-09-22 10:07:28,595 - workers.proxy_pool - INFO - _make_http_request:162 - [2m2025-09-22T04:37:28.595713Z[0m [[32m[1minfo     [0m] [1m📊 Worker successfully fetched data[0m [[0m[1m[34mworkers.proxy_pool[0m][0m [36mcommand_id[0m=[35mSummary_of_Sales_by_Years_page_next_1000[0m [36mentity[0m=[35mSummary_of_Sales_by_Years[0m [36mhas_next_page[0m=[35mFalse[0m [36mrecords_in_response[0m=[35m0[0m [36mworker_id[0m=[35mworker_1[0m
2025-09-22 10:07:28,597 - workers.proxy_pool - INFO - execute_command:85 - [2m2025-09-22T04:37:28.595713Z[0m [[32m[1minfo     [0m] [1m✅ Worker completed command successfully[0m [[0m[1m[34mworkers.proxy_pool[0m][0m [36mcommand_id[0m=[35mSummary_of_Sales_by_Years_page_next_1000[0m [36mentity[0m=[35mSummary_of_Sales_by_Years[0m [36mexecution_time_seconds[0m=[35m0.31[0m [36mhas_next_page[0m=[35mFalse[0m [36mrecords_fetched[0m=[35m0[0m [36mworker_id[0m=[35mworker_1[0m
2025-09-22 10:07:28,597 - workers.proxy_pool - INFO - _worker_loop:363 - [2m2025-09-22T04:37:28.597223Z[0m [[32m[1minfo     [0m] [1m📋 Worker picked up command from queue[0m [[0m[1m[34mworkers.proxy_pool[0m][0m [36mcommand_id[0m=[35mOrder_Details_Extendeds_page_next_1000[0m [36mentity[0m=[35mOrder_Details_Extendeds[0m [36mqueue_size_after_pickup[0m=[35m3[0m [36mworker_id[0m=[35mworker_1[0m [36mworker_status[0m=[35mPROCESSING[0m
2025-09-22 10:07:28,597 - workers.proxy_pool - INFO - execute_command:51 - [2m2025-09-22T04:37:28.597732Z[0m [[32m[1minfo     [0m] [1m🚀 Worker starting command execution[0m [[0m[1m[34mworkers.proxy_pool[0m][0m [36mcommand_id[0m=[35mOrder_Details_Extendeds_page_next_1000[0m [36mcommand_type[0m=[35mfetch_page[0m [36mentity[0m=[35mOrder_Details_Extendeds[0m [36mpriority[0m=[35m1[0m [36mretry_count[0m=[35m0[0m [36mskip[0m=[35m1000[0m [36mtop[0m=[35m500[0m [36mworker_id[0m=[35mworker_1[0m
2025-09-22 10:07:28,598 - workers.proxy_pool - INFO - execute_command:74 - [2m2025-09-22T04:37:28.598437Z[0m [[32m[1minfo     [0m] [1m🔄 Worker executing request with resilience patterns[0m [[0m[1m[34mworkers.proxy_pool[0m][0m [36mcircuit_breaker_state[0m=[35mclosed[0m [36mcommand_id[0m=[35mOrder_Details_Extendeds_page_next_1000[0m [36mworker_id[0m=[35mworker_1[0m
2025-09-22 10:07:28,599 - httpcore.http11 - DEBUG - atrace:87 - response_closed.complete
2025-09-22 10:07:28,599 - workers.proxy_pool - INFO - _make_http_request:162 - [2m2025-09-22T04:37:28.599018Z[0m [[32m[1minfo     [0m] [1m📊 Worker successfully fetched data[0m [[0m[1m[34mworkers.proxy_pool[0m][0m [36mcommand_id[0m=[35mOrders_Qries_page_next_1000[0m [36mentity[0m=[35mOrders_Qries[0m [36mhas_next_page[0m=[35mFalse[0m [36mrecords_in_response[0m=[35m0[0m [36mworker_id[0m=[35mworker_0[0m
2025-09-22 10:07:28,599 - workers.proxy_pool - INFO - execute_command:85 - [2m2025-09-22T04:37:28.599018Z[0m [[32m[1minfo     [0m] [1m✅ Worker completed command successfully[0m [[0m[1m[34mworkers.proxy_pool[0m][0m [36mcommand_id[0m=[35mOrders_Qries_page_next_1000[0m [36mentity[0m=[35mOrders_Qries[0m [36mexecution_time_seconds[0m=[35m0.27[0m [36mhas_next_page[0m=[35mFalse[0m [36mrecords_fetched[0m=[35m0[0m [36mworker_id[0m=[35mworker_0[0m
2025-09-22 10:07:28,599 - workers.proxy_pool - INFO - _worker_loop:363 - [2m2025-09-22T04:37:28.599018Z[0m [[32m[1minfo     [0m] [1m📋 Worker picked up command from queue[0m [[0m[1m[34mworkers.proxy_pool[0m][0m [36mcommand_id[0m=[35mOrder_Details_Extendeds_page_next_1500[0m [36mentity[0m=[35mOrder_Details_Extendeds[0m [36mqueue_size_after_pickup[0m=[35m2[0m [36mworker_id[0m=[35mworker_0[0m [36mworker_status[0m=[35mPROCESSING[0m
2025-09-22 10:07:28,599 - workers.proxy_pool - INFO - execute_command:51 - [2m2025-09-22T04:37:28.599018Z[0m [[32m[1minfo     [0m] [1m🚀 Worker starting command execution[0m [[0m[1m[34mworkers.proxy_pool[0m][0m [36mcommand_id[0m=[35mOrder_Details_Extendeds_page_next_1500[0m [36mcommand_type[0m=[35mfetch_page[0m [36mentity[0m=[35mOrder_Details_Extendeds[0m [36mpriority[0m=[35m1[0m [36mretry_count[0m=[35m0[0m [36mskip[0m=[35m1500[0m [36mtop[0m=[35m500[0m [36mworker_id[0m=[35mworker_0[0m
2025-09-22 10:07:28,599 - workers.proxy_pool - INFO - execute_command:74 - [2m2025-09-22T04:37:28.599018Z[0m [[32m[1minfo     [0m] [1m🔄 Worker executing request with resilience patterns[0m [[0m[1m[34mworkers.proxy_pool[0m][0m [36mcircuit_breaker_state[0m=[35mclosed[0m [36mcommand_id[0m=[35mOrder_Details_Extendeds_page_next_1500[0m [36mworker_id[0m=[35mworker_0[0m
2025-09-22 10:07:28,603 - httpcore.http11 - DEBUG - atrace:87 - send_request_headers.complete
2025-09-22 10:07:28,603 - httpcore.http11 - DEBUG - atrace:87 - send_request_body.started request=<Request [b'GET']>
2025-09-22 10:07:28,603 - httpcore.http11 - DEBUG - atrace:87 - send_request_body.complete
2025-09-22 10:07:28,603 - httpcore.http11 - DEBUG - atrace:87 - receive_response_headers.started request=<Request [b'GET']>
2025-09-22 10:07:28,603 - storage.transformer - WARNING - transform_odata_response:67 - [2m2025-09-22T04:37:28.603052Z[0m [[33m[1mwarning  [0m] [1mNo records found in response  [0m [[0m[1m[34mstorage.transformer[0m][0m [36mentity_name[0m=[35mSummary_of_Sales_by_Years[0m
2025-09-22 10:07:28,603 - storage.transformer - WARNING - transform_odata_response:67 - [2m2025-09-22T04:37:28.603052Z[0m [[33m[1mwarning  [0m] [1mNo records found in response  [0m [[0m[1m[34mstorage.transformer[0m][0m [36mentity_name[0m=[35mOrders_Qries[0m
2025-09-22 10:07:28,603 - httpcore.http11 - DEBUG - atrace:87 - send_request_headers.started request=<Request [b'GET']>
2025-09-22 10:07:28,603 - httpcore.http11 - DEBUG - atrace:87 - send_request_headers.started request=<Request [b'GET']>
2025-09-22 10:07:28,605 - httpcore.http11 - DEBUG - atrace:87 - send_request_headers.complete
2025-09-22 10:07:28,605 - httpcore.http11 - DEBUG - atrace:87 - send_request_body.started request=<Request [b'GET']>
2025-09-22 10:07:28,605 - httpcore.http11 - DEBUG - atrace:87 - send_request_body.complete
2025-09-22 10:07:28,605 - httpcore.http11 - DEBUG - atrace:87 - receive_response_headers.started request=<Request [b'GET']>
2025-09-22 10:07:28,605 - httpcore.http11 - DEBUG - atrace:87 - send_request_headers.complete
2025-09-22 10:07:28,605 - httpcore.http11 - DEBUG - atrace:87 - send_request_body.started request=<Request [b'GET']>
2025-09-22 10:07:28,605 - httpcore.http11 - DEBUG - atrace:87 - send_request_body.complete
2025-09-22 10:07:28,605 - httpcore.http11 - DEBUG - atrace:87 - receive_response_headers.started request=<Request [b'GET']>
2025-09-22 10:07:28,896 - httpcore.http11 - DEBUG - atrace:87 - receive_response_headers.complete return_value=(b'HTTP/1.1', 200, b'OK', [(b'Content-Length', b'3388'), (b'Content-Type', b'application/json;odata.metadata=minimal;odata.streaming=true;IEEE754Compatible=false;charset=utf-8'), (b'Date', b'Mon, 22 Sep 2025 04:37:30 GMT'), (b'Server', b'Microsoft-IIS/10.0'), (b'Access-Control-Allow-Headers', b'Accept, Origin, Content-Type, MaxDataServiceVersion'), (b'Access-Control-Allow-Methods', b'GET'), (b'Access-Control-Allow-Origin', b'*'), (b'Access-Control-Expose-Headers', b'DataServiceVersion'), (b'Cache-Control', b'private'), (b'Content-Encoding', b'gzip'), (b'Expires', b'Mon, 22 Sep 2025 04:38:29 GMT'), (b'Vary', b'*'), (b'X-Content-Type-Options', b'nosniff'), (b'OData-Version', b'4.0;'), (b'X-AspNet-Version', b'4.0.30319'), (b'X-Powered-By', b'ASP.NET')])
2025-09-22 10:07:28,896 - httpx - INFO - _send_single_request:1740 - HTTP Request: GET https://services.odata.org/V4/Northwind/Northwind.svc/Order_Details_Extendeds?%24skip=1500&%24top=500 "HTTP/1.1 200 OK"
2025-09-22 10:07:28,898 - httpcore.http11 - DEBUG - atrace:87 - receive_response_body.started request=<Request [b'GET']>
2025-09-22 10:07:28,898 - httpcore.http11 - DEBUG - atrace:87 - receive_response_headers.complete return_value=(b'HTTP/1.1', 200, b'OK', [(b'Content-Length', b'226'), (b'Content-Type', b'application/json;odata.metadata=minimal;odata.streaming=true;IEEE754Compatible=false;charset=utf-8'), (b'Date', b'Mon, 22 Sep 2025 04:37:30 GMT'), (b'Server', b'Microsoft-IIS/10.0'), (b'Access-Control-Allow-Headers', b'Accept, Origin, Content-Type, MaxDataServiceVersion'), (b'Access-Control-Allow-Methods', b'GET'), (b'Access-Control-Allow-Origin', b'*'), (b'Access-Control-Expose-Headers', b'DataServiceVersion'), (b'Cache-Control', b'private'), (b'Content-Encoding', b'gzip'), (b'Expires', b'Mon, 22 Sep 2025 04:38:29 GMT'), (b'Vary', b'*'), (b'X-Content-Type-Options', b'nosniff'), (b'OData-Version', b'4.0;'), (b'X-AspNet-Version', b'4.0.30319'), (b'X-Powered-By', b'ASP.NET')])
2025-09-22 10:07:28,898 - httpx - INFO - _send_single_request:1740 - HTTP Request: GET https://services.odata.org/V4/Northwind/Northwind.svc/Summary_of_Sales_by_Quarters?%24skip=1000&%24top=500 "HTTP/1.1 200 OK"
2025-09-22 10:07:28,898 - httpcore.http11 - DEBUG - atrace:87 - receive_response_body.started request=<Request [b'GET']>
2025-09-22 10:07:28,898 - httpcore.http11 - DEBUG - atrace:87 - receive_response_body.complete
2025-09-22 10:07:28,898 - httpcore.http11 - DEBUG - atrace:87 - response_closed.started
2025-09-22 10:07:28,898 - httpcore.http11 - DEBUG - atrace:87 - receive_response_headers.complete return_value=(b'HTTP/1.1', 200, b'OK', [(b'Content-Length', b'3160'), (b'Content-Type', b'application/json;odata.metadata=minimal;odata.streaming=true;IEEE754Compatible=false;charset=utf-8'), (b'Date', b'Mon, 22 Sep 2025 04:37:30 GMT'), (b'Server', b'Microsoft-IIS/10.0'), (b'Access-Control-Allow-Headers', b'Accept, Origin, Content-Type, MaxDataServiceVersion'), (b'Access-Control-Allow-Methods', b'GET'), (b'Access-Control-Allow-Origin', b'*'), (b'Access-Control-Expose-Headers', b'DataServiceVersion'), (b'Cache-Control', b'private'), (b'Content-Encoding', b'gzip'), (b'Expires', b'Mon, 22 Sep 2025 04:38:26 GMT'), (b'Vary', b'*'), (b'X-Content-Type-Options', b'nosniff'), (b'OData-Version', b'4.0;'), (b'X-AspNet-Version', b'4.0.30319'), (b'X-Powered-By', b'ASP.NET')])
2025-09-22 10:07:28,898 - httpx - INFO - _send_single_request:1740 - HTTP Request: GET https://services.odata.org/V4/Northwind/Northwind.svc/Order_Details_Extendeds?%24skip=1000&%24top=500 "HTTP/1.1 200 OK"
2025-09-22 10:07:28,898 - httpcore.http11 - DEBUG - atrace:87 - receive_response_body.started request=<Request [b'GET']>
2025-09-22 10:07:28,898 - httpcore.http11 - DEBUG - atrace:87 - receive_response_body.complete
2025-09-22 10:07:28,898 - httpcore.http11 - DEBUG - atrace:87 - response_closed.started
2025-09-22 10:07:28,898 - httpcore.http11 - DEBUG - atrace:87 - receive_response_body.complete
2025-09-22 10:07:28,898 - httpcore.http11 - DEBUG - atrace:87 - response_closed.started
2025-09-22 10:07:28,898 - httpcore.http11 - DEBUG - atrace:87 - response_closed.complete
2025-09-22 10:07:28,898 - workers.proxy_pool - INFO - _make_http_request:162 - [2m2025-09-22T04:37:28.898876Z[0m [[32m[1minfo     [0m] [1m📊 Worker successfully fetched data[0m [[0m[1m[34mworkers.proxy_pool[0m][0m [36mcommand_id[0m=[35mSummary_of_Sales_by_Quarters_page_next_1000[0m [36mentity[0m=[35mSummary_of_Sales_by_Quarters[0m [36mhas_next_page[0m=[35mFalse[0m [36mrecords_in_response[0m=[35m0[0m [36mworker_id[0m=[35mworker_2[0m
2025-09-22 10:07:28,898 - workers.proxy_pool - INFO - execute_command:85 - [2m2025-09-22T04:37:28.898876Z[0m [[32m[1minfo     [0m] [1m✅ Worker completed command successfully[0m [[0m[1m[34mworkers.proxy_pool[0m][0m [36mcommand_id[0m=[35mSummary_of_Sales_by_Quarters_page_next_1000[0m [36mentity[0m=[35mSummary_of_Sales_by_Quarters[0m [36mexecution_time_seconds[0m=[35m0.31[0m [36mhas_next_page[0m=[35mFalse[0m [36mrecords_fetched[0m=[35m0[0m [36mworker_id[0m=[35mworker_2[0m
2025-09-22 10:07:28,898 - workers.proxy_pool - INFO - _worker_loop:363 - [2m2025-09-22T04:37:28.898876Z[0m [[32m[1minfo     [0m] [1m📋 Worker picked up command from queue[0m [[0m[1m[34mworkers.proxy_pool[0m][0m [36mcommand_id[0m=[35mOrder_Details_Extendeds_page_next_2000[0m [36mentity[0m=[35mOrder_Details_Extendeds[0m [36mqueue_size_after_pickup[0m=[35m1[0m [36mworker_id[0m=[35mworker_2[0m [36mworker_status[0m=[35mPROCESSING[0m
2025-09-22 10:07:28,898 - workers.proxy_pool - INFO - execute_command:51 - [2m2025-09-22T04:37:28.898876Z[0m [[32m[1minfo     [0m] [1m🚀 Worker starting command execution[0m [[0m[1m[34mworkers.proxy_pool[0m][0m [36mcommand_id[0m=[35mOrder_Details_Extendeds_page_next_2000[0m [36mcommand_type[0m=[35mfetch_page[0m [36mentity[0m=[35mOrder_Details_Extendeds[0m [36mpriority[0m=[35m1[0m [36mretry_count[0m=[35m0[0m [36mskip[0m=[35m2000[0m [36mtop[0m=[35m500[0m [36mworker_id[0m=[35mworker_2[0m
2025-09-22 10:07:28,898 - workers.proxy_pool - INFO - execute_command:74 - [2m2025-09-22T04:37:28.898876Z[0m [[32m[1minfo     [0m] [1m🔄 Worker executing request with resilience patterns[0m [[0m[1m[34mworkers.proxy_pool[0m][0m [36mcircuit_breaker_state[0m=[35mclosed[0m [36mcommand_id[0m=[35mOrder_Details_Extendeds_page_next_2000[0m [36mworker_id[0m=[35mworker_2[0m
2025-09-22 10:07:28,898 - httpcore.http11 - DEBUG - atrace:87 - response_closed.complete
2025-09-22 10:07:28,898 - workers.proxy_pool - INFO - _make_http_request:162 - [2m2025-09-22T04:37:28.898876Z[0m [[32m[1minfo     [0m] [1m📊 Worker successfully fetched data[0m [[0m[1m[34mworkers.proxy_pool[0m][0m [36mcommand_id[0m=[35mOrder_Details_Extendeds_page_next_1000[0m [36mentity[0m=[35mOrder_Details_Extendeds[0m [36mhas_next_page[0m=[35mTrue[0m [36mrecords_in_response[0m=[35m100[0m [36mworker_id[0m=[35mworker_1[0m
2025-09-22 10:07:28,898 - workers.proxy_pool - INFO - execute_command:85 - [2m2025-09-22T04:37:28.898876Z[0m [[32m[1minfo     [0m] [1m✅ Worker completed command successfully[0m [[0m[1m[34mworkers.proxy_pool[0m][0m [36mcommand_id[0m=[35mOrder_Details_Extendeds_page_next_1000[0m [36mentity[0m=[35mOrder_Details_Extendeds[0m [36mexecution_time_seconds[0m=[35m0.3[0m [36mhas_next_page[0m=[35mTrue[0m [36mrecords_fetched[0m=[35m100[0m [36mworker_id[0m=[35mworker_1[0m
2025-09-22 10:07:28,898 - workers.proxy_pool - INFO - _worker_loop:363 - [2m2025-09-22T04:37:28.898876Z[0m [[32m[1minfo     [0m] [1m📋 Worker picked up command from queue[0m [[0m[1m[34mworkers.proxy_pool[0m][0m [36mcommand_id[0m=[35mOrder_Subtotals_page_next_1000[0m [36mentity[0m=[35mOrder_Subtotals[0m [36mqueue_size_after_pickup[0m=[35m0[0m [36mworker_id[0m=[35mworker_1[0m [36mworker_status[0m=[35mPROCESSING[0m
2025-09-22 10:07:28,898 - workers.proxy_pool - INFO - execute_command:51 - [2m2025-09-22T04:37:28.898876Z[0m [[32m[1minfo     [0m] [1m🚀 Worker starting command execution[0m [[0m[1m[34mworkers.proxy_pool[0m][0m [36mcommand_id[0m=[35mOrder_Subtotals_page_next_1000[0m [36mcommand_type[0m=[35mfetch_page[0m [36mentity[0m=[35mOrder_Subtotals[0m [36mpriority[0m=[35m1[0m [36mretry_count[0m=[35m0[0m [36mskip[0m=[35m1000[0m [36mtop[0m=[35m500[0m [36mworker_id[0m=[35mworker_1[0m
2025-09-22 10:07:28,898 - workers.proxy_pool - INFO - execute_command:74 - [2m2025-09-22T04:37:28.898876Z[0m [[32m[1minfo     [0m] [1m🔄 Worker executing request with resilience patterns[0m [[0m[1m[34mworkers.proxy_pool[0m][0m [36mcircuit_breaker_state[0m=[35mclosed[0m [36mcommand_id[0m=[35mOrder_Subtotals_page_next_1000[0m [36mworker_id[0m=[35mworker_1[0m
2025-09-22 10:07:28,904 - httpcore.http11 - DEBUG - atrace:87 - response_closed.complete
2025-09-22 10:07:28,904 - workers.proxy_pool - INFO - _make_http_request:162 - [2m2025-09-22T04:37:28.904504Z[0m [[32m[1minfo     [0m] [1m📊 Worker successfully fetched data[0m [[0m[1m[34mworkers.proxy_pool[0m][0m [36mcommand_id[0m=[35mOrder_Details_Extendeds_page_next_1500[0m [36mentity[0m=[35mOrder_Details_Extendeds[0m [36mhas_next_page[0m=[35mTrue[0m [36mrecords_in_response[0m=[35m100[0m [36mworker_id[0m=[35mworker_0[0m
2025-09-22 10:07:28,904 - workers.proxy_pool - INFO - execute_command:85 - [2m2025-09-22T04:37:28.904504Z[0m [[32m[1minfo     [0m] [1m✅ Worker completed command successfully[0m [[0m[1m[34mworkers.proxy_pool[0m][0m [36mcommand_id[0m=[35mOrder_Details_Extendeds_page_next_1500[0m [36mentity[0m=[35mOrder_Details_Extendeds[0m [36mexecution_time_seconds[0m=[35m0.31[0m [36mhas_next_page[0m=[35mTrue[0m [36mrecords_fetched[0m=[35m100[0m [36mworker_id[0m=[35mworker_0[0m
2025-09-22 10:07:28,905 - storage.transformer - WARNING - transform_odata_response:67 - [2m2025-09-22T04:37:28.905640Z[0m [[33m[1mwarning  [0m] [1mNo records found in response  [0m [[0m[1m[34mstorage.transformer[0m][0m [36mentity_name[0m=[35mSummary_of_Sales_by_Quarters[0m
2025-09-22 10:07:28,906 - storage.transformer - INFO - transform_odata_response:96 - [2m2025-09-22T04:37:28.906887Z[0m [[32m[1minfo     [0m] [1mTransformation completed      [0m [[0m[1m[34mstorage.transformer[0m][0m [36mentity_name[0m=[35mOrder_Details_Extendeds[0m [36minput_records[0m=[35m100[0m [36moutput_records[0m=[35m100[0m
2025-09-22 10:07:28,906 - storage.local_storage - INFO - store_processed_records:131 - [2m2025-09-22T04:37:28.906887Z[0m [[32m[1minfo     [0m] [1mStoring processed records     [0m [[0m[1m[34mstorage.local_storage[0m][0m [36mentity_name[0m=[35mOrder_Details_Extendeds[0m [36mformat[0m=[35mjson[0m [36mrecord_count[0m=[35m100[0m
2025-09-22 10:07:28,906 - storage.local_storage - INFO - store_processed_records:142 - [2m2025-09-22T04:37:28.906887Z[0m [[32m[1minfo     [0m] [1mSuccessfully stored processed records[0m [[0m[1m[34mstorage.local_storage[0m][0m [36mentity_name[0m=[35mOrder_Details_Extendeds[0m [36mfile_path[0m=[35m./test_output/processed\Order_Details_Extendeds_20250922_043728.json[0m [36mrecord_count[0m=[35m100[0m
2025-09-22 10:07:28,910 - storage.local_storage - INFO - store_raw_response:83 - [2m2025-09-22T04:37:28.910326Z[0m [[32m[1minfo     [0m] [1mSuccessfully stored raw data  [0m [[0m[1m[34mstorage.local_storage[0m][0m [36mentity_name[0m=[35mOrder_Details_Extendeds[0m [36mfile_path[0m=[35m./test_output/raw\Order_Details_Extendeds\2025/09/22\04\Order_Details_Extendeds_page_next_1000.json[0m [36msize_bytes[0m=[35m22089[0m
2025-09-22 10:07:28,910 - storage.transformer - INFO - transform_odata_response:96 - [2m2025-09-22T04:37:28.910914Z[0m [[32m[1minfo     [0m] [1mTransformation completed      [0m [[0m[1m[34mstorage.transformer[0m][0m [36mentity_name[0m=[35mOrder_Details_Extendeds[0m [36minput_records[0m=[35m100[0m [36moutput_records[0m=[35m100[0m
2025-09-22 10:07:28,912 - storage.local_storage - INFO - store_processed_records:131 - [2m2025-09-22T04:37:28.912923Z[0m [[32m[1minfo     [0m] [1mStoring processed records     [0m [[0m[1m[34mstorage.local_storage[0m][0m [36mentity_name[0m=[35mOrder_Details_Extendeds[0m [36mformat[0m=[35mjson[0m [36mrecord_count[0m=[35m100[0m
2025-09-22 10:07:28,914 - storage.local_storage - INFO - store_processed_records:142 - [2m2025-09-22T04:37:28.914254Z[0m [[32m[1minfo     [0m] [1mSuccessfully stored processed records[0m [[0m[1m[34mstorage.local_storage[0m][0m [36mentity_name[0m=[35mOrder_Details_Extendeds[0m [36mfile_path[0m=[35m./test_output/processed\Order_Details_Extendeds_20250922_043728.json[0m [36mrecord_count[0m=[35m100[0m
2025-09-22 10:07:28,914 - storage.local_storage - INFO - store_raw_response:83 - [2m2025-09-22T04:37:28.914254Z[0m [[32m[1minfo     [0m] [1mSuccessfully stored raw data  [0m [[0m[1m[34mstorage.local_storage[0m][0m [36mentity_name[0m=[35mOrder_Details_Extendeds[0m [36mfile_path[0m=[35m./test_output/raw\Order_Details_Extendeds\2025/09/22\04\Order_Details_Extendeds_page_next_1500.json[0m [36msize_bytes[0m=[35m22429[0m
2025-09-22 10:07:28,914 - httpcore.http11 - DEBUG - atrace:87 - send_request_headers.started request=<Request [b'GET']>
2025-09-22 10:07:28,914 - httpcore.http11 - DEBUG - atrace:87 - send_request_headers.started request=<Request [b'GET']>
2025-09-22 10:07:28,914 - workers.proxy_pool - INFO - _worker_loop:363 - [2m2025-09-22T04:37:28.914254Z[0m [[32m[1minfo     [0m] [1m📋 Worker picked up command from queue[0m [[0m[1m[34mworkers.proxy_pool[0m][0m [36mcommand_id[0m=[35mOrder_Details_Extendeds_page_next_1500[0m [36mentity[0m=[35mOrder_Details_Extendeds[0m [36mqueue_size_after_pickup[0m=[35m1[0m [36mworker_id[0m=[35mworker_0[0m [36mworker_status[0m=[35mPROCESSING[0m
2025-09-22 10:07:28,917 - workers.proxy_pool - INFO - execute_command:51 - [2m2025-09-22T04:37:28.917546Z[0m [[32m[1minfo     [0m] [1m🚀 Worker starting command execution[0m [[0m[1m[34mworkers.proxy_pool[0m][0m [36mcommand_id[0m=[35mOrder_Details_Extendeds_page_next_1500[0m [36mcommand_type[0m=[35mfetch_page[0m [36mentity[0m=[35mOrder_Details_Extendeds[0m [36mpriority[0m=[35m1[0m [36mretry_count[0m=[35m0[0m [36mskip[0m=[35m1500[0m [36mtop[0m=[35m500[0m [36mworker_id[0m=[35mworker_0[0m
2025-09-22 10:07:28,917 - workers.proxy_pool - INFO - execute_command:74 - [2m2025-09-22T04:37:28.917546Z[0m [[32m[1minfo     [0m] [1m🔄 Worker executing request with resilience patterns[0m [[0m[1m[34mworkers.proxy_pool[0m][0m [36mcircuit_breaker_state[0m=[35mclosed[0m [36mcommand_id[0m=[35mOrder_Details_Extendeds_page_next_1500[0m [36mworker_id[0m=[35mworker_0[0m
2025-09-22 10:07:28,918 - httpcore.http11 - DEBUG - atrace:87 - send_request_headers.complete
2025-09-22 10:07:28,918 - httpcore.http11 - DEBUG - atrace:87 - send_request_body.started request=<Request [b'GET']>
2025-09-22 10:07:28,918 - httpcore.http11 - DEBUG - atrace:87 - send_request_body.complete
2025-09-22 10:07:28,918 - httpcore.http11 - DEBUG - atrace:87 - receive_response_headers.started request=<Request [b'GET']>
2025-09-22 10:07:28,918 - httpcore.http11 - DEBUG - atrace:87 - send_request_headers.complete
2025-09-22 10:07:28,918 - httpcore.http11 - DEBUG - atrace:87 - send_request_body.started request=<Request [b'GET']>
2025-09-22 10:07:28,918 - httpcore.http11 - DEBUG - atrace:87 - send_request_body.complete
2025-09-22 10:07:28,918 - httpcore.http11 - DEBUG - atrace:87 - receive_response_headers.started request=<Request [b'GET']>
2025-09-22 10:07:28,918 - httpcore.http11 - DEBUG - atrace:87 - send_request_headers.started request=<Request [b'GET']>
2025-09-22 10:07:28,918 - httpcore.http11 - DEBUG - atrace:87 - send_request_headers.complete
2025-09-22 10:07:28,918 - httpcore.http11 - DEBUG - atrace:87 - send_request_body.started request=<Request [b'GET']>
2025-09-22 10:07:28,918 - httpcore.http11 - DEBUG - atrace:87 - send_request_body.complete
2025-09-22 10:07:28,918 - httpcore.http11 - DEBUG - atrace:87 - receive_response_headers.started request=<Request [b'GET']>
2025-09-22 10:07:29,199 - httpcore.http11 - DEBUG - atrace:87 - receive_response_headers.complete return_value=(b'HTTP/1.1', 200, b'OK', [(b'Content-Length', b'3388'), (b'Content-Type', b'application/json;odata.metadata=minimal;odata.streaming=true;IEEE754Compatible=false;charset=utf-8'), (b'Date', b'Mon, 22 Sep 2025 04:37:30 GMT'), (b'Server', b'Microsoft-IIS/10.0'), (b'Access-Control-Allow-Headers', b'Accept, Origin, Content-Type, MaxDataServiceVersion'), (b'Access-Control-Allow-Methods', b'GET'), (b'Access-Control-Allow-Origin', b'*'), (b'Access-Control-Expose-Headers', b'DataServiceVersion'), (b'Cache-Control', b'private'), (b'Content-Encoding', b'gzip'), (b'Expires', b'Mon, 22 Sep 2025 04:38:29 GMT'), (b'Vary', b'*'), (b'X-Content-Type-Options', b'nosniff'), (b'OData-Version', b'4.0;'), (b'X-AspNet-Version', b'4.0.30319'), (b'X-Powered-By', b'ASP.NET')])
2025-09-22 10:07:29,199 - httpx - INFO - _send_single_request:1740 - HTTP Request: GET https://services.odata.org/V4/Northwind/Northwind.svc/Order_Details_Extendeds?%24skip=1500&%24top=500 "HTTP/1.1 200 OK"
2025-09-22 10:07:29,199 - httpcore.http11 - DEBUG - atrace:87 - receive_response_body.started request=<Request [b'GET']>
2025-09-22 10:07:29,199 - httpcore.http11 - DEBUG - atrace:87 - receive_response_body.complete
2025-09-22 10:07:29,199 - httpcore.http11 - DEBUG - atrace:87 - response_closed.started
2025-09-22 10:07:29,199 - httpcore.http11 - DEBUG - atrace:87 - receive_response_headers.complete return_value=(b'HTTP/1.1', 200, b'OK', [(b'Content-Length', b'3286'), (b'Content-Type', b'application/json;odata.metadata=minimal;odata.streaming=true;IEEE754Compatible=false;charset=utf-8'), (b'Date', b'Mon, 22 Sep 2025 04:37:30 GMT'), (b'Server', b'Microsoft-IIS/10.0'), (b'Access-Control-Allow-Headers', b'Accept, Origin, Content-Type, MaxDataServiceVersion'), (b'Access-Control-Allow-Methods', b'GET'), (b'Access-Control-Allow-Origin', b'*'), (b'Access-Control-Expose-Headers', b'DataServiceVersion'), (b'Cache-Control', b'private'), (b'Content-Encoding', b'gzip'), (b'Expires', b'Mon, 22 Sep 2025 04:38:30 GMT'), (b'Vary', b'*'), (b'X-Content-Type-Options', b'nosniff'), (b'OData-Version', b'4.0;'), (b'X-AspNet-Version', b'4.0.30319'), (b'X-Powered-By', b'ASP.NET')])
2025-09-22 10:07:29,199 - httpx - INFO - _send_single_request:1740 - HTTP Request: GET https://services.odata.org/V4/Northwind/Northwind.svc/Order_Details_Extendeds?%24skip=2000&%24top=500 "HTTP/1.1 200 OK"
2025-09-22 10:07:29,199 - httpcore.http11 - DEBUG - atrace:87 - receive_response_body.started request=<Request [b'GET']>
2025-09-22 10:07:29,207 - httpcore.http11 - DEBUG - atrace:87 - receive_response_body.complete
2025-09-22 10:07:29,207 - httpcore.http11 - DEBUG - atrace:87 - response_closed.started
2025-09-22 10:07:29,207 - httpcore.http11 - DEBUG - atrace:87 - receive_response_headers.complete return_value=(b'HTTP/1.1', 200, b'OK', [(b'Content-Length', b'212'), (b'Content-Type', b'application/json;odata.metadata=minimal;odata.streaming=true;IEEE754Compatible=false;charset=utf-8'), (b'Date', b'Mon, 22 Sep 2025 04:37:30 GMT'), (b'Server', b'Microsoft-IIS/10.0'), (b'Access-Control-Allow-Headers', b'Accept, Origin, Content-Type, MaxDataServiceVersion'), (b'Access-Control-Allow-Methods', b'GET'), (b'Access-Control-Allow-Origin', b'*'), (b'Access-Control-Expose-Headers', b'DataServiceVersion'), (b'Cache-Control', b'private'), (b'Content-Encoding', b'gzip'), (b'Expires', b'Mon, 22 Sep 2025 04:38:30 GMT'), (b'Vary', b'*'), (b'X-Content-Type-Options', b'nosniff'), (b'OData-Version', b'4.0;'), (b'X-AspNet-Version', b'4.0.30319'), (b'X-Powered-By', b'ASP.NET')])
2025-09-22 10:07:29,207 - httpx - INFO - _send_single_request:1740 - HTTP Request: GET https://services.odata.org/V4/Northwind/Northwind.svc/Order_Subtotals?%24skip=1000&%24top=500 "HTTP/1.1 200 OK"
2025-09-22 10:07:29,207 - httpcore.http11 - DEBUG - atrace:87 - receive_response_body.started request=<Request [b'GET']>
2025-09-22 10:07:29,207 - httpcore.http11 - DEBUG - atrace:87 - receive_response_body.complete
2025-09-22 10:07:29,207 - httpcore.http11 - DEBUG - atrace:87 - response_closed.started
2025-09-22 10:07:29,207 - httpcore.http11 - DEBUG - atrace:87 - response_closed.complete
2025-09-22 10:07:29,210 - workers.proxy_pool - INFO - _make_http_request:162 - [2m2025-09-22T04:37:29.210398Z[0m [[32m[1minfo     [0m] [1m📊 Worker successfully fetched data[0m [[0m[1m[34mworkers.proxy_pool[0m][0m [36mcommand_id[0m=[35mOrder_Details_Extendeds_page_next_1500[0m [36mentity[0m=[35mOrder_Details_Extendeds[0m [36mhas_next_page[0m=[35mTrue[0m [36mrecords_in_response[0m=[35m100[0m [36mworker_id[0m=[35mworker_0[0m
2025-09-22 10:07:29,210 - workers.proxy_pool - INFO - execute_command:85 - [2m2025-09-22T04:37:29.210908Z[0m [[32m[1minfo     [0m] [1m✅ Worker completed command successfully[0m [[0m[1m[34mworkers.proxy_pool[0m][0m [36mcommand_id[0m=[35mOrder_Details_Extendeds_page_next_1500[0m [36mentity[0m=[35mOrder_Details_Extendeds[0m [36mexecution_time_seconds[0m=[35m0.28[0m [36mhas_next_page[0m=[35mTrue[0m [36mrecords_fetched[0m=[35m100[0m [36mworker_id[0m=[35mworker_0[0m
2025-09-22 10:07:29,210 - workers.proxy_pool - INFO - _worker_loop:363 - [2m2025-09-22T04:37:29.210908Z[0m [[32m[1minfo     [0m] [1m📋 Worker picked up command from queue[0m [[0m[1m[34mworkers.proxy_pool[0m][0m [36mcommand_id[0m=[35mOrder_Details_Extendeds_page_next_2000[0m [36mentity[0m=[35mOrder_Details_Extendeds[0m [36mqueue_size_after_pickup[0m=[35m0[0m [36mworker_id[0m=[35mworker_0[0m [36mworker_status[0m=[35mPROCESSING[0m
2025-09-22 10:07:29,210 - workers.proxy_pool - INFO - execute_command:51 - [2m2025-09-22T04:37:29.210908Z[0m [[32m[1minfo     [0m] [1m🚀 Worker starting command execution[0m [[0m[1m[34mworkers.proxy_pool[0m][0m [36mcommand_id[0m=[35mOrder_Details_Extendeds_page_next_2000[0m [36mcommand_type[0m=[35mfetch_page[0m [36mentity[0m=[35mOrder_Details_Extendeds[0m [36mpriority[0m=[35m1[0m [36mretry_count[0m=[35m0[0m [36mskip[0m=[35m2000[0m [36mtop[0m=[35m500[0m [36mworker_id[0m=[35mworker_0[0m
2025-09-22 10:07:29,212 - workers.proxy_pool - INFO - execute_command:74 - [2m2025-09-22T04:37:29.212689Z[0m [[32m[1minfo     [0m] [1m🔄 Worker executing request with resilience patterns[0m [[0m[1m[34mworkers.proxy_pool[0m][0m [36mcircuit_breaker_state[0m=[35mclosed[0m [36mcommand_id[0m=[35mOrder_Details_Extendeds_page_next_2000[0m [36mworker_id[0m=[35mworker_0[0m
2025-09-22 10:07:29,213 - httpcore.http11 - DEBUG - atrace:87 - response_closed.complete
2025-09-22 10:07:29,214 - workers.proxy_pool - INFO - _make_http_request:162 - [2m2025-09-22T04:37:29.213621Z[0m [[32m[1minfo     [0m] [1m📊 Worker successfully fetched data[0m [[0m[1m[34mworkers.proxy_pool[0m][0m [36mcommand_id[0m=[35mOrder_Details_Extendeds_page_next_2000[0m [36mentity[0m=[35mOrder_Details_Extendeds[0m [36mhas_next_page[0m=[35mTrue[0m [36mrecords_in_response[0m=[35m100[0m [36mworker_id[0m=[35mworker_2[0m
2025-09-22 10:07:29,214 - workers.proxy_pool - INFO - execute_command:85 - [2m2025-09-22T04:37:29.214486Z[0m [[32m[1minfo     [0m] [1m✅ Worker completed command successfully[0m [[0m[1m[34mworkers.proxy_pool[0m][0m [36mcommand_id[0m=[35mOrder_Details_Extendeds_page_next_2000[0m [36mentity[0m=[35mOrder_Details_Extendeds[0m [36mexecution_time_seconds[0m=[35m0.33[0m [36mhas_next_page[0m=[35mTrue[0m [36mrecords_fetched[0m=[35m100[0m [36mworker_id[0m=[35mworker_2[0m
2025-09-22 10:07:29,214 - httpcore.http11 - DEBUG - atrace:87 - response_closed.complete
2025-09-22 10:07:29,214 - workers.proxy_pool - INFO - _make_http_request:162 - [2m2025-09-22T04:37:29.214486Z[0m [[32m[1minfo     [0m] [1m📊 Worker successfully fetched data[0m [[0m[1m[34mworkers.proxy_pool[0m][0m [36mcommand_id[0m=[35mOrder_Subtotals_page_next_1000[0m [36mentity[0m=[35mOrder_Subtotals[0m [36mhas_next_page[0m=[35mFalse[0m [36mrecords_in_response[0m=[35m0[0m [36mworker_id[0m=[35mworker_1[0m
2025-09-22 10:07:29,215 - workers.proxy_pool - INFO - execute_command:85 - [2m2025-09-22T04:37:29.215575Z[0m [[32m[1minfo     [0m] [1m✅ Worker completed command successfully[0m [[0m[1m[34mworkers.proxy_pool[0m][0m [36mcommand_id[0m=[35mOrder_Subtotals_page_next_1000[0m [36mentity[0m=[35mOrder_Subtotals[0m [36mexecution_time_seconds[0m=[35m0.33[0m [36mhas_next_page[0m=[35mFalse[0m [36mrecords_fetched[0m=[35m0[0m [36mworker_id[0m=[35mworker_1[0m
2025-09-22 10:07:29,217 - storage.transformer - INFO - transform_odata_response:96 - [2m2025-09-22T04:37:29.217322Z[0m [[32m[1minfo     [0m] [1mTransformation completed      [0m [[0m[1m[34mstorage.transformer[0m][0m [36mentity_name[0m=[35mOrder_Details_Extendeds[0m [36minput_records[0m=[35m100[0m [36moutput_records[0m=[35m100[0m
2025-09-22 10:07:29,217 - storage.local_storage - INFO - store_processed_records:131 - [2m2025-09-22T04:37:29.217832Z[0m [[32m[1minfo     [0m] [1mStoring processed records     [0m [[0m[1m[34mstorage.local_storage[0m][0m [36mentity_name[0m=[35mOrder_Details_Extendeds[0m [36mformat[0m=[35mjson[0m [36mrecord_count[0m=[35m100[0m
2025-09-22 10:07:29,217 - storage.local_storage - INFO - store_processed_records:142 - [2m2025-09-22T04:37:29.217832Z[0m [[32m[1minfo     [0m] [1mSuccessfully stored processed records[0m [[0m[1m[34mstorage.local_storage[0m][0m [36mentity_name[0m=[35mOrder_Details_Extendeds[0m [36mfile_path[0m=[35m./test_output/processed\Order_Details_Extendeds_20250922_043729.json[0m [36mrecord_count[0m=[35m100[0m
2025-09-22 10:07:29,217 - storage.local_storage - INFO - store_raw_response:83 - [2m2025-09-22T04:37:29.217832Z[0m [[32m[1minfo     [0m] [1mSuccessfully stored raw data  [0m [[0m[1m[34mstorage.local_storage[0m][0m [36mentity_name[0m=[35mOrder_Details_Extendeds[0m [36mfile_path[0m=[35m./test_output/raw\Order_Details_Extendeds\2025/09/22\04\Order_Details_Extendeds_page_next_1500.json[0m [36msize_bytes[0m=[35m22429[0m
2025-09-22 10:07:29,217 - storage.transformer - INFO - transform_odata_response:96 - [2m2025-09-22T04:37:29.217832Z[0m [[32m[1minfo     [0m] [1mTransformation completed      [0m [[0m[1m[34mstorage.transformer[0m][0m [36mentity_name[0m=[35mOrder_Details_Extendeds[0m [36minput_records[0m=[35m100[0m [36moutput_records[0m=[35m100[0m
2025-09-22 10:07:29,217 - storage.local_storage - INFO - store_processed_records:131 - [2m2025-09-22T04:37:29.217832Z[0m [[32m[1minfo     [0m] [1mStoring processed records     [0m [[0m[1m[34mstorage.local_storage[0m][0m [36mentity_name[0m=[35mOrder_Details_Extendeds[0m [36mformat[0m=[35mjson[0m [36mrecord_count[0m=[35m100[0m
2025-09-22 10:07:29,217 - storage.local_storage - INFO - store_processed_records:142 - [2m2025-09-22T04:37:29.217832Z[0m [[32m[1minfo     [0m] [1mSuccessfully stored processed records[0m [[0m[1m[34mstorage.local_storage[0m][0m [36mentity_name[0m=[35mOrder_Details_Extendeds[0m [36mfile_path[0m=[35m./test_output/processed\Order_Details_Extendeds_20250922_043729.json[0m [36mrecord_count[0m=[35m100[0m
2025-09-22 10:07:29,224 - storage.local_storage - INFO - store_raw_response:83 - [2m2025-09-22T04:37:29.224870Z[0m [[32m[1minfo     [0m] [1mSuccessfully stored raw data  [0m [[0m[1m[34mstorage.local_storage[0m][0m [36mentity_name[0m=[35mOrder_Details_Extendeds[0m [36mfile_path[0m=[35m./test_output/raw\Order_Details_Extendeds\2025/09/22\04\Order_Details_Extendeds_page_next_2000.json[0m [36msize_bytes[0m=[35m22381[0m
2025-09-22 10:07:29,224 - storage.transformer - WARNING - transform_odata_response:67 - [2m2025-09-22T04:37:29.224870Z[0m [[33m[1mwarning  [0m] [1mNo records found in response  [0m [[0m[1m[34mstorage.transformer[0m][0m [36mentity_name[0m=[35mOrder_Subtotals[0m
2025-09-22 10:07:29,224 - httpcore.http11 - DEBUG - atrace:87 - send_request_headers.started request=<Request [b'GET']>
2025-09-22 10:07:29,224 - workers.proxy_pool - INFO - _worker_loop:363 - [2m2025-09-22T04:37:29.224870Z[0m [[32m[1minfo     [0m] [1m📋 Worker picked up command from queue[0m [[0m[1m[34mworkers.proxy_pool[0m][0m [36mcommand_id[0m=[35mOrder_Details_Extendeds_page_next_2000[0m [36mentity[0m=[35mOrder_Details_Extendeds[0m [36mqueue_size_after_pickup[0m=[35m1[0m [36mworker_id[0m=[35mworker_2[0m [36mworker_status[0m=[35mPROCESSING[0m
2025-09-22 10:07:29,227 - workers.proxy_pool - INFO - execute_command:51 - [2m2025-09-22T04:37:29.227816Z[0m [[32m[1minfo     [0m] [1m🚀 Worker starting command execution[0m [[0m[1m[34mworkers.proxy_pool[0m][0m [36mcommand_id[0m=[35mOrder_Details_Extendeds_page_next_2000[0m [36mcommand_type[0m=[35mfetch_page[0m [36mentity[0m=[35mOrder_Details_Extendeds[0m [36mpriority[0m=[35m1[0m [36mretry_count[0m=[35m0[0m [36mskip[0m=[35m2000[0m [36mtop[0m=[35m500[0m [36mworker_id[0m=[35mworker_2[0m
2025-09-22 10:07:29,227 - workers.proxy_pool - INFO - execute_command:74 - [2m2025-09-22T04:37:29.227816Z[0m [[32m[1minfo     [0m] [1m🔄 Worker executing request with resilience patterns[0m [[0m[1m[34mworkers.proxy_pool[0m][0m [36mcircuit_breaker_state[0m=[35mclosed[0m [36mcommand_id[0m=[35mOrder_Details_Extendeds_page_next_2000[0m [36mworker_id[0m=[35mworker_2[0m
2025-09-22 10:07:29,229 - workers.proxy_pool - INFO - _worker_loop:363 - [2m2025-09-22T04:37:29.229825Z[0m [[32m[1minfo     [0m] [1m📋 Worker picked up command from queue[0m [[0m[1m[34mworkers.proxy_pool[0m][0m [36mcommand_id[0m=[35mOrder_Details_Extendeds_page_next_2500[0m [36mentity[0m=[35mOrder_Details_Extendeds[0m [36mqueue_size_after_pickup[0m=[35m0[0m [36mworker_id[0m=[35mworker_1[0m [36mworker_status[0m=[35mPROCESSING[0m
2025-09-22 10:07:29,229 - workers.proxy_pool - INFO - execute_command:51 - [2m2025-09-22T04:37:29.229825Z[0m [[32m[1minfo     [0m] [1m🚀 Worker starting command execution[0m [[0m[1m[34mworkers.proxy_pool[0m][0m [36mcommand_id[0m=[35mOrder_Details_Extendeds_page_next_2500[0m [36mcommand_type[0m=[35mfetch_page[0m [36mentity[0m=[35mOrder_Details_Extendeds[0m [36mpriority[0m=[35m1[0m [36mretry_count[0m=[35m0[0m [36mskip[0m=[35m2500[0m [36mtop[0m=[35m500[0m [36mworker_id[0m=[35mworker_1[0m
2025-09-22 10:07:29,230 - workers.proxy_pool - INFO - execute_command:74 - [2m2025-09-22T04:37:29.230956Z[0m [[32m[1minfo     [0m] [1m🔄 Worker executing request with resilience patterns[0m [[0m[1m[34mworkers.proxy_pool[0m][0m [36mcircuit_breaker_state[0m=[35mclosed[0m [36mcommand_id[0m=[35mOrder_Details_Extendeds_page_next_2500[0m [36mworker_id[0m=[35mworker_1[0m
2025-09-22 10:07:29,231 - httpcore.http11 - DEBUG - atrace:87 - send_request_headers.complete
2025-09-22 10:07:29,231 - httpcore.http11 - DEBUG - atrace:87 - send_request_body.started request=<Request [b'GET']>
2025-09-22 10:07:29,231 - httpcore.http11 - DEBUG - atrace:87 - send_request_body.complete
2025-09-22 10:07:29,231 - httpcore.http11 - DEBUG - atrace:87 - receive_response_headers.started request=<Request [b'GET']>
2025-09-22 10:07:29,231 - httpcore.http11 - DEBUG - atrace:87 - send_request_headers.started request=<Request [b'GET']>
2025-09-22 10:07:29,231 - httpcore.http11 - DEBUG - atrace:87 - send_request_headers.complete
2025-09-22 10:07:29,231 - httpcore.http11 - DEBUG - atrace:87 - send_request_body.started request=<Request [b'GET']>
2025-09-22 10:07:29,231 - httpcore.http11 - DEBUG - atrace:87 - send_request_body.complete
2025-09-22 10:07:29,231 - httpcore.http11 - DEBUG - atrace:87 - receive_response_headers.started request=<Request [b'GET']>
2025-09-22 10:07:29,231 - httpcore.http11 - DEBUG - atrace:87 - send_request_headers.started request=<Request [b'GET']>
2025-09-22 10:07:29,232 - httpcore.http11 - DEBUG - atrace:87 - send_request_headers.complete
2025-09-22 10:07:29,232 - httpcore.http11 - DEBUG - atrace:87 - send_request_body.started request=<Request [b'GET']>
2025-09-22 10:07:29,232 - httpcore.http11 - DEBUG - atrace:87 - send_request_body.complete
2025-09-22 10:07:29,232 - httpcore.http11 - DEBUG - atrace:87 - receive_response_headers.started request=<Request [b'GET']>
2025-09-22 10:07:29,507 - httpcore.http11 - DEBUG - atrace:87 - receive_response_headers.complete return_value=(b'HTTP/1.1', 200, b'OK', [(b'Content-Length', b'3286'), (b'Content-Type', b'application/json;odata.metadata=minimal;odata.streaming=true;IEEE754Compatible=false;charset=utf-8'), (b'Date', b'Mon, 22 Sep 2025 04:37:30 GMT'), (b'Server', b'Microsoft-IIS/10.0'), (b'Access-Control-Allow-Headers', b'Accept, Origin, Content-Type, MaxDataServiceVersion'), (b'Access-Control-Allow-Methods', b'GET'), (b'Access-Control-Allow-Origin', b'*'), (b'Access-Control-Expose-Headers', b'DataServiceVersion'), (b'Cache-Control', b'private'), (b'Content-Encoding', b'gzip'), (b'Expires', b'Mon, 22 Sep 2025 04:38:30 GMT'), (b'Vary', b'*'), (b'X-Content-Type-Options', b'nosniff'), (b'OData-Version', b'4.0;'), (b'X-AspNet-Version', b'4.0.30319'), (b'X-Powered-By', b'ASP.NET')])
2025-09-22 10:07:29,507 - httpx - INFO - _send_single_request:1740 - HTTP Request: GET https://services.odata.org/V4/Northwind/Northwind.svc/Order_Details_Extendeds?%24skip=2000&%24top=500 "HTTP/1.1 200 OK"
2025-09-22 10:07:29,507 - httpcore.http11 - DEBUG - atrace:87 - receive_response_body.started request=<Request [b'GET']>
2025-09-22 10:07:29,507 - httpcore.http11 - DEBUG - atrace:87 - receive_response_body.complete
2025-09-22 10:07:29,507 - httpcore.http11 - DEBUG - atrace:87 - response_closed.started
2025-09-22 10:07:29,507 - httpcore.http11 - DEBUG - atrace:87 - response_closed.complete
2025-09-22 10:07:29,517 - workers.proxy_pool - INFO - _make_http_request:162 - [2m2025-09-22T04:37:29.517040Z[0m [[32m[1minfo     [0m] [1m📊 Worker successfully fetched data[0m [[0m[1m[34mworkers.proxy_pool[0m][0m [36mcommand_id[0m=[35mOrder_Details_Extendeds_page_next_2000[0m [36mentity[0m=[35mOrder_Details_Extendeds[0m [36mhas_next_page[0m=[35mTrue[0m [36mrecords_in_response[0m=[35m100[0m [36mworker_id[0m=[35mworker_2[0m
2025-09-22 10:07:29,517 - workers.proxy_pool - INFO - execute_command:85 - [2m2025-09-22T04:37:29.517040Z[0m [[32m[1minfo     [0m] [1m✅ Worker completed command successfully[0m [[0m[1m[34mworkers.proxy_pool[0m][0m [36mcommand_id[0m=[35mOrder_Details_Extendeds_page_next_2000[0m [36mentity[0m=[35mOrder_Details_Extendeds[0m [36mexecution_time_seconds[0m=[35m0.3[0m [36mhas_next_page[0m=[35mTrue[0m [36mrecords_fetched[0m=[35m100[0m [36mworker_id[0m=[35mworker_2[0m
2025-09-22 10:07:29,517 - httpcore.http11 - DEBUG - atrace:87 - receive_response_headers.complete return_value=(b'HTTP/1.1', 200, b'OK', [(b'Content-Length', b'3286'), (b'Content-Type', b'application/json;odata.metadata=minimal;odata.streaming=true;IEEE754Compatible=false;charset=utf-8'), (b'Date', b'Mon, 22 Sep 2025 04:37:30 GMT'), (b'Server', b'Microsoft-IIS/10.0'), (b'Access-Control-Allow-Headers', b'Accept, Origin, Content-Type, MaxDataServiceVersion'), (b'Access-Control-Allow-Methods', b'GET'), (b'Access-Control-Allow-Origin', b'*'), (b'Access-Control-Expose-Headers', b'DataServiceVersion'), (b'Cache-Control', b'private'), (b'Content-Encoding', b'gzip'), (b'Expires', b'Mon, 22 Sep 2025 04:38:30 GMT'), (b'Vary', b'*'), (b'X-Content-Type-Options', b'nosniff'), (b'OData-Version', b'4.0;'), (b'X-AspNet-Version', b'4.0.30319'), (b'X-Powered-By', b'ASP.NET')])
2025-09-22 10:07:29,517 - httpx - INFO - _send_single_request:1740 - HTTP Request: GET https://services.odata.org/V4/Northwind/Northwind.svc/Order_Details_Extendeds?%24skip=2000&%24top=500 "HTTP/1.1 200 OK"
2025-09-22 10:07:29,517 - httpcore.http11 - DEBUG - atrace:87 - receive_response_body.started request=<Request [b'GET']>
2025-09-22 10:07:29,517 - httpcore.http11 - DEBUG - atrace:87 - receive_response_body.complete
2025-09-22 10:07:29,517 - httpcore.http11 - DEBUG - atrace:87 - response_closed.started
2025-09-22 10:07:29,517 - httpcore.http11 - DEBUG - atrace:87 - receive_response_headers.complete return_value=(b'HTTP/1.1', 200, b'OK', [(b'Content-Length', b'219'), (b'Content-Type', b'application/json;odata.metadata=minimal;odata.streaming=true;IEEE754Compatible=false;charset=utf-8'), (b'Date', b'Mon, 22 Sep 2025 04:37:30 GMT'), (b'Server', b'Microsoft-IIS/10.0'), (b'Access-Control-Allow-Headers', b'Accept, Origin, Content-Type, MaxDataServiceVersion'), (b'Access-Control-Allow-Methods', b'GET'), (b'Access-Control-Allow-Origin', b'*'), (b'Access-Control-Expose-Headers', b'DataServiceVersion'), (b'Cache-Control', b'private'), (b'Content-Encoding', b'gzip'), (b'Expires', b'Mon, 22 Sep 2025 04:38:31 GMT'), (b'Vary', b'*'), (b'X-Content-Type-Options', b'nosniff'), (b'OData-Version', b'4.0;'), (b'X-AspNet-Version', b'4.0.30319'), (b'X-Powered-By', b'ASP.NET')])
2025-09-22 10:07:29,522 - httpx - INFO - _send_single_request:1740 - HTTP Request: GET https://services.odata.org/V4/Northwind/Northwind.svc/Order_Details_Extendeds?%24skip=2500&%24top=500 "HTTP/1.1 200 OK"
2025-09-22 10:07:29,522 - httpcore.http11 - DEBUG - atrace:87 - receive_response_body.started request=<Request [b'GET']>
2025-09-22 10:07:29,522 - httpcore.http11 - DEBUG - atrace:87 - receive_response_body.complete
2025-09-22 10:07:29,522 - httpcore.http11 - DEBUG - atrace:87 - response_closed.started
2025-09-22 10:07:29,524 - storage.transformer - INFO - transform_odata_response:96 - [2m2025-09-22T04:37:29.524702Z[0m [[32m[1minfo     [0m] [1mTransformation completed      [0m [[0m[1m[34mstorage.transformer[0m][0m [36mentity_name[0m=[35mOrder_Details_Extendeds[0m [36minput_records[0m=[35m100[0m [36moutput_records[0m=[35m100[0m
2025-09-22 10:07:29,525 - storage.local_storage - INFO - store_processed_records:131 - [2m2025-09-22T04:37:29.525344Z[0m [[32m[1minfo     [0m] [1mStoring processed records     [0m [[0m[1m[34mstorage.local_storage[0m][0m [36mentity_name[0m=[35mOrder_Details_Extendeds[0m [36mformat[0m=[35mjson[0m [36mrecord_count[0m=[35m100[0m
2025-09-22 10:07:29,525 - storage.local_storage - INFO - store_processed_records:142 - [2m2025-09-22T04:37:29.525755Z[0m [[32m[1minfo     [0m] [1mSuccessfully stored processed records[0m [[0m[1m[34mstorage.local_storage[0m][0m [36mentity_name[0m=[35mOrder_Details_Extendeds[0m [36mfile_path[0m=[35m./test_output/processed\Order_Details_Extendeds_20250922_043729.json[0m [36mrecord_count[0m=[35m100[0m
2025-09-22 10:07:29,529 - storage.local_storage - INFO - store_raw_response:83 - [2m2025-09-22T04:37:29.529540Z[0m [[32m[1minfo     [0m] [1mSuccessfully stored raw data  [0m [[0m[1m[34mstorage.local_storage[0m][0m [36mentity_name[0m=[35mOrder_Details_Extendeds[0m [36mfile_path[0m=[35m./test_output/raw\Order_Details_Extendeds\2025/09/22\04\Order_Details_Extendeds_page_next_2000.json[0m [36msize_bytes[0m=[35m22381[0m
2025-09-22 10:07:29,530 - httpcore.http11 - DEBUG - atrace:87 - response_closed.complete
2025-09-22 10:07:29,530 - workers.proxy_pool - INFO - _make_http_request:162 - [2m2025-09-22T04:37:29.530972Z[0m [[32m[1minfo     [0m] [1m📊 Worker successfully fetched data[0m [[0m[1m[34mworkers.proxy_pool[0m][0m [36mcommand_id[0m=[35mOrder_Details_Extendeds_page_next_2000[0m [36mentity[0m=[35mOrder_Details_Extendeds[0m [36mhas_next_page[0m=[35mTrue[0m [36mrecords_in_response[0m=[35m100[0m [36mworker_id[0m=[35mworker_0[0m
2025-09-22 10:07:29,530 - workers.proxy_pool - INFO - execute_command:85 - [2m2025-09-22T04:37:29.530972Z[0m [[32m[1minfo     [0m] [1m✅ Worker completed command successfully[0m [[0m[1m[34mworkers.proxy_pool[0m][0m [36mcommand_id[0m=[35mOrder_Details_Extendeds_page_next_2000[0m [36mentity[0m=[35mOrder_Details_Extendeds[0m [36mexecution_time_seconds[0m=[35m0.33[0m [36mhas_next_page[0m=[35mTrue[0m [36mrecords_fetched[0m=[35m100[0m [36mworker_id[0m=[35mworker_0[0m
2025-09-22 10:07:29,530 - workers.proxy_pool - INFO - _worker_loop:363 - [2m2025-09-22T04:37:29.530972Z[0m [[32m[1minfo     [0m] [1m📋 Worker picked up command from queue[0m [[0m[1m[34mworkers.proxy_pool[0m][0m [36mcommand_id[0m=[35mOrder_Details_Extendeds_page_next_2500[0m [36mentity[0m=[35mOrder_Details_Extendeds[0m [36mqueue_size_after_pickup[0m=[35m0[0m [36mworker_id[0m=[35mworker_0[0m [36mworker_status[0m=[35mPROCESSING[0m
2025-09-22 10:07:29,530 - workers.proxy_pool - INFO - execute_command:51 - [2m2025-09-22T04:37:29.530972Z[0m [[32m[1minfo     [0m] [1m🚀 Worker starting command execution[0m [[0m[1m[34mworkers.proxy_pool[0m][0m [36mcommand_id[0m=[35mOrder_Details_Extendeds_page_next_2500[0m [36mcommand_type[0m=[35mfetch_page[0m [36mentity[0m=[35mOrder_Details_Extendeds[0m [36mpriority[0m=[35m1[0m [36mretry_count[0m=[35m0[0m [36mskip[0m=[35m2500[0m [36mtop[0m=[35m500[0m [36mworker_id[0m=[35mworker_0[0m
2025-09-22 10:07:29,532 - workers.proxy_pool - INFO - execute_command:74 - [2m2025-09-22T04:37:29.532981Z[0m [[32m[1minfo     [0m] [1m🔄 Worker executing request with resilience patterns[0m [[0m[1m[34mworkers.proxy_pool[0m][0m [36mcircuit_breaker_state[0m=[35mclosed[0m [36mcommand_id[0m=[35mOrder_Details_Extendeds_page_next_2500[0m [36mworker_id[0m=[35mworker_0[0m
2025-09-22 10:07:29,532 - httpcore.http11 - DEBUG - atrace:87 - response_closed.complete
2025-09-22 10:07:29,532 - workers.proxy_pool - INFO - _make_http_request:162 - [2m2025-09-22T04:37:29.532981Z[0m [[32m[1minfo     [0m] [1m📊 Worker successfully fetched data[0m [[0m[1m[34mworkers.proxy_pool[0m][0m [36mcommand_id[0m=[35mOrder_Details_Extendeds_page_next_2500[0m [36mentity[0m=[35mOrder_Details_Extendeds[0m [36mhas_next_page[0m=[35mFalse[0m [36mrecords_in_response[0m=[35m0[0m [36mworker_id[0m=[35mworker_1[0m
2025-09-22 10:07:29,534 - workers.proxy_pool - INFO - execute_command:85 - [2m2025-09-22T04:37:29.534118Z[0m [[32m[1minfo     [0m] [1m✅ Worker completed command successfully[0m [[0m[1m[34mworkers.proxy_pool[0m][0m [36mcommand_id[0m=[35mOrder_Details_Extendeds_page_next_2500[0m [36mentity[0m=[35mOrder_Details_Extendeds[0m [36mexecution_time_seconds[0m=[35m0.3[0m [36mhas_next_page[0m=[35mFalse[0m [36mrecords_fetched[0m=[35m0[0m [36mworker_id[0m=[35mworker_1[0m
2025-09-22 10:07:29,534 - storage.transformer - INFO - transform_odata_response:96 - [2m2025-09-22T04:37:29.534118Z[0m [[32m[1minfo     [0m] [1mTransformation completed      [0m [[0m[1m[34mstorage.transformer[0m][0m [36mentity_name[0m=[35mOrder_Details_Extendeds[0m [36minput_records[0m=[35m100[0m [36moutput_records[0m=[35m100[0m
2025-09-22 10:07:29,534 - storage.local_storage - INFO - store_processed_records:131 - [2m2025-09-22T04:37:29.534118Z[0m [[32m[1minfo     [0m] [1mStoring processed records     [0m [[0m[1m[34mstorage.local_storage[0m][0m [36mentity_name[0m=[35mOrder_Details_Extendeds[0m [36mformat[0m=[35mjson[0m [36mrecord_count[0m=[35m100[0m
2025-09-22 10:07:29,534 - storage.local_storage - INFO - store_processed_records:142 - [2m2025-09-22T04:37:29.534118Z[0m [[32m[1minfo     [0m] [1mSuccessfully stored processed records[0m [[0m[1m[34mstorage.local_storage[0m][0m [36mentity_name[0m=[35mOrder_Details_Extendeds[0m [36mfile_path[0m=[35m./test_output/processed\Order_Details_Extendeds_20250922_043729.json[0m [36mrecord_count[0m=[35m100[0m
2025-09-22 10:07:29,537 - storage.local_storage - INFO - store_raw_response:83 - [2m2025-09-22T04:37:29.537406Z[0m [[32m[1minfo     [0m] [1mSuccessfully stored raw data  [0m [[0m[1m[34mstorage.local_storage[0m][0m [36mentity_name[0m=[35mOrder_Details_Extendeds[0m [36mfile_path[0m=[35m./test_output/raw\Order_Details_Extendeds\2025/09/22\04\Order_Details_Extendeds_page_next_2000.json[0m [36msize_bytes[0m=[35m22381[0m
2025-09-22 10:07:29,538 - storage.transformer - WARNING - transform_odata_response:67 - [2m2025-09-22T04:37:29.538358Z[0m [[33m[1mwarning  [0m] [1mNo records found in response  [0m [[0m[1m[34mstorage.transformer[0m][0m [36mentity_name[0m=[35mOrder_Details_Extendeds[0m
2025-09-22 10:07:29,538 - httpcore.http11 - DEBUG - atrace:87 - send_request_headers.started request=<Request [b'GET']>
2025-09-22 10:07:29,539 - workers.proxy_pool - INFO - _worker_loop:363 - [2m2025-09-22T04:37:29.538813Z[0m [[32m[1minfo     [0m] [1m📋 Worker picked up command from queue[0m [[0m[1m[34mworkers.proxy_pool[0m][0m [36mcommand_id[0m=[35mOrder_Details_Extendeds_page_next_2500[0m [36mentity[0m=[35mOrder_Details_Extendeds[0m [36mqueue_size_after_pickup[0m=[35m0[0m [36mworker_id[0m=[35mworker_1[0m [36mworker_status[0m=[35mPROCESSING[0m
2025-09-22 10:07:29,539 - workers.proxy_pool - INFO - execute_command:51 - [2m2025-09-22T04:37:29.539300Z[0m [[32m[1minfo     [0m] [1m🚀 Worker starting command execution[0m [[0m[1m[34mworkers.proxy_pool[0m][0m [36mcommand_id[0m=[35mOrder_Details_Extendeds_page_next_2500[0m [36mcommand_type[0m=[35mfetch_page[0m [36mentity[0m=[35mOrder_Details_Extendeds[0m [36mpriority[0m=[35m1[0m [36mretry_count[0m=[35m0[0m [36mskip[0m=[35m2500[0m [36mtop[0m=[35m500[0m [36mworker_id[0m=[35mworker_1[0m
2025-09-22 10:07:29,539 - workers.proxy_pool - INFO - execute_command:74 - [2m2025-09-22T04:37:29.539300Z[0m [[32m[1minfo     [0m] [1m🔄 Worker executing request with resilience patterns[0m [[0m[1m[34mworkers.proxy_pool[0m][0m [36mcircuit_breaker_state[0m=[35mclosed[0m [36mcommand_id[0m=[35mOrder_Details_Extendeds_page_next_2500[0m [36mworker_id[0m=[35mworker_1[0m
2025-09-22 10:07:29,540 - httpcore.http11 - DEBUG - atrace:87 - send_request_headers.complete
2025-09-22 10:07:29,540 - httpcore.http11 - DEBUG - atrace:87 - send_request_body.started request=<Request [b'GET']>
2025-09-22 10:07:29,540 - httpcore.http11 - DEBUG - atrace:87 - send_request_body.complete
2025-09-22 10:07:29,540 - httpcore.http11 - DEBUG - atrace:87 - receive_response_headers.started request=<Request [b'GET']>
2025-09-22 10:07:29,540 - httpcore.http11 - DEBUG - atrace:87 - send_request_headers.started request=<Request [b'GET']>
2025-09-22 10:07:29,540 - httpcore.http11 - DEBUG - atrace:87 - send_request_headers.complete
2025-09-22 10:07:29,540 - httpcore.http11 - DEBUG - atrace:87 - send_request_body.started request=<Request [b'GET']>
2025-09-22 10:07:29,540 - httpcore.http11 - DEBUG - atrace:87 - send_request_body.complete
2025-09-22 10:07:29,540 - httpcore.http11 - DEBUG - atrace:87 - receive_response_headers.started request=<Request [b'GET']>
2025-09-22 10:07:29,816 - httpcore.http11 - DEBUG - atrace:87 - receive_response_headers.complete return_value=(b'HTTP/1.1', 200, b'OK', [(b'Content-Length', b'219'), (b'Content-Type', b'application/json;odata.metadata=minimal;odata.streaming=true;IEEE754Compatible=false;charset=utf-8'), (b'Date', b'Mon, 22 Sep 2025 04:37:31 GMT'), (b'Server', b'Microsoft-IIS/10.0'), (b'Access-Control-Allow-Headers', b'Accept, Origin, Content-Type, MaxDataServiceVersion'), (b'Access-Control-Allow-Methods', b'GET'), (b'Access-Control-Allow-Origin', b'*'), (b'Access-Control-Expose-Headers', b'DataServiceVersion'), (b'Cache-Control', b'private'), (b'Content-Encoding', b'gzip'), (b'Expires', b'Mon, 22 Sep 2025 04:38:31 GMT'), (b'Vary', b'*'), (b'X-Content-Type-Options', b'nosniff'), (b'OData-Version', b'4.0;'), (b'X-AspNet-Version', b'4.0.30319'), (b'X-Powered-By', b'ASP.NET')])
2025-09-22 10:07:29,816 - httpx - INFO - _send_single_request:1740 - HTTP Request: GET https://services.odata.org/V4/Northwind/Northwind.svc/Order_Details_Extendeds?%24skip=2500&%24top=500 "HTTP/1.1 200 OK"
2025-09-22 10:07:29,816 - httpcore.http11 - DEBUG - atrace:87 - receive_response_body.started request=<Request [b'GET']>
2025-09-22 10:07:29,819 - httpcore.http11 - DEBUG - atrace:87 - receive_response_body.complete
2025-09-22 10:07:29,819 - httpcore.http11 - DEBUG - atrace:87 - response_closed.started
2025-09-22 10:07:29,819 - httpcore.http11 - DEBUG - atrace:87 - receive_response_headers.complete return_value=(b'HTTP/1.1', 200, b'OK', [(b'Content-Length', b'219'), (b'Content-Type', b'application/json;odata.metadata=minimal;odata.streaming=true;IEEE754Compatible=false;charset=utf-8'), (b'Date', b'Mon, 22 Sep 2025 04:37:31 GMT'), (b'Server', b'Microsoft-IIS/10.0'), (b'Access-Control-Allow-Headers', b'Accept, Origin, Content-Type, MaxDataServiceVersion'), (b'Access-Control-Allow-Methods', b'GET'), (b'Access-Control-Allow-Origin', b'*'), (b'Access-Control-Expose-Headers', b'DataServiceVersion'), (b'Cache-Control', b'private'), (b'Content-Encoding', b'gzip'), (b'Expires', b'Mon, 22 Sep 2025 04:38:31 GMT'), (b'Vary', b'*'), (b'X-Content-Type-Options', b'nosniff'), (b'OData-Version', b'4.0;'), (b'X-AspNet-Version', b'4.0.30319'), (b'X-Powered-By', b'ASP.NET')])
2025-09-22 10:07:29,819 - httpx - INFO - _send_single_request:1740 - HTTP Request: GET https://services.odata.org/V4/Northwind/Northwind.svc/Order_Details_Extendeds?%24skip=2500&%24top=500 "HTTP/1.1 200 OK"
2025-09-22 10:07:29,819 - httpcore.http11 - DEBUG - atrace:87 - receive_response_body.started request=<Request [b'GET']>
2025-09-22 10:07:29,819 - httpcore.http11 - DEBUG - atrace:87 - receive_response_body.complete
2025-09-22 10:07:29,819 - httpcore.http11 - DEBUG - atrace:87 - response_closed.started
2025-09-22 10:07:29,819 - httpcore.http11 - DEBUG - atrace:87 - response_closed.complete
2025-09-22 10:07:29,822 - workers.proxy_pool - INFO - _make_http_request:162 - [2m2025-09-22T04:37:29.822413Z[0m [[32m[1minfo     [0m] [1m📊 Worker successfully fetched data[0m [[0m[1m[34mworkers.proxy_pool[0m][0m [36mcommand_id[0m=[35mOrder_Details_Extendeds_page_next_2500[0m [36mentity[0m=[35mOrder_Details_Extendeds[0m [36mhas_next_page[0m=[35mFalse[0m [36mrecords_in_response[0m=[35m0[0m [36mworker_id[0m=[35mworker_1[0m
2025-09-22 10:07:29,823 - workers.proxy_pool - INFO - execute_command:85 - [2m2025-09-22T04:37:29.823180Z[0m [[32m[1minfo     [0m] [1m✅ Worker completed command successfully[0m [[0m[1m[34mworkers.proxy_pool[0m][0m [36mcommand_id[0m=[35mOrder_Details_Extendeds_page_next_2500[0m [36mentity[0m=[35mOrder_Details_Extendeds[0m [36mexecution_time_seconds[0m=[35m0.3[0m [36mhas_next_page[0m=[35mFalse[0m [36mrecords_fetched[0m=[35m0[0m [36mworker_id[0m=[35mworker_1[0m
2025-09-22 10:07:29,823 - httpcore.http11 - DEBUG - atrace:87 - response_closed.complete
2025-09-22 10:07:29,824 - workers.proxy_pool - INFO - _make_http_request:162 - [2m2025-09-22T04:37:29.823180Z[0m [[32m[1minfo     [0m] [1m📊 Worker successfully fetched data[0m [[0m[1m[34mworkers.proxy_pool[0m][0m [36mcommand_id[0m=[35mOrder_Details_Extendeds_page_next_2500[0m [36mentity[0m=[35mOrder_Details_Extendeds[0m [36mhas_next_page[0m=[35mFalse[0m [36mrecords_in_response[0m=[35m0[0m [36mworker_id[0m=[35mworker_0[0m
2025-09-22 10:07:29,824 - workers.proxy_pool - INFO - execute_command:85 - [2m2025-09-22T04:37:29.824721Z[0m [[32m[1minfo     [0m] [1m✅ Worker completed command successfully[0m [[0m[1m[34mworkers.proxy_pool[0m][0m [36mcommand_id[0m=[35mOrder_Details_Extendeds_page_next_2500[0m [36mentity[0m=[35mOrder_Details_Extendeds[0m [36mexecution_time_seconds[0m=[35m0.3[0m [36mhas_next_page[0m=[35mFalse[0m [36mrecords_fetched[0m=[35m0[0m [36mworker_id[0m=[35mworker_0[0m
2025-09-22 10:07:29,826 - storage.transformer - WARNING - transform_odata_response:67 - [2m2025-09-22T04:37:29.826502Z[0m [[33m[1mwarning  [0m] [1mNo records found in response  [0m [[0m[1m[34mstorage.transformer[0m][0m [36mentity_name[0m=[35mOrder_Details_Extendeds[0m
2025-09-22 10:07:29,827 - storage.transformer - WARNING - transform_odata_response:67 - [2m2025-09-22T04:37:29.827065Z[0m [[33m[1mwarning  [0m] [1mNo records found in response  [0m [[0m[1m[34mstorage.transformer[0m][0m [36mentity_name[0m=[35mOrder_Details_Extendeds[0m
2025-09-22 10:07:31,440 - connector - INFO - _execution_phase:232 - [2m2025-09-22T04:37:31.440360Z[0m [[32m[1minfo     [0m] [1mExecution phase completed     [0m [[0m[1m[34mconnector[0m][0m
2025-09-22 10:07:31,441 - connector - INFO - _completion_phase:267 - [2m2025-09-22T04:37:31.441107Z[0m [[32m[1minfo     [0m] [1mStarting completion phase     [0m [[0m[1m[34mconnector[0m][0m
2025-09-22 10:07:31,441 - workers.proxy_pool - INFO - stop:306 - [2m2025-09-22T04:37:31.441107Z[0m [[32m[1minfo     [0m] [1mStopping proxy pool           [0m [[0m[1m[34mworkers.proxy_pool[0m][0m
2025-09-22 10:07:31,443 - workers.proxy_pool - INFO - _worker_loop:392 - [2m2025-09-22T04:37:31.441107Z[0m [[32m[1minfo     [0m] [1m🛑 Worker cancelled            [0m [[0m[1m[34mworkers.proxy_pool[0m][0m [36mworker_id[0m=[35mworker_0[0m [36mworker_status[0m=[35mCANCELLED[0m
2025-09-22 10:07:31,443 - workers.proxy_pool - INFO - _worker_loop:406 - [2m2025-09-22T04:37:31.443161Z[0m [[32m[1minfo     [0m] [1m🔴 Worker stopped              [0m [[0m[1m[34mworkers.proxy_pool[0m][0m [36mfinal_stats[0m=[35m{'requests_processed': 20, 'requests_failed': 0, 'requests_retried': 0}[0m [36mworker_id[0m=[35mworker_0[0m [36mworker_status[0m=[35mSTOPPED[0m
2025-09-22 10:07:31,444 - workers.proxy_pool - INFO - _worker_loop:392 - [2m2025-09-22T04:37:31.444792Z[0m [[32m[1minfo     [0m] [1m🛑 Worker cancelled            [0m [[0m[1m[34mworkers.proxy_pool[0m][0m [36mworker_id[0m=[35mworker_1[0m [36mworker_status[0m=[35mCANCELLED[0m
2025-09-22 10:07:31,445 - workers.proxy_pool - INFO - _worker_loop:406 - [2m2025-09-22T04:37:31.444792Z[0m [[32m[1minfo     [0m] [1m🔴 Worker stopped              [0m [[0m[1m[34mworkers.proxy_pool[0m][0m [36mfinal_stats[0m=[35m{'requests_processed': 21, 'requests_failed': 0, 'requests_retried': 0}[0m [36mworker_id[0m=[35mworker_1[0m [36mworker_status[0m=[35mSTOPPED[0m
2025-09-22 10:07:31,445 - workers.proxy_pool - INFO - _worker_loop:392 - [2m2025-09-22T04:37:31.445807Z[0m [[32m[1minfo     [0m] [1m🛑 Worker cancelled            [0m [[0m[1m[34mworkers.proxy_pool[0m][0m [36mworker_id[0m=[35mworker_2[0m [36mworker_status[0m=[35mCANCELLED[0m
2025-09-22 10:07:31,445 - workers.proxy_pool - INFO - _worker_loop:406 - [2m2025-09-22T04:37:31.445807Z[0m [[32m[1minfo     [0m] [1m🔴 Worker stopped              [0m [[0m[1m[34mworkers.proxy_pool[0m][0m [36mfinal_stats[0m=[35m{'requests_processed': 25, 'requests_failed': 0, 'requests_retried': 0}[0m [36mworker_id[0m=[35mworker_2[0m [36mworker_status[0m=[35mSTOPPED[0m
2025-09-22 10:07:31,448 - httpcore.connection - DEBUG - atrace:87 - close.started
2025-09-22 10:07:31,448 - httpcore.connection - DEBUG - atrace:87 - close.complete
2025-09-22 10:07:31,448 - httpcore.connection - DEBUG - atrace:87 - close.started
2025-09-22 10:07:31,448 - httpcore.connection - DEBUG - atrace:87 - close.complete
2025-09-22 10:07:31,448 - httpcore.connection - DEBUG - atrace:87 - close.started
2025-09-22 10:07:31,448 - httpcore.connection - DEBUG - atrace:87 - close.complete
2025-09-22 10:07:31,448 - workers.proxy_pool - INFO - stop:324 - [2m2025-09-22T04:37:31.448381Z[0m [[32m[1minfo     [0m] [1mProxy pool stopped            [0m [[0m[1m[34mworkers.proxy_pool[0m][0m
2025-09-22 10:07:31,448 - connector - INFO - _completion_phase:276 - [2m2025-09-22T04:37:31.448381Z[0m [[32m[1minfo     [0m] [1mCompletion phase finished     [0m [[0m[1m[34mconnector[0m][0m [36mdlq_failures[0m=[35m0[0m
2025-09-22 10:07:31,451 - connector - INFO - run:169 - [2m2025-09-22T04:37:31.451951Z[0m [[32m[1minfo     [0m] [1mConnector execution completed successfully[0m [[0m[1m[34mconnector[0m][0m [36mduration[0m=[35m27.12542[0m [36mentities_processed[0m=[35m0[0m [36mrecords_processed[0m=[35m6706[0m
2025-09-22 10:07:31,453 - connector - INFO - _cleanup:412 - [2m2025-09-22T04:37:31.453057Z[0m [[32m[1minfo     [0m] [1mCleaning up connector resources[0m [[0m[1m[34mconnector[0m][0m
